q,i,ask_leading_minus_current,bid_leading_minus_current
-30,-6.0,0.03383110205235773,-0.032224743064892536
-30,-5.95,0.036407840346678766,-0.03467268045163818
-30,-5.9,0.03914024105231051,-0.03726851250807628
-30,-5.85,0.04203613472515566,-0.04001968645434384
-30,-5.8,0.04510368478144222,-0.042933965701383414
-30,-5.75,0.04835138614166157,-0.04601942858032393
-30,-5.7,0.05178806168998773,-0.04928446500141637
-30,-5.65,0.05542285636631372,-0.05273777086800502
-30,-5.6,0.059265228683472615,-0.05638834004778048
-30,-5.55,0.06332493943696871,-0.06024545367967926
-30,-5.5,0.06761203734895871,-0.06431866657059748
-30,-5.45,0.07213684136269538,-0.06861779041196114
-30,-5.4,0.07690991927848823,-0.07315287352237831
-30,-5.35,0.08194206239781165,-0.07793417679952541
-30,-5.3,0.08724425581867801,-0.08297214554218502
-30,-5.25,0.09282764400332721,-0.08827737678248804
-30,-5.2,0.09870349121882938,-0.0938605817490985
-30,-5.15,0.10488313643290326,-0.09973254306480017
-30,-5.1,0.11137794223158082,-0.10590406626716953
-30,-5.05,0.11819923731273485,-0.11238592522913504
-30,-5.0,0.12535825210077023,-0.11918880104807794
-30,-4.95,0.13286604702348626,-0.12632321396813717
-30,-4.9,0.1407334329932608,-0.13379944790160647
-30,-4.85,0.14897088364213174,-0.14162746712246443
-30,-4.8,0.15758843887524765,-0.1498168247193432
-30,-4.75,0.16659559933072965,-0.1583765624177469
-30,-4.7,0.17600121136755276,-0.16731510141329275
-30,-4.65,0.18581334224837842,-0.17664012390089645
-30,-4.6,0.19603914524274035,-0.186358445040412
-30,-4.55,0.20668471444988457,-0.19647587516945098
-30,-4.5,0.21775492923149065,-0.2069970721604646
-30,-4.45,0.22925328825515456,-0.2179253839241967
-30,-4.4,0.24118173328175063,-0.22926268118708704
-30,-4.35,0.2535404629865009,-0.24100918081882405
-30,-4.3,0.26632773728699477,-0.2531632601601409
-30,-4.25,0.27953967286434145,-0.2657212630027559
-30,-4.2,0.29317003080833726,-0.27867729810521014
-30,-4.15,0.3072099975967574,-0.29202303139280705
-30,-4.1,0.3216479609342826,-0.30574747328853713
-30,-4.05,0.3364692823302132,-0.31983676295663777
-30,-4.0,0.351656068686826,-0.3342739516120993
-30,-3.9499999999999997,0.3671869456022909,-0.3490387874582782
-30,-3.9,0.3830368355625102,-0.3641075052598074
-30,-3.85,0.39917674470270037,-0.3794526240370517
-30,-3.8,0.4155735623578515,-0.39504275687744517
-30,-3.75,0.4321898781848096,-0.41084243739196913
-30,-3.6999999999999997,0.4489838222187299,-0.42681196789342524
-30,-3.65,0.4659089338106628,-0.4429072949252715
-30,-3.5999999999999996,0.48291406596540665,-0.45907991831089723
-30,-3.55,0.4999433321396196,-0.4752768404045328
-30,-3.5,0.5169361030453213,-0.49144056268369773
-30,-3.4499999999999997,0.5338270614046493,-0.5075091372021242
-30,-3.4,0.5505463228842615,-0.5234162806895603
-30,-3.3499999999999996,0.5670196315640755,-0.5390915592048882
-30,-3.3,0.5831686382224903,-0.5544606511814394
-30,-3.25,0.598911269403217,-0.5694456964051037
-30,-3.1999999999999997,0.6141621946190197,-0.5839657378913771
-30,-3.15,0.6288333980970215,-0.5979372627313951
-30,-3.0999999999999996,0.6428348601321274,-0.6112748467154044
-30,-3.05,0.6560753513486052,-0.6238919058762575
-30,-3.0,0.6684633409423912,-0.635701555994643
-30,-2.9499999999999997,0.6799080172692269,-0.6466175785538476
-30,-2.9,0.6903204159551316,-0.6565554886236272
-30,-2.8499999999999996,0.6996146470582021,-0.6654336967110346
-30,-2.8,0.7077092087550001,-0.6731747527883245
-30,-2.75,0.7145283706450032,-0.6797066565734556
-30,-2.6999999999999997,0.7200036051841695,-0.6849642138112649
-30,-2.65,0.7240750411351966,-0.688890413935134
-30,-2.5999999999999996,0.7266929084587773,-0.6914378002691384
-30,-2.55,0.727818940006173,-0.6925698000843189
-30,-2.5,0.7274276919784233,-0.6922619786036129
-30,-2.4499999999999997,0.7255077426812865,-0.6905031787311818
-30,-2.4,0.7220627279220913,-0.6872965071407863
-30,-2.3499999999999996,0.717112171743885,-0.6826601276575927
-30,-2.3,0.7106920733127523,-0.6766278248342702
-30,-2.25,0.702855214838436,-0.6692493044190468
-30,-2.1999999999999997,0.6936711614942187,-0.6605902031153709
-30,-2.15,0.6832259323671156,-0.6507317876022124
-30,-2.0999999999999996,0.6716213313301626,-0.6397703320503779
-30,-2.05,0.6589739380483207,-0.6278161740193474
-30,-2.0,0.6454137716184025,-0.6149924601928038
-30,-1.9500000000000002,0.6310826519722776,-0.6014336053195624
-30,-1.8999999999999995,0.616132296402975,-0.5872834992771115
-30,-1.8499999999999996,0.6007221996003653,-0.572693507610966
-30,-1.7999999999999998,0.5850173545913828,-0.5578203194566396
-30,-1.75,0.5691858782030514,-0.5428237026987972
-30,-1.7000000000000002,0.5533966074484595,-0.5278642289415475
-30,-1.6499999999999995,0.5378167320824916,-0.5131010298829364
-30,-1.5999999999999996,0.5226095231942909,-0.49868964172162894
-30,-1.5499999999999998,0.5079322080350429,-0.48477998520426874
-30,-1.5,0.4939340275022497,-0.4715145160040159
-30,-1.4500000000000002,0.4807544952443077,-0.4590265636951643
-30,-1.3999999999999995,0.4685218569005387,-0.4474388582928241
-30,-1.3499999999999996,0.45735172552649794,-0.43686222207116693
-30,-1.2999999999999998,0.44734584608048467,-0.4273943823903875
-30,-1.25,0.43859091967970776,-0.4191188401755272
-30,-1.1999999999999993,0.431157399380405,-0.41210371059856604
-30,-1.1499999999999995,0.4250981562670805,-0.40640044006203074
-30,-1.0999999999999996,0.4204469110042576,-0.40204229996927815
-30,-1.0499999999999998,0.41721633554341797,-0.39904256665671595
-30,-1.0,0.41539575642456106,-0.3973923221116199
-30,-0.9499999999999993,0.41494843878640286,-0.39705785525506354
-30,-0.8999999999999995,0.4158085014148215,-0.39797771111793234
-30,-0.8499999999999996,0.417877608370244,-0.40005952559744806
-30,-0.7999999999999998,0.4210216990036316,-0.4031768938320066
-30,-0.75,0.42506814790557557,-0.40716664332387387
-30,-0.6999999999999993,0.4298038762189237,-0.41182700609699463
-30,-0.6499999999999995,0.4349750461529327,-0.41691728876646483
-30,-0.5999999999999996,0.44028903574664624,-0.4221597010723047
-30,-0.5499999999999998,0.4454193805927852,-0.4272439935562068
-30,-0.5,0.45001425161952,-0.4318354437966795
-30,-0.4499999999999993,0.4537087857179737,-0.4355864922952286
-30,-0.39999999999999947,0.45614118461568387,-0.43815195040195254
-30,-0.34999999999999964,0.4569719572228088,-0.43920719348871584
-30,-0.2999999999999998,0.4559050494205821,-0.438468157932727
-30,-0.25,0.4527089772546957,-0.4357113690531902
-30,-0.1999999999999993,0.4472355938699626,-0.4307917695416139
-30,-0.14999999999999947,0.43943393999182256,-0.423655946741042
-30,-0.09999999999999964,0.4293568941888968,-0.4143486053533967
-30,-0.04999999999999982,0.41715911328577415,-0.40301085676667403
-30,0.0,0.4030859608727584,-0.38987002772938933
-30,0.05000000000000071,0.38745453741616176,-0.375222018502411
-30,0.10000000000000053,0.3706292175789203,-0.3594084535695743
-30,0.15000000000000036,0.35299493446969055,-0.3427916531479622
-30,0.20000000000000018,0.33493161063780685,-0.32573060858885167
-30,0.25,0.316792607162498,-0.30856065521917764
-30,0.3000000000000007,0.29888903355059093,-0.29157857805578424
-30,0.35000000000000053,0.2814805436343246,-0.27503374996326546
-30,0.40000000000000036,0.26477215104873,-0.2591248824537916
-30,0.4500000000000002,0.24891584920889653,-0.24400126935535038
-30,0.5,0.2340154898165212,-0.22976709300211506
-30,0.5500000000000007,0.22013340953104787,-0.21648739361274694
-30,0.6000000000000005,0.20729757220327838,-0.20419455907598305
-30,0.6500000000000004,0.19550837509777752,-0.192894544902255
-30,0.7000000000000002,0.1847446401779731,-0.18257237861475817
-30,0.75,0.17496860921332447,-0.1731967774960459
-30,0.8000000000000007,0.16612996079093723,-0.16472389187093717
-30,0.8500000000000005,0.15816897545856667,-0.15710028499107453
-30,0.9000000000000004,0.15101901496125603,-0.1502652965245037
-30,0.9500000000000002,0.1446084789908002,-0.14415293407042817
-30,1.0,0.13886238004417084,-0.13869341644010458
-30,1.0500000000000007,0.13370364872364826,-0.13381446730651203
-30,1.1000000000000005,0.12905425591329234,-0.12944243524605703
-30,1.1500000000000004,0.12483621727370808,-0.12550329828069962
-30,1.2000000000000002,0.12097252888932752,-0.12192359707215883
-30,1.25,0.1173880689890221,-0.11863132919258867
-30,1.3000000000000007,0.11401048784357437,-0.1155568258312436
-30,1.3500000000000005,0.11077109533581453,-0.11263362105795505
-30,1.4000000000000004,0.10760574324985583,-0.10979931234444185
-30,1.4500000000000002,0.10445568764168156,-0.10699640007980893
-30,1.5,0.10126840669148152,-0.10417308428172412
-30,1.5500000000000007,0.09799834219195436,-0.10128398960545004
-30,1.6000000000000005,0.09460752907363679,-0.09829078588177698
-30,1.6500000000000004,0.09106607750968276,-0.09516267119801958
-30,1.7000000000000002,0.08735247613945685,-0.09187668797135529
-30,1.75,0.08345369233964517,-0.08841784913758133
-30,1.8000000000000007,0.07936505544500827,-0.08477906074249253
-30,1.8500000000000005,0.07508992034212802,-0.08096083790718289
-30,1.9000000000000004,0.07063912079942858,-0.07697082227931129
-30,1.9500000000000002,0.06603023316450773,-0.07282311964880361
-30,2.0,0.061286680715967545,-0.0685374855076526
-30,2.0500000000000007,0.056436716295456435,-0.06413839329676474
-30,2.0999999999999996,0.05151232543995743,-0.05965402449777146
-30,2.1500000000000004,0.04654809394685788,-0.055115221455565244
-30,2.200000000000001,0.041580082762647574,-0.05055444296913869
-30,2.25,0.03664474963529418,-0.04600475958013428
-30,2.3000000000000007,0.03177795160905994,-0.041498920581908294
-30,2.3499999999999996,0.027014055752407007,-0.037068518609313816
-30,2.4000000000000004,0.022385178097406033,-0.03274327081249906
-30,2.450000000000001,0.017920563199141704,-0.02855042859579049
-30,2.5,0.013646109484437119,-0.024514321171940523
-30,2.5500000000000007,0.00958403903503724,-0.020656032103080868
-30,2.5999999999999996,0.0057527049103152095,-0.016993202825557052
-30,2.6500000000000004,0.002166524713832274,-0.01353995303359845
-30,2.700000000000001,-0.0011639741008711013,-0.01030690477749907
-30,2.75,-0.004232013739815521,-0.007301295187299495
-30,2.8000000000000007,-0.007034347937127983,-0.0045271617732236535
-30,2.8499999999999996,-0.009570983796454602,-0.0019855841486888792
-30,2.9000000000000004,-0.011844860537794322,0.00032503338390732495
-30,2.950000000000001,-0.013861500824609685,0.002408652812331713
-30,3.0,-0.01562864868288738,0.004271279874795031
-30,3.0500000000000007,-0.017155906111467,0.005920639171484332
-30,3.0999999999999996,-0.018454378457345655,0.007365856243074287
-30,3.1500000000000004,-0.019536336603132476,0.008617154073371047
-30,3.200000000000001,-0.020414902074016084,0.009685569692110985
-30,3.25,-0.02110375938264042,0.010582694909792245
-30,3.3000000000000007,-0.021616898334769985,0.011320443749053943
-30,3.3499999999999996,-0.02196838764055231,0.011910847869021968
-30,3.4000000000000004,-0.022172180024285115,0.012365880218435876
-30,3.450000000000001,-0.02224194809639579,0.012697306297419608
-30,3.5,-0.022190949532604698,0.012916561745168753
-30,3.5500000000000007,-0.022031919578390458,0.01303465448465424
-30,3.6000000000000014,-0.02177698853958443,0.013062089325265536
-30,3.6500000000000004,-0.021437621708281895,0.013008812727885122
-30,3.700000000000001,-0.021024579082671302,0.012884175351990379
-30,3.75,-0.02054789224655096,0.012696910009064144
-30,3.8000000000000007,-0.020016855857453386,0.012455122721324319
-30,3.8500000000000014,-0.019440031331711793,0.012166294711013936
-30,3.9000000000000004,-0.018825260493641416,0.011837293307950691
-30,3.950000000000001,-0.018179687159582514,0.011474389948117558
-30,4.0,-0.017509784843905862,0.011083283632882246
-30,4.050000000000001,-0.016821388993750297,0.010669128418091756
-30,4.100000000000001,-0.016119732374576756,0.010236563698001522
-30,4.15,-0.015409482434240118,0.009789746235618235
-30,4.200000000000001,-0.014694779665152424,0.009332383065081551
-30,4.25,-0.013979276159758136,0.008867764550781754
-30,4.300000000000001,-0.013266173712644047,0.00839879703085078
-30,4.350000000000001,-0.012558260962537204,0.007928034598924771
-30,4.4,-0.01185794918947014,0.007457709687996861
-30,4.450000000000001,-0.011167306487214645,0.006989762214222761
-30,4.5,-0.010488090119783244,0.006525867117992412
-30,4.550000000000001,-0.00982177694463271,0.00606746020535498
-30,4.600000000000001,-0.009169591845655134,0.005615762246510503
-30,4.65,-0.00853253416758104,0.005171801330944525
-30,4.700000000000001,-0.007911402181557392,0.004736433512084304
-30,4.75,-0.007306815640772513,0.004310361799591433
-30,4.800000000000001,-0.0067192365064707715,0.0038941535757719414
-30,4.850000000000001,-0.006148987939765149,0.003488256525093547
-30,4.9,-0.005596271664338737,0.0030930131736321975
-30,4.950000000000001,-0.00506118381058851,0.002708674139267675
-30,5.0,-0.004543729353631676,0.002335410194288734
-30,5.050000000000001,-0.004043835256827499,0.0019733232406342616
-30,5.100000000000001,-0.0035613624295152135,0.0016224562946804966
-30,5.15,-0.003096116603185095,0.0012828025737623427
-30,5.200000000000001,-0.0026478582245426097,0.0009543137710168459
-30,5.25,-0.0022163114573938714,0.0006369075987167072
-30,5.300000000000001,-0.0018011723781663491,0.0003304746734928976
-30,5.350000000000001,-0.001402116442196899,3.4884809669843975e-05
-30,5.4,-0.0010188052902160294,-0.0002500072203766024
-30,5.450000000000001,-0.0006508929562674126,-0.0005243564073706963
-30,5.5,-0.0002980315302307801,-0.000788322663909824
-30,5.550000000000001,4.012368032757507e-05,-0.001042066384591589
-30,5.600000000000001,0.0003639094526386444,-0.0012857443789497935
-30,5.65,0.0006736503878848055,-0.001519506156547834
-30,5.700000000000001,0.0009696550681068672,-0.0017434905514943644
-30,5.75,0.0012522126209022488,-0.001957822681827981
-30,5.800000000000001,0.0015215896910074633,-0.0021626112473795978
-30,5.850000000000001,0.0017780278269921013,-0.0023579461780620647
-30,5.9,0.0020217413004033347,-0.002543896652746458
-30,5.950000000000001,0.0022529153835693094,-0.002720509516962455
-30,6.0,0.0024717051206488705,-0.002887808135229264
-29,-6.0,0.032224743064892536,-0.030652091777460866
-29,-5.95,0.03467268045163774,-0.032974233123737706
-29,-5.9,0.03726851250807639,-0.03543668202878569
-29,-5.85,0.04001968645434406,-0.03804651096056366
-29,-5.8,0.042933965701383414,-0.04081109229859825
-29,-5.75,0.04601942858032415,-0.04373809714602461
-29,-5.7,0.049284465001416256,-0.04683549218237748
-29,-5.65,0.05273777086800524,-0.05011153439081273
-29,-5.6,0.056388340047780816,-0.053574763471456066
-29,-5.55,0.06024545367967893,-0.05723399173008192
-29,-5.5,0.06431866657059726,-0.061098291208444344
-29,-5.45,0.06861779041196103,-0.06517697779979903
-29,-5.4,0.07315287352237831,-0.06947959207071364
-29,-5.35,0.07793417679952563,-0.07401587648842001
-29,-5.3,0.08297214554218535,-0.07879574873204542
-29,-5.25,0.08827737678248837,-0.08382927074630864
-29,-5.2,0.09386058174909861,-0.08912661317808857
-29,-5.15,0.09973254306480028,-0.09469801481999007
-29,-5.1,0.10590406626716964,-0.10055373667107914
-29,-5.05,0.11238592522913537,-0.10670401021386522
-29,-5.0,0.11918880104807772,-0.11315897949891962
-29,-4.95,0.12632321396813717,-0.11992863662489839
-29,-4.9,0.13379944790160636,-0.12702275020299147
-29,-4.85,0.14162746712246443,-0.13445078640170216
-29,-4.8,0.1498168247193431,-0.14222182218154877
-29,-4.75,0.15837656241774667,-0.150344450350667
-29,-4.7,0.16731510141329275,-0.1588266761027619
-29,-4.65,0.17664012390089656,-0.1676758047398168
-29,-4.6,0.1863584450404122,-0.17689832033477537
-29,-4.55,0.1964758751694511,-0.18649975515601325
-29,-4.5,0.2069970721604646,-0.19648454975731888
-29,-4.45,0.21792538392419658,-0.20685590373663776
-29,-4.4,0.22926268118708704,-0.21761561728569268
-29,-4.35,0.24100918081882416,-0.22876392379333588
-29,-4.3,0.2531632601601409,-0.24029931393009774
-29,-4.25,0.2657212630027559,-0.25221835183234653
-29,-4.2,0.27867729810521014,-0.2645154842238029
-29,-4.15,0.29202303139280705,-0.2771828435622329
-29,-4.1,0.30574747328853724,-0.2902100465814973
-29,-4.05,0.31983676295663765,-0.303583989915549
-29,-4.0,0.3342739516120993,-0.31728864484213537
-29,-3.9499999999999997,0.3490387874582781,-0.33130485357019024
-29,-3.9,0.3641075052598074,-0.3456101299152442
-29,-3.85,0.3794526240370517,-0.3601784676595088
-29,-3.8,0.39504275687744517,-0.3749801603739812
-29,-3.75,0.41084243739196913,-0.38998163698296795
-29,-3.6999999999999997,0.42681196789342524,-0.4051453178690537
-29,-3.65,0.4429072949252715,-0.4204294968376432
-29,-3.5999999999999996,0.45907991831089723,-0.4357882547708687
-29,-3.55,0.4752768404045328,-0.45117141128325966
-29,-3.5,0.49144056268369773,-0.46652452112455833
-29,-3.4499999999999997,0.5075091372021242,-0.48178892243295757
-29,-3.4,0.5234162806895603,-0.4969018441948677
-29,-3.3499999999999996,0.5390915592048882,-0.5117965803812131
-29,-3.3,0.5544606511814394,-0.5264027381675009
-29,-3.25,0.5694456964051037,-0.54064656736484
-29,-3.1999999999999997,0.5839657378913771,-0.5544513776488935
-29,-3.15,0.5979372627313951,-0.5677380493306917
-29,-3.0999999999999996,0.6112748467154044,-0.5804256422258647
-29,-3.05,0.6238919058762575,-0.5924321056107823
-29,-3.0,0.635701555994643,-0.6036750902761588
-29,-2.9499999999999997,0.6466175785538476,-0.6140728612839288
-29,-2.9,0.6565554886236272,-0.6235453072002128
-29,-2.8499999999999996,0.6654336967110346,-0.6320150383354056
-29,-2.8,0.6731747527883245,-0.6394085629162662
-29,-2.75,0.6797066565734556,-0.6456575262185524
-29,-2.6999999999999997,0.6849642138112649,-0.6506999936092153
-29,-2.65,0.688890413935134,-0.654481754327068
-29,-2.5999999999999996,0.6914378002691383,-0.6569576188479143
-29,-2.55,0.6925698000843189,-0.6580926790456302
-29,-2.5,0.692261978603613,-0.6578634973131745
-29,-2.4499999999999997,0.6905031787311818,-0.6562591886035234
-29,-2.4,0.6872965071407862,-0.6532823582510884
-29,-2.3499999999999996,0.6826601276575927,-0.6489498586870202
-29,-2.3,0.6766278248342702,-0.643293329979977
-29,-2.25,0.6692493044190467,-0.6363594926723947
-29,-2.1999999999999997,0.6605902031153709,-0.628210166712945
-29,-2.15,0.6507317876022125,-0.6189219973752029
-29,-2.0999999999999996,0.639770332050378,-0.6085858777428864
-29,-2.05,0.6278161740193473,-0.5973060673408793
-29,-2.0,0.6149924601928038,-0.5851990173708262
-29,-1.9500000000000002,0.6014336053195624,-0.5723919242191305
-29,-1.8999999999999995,0.5872834992771115,-0.5590210437946773
-29,-1.8499999999999996,0.572693507610966,-0.5452298091141408
-29,-1.7999999999999998,0.5578203194566395,-0.5311668016624336
-29,-1.75,0.5428237026987972,-0.516983632732913
-29,-1.7000000000000002,0.5278642289415476,-0.5028327936069489
-29,-1.6499999999999995,0.5131010298829366,-0.488865532614846
-29,-1.5999999999999996,0.4986896417216289,-0.4752298125536468
-29,-1.5499999999999998,0.4847799852042687,-0.46206839354423285
-29,-1.5,0.47151451600401595,-0.4495170743239233
-29,-1.4500000000000002,0.45902656369516426,-0.43770310954580877
-29,-1.3999999999999995,0.44743885829282415,-0.426743802480148
-29,-1.3499999999999996,0.4368622220711669,-0.41674525243546046
-29,-1.2999999999999998,0.4273943823903874,-0.4078012153949202
-29,-1.25,0.41911884017552725,-0.39999201633314213
-29,-1.1999999999999993,0.4121037105985661,-0.393383434432805
-29,-1.1499999999999995,0.4064004400620307,-0.38802547047718133
-29,-1.0999999999999996,0.4020422999692781,-0.3839509021070944
-29,-1.0499999999999998,0.3990425666567159,-0.38117354089450667
-29,-1.0,0.3973923221116198,-0.3796861289771598
-29,-0.9499999999999993,0.39705785525506354,-0.37945785570057383
-29,-0.8999999999999995,0.39797771111793234,-0.3804315386853785
-29,-0.8499999999999996,0.40005952559744795,-0.3825205993630736
-29,-0.7999999999999998,0.4031768938320065,-0.3856060675979086
-29,-0.75,0.40716664332387387,-0.38953396662324574
-29,-0.6999999999999993,0.4118270060969945,-0.394113546117711
-29,-0.6499999999999995,0.41691728876646494,-0.3991169301665126
-29,-0.5999999999999996,0.4221597010723046,-0.40428080509041375
-29,-0.5499999999999998,0.4272439935562067,-0.4093107627049326
-29,-0.5,0.43183544379667926,-0.4138888094906461
-29,-0.4499999999999993,0.4355864922952285,-0.41768432743197054
-29,-0.39999999999999947,0.43815195040195265,-0.4203684156152012
-29,-0.34999999999999964,0.43920719348871584,-0.4216310625890071
-29,-0.2999999999999998,0.438468157932727,-0.42120004037808967
-29,-0.25,0.4357113690531902,-0.41885985512265406
-29,-0.1999999999999993,0.43079176954161413,-0.41446865891792184
-29,-0.14999999999999947,0.4236559467410421,-0.4079708653557461
-29,-0.09999999999999964,0.4143486053533967,-0.39940344193166555
-29,-0.04999999999999982,0.40301085676667436,-0.3888945292076633
-29,0.0,0.38987002772938917,-0.3766540945860201
-29,0.05000000000000071,0.3752220185024111,-0.3629575706285713
-29,0.10000000000000053,0.3594084535695743,-0.34812456414645865
-29,0.15000000000000036,0.3427916531479622,-0.3324954599607498
-29,0.20000000000000018,0.3257306085888516,-0.31640889283524
-29,0.25,0.30856065521917797,-0.30018260900488763
-29,0.3000000000000007,0.29157857805578447,-0.28409934862776043
-29,0.35000000000000053,0.2750337499632656,-0.26839832345782244
-29,0.40000000000000036,0.2591248824537917,-0.2532719144318738
-29,0.4500000000000002,0.2440012693553506,-0.23886656094231784
-29,0.5,0.22976709300211473,-0.2252865226709012
-29,0.5500000000000007,0.21648739361274671,-0.21259922150914123
-29,0.6000000000000005,0.20419455907598305,-0.20084110725623705
-29,0.6500000000000004,0.19289454490225522,-0.19002331592021648
-29,0.7000000000000002,0.1825723786147586,-0.18013670690889816
-29,0.75,0.17319677749604634,-0.17115611789769347
-29,0.8000000000000007,0.16472389187093706,-0.16304384401340988
-29,0.8500000000000005,0.1571002849910741,-0.1557524379851598
-29,0.9000000000000004,0.1502652965245037,-0.1492269602234153
-29,0.9500000000000002,0.14415293407042817,-0.14340680517320603
-29,1.0,0.13869341644010413,-0.13822721165755714
-29,1.0500000000000007,0.1338144673065127,-0.1336205427648831
-29,1.1000000000000005,0.12944243524605792,-0.12951740140602608
-29,1.1500000000000004,0.1255032982806994,-0.12584763266749022
-29,1.2000000000000002,0.12192359707215905,-0.12254125263891247
-29,1.25,0.1186313291925889,-0.11952933373435948
-29,1.3000000000000007,0.11555682583124405,-0.116744867124283
-29,1.3500000000000005,0.11263362105795416,-0.11412361296047102
-29,1.4000000000000004,0.10979931234444162,-0.11160493864399057
-29,1.4500000000000002,0.10699640007980893,-0.1091326351181483
-29,1.5,0.10417308428172367,-0.10665569205382552
-29,1.5500000000000007,0.1012839896054496,-0.10412900584820739
-29,1.6000000000000005,0.09829078588177653,-0.10151399038523623
-29,1.6500000000000004,0.09516267119801958,-0.09877905995489122
-29,1.7000000000000002,0.09187668797135418,-0.09589995663093998
-29,1.75,0.08841784913758133,-0.09285990039714775
-29,1.8000000000000007,0.08477906074249253,-0.0896495486994402
-29,1.8500000000000005,0.08096083790718289,-0.08626676197966443
-29,1.9000000000000004,0.07697082227931107,-0.08271618211576515
-29,1.9500000000000002,0.07282311964880339,-0.07900864058081591
-29,2.0,0.06853748550765282,-0.07516042169571535
-29,2.0500000000000007,0.06413839329676474,-0.0711924129475685
-29,2.0999999999999996,0.05965402449777146,-0.0671291785832917
-29,2.1500000000000004,0.0551152214555648,-0.06299799442637877
-29,2.200000000000001,0.05055444296913869,-0.058827881199208676
-29,2.25,0.04600475958013428,-0.05464867085223801
-29,2.3000000000000007,0.041498920581908294,-0.05049013593056806
-29,2.3499999999999996,0.03706851860931293,-0.046381206350498694
-29,2.4000000000000004,0.03274327081249817,-0.042349291635984
-29,2.450000000000001,0.02855042859579049,-0.03841972016999229
-29,2.5,0.02451432117194141,-0.034615300775072466
-29,2.5500000000000007,0.020656032103080868,-0.03095600628796058
-29,2.5999999999999996,0.016993202825557496,-0.02745877397238461
-29,2.6500000000000004,0.01353995303359845,-0.024137413761368354
-29,2.700000000000001,0.01030690477749907,-0.021002612485014893
-29,2.75,0.007301295187300383,-0.018062020397770606
-29,2.8000000000000007,0.0045271617732236535,-0.015320405388958402
-29,2.8499999999999996,0.001985584148687991,-0.01277986012229304
-29,2.9000000000000004,-0.00032503338390688086,-0.010440047861889568
-29,2.950000000000001,-0.002408652812331269,-0.008298473754484004
-29,3.0,-0.004271279874795919,-0.006350769704032366
-29,3.0500000000000007,-0.005920639171484332,-0.0045909825616252675
-29,3.0999999999999996,-0.007365856243075175,-0.0030118570440134107
-29,3.1500000000000004,-0.008617154073371047,-0.0016051064914672786
-29,3.200000000000001,-0.009685569692110096,-0.00036166620463484733
-29,3.25,-0.010582694909791801,0.0007280743947926105
-29,3.3000000000000007,-0.011320443749053943,0.0016740631904506031
-29,3.3499999999999996,-0.011910847869021968,0.002486401633004398
-29,3.4000000000000004,-0.01236588021843632,0.003175186112595707
-29,3.450000000000001,-0.012697306297419608,0.003750373931802553
-29,3.5,-0.012916561745168753,0.004221672760216677
-29,3.5500000000000007,-0.01303465448465424,0.004598452004734188
-29,3.6000000000000014,-0.01306208932526598,0.004889674225426965
-29,3.6500000000000004,-0.013008812727885122,0.005103844545253811
-29,3.700000000000001,-0.01288417535198949,0.005248975922243382
-29,3.75,-0.0126969100090637,0.005332568155415274
-29,3.8000000000000007,-0.012455122721324763,0.005361598562135583
-29,3.8500000000000014,-0.01216629471101438,0.005342522378421144
-29,3.9000000000000004,-0.011837293307950247,0.0052812810803999355
-29,3.950000000000001,-0.011474389948117114,0.005183316992577236
-29,4.0,-0.01108328363288269,0.005053592726620426
-29,4.050000000000001,-0.010669128418090423,0.004896614174919822
-29,4.100000000000001,-0.010236563698001078,0.004716455960132482
-29,4.15,-0.00978974623561868,0.0045167884103722855
-29,4.200000000000001,-0.009332383065081551,0.004300905286730217
-29,4.25,-0.008867764550782198,0.004071751632981346
-29,4.300000000000001,-0.008398797030849003,0.003831951245868215
-29,4.350000000000001,-0.007928034598925215,0.003583833377500234
-29,4.4,-0.007457709687996861,0.0033294583797909283
-29,4.450000000000001,-0.006989762214221429,0.003070642084628261
-29,4.5,-0.006525867117992412,0.0028089787840843705
-29,4.550000000000001,-0.006067460205354536,0.002545862733072557
-29,4.600000000000001,-0.005615762246510059,0.0022825081440558392
-29,4.65,-0.005171801330945414,0.002019967680710888
-29,4.700000000000001,-0.004736433512084304,0.0017591494863400392
-29,4.75,-0.004310361799591433,0.0015008328043126795
-29,4.800000000000001,-0.0038941535757723855,0.0012456822631836673
-29,4.850000000000001,-0.003488256525092659,0.0009942609093269716
-29,4.9,-0.0030930131736326416,0.0007470420759654317
-29,4.950000000000001,-0.0027086741392690072,0.0005044201800603609
-29,5.0,-0.002335410194287846,0.0002667205384785376
-29,5.050000000000001,-0.0019733232406329293,3.420829277089865e-05
-29,5.100000000000001,-0.0016224562946796084,-0.0001929034718344269
-29,5.15,-0.0012828025737627868,-0.0004144463323694225
-29,5.200000000000001,-0.0009543137710164018,-0.0006302897837873189
-29,5.25,-0.0006369075987162631,-0.0008403350753027894
-29,5.300000000000001,-0.0003304746734933417,-0.0010445095648270453
-29,5.350000000000001,-3.4884809670288064e-05,-0.0012427615356784827
-29,5.4,0.00025000722037749057,-0.0014350554265245563
-29,5.450000000000001,0.0005243564073706963,-0.0016213674324361271
-29,5.5,0.000788322663909824,-0.001801681441842895
-29,5.550000000000001,0.0010420663845911449,-0.0019759852811622736
-29,5.600000000000001,0.0012857443789506817,-0.002144267245895115
-29,5.65,0.001519506156547834,-0.0023065129040942267
-29,5.700000000000001,0.0017434905514948085,-0.0024627021653498282
-29,5.75,0.001957822681827537,-0.002612806615716501
-29,5.800000000000001,0.00216261124738093,-0.0027567871264779775
-29,5.850000000000001,0.0023579461780620647,-0.0028945917520992737
-29,5.9,0.0025438966527442375,-0.0030261539401448267
-29,5.950000000000001,0.002720509516962899,-0.0031513910832150493
-29,6.0,0.002887808135229264,-0.003270203449774467
-28,-6.0,0.03065209177746131,-0.029113148190064386
-28,-5.95,0.032974233123737706,-0.03131249836297778
-28,-5.9,0.03543668202878514,-0.033644749614436975
-28,-5.85,0.03804651096056355,-0.03611660824381424
-28,-5.8,0.04081109229859847,-0.038735064573087064
-28,-5.75,0.04373809714602428,-0.041507391838762064
-28,-5.7,0.04683549218237748,-0.044441143232871294
-28,-5.65,0.05011153439081273,-0.04754414693473663
-28,-5.6,0.053574763471455844,-0.0508244989544977
-28,-5.55,0.05723399173008181,-0.054290553588177026
-28,-5.5,0.06109829120844423,-0.05795091126250007
-28,-5.45,0.06517697779979958,-0.06181440352621115
-28,-5.4,0.06947959207071353,-0.06589007492349408
-28,-5.35,0.0740158764884199,-0.07018716146449511
-28,-5.3,0.07879574873204553,-0.07471506538825867
-28,-5.25,0.0838292707463082,-0.07948332589478602
-28,-5.2,0.08912661317808857,-0.08450158550579934
-28,-5.15,0.09469801481998963,-0.08977955169847118
-28,-5.1,0.10055373667107914,-0.09532695344330966
-28,-5.05,0.10670401021386544,-0.1011534922669246
-28,-5.0,0.1131589794989194,-0.10726878745329493
-28,-4.95,0.11992863662489883,-0.1136823149937718
-28,-4.9,0.12702275020299125,-0.1204033398974158
-28,-4.85,0.13445078640170227,-0.12744084147984625
-28,-4.8,0.14222182218154866,-0.13480343126186445
-28,-4.75,0.150344450350667,-0.14249926312949013
-28,-4.7,0.15882667610276158,-0.15053593543595944
-28,-4.65,0.1676758047398167,-0.15892038476513948
-28,-4.6,0.17689832033477548,-0.16765877112583016
-28,-4.55,0.18649975515601291,-0.17675635440957027
-28,-4.5,0.19648454975731888,-0.18621736202205308
-28,-4.45,0.20685590373663787,-0.1960448476924781
-28,-4.4,0.21761561728569268,-0.20624054157756677
-28,-4.35,0.228763923793336,-0.2168046919100357
-28,-4.3,0.24029931393009785,-0.22773589859686538
-28,-4.25,0.2522183518323464,-0.2390309393531127
-28,-4.2,0.264515484223803,-0.2506845891641154
-28,-4.15,0.2771828435622329,-0.26268943410503476
-28,-4.1,0.2902100465814973,-0.2750356808131629
-28,-4.05,0.30358398991554914,-0.287710963206948
-28,-4.0,0.31728864484213526,-0.30070014837693315
-28,-3.9499999999999997,0.33130485357019024,-0.313985143938027
-28,-3.9,0.3456101299152442,-0.327544709528821
-28,-3.85,0.3601784676595088,-0.3413542755700718
-28,-3.8,0.3749801603739812,-0.35538577284745976
-28,-3.75,0.38998163698296795,-0.36960747695780494
-28,-3.6999999999999997,0.4051453178690537,-0.38398387214561536
-28,-3.65,0.4204294968376432,-0.39847553954777815
-28,-3.5999999999999996,0.4357882547708686,-0.41303907534532025
-28,-3.55,0.45117141128325966,-0.4276270447758004
-28,-3.5,0.4665245211245582,-0.4421879783679028
-28,-3.4499999999999997,0.48178892243295757,-0.4566664170971496
-28,-3.4,0.4969018441948677,-0.4710030134001848
-28,-3.3499999999999996,0.5117965803812131,-0.4851346950930503
-28,-3.3,0.5264027381675009,-0.4989948991806753
-28,-3.25,0.54064656736484,-0.5125138822824253
-28,-3.1999999999999997,0.5544513776488935,-0.5256191138915693
-28,-3.15,0.5677380493306917,-0.5382357578949112
-28,-3.0999999999999996,0.5804256422258647,-0.5502872466635081
-28,-3.05,0.5924321056107823,-0.5616959505521789
-28,-3.0,0.6036750902761588,-0.5723839437869389
-28,-2.9499999999999997,0.6140728612839288,-0.5822738654594711
-28,-2.9,0.6235453072002128,-0.5912898716848882
-28,-2.8499999999999996,0.6320150383354056,-0.5993586719313153
-28,-2.8,0.6394085629162662,-0.606410639138825
-28,-2.75,0.6456575262185524,-0.6123809795802938
-28,-2.6999999999999997,0.6506999936092153,-0.6172109445780197
-28,-2.65,0.654481754327068,-0.620849062310999
-28,-2.5999999999999996,0.6569576188479143,-0.623252364195105
-28,-2.55,0.6580926790456302,-0.624387576890106
-28,-2.5,0.6578634973131745,-0.6242322481071081
-28,-2.4499999999999997,0.6562591886035234,-0.6227757722983106
-28,-2.4,0.6532823582510884,-0.6200202812529965
-28,-2.3499999999999996,0.6489498586870202,-0.6159813648321678
-28,-2.3,0.643293329979977,-0.6106885887498726
-28,-2.25,0.6363594926723948,-0.6041857795984802
-28,-2.1999999999999997,0.6282101667129452,-0.5965310522869418
-28,-2.15,0.6189219973752029,-0.5877965616860871
-28,-2.0999999999999996,0.6085858777428864,-0.5780679684076884
-28,-2.05,0.5973060673408792,-0.5674436180129154
-28,-2.0,0.5851990173708262,-0.5560334431524706
-28,-1.9500000000000002,0.5723919242191307,-0.5439576086709824
-28,-1.8999999999999995,0.5590210437946772,-0.5313449299556721
-28,-1.8499999999999996,0.5452298091141408,-0.5183311041098901
-28,-1.7999999999999998,0.5311668016624336,-0.5050568012087647
-28,-1.75,0.5169836327329129,-0.4916656683053984
-28,-1.7000000000000002,0.5028327936069489,-0.47830230144466385
-28,-1.6499999999999995,0.488865532614846,-0.4651102402782205
-28,-1.5999999999999996,0.4752298125536469,-0.45223003569034487
-28,-1.5499999999999998,0.46206839354423285,-0.4397974330549342
-28,-1.5,0.4495170743239233,-0.42794170246197205
-28,-1.4500000000000002,0.4377031095458087,-0.41678413279624105
-28,-1.3999999999999995,0.426743802480148,-0.40643668946251027
-28,-1.3499999999999996,0.41674525243546046,-0.39700081661937847
-28,-1.2999999999999998,0.4078012153949202,-0.38856634509408217
-28,-1.25,0.3999920163331422,-0.3812104481525528
-28,-1.1999999999999993,0.393383434432805,-0.37499657088312216
-28,-1.1499999999999995,0.3880254704771814,-0.36997324751253297
-28,-1.0999999999999996,0.38395090210709437,-0.3661727174177065
-28,-1.0499999999999998,0.3811735408945066,-0.36360925825678997
-28,-1.0,0.3796861289771597,-0.36227717702118095
-28,-0.9499999999999993,0.3794578557005738,-0.36214844012293373
-28,-0.8999999999999995,0.38043153868537827,-0.36316998411716045
-28,-0.8499999999999996,0.3825205993630736,-0.3652608296671207
-28,-0.7999999999999998,0.3856060675979084,-0.3683092203013377
-28,-0.75,0.3895339666232458,-0.37217011780369125
-28,-0.6999999999999993,0.3941135461177109,-0.3766634962810722
-28,-0.6499999999999995,0.39911693016651273,-0.38157397035307644
-28,-0.5999999999999996,0.40428080509041375,-0.3866523478009739
-28,-0.5499999999999998,0.4093107627049324,-0.39161968803896313
-28,-0.5,0.413888809490646,-0.39617434870141965
-28,-0.4499999999999993,0.4176843274319707,-0.400002291128199
-28,-0.39999999999999947,0.4203684156152012,-0.4027905802554299
-28,-0.34999999999999964,0.42163106258900707,-0.40424356452368193
-28,-0.2999999999999998,0.4212000403780898,-0.4041006967566696
-28,-0.25,0.4188598551226539,-0.4021544354630878
-28,-0.1999999999999993,0.41446865891792184,-0.39826626199888604
-28,-0.14999999999999947,0.4079708653557461,-0.39237869583593427
-28,-0.09999999999999964,0.39940344193166566,-0.38452140392370393
-28,-0.04999999999999982,0.3888945292076633,-0.3748101306087419
-28,0.0,0.37665409458601995,-0.3634381614426511
-28,0.05000000000000071,0.36295757062857126,-0.35066119379464267
-28,0.10000000000000053,0.34812456414645876,-0.336777549309574
-28,0.15000000000000036,0.3324954599607499,-0.32210635490805295
-28,0.20000000000000018,0.31640889283524,-0.30696646337697203
-28,0.25,0.3001826090048878,-0.29165846851962784
-28,0.3000000000000007,0.28409934862776076,-0.2764513452665193
-28,0.35000000000000053,0.26839832345782266,-0.26157426411799534
-28,0.40000000000000036,0.2532719144318738,-0.24721324698297598
-28,0.4500000000000002,0.2388665609423175,-0.2335117239697987
-28,0.5,0.2252865226709011,-0.2205737788228801
-28,0.5500000000000007,0.212599221509141,-0.20846889322023066
-28,0.6000000000000005,0.20084110725623683,-0.19723721674404016
-28,0.6500000000000004,0.19002331592021626,-0.18689468815166232
-28,0.7000000000000002,0.18013670690889816,-0.17743762506039262
-28,0.75,0.17115611789769392,-0.16884663041826742
-28,0.8000000000000007,0.1630438440134092,-0.16108981721835536
-28,0.8500000000000005,0.1557524379851598,-0.15412543444082383
-28,0.9000000000000004,0.14922696022341508,-0.14790400605799148
-28,0.9500000000000002,0.14340680517320603,-0.1423700922991351
-28,1.0,0.13822721165755691,-0.1374637656965283
-28,1.0500000000000007,0.13362054276488333,-0.13312187509876128
-28,1.1000000000000005,0.12951740140602608,-0.12927915439319926
-28,1.1500000000000004,0.12584763266748977,-0.1258692204340801
-28,1.2000000000000002,0.12254125263891247,-0.12282549558958777
-28,1.25,0.11952933373435926,-0.12008208261433495
-28,1.3000000000000007,0.11674486712428322,-0.11757461172269257
-28,1.3500000000000005,0.11412361296047147,-0.11524107104336245
-28,1.4000000000000004,0.11160493864399035,-0.11302262214850045
-28,1.4500000000000002,0.10913263511814852,-0.11086439275670035
-28,1.5,0.10665569205382575,-0.10871623000778619
-28,1.5500000000000007,0.10412900584820761,-0.10653339092022751
-28,1.6000000000000005,0.10151399038523667,-0.1042771425840161
-28,1.6500000000000004,0.09877905995489034,-0.10191524378029815
-28,1.7000000000000002,0.09589995663093998,-0.09942228211821136
-28,1.75,0.09285990039714775,-0.096779846118344
-28,1.8000000000000007,0.0896495486994402,-0.09397651931584994
-28,1.8500000000000005,0.08626676197966487,-0.09100769255957086
-28,1.9000000000000004,0.08271618211576559,-0.08787520030879037
-28,1.9500000000000002,0.07900864058081591,-0.08458679596054486
-28,2.0,0.07516042169571557,-0.08115548928015803
-28,2.0500000000000007,0.07119241294756806,-0.07759877524786685
-28,2.0999999999999996,0.0671291785832917,-0.07393778769651904
-28,2.1500000000000004,0.06299799442637877,-0.07019641285929934
-28,2.200000000000001,0.058827881199208676,-0.06640039745285442
-28,2.25,0.05464867085223757,-0.06257648345160449
-28,2.3000000000000007,0.0504901359305685,-0.05875159765504012
-28,2.3499999999999996,0.04638120635049914,-0.05495211897596519
-28,2.4000000000000004,0.042349291635983555,-0.05120324056786263
-28,2.450000000000001,0.0384197201699914,-0.047528437921748434
-28,2.5,0.03461530077507291,-0.043949048293831616
-28,2.5500000000000007,0.03095600628796058,-0.04048396158967371
-28,2.5999999999999996,0.027458773972385053,-0.037149418350798324
-28,2.6500000000000004,0.024137413761369242,-0.03395890689714154
-28,2.700000000000001,0.021002612485014005,-0.030923149021676366
-28,2.75,0.018062020397770162,-0.02805016189159648
-28,2.8000000000000007,0.015320405388958847,-0.025345382910076264
-28,2.8499999999999996,0.01277986012229304,-0.02281184412435877
-28,2.9000000000000004,0.010440047861889568,-0.0204503831995968
-28,2.950000000000001,0.008298473754484892,-0.018259878875839686
-28,3.0,0.00635076970403281,-0.01623750005359703
-28,3.0500000000000007,0.0045909825616252675,-0.014378959087863574
-28,3.0999999999999996,0.003011857044013855,-0.012678761403918326
-28,3.1500000000000004,0.0016051064914672786,-0.011130445091382501
-28,3.200000000000001,0.0003616662046352914,-0.009726805616220968
-28,3.25,-0.0007280743947934987,-0.008460102162356264
-28,3.3000000000000007,-0.0016740631904510472,-0.0073222433410395915
-28,3.3499999999999996,-0.002486401633004398,-0.006304951067503506
-28,3.4000000000000004,-0.003175186112595263,-0.0053999022932358365
-28,3.450000000000001,-0.003750373931802109,-0.004598849000456706
-28,3.5,-0.004221672760216677,-0.003893717422251086
-28,3.5500000000000007,-0.004598452004733744,-0.003276687861373695
-28,3.6000000000000014,-0.004889674225426965,-0.0027402567599299488
-28,3.6500000000000004,-0.0051038445452533665,-0.002277282839615591
-28,3.700000000000001,-0.005248975922243382,-0.0018810192065696896
-28,3.75,-0.005332568155415274,-0.0015451333143943202
-28,3.8000000000000007,-0.005361598562135583,-0.001263716620111044
-28,3.8500000000000014,-0.005342522378422032,-0.0010312856660652514
-28,3.9000000000000004,-0.0052812810803999355,-0.0008427761890117402
-28,3.950000000000001,-0.00518331699257768,-0.0006935317070380087
-28,4.0,-0.005053592726619982,-0.000579287874879153
-28,4.050000000000001,-0.004896614174920266,-0.000496153735764171
-28,4.100000000000001,-0.004716455960132038,-0.00044059083903169594
-28,4.15,-0.004516788410371397,-0.0004093910414968427
-28,4.200000000000001,-0.004300905286728884,-0.00039965366990157847
-28,4.25,-0.0040717516329822345,-0.000408762593642642
-28,4.300000000000001,-0.0038319512458668825,-0.00043436364230409197
-28,4.350000000000001,-0.003583833377500234,-0.0004743427017355195
-28,4.4,-0.0033294583797927046,-0.0005268047351449923
-28,4.450000000000001,-0.003070642084628261,-0.0005900539015657458
-28,4.5,-0.0028089787840830382,-0.0006625748819457655
-28,4.550000000000001,-0.002545862733072113,-0.0007430154722141147
-28,4.600000000000001,-0.0022825081440558392,-0.0008301704617057482
-28,4.65,-0.002019967680710444,-0.0009229667831216481
-28,4.700000000000001,-0.0017591494863395951,-0.0010204498956762897
-28,4.75,-0.0015008328043135677,-0.0011217713450624167
-28,4.800000000000001,-0.0012456822631836673,-0.0012261774312953833
-28,4.850000000000001,-0.0009942609093256394,-0.001332998907534133
-28,4.9,-0.0007470420759645435,-0.0014416416286620048
-28,4.950000000000001,-0.0005044201800599168,-0.0015515780670378732
-28,5.0,-0.0002667205384785376,-0.001662339613797137
-28,5.050000000000001,-3.420829277178683e-05,-0.0017735095867612571
-28,5.100000000000001,0.0001929034718353151,-0.0018847168700286687
-28,5.15,0.0004144463323694225,-0.0019956301152093125
-28,5.200000000000001,0.0006302897837873189,-0.002105952439869885
-28,5.25,0.0008403350753027894,-0.002215416564662398
-28,5.300000000000001,0.001044509564826157,-0.0023237803367939236
-28,5.350000000000001,0.0012427615356775945,-0.0024308225938458605
-28,5.4,0.0014350554265245563,-0.002536339328226944
-28,5.450000000000001,0.001621367432435683,-0.00264014011892888
-28,5.5,0.001801681441842895,-0.0027420448035666567
-28,5.550000000000001,0.0019759852811622736,-0.002841880370040961
-28,5.600000000000001,0.002144267245895115,-0.0029394780534723886
-28,5.65,0.0023065129040942267,-0.0030346706305248716
-28,5.700000000000001,0.002462702165349384,-0.0031272899096728146
-28,5.75,0.002612806615716501,-0.0032171644225669205
-28,5.800000000000001,0.0027567871264784216,-0.0033041173283021585
-28,5.850000000000001,0.0028945917520983855,-0.0033879645491063926
-28,5.9,0.003026153940145271,-0.0034685131626002175
-28,5.950000000000001,0.0031513910832146053,-0.003545560082327537
-28,6.0,0.003270203449774911,-0.003618891064287144
-27,-6.0,0.029113148190064275,-0.02760791230270132
-27,-5.95,0.03131249836297789,-0.02968747616935863
-27,-5.9,0.033644749614436864,-0.03189271526503212
-27,-5.85,0.036116608243814574,-0.034229978304096464
-27,-5.8,0.038735064573087286,-0.036705882524850075
-27,-5.75,0.041507391838762064,-0.039327312658537616
-27,-5.7,0.044441143232871516,-0.04210141815289781
-27,-5.65,0.04754414693473663,-0.04503560849977628
-27,-5.6,0.05082449895449748,-0.0481375464969056
-27,-5.55,0.054290553588177026,-0.05141513925396546
-27,-5.5,0.057950911262499405,-0.05487652673276355
-27,-5.45,0.06181440352621137,-0.0585300675911955
-27,-5.4,0.06589007492349364,-0.06238432208071942
-27,-5.35,0.07018716146449466,-0.0664480317277496
-27,-5.3,0.07471506538825867,-0.07073009551082432
-27,-5.25,0.07948332589478624,-0.07523954222792328
-27,-5.2,0.08450158550579911,-0.07998549873223126
-27,-5.15,0.08977955169847107,-0.08497715370024461
-27,-5.1,0.09532695344330933,-0.09022371658386064
-27,-5.05,0.10115349226692527,-0.09573437138831498
-27,-5.0,0.10726878745329471,-0.10151822491120432
-27,-4.95,0.11368231499377202,-0.10758424907475606
-27,-4.9,0.1204033398974158,-0.11394121698487902
-27,-4.85,0.12744084147984625,-0.12059763235689536
-27,-4.8,0.13480343126186445,-0.12756165196029023
-27,-4.75,0.1424992631294898,-0.1348410007542149
-27,-4.7,0.15053593543595944,-0.1424428794128858
-27,-4.65,0.15892038476513903,-0.1503738639768628
-27,-4.6,0.16765877112582994,-0.15863979741357515
-27,-4.55,0.17675635440957016,-0.16724567293012238
-27,-4.5,0.18621736202205308,-0.1761955089546683
-27,-4.45,0.1960448476924782,-0.18549221579171804
-27,-4.4,0.20624054157756688,-0.1951374540627102
-27,-4.35,0.2168046919100357,-0.2051314851689241
-27,-4.3,0.22773589859686516,-0.21547301416044395
-27,-4.25,0.23903093935311293,-0.22615902556505518
-27,-4.2,0.2506845891641156,-0.23718461292614879
-27,-4.15,0.26268943410503465,-0.2485428030212129
-27,-4.1,0.2750356808131629,-0.26022437598353365
-27,-4.05,0.287710963206948,-0.27221768283083403
-27,-4.0,0.30070014837693315,-0.28450846221649395
-27,-3.9499999999999997,0.3139851439380271,-0.2970796585617881
-27,-3.9,0.327544709528821,-0.30991124410053783
-27,-3.85,0.3413542755700718,-0.32298004776874045
-27,-3.8,0.35538577284745965,-0.33625959429788055
-27,-3.75,0.36960747695780505,-0.3497199573164813
-27,-3.6999999999999997,0.38398387214561536,-0.3633276307231099
-27,-3.65,0.39847553954777815,-0.37704542305567634
-27,-3.5999999999999996,0.41303907534532014,-0.39083238003425225
-27,-3.55,0.4276270447758004,-0.4046437408821545
-27,-3.5,0.4421879783679029,-0.41843093441373236
-27,-3.4499999999999997,0.4566664170971496,-0.4321416211946997
-27,-3.4,0.4710030134001847,-0.44571978830551084
-27,-3.3499999999999996,0.4851346950930502,-0.4591059033403988
-27,-3.3,0.4989948991806753,-0.4722371342209627
-27,-3.25,0.5125138822824252,-0.48504764115786014
-27,-3.1999999999999997,0.5256191138915692,-0.4974689466194041
-27,-3.15,0.5382357578949113,-0.5094303884240542
-27,-3.0999999999999996,0.5502872466635081,-0.5208596600283348
-27,-3.05,0.5616959505521789,-0.5316834407004478
-27,-3.0,0.5723839437869389,-0.5418281165269828
-27,-2.9499999999999997,0.5822738654594711,-0.5512205910804744
-27,-2.9,0.5912898716848882,-0.5597891820776532
-27,-2.8499999999999996,0.5993586719313153,-0.5674645974987634
-27,-2.8,0.606410639138825,-0.5741809814560008
-27,-2.75,0.6123809795802938,-0.5798770166586795
-27,-2.6999999999999997,0.6172109445780197,-0.5844970667176793
-27,-2.65,0.620849062310999,-0.5879923378869277
-27,-2.5999999999999996,0.623252364195105,-0.5903220363107102
-27,-2.55,0.624387576890106,-0.5914544936177469
-27,-2.5,0.6242322481071081,-0.5913682309854136
-27,-2.4499999999999997,0.6227757722983105,-0.5900529298155435
-27,-2.4,0.6200202812529965,-0.5875102761465115
-27,-2.3499999999999996,0.6159813648321678,-0.5837546460930352
-27,-2.3,0.6106885887498728,-0.5788136011439571
-27,-2.25,0.6041857795984802,-0.5727281651973023
-27,-2.1999999999999997,0.5965310522869418,-0.565552859837361
-27,-2.15,0.587796561686087,-0.5573554805348642
-27,-2.0999999999999996,0.5780679684076884,-0.5482166040447838
-27,-2.05,0.5674436180129154,-0.5382288260354564
-27,-2.0,0.5560334431524706,-0.5274957375377359
-27,-1.9500000000000002,0.5439576086709825,-0.5161306586751176
-27,-1.8999999999999995,0.5313449299556721,-0.5042551577600957
-27,-1.8499999999999996,0.5183311041098901,-0.4919973925982135
-27,-1.7999999999999998,0.5050568012087648,-0.47949031809563275
-27,-1.75,0.4916656683053984,-0.4668698094162539
-27,-1.7000000000000002,0.4783023014446638,-0.4542727524546921
-27,-1.6499999999999995,0.46511024027822057,-0.44183515287305997
-27,-1.5999999999999996,0.4522300356903449,-0.429690311131723
-27,-1.5499999999999998,0.43979743305493424,-0.4179671037363737
-27,-1.5,0.42794170246197205,-0.4067884004181618
-27,-1.4500000000000002,0.41678413279624105,-0.3962696334464613
-27,-1.3999999999999995,0.4064366894625102,-0.38651751923991085
-27,-1.3499999999999996,0.39700081661937847,-0.37762891462292125
-27,-1.2999999999999998,0.38856634509408217,-0.3696897714878737
-27,-1.25,0.3812104481525528,-0.3627741356337594
-27,-1.1999999999999993,0.3749965708831221,-0.3569431199495167
-27,-1.1499999999999995,0.3699732475125329,-0.3522437711680852
-27,-1.0999999999999996,0.3661727174177065,-0.34870774590111425
-27,-1.0499999999999998,0.3636092582567899,-0.34634971874356624
-27,-1.0,0.3622771770211808,-0.3451654662436834
-27,-0.9499999999999993,0.36214844012293357,-0.3451296085221428
-27,-0.8999999999999995,0.3631699841171604,-0.346193047413278
-27,-0.8499999999999996,0.3652608296671206,-0.34828021650958996
-27,-0.7999999999999998,0.3683092203013376,-0.3512863519422941
-27,-0.75,0.37217011780369136,-0.3550750968652108
-27,-0.6999999999999993,0.3766634962810721,-0.3594768565870787
-27,-0.6499999999999995,0.3815739703530765,-0.36428840932615586
-27,-0.5999999999999996,0.3866523478009739,-0.3692743292039846
-27,-0.5499999999999998,0.3916196880389631,-0.3741707695582984
-27,-0.5,0.39617434870141954,-0.37869206142900075
-27,-0.4499999999999993,0.40000229112819885,-0.382540383383914
-27,-0.39999999999999947,0.4027905802554298,-0.3854184443226383
-27,-0.34999999999999964,0.40424356452368215,-0.387044699292741
-27,-0.2999999999999998,0.4041006967566696,-0.38717012706846704
-27,-0.25,0.4021544354630877,-0.3855951100744912
-27,-0.1999999999999993,0.39826626199888593,-0.38218457878450673
-27,-0.14999999999999947,0.3923786958359343,-0.3768794381816065
-27,-0.09999999999999964,0.38452140392370393,-0.36970249132951133
-27,-0.04999999999999982,0.3748101306087419,-0.36075766096990936
-27,0.0,0.36343816144265095,-0.350222228299282
-27,0.05000000000000071,0.35066119379464267,-0.3383328880006247
-27,0.10000000000000053,0.33677754930957393,-0.32536740905892
-27,0.15000000000000036,0.32210635490805317,-0.31162433798987194
-27,0.20000000000000018,0.306966463376972,-0.2974033202140473
-27,0.25,0.29165846851962796,-0.2829882337633982
-27,0.3000000000000007,0.2764513452665194,-0.26863456797206026
-27,0.35000000000000053,0.26157426411799567,-0.2545615719437847
-27,0.40000000000000036,0.2472132469829762,-0.24094888010709814
-27,0.4500000000000002,0.23351172396979902,-0.2279367584377926
-27,0.5,0.2205737788228801,-0.21562886145805193
-27,0.5500000000000007,0.208468893220231,-0.20409640874601587
-27,0.6000000000000005,0.19723721674404038,-0.19338288753939248
-27,0.6500000000000004,0.18689468815166244,-0.1835086615965923
-27,0.7000000000000002,0.17743762506039285,-0.17447513306924167
-27,0.75,0.1688466304182672,-0.16626831505776796
-27,0.8000000000000007,0.16108981721835547,-0.15886181148577405
-27,0.8500000000000005,0.15412543444082338,-0.15221927435806615
-27,0.9000000000000004,0.14790400605799192,-0.14629643402823223
-27,0.9500000000000002,0.14237009229913555,-0.14104279544821452
-27,1.0,0.13746376569652785,-0.13640307855701828
-27,1.0500000000000007,0.13312187509876194,-0.1323184643081472
-27,1.1000000000000005,0.12927915439319904,-0.12872769420757701
-27,1.1500000000000004,0.12586922043407966,-0.12556806158046951
-27,1.2000000000000002,0.12282549558958777,-0.12277632592418541
-27,1.25,0.12008208261433495,-0.1202895758325142
-27,1.3000000000000007,0.11757461172269235,-0.11804605962647297
-27,1.3500000000000005,0.11524107104336201,-0.11598599530662934
-27,1.4000000000000004,0.11302262214850067,-0.11405236285797238
-27,1.4500000000000002,0.11086439275670035,-0.1121916729954644
-27,1.5,0.10871623000778641,-0.11035469814360455
-27,1.5500000000000007,0.10653339092022751,-0.1084971448215093
-27,1.6000000000000005,0.10427714258401632,-0.10658024247811637
-27,1.6500000000000004,0.1019152437802977,-0.10457122267423968
-27,1.7000000000000002,0.09942228211821114,-0.10244366443316943
-27,1.75,0.09677984611834445,-0.10017768630117052
-27,1.8000000000000007,0.09397651931585038,-0.09775997259172353
-27,1.8500000000000005,0.09100769255957131,-0.0951836296469033
-27,1.9000000000000004,0.08787520030878992,-0.09244787685838585
-27,1.9500000000000002,0.08458679596054486,-0.08955758578799067
-27,2.0,0.08115548928015759,-0.08652268826097864
-27,2.0500000000000007,0.07759877524786729,-0.08335748019766154
-27,2.0999999999999996,0.0739377876965186,-0.08007985183745214
-27,2.1500000000000004,0.07019641285929934,-0.07671047675432519
-27,2.200000000000001,0.06640039745285531,-0.07327199173007992
-27,2.25,0.06257648345160449,-0.06978819737823372
-27,2.3000000000000007,0.058751597655040566,-0.06628330575532226
-27,2.3499999999999996,0.05495211897596519,-0.06278125648571065
-27,2.4000000000000004,0.05120324056786263,-0.05930511760813495
-27,2.450000000000001,0.047528437921748434,-0.055876581851058926
-27,2.5,0.043949048293831616,-0.052515563728219306
-27,2.5500000000000007,0.04048396158967371,-0.04923989800822248
-27,2.5999999999999996,0.037149418350798324,-0.04606513596079642
-27,2.6500000000000004,0.03395890689714065,-0.04300443244091756
-27,2.700000000000001,0.030923149021675478,-0.04006851438748216
-27,2.75,0.02805016189159737,-0.03726571966877845
-27,2.8000000000000007,0.025345382910076264,-0.03460209433657635
-27,2.8499999999999996,0.02281184412435877,-0.03208153615488607
-27,2.9000000000000004,0.020450383199596356,-0.029705972629213484
-27,2.950000000000001,0.018259878875840574,-0.027475562551734
-27,3.0,0.01623750005359703,-0.02538891117389719
-27,3.0500000000000007,0.014378959087863574,-0.0234432904072297
-27,3.0999999999999996,0.01267876140391877,-0.021634856836640015
-27,3.1500000000000004,0.011130445091382501,-0.019958861726374177
-27,3.200000000000001,0.009726805616220968,-0.018409848542648266
-27,3.25,0.008460102162356264,-0.016981834761657044
-27,3.3000000000000007,0.007322243341040036,-0.015668475845417085
-27,3.3499999999999996,0.006304951067503506,-0.014463210232497747
-27,3.4000000000000004,0.005399902293235392,-0.013359384999057866
-27,3.450000000000001,0.004598849000456262,-0.012350362499357281
-27,3.5,0.0038937174222519744,-0.011429608802234537
-27,3.5500000000000007,0.003276687861373251,-0.010590765113668077
-27,3.6000000000000014,0.0027402567599299488,-0.009827703630807871
-27,3.6500000000000004,0.0022772828396151468,-0.009134569426720862
-27,3.700000000000001,0.0018810192065696896,-0.008505810034450612
-27,3.75,0.0015451333143952084,-0.00793619440036597
-27,3.8000000000000007,0.001263716620111488,-0.0074208228254142306
-27,3.8500000000000014,0.0010312856660652514,-0.006955129422445694
-27,3.9000000000000004,0.0008427761890121843,-0.006534878500282559
-27,3.950000000000001,0.0006935317070384528,-0.006156156150729508
-27,4.0,0.0005792878748787089,-0.005815358171616936
-27,4.050000000000001,0.0004961537357646151,-0.005509175313962
-27,4.100000000000001,0.00044059083903125185,-0.005234576699490123
-27,4.15,0.0004093910414972868,-0.004988792119990038
-27,4.200000000000001,0.00039965366990291074,-0.0047692938048142786
-27,4.25,0.0004087625936417538,-0.004573778129090211
-27,4.300000000000001,0.00043436364230409197,-0.004400147633664808
-27,4.350000000000001,0.0004743427017350754,-0.004246493638783377
-27,4.4,0.0005268047351441041,-0.004111079656811789
-27,4.450000000000001,0.0005900539015648576,-0.003992325744361924
-27,4.5,0.0006625748819457655,-0.0038887938800953314
-27,4.550000000000001,0.000743015472215447,-0.0037991744105063674
-27,4.600000000000001,0.0008301704617057482,-0.003722273570777368
-27,4.65,0.0009229667831212041,-0.0036570020605504183
-27,4.700000000000001,0.0010204498956749575,-0.0036023646339620186
-27,4.75,0.0011217713450628608,-0.0035574506485338553
-27,4.800000000000001,0.0012261774312953833,-0.0035214255076634338
-27,4.850000000000001,0.0013329989075350213,-0.003493522925489323
-27,4.9,0.0014416416286620048,-0.003473037940249224
-27,4.950000000000001,0.0015515780670378732,-0.0034593206020243628
-27,5.0,0.0016623396137962487,-0.0034517702625387336
-27,5.050000000000001,0.0017735095867621453,-0.0034498303979657585
-27,5.100000000000001,0.0018847168700277805,-0.0034529838999013407
-27,5.15,0.0019956301152079803,-0.003460748774755995
-27,5.200000000000001,0.002105952439870329,-0.00347267419723174
-27,5.25,0.002215416564662398,-0.003488336869363451
-27,5.300000000000001,0.0023237803367948118,-0.0035073376424081815
-27,5.350000000000001,0.0024308225938458605,-0.00352929836483451
-27,5.4,0.002536339328226944,-0.0035538589254850983
-27,5.450000000000001,0.0026401401189266593,-0.003580674466846734
-27,5.5,0.0027420448035666567,-0.0036094127490828853
-27,5.550000000000001,0.002841880370040073,-0.0036397516512276518
-27,5.600000000000001,0.0029394780534728326,-0.0036713768016829462
-27,5.65,0.0030346706305248716,-0.0037039793358393247
-27,5.700000000000001,0.0031272899096723705,-0.0037372537844628795
-27,5.75,0.0032171644225664764,-0.0037708961023787957
-27,5.800000000000001,0.0033041173283017145,-0.003804601852853029
-27,5.850000000000001,0.0033879645491055044,-0.003838064569080757
-27,5.9,0.0034685131626002175,-0.0038709743201135183
-27,5.950000000000001,0.003545560082327981,-0.003903016514299029
-27,6.0,0.003618891064285812,-0.003933870978763743
-26,-6.0,0.02760791230270132,-0.02613638411537189
-26,-5.95,0.02968747616935885,-0.028099166542880027
-26,-5.9,0.03189271526503168,-0.030180578980568917
-26,-5.85,0.0342299783040968,-0.032386621141410554
-26,-5.8,0.036705882524850075,-0.034723546153887064
-26,-5.75,0.03932731265853773,-0.03719785960535127
-26,-5.7,0.04210141815289792,-0.03981631694245724
-26,-5.65,0.045035608499776614,-0.042585919085932344
-26,-5.6,0.048137546496905714,-0.04551390609868089
-26,-5.55,0.051415139253965125,-0.04860774872744544
-26,-5.5,0.054876526732763,-0.051875137619235456
-26,-5.45,0.05853006759119561,-0.05532396999475275
-26,-5.4,0.06238432208071909,-0.05896233354238967
-26,-5.35,0.06644803172774938,-0.0627984872781846
-26,-5.3,0.07073009551082399,-0.06684083909974281
-26,-5.25,0.07523954222792306,-0.07109791974571822
-26,-5.2,0.07998549873223115,-0.0755783528573839
-26,-5.15,0.08497715370024472,-0.08029082082531014
-26,-5.1,0.09022371658386052,-0.08524402609273296
-26,-5.05,0.09573437138831531,-0.09044664757803478
-26,-5.0,0.10151822491120432,-0.09590729187264757
-26,-4.95,0.10758424907475606,-0.1016344388678514
-26,-4.9,0.11394121698487936,-0.10763638146538224
-26,-4.85,0.12059763235689547,-0.11392115903285105
-26,-4.8,0.12756165196029012,-0.12049648427682591
-26,-4.75,0.13484100075421512,-0.12736966322484333
-26,-4.7,0.14244287941288591,-0.13454750803354099
-26,-4.65,0.1503738639768628,-0.14203624237498902
-26,-4.6,0.15863979741357537,-0.14984139919801231
-26,-4.55,0.16724567293012227,-0.15796771071766957
-26,-4.5,0.17619550895466796,-0.16641899055516252
-26,-4.45,0.1854922157917177,-0.17519800803435626
-26,-4.4,0.1951374540627102,-0.18430635474112256
-26,-4.35,0.20513148516892354,-0.19374430356999994
-26,-4.3,0.21547301416044362,-0.203510660620833
-26,-4.25,0.22615902556505552,-0.21360261046817386
-26,-4.2,0.23718461292614867,-0.2240155555099017
-26,-4.15,0.248542803021213,-0.23474295031076764
-26,-4.1,0.26022437598353343,-0.2457761320926095
-26,-4.05,0.2722176828308339,-0.25710414878720744
-26,-4.0,0.28450846221649395,-0.26871358636081766
-26,-3.9499999999999997,0.2970796585617882,-0.28058839744147424
-26,-3.9,0.30991124410053783,-0.2927097336303943
-26,-3.85,0.32298004776874045,-0.30505578425551505
-26,-3.8,0.33625959429788044,-0.3176016247252429
-26,-3.75,0.3497199573164813,-0.3303190780589962
-26,-3.6999999999999997,0.3633276307231099,-0.34317659360153785
-26,-3.65,0.37704542305567623,-0.3561391473613372
-26,-3.5999999999999996,0.39083238003425225,-0.3691681688376647
-26,-3.55,0.4046437408821545,-0.38222149960232277
-26,-3.5,0.41843093441373247,-0.3952533892620459
-26,-3.4499999999999997,0.43214162119469957,-0.408214534725608
-26,-3.4,0.44571978830551073,-0.42105216891084596
-26,-3.3499999999999996,0.4591059033403987,-0.4337102051232594
-26,-3.3,0.4722371342209627,-0.44612944328836257
-26,-3.25,0.48504764115786014,-0.45824784399114404
-26,-3.1999999999999997,0.4974689466194041,-0.470000875832398
-26,-3.15,0.5094303884240542,-0.4813219409181202
-26,-3.0999999999999996,0.5208596600283348,-0.4921428823203441
-26,-3.05,0.5316834407004477,-0.5023945760555889
-26,-3.0,0.5418281165269828,-0.5120076084962907
-26,-2.9499999999999997,0.5512205910804743,-0.5209130381469387
-26,-2.9,0.5597891820776533,-0.5290432383785083
-26,-2.8499999999999996,0.5674645974987633,-0.5363328150377498
-26,-2.8,0.5741809814560008,-0.5427195898677939
-26,-2.75,0.5798770166586795,-0.5481456374537095
-26,-2.6999999999999997,0.5844970667176792,-0.5525583600281928
-26,-2.65,0.5879923378869278,-0.5559115810548532
-26,-2.5999999999999996,0.5903220363107102,-0.5581666351947302
-26,-2.55,0.5914544936177468,-0.559293429228553
-26,-2.5,0.5913682309854136,-0.5592714459480908
-26,-2.4499999999999997,0.5900529298155435,-0.5580906611552225
-26,-2.4,0.5875102761465115,-0.5557523429316331
-26,-2.3499999999999996,0.5837546460930352,-0.5522697024696229
-26,-2.3,0.5788136011439571,-0.5476683671622307
-26,-2.25,0.5727281651973023,-0.5419866494688617
-26,-2.1999999999999997,0.565552859837361,-0.5352755893642022
-26,-2.15,0.5573554805348642,-0.5275987539215352
-26,-2.0999999999999996,0.5482166040447838,-0.519031784654172
-26,-2.05,0.5382288260354564,-0.509661691408502
-26,-2.0,0.527495737537736,-0.4995859005266229
-26,-1.9500000000000002,0.5161306586751176,-0.4889110742315367
-26,-1.8999999999999995,0.5042551577600957,-0.4777517272079488
-26,-1.8499999999999996,0.4919973925982135,-0.4662286745791113
-26,-1.7999999999999998,0.4794903180956328,-0.45446735232303803
-26,-1.75,0.46686980941625383,-0.44259605606547914
-26,-1.7000000000000002,0.4542727524546921,-0.43074414663703403
-26,-1.6499999999999995,0.4418351528730599,-0.4190402703993641
-26,-1.5999999999999996,0.42969031113172307,-0.40761063887778115
-26,-1.5499999999999998,0.41796710373637375,-0.3965774055885511
-26,-1.5,0.4067884004181618,-0.3860571681924931
-26,-1.4500000000000002,0.3962696334464612,-0.37615961149646926
-26,-1.3999999999999995,0.38651751923991085,-0.36698629181234965
-26,-1.3499999999999996,0.3776289146229212,-0.35862954644608824
-26,-1.2999999999999998,0.36968977148787374,-0.35117149457629443
-26,-1.25,0.3627741356337594,-0.3446830787767618
-26,-1.1999999999999993,0.35694311994951666,-0.33922308163198917
-26,-1.1499999999999995,0.3522437711680852,-0.33483704144383786
-26,-1.0999999999999996,0.3487077459011142,-0.3315559875573178
-26,-1.0499999999999998,0.3463497187435661,-0.32939492235483514
-26,-1.0,0.34516546624368327,-0.3283509966446671
-26,-0.9499999999999993,0.3451296085221427,-0.3284013608982013
-26,-0.8999999999999995,0.34619304741327794,-0.32950072857373097
-26,-0.8499999999999996,0.34828021650958996,-0.33157875989048063
-26,-0.7999999999999998,0.35128635194229396,-0.3345374625207773
-26,-0.75,0.35507509686521077,-0.33824890380780387
-26,-0.6999999999999993,0.35947685658707873,-0.3425536270357305
-26,-0.6499999999999995,0.3642884093261559,-0.347260247085751
-26,-0.5999999999999996,0.3692743292039845,-0.35214674929944595
-26,-0.5499999999999998,0.3741707695582982,-0.3569640072629382
-26,-0.5,0.3786920614290006,-0.361441947673389
-26,-0.4499999999999993,0.38254038338391394,-0.36529860419911586
-26,-0.39999999999999947,0.3854184443226383,-0.36825200781682654
-26,-0.34999999999999964,0.387044699292741,-0.3700344668961837
-26,-0.2999999999999998,0.3871701270684671,-0.37040833131348205
-26,-0.25,0.3855951100744913,-0.36918187895686466
-26,-0.1999999999999993,0.3821845787845066,-0.36622360927478415
-26,-0.14999999999999947,0.37687943818160674,-0.36147309239276315
-26,-0.09999999999999964,0.3697024913295113,-0.35494670414908813
-26,-0.04999999999999982,0.36075766096990924,-0.346737120291166
-26,0.0,0.35022222829928196,-0.3370062951559128
-26,0.05000000000000071,0.33833288800062467,-0.32597265324651753
-26,0.10000000000000053,0.32536740905892025,-0.3138941433944969
-26,0.15000000000000036,0.31162433798987177,-0.3010494092062069
-26,0.20000000000000018,0.29740332021404736,-0.2877194633464658
-26,0.25,0.28298823376339843,-0.2741719047361989
-26,0.3000000000000007,0.2686345679720603,-0.2606490167443839
-26,0.35000000000000053,0.25456157194378504,-0.2473602469351902
-26,0.40000000000000036,0.24094888010709825,-0.23447881380424063
-26,0.4500000000000002,0.2279367584377927,-0.2221416643463
-26,0.5,0.21562886145805193,-0.2104517705764165
-26,0.5500000000000007,0.2040964087460162,-0.1994817680864963
-26,0.6000000000000005,0.1933828875393928,-0.18927811964229413
-26,0.6500000000000004,0.18350866159659218,-0.1798652362550064
-26,0.7000000000000002,0.17447513306924178,-0.17124923093544586
-26,0.75,0.16626831505776773,-0.1634211718161943
-26,0.8000000000000007,0.15886181148577405,-0.15635982681566551
-26,0.8500000000000005,0.15221927435806615,-0.1500339577368861
-26,0.9000000000000004,0.14629643402823245,-0.14440424413413722
-26,0.9500000000000002,0.14104279544821408,-0.13942491462044404
-26,1.0,0.13640307855701828,-0.13504515023902686
-26,1.0500000000000007,0.1323184643081472,-0.13121031039303999
-26,1.1000000000000005,0.1287276942075768,-0.12786302084915846
-26,1.1500000000000004,0.12556806158046951,-0.12494415610665799
-26,1.2000000000000002,0.12277632592418541,-0.12239374364270539
-26,1.25,0.1202895758325142,-0.12015181338889791
-26,1.3000000000000007,0.11804605962647319,-0.1181592108356242
-26,1.3500000000000005,0.11598599530662934,-0.11635838575027169
-26,1.4000000000000004,0.1140523628579726,-0.1146941607724059
-26,1.4500000000000002,0.1121916729954644,-0.11311447583444001
-26,1.5,0.11035469814360477,-0.11157109646128238
-26,1.5500000000000007,0.1084971448215093,-0.11002026755205296
-26,1.6000000000000005,0.10658024247811593,-0.10842329006753526
-26,1.6500000000000004,0.10457122267423946,-0.1067469966367165
-26,1.7000000000000002,0.10244366443316899,-0.10496410357581376
-26,1.75,0.10017768630117097,-0.10305342094562775
-26,1.8000000000000007,0.09775997259172264,-0.10099990852705942
-26,1.8500000000000005,0.09518362964690352,-0.09879457324166174
-26,1.9000000000000004,0.09244787685838585,-0.09643421176455225
-26,1.9500000000000002,0.08955758578799067,-0.0939210100631529
-26,2.0,0.08652268826097886,-0.09126201863817829
-26,2.0500000000000007,0.0833574801976611,-0.08846852779695102
-26,2.0999999999999996,0.08007985183745214,-0.08555537100609278
-26,2.1500000000000004,0.07671047675432607,-0.08254018611145941
-26,2.200000000000001,0.07327199173007948,-0.07944266403088296
-26,2.25,0.06978819737823416,-0.07628381263212525
-26,2.3000000000000007,0.06628330575532226,-0.07308526023141582
-26,2.3499999999999996,0.06278125648571065,-0.06986861887973639
-26,2.4000000000000004,0.05930511760813406,-0.06665492275680007
-26,2.450000000000001,0.05587658185105804,-0.06346415195792288
-26,2.5,0.05251556372821975,-0.06031484707823509
-26,2.5500000000000007,0.04923989800822248,-0.05722381554360645
-26,2.5999999999999996,0.04606513596079642,-0.054205926802379345
-26,2.6500000000000004,0.04300443244091756,-0.051273990392695534
-26,2.700000000000001,0.04006851438748171,-0.048438708582434487
-26,2.75,0.037265719668778896,-0.04570869372931652
-26,2.8000000000000007,0.03460209433657635,-0.04309053966845955
-26,2.8499999999999996,0.032081536154886514,-0.04058893621387538
-26,2.9000000000000004,0.029705972629213928,-0.038206816150741396
-26,2.950000000000001,0.02747556255173489,-0.03594552478216784
-26,3.0,0.025388911173897633,-0.033805003064933725
-26,3.0500000000000007,0.0234432904072297,-0.031783976519723645
-26,3.0999999999999996,0.021634856836640015,-0.029880143342178478
-26,3.1500000000000004,0.019958861726374177,-0.028090356396443195
-26,3.200000000000001,0.018409848542648266,-0.026410794983916297
-26,3.25,0.016981834761657044,-0.024837123403108397
-26,3.3000000000000007,0.01566847584541664,-0.023364634322681432
-26,3.3499999999999996,0.014463210232497747,-0.021988375861980103
-26,3.4000000000000004,0.013359384999057866,-0.02070326200487127
-26,3.450000000000001,0.012350362499357281,-0.019504166564899617
-26,3.5,0.01142960880223498,-0.018386001379732786
-26,3.5500000000000007,0.010590765113667633,-0.01734377975214807
-26,3.6000000000000014,0.009827703630808315,-0.01637266638720325
-26,3.6500000000000004,0.009134569426721306,-0.015468015216064668
-26,3.700000000000001,0.008505810034450612,-0.014625396561397608
-26,3.75,0.007936194400365082,-0.013840615102498344
-26,3.8000000000000007,0.007420822825414675,-0.013109720053776641
-26,3.8500000000000014,0.006955129422445694,-0.012429008890721072
-26,3.9000000000000004,0.006534878500282559,-0.011795025853414298
-26,3.950000000000001,0.006156156150729508,-0.01120455633849593
-26,4.0,0.005815358171616047,-0.010654618163591145
-26,4.050000000000001,0.005509175313962444,-0.010142450559671445
-26,4.100000000000001,0.005234576699490567,-0.009665501621243688
-26,4.15,0.004988792119990926,-0.009221414825107743
-26,4.200000000000001,0.004769293804814723,-0.008808015118006107
-26,4.25,0.004573778129089767,-0.00842329497336225
-26,4.300000000000001,0.004400147633664808,-0.008065400728215266
-26,4.350000000000001,0.004246493638783377,-0.007732619433642007
-26,4.4,0.004111079656810901,-0.00742336638521035
-26,4.450000000000001,0.00399232574436148,-0.0071361734437571656
-26,4.5,0.0038887938800948874,-0.006869678210363439
-26,4.550000000000001,0.0037991744105063674,-0.006622614081803313
-26,4.600000000000001,0.003722273570777368,-0.006393801183156356
-26,4.65,0.0036570020605513065,-0.006182138151579419
-26,4.700000000000001,0.0036023646339629067,-0.005986594728519368
-26,4.75,0.0035574506485342994,-0.005806205106104745
-26,4.800000000000001,0.003521425507663878,-0.0056400619659218165
-26,4.850000000000001,0.003493522925488435,-0.005487311144538154
-26,4.9,0.003473037940249668,-0.005347146858798446
-26,4.950000000000001,0.0034593206020234746,-0.005218807424899108
-26,5.0,0.0034517702625391777,-0.005101571407746253
-26,5.050000000000001,0.0034498303979644263,-0.004994754140838165
-26,5.100000000000001,0.003452983899902229,-0.004897704561454219
-26,5.15,0.003460748774755551,-0.0048098023110112464
-26,5.200000000000001,0.003472674197232628,-0.0047304550558742164
-26,5.25,0.003488336869364339,-0.004659095989406392
-26,5.300000000000001,0.0035073376424081815,-0.004595181481669819
-26,5.350000000000001,0.0035292983648327336,-0.004538188848640878
-26,5.4,0.003553858925484654,-0.004487614218296798
-26,5.450000000000001,0.003580674466848066,-0.004442970476195018
-26,5.5,0.0036094127490828853,-0.004403785278390249
-26,5.550000000000001,0.0036397516512272077,-0.004369599124720569
-26,5.600000000000001,0.0036713768016829462,-0.0043399634905285644
-26,5.65,0.0037039793358379924,-0.004314439020036254
-26,5.700000000000001,0.0037372537844628795,-0.004292593789720023
-26,5.75,0.0037708961023783516,-0.004274001655154347
-26,5.800000000000001,0.0038046018528516967,-0.004258240700129701
-26,5.850000000000001,0.003838064569080757,-0.004244891812024143
-26,5.9,0.0038709743201144065,-0.004233537412683397
-26,5.950000000000001,0.0039030165142994733,-0.004223760379129526
-26,6.0,0.003933870978763743,-0.004215143193206927
-25,-6.0,0.026136384115372335,-0.02469856362807832
-25,-5.95,0.02809916654288036,-0.02654756948354242
-25,-5.9,0.03018057898056936,-0.02850834076105002
-25,-5.85,0.032386621141410665,-0.030586536755756066
-25,-5.8,0.03472354615388662,-0.03278805546019714
-25,-5.75,0.03719785960535105,-0.03511903267920169
-25,-5.7,0.03981631694245724,-0.037585839601549154
-25,-5.65,0.04258591908593268,-0.04019507869320482
-25,-5.6,0.04551390609868078,-0.04295357775982245
-25,-5.55,0.048607748727445665,-0.04586838200861898
-25,-5.5,0.05187513761923501,-0.04894674392191578
-25,-5.45,0.055323969994753086,-0.05219611073688335
-25,-5.4,0.058962333542389445,-0.05562410930850481
-25,-5.35,0.06279848727818471,-0.059238528115800104
-25,-5.3,0.06684083909974248,-0.0630472961550137
-25,-5.25,0.07109791974571855,-0.0670584584481726
-25,-5.2,0.07557835285738401,-0.0712801478812577
-25,-5.15,0.08029082082531003,-0.07572055307366798
-25,-5.1,0.0852440260927324,-0.08038788196992463
-25,-5.05,0.09044664757803511,-0.08529032083608445
-25,-5.0,0.09590729187264757,-0.09043598833762534
-25,-4.95,0.1016344388678515,-0.09583288437305804
-25,-4.9,0.10763638146538224,-0.101488833338925
-25,-4.85,0.11392115903285072,-0.10741142150771177
-25,-4.8,0.1204964842768258,-0.11360792821147125
-25,-4.75,0.12736966322484344,-0.12008525054137431
-25,-4.7,0.13454750803354154,-0.1268498212979252
-25,-4.65,0.14203624237498913,-0.133907519959517
-25,-4.6,0.1498413991980122,-0.14126357647914034
-25,-4.55,0.15796771071766968,-0.1489224677722123
-25,-4.5,0.16641899055516274,-0.1568878068235382
-25,-4.45,0.17519800803435648,-0.1651622244203943
-25,-4.4,0.18430635474112256,-0.1737472436128038
-25,-4.35,0.1937443035699995,-0.1826431471132639
-25,-4.3,0.20351066062083267,-0.19184883797803254
-25,-4.25,0.21360261046817408,-0.2013616940624683
-25,-4.2,0.2240155555099016,-0.21117741691537395
-25,-4.15,0.23474295031076753,-0.2212898759736981
-25,-4.1,0.24577613209260962,-0.23169094914039046
-25,-4.05,0.25710414878720733,-0.2423703610760677
-25,-4.0,0.26871358636081744,-0.25331552080990294
-25,-3.9499999999999997,0.28058839744147435,-0.2645113605770846
-25,-3.9,0.2927097336303942,-0.275940178118391
-25,-3.85,0.30505578425551505,-0.2875814850303955
-25,-3.8,0.317601624725243,-0.29941186412954823
-25,-3.75,0.3303190780589961,-0.3114048391853501
-25,-3.6999999999999997,0.3431765936015376,-0.3235307607808984
-25,-3.65,0.35613914736133734,-0.3357567124647616
-25,-3.5999999999999996,0.3691681688376647,-0.34804644175555755
-25,-3.55,0.38222149960232266,-0.3603603209363042
-25,-3.5,0.3952533892620459,-0.37265534291284386
-25,-3.4499999999999997,0.40821453472560787,-0.3848851576898751
-25,-3.4,0.42105216891084607,-0.3970001552161907
-25,-3.3499999999999996,0.43371020512325953,-0.4089476004416325
-25,-3.3,0.44612944328836257,-0.4206718263828755
-25,-3.25,0.45824784399114415,-0.4321144907822777
-25,-3.1999999999999997,0.470000875832398,-0.4432149015305511
-25,-3.15,0.4813219409181202,-0.45391041537710897
-25,-3.0999999999999996,0.4921428823203442,-0.46413691353953745
-25,-3.05,0.502394576055589,-0.47382935661760206
-25,-3.0,0.5120076084962907,-0.4829224196948628
-25,-2.9499999999999997,0.5209130381469387,-0.4913512066588638
-25,-2.9,0.5290432383785082,-0.4990520405874531
-25,-2.8499999999999996,0.5363328150377499,-0.505963324548275
-25,-2.8,0.5427195898677939,-0.5120264643742042
-25,-2.75,0.5481456374537095,-0.5171868419653839
-25,-2.6999999999999997,0.5525583600281929,-0.5213948245095615
-25,-2.65,0.5559115810548532,-0.5246067918147762
-25,-2.5999999999999996,0.5581666351947301,-0.5267861608471647
-25,-2.55,0.559293429228553,-0.5279043837225237
-25,-2.5,0.5592714459480908,-0.5279418929951402
-25,-2.4499999999999997,0.5580906611552225,-0.5268889663173474
-25,-2.4,0.5557523429316331,-0.5247464816083612
-25,-2.3499999999999996,0.5522697024696228,-0.5215265339619303
-25,-2.3,0.5476683671622307,-0.5172528868046925
-25,-2.25,0.5419866494688617,-0.5119612324131585
-25,-2.1999999999999997,0.5352755893642022,-0.5056992408674659
-25,-2.15,0.5275987539215352,-0.49852638184609976
-25,-2.0999999999999996,0.519031784654172,-0.4905135102358539
-25,-2.05,0.509661691408502,-0.48174221413205215
-25,-2.0,0.49958590052662294,-0.47230393211913146
-25,-1.9500000000000002,0.4889110742315366,-0.46229885534023885
-25,-1.8999999999999995,0.47775172720794884,-0.4518346382992308
-25,-1.8499999999999996,0.4662286745791113,-0.4410249500525832
-25,-1.7999999999999998,0.4544673523230381,-0.4299879038909805
-25,-1.75,0.44259605606547925,-0.4188444082530743
-25,-1.7000000000000002,0.430744146637034,-0.4077164839916893
-25,-1.6499999999999995,0.4190402703993641,-0.39672559285713316
-25,-1.5999999999999996,0.40761063887778115,-0.3859910189285194
-25,-1.5499999999999998,0.39657740558855104,-0.37562833861146605
-25,-1.5,0.38605716819249314,-0.3657480057849656
-25,-1.4500000000000002,0.37615961149646926,-0.35645406694626486
-25,-1.3999999999999995,0.36698629181234965,-0.3478430071798269
-25,-1.3499999999999996,0.3586295464460882,-0.3400027120888797
-25,-1.2999999999999998,0.3511714945762945,-0.3330115143593446
-25,-1.25,0.34468307877676185,-0.3269372775815598
-25,-1.1999999999999993,0.3392230816319893,-0.32183645593053944
-25,-1.1499999999999995,0.33483704144383786,-0.3177530583397914
-25,-1.0999999999999996,0.33155598755731785,-0.31471744238631694
-25,-1.0499999999999998,0.3293949223548351,-0.31274486909059684
-25,-1.0,0.32835099664466716,-0.311833768224132
-25,-0.9499999999999993,0.32840136089820127,-0.31196369725110934
-25,-0.8999999999999995,0.3295007285737308,-0.31309302759851987
-25,-0.8499999999999996,0.3315787598904806,-0.3151564598097931
-25,-0.7999999999999998,0.3345374625207773,-0.3180625520367877
-25,-0.75,0.3382489038078039,-0.3216915386314707
-25,-0.6999999999999993,0.34255362703573056,-0.32589380762702747
-25,-0.6499999999999995,0.347260247085751,-0.330489483631862
-25,-0.5999999999999996,0.3521467492994459,-0.33526960808735834
-25,-0.5499999999999998,0.3569640072629382,-0.33999940115288263
-25,-0.5,0.3614419476733888,-0.34442400743458446
-25,-0.4499999999999993,0.36529860419911586,-0.34827695357380434
-25,-0.39999999999999947,0.36825200781682654,-0.3512912707379948
-25,-0.34999999999999964,0.3700344668961837,-0.3532128673340103
-25,-0.2999999999999998,0.37040833131348205,-0.3538153094917144
-25,-0.25,0.3691818789568645,-0.3529147421102077
-25,-0.1999999999999993,0.36622360927478415,-0.35038335346971816
-25,-0.14999999999999947,0.3614730923927634,-0.34615965846940394
-25,-0.09999999999999964,0.35494670414908813,-0.340254042382434
-25,-0.04999999999999982,0.346737120291166,-0.332748508572512
-25,0.0,0.33700629515591274,-0.32379036201254363
-25,0.05000000000000071,0.32597265324651725,-0.31358048953232126
-25,0.10000000000000053,0.31389414339449684,-0.30235775231630435
-25,0.15000000000000036,0.3010494092062068,-0.29038156855705743
-25,0.20000000000000018,0.2877194633464659,-0.27791489277422804
-25,0.25,0.274171904736199,-0.2652094814380299
-25,0.3000000000000007,0.2606490167443838,-0.2524946915834899
-25,0.35000000000000053,0.24736024693519032,-0.23997028909221152
-25,0.40000000000000036,0.23447881380424085,-0.2278030480744032
-25,0.4500000000000002,0.2221416643462999,-0.21612644169532091
-25,0.5,0.2104517705764164,-0.2050425061779736
-25,0.5500000000000007,0.1994817680864962,-0.19462497124167177
-25,0.6000000000000005,0.18927811964229435,-0.184922913052745
-25,0.6500000000000004,0.1798652362550064,-0.17596441212690517
-25,0.7000000000000002,0.17124923093544586,-0.16775991865900464
-25,0.75,0.16342117181619442,-0.16030520069354737
-25,0.8000000000000007,0.15635982681566563,-0.15358386320802975
-25,0.8500000000000005,0.15003395773688588,-0.1475694845772848
-25,0.9000000000000004,0.14440424413413666,-0.14222743637570634
-25,0.9500000000000002,0.13942491462044426,-0.13751644981582456
-25,1.0,0.13504515023902686,-0.13338998074255448
-25,1.0500000000000007,0.13121031039303954,-0.12979741335343986
-25,1.1000000000000005,0.1278630208491589,-0.12668513431794448
-25,1.1500000000000004,0.12494415610665754,-0.12399750401264575
-25,1.2000000000000002,0.12239374364270539,-0.12167774874514725
-25,1.25,0.12015181338889747,-0.1196687952834854
-25,1.3000000000000007,0.11815921083562397,-0.11791406535014559
-25,1.3500000000000005,0.11635838575027169,-0.11635824237428949
-25,1.4000000000000004,0.11469416077240568,-0.11494801589180081
-25,1.4500000000000002,0.11311447583444023,-0.11363280127362829
-25,1.5,0.1115710964612826,-0.11236542496081858
-25,1.5500000000000007,0.11002026755205296,-0.1111027591118594
-25,1.6000000000000005,0.10842329006753504,-0.10980628535227543
-25,1.6500000000000004,0.10674699663671605,-0.10844256566772859
-25,1.7000000000000002,0.10496410357581398,-0.10698359954614478
-25,1.75,0.10305342094562775,-0.1054070500517148
-25,1.8000000000000007,0.10099990852705965,-0.10369632712185806
-25,1.8500000000000005,0.09879457324166196,-0.10184052334384575
-25,1.9000000000000004,0.09643421176455247,-0.09983420502728979
-25,1.9500000000000002,0.09392101006315245,-0.09767706878603111
-25,2.0,0.09126201863817762,-0.09537348041175586
-25,2.0500000000000007,0.08846852779695125,-0.0929319180457362
-25,2.0999999999999996,0.08555537100609234,-0.09036434520243986
-25,2.1500000000000004,0.08254018611145897,-0.08768554093069847
-25,2.200000000000001,0.07944266403088207,-0.08491241435526264
-25,2.25,0.07628381263212525,-0.08206332921328041
-25,2.3000000000000007,0.07308526023141582,-0.07915746108332078
-25,2.3499999999999996,0.06986861887973683,-0.07621420615804242
-25,2.4000000000000004,0.06665492275680007,-0.07325265601385844
-25,2.450000000000001,0.06346415195792243,-0.07029114824234117
-25,2.5,0.060314847078235534,-0.06734689834387941
-25,2.5500000000000007,0.05722381554360645,-0.06443571419582561
-25,2.5999999999999996,0.05420592680237979,-0.06157179087554843
-25,2.6500000000000004,0.05127399039269509,-0.05876758075247679
-25,2.700000000000001,0.048438708582434487,-0.05603373160653158
-25,2.75,0.04570869372931652,-0.05337908407320979
-25,2.8000000000000007,0.04309053966845955,-0.050810718905725416
-25,2.8499999999999996,0.04058893621387538,-0.048334044301325374
-25,2.9000000000000004,0.03820681615074051,-0.04595291376417787
-25,2.950000000000001,0.03594552478216784,-0.043669765567140306
-25,3.0,0.033805003064933725,-0.0414857757267062
-25,3.0500000000000007,0.031783976519722756,-0.039401017425344964
-25,3.0999999999999996,0.029880143342178034,-0.037414620920532826
-25,3.1500000000000004,0.028090356396444083,-0.03552492910158911
-25,3.200000000000001,0.026410794983916297,-0.033729644940025505
-25,3.25,0.02483712340310884,-0.03202596808670988
-25,3.3000000000000007,0.023364634322681432,-0.030410718772833967
-25,3.3499999999999996,0.021988375861980547,-0.02888044795595146
-25,3.4000000000000004,0.02070326200487127,-0.02743153331067516
-25,3.450000000000001,0.019504166564899617,-0.026060261197082824
-25,3.5,0.018386001379732786,-0.02476289515474761
-25,3.5500000000000007,0.017343779752148514,-0.02353573177681456
-25,3.6000000000000014,0.016372666387203694,-0.022375145029120524
-25,3.6500000000000004,0.015468015216065112,-0.021277620207643455
-25,3.700000000000001,0.014625396561397608,-0.020239778787411566
-25,3.75,0.0138406151024979,-0.019258395420791885
-25,3.8000000000000007,0.013109720053776641,-0.0183304083051965
-25,3.8500000000000014,0.012429008890721072,-0.017452924070890496
-25,3.9000000000000004,0.011795025853413854,-0.01662321824840518
-25,3.950000000000001,0.011204556338495486,-0.015838732270336386
-25,4.0,0.010654618163591145,-0.01509706785080267
-25,4.050000000000001,0.010142450559670557,-0.014395979472893394
-25,4.100000000000001,0.009665501621243244,-0.013733365604291947
-25,4.15,0.009221414825108631,-0.013107259156848183
-25,4.200000000000001,0.008808015118005663,-0.012515817609478841
-25,4.25,0.008423294973363582,-0.011957313126458757
-25,4.300000000000001,0.008065400728215266,-0.011430122925955466
-25,4.350000000000001,0.007732619433641119,-0.01093272008631363
-25,4.4,0.00742336638521035,-0.0104636649203389
-25,4.450000000000001,0.007136173443756277,-0.01002159699975369
-25,4.5,0.006869678210363439,-0.009605227872752309
-25,4.550000000000001,0.006622614081803313,-0.009213334486105396
-25,4.600000000000001,0.006393801183157244,-0.00884475329884582
-25,4.65,0.006182138151578975,-0.008498375056205099
-25,4.700000000000001,0.005986594728519812,-0.008173140179348781
-25,4.75,0.005806205106104301,-0.007868034717771533
-25,4.800000000000001,0.0056400619659218165,-0.0075820868060700874
-25,4.850000000000001,0.005487311144538154,-0.007314363564681958
-25,4.9,0.005347146858798446,-0.007063968384307895
-25,4.950000000000001,0.005218807424899552,-0.006830038535663441
-25,5.0,0.005101571407746697,-0.006611743049420138
-25,5.050000000000001,0.004994754140839497,-0.006408280815382472
-25,5.100000000000001,0.004897704561454219,-0.006218878854685084
-25,5.15,0.004809802311010358,-0.006042790723972846
-25,5.200000000000001,0.00473045505587244,-0.0058792950157919854
-25,5.25,0.004659095989405948,-0.005727693924790334
-25,5.300000000000001,0.004595181481669819,-0.005587311854578392
-25,5.350000000000001,0.004538188848639102,-0.005457494045268074
-25,5.4,0.004487614218297686,-0.005337605206664708
-25,5.450000000000001,0.004442970476194574,-0.005227028146968404
-25,5.5,0.004403785278390693,-0.005125162391489635
-25,5.550000000000001,0.004369599124720125,-0.005031422790521489
-25,5.600000000000001,0.004339963490526344,-0.004945238120004802
-25,5.65,0.004314439020036254,-0.004866049683118323
-25,5.700000000000001,0.004292593789720023,-0.004793309925444689
-25,5.75,0.004274001655153903,-0.004726481080890466
-25,5.800000000000001,0.004258240700129257,-0.004665033870132174
-25,5.850000000000001,0.004244891812025031,-0.004608446277936551
-25,5.9,0.004233537412682509,-0.0045562024403107415
-25,5.950000000000001,0.0042237603791299705,-0.004507791676821249
-25,6.0,0.004215143193206927,-0.004462707707617142
-24,-6.0,0.024698563628077652,-0.02329445084081705
-24,-5.95,0.02654756948354231,-0.025032684991344922
-24,-5.9,0.028508340761050133,-0.02687600060647366
-24,-5.85,0.030586536755755844,-0.028829725147132557
-24,-5.8,0.03278805546019714,-0.030899410443780972
-24,-5.75,0.0351190326792018,-0.03309083188009021
-24,-5.7,0.037585839601549154,-0.03540998613017354
-24,-5.65,0.040195078693205044,-0.037863087321593714
-24,-5.6,0.04295357775982256,-0.040456561480330944
-24,-5.55,0.04586838200861876,-0.04319703909748407
-24,-5.5,0.04894674392191545,-0.046091345640804526
-24,-5.45,0.05219611073688324,-0.04914648981758618
-24,-5.4,0.0556241093085047,-0.0523696493790653
-24,-5.35,0.05923852811579988,-0.055768154240595
-24,-5.3,0.06304729615501359,-0.05934946667663765
-24,-5.25,0.06705845844817249,-0.06312115833528509
-24,-5.2,0.07128014788125758,-0.0670908838038522
-24,-5.15,0.07572055307366787,-0.07126635044531748
-24,-5.1,0.08038788196992486,-0.07565528421543855
-24,-5.05,0.08529032083608479,-0.08026539116246445
-24,-5.0,0.0904359883376249,-0.08510431430613608
-24,-4.95,0.09583288437305781,-0.09017958559037575
-24,-4.9,0.10148883333892478,-0.09549857260550709
-24,-4.85,0.10741142150771132,-0.10106841978147796
-24,-4.8,0.1136079282114717,-0.10689598376422738
-24,-4.75,0.12008525054137409,-0.11298776270380761
-24,-4.7,0.12684982129792577,-0.11934981920603893
-24,-4.65,0.1339075199595171,-0.12598769673044719
-24,-4.6,0.14126357647914012,-0.13290632925695967
-24,-4.55,0.14892246777221219,-0.14010994409374988
-24,-4.5,0.15688780682353787,-0.14760195775979357
-24,-4.45,0.1651622244203943,-0.1553848649498315
-24,-4.4,0.1737472436128037,-0.16346012067775417
-24,-4.35,0.18264314711326368,-0.1718280157987162
-24,-4.3,0.19184883797803265,-0.180487546232043
-24,-4.25,0.20136169406246873,-0.18943627634793936
-24,-4.2,0.2111774169153745,-0.19867019714256706
-24,-4.15,0.2212898759736981,-0.20818358001000492
-24,-4.1,0.2316909491403908,-0.2179688271268776
-24,-4.05,0.2423703610760678,-0.22801631969741543
-24,-4.0,0.2533155208099034,-0.23831426556375157
-24,-3.9499999999999997,0.2645113605770847,-0.24884854796861977
-24,-3.9,0.2759401781183909,-0.2596025775645272
-24,-3.85,0.2875814850303954,-0.270557150093381
-24,-3.8,0.29941186412954834,-0.2816903125107961
-24,-3.75,0.3114048391853499,-0.29297724069554265
-24,-3.6999999999999997,0.3235307607808985,-0.30439013226119216
-24,-3.65,0.3357567124647617,-0.3158981183659493
-24,-3.5999999999999996,0.34804644175555766,-0.3274671987879312
-24,-3.55,0.3603603209363041,-0.3390602048840996
-24,-3.5,0.37265534291284386,-0.350636795366126
-24,-3.4499999999999997,0.38488515768987497,-0.3621534900875001
-24,-3.4,0.3970001552161907,-0.3735637472215443
-24,-3.3499999999999996,0.4089476004416325,-0.3848180892955171
-24,-3.3,0.4206718263828756,-0.3958642835045012
-24,-3.25,0.43211449078227776,-0.40664758153126046
-24,-3.1999999999999997,0.4432149015305511,-0.4171110237138632
-24,-3.15,0.4539104153771091,-0.4271958118010214
-24,-3.0999999999999996,0.46413691353953745,-0.4368417536859138
-24,-3.05,0.4738293566176021,-0.44598778238648773
-24,-3.0,0.4829224196948628,-0.4545725501226987
-24,-2.9499999999999997,0.49135120665886384,-0.4625350966162499
-24,-2.9,0.4990520405874531,-0.46981558870448803
-24,-2.8499999999999996,0.5059633245482751,-0.4763561260303386
-24,-2.8,0.5120264643742043,-0.4821016049752316
-24,-2.75,0.5171868419653838,-0.48700063019370254
-24,-2.6999999999999997,0.5213948245095615,-0.4910064601617843
-24,-2.65,0.5246067918147762,-0.4940779701666962
-24,-2.5999999999999996,0.5267861608471647,-0.4961806132680142
-24,-2.55,0.5279043837225237,-0.49728735709965965
-24,-2.5,0.52794189299514,-0.49737957212656114
-24,-2.4499999999999997,0.5268889663173473,-0.49644784530191777
-24,-2.4,0.5247464816083611,-0.4944926921766959
-24,-2.3499999999999996,0.5215265339619302,-0.491525140569958
-24,-2.3,0.5172528868046925,-0.4875671600713437
-24,-2.25,0.5119612324131586,-0.48265191403019236
-24,-2.1999999999999997,0.5056992408674659,-0.47682381434715204
-24,-2.15,0.49852638184609976,-0.4701383643085577
-24,-2.0999999999999996,0.4905135102358539,-0.4626617807898291
-24,-2.05,0.48174221413205226,-0.45447039420610724
-24,-2.0,0.47230393211913146,-0.44564983231526084
-24,-1.9500000000000002,0.46229885534023896,-0.4362940020012248
-24,-1.8999999999999995,0.45183463829923104,-0.4265038910339422
-24,-1.8499999999999996,0.4410249500525831,-0.41638621901862904
-24,-1.7999999999999998,0.4299879038909805,-0.40605197279946015
-24,-1.75,0.41884440825307406,-0.39561486597903917
-24,-1.7000000000000002,0.40771648399168925,-0.3851897645186583
-24,-1.6499999999999995,0.39672559285713316,-0.37489112024636706
-24,-1.5999999999999996,0.3859910189285194,-0.36483145128393735
-24,-1.5499999999999998,0.37562833861146605,-0.35511990280511907
-24,-1.5,0.3657480057849655,-0.34586091319557927
-24,-1.4500000000000002,0.35645406694626486,-0.33715299979584873
-24,-1.3999999999999995,0.34784300717982697,-0.3290876653423427
-24,-1.3499999999999996,0.34000271208887967,-0.3217484115512958
-24,-1.2999999999999998,0.3330115143593446,-0.3152098308370245
-24,-1.25,0.3269372775815599,-0.30953673204815374
-24,-1.1999999999999993,0.32183645593053944,-0.3047832428451678
-24,-1.1499999999999995,0.3177530583397914,-0.30099182185594553
-24,-1.0999999999999996,0.31471744238631694,-0.2981921103881121
-24,-1.0499999999999998,0.31274486909059684,-0.29639955895085146
-24,-1.0,0.31183376822413195,-0.2956137809820781
-24,-0.9499999999999993,0.3119636972511093,-0.29581661758086686
-24,-0.8999999999999995,0.31309302759851976,-0.29696994448764413
-24,-0.8499999999999996,0.3151564598097931,-0.2990133162675272
-24,-0.7999999999999998,0.31806255203678757,-0.30186162049032506
-24,-0.75,0.3216915386314706,-0.30540300133621134
-24,-0.6999999999999993,0.32589380762702735,-0.3094973983609698
-24,-0.6499999999999995,0.33048948363186204,-0.31397611896448857
-24,-0.5999999999999996,0.3352696080873584,-0.31864290556772146
-24,-0.5499999999999998,0.33999940115288263,-0.3232769512281318
-24,-0.5,0.34442400743458446,-0.3276382407125871
-24,-0.4499999999999993,0.3482769535738044,-0.33147543150797937
-24,-0.39999999999999947,0.35129127073799493,-0.3345362330861428
-24,-0.34999999999999964,0.35321286733401036,-0.33657990060622084
-24,-0.2999999999999998,0.3538153094917146,-0.33739106160316434
-24,-0.25,0.3529147421102077,-0.3367936995345205
-24,-0.1999999999999993,0.35038335346971805,-0.33466381136930873
-24,-0.14999999999999947,0.346159658469404,-0.3309391364115289
-24,-0.09999999999999964,0.34025404238243406,-0.3256245060295492
-24,-0.04999999999999982,0.3327485085725119,-0.3187918258139471
-24,0.0,0.32379036201254374,-0.3105744288691745
-24,0.05000000000000071,0.3135804895323213,-0.30115639685803597
-24,0.10000000000000053,0.3023577523163046,-0.2907582358243428
-24,0.15000000000000036,0.29038156855705766,-0.27962081604242384
-24,0.20000000000000018,0.2779148927742281,-0.2679896084973336
-24,0.25,0.2652094814380299,-0.2561009638688911
-24,0.3000000000000007,0.2524946915834898,-0.2441715924893787
-24,0.35000000000000053,0.23997028909221152,-0.23239169841484902
-24,0.40000000000000036,0.2278030480744031,-0.22092158291758568
-24,0.4500000000000002,0.21612644169532103,-0.20989109048485488
-24,0.5,0.20504250617797348,-0.19940106826272375
-24,0.5500000000000007,0.1946249712416721,-0.18952601821154325
-24,0.6000000000000005,0.184922913052745,-0.18031726777074497
-24,0.6500000000000004,0.17596441212690506,-0.17180618921228785
-24,0.7000000000000002,0.16775991865900464,-0.164007196239918
-24,0.75,0.16030520069354726,-0.15692040168982624
-24,0.8000000000000007,0.15358386320802997,-0.1505339206628672
-24,0.8500000000000005,0.14756948457728503,-0.14482585487926192
-24,0.9000000000000004,0.14222743637570678,-0.13976601075294037
-24,0.9500000000000002,0.13751644981582434,-0.1353174010343554
-24,1.0,0.13338998074255404,-0.13143757006760026
-24,1.0500000000000007,0.12979741335343986,-0.12807977318934705
-24,1.1000000000000005,0.12668513431794448,-0.12519403461393486
-24,1.1500000000000004,0.12399750401264598,-0.12272810529843281
-24,1.2000000000000002,0.12167774874514725,-0.12062834123151145
-24,1.25,0.11966879528348517,-0.11884052151627755
-24,1.3000000000000007,0.11791406535014559,-0.11731062317003804
-24,1.3500000000000005,0.11635824237428949,-0.11598556517868275
-24,1.4000000000000004,0.11494801589180081,-0.11481392821615755
-24,1.4500000000000002,0.11363280127362785,-0.1137466493130288
-24,1.5,0.11236542496081814,-0.11273768364221359
-24,1.5500000000000007,0.1111027591118594,-0.11174461950092818
-24,1.6000000000000005,0.10980628535227499,-0.1107292283323349
-24,1.6500000000000004,0.10844256566772792,-0.10965792976727551
-24,1.7000000000000002,0.10698359954614478,-0.10850215234416227
-24,1.75,0.10540705005171436,-0.10723857361943168
-24,1.8000000000000007,0.10369632712185783,-0.1058492283761201
-24,1.8500000000000005,0.10184052334384575,-0.10432147995345553
-24,1.9000000000000004,0.09983420502729023,-0.10264785664659803
-24,1.9500000000000002,0.09767706878603111,-0.10082576195662596
-24,2.0,0.09537348041175608,-0.09885707358171203
-24,2.0500000000000007,0.09293191804573553,-0.09674765094401638
-24,2.0999999999999996,0.09036434520243963,-0.09450677442649336
-24,2.1500000000000004,0.08768554093069891,-0.09214654121204502
-24,2.200000000000001,0.0849124143552622,-0.08968124270322031
-24,2.25,0.08206332921328086,-0.08712674712169788
-24,2.3000000000000007,0.07915746108332034,-0.08449990831103626
-24,2.3499999999999996,0.07621420615804286,-0.0818180183206283
-24,2.4000000000000004,0.07325265601385889,-0.0790983173793105
-24,2.450000000000001,0.07029114824234117,-0.07635757070431382
-24,2.5,0.06734689834387941,-0.07361171752515094
-24,2.5500000000000007,0.06443571419582561,-0.07087559396487908
-24,2.5999999999999996,0.06157179087554843,-0.06816272818030367
-24,2.6500000000000004,0.05876758075247679,-0.06548520352026088
-24,2.700000000000001,0.05603373160653158,-0.06285358345977388
-24,2.75,0.05337908407320979,-0.06027689070045872
-24,2.8000000000000007,0.05081071890572586,-0.057762632048375284
-24,2.8499999999999996,0.04833404430132582,-0.055316860417236935
-24,2.9000000000000004,0.04595291376417787,-0.05294426546952602
-24,2.950000000000001,0.043669765567140306,-0.05064828490665185
-24,3.0,0.041485775726705754,-0.048431229159213274
-24,3.0500000000000007,0.03940101742534541,-0.0462944131240941
-24,3.0999999999999996,0.037414620920532826,-0.044238289571704836
-24,3.1500000000000004,0.03552492910158911,-0.042262579841811476
-24,3.200000000000001,0.033729644940025505,-0.040366398410975446
-24,3.25,0.03202596808670988,-0.03854836881246282
-24,3.3000000000000007,0.030410718772833967,-0.036806729195873356
-24,3.3499999999999996,0.02888044795595146,-0.03513942651441049
-24,3.4000000000000004,0.02743153331067516,-0.033544198916469536
-24,3.450000000000001,0.026060261197082824,-0.03201864639590912
-24,3.5,0.024762895154748055,-0.030560290127278567
-24,3.5500000000000007,0.023535731776814117,-0.029166621187667552
-24,3.6000000000000014,0.022375145029120524,-0.0278351395565557
-24,3.6500000000000004,0.02127762020764301,-0.026563384401459444
-24,3.700000000000001,0.020239778787411566,-0.025348956712493376
-24,3.75,0.019258395420791885,-0.024189535355247038
-24,3.8000000000000007,0.0183304083051965,-0.02308288757967336
-24,3.8500000000000014,0.017452924070890496,-0.022026874962954412
-24,3.9000000000000004,0.01662321824840518,-0.021019455685256982
-24,3.950000000000001,0.015838732270336386,-0.020058683946253986
-24,4.0,0.015097067850802226,-0.01914270723325151
-24,4.050000000000001,0.014395979472893394,-0.01826976205362918
-24,4.100000000000001,0.013733365604291947,-0.01743816864863401
-24,4.15,0.013107259156848627,-0.016646325115214022
-24,4.200000000000001,0.012515817609478397,-0.01589270127923026
-24,4.25,0.01195731312645787,-0.01517583258837929
-24,4.300000000000001,0.011430122925954578,-0.014494314226884075
-24,4.350000000000001,0.01093272008631363,-0.013846795596796913
-24,4.4,0.010463664920339788,-0.013231975262199658
-24,4.450000000000001,0.01002159699975369,-0.012648596412351498
-24,4.5,0.009605227872752309,-0.01209544286725972
-24,4.550000000000001,0.009213334486104507,-0.011571335623411283
-24,4.600000000000001,0.008844753298845376,-0.01107512991784354
-24,4.65,0.008498375056205099,-0.010605712774429676
-24,4.700000000000001,0.008173140179349225,-0.010162000986449815
-24,4.75,0.007868034717771977,-0.009742939483535995
-24,4.800000000000001,0.007582086806069199,-0.009347500028107802
-24,4.850000000000001,0.007314363564680626,-0.008974680185920736
-24,4.9,0.007063968384307451,-0.008623502516778458
-24,4.950000000000001,0.006830038535664329,-0.008293013934316473
-24,5.0,0.00661174304942147,-0.007982285187559501
-24,5.050000000000001,0.00640828081538114,-0.007690410421596017
-24,5.100000000000001,0.0062188788546837515,-0.007416506779596155
-24,5.15,0.006042790723975067,-0.007159714013644791
-24,5.200000000000001,0.005879295015793318,-0.006919194076992152
-24,5.25,0.0057276939247898895,-0.006694130675516163
-24,5.300000000000001,0.005587311854577948,-0.006483728761134344
-24,5.350000000000001,0.00545749404526763,-0.006287213954714765
-24,5.4,0.0053376052066651525,-0.006103831890587497
-24,5.450000000000001,0.00522702814696796,-0.005932847479169112
-24,5.5,0.005125162391489191,-0.005773544088380156
-24,5.550000000000001,0.005031422790521489,-0.005625222648629524
-24,5.600000000000001,0.004945238120004802,-0.005487200690115657
-24,5.65,0.004866049683118767,-0.005358811325084201
-24,5.700000000000001,0.004793309925444689,-0.005239402191636877
-24,5.75,0.004726481080890466,-0.00512833437959026
-24,5.800000000000001,0.0046650338701317295,-0.005024981362860448
-24,5.850000000000001,0.004608446277936551,-0.0049287279668175366
-24,5.9,0.0045562024403107415,-0.00483896940299422
-24,5.950000000000001,0.004507791676820361,-0.0047551104073702
-24,6.0,0.00446270770761803,-0.004676564521991722
-23,-6.0,0.02329445084081705,-0.021924045753590082
-23,-5.95,0.0250326849913447,-0.02355451306628842
-23,-5.9,0.026876000606473882,-0.025283558516840277
-23,-5.85,0.02882972514713189,-0.027116186315539803
-23,-5.8,0.030899410443781195,-0.029057611104639225
-23,-5.75,0.033090831880090876,-0.031113257208017053
-23,-5.7,0.035409986130173765,-0.033288756528330854
-23,-5.65,0.03786308732159338,-0.03558994497109813
-23,-5.6,0.040456561480331166,-0.03802285726020571
-23,-5.55,0.04319703909748418,-0.04059371999404249
-23,-5.5,0.04609134564080419,-0.043308942775901915
-23,-5.45,0.04914648981758607,-0.046175107236862356
-23,-5.4,0.052369649379065186,-0.04919895375407091
-23,-5.35,0.055768154240595114,-0.052387365652570406
-23,-5.3,0.05934946667663754,-0.055747350664614226
-23,-5.25,0.06312115833528498,-0.05928601940705658
-23,-5.2,0.0670908838038522,-0.06301056062516786
-23,-5.15,0.07126635044531782,-0.06692821294025997
-23,-5.1,0.07565528421543843,-0.07104623282927269
-23,-5.05,0.08026539116246445,-0.07537185855717388
-23,-5.0,0.08510431430613608,-0.07991226977818133
-23,-4.95,0.09017958559037564,-0.08467454251980477
-23,-4.9,0.09549857260550665,-0.08966559926512763
-23,-4.85,0.10106841978147774,-0.09489215385414962
-23,-4.8,0.10689598376422749,-0.10036065093509361
-23,-4.75,0.11298776270380806,-0.1060771997121448
-23,-4.7,0.11934981920603904,-0.1120475017578817
-23,-4.65,0.12598769673044707,-0.11827677268777936
-23,-4.6,0.13290632925695944,-0.12476965753146985
-23,-4.55,0.14010994409375,-0.13153013968228322
-23,-4.5,0.14760195775979368,-0.1385614433639295
-23,-4.45,0.1553848649498315,-0.1458659296226681
-23,-4.4,0.16346012067775428,-0.153444985935973
-23,-4.35,0.1718280157987162,-0.1612989096263564
-23,-4.3,0.18048754623204344,-0.1694267853828646
-23,-4.25,0.18943627634793925,-0.17782635732458574
-23,-4.2,0.19867019714256717,-0.18649389619148038
-23,-4.15,0.20818358001000492,-0.1954240624196879
-23,-4.1,0.2179688271268777,-0.20460976605206982
-23,-4.05,0.22801631969741576,-0.2140420246512511
-23,-4.0,0.23831426556375146,-0.22370982062236222
-23,-3.9499999999999997,0.24884854796862,-0.23359995961607982
-23,-3.9,0.2596025775645273,-0.24369693196880338
-23,-3.85,0.2705571500933809,-0.2539827794444731
-23,-3.8,0.281690312510796,-0.2644369698689859
-23,-3.75,0.29297724069554254,-0.2750362825895738
-23,-3.6999999999999997,0.30439013226119216,-0.28575470804241965
-23,-3.65,0.31589811836594905,-0.2965633650648998
-23,-3.5999999999999996,0.3274671987879313,-0.30743043993478536
-23,-3.55,0.3390602048840997,-0.31832115144570894
-23,-3.5,0.35063679536612613,-0.32919774662189294
-23,-3.4499999999999997,0.3621534900875,-0.34001953191848333
-23,-3.4,0.37356374722154423,-0.35074294492690683
-23,-3.3499999999999996,0.3848180892955171,-0.36132167168491347
-23,-3.3,0.39586428350450115,-0.3717068146532396
-23,-3.25,0.40664758153126057,-0.381847116238093
-23,-3.1999999999999997,0.4171110237138633,-0.3916892423823348
-23,-3.15,0.4271958118010214,-0.4011781301898567
-23,-3.0999999999999996,0.4368417536859138,-0.41025740275947364
-23,-3.05,0.4459877823864876,-0.4188698533622448
-23,-3.0,0.45457255012269865,-0.42695799977979876
-23,-2.9499999999999997,0.4625350966162499,-0.43446470801909676
-23,-2.9,0.4698155887044881,-0.4413338827296125
-23,-2.8499999999999996,0.47635612603033867,-0.4475112194839408
-23,-2.8,0.48210160497523147,-0.45294501167087564
-23,-2.75,0.4870006301937025,-0.45758700213866554
-23,-2.6999999999999997,0.4910064601617843,-0.46139326698486216
-23,-2.65,0.49407797016669613,-0.4643251161106131
-23,-2.5999999999999996,0.4961806132680142,-0.46634999245727826
-23,-2.55,0.49728735709965977,-0.46744234935996043
-23,-2.5,0.49737957212656103,-0.46758448334235403
-23,-2.4499999999999997,0.4964478453019179,-0.46676729810893447
-23,-2.4,0.494492692176696,-0.46499097463663697
-23,-2.3499999999999996,0.4915251405699579,-0.4622655222937051
-23,-2.3,0.48756716007134376,-0.45861118696218384
-23,-2.25,0.48265191403019225,-0.45405869431996304
-23,-2.1999999999999997,0.47682381434715215,-0.4486493098032607
-23,-2.15,0.47013836430855777,-0.44243470130890894
-23,-2.0999999999999996,0.46266178078982906,-0.43547659631609714
-23,-2.05,0.45447039420610724,-0.42784623163066704
-23,-2.0,0.4456498323152609,-0.41962360111501207
-23,-1.9500000000000002,0.43629400200122476,-0.41089651421449414
-23,-1.8999999999999995,0.42650389103394226,-0.4017594854120823
-23,-1.8499999999999996,0.4163862190186291,-0.3923124814772495
-23,-1.7999999999999998,0.40605197279946015,-0.3826595590484767
-23,-1.75,0.39561486597903917,-0.37290742924337394
-23,-1.7000000000000002,0.3851897645186584,-0.3631639882179405
-23,-1.6499999999999995,0.37489112024636706,-0.3535368525670658
-23,-1.5999999999999996,0.36483145128393746,-0.3441319359440359
-23,-1.5499999999999998,0.35511990280511907,-0.33505209816950976
-23,-1.5,0.3458609131955793,-0.32639589042433415
-23,-1.4500000000000002,0.3371529997958487,-0.31825641004522015
-23,-1.3999999999999995,0.3290876653423427,-0.3107202662998967
-23,-1.3499999999999996,0.3217484115512959,-0.30386664483333636
-23,-1.2999999999999998,0.3152098308370244,-0.29776644400933333
-23,-1.25,0.3095367320481537,-0.2924814421765436
-23,-1.1999999999999993,0.3047832428451678,-0.2880634423758739
-23,-1.1499999999999995,0.3009918218559455,-0.2845533319923004
-23,-1.0999999999999996,0.2981921103881121,-0.2819799915627027
-23,-1.0499999999999998,0.29639955895085157,-0.28035899193559866
-23,-1.0,0.2956137809820781,-0.27969103491850544
-23,-0.9499999999999993,0.2958166175808668,-0.2799601218874737
-23,-0.8999999999999995,0.29696994448764413,-0.281131479241104
-23,-0.8499999999999996,0.2990133162675272,-0.2831493292636833
-23,-0.7999999999999998,0.30186162049032517,-0.28593466788138955
-23,-0.75,0.30540300133621134,-0.28938329192202555
-23,-0.6999999999999993,0.3094973983609699,-0.2933643992375573
-23,-0.6499999999999995,0.3139761189644885,-0.2977201530836311
-23,-0.5999999999999996,0.31864290556772135,-0.3022666417405353
-23,-0.5499999999999998,0.3232769512281317,-0.3067966574886855
-23,-0.5,0.32763824071258696,-0.31108464750739695
-23,-0.4499999999999993,0.3314754315079794,-0.3148940380016412
-23,-0.39999999999999947,0.3345362330861428,-0.31798689486127074
-23,-0.34999999999999964,0.3365799006062208,-0.32013556671281534
-23,-0.2999999999999998,0.33739106160316423,-0.32113558764783173
-23,-0.25,0.33679369953452043,-0.3208187512298031
-23,-0.1999999999999993,0.3346638113693088,-0.3190649829735558
-23,-0.14999999999999947,0.33093913641152883,-0.31581152621913805
-23,-0.09999999999999964,0.32562450602954884,-0.31105809509043353
-23,-0.04999999999999982,0.31879182581394727,-0.30486707201547136
-23,0.0,0.3105744288691745,-0.2973584957258054
-23,0.05000000000000071,0.30115639685803597,-0.28870037522366143
-23,0.10000000000000053,0.290758235824343,-0.27909559391861183
-23,0.15000000000000036,0.27962081604242384,-0.2687671516623062
-23,0.20000000000000018,0.26798960849733344,-0.25794361051578263
-23,0.25,0.25610096386889114,-0.24684635202878247
-23,0.3000000000000007,0.2441715924893788,-0.23567971946205019
-23,0.35000000000000053,0.23239169841484886,-0.22462447490310278
-23,0.40000000000000036,0.22092158291758546,-0.2138344183337884
-23,0.4500000000000002,0.209891090484855,-0.20343561071490235
-23,0.5,0.1994010682627234,-0.1935274568306664
-23,0.5500000000000007,0.18952601821154302,-0.1841849089961095
-23,0.6000000000000005,0.1803172677707452,-0.1754611837962945
-23,0.6500000000000004,0.17180618921228752,-0.167390567511155
-23,0.7000000000000002,0.1640071962399181,-0.1599910636781865
-23,0.75,0.15692040168982668,-0.15326677480503192
-23,0.8000000000000007,0.15053392066286708,-0.1472099991801774
-23,0.8500000000000005,0.14482585487926158,-0.1418030686428169
-23,0.9000000000000004,0.1397660107529406,-0.1370199672658382
-23,0.9500000000000002,0.1353174010343554,-0.13282776827603704
-23,1.0,0.1314375700676007,-0.1291879182141653
-23,1.0500000000000007,0.12807977318934727,-0.12605738990076176
-23,1.1000000000000005,0.1251940346139344,-0.12338972173712892
-23,1.1500000000000004,0.12272810529843259,-0.12113595996401938
-23,1.2000000000000002,0.12062834123151145,-0.11924552110179776
-23,1.25,0.11884052151627733,-0.11766699208727371
-23,1.3000000000000007,0.11731062317003804,-0.11634888429530044
-23,1.3500000000000005,0.11598556517868275,-0.11524035416345169
-23,1.4000000000000004,0.11481392821615755,-0.11429189774547588
-23,1.4500000000000002,0.11374664931302858,-0.11345601995264087
-23,1.5,0.11273768364221359,-0.11268787250546741
-23,1.5500000000000007,0.11174461950092818,-0.11194584871925883
-23,1.6000000000000005,0.11072922833233445,-0.11119211900771431
-23,1.6500000000000004,0.10965792976727551,-0.11039308893535815
-23,1.7000000000000002,0.10850215234416227,-0.10951976196986579
-23,1.75,0.10723857361943168,-0.10854799164877882
-23,1.8000000000000007,0.10584922837611987,-0.10745861228984466
-23,1.8500000000000005,0.1043214799534562,-0.1062374430704911
-23,1.9000000000000004,0.10264785664659826,-0.10487516662247742
-23,1.9500000000000002,0.10082576195662618,-0.10336708957493745
-23,2.0,0.09885707358171203,-0.10171279814804746
-23,2.0500000000000007,0.09674765094401616,-0.09991572649179137
-23,2.0999999999999996,0.09450677442649313,-0.09798265867825395
-23,2.1500000000000004,0.09214654121204457,-0.09592318695549795
-23,2.200000000000001,0.08968124270321987,-0.0937491490747564
-23,2.25,0.08712674712169788,-0.09147406635737898
-23,2.3000000000000007,0.08449990831103582,-0.08911260191456272
-23,2.3499999999999996,0.0818180183206283,-0.0866800553674949
-23,2.4000000000000004,0.07909831737931095,-0.08419190685315625
-23,2.450000000000001,0.07635757070431382,-0.0816634193438408
-23,2.5,0.07361171752515139,-0.07910930462205146
-23,2.5500000000000007,0.07087559396487908,-0.07654345485076774
-23,2.5999999999999996,0.06816272818030367,-0.0739787387166424
-23,2.6500000000000004,0.06548520352026088,-0.07142685869604737
-23,2.700000000000001,0.06285358345977388,-0.06889826414216138
-23,2.75,0.06027689070045916,-0.06640211361106285
-23,2.8000000000000007,0.057762632048375284,-0.06394627909640693
-23,2.8499999999999996,0.05531686041723738,-0.06153738456161095
-23,2.9000000000000004,0.05294426546952602,-0.05918087126678362
-23,2.950000000000001,0.05064828490665185,-0.05688108280070292
-23,3.0,0.04843122915921416,-0.05464136336245806
-23,3.0500000000000007,0.0462944131240941,-0.05246416361597106
-23,3.0999999999999996,0.044238289571704836,-0.05035114929569362
-23,3.1500000000000004,0.042262579841811476,-0.04830330861711074
-23,3.200000000000001,0.040366398410975446,-0.04632105539676612
-23,3.25,0.03854836881246282,-0.044404325580365
-23,3.3000000000000007,0.036806729195873356,-0.0425526655917996
-23,3.3499999999999996,0.0351394265144096,-0.04076531153735674
-23,3.4000000000000004,0.033544198916469536,-0.0390412588222544
-23,3.450000000000001,0.03201864639590912,-0.037379322161376294
-23,3.5,0.030560290127278567,-0.03577818629732432
-23,3.5500000000000007,0.029166621187667552,-0.0342364479847066
-23,3.6000000000000014,0.027835139556555255,-0.032752649969510994
-23,3.6500000000000004,0.026563384401459444,-0.03132530779751308
-23,3.700000000000001,0.025348956712492487,-0.02995293033664126
-23,3.75,0.024189535355247926,-0.028634034905862915
-23,3.8000000000000007,0.023082887579672473,-0.02736715787720856
-23,3.8500000000000014,0.02202687496295397,-0.02615086156691193
-23,3.9000000000000004,0.02101945568525654,-0.024983738163968816
-23,3.950000000000001,0.020058683946253986,-0.023864411366246063
-23,4.0,0.019142707233251954,-0.022791536310938554
-23,4.050000000000001,0.01826976205362918,-0.02176379830187747
-23,4.100000000000001,0.01743816864863401,-0.020779910754271214
-23,4.15,0.01664632511521358,-0.01983861270020215
-23,4.200000000000001,0.01589270127923026,-0.018938666127262138
-23,4.25,0.015175832588378846,-0.018078853359122515
-23,4.300000000000001,0.014494314226883631,-0.017257974631001538
-23,4.350000000000001,0.013846795596796468,-0.0164748459650923
-23,4.4,0.013231975262199214,-0.015728297410790404
-23,4.450000000000001,0.01264859641235283,-0.015017171681550145
-23,4.5,0.012095442867260608,-0.014340323193888782
-23,4.550000000000001,0.011571335623411727,-0.013696617493722307
-23,4.600000000000001,0.01107512991784354,-0.013084931040150405
-23,4.65,0.010605712774428788,-0.01250415130625182
-23,4.700000000000001,0.010162000986448483,-0.011953177149820693
-23,4.75,0.009742939483535551,-0.011430919403398576
-23,4.800000000000001,0.00934750002810869,-0.010936301632037182
-23,4.850000000000001,0.008974680185919404,-0.010468261008252266
-23,4.9,0.008623502516778458,-0.01002574925620836
-23,4.950000000000001,0.00829301393431603,-0.00960773362085865
-23,5.0,0.007982285187560834,-0.00921319782216612
-23,5.050000000000001,0.007690410421596461,-0.008841142959479686
-23,5.100000000000001,0.007416506779595267,-0.008490588336185656
-23,5.15,0.007159714013643459,-0.008160572180023529
-23,5.200000000000001,0.006919194076991708,-0.00785015223947072
-23,5.25,0.006694130675516163,-0.007558406241582993
-23,5.300000000000001,0.006483728761134344,-0.007284432201337676
-23,5.350000000000001,0.006287213954713877,-0.007027348576980064
-23,5.4,0.0061038318905870526,-0.006786294270065163
-23,5.450000000000001,0.005932847479168224,-0.006560428472796698
-23,5.5,0.005773544088380156,-0.006348930369062256
-23,5.550000000000001,0.0056252226486304124,-0.006150998699045562
-23,5.600000000000001,0.005487200690115657,-0.005965851200859795
-23,5.65,0.005358811325084645,-0.005792723945932998
-23,5.700000000000001,0.005239402191636877,-0.005630870588296144
-23,5.75,0.005128334379588928,-0.005479561551251955
-23,5.800000000000001,0.005024981362860892,-0.0053380831783158555
-23,5.850000000000001,0.0049287279668170925,-0.005205736878667544
-23,5.9,0.004838969402995552,-0.005081838300736052
-23,5.950000000000001,0.004755110407371532,-0.004965716570779932
-23,6.0,0.00467656452199261,-0.004856713636332444
-22,-6.0,0.021924045753590304,-0.020587348366397862
-22,-5.95,0.023554513066288196,-0.022113053708372465
-22,-5.9,0.025283558516840055,-0.02373101449214987
-22,-5.85,0.027116186315539803,-0.025445920260978916
-22,-5.8,0.029057611104639225,-0.027262657442770788
-22,-5.75,0.031113257208017275,-0.029186308662981553
-22,-5.7,0.033288756528330854,-0.031222150796020642
-22,-5.65,0.03558994497109835,-0.033375651641718296
-22,-5.6,0.038022857260206155,-0.03565246509944853
-22,-5.55,0.04059371999404204,-0.0380584246982929
-22,-5.5,0.04330894277590147,-0.04059953532720728
-22,-5.45,0.04617510723686191,-0.04328196299471099
-22,-5.4,0.04919895375407091,-0.04611202243352164
-22,-5.35,0.052387365652571294,-0.0490961623517272
-22,-5.3,0.055747350664614226,-0.052240948118944086
-22,-5.25,0.059286019407056245,-0.05555304166348618
-22,-5.2,0.06301056062516797,-0.059039178345204224
-22,-5.15,0.06692821294025986,-0.06270614055849322
-22,-5.1,0.07104623282927269,-0.06656072781142708
-22,-5.05,0.07537185855717377,-0.07060972302021318
-22,-5.0,0.07991226977818133,-0.07485985475376022
-22,-4.95,0.08467454251980455,-0.0793177551613442
-22,-4.9,0.08966559926512763,-0.08398991331778749
-22,-4.85,0.09489215385414984,-0.08888262372572742
-22,-4.8,0.1003606509350935,-0.09400192972406929
-22,-4.75,0.10607719971214458,-0.09935356156638342
-22,-4.7,0.11204750175788147,-0.10494286895345284
-22,-4.65,0.11827677268777892,-0.11077474783151287
-22,-4.6,0.12476965753147007,-0.11685356130267222
-22,-4.55,0.13153013968228278,-0.12318305453781098
-22,-4.5,0.13856144336392928,-0.12976626363594512
-22,-4.45,0.14586592962266798,-0.13660541843890295
-22,-4.4,0.15344498593597333,-0.1437018393874614
-22,-4.35,0.1612989096263564,-0.15105582859618538
-22,-4.3,0.16942678538286482,-0.15866655543049712
-22,-4.25,0.17782635732458596,-0.16653193699240898
-22,-4.2,0.18649389619148016,-0.17464851406211257
-22,-4.15,0.19542406241968813,-0.18301132320274704
-22,-4.1,0.20460976605206982,-0.1916137659159669
-22,-4.05,0.21404202465125077,-0.2004474759375734
-22,-4.0,0.22370982062236222,-0.209502185985736
-22,-3.9499999999999997,0.23359995961607982,-0.21876559551946406
-22,-3.9,0.2436969319688035,-0.22822324133121974
-22,-3.85,0.2539827794444727,-0.23785837308367075
-22,-3.8,0.2644369698689857,-0.24765183620411757
-22,-3.75,0.27503628258957347,-0.2575819648674438
-22,-3.6999999999999997,0.2857547080424193,-0.26762448812457906
-22,-3.65,0.29656336506489955,-0.2777524525616131
-22,-3.5999999999999996,0.30743043993478514,-0.28793616519611964
-22,-3.55,0.3183211514457088,-0.29814316062113155
-22,-3.5,0.3291977466218926,-0.30833819668014373
-22,-3.4499999999999997,0.3400195319184832,-0.31848328318282526
-22,-3.4,0.35074294492690694,-0.3285377483322791
-22,-3.3499999999999996,0.36132167168491347,-0.33845834760982174
-22,-3.3,0.3717068146532395,-0.34819941982909075
-22,-3.25,0.3818471162380928,-0.3577130949027745
-22,-3.1999999999999997,0.39168924238233466,-0.36694955753596514
-22,-3.15,0.4011781301898568,-0.37585737054361545
-22,-3.0999999999999996,0.41025740275947353,-0.38438386076021636
-22,-3.05,0.418869853362245,-0.3924755695448747
-22,-3.0,0.4269579997797987,-0.40007876866616265
-22,-2.9499999999999997,0.43446470801909687,-0.40714004086740485
-22,-2.9,0.44133388272961244,-0.41360692266282695
-22,-2.8499999999999996,0.4475112194839408,-0.4194286049090814
-22,-2.8,0.4529450116708756,-0.42455668446113726
-22,-2.75,0.4575870021386655,-0.4289459578002731
-22,-2.6999999999999997,0.46139326698486205,-0.43255524497879394
-22,-2.65,0.46432511611061317,-0.43534822964652764
-22,-2.5999999999999996,0.4663499924572782,-0.4372942984149568
-22,-2.55,0.46744234935996043,-0.43836936050342634
-22,-2.5,0.46758448334235403,-0.43855662664251893
-22,-2.4499999999999997,0.46676729810893447,-0.43784732473839705
-22,-2.4,0.46499097463663713,-0.43624132898818524
-22,-2.3499999999999996,0.4622655222937051,-0.4337476791331727
-22,-2.3,0.4586111869621836,-0.43038496747721233
-22,-2.25,0.45405869431996304,-0.4261815732824712
-22,-2.1999999999999997,0.4486493098032604,-0.421175727235791
-22,-2.15,0.44243470130890894,-0.415415392847154
-22,-2.0999999999999996,0.43547659631609725,-0.4089579568146593
-22,-2.05,0.42784623163066693,-0.4018697264057314
-22,-2.0,0.41962360111501207,-0.39422523851838465
-22,-1.9500000000000002,0.41089651421449425,-0.38610639198004726
-22,-1.8999999999999995,0.4017594854120823,-0.37760142143365183
-22,-1.8499999999999996,0.3923124814772495,-0.3688037374284443
-22,-1.7999999999999998,0.3826595590484768,-0.35981066263803063
-22,-1.75,0.37290742924337394,-0.35072209804607857
-22,-1.7000000000000002,0.3631639882179406,-0.3416391550895366
-22,-1.6499999999999995,0.3535368525670659,-0.3326627898192296
-22,-1.5999999999999996,0.3441319359440358,-0.32389247290881407
-22,-1.5499999999999998,0.33505209816951,-0.31542492470463845
-22,-1.5,0.3263958904243342,-0.3073529374712307
-22,-1.4500000000000002,0.31825641004522004,-0.2997642976943795
-22,-1.3999999999999995,0.31072026629989663,-0.29274081005248886
-22,-1.3499999999999996,0.3038666448333364,-0.2863574119350015
-22,-1.2999999999999998,0.29776644400933333,-0.280681353876272
-22,-1.25,0.2924814421765436,-0.27577140796672894
-22,-1.1999999999999993,0.2880634423758739,-0.27167705452265767
-22,-1.1499999999999995,0.28455333199230043,-0.2684375887488559
-22,-1.0999999999999996,0.28197999156270265,-0.2660810859100893
-22,-1.0499999999999998,0.28035899193559877,-0.26462316804483876
-22,-1.0,0.2796910349185055,-0.26406553003341426
-22,-0.9499999999999993,0.2799601218874737,-0.2643942101709301
-22,-0.8999999999999995,0.28113147924110415,-0.26557763185889954
-22,-0.8499999999999996,0.2831493292636832,-0.26756449879826083
-22,-0.7999999999999998,0.28593466788138955,-0.27028169420998127
-22,-0.75,0.2893832919220255,-0.2736324103889136
-22,-0.6999999999999993,0.2933643992375573,-0.27749481025679
-22,-0.6499999999999995,0.297720153083631,-0.2817215859892893
-22,-0.5999999999999996,0.3022666417405353,-0.2861408166057997
-22,-0.5499999999999998,0.30679665748868556,-0.29055851993454385
-22,-0.5,0.31108464750739695,-0.2947632278190142
-22,-0.4499999999999993,0.31489403800164106,-0.2985327730547895
-22,-0.39999999999999947,0.31798689486127074,-0.30164325606337855
-22,-0.34999999999999964,0.3201355667128152,-0.3038798656537936
-22,-0.2999999999999998,0.3211355876478318,-0.3050488876257165
-22,-0.25,0.3208187512298031,-0.3049898971960554
-22,-0.1999999999999993,0.3190649829735558,-0.3035868682824594
-22,-0.14999999999999947,0.3158115262191382,-0.3007768278922315
-22,-0.09999999999999964,0.3110580950904336,-0.29655480956508723
-22,-0.04999999999999982,0.30486707201547136,-0.29097424717708464
-22,0.0,0.2973584957258053,-0.2841425625824362
-22,0.05000000000000071,0.28870037522366143,-0.2762124246291976
-22,0.10000000000000053,0.2790955939186117,-0.2673698265991119
-22,0.15000000000000036,0.268767151662306,-0.25782057541670417
-22,0.20000000000000018,0.2579436105157824,-0.24777689882957504
-22,0.25,0.24684635202878247,-0.23744564591770423
-22,0.3000000000000007,0.23567971946205013,-0.22701907250150372
-22,0.35000000000000053,0.22462447490310256,-0.2166686185569724
-22,0.40000000000000036,0.21383441833378858,-0.20654155432301136
-22,0.4500000000000002,0.20343561071490268,-0.19676000238546326
-22,0.5,0.1935274568306664,-0.18742167188180203
-22,0.5500000000000007,0.1841849089961094,-0.17860164359537156
-22,0.6000000000000005,0.17546118379629427,-0.17035466112939301
-22,0.6500000000000004,0.16739056751115533,-0.1627175470235065
-22,0.7000000000000002,0.15999106367818627,-0.15571152097380958
-22,0.75,0.1532667748050318,-0.14934432003916343
-22,0.8000000000000007,0.14720999918017785,-0.14361209875996084
-22,0.8500000000000005,0.14180306864281667,-0.1385011258679505
-22,0.9000000000000004,0.13701996726583854,-0.13398930591440106
-22,0.9500000000000002,0.1328277682760366,-0.1300475515408691
-22,1.0,0.12918791821416464,-0.12664102518224918
-22,1.0500000000000007,0.12605738990076132,-0.12373026348768335
-22,1.1000000000000005,0.12338972173712914,-0.12127219568752823
-22,1.1500000000000004,0.1211359599640196,-0.11922106800940524
-22,1.2000000000000002,0.11924552110179754,-0.11752928835600618
-22,1.25,0.11766699208727394,-0.1161482069964741
-22,1.3000000000000007,0.11634888429530044,-0.11502884872593366
-22,1.3500000000000005,0.11524035416345191,-0.11412260932859564
-22,1.4000000000000004,0.11429189774547543,-0.11338192447975581
-22,1.4500000000000002,0.1134560199526411,-0.1127609131924654
-22,1.5,0.11268787250546763,-0.11221599155058026
-22,1.5500000000000007,0.11194584871925883,-0.11170644676685137
-22,1.6000000000000005,0.11119211900771431,-0.1111949573784139
-22,1.6500000000000004,0.11039308893535793,-0.11064804317197563
-22,1.7000000000000002,0.10951976196986646,-0.11003642842325645
-22,1.75,0.10854799164877926,-0.10933530413975667
-22,1.8000000000000007,0.10745861228984444,-0.10852447886303174
-22,1.8500000000000005,0.1062374430704911,-0.1075884126949529
-22,1.9000000000000004,0.10487516662247742,-0.10651613495492773
-22,1.9500000000000002,0.10336708957493723,-0.10530105164096559
-22,2.0,0.10171279814804723,-0.10394065411076125
-22,2.0500000000000007,0.09991572649179181,-0.10243614468906248
-22,2.0999999999999996,0.09798265867825329,-0.10079199795772076
-22,2.1500000000000004,0.09592318695549773,-0.09901547816105705
-22,2.200000000000001,0.09374914907475596,-0.09711613346986891
-22,2.25,0.09147406635737854,-0.09510528692032194
-22,2.3000000000000007,0.08911260191456316,-0.09299554189390147
-22,2.3499999999999996,0.08668005536749401,-0.09080031729864046
-22,2.4000000000000004,0.08419190685315625,-0.08853342443539525
-22,2.450000000000001,0.0816634193438408,-0.0862086941609217
-22,2.5,0.0791093046220519,-0.08383965963457962
-22,2.5500000000000007,0.07654345485076819,-0.0814392968534925
-22,2.5999999999999996,0.0739787387166424,-0.07901982248456685
-22,2.6500000000000004,0.07142685869604781,-0.07659254627983714
-22,2.700000000000001,0.06889826414216138,-0.07416777365369498
-22,2.75,0.06640211361106285,-0.07175475280502353
-22,2.8000000000000007,0.06394627909640649,-0.06936166004982214
-22,2.8499999999999996,0.06153738456161051,-0.0669956167344461
-22,2.9000000000000004,0.05918087126678406,-0.06466273115595156
-22,2.950000000000001,0.05688108280070292,-0.06236815924929218
-22,3.0,0.05464136336245806,-0.060116178336438786
-22,3.0500000000000007,0.05246416361597106,-0.05791026890097628
-22,3.0999999999999996,0.050351149295694064,-0.05575320009249918
-22,3.1500000000000004,0.048303308617111185,-0.053647115427487346
-22,3.200000000000001,0.04632105539676612,-0.05159361589739797
-22,3.25,0.044404325580365,-0.0495938383904182
-22,3.3000000000000007,0.0425526655917996,-0.047648527960613585
-22,3.3499999999999996,0.04076531153735674,-0.045758103024791996
-22,3.4000000000000004,0.0390412588222544,-0.043922713028031524
-22,3.450000000000001,0.037379322161376294,-0.04214228849348478
-22,3.5,0.03577818629732432,-0.04041658366488621
-22,3.5500000000000007,0.0342364479847066,-0.03874521216793214
-22,3.6000000000000014,0.032752649969510106,-0.03712767626798552
-22,3.6500000000000004,0.031325307797512636,-0.03556339039580392
-22,3.700000000000001,0.02995293033664126,-0.034051699659856105
-22,3.75,0.02863403490586336,-0.03259189407263996
-22,3.8000000000000007,0.027367157877209003,-0.031183219197801204
-22,3.8500000000000014,0.026150861566911487,-0.029824883882763498
-22,3.9000000000000004,0.024983738163967928,-0.028516065684540237
-22,3.950000000000001,0.023864411366246507,-0.027255914530314396
-22,4.0,0.022791536310938554,-0.026043555083863357
-22,4.050000000000001,0.021763798301877024,-0.024878088217638705
-22,4.100000000000001,0.020779910754271214,-0.02375859192120311
-22,4.15,0.019838612700201708,-0.022684121911814348
-22,4.200000000000001,0.01893866612726125,-0.021653712153574034
-22,4.25,0.01807885335912207,-0.020666375438691098
-22,4.300000000000001,0.017257974631001538,-0.0197211041383083
-22,4.350000000000001,0.0164748459650923,-0.018816871191198903
-22,4.4,0.015728297410790404,-0.017952631366112914
-22,4.450000000000001,0.015017171681550145,-0.017127322807349632
-22,4.5,0.014340323193888338,-0.016339868852635497
-22,4.550000000000001,0.013696617493722307,-0.015589180097038913
-22,4.600000000000001,0.01308493104014996,-0.014874156665765081
-22,4.65,0.012504151306252709,-0.014193690651671975
-22,4.700000000000001,0.011953177149820249,-0.013546668669462747
-22,4.75,0.011430919403398576,-0.012931974477356611
-22,4.800000000000001,0.010936301632037626,-0.012348491617855117
-22,4.850000000000001,0.010468261008251822,-0.01179510603167877
-22,4.9,0.010025749256207916,-0.011270708602599377
-22,4.950000000000001,0.009607733620857317,-0.010774197595288637
-22,5.0,0.009213197822166563,-0.01030448095323866
-22,5.050000000000001,0.008841142959479242,-0.009860478429033481
-22,5.100000000000001,0.008490588336185212,-0.009441123524454476
-22,5.15,0.008160572180024417,-0.009045365223110391
-22,5.200000000000001,0.007850152239471164,-0.008672169503227689
-22,5.25,0.0075584062415838815,-0.008320520622991712
-22,5.300000000000001,0.00728443220133812,-0.007989422175187944
-22,5.350000000000001,0.007027348576980508,-0.0076778979120666335
-22,5.4,0.006786294270065163,-0.007384992345097707
-22,5.450000000000001,0.006560428472797142,-0.007109771127852493
-22,5.5,0.0063489303690627,-0.006851321233536378
-22,5.550000000000001,0.006150998699045118,-0.006608750941767827
-22,5.600000000000001,0.005965851200859795,-0.00638118965223633
-22,5.65,0.005792723945933886,-0.006167787545666936
-22,5.700000000000001,0.0056308705882957,-0.0059677151154229335
-22,5.75,0.005479561551251955,-0.005780162595875105
-22,5.800000000000001,0.0053380831783158555,-0.005604339316496176
-22,5.850000000000001,0.005205736878668432,-0.005439473013486129
-22,5.9,0.0050818383007369405,-0.005284809133534463
-22,5.950000000000001,0.004965716570779932,-0.0051396101670491134
-22,6.0,0.004856713636333332,-0.00500315505064064
-21,-6.0,0.02058734836639764,-0.019284358679239055
-21,-5.95,0.022113053708371577,-0.02070830691759662
-21,-5.9,0.023731014492149427,-0.022218368532401556
-21,-5.85,0.025445920260978916,-0.023818926983449007
-21,-5.8,0.027262657442771454,-0.025514549458176994
-21,-5.75,0.02918630866298133,-0.027309986244983264
-21,-5.7,0.031222150796020864,-0.029210168933243352
-21,-5.65,0.03337565164171896,-0.031220207333455985
-21,-5.6,0.03565246509944808,-0.033345384998056726
-21,-5.55,0.03805842469829335,-0.035591153210236204
-21,-5.5,0.04059953532720684,-0.03796312329472151
-21,-5.45,0.04328196299471099,-0.04046705709113274
-21,-5.4,0.046112022433521416,-0.04310885541741705
-21,-5.35,0.04909616235172698,-0.045894544338063614
-21,-5.3,0.05224094811894364,-0.0488302590396259
-21,-5.25,0.05555304166348618,-0.05192222510457478
-21,-5.2,0.059039178345204446,-0.055176736963961304
-21,-5.15,0.06270614055849344,-0.05860013330001923
-21,-5.1,0.0665607278114273,-0.06219876916190348
-21,-5.05,0.07060972302021318,-0.06597898455158235
-21,-5.0,0.07485985475376022,-0.0699470692328732
-21,-4.95,0.0793177551613442,-0.07410922351499583
-21,-4.9,0.08398991331778793,-0.07847151476348735
-21,-4.85,0.08888262372572764,-0.08303982939621068
-21,-4.8,0.09400192972406951,-0.08781982013115508
-21,-4.75,0.09935356156638353,-0.09281684826652548
-21,-4.7,0.10494286895345217,-0.09803592079275258
-21,-4.65,0.11077474783151264,-0.10348162216164969
-21,-4.6,0.11685356130267188,-0.10915804057056455
-21,-4.55,0.12318305453781087,-0.11506868866033382
-21,-4.5,0.12976626363594512,-0.12121641857584153
-21,-4.45,0.13660541843890328,-0.12760333139853786
-21,-4.4,0.14370183938746162,-0.1342306810322187
-21,-4.35,0.15105582859618505,-0.14109877270820204
-21,-4.3,0.158666555430497,-0.14820685637494013
-21,-4.25,0.16653193699240876,-0.15555301535140775
-21,-4.2,0.17464851406211268,-0.16313405075446563
-21,-4.15,0.18301132320274693,-0.17094536235918278
-21,-4.1,0.19161376591596713,-0.17898082671856974
-21,-4.05,0.20044747593757306,-0.1872326735563825
-21,-4.0,0.20950218598573578,-0.1956913616538718
-21,-3.9499999999999997,0.21876559551946406,-0.20434545567877294
-21,-3.9,0.22822324133121996,-0.21318150565177585
-21,-3.85,0.23785837308367042,-0.2221839310109739
-21,-3.8,0.24765183620411768,-0.23133491151619223
-21,-3.75,0.25758196486744367,-0.2406142875291526
-21,-3.6999999999999997,0.2676244881245792,-0.24999947250767263
-21,-3.65,0.2777524525616132,-0.2594653808560894
-21,-3.5999999999999996,0.28793616519611953,-0.26898437457193425
-21,-3.55,0.29814316062113144,-0.27852623241036767
-21,-3.5,0.3083381966801435,-0.28805814554087883
-21,-3.4499999999999997,0.31848328318282526,-0.29754474388052543
-21,-3.4,0.3285377483322791,-0.30694815743766046
-21,-3.3499999999999996,0.3384583476098221,-0.31622811707024323
-21,-3.3,0.34819941982909075,-0.3253420990320548
-21,-3.25,0.3577130949027745,-0.3342455175253056
-21,-3.1999999999999997,0.36694955753596503,-0.34289196917475473
-21,-3.15,0.37585737054361534,-0.35123353286229686
-21,-3.0999999999999996,0.38438386076021636,-0.3592211276881425
-21,-3.05,0.39247556954487484,-0.3668049309343768
-21,-3.0,0.4000787686661626,-0.3739348567817906
-21,-2.9499999999999997,0.4071400408674049,-0.380561095161174
-21,-2.9,0.4136069226628269,-0.3866347085041313
-21,-2.8499999999999996,0.41942860490908135,-0.39210828230576045
-21,-2.8,0.4245566844611372,-0.39693662334601587
-21,-2.75,0.4289459578002731,-0.40107749717852514
-21,-2.6999999999999997,0.43255524497879394,-0.40449239414358074
-21,-2.65,0.43534822964652753,-0.407147310774439
-21,-2.5999999999999996,0.4372942984149568,-0.4090135311410501
-21,-2.55,0.43836936050342634,-0.41006839053005706
-21,-2.5,0.4385566266425189,-0.41029600202705585
-21,-2.4499999999999997,0.4378473247383971,-0.4096879251903054
-21,-2.4,0.43624132898818535,-0.40824375523134016
-21,-2.3499999999999996,0.43374767913317264,-0.4059716110883598
-21,-2.3,0.4303849674772124,-0.40288850161642975
-21,-2.25,0.42618157328247114,-0.3990205509177164
-21,-2.1999999999999997,0.42117572723579094,-0.3944030666447442
-21,-2.15,0.4154153928471539,-0.3890804389232926
-21,-2.0999999999999996,0.4089579568146592,-0.38310586228551413
-21,-2.05,0.4018697264057314,-0.37654087853130047
-21,-2.0,0.39422523851838465,-0.36945474452537885
-21,-1.9500000000000002,0.38610639198004715,-0.3619236352978835
-21,-1.8999999999999995,0.3776014214336518,-0.35402969909865023
-21,-1.8499999999999996,0.3688037374284442,-0.345859986872213
-21,-1.7999999999999998,0.35981066263803063,-0.3375052835681216
-21,-1.75,0.35072209804607857,-0.3290588723871528
-21,-1.7000000000000002,0.3416391550895367,-0.32061526513344596
-21,-1.6499999999999995,0.3326627898192295,-0.312268932002858
-21,-1.5999999999999996,0.32389247290881396,-0.30411306217827216
-21,-1.5499999999999998,0.3154249247046385,-0.29623838241050504
-21,-1.5,0.3073529374712307,-0.28873205433626825
-21,-1.4500000000000002,0.2997642976943795,-0.2816766627433269
-21,-1.3999999999999995,0.29274081005248886,-0.2751492966001198
-21,-1.3499999999999996,0.2863574119350015,-0.2692207128562911
-21,-1.2999999999999998,0.280681353876272,-0.2639545604378398
-21,-1.25,0.27577140796672894,-0.2594066294187103
-21,-1.1999999999999993,0.27167705452265767,-0.25562407928551933
-21,-1.1499999999999995,0.268437588748856,-0.2526445921256123
-21,-1.0999999999999996,0.2660810859100892,-0.2504953934302714
-21,-1.0499999999999998,0.26462316804483865,-0.24919208727857156
-21,-1.0,0.2640655300334142,-0.24873726632680415
-21,-0.9499999999999993,0.2643942101709302,-0.24911888243123592
-21,-0.8999999999999995,0.26557763185889954,-0.2503084023410308
-21,-0.8499999999999996,0.26756449879826094,-0.25225882487126017
-21,-0.7999999999999998,0.2702816942099812,-0.2549026994760999
-21,-0.75,0.27363241038891367,-0.25815035673687525
-21,-0.6999999999999993,0.27749481025679,-0.26188863141866797
-21,-0.6499999999999995,0.2817215859892893,-0.26598041768146324
-21,-0.5999999999999996,0.2861408166057998,-0.2702654301635152
-21,-0.5499999999999998,0.29055851993454374,-0.27456253856570667
-21,-0.5,0.2947632278190142,-0.2786739816474386
-21,-0.4499999999999993,0.2985327730547894,-0.2823916366674246
-21,-0.39999999999999947,0.3016432560633786,-0.28550531669246637
-21,-0.34999999999999964,0.30387986565379377,-0.28781279742915594
-21,-0.2999999999999998,0.3050488876257166,-0.28913096153681883
-21,-0.25,0.3049898971960554,-0.28930713743327746
-21,-0.1999999999999993,0.3035868682824595,-0.28822946729601967
-21,-0.14999999999999947,0.30077682789223137,-0.28583504143080896
-21,-0.09999999999999964,0.2965548095650874,-0.2821146494535101
-21,-0.04999999999999982,0.29097424717708464,-0.2771133512987872
-21,0.0,0.2841425625824361,-0.2709266294390672
-21,0.05000000000000071,0.2762124246291975,-0.2636925450746448
-21,0.10000000000000053,0.267369826599112,-0.25558093386584246
-21,0.15000000000000036,0.2578205754167042,-0.246781087305618
-21,0.20000000000000018,0.247776898829575,-0.2374894734387109
-21,0.25,0.23744564591770412,-0.22789884553565604
-21,0.3000000000000007,0.22701907250150377,-0.21818965160774012
-21,0.35000000000000053,0.2166686185569724,-0.2085241293764583
-21,0.40000000000000036,0.20654155432301136,-0.19904299088525418
-21,0.4500000000000002,0.1967600023854632,-0.18986426549653757
-21,0.5,0.18742167188180203,-0.1810837134161305
-21,0.5500000000000007,0.17860164359537167,-0.17277622200932885
-21,0.6000000000000005,0.1703546611293929,-0.16499769977004075
-21,0.6500000000000004,0.16271754702350627,-0.1577871277493419
-21,0.7000000000000002,0.15571152097380958,-0.15116856812678747
-21,0.75,0.14934432003916354,-0.1451530373922214
-21,0.8000000000000007,0.14361209875996117,-0.13974021940221693
-21,0.8500000000000005,0.13850112586795071,-0.1349200265546624
-21,0.9000000000000004,0.13398930591440106,-0.13067402669862804
-21,0.9500000000000002,0.130047551540869,-0.1269767508288514
-21,1.0,0.12664102518224918,-0.12379689097185176
-21,1.0500000000000007,0.12373026348768335,-0.12109839395011246
-21,1.1000000000000005,0.12127219568752823,-0.118841456465131
-21,1.1500000000000004,0.1192210680094048,-0.11698342943458995
-21,1.2000000000000002,0.1175292883560064,-0.11547964299413693
-21,1.25,0.11614820699647366,-0.11428416624387872
-21,1.3000000000000007,0.11502884872593366,-0.11335051646193772
-21,1.3500000000000005,0.11412260932859608,-0.11263233067411549
-21,1.4000000000000004,0.11338192447975581,-0.11208400841899757
-21,1.4500000000000002,0.1127609131924654,-0.11166132903250237
-21,1.5,0.11221599155057982,-0.11132204077755126
-21,1.5500000000000007,0.11170644676685182,-0.11102641364370647
-21,1.6000000000000005,0.11119495737841412,-0.11073774344443321
-21,1.6500000000000004,0.11064804317197563,-0.11042279247712816
-21,1.7000000000000002,0.110036428423256,-0.11005215170433358
-21,1.75,0.10933530413975667,-0.10960051109236413
-21,1.8000000000000007,0.1085244788630324,-0.10904682809568222
-21,1.8500000000000005,0.10758841269495267,-0.10837438882683981
-21,1.9000000000000004,0.10651613495492818,-0.10757076164394896
-21,1.9500000000000002,0.10530105164096559,-0.10662764815470971
-21,2.0,0.10394065411076125,-0.10554064146985342
-21,2.0500000000000007,0.10243614468906292,-0.10430890553582861
-21,2.0999999999999996,0.10079199795772142,-0.10293479226489466
-21,2.1500000000000004,0.09901547816105749,-0.1014234148287223
-21,2.200000000000001,0.09711613346986869,-0.09978219588855963
-21,2.25,0.09510528692032194,-0.09802040881052854
-21,2.3000000000000007,0.09299554189390102,-0.0961487282490503
-21,2.3499999999999996,0.09080031729864046,-0.09417880411406632
-21,2.4000000000000004,0.08853342443539525,-0.09212287012602705
-21,2.450000000000001,0.08620869416092214,-0.08999339515555604
-21,2.5,0.08383965963457962,-0.08780278256273588
-21,2.5500000000000007,0.0814392968534925,-0.08556311997305155
-21,2.5999999999999996,0.07901982248456685,-0.08328597948407745
-21,2.6500000000000004,0.07659254627983758,-0.08098226627163019
-21,2.700000000000001,0.07416777365369498,-0.07866211199437423
-21,2.75,0.07175475280502308,-0.07633480828233852
-21,2.8000000000000007,0.06936166004982125,-0.07400877490861957
-21,2.8499999999999996,0.0669956167344452,-0.07169155693574236
-21,2.9000000000000004,0.06466273115595156,-0.06938984513703028
-21,2.950000000000001,0.06236815924929262,-0.0671095142524214
-21,3.0,0.06011617833643834,-0.06485567408115411
-21,3.0500000000000007,0.057910268900976725,-0.06263272897910976
-21,3.0999999999999996,0.055753200092498734,-0.06044444196212062
-21,3.1500000000000004,0.0536471154274869,-0.058294000272940405
-21,3.200000000000001,0.05159361589739797,-0.05618407991287144
-21,3.25,0.0495938383904182,-0.05411690724262286
-21,3.3000000000000007,0.04764852796061403,-0.052094316302314425
-21,3.3499999999999996,0.04575810302479111,-0.050117800976715365
-21,3.4000000000000004,0.04392271302803241,-0.048188561533799135
-21,3.450000000000001,0.04214228849348478,-0.04630754539223503
-21,3.5,0.040416583664887096,-0.04447548222996334
-21,3.5500000000000007,0.03874521216793214,-0.04269291373734374
-21,3.6000000000000014,0.03712767626798552,-0.04096021845198017
-21,3.6500000000000004,0.03556339039580436,-0.039277632196330625
-21,3.700000000000001,0.034051699659856105,-0.03764526468213836
-21,3.75,0.03259189407263996,-0.03606311285557817
-21,3.8000000000000007,0.031183219197801648,-0.03453107154145174
-21,3.8500000000000014,0.029824883882763942,-0.03304894191051044
-21,3.9000000000000004,0.028516065684540237,-0.031616438246972134
-21,3.950000000000001,0.02725591453031484,-0.030233193438458095
-21,4.0,0.0260435550838638,-0.02889876355202503
-21,4.050000000000001,0.024878088217637817,-0.027612631800912446
-21,4.100000000000001,0.023758591921202665,-0.0263742121494297
-21,4.15,0.022684121911813904,-0.02518285275005061
-21,4.200000000000001,0.021653712153574034,-0.02403783935816639
-21,4.25,0.020666375438691098,-0.022938398827082818
-21,4.300000000000001,0.01972110413830741,-0.0218837027488048
-21,4.350000000000001,0.01881687119119846,-0.02087287127511761
-21,4.4,0.01795263136611247,-0.0199049771281663
-21,4.450000000000001,0.0171273228073483,-0.018979049789749958
-21,4.5,0.016339868852635497,-0.01809407984350342
-21,4.550000000000001,0.015589180097038913,-0.017249023433359767
-21,4.600000000000001,0.014874156665765526,-0.016442806794689346
-21,4.65,0.01419369065167242,-0.015674330810690584
-21,4.700000000000001,0.013546668669461859,-0.014942475545375977
-21,4.75,0.012931974477356611,-0.01424610470541321
-21,4.800000000000001,0.012348491617856006,-0.013584069985563385
-21,4.850000000000001,0.01179510603167877,-0.012955215256199804
-21,4.9,0.011270708602599377,-0.012358380555951953
-21,4.950000000000001,0.010774197595289081,-0.011792405857608212
-21,5.0,0.01030448095323866,-0.011256134580776678
-21,5.050000000000001,0.009860478429033037,-0.010748416830257845
-21,5.100000000000001,0.009441123524454476,-0.010268112344403058
-21,5.15,0.009045365223109059,-0.00981409314290449
-21,5.200000000000001,0.008672169503228133,-0.009385245868264391
-21,5.25,0.008320520622991268,-0.00898047381974143
-21,5.300000000000001,0.007989422175188388,-0.008598698682686035
-21,5.350000000000001,0.0076778979120666335,-0.008238861959972699
-21,5.4,0.007384992345097707,-0.00789992611568513
-21,5.450000000000001,0.007109771127852937,-0.007580875444334723
-21,5.5,0.006851321233536822,-0.0072807166818016356
-21,5.550000000000001,0.006608750941768271,-0.006998479376798983
-21,5.600000000000001,0.006381189652237218,-0.006733216044247925
-21,5.65,0.006167787545666492,-0.006484002124283794
-21,5.700000000000001,0.0059677151154229335,-0.0062499357730168015
-21,5.75,0.005780162595875105,-0.0060301375134614865
-21,5.800000000000001,0.00560433931649662,-0.005823749777404519
-21,5.850000000000001,0.005439473013486129,-0.005629936371273736
-21,5.9,0.005284809133534019,-0.005447881901389895
-21,5.950000000000001,0.005139610167048225,-0.0052767911961772995
-21,6.0,0.005003155050640196,-0.005115888764913201
-20,-6.0,0.019284358679239277,-0.01801507669211455
-20,-5.95,0.020708306917596175,-0.019340272693961325
-20,-5.9,0.022218368532401778,-0.020745620637596662
-20,-5.85,0.02381892698344923,-0.02223520648295141
-20,-5.8,0.025514549458176994,-0.023813287150856954
-20,-5.75,0.027309986244983264,-0.02548428995402352
-20,-5.7,0.02921016893324313,-0.02725281093999854
-20,-5.65,0.031220207333456207,-0.029123612046309866
-20,-5.6,0.03334538499805695,-0.031101616956032085
-20,-5.55,0.035591153210236426,-0.033191905529871946
-20,-5.5,0.037963123294720846,-0.03539970667844328
-20,-5.45,0.04046705709113252,-0.03773038952612717
-20,-5.4,0.04310885541741705,-0.040189452705757134
-20,-5.35,0.04589454433806317,-0.04278251161157964
-20,-5.3,0.04883025903962568,-0.04551528342666078
-20,-5.25,0.05192222510457478,-0.04839356973032194
-20,-5.2,0.05517673696396175,-0.05142323648143998
-20,-5.15,0.05860013330002012,-0.05461019116483801
-20,-5.1,0.062198769161903256,-0.057960356880699226
-20,-5.05,0.06597898455158235,-0.061479643151281405
-20,-5.0,0.06994706923287342,-0.0651739132155198
-20,-4.95,0.07410922351499538,-0.06904894758075741
-20,-4.9,0.07847151476348779,-0.07311040360222698
-20,-4.85,0.0830398293962109,-0.07736377086560031
-20,-4.8,0.0878198201311553,-0.08181432215635187
-20,-4.75,0.09281684826652525,-0.08646705981256941
-20,-4.7,0.09803592079275236,-0.09132665727578138
-20,-4.65,0.1034816221616488,-0.09639739567818628
-20,-4.6,0.10915804057056433,-0.10168309533514863
-20,-4.55,0.11506868866033404,-0.10718704204985263
-20,-4.5,0.12121641857584153,-0.11291190818361807
-20,-4.45,0.12760333139853786,-0.11885966850157192
-20,-4.4,0.13423068103221847,-0.12503151087024422
-20,-4.35,0.14109877270820181,-0.13142774196240614
-20,-4.3,0.1482068563749399,-0.13804768821619362
-20,-4.25,0.15555301535140753,-0.1448895924015825
-20,-4.2,0.16313405075446563,-0.15195050626853845
-20,-4.15,0.17094536235918245,-0.15922617988899468
-20,-4.1,0.17898082671856974,-0.1667109484598781
-20,-4.05,0.1872326735563825,-0.17439761750767935
-20,-4.0,0.19569136165387158,-0.18227734762677006
-20,-3.9499999999999997,0.20434545567877305,-0.1903395400940069
-20,-3.9,0.21318150565177596,-0.19857172493047193
-20,-3.85,0.22218393101097378,-0.2069594532263832
-20,-3.8,0.23133491151619212,-0.21548619580520878
-20,-3.75,0.24061428752915237,-0.22413325057470002
-20,-3.6999999999999997,0.24999947250767252,-0.23287966119169856
-20,-3.65,0.25946538085608983,-0.24170214994832984
-20,-3.5999999999999996,0.268984374571934,-0.2505750680622292
-20,-3.55,0.278526232410368,-0.25947036681341773
-20,-3.5,0.2880581455408787,-0.26835759320409824
-20,-3.4499999999999997,0.29754474388052543,-0.27720391401158406
-20,-3.4,0.3069481574376604,-0.2859741722430509
-20,-3.3499999999999996,0.31622811707024295,-0.29463098006617505
-20,-3.3,0.3253420990320549,-0.30313485226213155
-20,-3.25,0.33424551752530557,-0.31144438410568553
-20,-3.1999999999999997,0.3428919691747546,-0.31951647729870314
-20,-3.15,0.35123353286229686,-0.3273066171459016
-20,-3.0999999999999996,0.3592211276881425,-0.3347692035432519
-20,-3.05,0.3668049309343768,-0.3418579375307509
-20,-3.0,0.37393485678179056,-0.34852626412668264
-20,-2.9499999999999997,0.38056109516117387,-0.35472787090040403
-20,-2.9,0.38663470850413123,-0.3604172402535255
-20,-2.8499999999999996,0.3921082823057605,-0.3655502516739779
-20,-2.8,0.39693662334601587,-0.3700848283255116
-20,-2.75,0.40107749717852503,-0.3739816202734212
-20,-2.6999999999999997,0.4044923941435809,-0.3772047144792219
-20,-2.65,0.40714731077443905,-0.37972235949434774
-20,-2.5999999999999996,0.40901353114105016,-0.38150769063555834
-20,-2.55,0.410068390530057,-0.38253943943985247
-20,-2.5,0.41029600202705563,-0.38280260949596423
-20,-2.4499999999999997,0.4096879251903054,-0.3822890994646595
-20,-2.4,0.40824375523134016,-0.38099825336610116
-20,-2.3499999999999996,0.40597161108835983,-0.37893731815926723
-20,-2.3,0.4028885016164298,-0.3761217893798363
-20,-2.25,0.3990205509177165,-0.37257562722569904
-20,-2.1999999999999997,0.39440306664474417,-0.3683313280301195
-20,-2.15,0.38908043892329247,-0.36342983953732455
-20,-2.0999999999999996,0.383105862285514,-0.3579203127286623
-20,-2.05,0.37654087853130047,-0.3518596880073741
-20,-2.0,0.36945474452537863,-0.345312119135994
-20,-1.9500000000000002,0.3619236352978835,-0.33834824416800346
-20,-1.8999999999999995,0.35402969909865034,-0.33104431840707793
-20,-1.8499999999999996,0.345859986872213,-0.3234812298085561
-20,-1.7999999999999998,0.3375052835681216,-0.3157434218387496
-20,-1.75,0.3290588723871529,-0.30791775226659746
-20,-1.7000000000000002,0.32061526513344607,-0.3000923183496691
-20,-1.6499999999999995,0.31226893200285794,-0.29235527911795134
-20,-1.5999999999999996,0.3041130621782723,-0.28479370375241053
-20,-1.5499999999999998,0.29623838241050493,-0.2774924712871091
-20,-1.5,0.28873205433626814,-0.2705332410194471
-20,-1.4500000000000002,0.2816766627433268,-0.2639935051920618
-20,-1.3999999999999995,0.27514929660011966,-0.25794572594278853
-20,-1.3499999999999996,0.2692207128562912,-0.25245654759720526
-20,-1.2999999999999998,0.26395456043783994,-0.24758606369403724
-20,-1.25,0.2594066294187103,-0.2433871065324874
-20,-1.1999999999999993,0.2556240792855194,-0.2399045166644589
-20,-1.1499999999999995,0.2526445921256123,-0.23717434212256905
-20,-1.0999999999999996,0.2504953934302714,-0.23522291412324947
-20,-1.0499999999999998,0.24919208727857162,-0.23406574963679705
-20,-1.0,0.24873726632680415,-0.23370624379867522
-20,-0.9499999999999993,0.24911888243123587,-0.23413413866839106
-20,-0.8999999999999995,0.2503084023410309,-0.23532379068749754
-20,-0.8499999999999996,0.2522588248712601,-0.23723230748268126
-20,-0.7999999999999998,0.25490269947609984,-0.23979768367974563
-20,-0.75,0.2581503567368753,-0.24293713096591063
-20,-0.6999999999999993,0.261888631418668,-0.24654586272319123
-20,-0.6499999999999995,0.2659804176814632,-0.25049664816015293
-20,-0.5999999999999996,0.2702654301635151,-0.2546404824136813
-20,-0.5499999999999998,0.2745625385657068,-0.25880871338217426
-20,-0.5,0.2786739816474384,-0.2628169089926702
-20,-0.4499999999999993,0.2823916366674245,-0.2664706288395461
-20,-0.39999999999999947,0.28550531669246637,-0.26957307674853404
-20,-0.34999999999999964,0.287812797429156,-0.271934362038902
-20,-0.2999999999999998,0.28913096153681883,-0.27338180938113854
-20,-0.25,0.2893071374332774,-0.2737704719414693
-20,-0.1999999999999993,0.2882294672960195,-0.27299278001423644
-20,-0.14999999999999947,0.28583504143080907,-0.2709861668348707
-20,-0.09999999999999964,0.28211464945351006,-0.2677376147557023
-20,-0.04999999999999982,0.277113351298787,-0.26328438438057894
-20,0.0,0.2709266294390673,-0.257710696295698
-20,0.05000000000000071,0.2636925450746448,-0.25114073656000285
-20,0.10000000000000053,0.2555809338658426,-0.243728915718804
-20,0.15000000000000036,0.24678108730561799,-0.23564868732904767
-20,0.20000000000000018,0.23748947343871096,-0.2270813343431902
-20,0.25,0.2278988455356561,-0.2182059508826381
-20,0.3000000000000007,0.21818965160774018,-0.20919145678075873
-20,0.35000000000000053,0.20852412937645837,-0.2001910073615603
-20,0.40000000000000036,0.19904299088525423,-0.19133872802051738
-20,0.4500000000000002,0.18986426549653768,-0.18274840004812476
-20,0.5,0.18108371341613028,-0.17451358143365137
-20,0.5500000000000007,0.17277622200932896,-0.16670864423798137
-20,0.6000000000000005,0.16499769977004086,-0.15939029971823782
-20,0.6500000000000004,0.1577871277493419,-0.15259930968866164
-20,0.7000000000000002,0.15116856812678758,-0.14636220513712017
-20,0.75,0.14515303739222118,-0.14069292686420576
-20,0.8000000000000007,0.13974021940221681,-0.1355943611069459
-20,0.8500000000000005,0.13492002655466262,-0.13105977070295216
-20,0.9000000000000004,0.13067402669862815,-0.12707412961851905
-20,0.9500000000000002,0.12697675082885218,-0.12361536613998458
-20,1.0,0.12379689097185165,-0.12065551558297283
-20,1.0500000000000007,0.12109839395011246,-0.11816178128804833
-20,1.1000000000000005,0.11884145646513078,-0.11609750406993857
-20,1.1500000000000004,0.11698342943458995,-0.11442304423957483
-20,1.2000000000000002,0.11547964299413671,-0.11309658501618958
-20,1.25,0.11428416624387872,-0.11207486982948756
-20,1.3000000000000007,0.11335051646193772,-0.11131388750331195
-20,1.3500000000000005,0.11263233067411571,-0.11076951820001057
-20,1.4000000000000004,0.11208400841899735,-0.11039814956320093
-20,1.4500000000000002,0.11166132903250237,-0.11015726747275112
-20,1.5,0.11132204077755148,-0.11000602018638128
-20,1.5500000000000007,0.11102641364370669,-0.10990574934982367
-20,1.6000000000000005,0.11073774344443299,-0.10982047720577293
-20,1.6500000000000004,0.11042279247712816,-0.10971733685081597
-20,1.7000000000000002,0.11005215170433313,-0.10956693181309696
-20,1.75,0.1096005110923639,-0.10934361250660207
-20,1.8000000000000007,0.109046828095682,-0.10902565998779568
-20,1.8500000000000005,0.10837438882683958,-0.1085953714661525
-20,1.9000000000000004,0.10757076164394874,-0.10803904668954067
-20,1.9500000000000002,0.10662764815470949,-0.10734687911617091
-20,2.0,0.10554064146985365,-0.10651276022532441
-20,2.0500000000000007,0.10430890553582817,-0.10553400903208976
-20,2.0999999999999996,0.10293479226489488,-0.10441104159977543
-20,2.1500000000000004,0.10142341482872252,-0.10314699695849461
-20,2.200000000000001,0.09978219588855941,-0.10174733633082811
-20,2.25,0.09802040881052854,-0.10021943202799721
-20,2.3000000000000007,0.0961487282490503,-0.09857216098001098
-20,2.3499999999999996,0.09417880411406676,-0.0968155158137729
-20,2.4000000000000004,0.09212287012602793,-0.09496024392505298
-20,2.450000000000001,0.08999339515555649,-0.09301752232774518
-20,2.5,0.08780278256273633,-0.09099867340652024
-20,2.5500000000000007,0.0855631199730511,-0.08891492420944536
-20,2.5999999999999996,0.0832859794840779,-0.08677720971517289
-20,2.6500000000000004,0.08098226627162974,-0.08459601867142474
-20,2.700000000000001,0.07866211199437378,-0.08238127916419824
-20,2.75,0.07633480828233896,-0.0801422800430105
-20,2.8000000000000007,0.07400877490861957,-0.07788762367280011
-20,2.8499999999999996,0.07169155693574236,-0.07562520516549975
-20,2.9000000000000004,0.06938984513703073,-0.07336221321001801
-20,2.950000000000001,0.06710951425242184,-0.07110514781008925
-20,3.0,0.06485567408115367,-0.06885985059660582
-20,3.0500000000000007,0.06263272897910932,-0.06663154385037062
-20,3.0999999999999996,0.06044444196212062,-0.06442487490455973
-20,3.1500000000000004,0.05829400027293996,-0.062243963153470805
-20,3.200000000000001,0.05618407991287144,-0.06009244744318476
-20,3.25,0.05411690724262286,-0.05797353213697809
-20,3.3000000000000007,0.05209431630231487,-0.055890030616902564
-20,3.3499999999999996,0.050117800976715365,-0.053844405393125516
-20,3.4000000000000004,0.048188561533799135,-0.05183880433955679
-20,3.450000000000001,0.04630754539223547,-0.04987509285762748
-20,3.5,0.04447548222996289,-0.04795488199255615
-20,3.5500000000000007,0.04269291373734374,-0.046079552692941395
-20,3.6000000000000014,0.04096021845198017,-0.04425027652149405
-20,3.6500000000000004,0.039277632196330625,-0.042468033199094535
-20,3.700000000000001,0.0376452646821388,-0.04073362540348757
-20,3.75,0.036063112855578616,-0.03904769125467711
-20,3.8000000000000007,0.03453107154145041,-0.037410714908159726
-20,3.8500000000000014,0.033048941910509555,-0.03582303565015099
-20,3.9000000000000004,0.03161643824697169,-0.03428485585126362
-20,3.950000000000001,0.030233193438457207,-0.03279624809067583
-20,4.0,0.02889876355202503,-0.03135716171542402
-20,4.050000000000001,0.027612631800911558,-0.029967429051698247
-20,4.100000000000001,0.026374212149430143,-0.028626771438950982
-20,4.15,0.025182852750051055,-0.027334805214910496
-20,4.200000000000001,0.024037839358166835,-0.02609104774103832
-20,4.25,0.02293839882708415,-0.024894923524299006
-20,4.300000000000001,0.02188370274880569,-0.023745770462489713
-20,4.350000000000001,0.0208728712751185,-0.022642846216848422
-20,4.4,0.0199049771281663,-0.021585334696950564
-20,4.450000000000001,0.01897904978974907,-0.02057235262875068
-20,4.5,0.018094079843502975,-0.019602956166490326
-20,4.550000000000001,0.017249023433360655,-0.018676147502685314
-20,4.600000000000001,0.016442806794689346,-0.017790881426921867
-20,4.65,0.015674330810690584,-0.01694607178330676
-20,4.700000000000001,0.014942475545375977,-0.016140597777560384
-20,4.75,0.014246104705414098,-0.015373310087567038
-20,4.800000000000001,0.01358406998556383,-0.014643036735161985
-20,4.850000000000001,0.01295521525619936,-0.013948588681814922
-20,4.9,0.012358380555951065,-0.013288765116264756
-20,4.950000000000001,0.011792405857608657,-0.012662358407816487
-20,5.0,0.011256134580776234,-0.012068158704781062
-20,5.050000000000001,0.010748416830257845,-0.011504958163151446
-20,5.100000000000001,0.010268112344403058,-0.01097155479603007
-20,5.15,0.00981409314290449,-0.010466755939407157
-20,5.200000000000001,0.009385245868264391,-0.009989381334580383
-20,5.25,0.008980473819741874,-0.009538265831832593
-20,5.300000000000001,0.008598698682686035,-0.009112261723830617
-20,5.350000000000001,0.008238861959972255,-0.008710240720698259
-20,5.4,0.007899926115684686,-0.008331095581826098
-20,5.450000000000001,0.007580875444334723,-0.007973741422244274
-20,5.5,0.0072807166818016356,-0.007637116713858916
-20,5.550000000000001,0.006998479376798983,-0.007320184004136809
-20,5.600000000000001,0.006733216044247037,-0.00702193037689236
-20,5.65,0.006484002124284238,-0.006741367681785793
-20,5.700000000000001,0.0062499357730168015,-0.006477532561078192
-20,5.75,0.006030137513461931,-0.006229486304010212
-20,5.800000000000001,0.005823749777404075,-0.005996314561037774
-20,5.850000000000001,0.005629936371272848,-0.005777126952028588
-20,5.9,0.005447881901390339,-0.005571056604302793
-20,5.950000000000001,0.005276791196176411,-0.0053772596581644905
-20,6.0,0.005115888764913201,-0.0051949147791514605
-19,-6.0,0.018015076692114773,-0.016779502405024793
-19,-5.95,0.01934027269396088,-0.01800895103746658
-19,-5.9,0.020745620637597106,-0.01931277080773519
-19,-5.85,0.022235206482950964,-0.0206947587594839
-19,-5.8,0.023813287150856954,-0.022158870520810225
-19,-5.75,0.025484289954022854,-0.023709219790100544
-19,-5.7,0.02725281093999854,-0.025350076816286204
-19,-5.65,0.02912361204630942,-0.02708586578027905
-19,-5.6,0.031101616956032085,-0.02892116097337416
-19,-5.55,0.03319190552987217,-0.03086068165720013
-19,-5.5,0.03539970667844283,-0.032909285478373906
-19,-5.45,0.03773038952612695,-0.03507196029969428
-19,-5.4,0.040189452705757356,-0.03735381429854323
-19,-5.35,0.04278251161157964,-0.03976006417227618
-19,-5.3,0.045515283426661,-0.04229602128004828
-19,-5.25,0.04839356973032194,-0.04496707554072765
-19,-5.2,0.05142323648143998,-0.04777867689763937
-19,-5.15,0.05461019116483823,-0.050736314152948214
-19,-5.1,0.05796035688069967,-0.05384549096781699
-19,-5.05,0.06147964315128118,-0.057111698819309886
-19,-5.0,0.06517391321552024,-0.060540386701701365
-19,-4.95,0.06904894758075741,-0.06413692735863075
-19,-4.9,0.07311040360222654,-0.0679065798340055
-19,-4.85,0.07736377086560009,-0.07185444813389497
-19,-4.8,0.08181432215635143,-0.07598543579965833
-19,-4.75,0.08646705981256986,-0.08030419620451745
-19,-4.7,0.09132665727578115,-0.08481507840253855
-19,-4.65,0.0963973956781865,-0.0895220683811262
-19,-4.6,0.10168309533514841,-0.09442872559642401
-19,-4.55,0.10718704204985285,-0.09953811470636698
-19,-4.5,0.11291190818361807,-0.10485273245927473
-19,-4.45,0.1188596685015717,-0.11037442974800449
-19,-4.4,0.12503151087024467,-0.11610432890153977
-19,-4.35,0.1314277419624067,-0.1220427363587997
-19,-4.3,0.13804768821619362,-0.12818905095425848
-19,-4.25,0.14488959240158228,-0.13454166814293345
-19,-4.2,0.15195050626853823,-0.1410978806043306
-19,-4.15,0.15922617988899423,-0.1478537757921825
-19,-4.1,0.1667109484598781,-0.15480413113989133
-19,-4.05,0.17439761750767935,-0.1619423077914628
-19,-4.0,0.18227734762676995,-0.16926014390443056
-19,-3.9499999999999997,0.1903395400940069,-0.17674784876516547
-19,-3.9,0.19857172493047204,-0.1843938991673082
-19,-3.85,0.20695945322638298,-0.19218493972989825
-19,-3.8,0.21548619580520867,-0.20010568907116744
-19,-3.75,0.22413325057470035,-0.20813885400408716
-19,-3.6999999999999997,0.23287966119169845,-0.2162650541766571
-19,-3.65,0.24170214994832961,-0.22446275983833264
-19,-3.5999999999999996,0.2505750680622293,-0.23270824566700532
-19,-3.55,0.25947036681341795,-0.24097556383028196
-19,-3.5,0.26835759320409847,-0.24923653966980241
-19,-3.4499999999999997,0.27720391401158384,-0.2574607935760007
-19,-3.4,0.2859741722430509,-0.2656157927484506
-19,-3.3499999999999996,0.2946309800661752,-0.27366693659761965
-19,-3.3,0.30313485226213144,-0.2815776795193212
-19,-3.25,0.31144438410568565,-0.2893096946439151
-19,-3.1999999999999997,0.31951647729870325,-0.2968230819078115
-19,-3.15,0.32730661714590165,-0.3040766233944292
-19,-3.0999999999999996,0.3347692035432518,-0.31102808832554407
-19,-3.05,0.3418579375307509,-0.3176345893339969
-19,-3.0,0.3485262641266826,-0.3238529907008385
-19,-2.9499999999999997,0.354727870900404,-0.3296403680850948
-19,-2.9,0.3604172402535254,-0.3349545179110096
-19,-2.8499999999999996,0.3655502516739781,-0.33975451301373427
-19,-2.8,0.37008482832551165,-0.3440012993996244
-19,-2.75,0.37398162027342124,-0.347658327084962
-19,-2.6999999999999997,0.3772047144792219,-0.35069220598571804
-19,-2.65,0.3797223594943476,-0.3530733758062534
-19,-2.5999999999999996,0.3815076906355583,-0.35477677689848086
-19,-2.55,0.38253943943985247,-0.3557825072328131
-19,-2.5,0.38280260949596434,-0.35607644904924496
-19,-2.4499999999999997,0.3822890994646596,-0.3556508475614595
-19,-2.4,0.38099825336610116,-0.35450482339246925
-19,-2.3499999999999996,0.3789373181592673,-0.3526448003458944
-19,-2.3,0.37612178937983626,-0.3500848307674316
-19,-2.25,0.372575627225699,-0.34684680220641884
-19,-2.1999999999999997,0.3683313280301194,-0.34296051139191697
-19,-2.15,0.36342983953732444,-0.33846359468925014
-19,-2.0999999999999996,0.3579203127286623,-0.33340130814410396
-19,-2.05,0.3518596880073741,-0.3278261548339524
-19,-2.0,0.3453121191359939,-0.3217973623502304
-19,-1.9500000000000002,0.3383482441680036,-0.3153802185904071
-19,-1.8999999999999995,0.331044318407078,-0.3086452793589346
-19,-1.8499999999999996,0.32348122980855615,-0.3016674662374734
-19,-1.7999999999999998,0.3157434218387497,-0.29452507744991463
-19,-1.75,0.30791775226659723,-0.28729873768441117
-19,-1.7000000000000002,0.3000923183496691,-0.28007031473820543
-19,-1.6499999999999995,0.2923552791179513,-0.27292183116450963
-19,-1.5999999999999996,0.28479370375241053,-0.26593439763122884
-19,-1.5499999999999998,0.2774924712871091,-0.259187191334451
-19,-1.5,0.2705332410194471,-0.2527564975207671
-19,-1.4500000000000002,0.2639935051920618,-0.24671482504058473
-19,-1.3999999999999995,0.25794572594278864,-0.24113009808049612
-19,-1.3499999999999996,0.2524565475972053,-0.2360649161577444
-19,-1.2999999999999998,0.24758606369403724,-0.23157586364486427
-19,-1.25,0.2433871065324874,-0.2277128393080604
-19,-1.1999999999999993,0.23990451666445894,-0.22451836665947633
-19,-1.1499999999999995,0.23717434212256916,-0.22202683873972662
-19,-1.0999999999999996,0.23522291412324944,-0.22026364798902298
-19,-1.0499999999999998,0.2340657496367971,-0.21924415511951534
-19,-1.0,0.23370624379867533,-0.21897246244902768
-19,-0.9499999999999993,0.23413413866839117,-0.21943997888239586
-19,-0.8999999999999995,0.23532379068749754,-0.22062379689829992
-19,-0.8499999999999996,0.2372323074826812,-0.222484946632524
-19,-0.7999999999999998,0.23979768367974563,-0.22496664682091855
-19,-0.75,0.24293713096591063,-0.22799273307601992
-19,-0.6999999999999993,0.24654586272319123,-0.23146650417035963
-19,-0.6499999999999995,0.2504966481601529,-0.2352702774253584
-19,-0.5999999999999996,0.2546404824136814,-0.23926597335629807
-19,-0.5499999999999998,0.25880871338217437,-0.2432970443839465
-19,-0.5,0.2628169089926702,-0.24719200985470913
-19,-0.4499999999999993,0.2664706288395461,-0.25076974957115433
-19,-0.39999999999999947,0.2695730767485339,-0.25384653623158154
-19,-0.34999999999999964,0.271934362038902,-0.25624455948303204
-19,-0.2999999999999998,0.27338180938113854,-0.2578014311586759
-19,-0.25,0.2737704719414692,-0.2583799007206309
-19,-0.1999999999999993,0.2729927800142363,-0.25787680643710975
-19,-0.14999999999999947,0.270986166834871,-0.25623020410441655
-19,-0.09999999999999964,0.26773761475570224,-0.2534237054716636
-19,-0.04999999999999982,0.2632843843805789,-0.2494873464224597
-19,0.0,0.2577106962956981,-0.24449476315232888
-19,0.05000000000000071,0.2511407365600027,-0.23855699908527156
-19,0.10000000000000053,0.24372891571880384,-0.23181377215799603
-19,0.15000000000000036,0.23564868732904776,-0.22442337548699304
-19,0.20000000000000018,0.22708133434319033,-0.2165524815430129
-19,0.25,0.2182059508826384,-0.20836696195865054
-19,0.3000000000000007,0.20919145678075868,-0.20002448802056022
-19,0.35000000000000053,0.20019100736156026,-0.1916692525122784
-19,0.40000000000000036,0.19133872802051766,-0.1834287657288005
-19,0.4500000000000002,0.18274840004812454,-0.17541240604022568
-19,0.5,0.17451358143365114,-0.16771127593436524
-19,0.5500000000000007,0.16670864423798126,-0.16039891028132947
-19,0.6000000000000005,0.15939029971823793,-0.15353246097398388
-19,0.6500000000000004,0.15259930968866153,-0.14715409284146586
-19,0.7000000000000002,0.14636220513712028,-0.14129243200480757
-19,0.75,0.14069292686420543,-0.13596398845511626
-19,0.8000000000000007,0.13559436110694567,-0.13117452387414785
-19,0.8500000000000005,0.13105977070295238,-0.12692035831282078
-19,0.9000000000000004,0.12707412961851938,-0.12318961467407497
-19,0.9500000000000002,0.12361536613998503,-0.11996339747426821
-19,1.0,0.12065551558297294,-0.11721689901561272
-19,1.0500000000000007,0.1181617812880491,-0.11492042550149206
-19,1.1000000000000005,0.11609750406993813,-0.11304033850195006
-19,1.1500000000000004,0.11442304423957461,-0.11153991242435835
-19,1.2000000000000002,0.1130965850161898,-0.110380114422165
-19,1.25,0.11207486982948778,-0.1095203177533004
-19,1.3000000000000007,0.11131388750331217,-0.10891896185005723
-19,1.3500000000000005,0.1107695182000108,-0.10853417190628112
-19,1.4000000000000004,0.11039814956320049,-0.10832434791236567
-19,1.4500000000000002,0.11015726747275068,-0.1082487285132121
-19,1.5,0.11000602018638128,-0.10826792977706967
-19,1.5500000000000007,0.10990574934982389,-0.10834445388520297
-19,1.6000000000000005,0.10982047720577315,-0.10844315866243259
-19,1.6500000000000004,0.10971733685081597,-0.10853167629303906
-19,1.7000000000000002,0.1095669318130974,-0.10858076874954659
-19,1.75,0.1093436125066023,-0.10856460838247006
-19,1.8000000000000007,0.1090256599877959,-0.10846097453937165
-19,1.8500000000000005,0.10859537146615272,-0.10825136061289142
-19,1.9000000000000004,0.1080390466895409,-0.10792099009170353
-19,1.9500000000000002,0.10734687911617025,-0.10745874452534787
-19,2.0,0.10651276022532441,-0.10685701037717421
-19,2.0500000000000007,0.1055340090320902,-0.10611145517784659
-19,2.0999999999999996,0.10441104159977543,-0.10522074596236242
-19,2.1500000000000004,0.10314699695849505,-0.10418622455037396
-19,2.200000000000001,0.10174733633082811,-0.1030115547966739
-19,2.25,0.10021943202799743,-0.10170235657272908
-19,2.3000000000000007,0.09857216098001098,-0.10026584008678263
-19,2.3499999999999996,0.09681551581377246,-0.09871045239775844
-19,2.4000000000000004,0.09496024392505298,-0.0970455458324726
-19,2.450000000000001,0.09301752232774563,-0.09528107567748867
-19,2.5,0.09099867340652068,-0.09342733216593313
-19,2.5500000000000007,0.08891492420944491,-0.0914947095626748
-19,2.5999999999999996,0.08677720971517333,-0.08949351317785403
-19,2.6500000000000004,0.08459601867142519,-0.08743380347922303
-19,2.700000000000001,0.08238127916419824,-0.08532527516316835
-19,2.75,0.08014228004301005,-0.08317716808703679
-19,2.8000000000000007,0.07788762367280055,-0.08099820634236332
-19,2.8499999999999996,0.07562520516549975,-0.07879656142371916
-19,2.9000000000000004,0.07336221321001846,-0.07657983537491608
-19,2.950000000000001,0.07110514781008925,-0.07435505992229618
-19,3.0,0.06885985059660626,-0.07212870788279435
-19,3.0500000000000007,0.06663154385037062,-0.06990671351475841
-19,3.0999999999999996,0.06442487490456017,-0.0676944989198156
-19,3.1500000000000004,0.06224396315346992,-0.06549700406907721
-19,3.200000000000001,0.060092447443185204,-0.06331871848833837
-19,3.25,0.05797353213697809,-0.06116371307348345
-19,3.3000000000000007,0.05589003061690212,-0.05903567090437711
-19,3.3499999999999996,0.053844405393125516,-0.05693791627402511
-19,3.4000000000000004,0.05183880433955679,-0.05487344144530537
-19,3.450000000000001,0.04987509285762748,-0.052844930889661246
-19,3.5,0.04795488199255571,-0.0508547829526651
-19,3.5500000000000007,0.04607955269294184,-0.04890512903472599
-19,3.6000000000000014,0.04425027652149449,-0.046997850476526715
-19,3.6500000000000004,0.042468033199094535,-0.045134593404095646
-19,3.700000000000001,0.04073362540348757,-0.04331678182390375
-19,3.75,0.03904769125467755,-0.04154562926993943
-19,3.8000000000000007,0.037410714908159726,-0.03982214929792516
-19,3.8500000000000014,0.03582303565015099,-0.03814716510168514
-19,3.9000000000000004,0.03428485585126406,-0.036521318497416466
-19,3.950000000000001,0.03279624809067627,-0.03494507848696937
-19,4.0,0.03135716171542402,-0.03341874957406121
-19,4.050000000000001,0.02996742905169736,-0.03194247996999744
-19,4.100000000000001,0.02862677143895187,-0.03051626978976696
-19,4.15,0.027334805214911384,-0.029139979306394448
-19,4.200000000000001,0.026091047741036988,-0.02781333730219071
-19,4.25,0.02489492352429945,-0.026535949530338776
-19,4.300000000000001,0.023745770462490157,-0.025307307279364366
-19,4.350000000000001,0.022642846216849755,-0.024126796016390895
-19,4.4,0.02158533469695101,-0.022993704072465704
-19,4.450000000000001,0.02057235262875068,-0.02190723132435224
-19,4.5,0.019602956166489882,-0.020866497821597108
-19,4.550000000000001,0.018676147502685758,-0.019870552305015998
-19,4.600000000000001,0.0177908814269232,-0.018918380562463533
-19,4.65,0.016946071783307204,-0.01800891356952139
-19,4.700000000000001,0.016140597777560828,-0.017141035366015522
-19,4.75,0.015373310087566594,-0.016313590623817653
-19,4.800000000000001,0.014643036735161097,-0.015525391866650029
-19,4.850000000000001,0.013948588681814478,-0.014775226308524125
-19,4.9,0.013288765116264756,-0.014061862283537785
-19,4.950000000000001,0.012662358407816043,-0.013384055245913462
-19,5.0,0.012068158704781062,-0.01274055332525137
-19,5.050000000000001,0.011504958163151002,-0.012130102427715617
-19,5.100000000000001,0.01097155479603007,-0.011551450879337732
-19,5.15,0.010466755939407157,-0.011003353612617506
-19,5.200000000000001,0.009989381334580827,-0.010484575902174775
-19,5.25,0.009538265831833037,-0.0099938966592652
-19,5.300000000000001,0.009112261723831061,-0.009530111298623467
-19,5.350000000000001,0.008710240720698259,-0.00909203419424287
-19,5.4,0.008331095581826986,-0.008678500743523276
-19,5.450000000000001,0.007973741422245162,-0.008288369061581147
-19,5.5,0.007637116713858916,-0.00792052132970733
-19,5.550000000000001,0.007320184004136365,-0.007573864823782195
-19,5.600000000000001,0.007021930376891916,-0.0072473326501691915
-19,5.65,0.0067413676817853485,-0.006939884218169823
-19,5.700000000000001,0.00647753256107908,-0.006650505479607105
-19,5.75,0.006229486304010656,-0.0063782089675208375
-19,5.800000000000001,0.00599631456103733,-0.006122033667397275
-19,5.850000000000001,0.0057771269520277,-0.005881044755753351
-19,5.9,0.005571056604302349,-0.005654333242272269
-19,5.950000000000001,0.0053772596581644905,-0.0054410155530115745
-19,6.0,0.005194914779152349,-0.005240233093357194
-18,-6.0,0.01677950240502435,-0.015577635817968005
-18,-5.95,0.01800895103746658,-0.016714341948112388
-18,-5.9,0.01931277080773519,-0.017919819042816254
-18,-5.85,0.020694758759484122,-0.019197583813048702
-18,-5.8,0.022158870520810448,-0.02055129956803725
-18,-5.75,0.023709219790100544,-0.021984775753215224
-18,-5.7,0.025350076816286204,-0.02350196656210679
-18,-5.65,0.02708586578027905,-0.025106968535364427
-18,-5.6,0.028921160973374382,-0.02680401705008295
-18,-5.55,0.03086068165720035,-0.02859748159222164
-18,-5.5,0.032909285478373684,-0.030491859694512957
-18,-5.45,0.035071960299694505,-0.032491769411834515
-18,-5.4,0.03735381429854301,-0.034601940195774006
-18,-5.35,0.0397600641722764,-0.03682720202015366
-18,-5.3,0.0422960212800485,-0.03917247259978884
-18,-5.25,0.04496707554072721,-0.04164274253579103
-18,-5.2,0.04777867689763937,-0.04424305821255947
-18,-5.15,0.05073631415294866,-0.04697850226435074
-18,-5.1,0.05384549096781677,-0.04985417142325499
-18,-5.05,0.05711169881931011,-0.05287515155566869
-18,-5.0,0.06054038670170114,-0.05604648969141568
-18,-4.95,0.06413692735863119,-0.05937316284861538
-18,-4.9,0.06790657983400505,-0.06286004345882334
-18,-4.85,0.07185444813389452,-0.06651186120109553
-18,-4.8,0.07598543579965766,-0.07033316106107401
-18,-4.75,0.08030419620451723,-0.07432825744236693
-18,-4.7,0.08481507840253899,-0.07850118417302543
-18,-4.65,0.08952206838112642,-0.08285564027046854
-18,-4.6,0.09442872559642379,-0.08739493135439069
-18,-4.55,0.09953811470636653,-0.09212190662987574
-18,-4.5,0.10485273245927496,-0.09703889140281197
-18,-4.45,0.11037442974800471,-0.10214761513783666
-18,-4.4,0.11610432890153977,-0.10744913512610355
-18,-4.35,0.1220427363587997,-0.1129437558973807
-18,-4.3,0.12818905095425848,-0.11863094458913404
-18,-4.25,0.134541668142933,-0.12450924257545992
-18,-4.2,0.14109788060433082,-0.13057617376184405
-18,-4.15,0.14785377579218206,-0.13682815006874582
-18,-4.1,0.15480413113989133,-0.1432603747586101
-18,-4.05,0.16194230779146324,-0.14986674440773484
-18,-4.0,0.169260143904431,-0.1566397504868542
-18,-3.9499999999999997,0.17674784876516514,-0.16357038169224802
-18,-3.9,0.18439389916730775,-0.17064802836228377
-18,-3.85,0.1921849397298978,-0.17786039052151903
-18,-3.8,0.20010568907116755,-0.1851933913140691
-18,-3.75,0.20813885400408716,-0.19263109781731202
-18,-3.6999999999999997,0.2162650541766573,-0.20015565146255
-18,-3.65,0.22446275983833242,-0.20774721052609824
-18,-3.5999999999999996,0.2327082456670052,-0.21538390738626134
-18,-3.55,0.24097556383028196,-0.22304182346095947
-18,-3.5,0.24923653966980241,-0.23069498493799045
-18,-3.4499999999999997,0.2574607935760007,-0.23831538257377605
-18,-3.4,0.2656157927484507,-0.24587301895385916
-18,-3.3499999999999996,0.27366693659761965,-0.25333598666457635
-18,-3.3,0.2815776795193211,-0.26067058080362315
-18,-3.25,0.2893096946439154,-0.26784144913999475
-18,-3.1999999999999997,0.29682308190781137,-0.274811783002078
-18,-3.15,0.30407662339442953,-0.28154355160788036
-18,-3.0999999999999996,0.3110280883255443,-0.28799778203502013
-18,-3.05,0.31763458933399713,-0.2941348863441158
-18,-3.0,0.32385299070083856,-0.29991503650425866
-18,-2.9499999999999997,0.32964036808509467,-0.3052985867152467
-18,-2.9,0.3349545179110095,-0.31024654147658315
-18,-2.8499999999999996,0.3397545130137342,-0.31472106632502905
-18,-2.8,0.3440012993996245,-0.31868603656835437
-18,-2.75,0.3476583270849619,-0.3221076176131472
-18,-2.6999999999999997,0.3506922059857181,-0.32495486866306833
-18,-2.65,0.35307337580625336,-0.3272003597101565
-18,-2.5999999999999996,0.354776776898481,-0.32882078992981856
-18,-2.55,0.3557825072328133,-0.3297975939089388
-18,-2.5,0.3560764490492449,-0.33011752068689737
-18,-2.4499999999999997,0.35565084756145954,-0.3297731694807058
-18,-2.4,0.3545048233924691,-0.32876346531044365
-18,-2.3499999999999996,0.35264480034589446,-0.32709405764824173
-18,-2.3,0.35008483076743163,-0.32477762577921565
-18,-2.25,0.3468468022064185,-0.3218340758598752
-18,-2.1999999999999997,0.3429605113919171,-0.31829061673013714
-18,-2.15,0.3384635946892501,-0.3141817043790689
-18,-2.0999999999999996,0.33340130814410396,-0.30954884853183895
-18,-2.05,0.3278261548339526,-0.30444027901103565
-18,-2.0,0.3217973623502305,-0.29891047416808836
-18,-1.9500000000000002,0.3153802185904071,-0.2930195585650939
-18,-1.8999999999999995,0.30864527935893465,-0.2868325819542207
-18,-1.8499999999999996,0.30166746623747354,-0.2804186961589652
-18,-1.7999999999999998,0.29452507744991496,-0.27385025040161715
-18,-1.75,0.2872987376844113,-0.2672018286405954
-18,-1.7000000000000002,0.28007031473820543,-0.26054925429905573
-18,-1.6499999999999995,0.2729218311645095,-0.25396858814253276
-18,-1.5999999999999996,0.26593439763122884,-0.24753514381472752
-18,-1.5499999999999998,0.25918719133445123,-0.24132254255253094
-18,-1.5,0.25275649752076707,-0.23540182384022845
-18,-1.4500000000000002,0.24671482504058476,-0.22984062228889568
-18,-1.3999999999999995,0.24113009808049618,-0.2247024130132418
-18,-1.3499999999999996,0.23606491615774422,-0.2200458185379075
-18,-1.2999999999999998,0.23157586364486415,-0.21592396029032024
-18,-1.25,0.22771283930806036,-0.21238382774542874
-18,-1.1999999999999993,0.2245183666594763,-0.20946562927057155
-18,-1.1499999999999995,0.22202683873972667,-0.20720208197708512
-18,-1.0999999999999996,0.22026364798902304,-0.20561759502759247
-18,-1.0499999999999998,0.21924415511951545,-0.20472730372672643
-18,-1.0,0.2189724624490277,-0.20453592227786144
-18,-0.9499999999999993,0.21943997888239591,-0.2050364030732501
-18,-0.8999999999999995,0.22062379689830003,-0.20620842097343794
-18,-0.8499999999999996,0.22248494663252394,-0.2080167423207886
-18,-0.7999999999999998,0.22496664682091855,-0.21040958889961842
-18,-0.75,0.22799273307601986,-0.21331716306720272
-18,-0.6999999999999993,0.23146650417035958,-0.21665055576017328
-18,-0.6499999999999995,0.2352702774253585,-0.22030130547707966
-18,-0.5999999999999996,0.23926597335629818,-0.22414190299136588
-18,-0.5499999999999998,0.2432970443839465,-0.2280275315710235
-18,-0.5,0.24719200985470924,-0.23179928423355534
-18,-0.4499999999999993,0.2507697495711543,-0.2352889988622494
-18,-0.39999999999999947,0.2538465362315814,-0.23832569514160892
-18,-0.34999999999999964,0.25624455948303204,-0.24074338976154597
-18,-0.2999999999999998,0.25780143115867604,-0.2423898268694306
-18,-0.25,0.2583799007206309,-0.24313542377076222
-18,-0.1999999999999993,0.25787680643710975,-0.24288154656463967
-18,-0.14999999999999947,0.2562302041044163,-0.24156715323944672
-18,-0.09999999999999964,0.2534237054716636,-0.2391729216013942
-18,-0.04999999999999982,0.24948734642245962,-0.23572223742442977
-18,0.0,0.24449476315232888,-0.2312788300089597
-18,0.05000000000000071,0.2385569990852714,-0.22594133265045127
-18,0.10000000000000053,0.23181377215799603,-0.21983550318341916
-18,0.15000000000000036,0.2244233754869931,-0.21310515177945427
-18,0.20000000000000018,0.21655248154301265,-0.20590291503817915
-18,0.25,0.20836696195865057,-0.19838187876369315
-18,0.3000000000000007,0.20002448802055994,-0.19068874532714397
-18,0.35000000000000053,0.1916692525122783,-0.18295886482861257
-18,0.40000000000000036,0.1834287657288005,-0.1753131040101038
-18,0.4500000000000002,0.17541240604022557,-0.16785628347283998
-18,0.5,0.16771127593436508,-0.1606767969182719
-18,0.5500000000000007,0.16039891028132924,-0.15384702013937268
-18,0.6000000000000005,0.15353246097398388,-0.14742418353727949
-18,0.6500000000000004,0.14715409284146563,-0.14145147720775397
-18,0.7000000000000002,0.14129243200480768,-0.13595924872984955
-18,0.75,0.13596398845511626,-0.13096622216495313
-18,0.8000000000000007,0.13117452387414774,-0.12648070770382258
-18,0.8500000000000005,0.12692035831282045,-0.12250178938426737
-18,0.9000000000000004,0.12318961467407497,-0.11902048186529512
-18,0.9500000000000002,0.11996339747426843,-0.11602084483170261
-18,1.0,0.11721689901561305,-0.11348104126977143
-18,1.0500000000000007,0.11492042550149195,-0.11137432659044244
-18,1.1000000000000005,0.11304033850194983,-0.109669959761166
-18,1.1500000000000004,0.11153991242435835,-0.10833403398894137
-18,1.2000000000000002,0.11038011442216478,-0.10733023121206187
-18,1.25,0.10952031775330084,-0.10662051001531747
-18,1.3000000000000007,0.108918961850057,-0.1061657395021729
-18,1.3500000000000005,0.10853417190628134,-0.10592629179292756
-18,1.4000000000000004,0.10832434791236567,-0.10586260346649223
-18,1.4500000000000002,0.1082487285132121,-0.10593571215388531
-18,1.5,0.10826792977707012,-0.10610776954961709
-18,1.5500000000000007,0.10834445388520297,-0.10634252724984439
-18,1.6000000000000005,0.10844315866243281,-0.10660578781441155
-18,1.6500000000000004,0.10853167629303906,-0.1068658108037972
-18,1.7000000000000002,0.10858076874954614,-0.10709366251368335
-18,1.75,0.10856460838246962,-0.1072634987199681
-18,1.8000000000000007,0.10846097453937142,-0.10735277175041058
-18,1.8500000000000005,0.1082513606128912,-0.10734235626705568
-18,1.9000000000000004,0.10792099009170375,-0.1072165918504373
-18,1.9500000000000002,0.10745874452534787,-0.1069632443822417
-18,2.0,0.10685701037717399,-0.1065733919254026
-18,2.0500000000000007,0.10611145517784681,-0.10604124397309866
-18,2.0999999999999996,0.10522074596236264,-0.10536390535265672
-18,2.1500000000000004,0.10418622455037285,-0.10454109760435859
-18,2.200000000000001,0.10301155479667434,-0.10357485128609745
-18,2.25,0.10170235657272908,-0.1024691824447237
-18,2.3000000000000007,0.10026584008678219,-0.10122976556936503
-18,2.3499999999999996,0.09871045239775844,-0.09986361386602427
-18,2.4000000000000004,0.0970455458324726,-0.09837877584828503
-18,2.450000000000001,0.09528107567748911,-0.09678405520478561
-18,2.5,0.09342733216593313,-0.09508875884097368
-18,2.5500000000000007,0.0914947095626748,-0.093302476032739
-18,2.5999999999999996,0.08949351317785359,-0.09143488987211956
-18,2.6500000000000004,0.08743380347922303,-0.0894956206950237
-18,2.700000000000001,0.08532527516316835,-0.08749409999128366
-18,2.75,0.08317716808703723,-0.08543947241441963
-18,2.8000000000000007,0.08099820634236332,-0.08334052291731009
-18,2.8499999999999996,0.07879656142371871,-0.08120562571040013
-18,2.9000000000000004,0.07657983537491653,-0.07904271163172494
-18,2.950000000000001,0.07435505992229618,-0.0768592505890422
-18,3.0,0.07212870788279435,-0.07466224593971882
-18,3.0500000000000007,0.06990671351475886,-0.07245823797227535
-18,3.0999999999999996,0.06769449891981472,-0.07025331400788781
-18,3.1500000000000004,0.06549700406907766,-0.06805312301976052
-18,3.200000000000001,0.06331871848833792,-0.06586289304833359
-18,3.25,0.06116371307348345,-0.06368745005213983
-18,3.3000000000000007,0.05903567090437711,-0.06153123716474029
-18,3.3499999999999996,0.05693791627402467,-0.059398333619411936
-18,3.4000000000000004,0.05487344144530537,-0.057292472851044884
-18,3.450000000000001,0.0528449308896608,-0.05521705948833677
-18,3.5,0.0508547829526651,-0.05317518511028929
-18,3.5500000000000007,0.04890512903472599,-0.05116964276269709
-18,3.6000000000000014,0.04699785047652627,-0.049202940317079946
-18,3.6500000000000004,0.04513459340409609,-0.047277312811333516
-18,3.700000000000001,0.043316781823903305,-0.045394733943386
-18,3.75,0.041545629269938544,-0.043556926901360704
-18,3.8000000000000007,0.039822149297926046,-0.04176537471074848
-18,3.8500000000000014,0.0381471651016847,-0.04002133026511423
-18,3.9000000000000004,0.036521318497416466,-0.038325826185428014
-18,3.950000000000001,0.03494507848696937,-0.03667968462733873
-18,4.0,0.03341874957406077,-0.03508352712793528
-18,4.050000000000001,0.03194247996999788,-0.033537784555810024
-18,4.100000000000001,0.03051626978976696,-0.03204270720187807
-18,4.15,0.029139979306394004,-0.030598375024501134
-18,4.200000000000001,0.02781333730219071,-0.02920470804162223
-18,4.25,0.026535949530339664,-0.027861476845202127
-18,4.300000000000001,0.025307307279364366,-0.026568313199427873
-18,4.350000000000001,0.02412679601639045,-0.025324720673745027
-18,4.4,0.022993704072466592,-0.024130085254712608
-18,4.450000000000001,0.02190723132435224,-0.022983685876555082
-18,4.5,0.020866497821597996,-0.021884704808824207
-18,4.550000000000001,0.019870552305015998,-0.02083223784035093
-18,4.600000000000001,0.018918380562463533,-0.019825304201313898
-18,4.65,0.018008913569519613,-0.018862856169333586
-18,4.700000000000001,0.017141035366014634,-0.017943788310742725
-18,4.75,0.016313590623817653,-0.017066946314165943
-18,4.800000000000001,0.015525391866649585,-0.01623113538002796
-18,4.850000000000001,0.014775226308524125,-0.01543512813632919
-18,4.9,0.014061862283537785,-0.014677672057772373
-18,4.950000000000001,0.013384055245913018,-0.01395749637189958
-18,5.0,0.01274055332525137,-0.013273318442188042
-18,5.050000000000001,0.01213010242771606,-0.012623849623950356
-18,5.100000000000001,0.011551450879337288,-0.012007800594323825
-18,5.15,0.01100335361261795,-0.011423886162535535
-18,5.200000000000001,0.010484575902173887,-0.010870829571048457
-18,5.25,0.009993896659264756,-0.010347366302039251
-18,5.300000000000001,0.009530111298623467,-0.009852247407062809
-18,5.350000000000001,0.00909203419424287,-0.009384242380608754
-18,5.4,0.008678500743522832,-0.008942141600775777
-18,5.450000000000001,0.00828836906158159,-0.008524758362345342
-18,5.5,0.007920521329707775,-0.008130930529347768
-18,5.550000000000001,0.007573864823782195,-0.007759521835735583
-18,5.600000000000001,0.0072473326501691915,-0.007409422864079307
-18,5.65,0.006939884218169823,-0.007079551733438105
-18,5.700000000000001,0.006650505479607105,-0.0067688545286030966
-18,5.75,0.006378208967521282,-0.006476305503993807
-18,5.800000000000001,0.006122033667397275,-0.0062009070964830215
-18,5.850000000000001,0.0058810447557524625,-0.005941689782445803
-18,5.9,0.005654333242270937,-0.005697711815298323
-18,5.950000000000001,0.0054410155530115745,-0.005468058880718107
-18,6.0,0.005240233093355862,-0.005251843707527737
-17,-6.0,0.01557763581796845,-0.014409476930945964
-17,-5.95,0.016714341948112388,-0.015456445425899634
-17,-5.9,0.017919819042816254,-0.016566765342840295
-17,-5.85,0.019197583813048702,-0.017743681643644482
-17,-5.8,0.020551299568037473,-0.01899057429253892
-17,-5.75,0.021984775753215224,-0.020310957843368005
-17,-5.7,0.02350196656210679,-0.021708480177459855
-17,-5.65,0.025106968535364427,-0.02318692031156644
-17,-5.6,0.02680401705008273,-0.0247501851861589
-17,-5.55,0.028597481592221863,-0.02640230533493515
-17,-5.5,0.030491859694512513,-0.028147429326859985
-17,-5.45,0.03249176941183496,-0.02998981686254787
-17,-5.4,0.034601940195773784,-0.0319338303974499
-17,-5.35,0.036827202020153216,-0.033983925155210315
-17,-5.3,0.03917247259978884,-0.03614463738588203
-17,-5.25,0.04164274253579148,-0.03842057071551386
-17,-5.2,0.04424305821255947,-0.04081638042620073
-17,-5.15,0.04697850226435096,-0.04333675549904603
-17,-5.1,0.04985417142325499,-0.04598639824701367
-17,-5.05,0.05287515155566891,-0.04877000136035736
-17,-5.0,0.0560464896914159,-0.051692222184664516
-17,-4.95,0.05937316284861538,-0.05475765405071131
-17,-4.9,0.06286004345882312,-0.057970794476680076
-17,-4.85,0.06651186120109509,-0.06133601006720113
-17,-4.8,0.07033316106107379,-0.06485749794060025
-17,-4.75,0.07432825744236737,-0.06853924352612006
-17,-4.7,0.07850118417302565,-0.07238497458724069
-17,-4.65,0.08285564027046832,-0.076398111346212
-17,-4.6,0.08739493135439047,-0.08058171260904823
-17,-4.55,0.0921219066298753,-0.08493841782037892
-17,-4.5,0.09703889140281197,-0.08947038501422888
-17,-4.45,0.10214761513783688,-0.09417922467106843
-17,-4.4,0.10744913512610355,-0.09906592954393689
-17,-4.35,0.11294375589738093,-0.10413080057815005
-17,-4.3,0.11863094458913381,-0.1093733691208203
-17,-4.25,0.1245092425754597,-0.11479231569916282
-17,-4.2,0.13057617376184405,-0.1203853857410766
-17,-4.15,0.13682815006874605,-0.12614930271868596
-17,-4.1,0.1432603747586103,-0.13207967931603415
-17,-4.05,0.14986674440773462,-0.13817092735649306
-17,-4.0,0.1566397504868544,-0.14441616737404095
-17,-3.9499999999999997,0.1635703816922478,-0.1508071388752552
-17,-3.9,0.17064802836228354,-0.1573341125153993
-17,-3.85,0.17786039052151859,-0.1639858056012451
-17,-3.8,0.18519339131406898,-0.17074930253391196
-17,-3.75,0.19263109781731214,-0.1776099820143764
-17,-3.6999999999999997,0.20015565146255,-0.18455145304937526
-17,-3.65,0.20774721052609824,-0.19155550201162774
-17,-3.5999999999999996,0.21538390738626145,-0.1986020532199979
-17,-3.55,0.2230418234609597,-0.20566914570545047
-17,-3.5,0.23069498493799045,-0.21273292900866325
-17,-3.4499999999999997,0.23831538257377594,-0.21976768100490962
-17,-3.4,0.24587301895385927,-0.22674585085927745
-17,-3.3499999999999996,0.25333598666457635,-0.23363813026704428
-17,-3.3,0.2606705808036235,-0.24041355611503867
-17,-3.25,0.2678414491399945,-0.2470396475939225
-17,-3.1999999999999997,0.274811783002078,-0.25348258058150397
-17,-3.15,0.28154355160788036,-0.25970740178625484
-17,-3.0999999999999996,0.2879977820350199,-0.265678284671679
-17,-3.05,0.29413488634411566,-0.2713588285611057
-17,-3.0,0.29991503650425866,-0.2767124015369429
-17,-2.9499999999999997,0.30529858671524646,-0.28170252679085905
-17,-2.9,0.31024654147658304,-0.286293310950247
-17,-2.8499999999999996,0.31472106632502883,-0.29044991160786204
-17,-2.8,0.31868603656835437,-0.29413903983170187
-17,-2.75,0.322107617613147,-0.2973294918579765
-17,-2.6999999999999997,0.3249548686630683,-0.29999270251127363
-17,-2.65,0.3272003597101564,-0.3021033112060565
-17,-2.5999999999999996,0.32882078992981834,-0.30363972972957054
-17,-2.55,0.3297975939089388,-0.3045846994682293
-17,-2.5,0.3301175206868973,-0.3049258244089217
-17,-2.4499999999999997,0.32977316948070556,-0.3046560652223975
-17,-2.4,0.32876346531044354,-0.3037741791200248
-17,-2.3499999999999996,0.3270940576482417,-0.30228509006630877
-17,-2.3,0.32477762577921565,-0.30020017441518854
-17,-2.25,0.32183407585987533,-0.2975374481860693
-17,-2.1999999999999997,0.31829061673013703,-0.29432164404477956
-17,-2.15,0.31418170437906895,-0.2905841686067814
-17,-2.0999999999999996,0.30954884853183895,-0.2863629338918672
-17,-2.05,0.3044402790110358,-0.2817020605386238
-17,-2.0,0.29891047416808864,-0.27665145458956797
-17,-1.9500000000000002,0.293019558565094,-0.27126626409206467
-17,-1.8999999999999995,0.28683258195422057,-0.2656062261929353
-17,-1.8499999999999996,0.2804186961589652,-0.2597349195730312
-17,-1.7999999999999998,0.27385025040161726,-0.2537189406938567
-17,-1.75,0.2672018286405954,-0.24762702513514911
-17,-1.7000000000000002,0.2605492542990556,-0.241529137032219
-17,-1.6499999999999995,0.25396858814253265,-0.23549555005202083
-17,-1.5999999999999996,0.24753514381472735,-0.2295959423029057
-17,-1.5499999999999998,0.24132254255253105,-0.22389852494134876
-17,-1.5,0.2354018238402285,-0.2184692199778313
-17,-1.4500000000000002,0.2298406222888955,-0.2133708969369943
-17,-1.3999999999999995,0.2247024130132418,-0.20866267074102596
-17,-1.3499999999999996,0.22004581853790744,-0.20439925473769538
-17,-1.2999999999999998,0.21592396029032035,-0.20063035363040593
-17,-1.25,0.21238382774542885,-0.19740007184459363
-17,-1.1999999999999993,0.20946562927057144,-0.19474630449774444
-17,-1.1499999999999995,0.20720208197708517,-0.1927000718346441
-17,-1.0999999999999996,0.20561759502759244,-0.1912847552389576
-17,-1.0499999999999998,0.20472730372672648,-0.19051519545843032
-17,-1.0,0.2045359222778615,-0.19039662328517648
-17,-0.9499999999999993,0.20503640307325016,-0.1909234112409537
-17,-0.8999999999999995,0.20620842097343803,-0.19207766291291162
-17,-0.8499999999999996,0.2080167423207886,-0.19382769454747484
-17,-0.7999999999999998,0.21040958889961847,-0.19612650991584546
-17,-0.75,0.21331716306720272,-0.19891042093945943
-17,-0.6999999999999993,0.21665055576017334,-0.20209801749263223
-17,-0.6499999999999995,0.2203013054770795,-0.20558973231531658
-17,-0.5999999999999996,0.22414190299136577,-0.20926827131888437
-17,-0.5499999999999998,0.2280275315710235,-0.21300017494340484
-17,-0.5,0.23179928423355523,-0.2166387321292087
-17,-0.4499999999999993,0.2352889988622494,-0.22002837671283093
-17,-0.39999999999999947,0.23832569514160895,-0.22301055347861623
-17,-0.34999999999999964,0.24074338976154608,-0.2254308528744438
-17,-0.2999999999999998,0.24238982686943056,-0.22714699651340284
-17,-0.25,0.24313542377076225,-0.2280370410918633
-17,-0.1999999999999993,0.24288154656463978,-0.22800700039682611
-17,-0.14999999999999947,0.24156715323944666,-0.2269970142399611
-17,-0.09999999999999964,0.23917292160139425,-0.224985263144894
-17,-0.04999999999999982,0.23572223742442988,-0.22198905738648894
-17,0.0,0.23127883000895966,-0.21806289686559066
-17,0.05000000000000071,0.22594133265045135,-0.2132937372555418
-17,0.10000000000000053,0.21983550318341916,-0.20779410879507276
-17,0.15000000000000036,0.21310515177945444,-0.2016940162064314
-17,0.20000000000000018,0.20590291503817926,-0.19513263482868873
-17,0.25,0.19838187876369306,-0.188250701297766
-17,0.3000000000000007,0.19068874532714397,-0.18118422870051035
-17,0.35000000000000053,0.18295886482861246,-0.17405984431056282
-17,0.40000000000000036,0.17531310401010392,-0.1669917428644273
-17,0.4500000000000002,0.16785628347283987,-0.16008003234596746
-17,0.5,0.16067679691827186,-0.1534101443853712
-17,0.5500000000000007,0.1538470201393729,-0.14705297381211163
-17,0.6000000000000005,0.14742418353727937,-0.1410654674081242
-17,0.6500000000000004,0.1414514772077542,-0.13549146278752677
-17,0.7000000000000002,0.13595924872984977,-0.13036265531224644
-17,0.75,0.13096622216495346,-0.12569962799371603
-17,0.8000000000000007,0.1264807077038228,-0.1215129125959703
-17,0.8500000000000005,0.12250178938426703,-0.11780406391729203
-17,0.9000000000000004,0.11902048186529557,-0.11456673119217942
-17,0.9500000000000002,0.11602084483170261,-0.11178770821228745
-17,1.0,0.11348104126977154,-0.10944794234544886
-17,1.0500000000000007,0.11137432659044277,-0.10752348455490057
-17,1.1000000000000005,0.10966995976116611,-0.10598636784758597
-17,1.1500000000000004,0.10833403398894159,-0.10480540893332368
-17,1.2000000000000002,0.10733023121206209,-0.10394693538588129
-17,1.25,0.10662051001531747,-0.10337544661553921
-17,1.3000000000000007,0.10616573950217267,-0.10305422045965895
-17,1.3500000000000005,0.10592629179292778,-0.10294587785994924
-17,1.4000000000000004,0.10586260346649201,-0.1030129162255804
-17,1.4500000000000002,0.10593571215388531,-0.10321821839477074
-17,1.5,0.10610776954961754,-0.10352553950402354
-17,1.5500000000000007,0.10634252724984483,-0.10389996944374791
-17,1.6000000000000005,0.10660578781441199,-0.10430836466171134
-17,1.6500000000000004,0.10686581080379742,-0.1047197403830904
-17,1.7000000000000002,0.1070936625136838,-0.10510561310550615
-17,1.75,0.1072634987199681,-0.1054402835190964
-17,1.8000000000000007,0.10735277175041036,-0.10570105162091248
-17,1.8500000000000005,0.10734235626705546,-0.10586835842864573
-17,1.9000000000000004,0.1072165918504373,-0.10592585196574178
-17,1.9500000000000002,0.10696324438224147,-0.10586037868685172
-17,2.0,0.10657339192540238,-0.10566190487000937
-17,2.0500000000000007,0.10604124397309844,-0.10532337541784642
-17,2.0999999999999996,0.1053639053526565,-0.104840519770657
-17,2.1500000000000004,0.10454109760435859,-0.10421161612045027
-17,2.200000000000001,0.10357485128609767,-0.10343722579909898
-17,2.25,0.10246918244472347,-0.1025199096439815
-17,2.3000000000000007,0.1012297655693648,-0.10146393742775861
-17,2.3499999999999996,0.09986361386602471,-0.10027500021857083
-17,2.4000000000000004,0.09837877584828503,-0.0989599339724907
-17,2.450000000000001,0.09678405520478606,-0.09752646090963779
-17,2.5,0.09508875884097368,-0.09598295343164231
-17,2.5500000000000007,0.09330247603273945,-0.09433822361963884
-17,2.5999999999999996,0.09143488987212,-0.09260133979797125
-17,2.6500000000000004,0.0894956206950237,-0.09078147031882766
-17,2.700000000000001,0.08749409999128321,-0.08888775364854418
-17,2.75,0.08543947241441963,-0.08692919302515811
-17,2.8000000000000007,0.08334052291731053,-0.08491457339763953
-17,2.8499999999999996,0.08120562571040058,-0.08285239802554223
-17,2.9000000000000004,0.07904271163172494,-0.08075084198044413
-17,2.950000000000001,0.0768592505890422,-0.07861771981032728
-17,3.0,0.07466224593971837,-0.07646046476737878
-17,3.0500000000000007,0.07245823797227535,-0.07428611722291922
-17,3.0999999999999996,0.07025331400788781,-0.07210132016877724
-17,3.1500000000000004,0.06805312301976096,-0.06991232000552161
-17,3.200000000000001,0.06586289304833315,-0.06772497112317044
-17,3.25,0.06368745005213983,-0.06554474307294633
-17,3.3000000000000007,0.06153123716474029,-0.06337672939799033
-17,3.3499999999999996,0.059398333619411936,-0.06122565742928732
-17,3.4000000000000004,0.057292472851044884,-0.05909589855677533
-17,3.450000000000001,0.05521705948833677,-0.056991478653654504
-17,3.5,0.05317518511028929,-0.05491608846542961
-17,3.5500000000000007,0.05116964276269709,-0.05287309387685335
-17,3.6000000000000014,0.0492029403170795,-0.05086554604315241
-17,3.6500000000000004,0.04727731281133396,-0.048896191420808144
-17,3.700000000000001,0.045394733943386,-0.04696748176193566
-17,3.75,0.043556926901360704,-0.04508158414894359
-17,3.8000000000000007,0.04176537471074848,-0.0432403911466297
-17,3.8500000000000014,0.04002133026511423,-0.041445531140437364
-17,3.9000000000000004,0.038325826185428014,-0.039698378915300925
-17,3.950000000000001,0.03667968462733828,-0.03800006651178389
-17,4.0,0.03508352712793439,-0.0363514943770471
-17,4.050000000000001,0.03353778455580958,-0.034753342809134224
-17,4.100000000000001,0.03204270720187807,-0.03320608367528255
-17,4.15,0.03059837502450158,-0.031709992369232776
-17,4.200000000000001,0.029204708041621785,-0.03026515995933421
-17,4.25,0.027861476845203015,-0.028871505468890835
-17,4.300000000000001,0.026568313199428317,-0.027528788222681566
-17,4.350000000000001,0.025324720673745027,-0.026236620188911708
-17,4.4,0.02413008525471394,-0.024994478243690832
-17,4.450000000000001,0.022983685876554638,-0.02380171628535832
-17,4.5,0.021884704808822875,-0.022657577128170736
-17,4.550000000000001,0.020832237840351375,-0.021561204108691445
-17,4.600000000000001,0.019825304201314786,-0.020511652343472964
-17,4.65,0.018862856169333142,-0.019507899582743793
-17,4.700000000000001,0.017943788310741837,-0.018548856611739772
-17,4.75,0.0170669463141655,-0.017633377158611463
-17,4.800000000000001,0.016231135380028405,-0.016760267275295337
-17,4.850000000000001,0.01543512813632919,-0.015928294165226564
-17,4.9,0.014677672057771929,-0.0151361944389663
-17,4.950000000000001,0.01395749637189958,-0.014382681785774398
-17,5.0,0.013273318442188042,-0.013666454055590194
-17,5.050000000000001,0.012623849623950356,-0.012986199751854333
-17,5.100000000000001,0.012007800594322937,-0.012340603940988792
-17,5.15,0.01142388616253509,-0.011728353589161689
-17,5.200000000000001,0.010870829571048901,-0.011148142341200984
-17,5.25,0.010347366302038807,-0.010598674760154747
-17,5.300000000000001,0.009852247407062364,-0.01007867004914953
-17,5.350000000000001,0.009384242380608754,-0.009586865279793688
-17,5.4,0.008942141600776665,-0.009122018153583156
-17,5.450000000000001,0.008524758362344897,-0.00868290932453597
-17,5.5,0.008130930529347324,-0.008268344312779341
-17,5.550000000000001,0.0077595218357364715,-0.007877155039995642
-17,5.600000000000001,0.007409422864079751,-0.007508201018623151
-17,5.65,0.007079551733437661,-0.00716037022759064
-17,5.700000000000001,0.006768854528603541,-0.006832579708066611
-17,5.75,0.006476305503993807,-0.006523775913429564
-17,5.800000000000001,0.0062009070964830215,-0.006232934848295013
-17,5.850000000000001,0.0059416897824453585,-0.00595906203210772
-17,5.9,0.005697711815298767,-0.005701192323381843
-17,5.950000000000001,0.005468058880717663,-0.005458389641284089
-17,6.0,0.005251843707527293,-0.005229746621663978
-16,-6.0,0.014409476930946186,-0.013275025743958224
-16,-5.95,0.015456445425898968,-0.014235261470826543
-16,-5.9,0.016566765342840295,-0.015253609707807314
-16,-5.85,0.017743681643644704,-0.016333052251271685
-16,-5.8,0.01899057429253892,-0.01747669469431301
-16,-5.75,0.02031095784336845,-0.018687766060558886
-16,-5.7,0.021708480177459855,-0.01996961766234584
-16,-5.65,0.02318692031156644,-0.0213257211088842
-16,-5.6,0.024750185186158458,-0.02275966538160068
-16,-5.55,0.02640230533493515,-0.0242751528853411
-16,-5.5,0.028147429326859985,-0.02587599437541588
-16,-5.45,0.02998981686254787,-0.0275661026518339
-16,-5.4,0.03193383039744946,-0.029349484903570477
-16,-5.35,0.033983925155210315,-0.03123023357744792
-16,-5.3,0.03614463738588203,-0.03321251563832783
-16,-5.25,0.0384205707155143,-0.03530056007989568
-16,-5.2,0.04081638042620073,-0.03749864353856269
-16,-5.15,0.04333675549904559,-0.03981107385703231
-16,-5.1,0.04598639824701389,-0.04224217143909348
-16,-5.05,0.048770001360357806,-0.04479624823337591
-16,-5.0,0.051692222184664516,-0.04747758418144743
-16,-4.95,0.05475765405071131,-0.0502904009649181
-16,-4.9,0.057970794476680076,-0.05323883288757614
-16,-4.85,0.06133601006720113,-0.05632689473221264
-16,-4.8,0.0648574979405998,-0.0595584464382366
-16,-4.75,0.06853924352611984,-0.06293715445577552
-16,-4.7,0.07238497458724114,-0.06646644964518567
-16,-4.65,0.076398111346212,-0.07014948160835788
-16,-4.6,0.08058171260904823,-0.07398906936039751
-16,-4.55,0.08493841782037914,-0.07798764827787874
-16,-4.5,0.08947038501422933,-0.08214721329352681
-16,-4.45,0.0941792246710682,-0.08646925834769847
-16,-4.4,0.09906592954393667,-0.09095471215503892
-16,-4.35,0.10413080057815005,-0.09560387040110774
-16,-4.3,0.10937336912082007,-0.10041632454931682
-16,-4.25,0.11479231569916282,-0.10539088751404169
-16,-4.2,0.1203853857410766,-0.11052551654202913
-16,-4.15,0.12614930271868618,-0.11581723374200292
-16,-4.1,0.13207967931603415,-0.12126204481216396
-16,-4.05,0.13817092735649283,-0.1268548566377392
-16,-4.0,0.14441616737404073,-0.13258939456598862
-16,-3.9499999999999997,0.15080713887525565,-0.13845812031418792
-16,-3.9,0.1573341125153993,-0.14445215162665415
-16,-3.85,0.1639858056012451,-0.150561184969078
-16,-3.8,0.17074930253391218,-0.15677342273069828
-16,-3.75,0.17760998201437617,-0.1630755065952787
-16,-3.6999999999999997,0.18455145304937537,-0.1694524589371338
-16,-3.65,0.19155550201162774,-0.17588763429492005
-16,-3.5999999999999996,0.19860205321999802,-0.1823626831682157
-16,-3.55,0.20566914570545047,-0.18885753056375565
-16,-3.5,0.21273292900866325,-0.19535037188181992
-16,-3.4499999999999997,0.2197676810049094,-0.2018176888694012
-16,-3.4,0.22674585085927723,-0.2082342884647046
-16,-3.3499999999999996,0.23363813026704483,-0.2145733674050252
-16,-3.3,0.24041355611503867,-0.22080660545356645
-16,-3.25,0.24703964759392272,-0.226904290005701
-16,-3.1999999999999997,0.25348258058150397,-0.23283547464608922
-16,-3.15,0.2597074017862546,-0.2385681739295522
-16,-3.0999999999999996,0.265678284671679,-0.24406959623552105
-16,-3.05,0.27135882856110605,-0.24930641598496894
-16,-3.0,0.27671240153694265,-0.25424508579889027
-16,-2.9499999999999997,0.28170252679085916,-0.2588521883119328
-16,-2.9,0.2862933109502469,-0.2630948263320003
-16,-2.8499999999999996,0.29044991160786204,-0.26694104886223347
-16,-2.8,0.2941390398317016,-0.270360309189666
-16,-2.75,0.29732949185797647,-0.2733239498194504
-16,-2.6999999999999997,0.2999927025112736,-0.27580570753033284
-16,-2.65,0.3021033112060565,-0.27778223029395344
-16,-2.5999999999999996,0.3036397297295705,-0.27923359629773725
-16,-2.55,0.3045846994682295,-0.28014382391068504
-16,-2.5,0.3049258244089217,-0.2805013602153177
-16,-2.4499999999999997,0.3046560652223973,-0.28029953478653513
-16,-2.4,0.3037741791200246,-0.2795369648212125
-16,-2.3499999999999996,0.3022850900663088,-0.2782178976000962
-16,-2.3,0.30020017441518854,-0.2763524766753507
-16,-2.25,0.2975374481860693,-0.2739569191850002
-16,-2.1999999999999997,0.29432164404477934,-0.271053593335844
-16,-2.15,0.2905841686067813,-0.2676709873723875
-16,-2.0999999999999996,0.28636293389186707,-0.26384356422418875
-16,-2.05,0.2817020605386237,-0.259611499416716
-16,-2.0,0.276651454589568,-0.25502030361466876
-16,-1.9500000000000002,0.27126626409206445,-0.2501203351713184
-16,-1.8999999999999995,0.2656062261929354,-0.24496621207507951
-16,-1.8499999999999996,0.2597349195730311,-0.23961613647967117
-16,-1.7999999999999998,0.2537189406938567,-0.23413114832663307
-16,-1.75,0.24762702513514906,-0.2285743271680727
-16,-1.7000000000000002,0.24152913703221893,-0.22300996293769604
-16,-1.6499999999999995,0.23549555005202055,-0.2175027168929735
-16,-1.5999999999999996,0.2295959423029057,-0.21211679309576414
-16,-1.5499999999999998,0.2238985249413487,-0.20691513850090426
-16,-1.5,0.21846921997783125,-0.20195868593357502
-16,-1.4500000000000002,0.21337089693699407,-0.19730564898488034
-16,-1.3999999999999995,0.20866267074102607,-0.19301087126384875
-16,-1.3499999999999996,0.2043992547376952,-0.18912522475710736
-16,-1.2999999999999998,0.2006303536304061,-0.1856950436651209
-16,-1.25,0.19740007184459343,-0.18276157160555373
-16,-1.1999999999999993,0.1947463044977445,-0.18036039234099555
-16,-1.1499999999999995,0.19270007183464405,-0.1785208083124038
-16,-1.0999999999999996,0.19128475523895755,-0.1772651286231186
-16,-1.0499999999999998,0.1905151954584303,-0.17660783031462712
-16,-1.0,0.19039662328517637,-0.1765545654709726
-16,-0.9499999999999993,0.1909234112409537,-0.1771010033855066
-16,-0.8999999999999995,0.19207766291291156,-0.17823152271672094
-16,-0.8499999999999996,0.19382769454747487,-0.17991780331258278
-16,-0.7999999999999998,0.19612650991584557,-0.18211740986959957
-16,-0.75,0.19891042093945932,-0.18477250669278955
-16,-0.6999999999999993,0.20209801749263234,-0.18780888936773643
-16,-0.6499999999999995,0.20558973231531663,-0.1911355579400692
-16,-0.5999999999999996,0.20926827131888437,-0.19464507833885342
-16,-0.5499999999999998,0.21300017494340484,-0.19821497450109093
-16,-0.5,0.21663873212920864,-0.20171035354166933
-16,-0.4499999999999993,0.22002837671283093,-0.20498788312289923
-16,-0.39999999999999947,0.2230105534786161,-0.2079011112426034
-16,-0.34999999999999964,0.22543085287444375,-0.2103069488217255
-16,-0.2999999999999998,0.22714699651340275,-0.21207294009059263
-16,-0.25,0.2280370410918633,-0.2130847526839343
-16,-0.1999999999999993,0.2280070003968261,-0.21325316793366916
-16,-0.14999999999999947,0.2269970142399611,-0.2125197871059596
-16,-0.09999999999999964,0.2249852631448941,-0.2108607301021629
-16,-0.04999999999999982,0.221989057386489,-0.2082878063086372
-16,0.0,0.21806289686559066,-0.20484696372222144
-16,0.05000000000000071,0.2132937372555419,-0.2006142129005431
-16,0.10000000000000053,0.20779410879507276,-0.19568958899295733
-16,0.15000000000000036,0.20169401620643113,-0.19018996876792416
-16,0.20000000000000018,0.19513263482868903,-0.1842416409145418
-16,0.25,0.1882507012977659,-0.17797342956086923
-16,0.3000000000000007,0.18118422870051032,-0.17151093814065935
-16,0.35000000000000053,0.17405984431056298,-0.16497219095812915
-16,0.40000000000000036,0.1669917428644272,-0.15846468229177074
-16,0.4500000000000002,0.16008003234596768,-0.1520836526596085
-16,0.5,0.15341014438537148,-0.1459113183356634
-16,0.5500000000000007,0.1470529738121118,-0.14001677129954565
-16,0.6000000000000005,0.14106546740812398,-0.13445631258651802
-16,0.6500000000000004,0.13549146278752655,-0.12927404958078348
-16,0.7000000000000002,0.13036265531224656,-0.12450265175199815
-16,0.75,0.12569962799371615,-0.12016420594140531
-16,0.8000000000000007,0.12151291259597041,-0.11627113855059101
-16,0.8500000000000005,0.11780406391729192,-0.11282718191189511
-16,0.9000000000000004,0.11456673119217964,-0.1098283626547284
-16,0.9500000000000002,0.11178770821228734,-0.10726398761602285
-16,1.0,0.10944794234544908,-0.1051176022426451
-16,1.0500000000000007,0.10752348455490046,-0.10336789939486579
-16,1.1000000000000005,0.10598636784758586,-0.1019895627612104
-16,1.1500000000000004,0.10480540893332391,-0.10095403725750518
-16,1.2000000000000002,0.10394693538588129,-0.10023022694362282
-16,1.25,0.10337544661553943,-0.09978512755396451
-16,1.3000000000000007,0.10305422045965917,-0.09958440472251562
-16,1.3500000000000005,0.10294587785994969,-0.09959293010734638
-16,1.4000000000000004,0.1030129162255804,-0.09977528618963039
-16,1.4500000000000002,0.10321821839477074,-0.10009624723586819
-16,1.5,0.10352553950402354,-0.10052123964028814
-16,1.5500000000000007,0.10389996944374769,-0.1010167804669142
-16,1.6000000000000005,0.10430836466171156,-0.10155088920433042
-16,1.6500000000000004,0.10471974038309062,-0.10209346503091865
-16,1.7000000000000002,0.10510561310550592,-0.10261662052501563
-16,1.75,0.10544028351909684,-0.10309496277985497
-16,1.8000000000000007,0.10570105162091181,-0.1035058141508769
-16,1.8500000000000005,0.1058683584286455,-0.10382936709766133
-16,1.9000000000000004,0.10592585196574156,-0.10404877043761718
-16,1.9500000000000002,0.10586037868685194,-0.10415014743917905
-16,2.0,0.1056619048700096,-0.10412254921099451
-16,2.0500000000000007,0.10532337541784553,-0.10395784951208875
-16,2.0999999999999996,0.10484051977065745,-0.10365058921636439
-16,2.1500000000000004,0.10421161612045049,-0.10319778009864833
-16,2.200000000000001,0.10343722579909898,-0.10259867833567804
-16,2.25,0.10251990964398106,-0.10185453817050205
-16,2.3000000000000007,0.10146393742775883,-0.10096835566196427
-16,2.3499999999999996,0.10027500021857083,-0.09994461145539724
-16,2.4000000000000004,0.0989599339724907,-0.09878902020509006
-16,2.450000000000001,0.09752646090963779,-0.09750829279204343
-16,2.5,0.09598295343164276,-0.0961099159379395
-16,2.5500000000000007,0.09433822361963884,-0.09460195232337254
-16,2.5999999999999996,0.09260133979797125,-0.09299286295540776
-16,2.6500000000000004,0.09078147031882766,-0.0912913523506349
-16,2.700000000000001,0.08888775364854418,-0.0895062361349499
-16,2.75,0.08692919302515811,-0.08764632991925181
-16,2.8000000000000007,0.08491457339763908,-0.08572035778335119
-16,2.8499999999999996,0.08285239802554267,-0.0837368783691459
-16,2.9000000000000004,0.08075084198044369,-0.08170422642107278
-16,2.950000000000001,0.07861771981032684,-0.07963046758615144
-16,3.0,0.07646046476737922,-0.07752336436577512
-16,3.0500000000000007,0.07428611722291922,-0.07539035126669136
-16,3.0999999999999996,0.07210132016877724,-0.073238517402483
-16,3.1500000000000004,0.06991232000552161,-0.07107459502635916
-16,3.200000000000001,0.06772497112317,-0.06890495271284713
-16,3.25,0.06554474307294678,-0.06673559213590385
-16,3.3000000000000007,0.06337672939799033,-0.06457214760412766
-16,3.3499999999999996,0.06122565742928732,-0.06241988770365037
-16,3.4000000000000004,0.05909589855677533,-0.06028371856249626
-16,3.450000000000001,0.056991478653654504,-0.05816818838561266
-16,3.5,0.05491608846542917,-0.05607749301808518
-16,3.5500000000000007,0.052873093876853794,-0.054015482377197
-16,3.6000000000000014,0.05086554604315241,-0.05198566765474366
-16,3.6500000000000004,0.048896191420808144,-0.049991229232519974
-16,3.700000000000001,0.046967481761935215,-0.04803502527955228
-16,3.75,0.04508158414894359,-0.04611960101268853
-16,3.8000000000000007,0.0432403911466297,-0.044247198605568805
-16,3.8500000000000014,0.04144553114043692,-0.042419767727654545
-16,3.9000000000000004,0.03969837891530137,-0.04063897668703298
-16,3.950000000000001,0.038000066511783004,-0.03890622414030398
-16,4.0,0.036351494377047544,-0.03722265132139624
-16,4.050000000000001,0.034753342809134224,-0.03558915472997182
-16,4.100000000000001,0.03320608367528255,-0.03400639920998261
-16,4.15,0.03170999236923322,-0.032474831340587595
-16,4.200000000000001,0.030265159959334653,-0.03099469305532665
-16,4.25,0.02887150546889039,-0.02956603540140268
-16,4.300000000000001,0.027528788222681122,-0.028188732349124113
-16,4.350000000000001,0.026236620188911708,-0.026862494561890493
-16,4.4,0.024994478243690388,-0.0255868830393986
-16,4.450000000000001,0.023801716285357877,-0.0243613225507624
-16,4.5,0.022657577128169848,-0.02318511477963625
-16,4.550000000000001,0.02156120410869189,-0.022057451110036208
-16,4.600000000000001,0.020511652343473408,-0.020977424988941618
-16,4.65,0.01950789958274335,-0.019944043809752454
-16,4.700000000000001,0.01854885661174066,-0.018956240269008884
-16,4.75,0.01763337715861102,-0.01801288315715377
-16,4.800000000000001,0.01676026727529578,-0.01711278755245349
-16,4.850000000000001,0.015928294165227896,-0.016254724395220244
-16,4.9,0.015136194438967188,-0.015437429427121785
-16,4.950000000000001,0.014382681785774842,-0.01465961148753836
-16,5.0,0.013666454055590194,-0.013919960165459155
-16,5.050000000000001,0.012986199751854777,-0.013217152811429322
-16,5.100000000000001,0.012340603940988792,-0.012549860919333522
-16,5.15,0.011728353589162133,-0.011916755892495967
-16,5.200000000000001,0.01114814234120054,-0.011316514212632356
-16,5.25,0.010598674760154303,-0.010747822033611243
-16,5.300000000000001,0.01007867004914953,-0.010209379224883186
-16,5.350000000000001,0.009586865279794132,-0.009699902891798562
-16,5.4,0.009122018153583156,-0.009218130401944968
-16,5.450000000000001,0.008682909324534194,-0.00876282194815392
-16,5.5,0.008268344312781117,-0.008332762680002936
-16,5.550000000000001,0.007877155039997419,-0.007926764436563705
-16,5.600000000000001,0.007508201018622707,-0.007543667113800279
-16,5.65,0.00716037022759064,-0.007182339700626539
-16,5.700000000000001,0.006832579708066611,-0.006841681017997203
-16,5.75,0.006523775913428231,-0.006520620195826332
-16,5.800000000000001,0.006232934848294569,-0.006218116922832806
-16,5.850000000000001,0.005959062032107276,-0.005933161504737772
-16,5.9,0.005701192323381399,-0.005664774766523273
-16,5.950000000000001,0.005458389641284533,-0.00541200783470952
-16,6.0,0.005229746621663978,-0.005173941835766804
-15,-6.0,0.013275025743958224,-0.012174282257003899
-15,-5.95,0.014235261470826543,-0.013050790082894448
-15,-5.9,0.015253609707807536,-0.013980352137717311
-15,-5.85,0.016333052251271463,-0.01496569563593031
-15,-5.8,0.017476694694313233,-0.016009660773362633
-15,-5.75,0.018687766060558664,-0.01711520040478698
-15,-5.7,0.019969617662345618,-0.01828537901676386
-15,-5.65,0.0213257211088842,-0.019523370927318595
-15,-5.6,0.02275966538160068,-0.020832457636409618
-15,-5.55,0.024275152885340878,-0.022216024243439936
-15,-5.5,0.025875994375415656,-0.02367755484017975
-15,-5.45,0.0275661026518339,-0.025220626779693056
-15,-5.4,0.029349484903570255,-0.026848903714136174
-15,-5.35,0.03123023357744792,-0.02856612728686514
-15,-5.3,0.033212515638328055,-0.030376107357126703
-15,-5.25,0.03530056007989568,-0.03228271062893562
-15,-5.2,0.03749864353856247,-0.03428984754964537
-15,-5.15,0.03981107385703231,-0.036401457338310905
-15,-5.1,0.0422421714390937,-0.03862149099949397
-15,-5.05,0.044796248233376135,-0.04095389217472478
-15,-5.0,0.04747758418144743,-0.04340257568176398
-15,-4.95,0.0502904009649181,-0.04597140359123664
-15,-4.9,0.05323883288757636,-0.04866415869151197
-15,-4.85,0.05632689473221286,-0.05148451519612962
-15,-4.8,0.05955844643823638,-0.05443600655398262
-15,-4.75,0.0629371544557753,-0.05752199023133331
-15,-4.7,0.06646644964518544,-0.06074560934685902
-15,-4.65,0.07014948160835788,-0.0641097510569053
-15,-4.6,0.07398906936039729,-0.0676170016084372
-15,-4.55,0.07798764827787874,-0.07126959800237254
-15,-4.5,0.08214721329352659,-0.07506937624070442
-15,-4.45,0.08646925834769847,-0.07901771616772812
-15,-4.4,0.09095471215503825,-0.08311548295940963
-15,-4.35,0.09560387040110774,-0.08736296536625332
-15,-4.3,0.10041632454931704,-0.09175981087462493
-15,-4.25,0.10539088751404169,-0.09630495802009609
-15,-4.2,0.11052551654202913,-0.1009965661647021
-15,-4.15,0.1158172337420027,-0.10583194313869537
-15,-4.1,0.12126204481216374,-0.11080747124699863
-15,-4.05,0.126854856637739,-0.11591853225147153
-15,-4.0,0.13258939456598884,-0.1211594320627003
-15,-3.9499999999999997,0.1384581203141877,-0.12652332600904437
-15,-3.9,0.1444521516266548,-0.1320021456960503
-15,-3.85,0.15056118496907755,-0.13758652862501553
-15,-3.8,0.15677342273069828,-0.1432657519044267
-15,-3.75,0.16307550659527914,-0.14902767156002072
-15,-3.6999999999999997,0.1694524589371338,-0.15485866912582535
-15,-3.65,0.17588763429491983,-0.16074360737597537
-15,-3.5999999999999996,0.18236268316821524,-0.1666657972309129
-15,-3.55,0.18885753056375565,-0.1726069780358741
-15,-3.5,0.19535037188181992,-0.17854731355746134
-15,-3.4499999999999997,0.2018176888694011,-0.1844654061672517
-15,-3.4,0.2082342884647045,-0.19033833177014037
-15,-3.3499999999999996,0.2145733674050252,-0.19614169807851733
-15,-3.3,0.22080660545356645,-0.20184972881920693
-15,-3.25,0.22690429000570078,-0.2074353763753276
-15,-3.1999999999999997,0.23283547464608922,-0.2128704651958333
-15,-3.15,0.23856817392955199,-0.218125868037772
-15,-3.0999999999999996,0.24406959623552116,-0.22317171672654634
-15,-3.05,0.24930641598496894,-0.2279776486157039
-15,-3.0,0.2542450857988906,-0.23251308929010306
-15,-2.9499999999999997,0.2588521883119329,-0.23674757127846746
-15,-2.9,0.26309482633200043,-0.24065108762184373
-15,-2.8499999999999996,0.2669410488622336,-0.24419447808814354
-15,-2.8,0.2703603091896657,-0.24734984464224663
-15,-2.75,0.2733239498194503,-0.2500909914975684
-15,-2.6999999999999997,0.27580570753033284,-0.25239388372024774
-15,-2.65,0.2777822302939538,-0.25423711697384843
-15,-2.5999999999999996,0.27923359629773736,-0.2556023896343187
-15,-2.55,0.28014382391068504,-0.25647496723630536
-15,-2.5,0.2805013602153179,-0.25684412810608603
-15,-2.4499999999999997,0.280299534786535,-0.2567035781731186
-15,-2.4,0.2795369648212124,-0.2560518224140067
-15,-2.3499999999999996,0.2782178976000961,-0.2548924802496031
-15,-2.3,0.27635247667535057,-0.2532345325597012
-15,-2.25,0.2739569191850003,-0.2510924888566688
-15,-2.1999999999999997,0.271053593335844,-0.24848646460333113
-15,-2.15,0.2676709873723874,-0.24544216067588676
-15,-2.0999999999999996,0.2638435642241887,-0.24199073952880368
-15,-2.05,0.25961149941671613,-0.23816859564531323
-15,-2.0,0.2550203036146689,-0.2340170212433912
-15,-1.9500000000000002,0.2501203351713186,-0.22958177180285633
-15,-1.8999999999999995,0.24496621207507965,-0.22491253960065283
-15,-1.8499999999999996,0.23961613647967112,-0.22006234687888537
-15,-1.7999999999999998,0.23413114832663337,-0.2150868732999469
-15,-1.75,0.22857432716807272,-0.210043734739366
-15,-1.7000000000000002,0.22300996293769604,-0.2049917320154866
-15,-1.6499999999999995,0.21750271689297349,-0.19999008866539136
-15,-1.5999999999999996,0.21211679309576403,-0.1950976961933022
-15,-1.5499999999999998,0.20691513850090423,-0.19037238323119743
-15,-1.5,0.20195868593357524,-0.1858702217074606
-15,-1.4500000000000002,0.1973056489848805,-0.18164487843255483
-15,-1.3999999999999995,0.19301087126384842,-0.17774701458170938
-15,-1.3499999999999996,0.18912522475710747,-0.17422372859614432
-15,-1.2999999999999998,0.18569504366512105,-0.1711180303944655
-15,-1.25,0.18276157160555367,-0.16846832702830972
-15,-1.1999999999999993,0.18036039234099538,-0.1663078928003241
-15,-1.1499999999999995,0.1785208083124038,-0.16466429141036387
-15,-1.0999999999999996,0.17726512862311847,-0.16355871518007503
-15,-1.0499999999999998,0.1766078303146271,-0.1630052082953164
-15,-1.0,0.17655456547097256,-0.16300974883525
-15,-0.9499999999999993,0.17710100338550666,-0.1635691795069093
-15,-0.8999999999999995,0.17823152271672088,-0.1646700003848658
-15,-0.8499999999999996,0.17991780331258272,-0.16628706861611253
-15,-0.7999999999999998,0.1821174098695996,-0.1683822887608809
-15,-0.75,0.18477250669278955,-0.17090342032719363
-15,-0.6999999999999993,0.18780888936773638,-0.1737831713854857
-15,-0.6499999999999995,0.1911355579400692,-0.17693878235133764
-15,-0.5999999999999996,0.19464507833885358,-0.18027232405127347
-15,-0.5499999999999998,0.19821497450109082,-0.18367193024408152
-15,-0.5,0.20171035354166933,-0.1870141484709371
-15,-0.4499999999999993,0.20498788312289923,-0.19016751809245408
-15,-0.39999999999999947,0.20790111124260335,-0.1929973684335704
-15,-0.34999999999999964,0.2103069488217254,-0.19537167760339108
-15,-0.2999999999999998,0.21207294009059274,-0.1971676576009998
-15,-0.25,0.21308475268393423,-0.19827855854697485
-15,-0.1999999999999993,0.21325316793366922,-0.19862004917516868
-15,-0.14999999999999947,0.21251978710595953,-0.19813547183744237
-15,-0.09999999999999964,0.21086073010216289,-0.1967993224732012
-15,-0.04999999999999982,0.20828780630863708,-0.19461848419087469
-15,0.0,0.20484696372222144,-0.1916310305788524
-15,0.05000000000000071,0.20061421290054304,-0.18790275958545527
-15,0.10000000000000053,0.1956895889929573,-0.18352194377707248
-15,0.15000000000000036,0.1901899687679245,-0.17859300946393286
-15,0.20000000000000018,0.18424164091454176,-0.17322993329573821
-15,0.25,0.17797342956086926,-0.1675500635530025
-15,0.3000000000000007,0.17151093814065943,-0.16166887364759078
-15,0.35000000000000053,0.16497219095812898,-0.1556959047713116
-15,0.40000000000000036,0.1584646822917708,-0.1497319222921344
-15,0.4500000000000002,0.15208365265960855,-0.14386714441376286
-15,0.5,0.14591131833566373,-0.13818031876914844
-15,0.5500000000000007,0.1400167712995457,-0.13273841260167518
-15,0.6000000000000005,0.1344563125865179,-0.12759671907246112
-15,0.6500000000000004,0.12927404958078315,-0.12279923758752442
-15,0.7000000000000002,0.12450265175199826,-0.11837923804910455
-15,0.75,0.12016420594140542,-0.11435995600802118
-15,0.8000000000000007,0.11627113855059124,-0.1107553855676846
-15,0.8500000000000005,0.11282718191189511,-0.10757114336807672
-15,0.9000000000000004,0.10982836265472828,-0.10480537625294173
-15,0.9500000000000002,0.10726398761602285,-0.10244968304290891
-15,1.0,0.10511760224264499,-0.10049002096136017
-15,1.0500000000000007,0.10336789939486568,-0.09890757111033788
-15,1.1000000000000005,0.10198956276121018,-0.09767954450203886
-15,1.1500000000000004,0.10095403725750529,-0.09677991896148608
-15,1.2000000000000002,0.10023022694362327,-0.09618010588528647
-15,1.25,0.09978512755396496,-0.09584955283059471
-15,1.3000000000000007,0.09958440472251562,-0.09575629229074312
-15,1.3500000000000005,0.0995929301073466,-0.09586744853511875
-15,1.4000000000000004,0.09977528618962994,-0.09614971335864175
-15,1.4500000000000002,0.10009624723586841,-0.09656979867717808
-15,1.5,0.1005212396402877,-0.09709486995841199
-15,1.5500000000000007,0.10101678046691465,-0.09769296031934194
-15,1.6000000000000005,0.1015508892043302,-0.0983333614422699
-15,1.6500000000000004,0.10209346503091865,-0.09898698474728196
-15,1.7000000000000002,0.10261662052501563,-0.09962668477221115
-15,1.75,0.10309496277985497,-0.10022753650224336
-15,1.8000000000000007,0.10350581415087712,-0.10076705934030472
-15,1.8500000000000005,0.10382936709766133,-0.10122538227410316
-15,1.9000000000000004,0.1040487704376174,-0.10158534726606372
-15,1.9500000000000002,0.10415014743917839,-0.10183255063922192
-15,2.0,0.10412254921099384,-0.10195532494835824
-15,2.0500000000000007,0.10395784951208853,-0.10194466625582677
-15,2.0999999999999996,0.10365058921636461,-0.1017941136897782
-15,2.1500000000000004,0.10319778009864855,-0.10149958953895322
-15,2.200000000000001,0.10259867833567826,-0.10105920889583464
-15,2.25,0.10185453817050183,-0.1004730680242849
-15,2.3000000000000007,0.10096835566196383,-0.09974302027198023
-15,2.3499999999999996,0.09994461145539724,-0.09887244757650349
-15,2.4000000000000004,0.09878902020509006,-0.09786603454608289
-15,2.450000000000001,0.09750829279204343,-0.09672955085200297
-15,2.5,0.0961099159379395,-0.09546964635986388
-15,2.5500000000000007,0.09460195232337254,-0.09409366214394188
-15,2.5999999999999996,0.09299286295540776,-0.09260945934443043
-15,2.6500000000000004,0.0912913523506349,-0.09102526679044454
-15,2.700000000000001,0.08950623613495035,-0.08934954745050083
-15,2.75,0.08764632991925181,-0.08759088309670071
-15,2.8000000000000007,0.08572035778335074,-0.0857578760744464
-15,2.8499999999999996,0.08373687836914634,-0.08385906674121157
-15,2.9000000000000004,0.08170422642107278,-0.08190286495361176
-15,2.950000000000001,0.079630467586151,-0.07989749391651468
-15,3.0,0.07752336436577467,-0.07785094473490695
-15,3.0500000000000007,0.07539035126669136,-0.07577094010359176
-15,3.0999999999999996,0.07323851740248255,-0.07366490570900552
-15,3.1500000000000004,0.07107459502635871,-0.0715399480822736
-15,3.200000000000001,0.06890495271284713,-0.069402837817365
-15,3.25,0.06673559213590385,-0.0672599972410115
-15,3.3000000000000007,0.06457214760412766,-0.06511749178315185
-15,3.3499999999999996,0.06241988770364992,-0.06298102444250109
-15,3.4000000000000004,0.060283718562495814,-0.06085593286820812
-15,3.450000000000001,0.05816818838561266,-0.05874718868421347
-15,3.5,0.05607749301808562,-0.056659398768255986
-15,3.5500000000000007,0.054015482377197,-0.054596808263726704
-15,3.6000000000000014,0.05198566765474455,-0.05256330515185548
-15,3.6500000000000004,0.049991229232519085,-0.05056242624646812
-15,3.700000000000001,0.04803502527955272,-0.04859736449623586
-15,3.75,0.04611960101268897,-0.046670977492593746
-15,3.8000000000000007,0.04424719860556836,-0.04478579708756536
-15,3.8500000000000014,0.04241976772765543,-0.04294404002676622
-15,3.9000000000000004,0.04063897668703298,-0.041147619500625066
-15,3.950000000000001,0.038906224140304424,-0.039398157512899434
-15,4.0,0.03722265132139668,-0.037696997960983136
-15,4.050000000000001,0.03558915472997093,-0.03604522031832191
-15,4.100000000000001,0.03400639920998305,-0.034443653805976915
-15,4.15,0.03247483134058804,-0.032892891938566926
-15,4.200000000000001,0.030994693055327538,-0.03139330732959866
-15,4.25,0.02956603540140179,-0.029945066642738105
-15,4.300000000000001,0.028188732349124557,-0.028548145578755957
-15,4.350000000000001,0.026862494561889605,-0.02720234379268005
-15,4.4,0.0255868830393986,-0.025907299641838577
-15,4.450000000000001,0.024361322550762843,-0.02466250467276776
-15,4.5,0.02318511477963714,-0.023467317763222084
-15,4.550000000000001,0.022057451110036652,-0.022320978844386552
-15,4.600000000000001,0.020977424988940285,-0.021222622137718083
-15,4.65,0.019944043809752898,-0.020171288850358682
-15,4.700000000000001,0.018956240269009328,-0.019165939282548727
-15,4.75,0.018012883157153325,-0.01820546430979375
-15,4.800000000000001,0.01711278755245349,-0.017288696211501087
-15,4.850000000000001,0.016254724395220244,-0.016414418826306232
-15,4.9,0.015437429427121785,-0.015581377022237497
-15,4.950000000000001,0.014659611487537916,-0.014788285477190577
-15,5.0,0.013919960165458711,-0.014033836771793595
-15,5.050000000000001,0.013217152811428434,-0.013316708802673993
-15,5.100000000000001,0.012549860919333966,-0.012635571529357126
-15,5.15,0.011916755892496411,-0.011989093072537926
-15,5.200000000000001,0.011316514212632356,-0.011375945185343905
-15,5.25,0.010747822033612131,-0.010794808122409627
-15,5.300000000000001,0.010209379224883186,-0.010244374934264666
-15,5.350000000000001,0.009699902891799006,-0.009723355216623375
-15,5.4,0.009218130401946745,-0.009230478345862547
-15,5.450000000000001,0.00876282194815392,-0.008764496233198749
-15,5.5,0.008332762680003825,-0.008324185631018555
-15,5.550000000000001,0.007926764436564149,-0.007908350025439326
-15,5.600000000000001,0.007543667113799835,-0.007515821149610691
-15,5.65,0.007182339700626983,-0.00714546015254669
-15,5.700000000000001,0.006841681017997203,-0.006796158458395318
-15,5.75,0.006520620195826332,-0.0064668383511858885
-15,5.800000000000001,0.006218116922832806,-0.006156453320097288
-15,5.850000000000001,0.005933161504738216,-0.005863988200337289
-15,5.9,0.005664774766523273,-0.0055884591447208365
-15,5.950000000000001,0.005412007834708632,-0.005328913460994844
-15,6.0,0.005173941835766804,-0.005084429349835329
-14,-6.0,0.012174282257003899,-0.011107246470083876
-14,-5.95,0.013050790082894448,-0.011903031262102903
-14,-5.9,0.013980352137717311,-0.012746992632570286
-14,-5.85,0.014965695635930087,-0.013641611797619912
-14,-5.8,0.01600966077336241,-0.014589472529685565
-14,-5.75,0.017115200404786535,-0.015593260876053172
-14,-5.7,0.01828537901676408,-0.016655764240715243
-14,-5.65,0.019523370927318595,-0.01777986976686874
-14,-5.6,0.020832457636409618,-0.018968561950585272
-14,-5.55,0.022216024243439714,-0.020224919409230768
-14,-5.5,0.02367755484017975,-0.021552110721152484
-14,-5.45,0.025220626779693056,-0.02295338924612489
-14,-5.4,0.026848903714136396,-0.024432086829146993
-14,-5.35,0.02856612728686536,-0.02599160628346331
-14,-5.3,0.030376107357126703,-0.02763541254227775
-14,-5.25,0.03228271062893584,-0.029367022362634554
-14,-5.2,0.03428984754964581,-0.031189992459449645
-14,-5.15,0.03640145733831113,-0.03310790594288182
-14,-5.1,0.038621490999493746,-0.035124356928214695
-14,-5.05,0.040953892174725004,-0.03724293318440308
-14,-5.0,0.04340257568176398,-0.03946719668561416
-14,-4.95,0.04597140359123597,-0.04180066192966514
-14,-4.9,0.04866415869151197,-0.044246771888487135
-14,-4.85,0.05148451519612984,-0.04680887145895296
-14,-4.8,0.054436006553982175,-0.04949017828783875
-14,-4.75,0.05752199023133353,-0.05229375085279475
-14,-4.7,0.0607456093468588,-0.05522245369226075
-14,-4.65,0.0641097510569053,-0.05827891969185561
-14,-4.6,0.0676170016084372,-0.06146550935316819
-14,-4.55,0.07126959800237276,-0.06478426699386208
-14,-4.5,0.07506937624070442,-0.0682368738557626
-14,-4.45,0.07901771616772812,-0.07182459813115738
-14,-4.4,0.0831154829594094,-0.07554824195704946
-14,-4.35,0.08736296536625332,-0.0794080854735868
-14,-4.3,0.09175981087462493,-0.08340382809674374
-14,-4.25,0.09630495802009653,-0.08753452721732735
-14,-4.2,0.10099656616470165,-0.0917985346090946
-14,-4.15,0.1058319431386956,-0.0961934309087642
-14,-4.1,0.11080747124699819,-0.10071595862053861
-14,-4.05,0.11591853225147175,-0.10536195419769179
-14,-4.0,0.12115943206269986,-0.11012627986417378
-14,-3.9499999999999997,0.1265233260090446,-0.1150027559598259
-14,-3.9,0.1320021456960503,-0.11998409472358551
-14,-3.85,0.13758652862501553,-0.12506183656905945
-14,-3.8,0.14326575190442647,-0.13022629005509634
-14,-3.75,0.14902767156002072,-0.13546647690860114
-14,-3.6999999999999997,0.15485866912582513,-0.14077008361544951
-14,-3.65,0.16074360737597537,-0.1461234212547935
-14,-3.5999999999999996,0.1666657972309129,-0.15151139540809044
-14,-3.55,0.1726069780358741,-0.1569174881218065
-14,-3.5,0.17854731355746112,-0.16232375403558708
-14,-3.4499999999999997,0.1844654061672515,-0.16771083289846
-14,-3.4,0.19033833177014037,-0.17305798077558654
-14,-3.3499999999999996,0.19614169807851745,-0.1783431222875218
-14,-3.3,0.20184972881920715,-0.18354292621196056
-14,-3.25,0.20743537637532783,-0.18863290670280453
-14,-3.1999999999999997,0.21287046519583352,-0.19358755223073687
-14,-3.15,0.21812586803777234,-0.19838048411091558
-14,-3.0999999999999996,0.2231717167265468,-0.2029846461447551
-14,-3.05,0.2279776486157038,-0.2073725264533106
-14,-3.0,0.2325130892901024,-0.21151641201057858
-14,-2.9499999999999997,0.23674757127846757,-0.2153886756904626
-14,-2.9,0.24065108762184406,-0.21896209481977702
-14,-2.8499999999999996,0.24419447808814387,-0.2222101992855927
-14,-2.8,0.24734984464224719,-0.2251076461894459
-14,-2.75,0.2500909914975682,-0.227630616892331
-14,-2.6999999999999997,0.2523938837202474,-0.2297572310810161
-14,-2.65,0.2542371169738483,-0.23146797124574015
-14,-2.5999999999999996,0.2556023896343189,-0.2327461097393151
-14,-2.55,0.2564749672363056,-0.23357812944509093
-14,-2.5,0.25684412810608603,-0.23395412808122584
-14,-2.4499999999999997,0.25670357817311856,-0.2338681953821482
-14,-2.4,0.2560518224140066,-0.23331875189840767
-14,-2.3499999999999996,0.2548924802496032,-0.2323088380148306
-14,-2.3,0.2532345325597013,-0.23084634206824095
-14,-2.25,0.2510924888566687,-0.22894415720107397
-14,-2.1999999999999997,0.24848646460333101,-0.22662025784724027
-14,-2.15,0.24544216067588687,-0.22389768851727987
-14,-2.0999999999999996,0.24199073952880346,-0.2208044598057115
-14,-2.05,0.23816859564531334,-0.21737334922441542
-14,-2.0,0.23401702124339108,-0.21364160747573502
-14,-1.9500000000000002,0.22958177180285622,-0.2096505739866772
-14,-1.8999999999999995,0.22491253960065272,-0.205445208769655
-14,-1.8499999999999996,0.22006234687888546,-0.20107355077067401
-14,-1.7999999999999998,0.21508687329994705,-0.19658611561379802
-14,-1.75,0.21004373473936616,-0.19203524784902948
-14,-1.7000000000000002,0.2049917320154864,-0.18747444426559068
-14,-1.6499999999999995,0.19999008866539114,-0.18295766536927371
-14,-1.5999999999999996,0.19509769619330244,-0.17853865159552118
-14,-1.5499999999999998,0.19037238323119754,-0.17427025913222893
-14,-1.5,0.1858702217074605,-0.17020382729948702
-14,-1.4500000000000002,0.18164487843255478,-0.1663885852800171
-14,-1.3999999999999995,0.17774701458170938,-0.16287110069460842
-14,-1.3499999999999996,0.1742237285961443,-0.1596947662548056
-14,-1.2999999999999998,0.17111803039446563,-0.15689931381843958
-14,-1.25,0.16846832702830977,-0.1545203381128616
-14,-1.1999999999999993,0.16630789280032413,-0.15258880587573043
-14,-1.1499999999999995,0.1646642914103641,-0.1511305211285252
-14,-1.0999999999999996,0.163558715180075,-0.15016551490982744
-14,-1.0499999999999998,0.16300520829531645,-0.1497073294004987
-14,-1.0,0.16300974883525002,-0.14976217337800868
-14,-0.9499999999999993,0.16356917950690913,-0.15032793960516122
-14,-0.8999999999999995,0.16467000038486573,-0.15139309591734607
-14,-0.8499999999999996,0.16628706861611253,-0.15293549045806387
-14,-0.7999999999999998,0.16838228876088082,-0.15492114658968903
-14,-0.75,0.17090342032719363,-0.15730316184267135
-14,-0.6999999999999993,0.17378317138548577,-0.16002086354588052
-14,-0.6499999999999995,0.17693878235133775,-0.16299940554912196
-14,-0.5999999999999996,0.18027232405127352,-0.16615000845614436
-14,-0.5499999999999998,0.18367193024408168,-0.16937104217237703
-14,-0.5,0.18701414847093695,-0.17255011691701205
-14,-0.4499999999999993,0.1901675180924542,-0.17556728162149565
-14,-0.39999999999999947,0.1929973684335704,-0.1782993250515174
-14,-0.34999999999999964,0.19537167760339114,-0.18062503921944062
-14,-0.2999999999999998,0.19716765760099975,-0.18243114904462443
-14,-0.25,0.19827855854697485,-0.18361845868098525
-14,-0.1999999999999993,0.19862004917516862,-0.1841076441213249
-14,-0.14999999999999947,0.1981354718374423,-0.1838440684344093
-14,-0.09999999999999964,0.1967993224732013,-0.18280104025800872
-14,-0.04999999999999982,0.19461848419087469,-0.18098109103320137
-14,0.0,0.19163103057885233,-0.17841509743548323
-14,0.05000000000000071,0.18790275958545533,-0.17515937731027836
-14,0.10000000000000053,0.18352194377707254,-0.17129117314741862
-14,0.15000000000000036,0.17859300946393297,-0.16690313829445735
-14,0.20000000000000018,0.17322993329573833,-0.16209751197227817
-14,0.25,0.1675500635530025,-0.15698060327416608
-14,0.3000000000000007,0.16166887364759086,-0.1516580352213047
-14,0.35000000000000053,0.1556959047713118,-0.14623098575011015
-14,0.40000000000000036,0.1497319222921345,-0.14079346286551814
-14,0.4500000000000002,0.1438671444137627,-0.13543050760843045
-14,0.5,0.13818031876914838,-0.13021714568582593
-14,0.5500000000000007,0.1327384126016753,-0.12521789771850012
-14,0.6000000000000005,0.12759671907246117,-0.1204866868659536
-14,0.6500000000000004,0.1227992375875242,-0.11606702680774977
-14,0.7000000000000002,0.11837923804910466,-0.11199241420356587
-14,0.75,0.11435995600802129,-0.10828687819356297
-14,0.8000000000000007,0.1107553855676846,-0.1049656536472513
-14,0.8500000000000005,0.1075711433680766,-0.10203594828583618
-14,0.9000000000000004,0.10480537625294173,-0.0994977719868192
-14,0.9500000000000002,0.10244968304290891,-0.09734479449294531
-14,1.0,0.10049002096136017,-0.09556519850159384
-14,1.0500000000000007,0.09890757111033821,-0.09414249970131772
-14,1.1000000000000005,0.09767954450203908,-0.0930563130700719
-14,1.1500000000000004,0.09677991896148619,-0.0922830540452666
-14,1.2000000000000002,0.09618010588528625,-0.09179657221087245
-14,1.25,0.09584955283059493,-0.09156872244542869
-14,1.3000000000000007,0.09575629229074334,-0.09156988316434078
-14,1.3500000000000005,0.09586744853511897,-0.09176943314326702
-14,1.4000000000000004,0.09614971335864197,-0.09213619773261517
-14,1.4500000000000002,0.09656979867717785,-0.09263887271869975
-14,1.5,0.09709486995841221,-0.09324643045839442
-14,1.5500000000000007,0.09769296031934216,-0.09392850900103245
-14,1.6000000000000005,0.09833336144227012,-0.09465578137552932
-14,1.6500000000000004,0.09898698474728196,-0.09540029953218077
-14,1.7000000000000002,0.0996266847722116,-0.09613580584709358
-14,1.75,0.10022753650224336,-0.09683800468626247
-14,1.8000000000000007,0.1007670593403045,-0.09748478718919529
-14,1.8500000000000005,0.10122538227410294,-0.09805640395797055
-14,1.9000000000000004,0.10158534726606394,-0.09853558245108096
-14,1.9500000000000002,0.1018325506392217,-0.09890758828698165
-14,2.0,0.10195532494835868,-0.09916023208210079
-14,2.0500000000000007,0.10194466625582654,-0.09928382564906002
-14,2.0999999999999996,0.10179411368977886,-0.09927109319089933
-14,2.1500000000000004,0.10149958953895366,-0.09911704444136427
-14,2.200000000000001,0.10105920889583508,-0.098818817479569
-14,2.25,0.1004730680242849,-0.09837549920533095
-14,2.3000000000000007,0.09974302027198023,-0.09778793125780738
-14,2.3499999999999996,0.09887244757650304,-0.09705850858189002
-14,2.4000000000000004,0.09786603454608267,-0.09619097699546852
-14,2.450000000000001,0.09672955085200297,-0.09519023508951685
-14,2.5,0.09546964635986432,-0.09406214469741725
-14,2.5500000000000007,0.09409366214394188,-0.09281335308134597
-14,2.5999999999999996,0.09260945934442999,-0.09145112896503704
-14,2.6500000000000004,0.09102526679044409,-0.08998321363825657
-14,2.700000000000001,0.08934954745050128,-0.0884176875951983
-14,2.75,0.08759088309670116,-0.0867628525575066
-14,2.8000000000000007,0.08575787607444596,-0.0850271282709234
-14,2.8499999999999996,0.08385906674121113,-0.08321896314173838
-14,2.9000000000000004,0.08190286495361132,-0.08134675757806109
-14,2.950000000000001,0.07989749391651468,-0.079418798801417
-14,3.0,0.07785094473490739,-0.07744320587477516
-14,3.0500000000000007,0.07577094010359176,-0.07542788373361908
-14,3.0999999999999996,0.07366490570900552,-0.07338048508834483
-14,3.1500000000000004,0.07153994808227404,-0.07130837917326494
-14,3.200000000000001,0.069402837817365,-0.06921862643672361
-14,3.25,0.0672599972410115,-0.06711795838827062
-14,3.3000000000000007,0.06511749178315185,-0.06501276193506333
-14,3.3499999999999996,0.06298102444250109,-0.06290906764584081
-14,3.4000000000000004,0.06085593286820856,-0.06081254147391135
-14,3.450000000000001,0.05874718868421347,-0.05872847954945559
-14,3.5,0.056659398768255986,-0.05666180571594337
-14,3.5500000000000007,0.05459680826372715,-0.05461707153644246
-14,3.6000000000000014,0.05256330515185503,-0.05259845853448697
-14,3.6500000000000004,0.05056242624646856,-0.05060978246265435
-14,3.700000000000001,0.04859736449623586,-0.04865449941198685
-14,3.75,0.046670977492593746,-0.04673571358866058
-14,3.8000000000000007,0.04478579708756447,-0.04485618659261936
-14,3.8500000000000014,0.04294404002676577,-0.043018348037771936
-14,3.9000000000000004,0.04114761950062462,-0.04122430735607718
-14,3.950000000000001,0.03939815751289899,-0.03947586662956937
-14,4.0,0.03769699796098358,-0.03777453429580735
-14,4.050000000000001,0.03604522031832236,-0.03612153957418496
-14,4.100000000000001,0.0344436538059778,-0.03451784746326636
-14,4.15,0.032892891938566926,-0.03296417416316988
-14,4.200000000000001,0.031393307329597775,-0.03146100278215069
-14,4.25,0.029945066642738105,-0.030008599192897556
-14,4.300000000000001,0.028548145578755957,-0.028607027911575766
-14,4.350000000000001,0.027202343792680495,-0.027256167881282156
-14,4.4,0.025907299641838577,-0.02595572805100943
-14,4.450000000000001,0.02466250467276776,-0.024705262651373516
-14,4.5,0.023467317763222084,-0.023504186078927347
-14,4.550000000000001,0.022320978844386552,-0.0223517873117407
-14,4.600000000000001,0.021222622137718083,-0.021247243789803694
-14,4.65,0.020171288850359126,-0.020189634704563808
-14,4.700000000000001,0.019165939282548727,-0.01917795365236019
-14,4.75,0.018205464309794195,-0.018211120616530962
-14,4.800000000000001,0.01728869621150242,-0.01728799325243946
-14,4.850000000000001,0.016414418826306232,-0.016407377458487638
-14,4.9,0.015581377022238385,-0.015568037224314768
-14,4.950000000000001,0.014788285477191465,-0.014768703754731938
-14,5.0,0.014033836771792707,-0.014008083874594401
-14,5.050000000000001,0.013316708802673993,-0.013284867725589233
-14,5.100000000000001,0.01263557152935757,-0.012597735771060048
-14,5.15,0.011989093072537926,-0.011945365129288454
-14,5.200000000000001,0.011375945185343461,-0.011326435259333412
-14,5.25,0.010794808122408739,-0.0107396330265499
-14,5.300000000000001,0.010244374934264222,-0.010183657177293082
-14,5.350000000000001,0.009723355216622487,-0.009657222254267683
-14,5.4,0.009230478345862103,-0.009159061985334116
-14,5.450000000000001,0.00876449623319786,-0.008687932179670455
-14,5.5,0.008324185631018999,-0.008242613165825308
-14,5.550000000000001,0.007908350025439326,-0.007821911806621618
-14,5.600000000000001,0.007515821149611135,-0.007424663126054387
-14,5.65,0.00714546015254669,-0.007049731583350205
-14,5.700000000000001,0.006796158458395318,-0.006696012029260956
-14,5.75,0.006466838351187221,-0.006362430379508233
-14,5.800000000000001,0.006156453320097732,-0.006047944040087572
-14,5.850000000000001,0.005863988200336401,-0.005751542118904496
-14,5.9,0.0055884591447208365,-0.00547224545797631
-14,5.950000000000001,0.0053289134609944,-0.005209106520138729
-14,6.0,0.005084429349835773,-0.004961209163869551
-13,-6.0,0.011107246470083876,-0.010073918383198155
-13,-5.95,0.011903031262102903,-0.010791985008451466
-13,-5.9,0.012746992632570509,-0.011553531192365796
-13,-5.85,0.013641611797620357,-0.012360800736341382
-13,-5.8,0.014589472529685565,-0.013216129963281809
-13,-5.75,0.015593260876052728,-0.014121947474356578
-13,-5.7,0.016655764240715243,-0.01508077333419866
-13,-5.65,0.01777986976686874,-0.01609521762753552
-13,-5.6,0.018968561950585272,-0.017167978324127642
-13,-5.55,0.020224919409230768,-0.018301838382714486
-13,-5.5,0.021552110721152262,-0.019499662018332753
-13,-5.45,0.022953389246124667,-0.0207643900511294
-13,-5.4,0.02443208682914677,-0.022099034248602933
-13,-5.35,0.02599160628346331,-0.023506670567241095
-13,-5.3,0.027635412542278193,-0.024990431193782303
-13,-5.25,0.029367022362634998,-0.026553495280992045
-13,-5.2,0.031189992459449423,-0.02819907826797463
-13,-5.15,0.03310790594288204,-0.029930419670745056
-13,-5.1,0.03512435692821514,-0.03175076922525655
-13,-5.05,0.037242933184403304,-0.03366337126241126
-13,-5.0,0.0394671966856146,-0.035671447192999306
-13,-4.95,0.04180066192966514,-0.03777817598020583
-13,-4.9,0.04424677188848736,-0.03998667247850207
-13,-4.85,0.04680887145895318,-0.04229996352068133
-13,-4.8,0.04949017828783919,-0.044720961639805434
-13,-4.75,0.05229375085279431,-0.047252436320158075
-13,-4.7,0.05522245369226075,-0.0498969826813922
-13,-4.65,0.058278919691854725,-0.05265698751320613
-13,-4.6,0.06146550935316886,-0.055534592594590926
-13,-4.55,0.0647842669938623,-0.05853165525234694
-13,-4.5,0.0682368738557626,-0.06164970613870091
-13,-4.45,0.07182459813115716,-0.06488990423798491
-13,-4.4,0.07554824195704923,-0.06825298914795797
-13,-4.35,0.07940808547358724,-0.07173923072310906
-13,-4.3,0.08340382809674374,-0.07534837621567236
-13,-4.25,0.08753452721732713,-0.07907959510573459
-13,-4.2,0.09179853460909437,-0.08293142187520663
-13,-4.15,0.09619343090876442,-0.08690169705220985
-13,-4.1,0.10071595862053839,-0.0909875069327839
-13,-4.05,0.10536195419769201,-0.09518512247639954
-13,-4.0,0.11012627986417378,-0.0994899379704095
-13,-3.9499999999999997,0.11500275595982568,-0.10389641016653162
-13,-3.9,0.11998409472358573,-0.10839799870926115
-13,-3.85,0.12506183656905923,-0.11298710880120888
-13,-3.8,0.13022629005509678,-0.11765503718270898
-13,-3.75,0.13546647690860114,-0.12239192264102039
-13,-3.6999999999999997,0.14077008361544951,-0.1271867024060076
-13,-3.65,0.14612342125479372,-0.1320270759313753
-13,-3.5999999999999996,0.1515113954080909,-0.1368994776997492
-13,-3.55,0.15691748812180673,-0.1417890608215524
-13,-3.5,0.16232375403558708,-0.14667969331619757
-13,-3.4499999999999997,0.16771083289846,-0.15155396906302698
-13,-3.4,0.17305798077558632,-0.1563932354810409
-13,-3.3499999999999996,0.17834312228752158,-0.16117764003203794
-13,-3.3,0.18354292621196078,-0.16588619763182688
-13,-3.25,0.1886329067028043,-0.17049688098813043
-13,-3.1999999999999997,0.19358755223073687,-0.17498673575079948
-13,-3.15,0.19838048411091613,-0.1793320221489827
-13,-3.0999999999999996,0.2029846461447553,-0.1835083844901475
-13,-3.05,0.20737252645331095,-0.18749104949779016
-13,-3.0,0.2115164120105788,-0.19125505396031883
-13,-2.9499999999999997,0.21538867569046327,-0.19477550154792
-13,-2.9,0.21896209481977724,-0.19802784792579997
-13,-2.8499999999999996,0.2222101992855925,-0.2009882124545801
-13,-2.8,0.22510764618944568,-0.20363371383126116
-13,-2.75,0.22763061689233088,-0.20594282600373814
-13,-2.6999999999999997,0.22975723108101576,-0.20789574961263946
-13,-2.65,0.2314679712457398,-0.20947479310962858
-13,-2.5999999999999996,0.23274610973931498,-0.21066475661272555
-13,-2.55,0.23357812944509093,-0.21145331053704108
-13,-2.5,0.23395412808122606,-0.211831360140738
-13,-2.4499999999999997,0.2338681953821481,-0.21179338641362322
-13,-2.4,0.23331875189840756,-0.21133775327441495
-13,-2.3499999999999996,0.23230883801483038,-0.21046697089577715
-13,-2.3,0.23084634206824073,-0.20918790520096908
-13,-2.25,0.22894415720107397,-0.20751192421821663
-13,-2.1999999999999997,0.22662025784724033,-0.20545497306757188
-13,-2.15,0.22389768851727987,-0.20303757089656638
-13,-2.0999999999999996,0.22080445980571173,-0.2002847250549129
-13,-2.05,0.21737334922441526,-0.19722576015402193
-13,-2.0,0.21364160747573474,-0.19389406231170003
-13,-1.9500000000000002,0.2096505739866772,-0.19032674172278186
-13,-1.8999999999999995,0.205445208769655,-0.18656421958208624
-13,-1.8499999999999996,0.20107355077067407,-0.18264974815503687
-13,-1.7999999999999998,0.1965861156137979,-0.17862887526818594
-13,-1.75,0.19203524784902953,-0.1745488664970627
-13,-1.7000000000000002,0.18747444426559057,-0.17045809968800785
-13,-1.6499999999999995,0.18295766536927371,-0.16640544700462123
-13,-1.5999999999999996,0.17853865159552096,-0.16243965930241933
-13,-1.5499999999999998,0.1742702591322287,-0.1586087662039979
-13,-1.5,0.17020382729948696,-0.15495950270965464
-13,-1.4500000000000002,0.16638858528001696,-0.15153676952726713
-13,-1.3999999999999995,0.16287110069460842,-0.1483831296025464
-13,-1.3499999999999996,0.1596947662548056,-0.14553833773309166
-13,-1.2999999999999998,0.1568993138184396,-0.14303889393704305
-13,-1.25,0.1545203381128616,-0.14091760485920912
-13,-1.1999999999999993,0.15258880587573057,-0.13920313156721476
-13,-1.1499999999999995,0.15113052112852524,-0.13791949746688714
-13,-1.0999999999999996,0.15016551490982738,-0.13708552781237549
-13,-1.0499999999999998,0.14970732940049863,-0.13671419363017367
-13,-1.0,0.14976217337800868,-0.13681183909924866
-13,-0.9499999999999993,0.15032793960516122,-0.13737728368026259
-13,-0.8999999999999995,0.15139309591734612,-0.1384008093141622
-13,-0.8499999999999996,0.15293549045806396,-0.13986306883843702
-13,-0.7999999999999998,0.15492114658968906,-0.14173398335602438
-13,-0.75,0.15730316184267137,-0.14397173123922302
-13,-0.6999999999999993,0.1600208635458805,-0.1465219658489203
-13,-0.6499999999999995,0.16299940554912196,-0.1493174275334218
-13,-0.5999999999999996,0.16615000845614425,-0.1522781315534658
-13,-0.5499999999999998,0.16937104217237703,-0.15531231028597703
-13,-0.5,0.1725501169170121,-0.1583182588798943
-13,-0.4499999999999993,0.17556728162149565,-0.16118717371002378
-13,-0.39999999999999947,0.1782993250515174,-0.16380698109644426
-13,-0.34999999999999964,0.18062503921944062,-0.16606703366987396
-13,-0.2999999999999998,0.18243114904462443,-0.16786341442146646
-13,-0.25,0.18361845868098514,-0.16910445308596533
-13,-0.1999999999999993,0.18410764412132485,-0.16971595277213758
-13,-0.14999999999999947,0.18384406843440937,-0.16964557689686038
-13,-0.09999999999999964,0.1828010402580087,-0.16886588345658554
-13,-0.04999999999999982,0.18098109103320148,-0.1673756268356171
-13,0.0,0.17841509743548323,-0.16519916429211412
-13,0.05000000000000071,0.17515937731027853,-0.1623840660750122
-13,0.10000000000000053,0.1712911731474187,-0.15899727710399536
-13,0.15000000000000036,0.16690313829445724,-0.15512035525949755
-13,0.20000000000000018,0.16209751197227829,-0.15084437694416156
-13,0.25,0.15698060327416608,-0.14626504872435994
-13,0.3000000000000007,0.15165803522130483,-0.14147842286180118
-13,0.35000000000000053,0.1462309857501103,-0.1365774338945249
-13,0.40000000000000036,0.1407934628655183,-0.131649304011922
-13,0.4500000000000002,0.13543050760843056,-0.12677374224361143
-13,0.5,0.13021714568582587,-0.12202179908569644
-13,0.5500000000000007,0.12521789771850012,-0.11745522665002023
-13,0.6000000000000005,0.12048668686595398,-0.11312621596699507
-13,0.6500000000000004,0.11606702680774972,-0.10907741724145925
-13,0.7000000000000002,0.11199241420356576,-0.10534218021538189
-13,0.75,0.10828687819356286,-0.10194497249803125
-13,0.8000000000000007,0.10496565364725141,-0.09890194278929076
-13,0.8500000000000005,0.1020359482858364,-0.09622159666517427
-13,0.9000000000000004,0.09949777198681953,-0.09390554985636124
-13,0.9500000000000002,0.09734479449294509,-0.09194932196613226
-13,1.0,0.09556519850159373,-0.09034313486334644
-13,1.0500000000000007,0.09414249970131738,-0.08907268516780431
-13,1.1000000000000005,0.09305631307007234,-0.08811986846530917
-13,1.1500000000000004,0.0922830540452666,-0.0874634425088463
-13,1.2000000000000002,0.09179657221087267,-0.08707962592038054
-13,1.25,0.09156872244542846,-0.08694263639846711
-13,1.3000000000000007,0.09156988316434056,-0.08702517734330906
-13,1.3500000000000005,0.0917694331432668,-0.08729888393179075
-13,1.4000000000000004,0.09213619773261472,-0.08773473931154974
-13,1.4500000000000002,0.09263887271869997,-0.08830346936043365
-13,1.5,0.09324643045839442,-0.08897592114023523
-13,1.5500000000000007,0.09392850900103245,-0.08972342651198484
-13,1.6000000000000005,0.0946557813755291,-0.09051814900410848
-13,1.6500000000000004,0.09540029953218054,-0.09133340938561463
-13,1.7000000000000002,0.09613580584709336,-0.09214398374966248
-13,1.75,0.09683800468626247,-0.0929263673319114
-13,1.8000000000000007,0.09748478718919484,-0.09365899769754837
-13,1.8500000000000005,0.09805640395797077,-0.09432243214926372
-13,1.9000000000000004,0.09853558245108118,-0.09489947599266935
-13,1.9500000000000002,0.09890758828698187,-0.0953752603824578
-13,2.0,0.09916023208210101,-0.09573727061222215
-13,2.0500000000000007,0.09928382564905958,-0.09597532769178851
-13,2.0999999999999996,0.09927109319089888,-0.09608152771972667
-13,2.1500000000000004,0.0991170444413636,-0.0960501448058817
-13,2.200000000000001,0.098818817479569,-0.09587750408688156
-13,2.25,0.09837549920533073,-0.09556183171364019
-13,2.3000000000000007,0.0977879312578076,-0.09510308861944572
-13,2.3499999999999996,0.09705850858188958,-0.09450279447155574
-13,2.4000000000000004,0.09619097699546897,-0.09376384755324763
-13,2.450000000000001,0.09519023508951685,-0.09289034550458486
-13,2.5,0.09406214469741725,-0.09188741095059871
-13,2.5500000000000007,0.09281335308134642,-0.0907610251355857
-13,2.5999999999999996,0.09145112896503749,-0.08951787181723025
-13,2.6500000000000004,0.08998321363825657,-0.08816519289407188
-13,2.700000000000001,0.0884176875951983,-0.08671065656904053
-13,2.75,0.0867628525575066,-0.0851622383016668
-13,2.8000000000000007,0.08502712827092385,-0.0835281143727844
-13,2.8499999999999996,0.08321896314173838,-0.0818165675707263
-13,2.9000000000000004,0.08134675757806109,-0.08003590429441987
-13,2.950000000000001,0.079418798801417,-0.07819438224085751
-13,3.0,0.07744320587477516,-0.0763001477853793
-13,3.0500000000000007,0.07542788373361908,-0.07436118215677467
-13,3.0999999999999996,0.07338048508834483,-0.0723852555405009
-13,3.1500000000000004,0.07130837917326494,-0.07037988829933273
-13,3.200000000000001,0.06921862643672361,-0.06835231857092339
-13,3.25,0.06711795838827062,-0.06630947557767986
-13,3.3000000000000007,0.06501276193506333,-0.06425795805986168
-13,3.3499999999999996,0.06290906764584081,-0.06220401731366776
-13,3.4000000000000004,0.06081254147391135,-0.06015354437960507
-13,3.450000000000001,0.05872847954945559,-0.05811206098133903
-13,3.5,0.056661805715942926,-0.056084713861145996
-13,3.5500000000000007,0.05461707153644246,-0.05407627219534472
-13,3.6000000000000014,0.05259845853448697,-0.05209112780263725
-13,3.6500000000000004,0.050609782462654795,-0.050133297881076455
-13,3.700000000000001,0.04865449941198596,-0.04820643002680436
-13,3.75,0.04673571358866102,-0.046313809300888575
-13,3.8000000000000007,0.04485618659261936,-0.04445836712073126
-13,3.8500000000000014,0.043018348037771936,-0.0426426917606717
-13,3.9000000000000004,0.04122430735607674,-0.04086904025339022
-13,3.950000000000001,0.03947586662956981,-0.039139351490316
-13,4.0,0.03777453429580646,-0.037455260325868434
-13,4.050000000000001,0.03612153957418496,-0.035818112497560506
-13,4.100000000000001,0.034517847463265916,-0.0342289801818505
-13,4.15,0.03296417416316988,-0.03268867801439601
-13,4.200000000000001,0.03146100278215069,-0.031197779412983184
-13,4.25,0.030008599192898444,-0.029756633051881032
-13,4.300000000000001,0.02860702791157621,-0.028365379347586206
-13,4.350000000000001,0.027256167881281712,-0.027023966827695922
-13,4.4,0.02595572805100943,-0.025732168266910715
-13,4.450000000000001,0.024705262651373516,-0.024489596486580112
-13,4.5,0.023504186078928235,-0.023295719726753372
-13,4.550000000000001,0.0223517873117407,-0.02214987651210043
-13,4.600000000000001,0.021247243789804138,-0.02105128994519756
-13,4.65,0.020189634704564696,-0.019999081372366057
-13,4.700000000000001,0.019177953652359747,-0.018992283378442387
-13,4.75,0.018211120616530962,-0.018029852077365405
-13,4.800000000000001,0.017287993252439016,-0.017110678675267277
-13,4.850000000000001,0.016407377458487638,-0.016233600291764017
-13,4.9,0.015568037224314324,-0.015397410033351377
-13,4.950000000000001,0.014768703754732826,-0.014600866320161998
-13,5.0,0.014008083874593957,-0.01384270147386113
-13,5.050000000000001,0.01328486772558879,-0.013121629580174154
-13,5.100000000000001,0.012597735771060492,-0.012436353644441844
-13,5.15,0.011945365129288454,-0.011785572062745775
-13,5.200000000000001,0.011326435259333856,-0.011167984434603095
-13,5.25,0.010739633026549456,-0.01058229674602984
-13,5.300000000000001,0.010183657177293526,-0.010027225953968877
-13,5.350000000000001,0.009657222254268127,-0.009501504004731487
-13,5.4,0.009159061985333672,-0.009003881320361451
-13,5.450000000000001,0.008687932179670455,-0.00853312978757037
-13,5.5,0.008242613165825752,-0.008088045284424528
-13,5.550000000000001,0.007821911806621173,-0.0076674497801123564
-13,5.600000000000001,0.007424663126054831,-0.007270193043131368
-13,5.65,0.007049731583350649,-0.006895153993037972
-13,5.700000000000001,0.006696012029260956,-0.006541241730594116
-13,5.75,0.006362430379508233,-0.0062073962807924765
-13,5.800000000000001,0.006047944040087572,-0.0058925890828041005
-13,5.850000000000001,0.005751542118904496,-0.005595823260440724
-13,5.9,0.005472245457975866,-0.005316133706287474
-13,5.950000000000001,0.005209106520139173,-0.0050525870121425065
-13,6.0,0.004961209163869995,-0.004804281277870359
-12,-6.0,0.010073918383198155,-0.009074297996346736
-12,-5.95,0.010791985008451466,-0.009717651321940135
-12,-5.9,0.011553531192365796,-0.010399967817104727
-12,-5.85,0.012360800736341382,-0.01112326245209383
-12,-5.8,0.013216129963281809,-0.01188963307415225
-12,-5.75,0.014121947474356578,-0.01270126019969764
-12,-5.7,0.01508077333419866,-0.013560406297215444
-12,-5.65,0.01609521762753552,-0.01446941450931849
-12,-5.6,0.017167978324127642,-0.015430706757037171
-12,-5.55,0.018301838382714486,-0.016446781163890645
-12,-5.5,0.019499662018332975,-0.01752020873172233
-12,-5.45,0.0207643900511294,-0.018653629194707033
-12,-5.4,0.022099034248602933,-0.019849745972503996
-12,-5.35,0.023506670567241095,-0.021111320138199385
-12,-5.3,0.024990431193782303,-0.022441163311639034
-12,-5.25,0.026553495280991823,-0.023842129384008093
-12,-5.2,0.028199078267974853,-0.025317104975219884
-12,-5.15,0.029930419670745056,-0.026868998521899723
-12,-5.1,0.03175076922525655,-0.028500727890619526
-12,-5.05,0.03366337126241126,-0.03021520640874975
-12,-5.0,0.035671447192999306,-0.03201532720391764
-12,-4.95,0.03777817598020561,-0.03390394574285738
-12,-4.9,0.03998667247850185,-0.035883860461555894
-12,-4.85,0.04229996352068155,-0.03795779138131605
-12,-4.8,0.044720961639805434,-0.04012835660988179
-12,-4.75,0.047252436320158075,-0.04239804663342461
-12,-4.7,0.04989698268139198,-0.044769196314252024
-12,-4.65,0.05265698751320613,-0.047243954520959974
-12,-4.6,0.05553459259459137,-0.04982425133270496
-12,-4.55,0.05853165525234738,-0.0525117627778271
-12,-4.5,0.06164970613870113,-0.05530787308952023
-12,-4.45,0.06488990423798513,-0.05821363448821204
-12,-4.4,0.06825298914795797,-0.061229724532135155
-12,-4.35,0.07173923072310928,-0.06435640111481877
-12,-4.3,0.07534837621567281,-0.06759345523141302
-12,-4.25,0.07907959510573415,-0.0709401616853178
-12,-4.2,0.08293142187520686,-0.07439522796303999
-12,-4.15,0.08690169705220963,-0.07795674156903099
-12,-4.1,0.09098750693278324,-0.0816221161837345
-12,-4.05,0.09518512247639932,-0.08538803708759435
-12,-4.0,0.09948993797040928,-0.08925040638140835
-12,-3.9499999999999997,0.10389641016653206,-0.09320428862916241
-12,-3.9,0.10839799870926115,-0.0972438576530763
-12,-3.85,0.11298710880120888,-0.10136234532146426
-12,-3.8,0.1176550371827092,-0.10555199328726417
-12,-3.75,0.12239192264102039,-0.10980400875727847
-12,-3.6999999999999997,0.12718670240600738,-0.11410852549749828
-12,-3.65,0.13202707593137553,-0.11845457140571991
-12,-3.5999999999999996,0.13689947769974942,-0.12283004410588827
-12,-3.55,0.14178906082155285,-0.12722169613511225
-12,-3.5,0.14667969331619712,-0.13161513139929104
-12,-3.4499999999999997,0.15155396906302698,-0.1359948146609522
-12,-3.4,0.1563932354810409,-0.14034409588650476
-12,-3.3499999999999996,0.16117764003203794,-0.14464525131206596
-12,-3.3,0.16588619763182688,-0.14887954307880635
-12,-3.25,0.17049688098813043,-0.1530272992313053
-12,-3.1999999999999997,0.17498673575079926,-0.1570680157560207
-12,-3.15,0.1793320221489827,-0.16098048215197247
-12,-3.0999999999999996,0.1835083844901475,-0.16474293176272292
-12,-3.05,0.18749104949778972,-0.16833321774914145
-12,-3.0,0.1912550539603186,-0.17172901513932226
-12,-2.9499999999999997,0.19477550154791956,-0.17490804885083744
-12,-2.9,0.1980278479258003,-0.17784834693991347
-12,-2.8499999999999996,0.20098821245457976,-0.18052851759510524
-12,-2.8,0.20363371383126128,-0.18292804756769354
-12,-2.75,0.20594282600373792,-0.18502761883178942
-12,-2.6999999999999997,0.20789574961263946,-0.18680943931511695
-12,-2.65,0.2094747931096288,-0.1882575825655144
-12,-2.5999999999999996,0.2106647566127261,-0.18935833025455162
-12,-2.55,0.21145331053704164,-0.19010051051215648
-12,-2.5,0.211831360140738,-0.19047582428462184
-12,-2.4499999999999997,0.21179338641362333,-0.19047915126754433
-12,-2.4,0.21133775327441506,-0.1901088265420292
-12,-2.3499999999999996,0.21046697089577737,-0.18936687889244452
-12,-2.3,0.20918790520096908,-0.18825922195788625
-12,-2.25,0.20751192421821674,-0.18679578990809653
-12,-2.1999999999999997,0.20545497306757188,-0.18499061026432573
-12,-2.15,0.20303757089656632,-0.18286180781374628
-12,-2.0999999999999996,0.20028472505491313,-0.18043153527640787
-12,-2.05,0.19722576015402193,-0.17772582843413298
-12,-2.0,0.19389406231169987,-0.17477438575128623
-12,-1.9500000000000002,0.19032674172278186,-0.1716102750111701
-12,-1.8999999999999995,0.18656421958208635,-0.1682695720379468
-12,-1.8499999999999996,0.18264974815503698,-0.16479093903197395
-12,-1.7999999999999998,0.17862887526818583,-0.16121515226311067
-12,-1.75,0.17454886649706264,-0.15758459068346542
-12,-1.7000000000000002,0.170458099688008,-0.153942698282739
-12,-1.6499999999999995,0.16640544700462107,-0.15033343357143347
-12,-1.5999999999999996,0.16243965930241955,-0.14680071931399796
-12,-1.5499999999999998,0.15860876620399783,-0.14338790444650473
-12,-1.5,0.1549595027096548,-0.14013724793796367
-12,-1.4500000000000002,0.1515367695272669,-0.13708943117430472
-12,-1.3999999999999995,0.14838312960254607,-0.13428310130552168
-12,-1.3499999999999996,0.14553833773309155,-0.13175444303100203
-12,-1.2999999999999998,0.143038893937043,-0.12953677075027548
-12,-1.25,0.1409176048592093,-0.12766012726735276
-12,-1.1999999999999993,0.139203131567215,-0.12615086987477708
-12,-1.1499999999999995,0.13791949746688698,-0.12503122042544956
-12,-1.0999999999999996,0.13708552781237537,-0.12431875388771929
-12,-1.0499999999999998,0.1367141936301735,-0.12402580098434124
-12,-1.0,0.13681183909924868,-0.12415874599896959
-12,-0.9499999999999993,0.13737728368026256,-0.1247172117322134
-12,-0.8999999999999995,0.1384008093141623,-0.125693140575314
-12,-0.8499999999999996,0.13986306883843702,-0.12706980375723187
-12,-0.7999999999999998,0.14173398335602444,-0.12882079905988686
-12,-0.75,0.14397173123922288,-0.130909128516848
-12,-0.6999999999999993,0.14652196584892024,-0.13328647829460527
-12,-0.6499999999999995,0.14931742753342192,-0.13589284830423776
-12,-0.5999999999999996,0.1522781315534658,-0.13865669334323805
-12,-0.5499999999999998,0.15531231028597697,-0.14149573458488152
-12,-0.5,0.15831825887989442,-0.14431857435958406
-12,-0.4499999999999993,0.16118717371002383,-0.14702719435803868
-12,-0.39999999999999947,0.16380698109644426,-0.14952033656835095
-12,-0.34999999999999964,0.16606703366987402,-0.15169766095469134
-12,-0.2999999999999998,0.16786341442146646,-0.15346445373152612
-12,-0.25,0.16910445308596544,-0.15473654176191526
-12,-0.1999999999999993,0.16971595277213758,-0.15544497512760688
-12,-0.14999999999999947,0.16964557689686033,-0.1555399972247957
-12,-0.09999999999999964,0.1688658834565856,-0.1549938520689315
-12,-0.04999999999999982,0.16737562683561702,-0.15380209159812208
-12,0.0,0.16519916429211423,-0.15198323114874496
-12,0.05000000000000071,0.1623840660750121,-0.14957682587965693
-12,0.10000000000000053,0.15899727710399525,-0.14664025564680294
-12,0.15000000000000036,0.15512035525949752,-0.1432446603590536
-12,0.20000000000000018,0.15084437694416142,-0.1394705282113883
-12,0.25,0.14626504872435997,-0.13540339990358402
-12,0.3000000000000007,0.14147842286180112,-0.13113003656908012
-12,0.35000000000000053,0.13657743389452492,-0.1267352492045557
-12,0.40000000000000036,0.1316493040119222,-0.12229944573134596
-12,0.4500000000000002,0.12677374224361126,-0.1178968483193058
-12,0.5,0.12202179908569644,-0.11359427896875968
-12,0.5500000000000007,0.11745522665002017,-0.10945039939623591
-12,0.6000000000000005,0.11312621596699524,-0.10551530637558587
-12,0.6500000000000004,0.10907741724145925,-0.10183040888865313
-12,0.7000000000000002,0.105342180215382,-0.0984285360845526
-12,0.75,0.10194497249803125,-0.09533423892142578
-12,0.8000000000000007,0.09890194278929076,-0.09256425299380311
-12,0.8500000000000005,0.09622159666517427,-0.09012808850609044
-12,0.9000000000000004,0.09390554985636124,-0.08802870986156786
-12,0.9500000000000002,0.09194932196613226,-0.08626326546246976
-12,1.0,0.09034313486334611,-0.08482383004661764
-12,1.0500000000000007,0.08907268516780453,-0.08369812750979866
-12,1.1000000000000005,0.08811986846530906,-0.08287021068775069
-12,1.1500000000000004,0.0874634425088463,-0.08232108435222518
-12,1.2000000000000002,0.08707962592038077,-0.08202926701381053
-12,1.25,0.08694263639846711,-0.08197129468970932
-12,1.3000000000000007,0.08702517734330906,-0.08212217482764839
-12,1.3500000000000005,0.08729888393179097,-0.08245580090068971
-12,1.4000000000000004,0.08773473931154996,-0.08294533809544613
-12,1.4500000000000002,0.08830346936043343,-0.08356358860238
-12,1.5,0.08897592114023523,-0.08428334200393461
-12,1.5500000000000007,0.08972342651198506,-0.08507771285219934
-12,1.6000000000000005,0.09051814900410848,-0.08592046432800737
-12,1.6500000000000004,0.0913334093856144,-0.08678631430758355
-12,1.7000000000000002,0.09214398374966226,-0.08765121847991786
-12,1.75,0.09292636733191095,-0.08849262443919037
-12,1.8000000000000007,0.09365899769754815,-0.08928969086536442
-12,1.8500000000000005,0.0943224321492635,-0.09002346684798246
-12,1.9000000000000004,0.09489947599266912,-0.09067702789082843
-12,1.9500000000000002,0.09537526038245847,-0.0912355669256506
-12,2.0,0.09573727061222215,-0.0916864405387221
-12,2.0500000000000007,0.09597532769178851,-0.09201917238401225
-12,2.0999999999999996,0.09608152771972645,-0.09222541727626044
-12,2.1500000000000004,0.09605014480588192,-0.09229889063250574
-12,2.200000000000001,0.09587750408688134,-0.09223526871777143
-12,2.25,0.09556183171363974,-0.0920320655492115
-12,2.3000000000000007,0.0951030886194455,-0.09168849235689525
-12,2.3499999999999996,0.09450279447155552,-0.09120530524550174
-12,2.4000000000000004,0.09376384755324763,-0.09058464621942086
-12,2.450000000000001,0.09289034550458508,-0.08982988209720699
-12,2.5,0.09188741095059871,-0.0889454451194076
-12,2.5500000000000007,0.09076102513558526,-0.08793667830666019
-12,2.5999999999999996,0.08951787181722981,-0.08680968790100785
-12,2.6500000000000004,0.08816519289407232,-0.08557120455789002
-12,2.700000000000001,0.08671065656904053,-0.08422845437202842
-12,2.75,0.08516223830166725,-0.0827890403291831
-12,2.8000000000000007,0.08352811437278485,-0.08126083438002851
-12,2.8499999999999996,0.08181656757072675,-0.07965188002817625
-12,2.9000000000000004,0.08003590429441987,-0.07797030510268943
-12,2.950000000000001,0.07819438224085795,-0.07622424423483842
-12,3.0,0.0763001477853793,-0.07442177046671938
-12,3.0500000000000007,0.07436118215677467,-0.07257083537305808
-12,3.0999999999999996,0.0723852555405009,-0.07067921706547375
-12,3.1500000000000004,0.07037988829933273,-0.06875447546047786
-12,3.200000000000001,0.06835231857092339,-0.0668039142199639
-12,3.25,0.06630947557767986,-0.06483454880924011
-12,3.3000000000000007,0.06425795805986168,-0.06285308015754731
-12,3.3499999999999996,0.06220401731366776,-0.06086587344598371
-12,3.4000000000000004,0.06015354437960507,-0.05887894158528928
-12,3.450000000000001,0.05811206098133903,-0.056897932979864674
-12,3.5,0.056084713861145996,-0.054928123203863866
-12,3.5500000000000007,0.05407627219534472,-0.052974410240433034
-12,3.6000000000000014,0.05209112780263725,-0.051041312956307205
-12,3.6500000000000004,0.050133297881076455,-0.04913297250173576
-12,3.700000000000001,0.04820643002680436,-0.047253156340688385
-12,3.75,0.046313809300888575,-0.04540526462927774
-12,3.8000000000000007,0.04445836712073126,-0.04359233867190104
-12,3.8500000000000014,0.0426426917606717,-0.04181707119546596
-12,3.9000000000000004,0.04086904025338978,-0.04008181819256329
-12,3.950000000000001,0.039139351490315555,-0.03838861209513755
-12,4.0,0.03745526032586888,-0.036739176051168165
-12,4.050000000000001,0.035818112497560506,-0.035134939088449
-12,4.100000000000001,0.03422898018185094,-0.03357705196172889
-12,4.15,0.03268867801439601,-0.03206640349224665
-12,4.200000000000001,0.03119777941298274,-0.030603637222095248
-12,4.25,0.029756633051881032,-0.02918916821968942
-12,4.300000000000001,0.028365379347586206,-0.0278231998867855
-12,4.350000000000001,0.027023966827695034,-0.02650574063192135
-12,4.4,0.02573216826691116,-0.02523662028954332
-12,4.450000000000001,0.024489596486580112,-0.02401550617838799
-12,4.5,0.023295719726752928,-0.022841918706698383
-12,4.550000000000001,0.022149876512099986,-0.021715246445464853
-12,4.600000000000001,0.02105128994519756,-0.02063476060390057
-12,4.65,0.019999081372366057,-0.01959962885376676
-12,4.700000000000001,0.018992283378442387,-0.018608928460795315
-12,4.75,0.018029852077364517,-0.01766165869229752
-12,4.800000000000001,0.017110678675266833,-0.016756752479984538
-12,4.850000000000001,0.016233600291763572,-0.015893087326134037
-12,4.9,0.015397410033352266,-0.015069495449349102
-12,4.950000000000001,0.014600866320163775,-0.014284773173481202
-12,5.0,0.013842701473860686,-0.01353768956959378
-12,5.050000000000001,0.013121629580174599,-0.012826994366428757
-12,5.100000000000001,0.012436353644442733,-0.012151425149503847
-12,5.15,0.011785572062746219,-0.011509713872911664
-12,5.200000000000001,0.011167984434602651,-0.010900592711150736
-12,5.25,0.01058229674602984,-0.010322799280853001
-12,5.300000000000001,0.010027225953968433,-0.009775081264292051
-12,5.350000000000001,0.009501504004730599,-0.009256200468014786
-12,5.4,0.009003881320361451,-0.008764936350943664
-12,5.450000000000001,0.008533129787570815,-0.00830008905689672
-12,5.5,0.008088045284424084,-0.007860481986814438
-12,5.550000000000001,0.0076674497801123564,-0.007444963945909766
-12,5.600000000000001,0.007270193043130924,-0.007052410900841188
-12,5.65,0.0068951539930388606,-0.00668172738160866
-12,5.700000000000001,0.006541241730594116,-0.006331847562393911
-12,5.75,0.006207396280792921,-0.006001736055039952
-12,5.800000000000001,0.0058925890828041005,-0.005690388448247319
-12,5.850000000000001,0.005595823260439836,-0.005396831624945531
-12,5.9,0.005316133706287474,-0.005120123889656991
-12,5.950000000000001,0.005052587012142062,-0.004859354937005289
-12,6.0,0.004804281277869471,-0.004613645691836865
-11,-6.0,0.009074297996346736,-0.008108385309529176
-11,-5.95,0.009717651321940135,-0.008680030202570244
-11,-5.9,0.010399967817104727,-0.009286302506785749
-11,-5.85,0.01112326245209383,-0.009928996944878143
-11,-5.8,0.01188963307415225,-0.010609981862296447
-11,-5.75,0.01270126019969764,-0.011331199052077245
-11,-5.7,0.013560406297215444,-0.012094663129764704
-11,-5.65,0.01446941450931849,-0.012902460412216765
-11,-5.6,0.015430706757037171,-0.013756747249312529
-11,-5.55,0.016446781163890645,-0.014659747752759689
-11,-5.5,0.01752020873172233,-0.01561375086132033
-11,-5.45,0.018653629194707033,-0.016621106676857345
-11,-5.4,0.019849745972503996,-0.017684222000849736
-11,-5.35,0.021111320138199385,-0.01880555499633818
-11,-5.3,0.022441163311639034,-0.01998760889584883
-11,-5.25,0.023842129384008093,-0.02123292467168225
-11,-5.2,0.025317104975219884,-0.022544072581186736
-11,-5.15,0.026868998521899723,-0.023923642496347153
-11,-5.1,0.028500727890619748,-0.02537423292430363
-11,-5.05,0.030215206408749307,-0.02689843862341723
-11,-5.0,0.03201532720391764,-0.028498836718369613
-11,-4.95,0.033903945742857156,-0.030177971217619337
-11,-4.9,0.03588386046155545,-0.031938335837649046
-11,-4.85,0.037957791381316275,-0.03378235504085625
-11,-4.8,0.04012835660988179,-0.0357123631980687
-11,-4.75,0.042398046633424835,-0.03773058179259392
-11,-4.7,0.0447691963142518,-0.039839094590840674
-11,-4.65,0.047243954520959974,-0.042039820715115805
-11,-4.6,0.04982425133270518,-0.044334485567510296
-11,-4.55,0.052511762777826876,-0.04672458957030212
-11,-4.5,0.05530787308951979,-0.04921137470821879
-11,-4.45,0.05821363448821226,-0.05179578888183878
-11,-4.4,0.06122972453213582,-0.054478448109582356
-11,-4.35,0.06435640111481922,-0.057259596648717714
-11,-4.3,0.06759345523141302,-0.06013906514396394
-11,-4.25,0.07094016168531736,-0.06311622695607655
-11,-4.2,0.07439522796303999,-0.066189952872592
-11,-4.15,0.07795674156903099,-0.06935856445922806
-11,-4.1,0.08162211618373405,-0.0726197863733904
-11,-4.05,0.08538803708759435,-0.07597069803127576
-11,-4.0,0.08925040638140835,-0.07940768509716944
-11,-3.9499999999999997,0.09320428862916263,-0.0829263913477174
-11,-3.9,0.0972438576530763,-0.08652167155503054
-11,-3.85,0.10136234532146426,-0.09018754612982516
-11,-3.8,0.10555199328726417,-0.09391715836876102
-11,-3.75,0.10980400875727847,-0.09770273525737538
-11,-3.6999999999999997,0.1141085254974985,-0.10153555288992155
-11,-3.65,0.11845457140571991,-0.10540590767782776
-11,-3.5999999999999996,0.12283004410588827,-0.10930309462650767
-11,-3.55,0.12722169613511247,-0.1132153940624856
-11,-3.5,0.13161513139929126,-0.11713006828486972
-11,-3.4499999999999997,0.13599481466095242,-0.12103336969223566
-11,-3.4,0.14034409588650498,-0.12491056199197814
-11,-3.3499999999999996,0.1446452513120664,-0.1287459561276063
-11,-3.3,0.14887954307880613,-0.13252296255289808
-11,-3.25,0.1530272992313053,-0.13622416143233007
-11,-3.1999999999999997,0.15706801575602114,-0.13983139224640162
-11,-3.15,0.16098048215197225,-0.1433258641198849
-11,-3.0999999999999996,0.1647429317627227,-0.14668828796248068
-11,-3.05,0.16833321774914145,-0.1498990312073647
-11,-3.0,0.17172901513932293,-0.15293829554759064
-11,-2.9499999999999997,0.17490804885083722,-0.1557863175992158
-11,-2.9,0.17784834693991325,-0.1584235918621162
-11,-2.8499999999999996,0.18052851759510524,-0.16083111470716904
-11,-2.8,0.18292804756769399,-0.16299064739874414
-11,-2.75,0.18502761883178898,-0.16488499537648504
-11,-2.6999999999999997,0.18680943931511695,-0.16649830018844947
-11,-2.65,0.18825758256551484,-0.16781633961339804
-11,-2.5999999999999996,0.18935833025455118,-0.16882683066479176
-11,-2.55,0.1901005105121567,-0.16951972937043713
-11,-2.5,0.19047582428462162,-0.16988752051287737
-11,-2.4499999999999997,0.19047915126754456,-0.16992548994391155
-11,-2.4,0.1901088265420292,-0.16963197170125
-11,-2.3499999999999996,0.18936687889244452,-0.1690085620048316
-11,-2.3,0.18825922195788625,-0.16806029233899245
-11,-2.25,0.18679578990809642,-0.16679575427071347
-11,-2.1999999999999997,0.18499061026432584,-0.16522716943750182
-11,-2.15,0.1828618078137464,-0.1633703992688198
-11,-2.0999999999999996,0.18043153527640787,-0.1612448904701962
-11,-2.05,0.1777258284341331,-0.15887355406474923
-11,-2.0,0.17477438575128623,-0.15628257779449406
-11,-1.9500000000000002,0.1716102750111701,-0.15350117385184192
-11,-1.8999999999999995,0.16826957203794696,-0.15056126613723664
-11,-1.8499999999999996,0.16479093903197384,-0.14749712340148546
-11,-1.7999999999999998,0.161215152263111,-0.1443449465985731
-11,-1.75,0.15758459068346564,-0.14114242040823877
-11,-1.7000000000000002,0.1539426982827391,-0.13792824004978366
-11,-1.6499999999999995,0.15033343357143336,-0.13474162506971044
-11,-1.5999999999999996,0.14680071931399807,-0.13162183163025643
-11,-1.5499999999999998,0.14338790444650457,-0.12860767385974925
-11,-1.5,0.1401372479379639,-0.12573706298441412
-11,-1.4500000000000002,0.13708943117430472,-0.12304657022113052
-11,-1.3999999999999995,0.13428310130552187,-0.12057101580353624
-11,-1.3499999999999996,0.13175444303100198,-0.11834308214853695
-11,-1.2999999999999998,0.12953677075027575,-0.11639294425813773
-11,-1.25,0.12766012726735268,-0.11474790533729173
-11,-1.1999999999999993,0.1261508698747771,-0.11343202079841719
-11,-1.1499999999999995,0.12503122042544937,-0.11246569000421269
-11,-1.0999999999999996,0.12431875388771929,-0.11186519313585896
-11,-1.0499999999999998,0.12402580098434124,-0.1116421514630015
-11,-1.0,0.12415874599896978,-0.11180289407717225
-11,-0.9499999999999993,0.12471721173221338,-0.11234772376101387
-11,-0.8999999999999995,0.12569314057531397,-0.1132700897008011
-11,-0.8499999999999996,0.12706980375723193,-0.11455569521444853
-11,-0.7999999999999998,0.1288207990598868,-0.11618159370127634
-11,-0.75,0.13090912851684802,-0.11811535367554682
-11,-0.6999999999999993,0.13328647829460538,-0.12031440088293555
-11,-0.6499999999999995,0.1358928483042377,-0.12272566786156913
-11,-0.5999999999999996,0.1386566933432381,-0.12528569382546118
-11,-0.5499999999999998,0.14149573458488152,-0.12792131506909077
-11,-0.5,0.1443185743595839,-0.1305510633560807
-11,-0.4499999999999993,0.14702719435803868,-0.13308734356554008
-11,-0.39999999999999947,0.149520336568351,-0.1354393914672375
-11,-0.34999999999999964,0.1516976609546914,-0.13751692107389246
-11,-0.2999999999999998,0.15346445373152617,-0.13923426697480323
-11,-0.25,0.1547365417619152,-0.14051472470883491
-11,-0.1999999999999993,0.1554449751276068,-0.14129471118773268
-11,-0.14999999999999947,0.15553999722479572,-0.1415273294182152
-11,-0.09999999999999964,0.15499385206893146,-0.14118494609504662
-11,-0.04999999999999982,0.15380209159812208,-0.14026048532071617
-11,0.0,0.151983231148745,-0.13876729800537585
-11,0.05000000000000071,0.14957682587965704,-0.13673765672421248
-11,0.10000000000000053,0.14664025564680294,-0.13422010877584123
-11,0.15000000000000036,0.14324466035905348,-0.13127605359312544
-11,0.20000000000000018,0.13947052821138817,-0.12797596577395862
-11,0.25,0.13540339990358397,-0.12439565681183834
-11,0.3000000000000007,0.13113003656907996,-0.12061287634314169
-11,0.35000000000000053,0.12673524920455548,-0.11670443168020259
-11,0.40000000000000036,0.12229944573134599,-0.11274388802379007
-11,0.4500000000000002,0.11789684831930569,-0.10879982583551351
-11,0.5,0.11359427896875962,-0.1049345853350156
-11,0.5500000000000007,0.10945039939623613,-0.10120341595714694
-11,0.6000000000000005,0.10551530637558582,-0.09765395809172606
-11,0.6500000000000004,0.10183040888865302,-0.09432600174933109
-11,0.7000000000000002,0.09842853608455249,-0.09125148181107812
-11,0.75,0.09533423892142578,-0.08845467746374647
-11,0.8000000000000007,0.09256425299380311,-0.08595258426078844
-11,0.8500000000000005,0.09012808850609066,-0.08375542380858503
-11,0.9000000000000004,0.08802870986156774,-0.0818672520024385
-11,0.9500000000000002,0.08626326546246976,-0.08028662498195793
-11,1.0,0.08482383004661753,-0.07900728405140756
-11,1.0500000000000007,0.08369812750979855,-0.07801882672729976
-11,1.1000000000000005,0.08287021068775058,-0.07730733973739623
-11,1.1500000000000004,0.08232108435222552,-0.07685597957540335
-11,1.2000000000000002,0.08202926701381053,-0.07664549549116295
-11,1.25,0.08197129468970932,-0.07665469731915608
-11,1.3000000000000007,0.08212217482764839,-0.07686087561735777
-11,1.3500000000000005,0.08245580090068971,-0.07724018404996413
-11,1.4000000000000004,0.08294533809544635,-0.07776799408430413
-11,1.4500000000000002,0.08356358860238,-0.07841923044453813
-11,1.5,0.08428334200393461,-0.07916869304949348
-11,1.5500000000000007,0.08507771285219912,-0.07999136802167572
-11,1.6000000000000005,0.08592046432800782,-0.08086272734722688
-11,1.6500000000000004,0.08678631430758399,-0.0817590142980873
-11,1.7000000000000002,0.08765121847991741,-0.08265751003785926
-11,1.75,0.08849262443919015,-0.08353677600809961
-11,1.8000000000000007,0.08928969086536442,-0.08437686669264366
-11,1.8500000000000005,0.09002346684798201,-0.08515950805412698
-11,1.9000000000000004,0.09067702789082821,-0.085868238145558
-11,1.9500000000000002,0.0912355669256506,-0.0864885079165596
-11,2.0,0.0916864405387221,-0.08700774186160043
-11,2.0500000000000007,0.09201917238401247,-0.08741535972573145
-11,2.0999999999999996,0.09222541727626021,-0.0877027618605013
-11,2.1500000000000004,0.09229889063250596,-0.08786328192123638
-11,2.200000000000001,0.09223526871777121,-0.08789211137223862
-11,2.25,0.09203206554921195,-0.08778620071204601
-11,2.3000000000000007,0.09168849235689525,-0.08754414247015596
-11,2.3499999999999996,0.09120530524550219,-0.08716604090372804
-11,2.4000000000000004,0.09058464621942086,-0.0866533729939869
-11,2.450000000000001,0.08982988209720721,-0.0860088448673837
-11,2.5,0.08894544511940783,-0.08523624720384526
-11,2.5500000000000007,0.08793667830665974,-0.08434031259456942
-11,2.5999999999999996,0.08680968790100829,-0.0833265772163716
-11,2.6500000000000004,0.08557120455788958,-0.08220124862971012
-11,2.700000000000001,0.08422845437202842,-0.0809710810041615
-11,2.75,0.08278904032918355,-0.07964325864005506
-11,2.8000000000000007,0.08126083438002851,-0.07822528829265485
-11,2.8499999999999996,0.07965188002817669,-0.0767249005140882
-11,2.9000000000000004,0.07797030510268943,-0.07514996000286933
-11,2.950000000000001,0.07622424423483842,-0.07350838478335753
-11,3.0,0.07442177046671938,-0.0718080739187954
-11,3.0500000000000007,0.07257083537305808,-0.07005684338246931
-11,3.0999999999999996,0.07067921706547375,-0.06826236966326338
-11,3.1500000000000004,0.06875447546047786,-0.06643214065669989
-11,3.200000000000001,0.0668039142199639,-0.06457341338384559
-11,3.25,0.06483454880924011,-0.0626931780829505
-11,3.3000000000000007,0.06285308015754731,-0.06079812822812025
-11,3.3499999999999996,0.06086587344598371,-0.05889463604278644
-11,3.4000000000000004,0.05887894158528928,-0.056988733090964416
-11,3.450000000000001,0.056897932979864674,-0.05508609554503208
-11,3.5,0.054928123203863866,-0.05319203374409831
-11,3.5500000000000007,0.052974410240433034,-0.051311485671707846
-11,3.6000000000000014,0.051041312956307205,-0.04944901399549684
-11,3.6500000000000004,0.04913297250173576,-0.047608806324631825
-11,3.700000000000001,0.047253156340688385,-0.04579467835364026
-11,3.75,0.0454052646292773,-0.044010079573828076
-11,3.8000000000000007,0.04359233867190149,-0.04225810124612872
-11,3.8500000000000014,0.041817071195465516,-0.040541486342154265
-11,3.9000000000000004,0.04008181819256329,-0.03886264117359639
-11,3.950000000000001,0.03838861209513755,-0.037223648444034474
-11,4.0,0.03673917605116772,-0.03562628147170477
-11,4.050000000000001,0.035134939088449446,-0.03407201934685
-11,4.100000000000001,0.03357705196172889,-0.03256206280290286
-11,4.15,0.0320664034922471,-0.031097350596720474
-11,4.200000000000001,0.030603637222095692,-0.029678576209487773
-11,4.25,0.02918916821968942,-0.02830620469632139
-11,4.300000000000001,0.027823199886785055,-0.0269804895291732
-11,4.350000000000001,0.02650574063192135,-0.02570148929395799
-11,4.4,0.025236620289543765,-0.02446908411890769
-11,4.450000000000001,0.024015506178388435,-0.023282991726796265
-11,4.5,0.02284191870669794,-0.02214278301876238
-11,4.550000000000001,0.021715246445465297,-0.02104789711183397
-11,4.600000000000001,0.020634760603901015,-0.01999765576591317
-11,4.65,0.01959962885376676,-0.018991277148765473
-11,4.700000000000001,0.01860892846079576,-0.018027888899419864
-11,4.75,0.01766165869229752,-0.01710654046132598
-11,4.800000000000001,0.016756752479984094,-0.01622621466659213
-11,4.850000000000001,0.01589308732613315,-0.01538583856159903
-11,4.9,0.015069495449350434,-0.014584293472308385
-11,4.950000000000001,0.014284773173481646,-0.013820424314689106
-11,5.0,0.013537689569594669,-0.01309304816179191
-11,5.050000000000001,0.012826994366429645,-0.012400962084354372
-11,5.100000000000001,0.012151425149504291,-0.01174295028624428
-11,5.15,0.01150971387291122,-0.01111779055978479
-11,5.200000000000001,0.010900592711150736,-0.010524260088977666
-11,5.25,0.010322799280853445,-0.009961140631016274
-11,5.300000000000001,0.009775081264291607,-0.009427223108262162
-11,5.350000000000001,0.00925620046801523,-0.008921311644118912
-11,5.4,0.008764936350943664,-0.008442227077080311
-11,5.450000000000001,0.008300089056896276,-0.007988809987650392
-11,5.5,0.007860481986814882,-0.007559923272995928
-11,5.550000000000001,0.007444963945909322,-0.0071544543040142905
-11,5.600000000000001,0.007052410900841188,-0.006771316699185181
-11,5.65,0.006681727381609548,-0.0064094517490640435
-11,5.700000000000001,0.006331847562393911,-0.006067829524661672
-11,5.75,0.006001736055039508,-0.005745449702248884
-11,5.800000000000001,0.005690388448247319,-0.005441342136415894
-11,5.850000000000001,0.0053968316249450865,-0.005154567212418915
-11,5.9,0.005120123889656547,-0.0048842160080826424
-11,5.950000000000001,0.004859354937004845,-0.004629410294727521
-11,6.0,0.004613645691835977,-0.004389302405768625
-10,-6.0,0.008108385309529176,-0.0071761803227454735
-10,-5.95,0.008680030202570244,-0.007679121650340459
-10,-5.9,0.009286302506785749,-0.008212535261410192
-10,-5.85,0.009928996944878143,-0.008778004214692992
-10,-5.8,0.010609981862296447,-0.009377176327714842
-10,-5.75,0.011331199052077245,-0.01001176403149362
-10,-5.7,0.012094663129764704,-0.010683543831846443
-10,-5.65,0.012902460412216765,-0.011394355336232564
-10,-5.6,0.013756747249312529,-0.012146099800954602
-10,-5.55,0.014659747752759689,-0.012940738149321174
-10,-5.5,0.01561375086132033,-0.013780288407125418
-10,-5.45,0.016621106676857345,-0.014666822497580778
-10,-5.4,0.017684222000849736,-0.015602462333640599
-10,-5.35,0.01880555499633818,-0.016589375141656593
-10,-5.3,0.01998760889584883,-0.01762976794641169
-10,-5.25,0.02123292467168225,-0.01872588114401541
-10,-5.2,0.022544072581186736,-0.0198799810858743
-10,-5.15,0.023923642496347153,-0.021094351594086458
-10,-5.1,0.02537423292430363,-0.022371284326307528
-10,-5.05,0.02689843862341723,-0.023713067906415475
-10,-5.0,0.028498836718369613,-0.025121975736356106
-10,-4.95,0.030177971217619337,-0.02660025240449304
-10,-4.9,0.031938335837649046,-0.028150098606781082
-10,-4.85,0.03378235504085625,-0.029773654499301472
-10,-4.8,0.035712363198068475,-0.03147298140436483
-10,-4.75,0.0377305817925937,-0.033250041797666
-10,-4.7,0.039839094590840674,-0.035106677511158146
-10,-4.65,0.04203982071511558,-0.03704458609567274
-10,-4.6,0.044334485567510074,-0.039065295299006486
-10,-4.55,0.046724589570302344,-0.04117013562977201
-10,-4.5,0.04921137470821857,-0.04336021099479792
-10,-4.45,0.05179578888183878,-0.04563636741886423
-10,-4.4,0.05447844810958258,-0.04799915988029824
-10,-4.35,0.05725959664871727,-0.05044881732480366
-10,-4.3,0.06013906514396394,-0.05298520595332601
-10,-4.25,0.06311622695607655,-0.05560779091801171
-10,-4.2,0.06618995287259222,-0.05831559660386487
-10,-4.15,0.06935856445922828,-0.06110716572280239
-10,-4.1,0.07261978637339017,-0.06398051750175204
-10,-4.05,0.07597069803127576,-0.06693310530744512
-10,-4.0,0.07940768509716922,-0.06996177411769322
-10,-3.9499999999999997,0.08292639134771784,-0.07306271832219702
-10,-3.9,0.08652167155503121,-0.07623144041512653
-10,-3.85,0.09018754612982516,-0.07946271122629245
-10,-3.8,0.09391715836876102,-0.08275053242720087
-10,-3.75,0.0977027352573756,-0.08608810214131113
-10,-3.6999999999999997,0.101535552889922,-0.08946778458327875
-10,-3.65,0.10540590767782754,-0.09288108474769885
-10,-3.5999999999999996,0.10930309462650789,-0.09631862926160784
-10,-3.55,0.11321539406248604,-0.09977015460367333
-10,-3.5,0.11713006828486994,-0.10322450397293315
-10,-3.4499999999999997,0.12103336969223544,-0.1066696341568778
-10,-3.4,0.12491056199197814,-0.11009263379746015
-10,-3.3499999999999996,0.1287459561276063,-0.11347975447865855
-10,-3.3,0.13252296255289764,-0.11681645605410251
-10,-3.25,0.13622416143233007,-0.12008746759120381
-10,-3.1999999999999997,0.13983139224640184,-0.12327686522194181
-10,-3.15,0.14332586411988535,-0.12636816805272133
-10,-3.0999999999999996,0.1466882879624809,-0.129344453089423
-10,-3.05,0.14989903120736492,-0.13218848987246012
-10,-3.0,0.15293829554759086,-0.1348828951851231
-10,-2.9499999999999997,0.15578631759921557,-0.13741030779305508
-10,-2.9,0.15842359186211596,-0.13975358269240878
-10,-2.8499999999999996,0.1608311147071695,-0.14189600379077216
-10,-2.8,0.1629906473987437,-0.14382151332441095
-10,-2.75,0.1648849953764846,-0.1455149556378248
-10,-2.6999999999999997,0.1664983001884497,-0.14696233223263633
-10,-2.65,0.1678163396133977,-0.14815106425327818
-10,-2.5999999999999996,0.16882683066479154,-0.14907025784344619
-10,-2.55,0.16951972937043713,-0.14971096711188236
-10,-2.5,0.1698875205128776,-0.15006644882550502
-10,-2.4499999999999997,0.16992548994391166,-0.1501324024427244
-10,-2.4,0.16963197170124988,-0.1499071887520773
-10,-2.3499999999999996,0.1690085620048314,-0.14939202023293818
-10,-2.3,0.16806029233899233,-0.14859111634428745
-10,-2.25,0.16679575427071325,-0.14751181730606766
-10,-2.1999999999999997,0.16522716943750215,-0.1461646505871006
-10,-2.15,0.1633703992688199,-0.1445633452617867
-10,-2.0999999999999996,0.16124489047019608,-0.1427247906362774
-10,-2.05,0.15887355406474912,-0.1406689370458698
-10,-2.0,0.15628257779449406,-0.1384186384413233
-10,-1.9500000000000002,0.1535011738518417,-0.13599943824479688
-10,-1.8999999999999995,0.15056126613723647,-0.13343930187995556
-10,-1.8499999999999996,0.14749712340148535,-0.13076830126357075
-10,-1.7999999999999998,0.14434494659857317,-0.1280182582745728
-10,-1.75,0.14114242040823843,-0.12522235567138096
-10,-1.7000000000000002,0.1379282400497835,-0.12241472498914163
-10,-1.6499999999999995,0.13474162506971038,-0.11963002149945212
-10,-1.5999999999999996,0.13162183163025665,-0.11690299625119516
-10,-1.5499999999999998,0.1286076738597492,-0.11426807444373144
-10,-1.5,0.12573706298441423,-0.11175894784900597
-10,-1.4500000000000002,0.12304657022113039,-0.1094081866677441
-10,-1.3999999999999995,0.12057101580353624,-0.10724687309658876
-10,-1.3499999999999996,0.11834308214853687,-0.10530425508569641
-10,-1.2999999999999998,0.11639294425813795,-0.1036074144606296
-10,-1.25,0.11474790533729193,-0.10218093906902692
-10,-1.1999999999999993,0.11343202079841722,-0.10104658433813496
-10,-1.1499999999999995,0.11246569000421253,-0.10022290620317631
-10,-1.0999999999999996,0.11186519313585877,-0.09972484555679428
-10,-1.0499999999999998,0.11164215146300163,-0.09956324506615499
-10,-1.0,0.11180289407717225,-0.09974428333385599
-10,-0.9499999999999993,0.11234772376101368,-0.10026881976666335
-10,-0.8999999999999995,0.11327008970080124,-0.10113165669062418
-10,-0.8499999999999996,0.11455569521444846,-0.10232074321008688
-10,-0.7999999999999998,0.1161815937012763,-0.10381636728019294
-10,-0.75,0.11811535367554694,-0.1055904067153196
-10,-0.6999999999999993,0.12031440088293571,-0.10760573361391124
-10,-0.6499999999999995,0.12272566786156908,-0.10981588620541638
-10,-0.5999999999999996,0.1252856938254612,-0.11216513300013498
-10,-0.5499999999999998,0.12792131506909077,-0.11458905173860467
-10,-0.5,0.13055106335608063,-0.11701572586938469
-10,-0.4499999999999993,0.13308734356554014,-0.11936762133252832
-10,-0.39999999999999947,0.13543939146723755,-0.12156414579310404
-10,-0.34999999999999964,0.13751692107389246,-0.12352481402747767
-10,-0.2999999999999998,0.13923426697480312,-0.1251728541512977
-10,-0.25,0.14051472470883486,-0.12643900192672436
-10,-0.1999999999999993,0.14129471118773274,-0.1272651609525151
-10,-0.14999999999999947,0.1415273294182151,-0.12760757347711887
-10,-0.09999999999999964,0.14118494609504662,-0.12743916553493115
-10,-0.04999999999999982,0.140260485320716,-0.1267508080033994
-10,0.0,0.1387672980053758,-0.1255513648620067
-10,0.05000000000000071,0.13673765672421245,-0.1238665586086789
-10,0.10000000000000053,0.13422010877584123,-0.12173683649111038
-10,0.15000000000000036,0.13127605359312544,-0.11921453496171308
-10,0.20000000000000018,0.12797596577395853,-0.11636068963187221
-10,0.25,0.12439565681183828,-0.1132418194491229
-10,0.3000000000000007,0.12061287634314155,-0.10992694218398574
-10,0.35000000000000053,0.11670443168020261,-0.10648498132146561
-10,0.40000000000000036,0.11274388802378987,-0.10298263088925427
-10,0.4500000000000002,0.10879982583551362,-0.0994826747922345
-10,0.5,0.10493458533501565,-0.0960427181844643
-10,0.5500000000000007,0.10120341595714666,-0.09271427633275336
-10,0.6000000000000005,0.09765395809172595,-0.08954217111541529
-10,0.6500000000000004,0.09432600174933126,-0.08656419582349334
-10,0.7000000000000002,0.09125148181107812,-0.08381101739495822
-10,0.75,0.08845467746374647,-0.08130628812499363
-10,0.8000000000000007,0.08595258426078822,-0.07906693659024655
-10,0.8500000000000005,0.08375542380858514,-0.0771036025726578
-10,0.9000000000000004,0.0818672520024386,-0.07542117627897371
-10,0.9500000000000002,0.08028662498195827,-0.07401940052459655
-10,1.0,0.07900728405140756,-0.07289349687771618
-10,1.0500000000000007,0.07801882672729987,-0.0720347828203084
-10,1.1000000000000005,0.07730733973739623,-0.07143125561424613
-10,1.1500000000000004,0.07685597957540335,-0.07106812817838093
-10,1.2000000000000002,0.07664549549116284,-0.07092831135243749
-10,1.25,0.0766546973191562,-0.07099284428680686
-10,1.3000000000000007,0.07686087561735788,-0.07124127971243821
-10,1.3500000000000005,0.07724018404996391,-0.07165203337961412
-10,1.4000000000000004,0.07776799408430435,-0.07220270727812395
-10,1.4500000000000002,0.07841923044453791,-0.0728703948869085
-10,1.5,0.07916869304949303,-0.07363197427691048
-10,1.5500000000000007,0.07999136802167595,-0.0744643920204151
-10,1.6000000000000005,0.08086272734722666,-0.07534493806176612
-10,1.6500000000000004,0.08175901429808752,-0.07625150935712655
-10,1.7000000000000002,0.08265751003785926,-0.0771628584234878
-10,1.75,0.08353677600810006,-0.07805882203863912
-10,1.8000000000000007,0.08437686669264322,-0.07892052517938564
-10,1.8500000000000005,0.0851595080541272,-0.0797305557676975
-10,1.9000000000000004,0.08586823814555844,-0.08047310675685915
-10,1.9500000000000002,0.0864885079165596,-0.08113408335518546
-10,2.0,0.08700774186160043,-0.08170117458085757
-10,2.0500000000000007,0.08741535972573189,-0.08216388971694588
-10,2.0999999999999996,0.08770276186050152,-0.08251356147244882
-10,2.1500000000000004,0.08786328192123616,-0.08274331867207385
-10,2.200000000000001,0.08789211137223818,-0.08284803205028379
-10,2.25,0.08778620071204646,-0.08282423720214349
-10,2.3000000000000007,0.0875441424701564,-0.08267003895922787
-10,2.3499999999999996,0.0871660409037287,-0.08238500144623462
-10,2.4000000000000004,0.0866533729939869,-0.08197002787694663
-10,2.450000000000001,0.0860088448673837,-0.08142723381511408
-10,2.5,0.08523624720384504,-0.08075981720391057
-10,2.5500000000000007,0.08434031259456987,-0.07997192799931452
-10,2.5999999999999996,0.0833265772163716,-0.07906853976331973
-10,2.6500000000000004,0.08220124862971012,-0.07805532510953395
-10,2.700000000000001,0.0809710810041615,-0.07693853646544024
-10,2.75,0.07964325864005506,-0.07572489323428266
-10,2.8000000000000007,0.07822528829265529,-0.0744214761106643
-10,2.8499999999999996,0.07672490051408776,-0.07303562902846084
-10,2.9000000000000004,0.07514996000286889,-0.07157486899495868
-10,2.950000000000001,0.07350838478335708,-0.07004680388641615
-10,3.0,0.0718080739187954,-0.0684590581416078
-10,3.0500000000000007,0.07005684338246931,-0.0668192061850088
-10,3.0999999999999996,0.06826236966326338,-0.06513471333386978
-10,3.1500000000000004,0.06643214065669989,-0.06341288388799837
-10,3.200000000000001,0.06457341338384559,-0.06166081606256757
-10,3.25,0.0626931780829505,-0.0598853633988119
-10,3.3000000000000007,0.06079812822812025,-0.058093102271581376
-10,3.3499999999999996,0.05889463604278644,-0.056290305104078175
-10,3.4000000000000004,0.056988733090964416,-0.05448291889663093
-10,3.450000000000001,0.05508609554503208,-0.05267654867684035
-10,3.5,0.05319203374409831,-0.050876445481848
-10,3.5500000000000007,0.051311485671707846,-0.04908749848916916
-10,3.6000000000000014,0.04944901399549684,-0.047314230920206146
-10,3.6500000000000004,0.047608806324631825,-0.04556079934976465
-10,3.700000000000001,0.04579467835364026,-0.04383099606565821
-10,3.75,0.044010079573828076,-0.04212825413453958
-10,3.8000000000000007,0.04225810124612872,-0.040455654843413846
-10,3.8500000000000014,0.040541486342154265,-0.03881593720073662
-10,3.9000000000000004,0.03886264117359639,-0.037211509196488635
-10,3.950000000000001,0.03722364844403492,-0.035644460537007205
-10,4.0,0.03562628147170521,-0.034116576587478686
-10,4.050000000000001,0.03407201934684956,-0.03262935327276395
-10,4.100000000000001,0.032562062802902414,-0.031184012705370634
-10,4.15,0.03109735059672003,-0.029781519327817918
-10,4.200000000000001,0.029678576209487773,-0.028422596375159426
-10,4.25,0.02830620469632006,-0.027107742481776942
-10,4.300000000000001,0.026980489529173646,-0.025837248274750646
-10,4.350000000000001,0.02570148929395888,-0.024611212813807626
-10,4.4,0.024469084118907247,-0.023429559755002494
-10,4.450000000000001,0.02328299172679582,-0.022292053131804934
-10,4.5,0.022142783018763268,-0.021198312662947583
-10,4.550000000000001,0.02104789711183308,-0.020147828511207333
-10,4.600000000000001,0.019997655765912725,-0.01913997543123358
-10,4.65,0.018991277148765917,-0.018174026257362197
-10,4.700000000000001,0.018027888899419864,-0.01724916469431559
-10,4.75,0.017106540461326425,-0.01636449738445256
-10,4.800000000000001,0.016226214666592575,-0.015519065235090501
-10,4.850000000000001,0.01538583856159903,-0.014711853998157665
-10,4.9,0.014584293472308829,-0.013941804102227007
-10,4.950000000000001,0.013820424314689106,-0.013207819743786153
-10,5.0,0.013093048161793241,-0.012508777250457292
-10,5.050000000000001,0.012400962084354816,-0.011843532733950113
-10,5.100000000000001,0.011742950286243392,-0.011210929054664032
-10,5.15,0.011117790559785234,-0.010609802123366041
-10,5.200000000000001,0.01052426008897811,-0.010038986568083885
-10,5.25,0.00996114063101583,-0.009497320796521436
-10,5.300000000000001,0.009427223108262162,-0.008983651485879207
-10,5.350000000000001,0.008921311644118468,-0.008496837533042534
-10,5.4,0.008442227077079423,-0.008035753498771836
-10,5.450000000000001,0.007988809987650392,-0.007599292579830941
-10,5.5,0.007559923272996372,-0.00718636914296944
-10,5.550000000000001,0.007154454304014735,-0.006795920854427262
-10,5.600000000000001,0.006771316699184737,-0.006426910438162015
-10,5.65,0.0064094517490644876,-0.0060783270954036794
-10,5.700000000000001,0.006067829524661228,-0.005749187617396512
-10,5.75,0.005745449702248884,-0.005438537222419271
-10,5.800000000000001,0.005441342136416338,-0.005145450147310271
-10,5.850000000000001,0.0051545672124184705,-0.00486903002286132
-10,5.9,0.004884216008082198,-0.00460841006156576
-10,5.950000000000001,0.004629410294727521,-0.004362753085309645
-10,6.0,0.004389302405768625,-0.004131251419666526
-9,-6.0,0.0071761803227454735,-0.006277683035996073
-9,-5.95,0.007679121650340459,-0.006714925665252114
-9,-5.9,0.008212535261410192,-0.007178666080978058
-9,-5.85,0.008778004214692992,-0.007670284261539262
-9,-5.8,0.009377176327714842,-0.008191216470406548
-9,-5.75,0.01001176403149362,-0.008742955137948538
-9,-5.7,0.010683543831846443,-0.009327048403460658
-9,-5.65,0.011394355336232564,-0.009945099281364556
-9,-5.6,0.012146099800954602,-0.010598764411964279
-9,-5.55,0.012940738149321174,-0.0112897523535751
-9,-5.5,0.013780288407125418,-0.01201982136914026
-9,-5.45,0.014666822497580778,-0.012790776656876446
-9,-5.4,0.015602462333640599,-0.013604466970876583
-9,-5.35,0.016589375141656593,-0.01446278057415551
-9,-5.3,0.01762976794641169,-0.015367640463326726
-9,-5.25,0.01872588114401541,-0.016320998801007125
-9,-5.2,0.0198799810858743,-0.017324830489283016
-9,-5.15,0.021094351594086458,-0.018381125815117638
-9,-5.1,0.022371284326307528,-0.01949188209663255
-9,-5.05,0.023713067906415475,-0.02065909425774315
-9,-5.0,0.025121975736356106,-0.021884744257876232
-9,-4.95,0.02660025240449304,-0.02317078930347849
-9,-4.9,0.028150098606781082,-0.024519148768952892
-9,-4.85,0.029773654499301472,-0.02593168975665261
-9,-4.8,0.03147298140436483,-0.02741021122877152
-9,-4.75,0.033250041797666,-0.028956426648639955
-9,-4.7,0.035106677511158146,-0.03057194507520533
-9,-4.65,0.03704458609567274,-0.03225825066263255
-9,-4.6,0.039065295299006486,-0.034016680527193977
-9,-4.55,0.04117013562977179,-0.03584840095623809
-9,-4.5,0.04336021099479814,-0.037754381949257176
-9,-4.45,0.04563636741886401,-0.03973537009928929
-9,-4.4,0.04799915988029824,-0.04179185984428235
-9,-4.35,0.05044881732480344,-0.043924063143078396
-9,-4.3,0.05298520595332579,-0.04613187765949833
-9,-4.25,0.05560779091801149,-0.04841485357112285
-9,-4.2,0.05831559660386465,-0.05077215915685773
-9,-4.15,0.06110716572280217,-0.05320254535975222
-9,-4.1,0.0639805175017516,-0.05570430956881811
-9,-4.05,0.06693310530744512,-0.05827525891610197
-9,-4.0,0.06996177411769278,-0.06091267344297968
-9,-3.9499999999999997,0.07306271832219746,-0.06361326955260216
-9,-3.9,0.0762314404151263,-0.06637316423336115
-9,-3.85,0.079462711226292,-0.06918784061086525
-9,-3.8,0.08275053242720087,-0.07205211546258283
-9,-3.75,0.08608810214131135,-0.07496010940908526
-9,-3.6999999999999997,0.08946778458327853,-0.07790522057756855
-9,-3.65,0.09288108474769885,-0.0808801026153323
-9,-3.5999999999999996,0.09631862926160761,-0.08387664801118877
-9,-3.55,0.09977015460367333,-0.08688597775867413
-9,-3.5,0.1032245039729327,-0.08989843846348
-9,-3.4499999999999997,0.10666963415687758,-0.09290360805487774
-9,-3.4,0.11009263379746037,-0.09589031130295211
-9,-3.3499999999999996,0.11347975447865855,-0.09884664636522311
-9,-3.3,0.11681645605410274,-0.10176002358241965
-9,-3.25,0.12008746759120426,-0.10461721770792742
-9,-3.1999999999999997,0.12327686522194159,-0.10740443468264083
-9,-3.15,0.12636816805272133,-0.11010739395048041
-9,-3.0999999999999996,0.12934445308942255,-0.11271142714354765
-9,-3.05,0.132188489872461,-0.11520159374442862
-9,-3.0,0.13488289518512286,-0.11756281405191871
-9,-2.9499999999999997,0.13741030779305508,-0.11978001943235528
-9,-2.9,0.13975358269240878,-0.12183831943079149
-9,-2.8499999999999996,0.14189600379077216,-0.12372318484591327
-9,-2.8,0.14382151332441073,-0.1254206453446951
-9,-2.75,0.1455149556378248,-0.12691749961580934
-9,-2.6999999999999997,0.14696233223263655,-0.12820153544767843
-9,-2.65,0.14815106425327818,-0.12926175648515592
-9,-2.5999999999999996,0.1490702578434464,-0.13008861179051623
-9,-2.55,0.14971096711188248,-0.1306742237364924
-9,-2.5,0.15006644882550502,-0.13101260922250457
-9,-2.4499999999999997,0.15013240244272452,-0.13109988876398315
-9,-2.4,0.1499071887520772,-0.13093447769451116
-9,-2.3499999999999996,0.14939202023293852,-0.13051725357676536
-9,-2.3,0.14859111634428734,-0.12985169397377128
-9,-2.25,0.14751181730606755,-0.12894397901415844
-9,-2.1999999999999997,0.1461646505871007,-0.12780305371312162
-9,-2.15,0.14456334526178694,-0.12644064579264747
-9,-2.0999999999999996,0.1427247906362774,-0.12487123577465176
-9,-2.05,0.1406689370458698,-0.12311197737749513
-9,-2.0,0.1384186384413233,-0.12118256769177371
-9,-1.9500000000000002,0.13599943824479688,-0.11910506819003563
-9,-1.8999999999999995,0.13343930187995512,-0.1169036792661029
-9,-1.8499999999999996,0.13076830126357075,-0.1146044726182307
-9,-1.7999999999999998,0.1280182582745727,-0.11223508729110909
-9,-1.75,0.12522235567138107,-0.10982439647289355
-9,-1.7000000000000002,0.12241472498914174,-0.10740215310081314
-9,-1.6499999999999995,0.1196300214994524,-0.1049986228606592
-9,-1.5999999999999996,0.1169029962511951,-0.10264421317681394
-9,-1.5499999999999998,0.11426807444373172,-0.10036910619845196
-9,-1.5,0.11175894784900586,-0.09820290253173858
-9,-1.4500000000000002,0.10940818666774393,-0.09617428051414523
-9,-1.3999999999999995,0.10724687309658876,-0.09431067318467967
-9,-1.3499999999999996,0.10530425508569627,-0.09263796184248019
-9,-1.2999999999999998,0.10360741446062963,-0.09118018135775041
-9,-1.25,0.10218093906902692,-0.08995922846255766
-9,-1.1999999999999993,0.10104658433813499,-0.08899456049393106
-9,-1.1499999999999995,0.10022290620317631,-0.08830286902234086
-9,-1.0999999999999996,0.09972484555679414,-0.0878977111505248
-9,-1.0499999999999998,0.09956324506615491,-0.08778908179380118
-9,-1.0,0.09974428333385592,-0.0879829137690209
-9,-0.9499999999999993,0.10026881976666335,-0.08848049974916239
-9,-0.8999999999999995,0.10113165669062421,-0.08927784154478269
-9,-0.8499999999999996,0.1023207432100868,-0.09036494774414672
-9,-0.7999999999999998,0.10381636728019292,-0.09172511979663667
-9,-0.75,0.10559040671531959,-0.09333428763616602
-9,-0.6999999999999993,0.10760573361391124,-0.09516047648753201
-9,-0.6499999999999995,0.10981588620541635,-0.09716350333577928
-9,-0.5999999999999996,0.11216513300013506,-0.09929501086725956
-9,-0.5499999999999998,0.11458905173860465,-0.10149894459342312
-9,-0.5,0.11701572586938469,-0.10371256189949596
-9,-0.4499999999999993,0.11936762133252826,-0.10586802765900305
-9,-0.39999999999999947,0.1215641457931041,-0.10789459954595038
-9,-0.34999999999999964,0.12352481402747767,-0.10972133981544652
-9,-0.2999999999999998,0.1251728541512978,-0.11128021526100978
-9,-0.25,0.12643900192672436,-0.11250937341558348
-9,-0.1999999999999993,0.12726516095251517,-0.11335632442195415
-9,-0.14999999999999947,0.12760757347711893,-0.1137807294015068
-9,-0.09999999999999964,0.12743916553493118,-0.11375651038858481
-9,-0.04999999999999982,0.12675080800339933,-0.11327305964617179
-9,0.0,0.12555136486200658,-0.11233543171863763
-9,0.05000000000000071,0.12386655860867879,-0.11096353153305609
-9,0.10000000000000053,0.12173683649111045,-0.10919043879261021
-9,0.15000000000000036,0.11921453496171319,-0.10706010446481654
-9,0.20000000000000018,0.11636068963187218,-0.10462469978512937
-9,0.25,0.11324181944912293,-0.10194188781543771
-9,0.3000000000000007,0.10992694218398569,-0.09907223409161231
-9,0.35000000000000053,0.10648498132146567,-0.09607689812834469
-9,0.40000000000000036,0.1029826308892543,-0.09301567432773863
-9,0.4500000000000002,0.09948267479223438,-0.08994539518946895
-9,0.5,0.09604271818446453,-0.08691867751710583
-9,0.5500000000000007,0.09271427633275353,-0.08398298052305503
-9,0.6000000000000005,0.0895421711154154,-0.08117994544665375
-9,0.6500000000000004,0.08656419582349328,-0.07854499111113988
-9,0.7000000000000002,0.08381101739495844,-0.07610714283619341
-9,0.75,0.08130628812499352,-0.07388907090516672
-9,0.8000000000000007,0.07906693659024655,-0.07190730998217765
-9,0.8500000000000005,0.07710360257265769,-0.07017262479830866
-9,0.9000000000000004,0.07542117627897382,-0.0686904826911734
-9,0.9500000000000002,0.07401940052459688,-0.06746159209038582
-9,1.0,0.07289349687771618,-0.06648246852554363
-9,1.0500000000000007,0.07203478282030829,-0.06574599578882423
-9,1.1000000000000005,0.07143125561424624,-0.06524195831830037
-9,1.1500000000000004,0.07106812817838093,-0.0649575301611578
-9,1.2000000000000002,0.07092831135243749,-0.06487771459763425
-9,1.25,0.07099284428680686,-0.06498573559266207
-9,1.3000000000000007,0.07124127971243799,-0.0652633871128887
-9,1.3500000000000005,0.07165203337961468,-0.06569134888963968
-9,1.4000000000000004,0.07220270727812395,-0.06624947767690548
-9,1.4500000000000002,0.07287039488690894,-0.0669170819294913
-9,1.5,0.07363197427691093,-0.0676731856861863
-9,1.5500000000000007,0.0744643920204151,-0.06849678484841637
-9,1.6000000000000005,0.0753449380617659,-0.06936709647162509
-9,1.6500000000000004,0.07625150935712677,-0.07026379948470107
-9,1.7000000000000002,0.07716285842348736,-0.07116726363680281
-9,1.75,0.07805882203863845,-0.07205876253080867
-9,1.8000000000000007,0.07892052517938541,-0.07292066632559036
-9,1.8500000000000005,0.07973055576769772,-0.07373660998869358
-9,1.9000000000000004,0.08047310675685937,-0.074491633724731
-9,1.9500000000000002,0.08113408335518502,-0.07517229324152752
-9,2.0,0.08170117458085757,-0.07576673869649331
-9,2.0500000000000007,0.08216388971694633,-0.076264762357656
-9,2.0999999999999996,0.0825135614724486,-0.0766578161121032
-9,2.1500000000000004,0.08274331867207385,-0.07693900088501748
-9,2.200000000000001,0.08284803205028402,-0.0771030307519065
-9,2.25,0.08282423720214327,-0.07714617501950372
-9,2.3000000000000007,0.08267003895922809,-0.07706618182411118
-9,2.3499999999999996,0.08238500144623417,-0.07686218687302104
-9,2.4000000000000004,0.08197002787694663,-0.07653461086829982
-9,2.450000000000001,0.08142723381511408,-0.07608504894039858
-9,2.5,0.08075981720391079,-0.07551615511960397
-9,2.5500000000000007,0.0799719279993143,-0.07483152452089392
-9,2.5999999999999996,0.07906853976331973,-0.07403557554185358
-9,2.6500000000000004,0.07805532510953439,-0.07313343399736016
-9,2.700000000000001,0.0769385364654398,-0.07213082075586419
-9,2.75,0.07572489323428266,-0.07103394411186592
-9,2.8000000000000007,0.07442147611066385,-0.06984939783405641
-9,2.8499999999999996,0.07303562902846039,-0.06858406557129504
-9,2.9000000000000004,0.07157486899495868,-0.06724503207895838
-9,2.950000000000001,0.07004680388641571,-0.06583950154401341
-9,3.0,0.06845905814160824,-0.06437472313515613
-9,3.0500000000000007,0.06681920618500836,-0.06285792378067478
-9,3.0999999999999996,0.06513471333387022,-0.06129624807729339
-9,3.1500000000000004,0.06341288388799837,-0.0596967051543742
-9,3.200000000000001,0.06166081606256757,-0.05806612225613117
-9,3.25,0.0598853633988119,-0.05641110475682343
-9,3.3000000000000007,0.058093102271581376,-0.05473800228792891
-9,3.3499999999999996,0.056290305104078175,-0.05305288062985758
-9,3.4000000000000004,0.05448291889663093,-0.05136149900228748
-9,3.450000000000001,0.05267654867684035,-0.049669292375291274
-9,3.5,0.050876445481848,-0.04798135841711337
-9,3.5500000000000007,0.04908749848916916,-0.04630244869281652
-9,3.6000000000000014,0.047314230920206146,-0.04463696373043469
-9,3.6500000000000004,0.04556079934976465,-0.04298895157713423
-9,3.700000000000001,0.04383099606565821,-0.041362109476743125
-9,3.75,0.04212825413453958,-0.03975978831141269
-9,3.8000000000000007,0.040455654843413846,-0.03818499946375731
-9,3.8500000000000014,0.03881593720073662,-0.036640423771213904
-9,3.9000000000000004,0.037211509196488635,-0.0351284222612418
-9,3.950000000000001,0.035644460537007205,-0.033651048374054415
-9,4.0,0.034116576587478686,-0.03221006139848992
-9,4.050000000000001,0.03262935327276395,-0.03080694086619129
-9,4.100000000000001,0.03118401270537019,-0.02944290166913266
-9,4.15,0.029781519327818362,-0.028118909685539872
-9,4.200000000000001,0.02842259637515898,-0.02683569771911154
-9,4.25,0.027107742481777386,-0.025593781576056518
-9,4.300000000000001,0.025837248274750646,-0.024393476123518276
-9,4.350000000000001,0.024611212813807626,-0.023234911191469365
-9,4.4,0.023429559755001605,-0.022118047197828172
-9,4.450000000000001,0.022292053131805822,-0.021042690393414887
-9,4.5,0.02119831266294714,-0.02000850763925177
-9,4.550000000000001,0.020147828511207777,-0.01901504064358628
-9,4.600000000000001,0.019139975431232692,-0.01806171959986269
-9,4.65,0.018174026257361753,-0.01714787617955693
-9,4.700000000000001,0.01724916469431559,-0.01627275584548249
-9,4.75,0.016364497384452115,-0.015435529461676367
-9,4.800000000000001,0.015519065235090501,-0.014635304185478315
-9,4.850000000000001,0.014711853998156776,-0.01387113363580994
-9,4.9,0.01394180410222745,-0.013142027339107631
-9,4.950000000000001,0.013207819743785265,-0.012446959460771456
-9,5.0,0.012508777250457292,-0.011784876835588154
-9,5.050000000000001,0.011843532733950113,-0.011154706315215535
-9,5.100000000000001,0.011210929054663588,-0.010555361454762657
-9,5.15,0.010609802123367373,-0.009985748563655417
-9,5.200000000000001,0.010038986568082997,-0.009444772148469394
-9,5.25,0.009497320796521436,-0.008931339777368041
-9,5.300000000000001,0.008983651485880095,-0.008444366397144076
-9,5.350000000000001,0.008496837533042978,-0.00798277813478565
-9,5.4,0.008035753498771392,-0.007545515616018239
-9,5.450000000000001,0.007599292579831385,-0.007131536833439256
-9,5.5,0.00718636914296944,-0.006739819596734087
-9,5.550000000000001,0.006795920854426818,-0.006369363597146904
-9,5.600000000000001,0.006426910438162459,-0.006019192117772132
-9,5.65,0.0060783270954036794,-0.005688353420626235
-9,5.700000000000001,0.005749187617396068,-0.00537592184059843
-9,5.75,0.005438537222420159,-0.00508099861555289
-9,5.800000000000001,0.005145450147310271,-0.004802712480931337
-9,5.850000000000001,0.0048690300228617645,-0.00454022005627186
-9,5.9,0.004608410061566204,-0.004292706050106343
-9,5.950000000000001,0.004362753085309201,-0.004059383308751219
-9,6.0,0.004131251419666526,-0.0038394927335310136
-8,-6.0,0.006277683035996073,-0.005412893449280531
-8,-5.95,0.006714925665252114,-0.005787442247303876
-8,-5.9,0.007178666080978058,-0.0061846949654884575
-8,-5.85,0.007670284261539262,-0.006605837085417843
-8,-5.8,0.008191216470406548,-0.007052102290372453
-8,-5.75,0.008742955137948538,-0.007524772371440669
-8,-5.7,0.009327048403460658,-0.008025176844607795
-8,-5.65,0.009945099281364556,-0.008554692247611406
-8,-5.6,0.010598764411964279,-0.009114741082340672
-8,-5.55,0.0112897523535751,-0.009706790365521467
-8,-5.5,0.01201982136914026,-0.010332349747363079
-8,-5.45,0.012790776656876446,-0.01099296915474568
-8,-5.4,0.013604466970876583,-0.01169023591255769
-8,-5.35,0.01446278057415551,-0.012425771293835375
-8,-5.3,0.015367640463326726,-0.013201226446594383
-8,-5.25,0.016320998801007125,-0.014018277642657395
-8,-5.2,0.017324830489283016,-0.014878620791412445
-8,-5.15,0.018381125815117638,-0.015783965159441582
-8,-5.1,0.01949188209663255,-0.016736026235278256
-8,-5.05,0.02065909425774315,-0.0177365176774007
-8,-5.0,0.021884744257876232,-0.01878714228293088
-8,-4.95,0.02317078930347849,-0.01988958191457435
-8,-4.9,0.024519148768952892,-0.02104548632416403
-8,-4.85,0.02593168975665261,-0.022256460812910106
-8,-4.8,0.02741021122877152,-0.02352405267128832
-8,-4.75,0.028956426648639955,-0.024849736345517126
-8,-4.7,0.03057194507520533,-0.026234897282980896
-8,-4.65,0.03225825066263255,-0.02768081441599346
-8,-4.6,0.034016680527193977,-0.02918864125207321
-8,-4.55,0.03584840095623809,-0.030759385549698592
-8,-4.5,0.037754381949257176,-0.032393887571597
-8,-4.45,0.03973537009928929,-0.03409279692311307
-8,-4.4,0.04179185984428235,-0.03585654800153648
-8,-4.35,0.043924063143078396,-0.03768533410354058
-8,-4.3,0.04613187765949811,-0.03957908026248225
-8,-4.25,0.04841485357112285,-0.04153741491540952
-8,-4.2,0.05077215915685751,-0.04355964053157013
-8,-4.15,0.053202545359751996,-0.04564470337007842
-8,-4.1,0.05570430956881811,-0.04779116257459037
-8,-4.05,0.058275258916101746,-0.04999715885724543
-8,-4.0,0.06091267344297924,-0.05226038307302794
-8,-3.9499999999999997,0.06361326955260216,-0.05457804503893149
-8,-3.9,0.06637316423336115,-0.05694684300973574
-8,-3.85,0.06918784061086525,-0.059362934283543556
-8,-3.8,0.07205211546258261,-0.0618219074749069
-8,-3.75,0.07496010940908548,-0.06431875706069867
-8,-3.6999999999999997,0.07790522057756855,-0.06684786087279182
-8,-3.65,0.0808801026153323,-0.06940296128072987
-8,-3.5999999999999996,0.0838766480111881,-0.07197715087524914
-8,-3.55,0.08688597775867368,-0.07456286352748798
-8,-3.5,0.08989843846348,-0.07715187175651161
-8,-3.4499999999999997,0.09290360805487796,-0.0797352913862368
-8,-3.4,0.09589031130295211,-0.0823035945084527
-8,-3.3499999999999996,0.09884664636522267,-0.08484663178729823
-8,-3.3,0.10176002358241987,-0.08735366513784992
-8,-3.25,0.10461721770792742,-0.08981341178250002
-8,-3.1999999999999997,0.1074044346826406,-0.09221410062849866
-8,-3.15,0.11010739395048064,-0.0945435418131626
-8,-3.0999999999999996,0.11271142714354765,-0.09678921012485553
-8,-3.05,0.11520159374442862,-0.09893834282326885
-8,-3.0,0.11756281405191893,-0.10097805214797884
-8,-2.9499999999999997,0.1197800194323555,-0.10289545251711685
-8,-2.9,0.12183831943079104,-0.1046778020772634
-8,-2.8499999999999996,0.12372318484591327,-0.10631265787259325
-8,-2.8,0.12542064534469466,-0.1077880434595957
-8,-2.75,0.1269174996158089,-0.10909262731043823
-8,-2.6999999999999997,0.12820153544767843,-0.11021590983357443
-8,-2.65,0.12926175648515548,-0.11114841630903038
-8,-2.5999999999999996,0.130088611790516,-0.11188189250600056
-8,-2.55,0.13067422373649262,-0.11240949924426724
-8,-2.5,0.13101260922250457,-0.11272600170387603
-8,-2.4499999999999997,0.13109988876398326,-0.11282794890768821
-8,-2.4,0.13093447769451128,-0.11271383852855155
-8,-2.3499999999999996,0.13051725357676536,-0.11238426203631291
-8,-2.3,0.12985169397377105,-0.11184202522744369
-8,-2.25,0.12894397901415866,-0.11109223939498714
-8,-2.1999999999999997,0.1278030537131215,-0.1101423788155651
-8,-2.15,0.12644064579264747,-0.10900230086140139
-8,-2.0999999999999996,0.12487123577465198,-0.1076842258853199
-8,-2.05,0.12311197737749513,-0.10620267505962522
-8,-2.0,0.12118256769177382,-0.10457436554584554
-8,-1.9500000000000002,0.11910506819003563,-0.10281806368755775
-8,-1.8999999999999995,0.1169036792661029,-0.10095439829567976
-8,-1.8499999999999996,0.11460447261823048,-0.09900563746546487
-8,-1.7999999999999998,0.11223508729110909,-0.09699543364818264
-8,-1.75,0.10982439647289355,-0.09494854281277587
-8,-1.7000000000000002,0.1074021531008133,-0.09289052438479839
-8,-1.6499999999999995,0.10499862286065914,-0.090847429153331
-8,-1.5999999999999996,0.10264421317681383,-0.08884548240711232
-8,-1.5499999999999998,0.10036910619845202,-0.08691076912391038
-8,-1.5,0.09820290253173874,-0.08506892703261304
-8,-1.4500000000000002,0.09617428051414534,-0.08334485176033457
-8,-1.3999999999999995,0.09431067318467984,-0.08176241606780921
-8,-1.3499999999999996,0.0926379618424803,-0.08034420241888851
-8,-1.2999999999999998,0.09118018135775063,-0.07911124494950128
-8,-1.25,0.08995922846255774,-0.07808277351788462
-8,-1.1999999999999993,0.08899456049393079,-0.07727594926580417
-8,-1.1499999999999995,0.08830286902234083,-0.07670557846170611
-8,-1.0999999999999996,0.08789771115052508,-0.07638378991705186
-8,-1.0499999999999998,0.0877890817938009,-0.07631966164593962
-8,-1.0,0.0879829137690209,-0.07651878538266699
-8,-0.9499999999999993,0.08848049974916261,-0.07698276370851098
-8,-0.8999999999999995,0.08927784154478272,-0.07770864426327684
-8,-0.8499999999999996,0.0903649477441468,-0.07868830881662858
-8,-0.7999999999999998,0.0917251197966366,-0.0799078512506074
-8,-0.75,0.09333428763616591,-0.08134699643808607
-8,-0.6999999999999993,0.09516047648753206,-0.0829786295037982
-8,-0.6499999999999995,0.09716350333577928,-0.08476851925265805
-8,-0.5999999999999996,0.09929501086725964,-0.08667532742683504
-8,-0.5499999999999998,0.10149894459342307,-0.08865099363354612
-8,-0.5,0.10371256189949599,-0.09064157144641438
-8,-0.4499999999999993,0.1058680276590031,-0.0925885625449645
-8,-0.39999999999999947,0.10789459954595043,-0.09443075272577672
-8,-0.34999999999999964,0.10972133981544657,-0.09610649843779939
-8,-0.2999999999999998,0.11128021526100962,-0.09755635030393928
-8,-0.25,0.11250937341558348,-0.0987258391754125
-8,-0.1999999999999993,0.11335632442195409,-0.09956820159604957
-8,-0.14999999999999947,0.11378072940150685,-0.10004679719137899
-8,-0.09999999999999964,0.11375651038858481,-0.10013698065600768
-8,-0.04999999999999982,0.11327305964617174,-0.09982724024903344
-8,0.0,0.11233543171863769,-0.09911949857526842
-8,0.05000000000000071,0.11096353153305616,-0.09802857549734423
-8,0.10000000000000053,0.10919043879261014,-0.09658091568034087
-8,0.15000000000000036,0.10706010446481651,-0.09481276210243585
-8,0.20000000000000018,0.10462469978512923,-0.09276799623372985
-8,0.25,0.10194188781543767,-0.09049586191078277
-8,0.3000000000000007,0.09907223409161237,-0.08804875206602136
-8,0.35000000000000053,0.09607689812834463,-0.08548018210083991
-8,0.40000000000000036,0.0930156743277386,-0.08284301833924308
-8,0.4500000000000002,0.08994539518946909,-0.08018798702721669
-8,0.5,0.08691867751710602,-0.07756246333294006
-8,0.5500000000000007,0.08398298052305497,-0.0750095285280522
-8,0.6000000000000005,0.08117994544665352,-0.07256728108544158
-8,0.6500000000000004,0.07854499111114,-0.07026838761227067
-8,0.7000000000000002,0.07610714283619346,-0.06813985813478318
-8,0.75,0.07388907090516672,-0.06620302580426651
-8,0.8000000000000007,0.07190730998217787,-0.06447370443658168
-8,0.8500000000000005,0.07017262479830855,-0.06296249048553826
-8,0.9000000000000004,0.06869048269117362,-0.06167517123903732
-8,0.9500000000000002,0.06746159209038605,-0.06061319967932566
-8,1.0,0.06648246852554363,-0.05977419899488989
-8,1.0500000000000007,0.06574599578882401,-0.05915246563284704
-8,1.1000000000000005,0.0652419583183006,-0.05873944784955898
-8,1.1500000000000004,0.0649575301611578,-0.05852418552373395
-8,1.2000000000000002,0.0648777145976338,-0.0584937052267529
-8,1.25,0.06498573559266196,-0.05863337123672141
-8,1.3000000000000007,0.06526338711288893,-0.05892719781871014
-8,1.3500000000000005,0.06569134888963957,-0.05935813058004036
-8,1.4000000000000004,0.06624947767690559,-0.05990830528064839
-8,1.4500000000000002,0.06691708192949086,-0.0605592915722859
-8,1.5,0.06767318568618652,-0.061292327277321146
-8,1.5500000000000007,0.06849678484841659,-0.0620885465056793
-8,1.6000000000000005,0.06936709647162553,-0.06292920257680445
-8,1.6500000000000004,0.0702637994847013,-0.06379588468081043
-8,1.7000000000000002,0.07116726363680259,-0.06467072567780408
-8,1.75,0.07205876253080801,-0.0655365974846085
-8,1.8000000000000007,0.07292066632559058,-0.06637729013125782
-8,1.8500000000000005,0.07373660998869402,-0.06717767071711567
-8,1.9000000000000004,0.07449163372473055,-0.06792381904917333
-8,1.9500000000000002,0.0751722932415273,-0.068603137575586
-8,2.0,0.07576673869649309,-0.06920443420850764
-8,2.0500000000000007,0.07626476235765578,-0.06971797764786114
-8,2.0999999999999996,0.0766578161121032,-0.0701355257794638
-8,2.1500000000000004,0.07693900088501726,-0.07045032856006728
-8,2.200000000000001,0.0771030307519065,-0.07065710747710696
-8,2.25,0.07714617501950372,-0.07075201416412691
-8,2.3000000000000007,0.07706618182411118,-0.07073257106480524
-8,2.3499999999999996,0.07686218687302127,-0.07059759718408753
-8,2.4000000000000004,0.0765346108682996,-0.07034712196804604
-8,2.450000000000001,0.07608504894039836,-0.06998229024323699
-8,2.5,0.07551615511960375,-0.06950526095092613
-8,2.5500000000000007,0.07483152452089392,-0.0689191021593083
-8,2.5999999999999996,0.07403557554185403,-0.06822768455197314
-8,2.6500000000000004,0.07313343399736061,-0.06743557529318989
-8,2.700000000000001,0.07213082075586419,-0.06654793387543334
-8,2.75,0.07103394411186637,-0.06557041127280483
-8,2.8000000000000007,0.06984939783405641,-0.06450905346283164
-8,2.8499999999999996,0.06858406557129504,-0.06337021014259081
-8,2.9000000000000004,0.06724503207895882,-0.062160449254868855
-8,2.950000000000001,0.06583950154401341,-0.06088647775614975
-8,3.0,0.06437472313515613,-0.059555068899439956
-8,3.0500000000000007,0.06285792378067523,-0.058172996169469915
-8,3.0999999999999996,0.06129624807729295,-0.05674697389353334
-8,3.1500000000000004,0.05969670515437375,-0.055283604455826474
-8,3.200000000000001,0.05806612225613117,-0.05378933196453506
-8,3.25,0.05641110475682343,-0.05227040215698597
-8,3.3000000000000007,0.05473800228792891,-0.0507328282771633
-8,3.3499999999999996,0.05305288062985758,-0.04918236262012465
-8,3.4000000000000004,0.05136149900228748,-0.04762447340793541
-8,3.450000000000001,0.049669292375291274,-0.046064326640382625
-8,3.5,0.04798135841711337,-0.04450677254989399
-8,3.5500000000000007,0.04630244869281652,-0.04295633628264994
-8,3.6000000000000014,0.04463696373043469,-0.0414172124261829
-8,3.6500000000000004,0.04298895157713423,-0.03989326300674101
-8,3.700000000000001,0.041362109476743125,-0.038388018586895445
-8,3.75,0.03975978831141269,-0.03690468210444653
-8,3.8000000000000007,0.03818499946375731,-0.035446135107158216
-8,3.8500000000000014,0.036640423771213904,-0.034014946053584794
-8,3.9000000000000004,0.0351284222612418,-0.032613380367854994
-8,3.950000000000001,0.033651048374054415,-0.031243411955177436
-8,4.0,0.03221006139848992,-0.029906735904739357
-8,4.050000000000001,0.03080694086619129,-0.028604782127130246
-8,4.100000000000001,0.02944290166913266,-0.027338729694189823
-8,4.15,0.028118909685539872,-0.02610952166988545
-8,4.200000000000001,0.02683569771911154,-0.024917880241344115
-8,4.25,0.025593781576056074,-0.023764321979159675
-8,4.300000000000001,0.024393476123517388,-0.022649173075473428
-8,4.350000000000001,0.02323491119146892,-0.021572584426941877
-8,4.4,0.022118047197828616,-0.020534546447384727
-8,4.450000000000001,0.021042690393415775,-0.019534903511626123
-8,4.5,0.020008507639251327,-0.01857336794767539
-8,4.550000000000001,0.019015040643585834,-0.017649533508969917
-8,4.600000000000001,0.01806171959986269,-0.016762888271800946
-8,4.65,0.01714787617955782,-0.015912826915349676
-8,4.700000000000001,0.016272755845482045,-0.015098662352920122
-8,4.75,0.015435529461675479,-0.014319636692996962
-8,4.800000000000001,0.014635304185477871,-0.013574931517755129
-8,4.850000000000001,0.01387113363580994,-0.012863677474557189
-8,4.9,0.0131420273391063,-0.012184963182948039
-8,4.950000000000001,0.0124469594607719,-0.011537843465646347
-8,5.0,0.011784876835588598,-0.010921346917185382
-8,5.050000000000001,0.011154706315215535,-0.010334482828151081
-8,5.100000000000001,0.010555361454763101,-0.009776247486540601
-8,5.15,0.009985748563654973,-0.009245629880652917
-8,5.200000000000001,0.009444772148468061,-0.008741616830133303
-8,5.25,0.008931339777368485,-0.008263197573556091
-8,5.300000000000001,0.00844436639714452,-0.007809367842055437
-8,5.350000000000001,0.007982778134784319,-0.007379133449348707
-8,5.4,0.007545515616018683,-0.006971513428820408
-8,5.450000000000001,0.007131536833439256,-0.006585542748474005
-8,5.5,0.006739819596734975,-0.006220274634290757
-8,5.550000000000001,0.00636936359714646,-0.005874782532174105
-8,5.600000000000001,0.006019192117772576,-0.005548161738014645
-8,5.65,0.005688353420626235,-0.005239530724733044
-8,5.700000000000001,0.00537592184059843,-0.004948032194267871
-8,5.75,0.005080998615553334,-0.0046728338816492965
-8,5.800000000000001,0.004802712480932669,-0.004413129137279093
-8,5.850000000000001,0.004540220056272304,-0.004168137312651421
-8,5.9,0.004292706050105899,-0.003937103973703504
-8,5.950000000000001,0.004059383308750775,-0.003719300965051797
-8,6.0,0.0038394927335305695,-0.0035140263473607547
-7,-6.0,0.005412893449280531,-0.004581811562599292
-7,-5.95,0.005787442247303876,-0.004896671396495744
-7,-5.9,0.0061846949654884575,-0.005230621914941835
-7,-5.85,0.006605837085417843,-0.005584662686326514
-7,-5.8,0.007052102290372453,-0.005959833787612112
-7,-5.75,0.007524772371440669,-0.006357215731970456
-7,-5.7,0.008025176844607795,-0.00677792915528741
-7,-5.65,0.008554692247611406,-0.007223134234974893
-7,-5.6,0.009114741082340672,-0.007694029812082892
-7,-5.55,0.009706790365521467,-0.00819185218516072
-7,-5.5,0.010332349747363079,-0.008717873541793875
-7,-5.45,0.01099296915474568,-0.009273399991187592
-7,-5.4,0.01169023591255769,-0.009859769158683918
-7,-5.35,0.012425771293835375,-0.010478347300694857
-7,-5.3,0.013201226446594383,-0.011130525896215104
-7,-5.25,0.014018277642657395,-0.011817717668966221
-7,-5.2,0.014878620791412445,-0.012541351992263028
-7,-5.15,0.015783965159441582,-0.013302869627056957
-7,-5.1,0.016736026235278256,-0.014103716742245087
-7,-5.05,0.0177365176774007,-0.014945338165387678
-7,-5.0,0.01878714228293088,-0.015829169811518717
-7,-4.95,0.01988958191457435,-0.01675663023778151
-7,-4.9,0.02104548632416403,-0.0177291112724145
-7,-4.85,0.022256460812910106,-0.018747967668072185
-7,-4.8,0.02352405267128832,-0.01981450573191479
-7,-4.75,0.024849736345517126,-0.02092997088829751
-7,-4.7,0.026234897282980896,-0.02209553413448484
-7,-4.65,0.02768081441599346,-0.02331227735575725
-7,-4.6,0.02918864125207321,-0.024581177473642857
-7,-4.55,0.030759385549698592,-0.025903089410154845
-7,-4.5,0.032393887571597,-0.02727872786181651
-7,-4.45,0.03409279692311307,-0.028708647890336447
-7,-4.4,0.03585654800153648,-0.030193224352058845
-7,-4.35,0.03768533410354058,-0.03173263020619199
-7,-4.3,0.03957908026248225,-0.03332681376227553
-7,-4.25,0.04153741491540952,-0.03497547495087261
-7,-4.2,0.04355964053157013,-0.036678040728002514
-7,-4.15,0.04564470337007842,-0.03843363975378056
-7,-4.1,0.04779116257459037,-0.04024107651906794
-7,-4.05,0.049997158857245205,-0.04209880513087638
-7,-4.0,0.05226038307302794,-0.04400490300783888
-7,-3.9499999999999997,0.05457804503893127,-0.04595704478118501
-7,-3.9,0.05694684300973574,-0.047952476744250294
-7,-3.85,0.059362934283543334,-0.04998799224432782
-7,-3.8,0.06182190747490668,-0.05205990846417308
-7,-3.75,0.06431875706069867,-0.054164045096150915
-7,-3.6999999999999997,0.0668478608727916,-0.05629570546894769
-7,-3.65,0.06940296128072965,-0.0584496607438898
-7,-3.5999999999999996,0.07197715087524892,-0.060620137853789835
-7,-3.55,0.07456286352748798,-0.06280081191011666
-7,-3.5,0.07715187175651161,-0.06498480385202798
-7,-3.4499999999999997,0.0797352913862368,-0.06716468415095367
-7,-3.4,0.08230359450845248,-0.06933248341396236
-7,-3.3499999999999996,0.08484663178729868,-0.07147971074488657
-7,-3.3,0.08735366513784992,-0.07359738072039246
-7,-3.25,0.08981341178250046,-0.07567604981492204
-7,-3.1999999999999997,0.09221410062849866,-0.07770586305951577
-7,-3.15,0.09454354181316305,-0.07967661164076834
-7,-3.0999999999999996,0.09678921012485575,-0.08157780203334708
-7,-3.05,0.09893834282326885,-0.08339873710898082
-7,-3.0,0.10097805214797884,-0.08512860947330259
-7,-2.9499999999999997,0.10289545251711663,-0.08675660704733934
-7,-2.9,0.1046778020772634,-0.08827203063182631
-7,-2.8499999999999996,0.10631265787259303,-0.08966442287081167
-7,-2.8,0.10778804345959614,-0.09092370766911406
-7,-2.75,0.109092627310438,-0.09204033872171147
-7,-2.6999999999999997,0.11021590983357421,-0.09300545539032523
-7,-2.65,0.11114841630903038,-0.09381104372490201
-7,-2.5999999999999996,0.11188189250600056,-0.09445009998989962
-7,-2.55,0.11240949924426813,-0.09491679363520822
-7,-2.5,0.11272600170387603,-0.0952066262696194
-7,-2.4499999999999997,0.11282794890768799,-0.09531658287383893
-7,-2.4,0.11271383852855188,-0.09524527125419846
-7,-2.3499999999999996,0.11238426203631235,-0.09499304561157951
-7,-2.3,0.11184202522744369,-0.09456211010530491
-7,-2.25,0.11109223939498702,-0.09395659844855264
-7,-2.1999999999999997,0.1101423788155651,-0.09318262589443038
-7,-2.15,0.10900230086140139,-0.09224831046804871
-7,-2.0999999999999996,0.1076842258853199,-0.09116376096828138
-7,-2.05,0.10620267505962533,-0.08994103009226007
-7,-2.0,0.10457436554584576,-0.08859403200353899
-7,-1.9500000000000002,0.10281806368755775,-0.08713842473736344
-7,-1.8999999999999995,0.10095439829567987,-0.08559145896868592
-7,-1.8499999999999996,0.09900563746546476,-0.08397179580527303
-7,-1.7999999999999998,0.09699543364818286,-0.08229929734579344
-7,-1.75,0.09494854281277587,-0.08059479469102793
-7,-1.7000000000000002,0.0928905243847985,-0.07887983884109695
-7,-1.6499999999999995,0.09084742915333088,-0.07717644037746751
-7,-1.5999999999999996,0.08884548240711243,-0.07550680394209142
-7,-1.5499999999999998,0.0869107691239101,-0.07389306322010603
-7,-1.5,0.08506892703261304,-0.07235702135162847
-7,-1.4500000000000002,0.08334485176033452,-0.07091990040631169
-7,-1.3999999999999995,0.08176241606780904,-0.06960210174597692
-7,-1.3499999999999996,0.08034420241888879,-0.06842297681492182
-7,-1.2999999999999998,0.07911124494950122,-0.0674006052358811
-7,-1.25,0.07808277351788434,-0.06655157423500668
-7,-1.1999999999999993,0.07727594926580422,-0.0658907506537556
-7,-1.1499999999999995,0.07670557846170592,-0.06543103452127164
-7,-1.0999999999999996,0.07638378991705186,-0.06518308185637434
-7,-1.0499999999999998,0.07631966164593962,-0.06515498462257119
-7,-1.0,0.07651878538266707,-0.06535189817479448
-7,-0.9499999999999993,0.07698276370851118,-0.06577561164470924
-7,-0.8999999999999995,0.07770864426327685,-0.06642406484610675
-7,-0.8499999999999996,0.07868830881662861,-0.06729082642753226
-7,-0.7999999999999998,0.07990785125060729,-0.06836456164210525
-7,-0.75,0.08134699643808602,-0.06962853312107997
-7,-0.6999999999999993,0.08297862950379808,-0.07106019266270935
-7,-0.6499999999999995,0.08476851925265808,-0.07263093395605258
-7,-0.5999999999999996,0.08667532742683502,-0.07430608267886119
-7,-0.5499999999999998,0.08865099363354617,-0.07604519885897398
-7,-0.5,0.09064157144641441,-0.07780275451014007
-7,-0.4499999999999993,0.09258856254496445,-0.07952922599041246
-7,-0.39999999999999947,0.09443075272577672,-0.08117260533258286
-7,-0.34999999999999964,0.09610649843779945,-0.08268028989453613
-7,-0.2999999999999998,0.09755635030393922,-0.08400125928008606
-7,-0.25,0.09872583917541244,-0.08508839920621103
-7,-0.1999999999999993,0.09956820159604962,-0.0859007924748017
-7,-0.14999999999999947,0.10004679719137888,-0.08640577684673523
-7,-0.09999999999999964,0.10013698065600773,-0.08658057633719984
-7,-0.04999999999999982,0.09982724024903344,-0.08641334981198412
-7,0.0,0.09911949857526847,-0.08590356543189936
-7,0.05000000000000071,0.09802857549734423,-0.08506169050154311
-7,0.10000000000000053,0.096580915680341,-0.08390826715430225
-7,0.15000000000000036,0.09481276210243583,-0.0824725078745709
-7,0.20000000000000018,0.09276799623372978,-0.08079057897767386
-7,0.25,0.09049586191078263,-0.07890374173515805
-7,0.3000000000000007,0.08804875206602136,-0.076856496107213
-7,0.35000000000000053,0.08548018210083974,-0.07469483323895124
-7,0.40000000000000036,0.08284301833924301,-0.07246466292376762
-7,0.4500000000000002,0.08018798702721663,-0.07021045030547779
-7,0.5,0.07756246333293992,-0.06797407563196711
-7,0.5500000000000007,0.07500952852805232,-0.06579392034774467
-7,0.6000000000000005,0.07256728108544164,-0.06370417803177847
-7,0.6500000000000004,0.0702683876122705,-0.06173438532688569
-7,0.7000000000000002,0.06813985813478318,-0.05990916329072776
-7,0.75,0.06620302580426651,-0.05824815282229234
-7,0.8000000000000007,0.06447370443658151,-0.056766119953458705
-7,0.8500000000000005,0.06296249048553837,-0.05547319963434583
-7,0.9000000000000004,0.06167517123903732,-0.0543752419225656
-7,0.9500000000000002,0.06061319967932577,-0.053474223291416045
-7,1.0,0.05977419899488989,-0.05276868828575498
-7,1.0500000000000007,0.05915246563284704,-0.05225419235237738
-7,1.1000000000000005,0.05873944784955909,-0.051923724208021826
-7,1.1500000000000004,0.05852418552373395,-0.0517680942661094
-7,1.2000000000000002,0.0584937052267529,-0.051776283239793996
-7,1.25,0.0586333712367213,-0.05193575121898475
-7,1.3000000000000007,0.05892719781871025,-0.05223271182990197
-7,1.3500000000000005,0.0593581305800408,-0.05265237845081683
-7,1.4000000000000004,0.05990830528064839,-0.05317919008935301
-7,1.4500000000000002,0.0605592915722859,-0.05379702381529272
-7,1.5,0.061292327277321146,-0.054489399050314136
-7,1.5500000000000007,0.062088546505679965,-0.05523967699220478
-7,1.6000000000000005,0.06292920257680423,-0.05603125637730333
-7,1.6500000000000004,0.06379588468081065,-0.05684776494545507
-7,1.7000000000000002,0.06467072567780363,-0.05767324454649159
-7,1.75,0.06553659748460827,-0.05849232690003814
-7,1.8000000000000007,0.06637729013125782,-0.05929039659638824
-7,1.8500000000000005,0.06717767071711567,-0.06005373795296309
-7,1.9000000000000004,0.06792381904917377,-0.060769662730187024
-7,1.9500000000000002,0.06860313757558645,-0.06142661635736113
-7,2.0,0.06920443420850741,-0.06201426111690034
-7,2.0500000000000007,0.06971797764786114,-0.0625235355875613
-7,2.0999999999999996,0.07013552577946403,-0.06294669047453127
-7,2.1500000000000004,0.07045032856006728,-0.06327730169722412
-7,2.200000000000001,0.0706571074771074,-0.06351026222588518
-7,2.25,0.07075201416412691,-0.06364175463601285
-7,2.3000000000000007,0.07073257106480568,-0.06366920668131071
-7,2.3499999999999996,0.07059759718408776,-0.06359123237943387
-7,2.4000000000000004,0.07034712196804582,-0.06340756117618573
-7,2.450000000000001,0.06998229024323699,-0.06311895772362996
-7,2.5,0.06950526095092568,-0.06272713469787572
-7,2.5500000000000007,0.0689191021593083,-0.06223466091455809
-7,2.5999999999999996,0.06822768455197314,-0.061644866793677755
-7,2.6500000000000004,0.06743557529318966,-0.06096174899702178
-7,2.700000000000001,0.06654793387543334,-0.06018987582414814
-7,2.75,0.06557041127280483,-0.059334294717098945
-7,2.8000000000000007,0.06450905346283164,-0.05840044299698999
-7,2.8499999999999996,0.06337021014259081,-0.05739406274234771
-7,2.9000000000000004,0.062160449254868855,-0.05632112052268834
-7,2.950000000000001,0.06088647775614975,-0.05518773252282516
-7,3.0,0.05955506889943951,-0.05400009543446016
-7,3.0500000000000007,0.05817299616947036,-0.052764423351392864
-7,3.0999999999999996,0.05674697389353334,-0.051486890782590056
-7,3.1500000000000004,0.055283604455826474,-0.05017358179235565
-7,3.200000000000001,0.05378933196453506,-0.048830445187780125
-7,3.25,0.05227040215698597,-0.04746325559929909
-7,3.3000000000000007,0.0507328282771633,-0.04607758023928543
-7,3.3499999999999996,0.04918236262012465,-0.044678751074880285
-7,3.4000000000000004,0.04762447340793541,-0.04327184211357338
-7,3.450000000000001,0.046064326640382625,-0.04186165147211707
-7,3.5,0.04450677254989399,-0.04045268788019074
-7,3.5500000000000007,0.04295633628264994,-0.039049161258670306
-7,3.6000000000000014,0.0414172124261829,-0.037654977007450796
-7,3.6500000000000004,0.03989326300674101,-0.03627373363858544
-7,3.700000000000001,0.038388018586895445,-0.03490872339611428
-7,3.75,0.03690468210444653,-0.03356293551364242
-7,3.8000000000000007,0.035446135107158216,-0.03223906177361613
-7,3.8500000000000014,0.034014946053584794,-0.03093950404784973
-7,3.9000000000000004,0.032613380367854994,-0.029666383516328665
-7,3.950000000000001,0.031243411955177436,-0.028421551280376267
-7,4.0,0.029906735904739357,-0.02720660010622522
-7,4.050000000000001,0.028604782127130246,-0.026022877055583038
-7,4.100000000000001,0.027338729694189823,-0.024871496780541236
-7,4.15,0.02610952166988545,-0.023753355280854205
-7,4.200000000000001,0.024917880241344115,-0.022669143941856262
-7,4.25,0.023764321979159675,-0.0216193636910873
-7,4.300000000000001,0.022649173075473872,-0.02060433913061921
-7,4.350000000000001,0.02157258442694232,-0.019624232520226936
-7,4.4,0.020534546447384727,-0.018679057503673047
-7,4.450000000000001,0.019534903511626567,-0.017768692486437754
-7,4.5,0.018573367947675834,-0.016892893588219327
-7,4.550000000000001,0.017649533508970805,-0.016051307107358248
-7,4.600000000000001,0.016762888271801835,-0.015243481447047458
-7,4.65,0.015912826915349676,-0.014468878464740431
-7,4.700000000000001,0.015098662352919234,-0.013726884216628488
-7,4.75,0.014319636692997406,-0.013016819078415232
-7,4.800000000000001,0.013574931517754685,-0.012337947231923163
-7,4.850000000000001,0.012863677474557633,-0.011689485514399856
-7,4.9,0.012184963182948039,-0.011070611633749117
-7,4.950000000000001,0.011537843465646347,-0.010480471758409937
-7,5.0,0.010921346917184493,-0.009918187495248532
-7,5.050000000000001,0.010334482828151081,-0.00938286227275631
-7,5.100000000000001,0.009776247486541045,-0.008873587149998752
-7,5.15,0.009245629880653361,-0.008389446074358098
-7,5.200000000000001,0.008741616830134191,-0.00792952061307739
-7,5.25,0.008263197573556091,-0.007492894185085586
-7,5.300000000000001,0.007809367842056325,-0.007078655820615509
-7,5.350000000000001,0.007379133449348707,-0.006685903476731703
-7,5.4,0.006971513428820408,-0.006313746937177456
-7,5.450000000000001,0.006585542748474005,-0.0059613103249360755
-7,5.5,0.006220274634292089,-0.005627734255639449
-7,5.550000000000001,0.0058747825321745495,-0.0053121776595093095
-7,5.600000000000001,0.005548161738015089,-0.005013819298891775
-7,5.65,0.005239530724733044,-0.004731859007723216
-7,5.700000000000001,0.004948032194268315,-0.004465518678404834
-7,5.75,0.004672833881648408,-0.004214043020706271
-7,5.800000000000001,0.004413129137279093,-0.0039767001163530935
-7,5.850000000000001,0.004168137312651865,-0.003752781792000004
-7,5.9,0.003937103973703948,-0.003541603832357687
-7,5.950000000000001,0.0037193009650531295,-0.0033425060542122687
-7,6.0,0.0035140263473607547,-0.0031548522611561935
-6,-6.0,0.004581811562599292,-0.003784437375952354
-6,-5.95,0.004896671396495744,-0.004042613112829052
-6,-5.9,0.005230621914941835,-0.004316446929338191
-6,-5.85,0.005584662686326514,-0.004606761064267051
-6,-5.8,0.005959833787612112,-0.004914410962125526
-6,-5.75,0.006357215731970456,-0.005240285219537899
-6,-5.7,0.00677792915528741,-0.005585305335499502
-6,-5.65,0.007223134234974893,-0.005950425243455015
-6,-5.6,0.007694029812082892,-0.006336630601192272
-6,-5.55,0.00819185218516072,-0.006744937812491969
-6,-5.5,0.008717873541793875,-0.007176392752433536
-6,-5.45,0.009273399991187592,-0.007632069166202182
-6,-5.4,0.009859769158683918,-0.008113066709254824
-6,-5.35,0.010478347300694857,-0.0086205085947344
-6,-5.3,0.011130525896215104,-0.009155538812188446
-6,-5.25,0.011817717668966221,-0.009719318879933603
-6,-5.2,0.012541351992263028,-0.010313024091834766
-6,-5.15,0.013302869627056957,-0.010937839217965095
-6,-5.1,0.014103716742245087,-0.0115949536175326
-6,-5.05,0.014945338165387678,-0.012285555721705421
-6,-5.0,0.015829169811518717,-0.013010826843641077
-6,-4.95,0.01675663023778151,-0.013771934273099529
-6,-4.9,0.0177291112724145,-0.014570023613704297
-6,-4.85,0.018747967668072185,-0.01540621032214018
-6,-4.8,0.01981450573191479,-0.016281570410651813
-6,-4.75,0.02092997088829751,-0.01719713027698022
-6,-4.7,0.02209553413448484,-0.018153855629718052
-6,-4.65,0.02331227735575725,-0.019152639481922584
-6,-4.6,0.024581177473642857,-0.020194289191903803
-6,-4.55,0.025903089410154845,-0.021279512537605516
-6,-4.5,0.02727872786181651,-0.022408902819917476
-6,-4.45,0.028708647890336447,-0.023582923000958544
-6,-4.4,0.030193224352058845,-0.024801888895850777
-6,-4.35,0.03173263020619199,-0.026065951451030855
-6,-4.3,0.03332681376227553,-0.027375078158880406
-6,-4.25,0.03497547495087261,-0.028729033677511673
-6,-4.2,0.036678040728002514,-0.030127359746154436
-6,-4.15,0.03843363975378056,-0.03156935451085863
-6,-4.1,0.04024107651906794,-0.03305405140225037
-6,-4.05,0.04209880513087638,-0.034580197736993945
-6,-4.0,0.04400490300783888,-0.03614623324741295
-6,-3.9499999999999997,0.04595704478118501,-0.03775026877936316
-6,-3.9,0.047952476744250294,-0.039390065436905264
-6,-3.85,0.04998799224432782,-0.04106301449321803
-6,-3.8,0.0520599084641733,-0.042766118430381805
-6,-3.75,0.054164045096150915,-0.04449597351544199
-6,-3.6999999999999997,0.05629570546894769,-0.04624875436603659
-6,-3.65,0.0584496607438898,-0.04802020100481341
-6,-3.5999999999999996,0.06062013785379028,-0.04980560894681174
-6,-3.55,0.06280081191011666,-0.0515998229065584
-6,-3.5,0.06498480385202754,-0.05339723475002778
-6,-3.4499999999999997,0.06716468415095367,-0.05519178634902877
-6,-3.4,0.06933248341396236,-0.05697697801948154
-6,-3.3499999999999996,0.07147971074488679,-0.058745883237986796
-6,-3.3,0.07359738072039312,-0.06049117033004903
-6,-3.25,0.07567604981492204,-0.06220513180519349
-6,-3.1999999999999997,0.07770586305951621,-0.06387972197569214
-6,-3.15,0.07967661164076834,-0.06550660343329717
-6,-3.0999999999999996,0.08157780203334708,-0.06707720286902186
-6,-3.05,0.08339873710898105,-0.06858277660156542
-6,-3.0,0.08512860947330303,-0.07001448602789084
-6,-2.9499999999999997,0.0867566070473389,-0.07136348302302187
-6,-2.9,0.08827203063182587,-0.072621005094478
-6,-2.8499999999999996,0.08966442287081122,-0.07377847984056762
-6,-2.8,0.09092370766911428,-0.07482763797324976
-6,-2.75,0.09204033872171125,-0.07576063384962906
-6,-2.6999999999999997,0.09300545539032523,-0.07657017211793082
-6,-2.65,0.09381104372490245,-0.07724963873277124
-6,-2.5999999999999996,0.0944500999898994,-0.07779323424221252
-6,-2.55,0.094916793635208,-0.07819610690931311
-6,-2.5,0.0952066262696194,-0.07845448291973423
-6,-2.4499999999999997,0.09531658287383848,-0.07856579066243485
-6,-2.4,0.0952452712541989,-0.0785287758714528
-6,-2.3499999999999996,0.09499304561157929,-0.0783436043025656
-6,-2.3,0.09456211010530491,-0.07801194860735539
-6,-2.25,0.09395659844855286,-0.0775370561748554
-6,-2.1999999999999997,0.09318262589443049,-0.07692379494971835
-6,-2.15,0.09224831046804904,-0.07617867461258987
-6,-2.0999999999999996,0.09116376096828138,-0.075309841023536
-6,-2.05,0.08994103009226007,-0.07432704247539945
-6,-2.0,0.0885940320035391,-0.07324156706485385
-6,-1.9500000000000002,0.08713842473736355,-0.07206615133945271
-6,-1.8999999999999995,0.08559145896868592,-0.07081486128512116
-6,-1.8499999999999996,0.08397179580527281,-0.06950294763765541
-6,-1.7999999999999998,0.08229929734579333,-0.06814667838394128
-6,-1.75,0.08059479469102804,-0.06676315210765016
-6,-1.7000000000000002,0.07887983884109695,-0.06537009646970904
-6,-1.6499999999999995,0.0771764403774674,-0.06398565653306876
-6,-1.5999999999999996,0.0755068039420913,-0.0626281777817499
-6,-1.5499999999999998,0.07389306322010603,-0.06131598848703956
-6,-1.5,0.0723570213516283,-0.06006718548878509
-6,-1.4500000000000002,0.07091990040631158,-0.05889942645207635
-6,-1.3999999999999995,0.06960210174597686,-0.057829730219182585
-6,-1.3499999999999996,0.06842297681492188,-0.05687428503057945
-6,-1.2999999999999998,0.06740060523588104,-0.05604826221689052
-6,-1.25,0.0665515742350068,-0.055365630613924965
-6,-1.1999999999999993,0.06589075065375566,-0.05483896465778493
-6,-1.1499999999999995,0.06543103452127186,-0.05447923720103831
-6,-1.0999999999999996,0.06518308185637428,-0.05429558696849246
-6,-1.0499999999999998,0.06515498462257113,-0.05429505072369545
-6,-1.0,0.06535189817479456,-0.05448225214540292
-6,-0.9499999999999993,0.0657756116447093,-0.05485904355775695
-6,-0.8999999999999995,0.06642406484610663,-0.055424103293271854
-6,-0.8499999999999996,0.06729082642753208,-0.05617250057685719
-6,-0.7999999999999998,0.06836456164210514,-0.057095250971129996
-6,-0.75,0.0696285331210798,-0.05817889768514717
-6,-0.6999999999999993,0.07106019266270937,-0.059405165964265705
-6,-0.6499999999999995,0.07263093395605254,-0.06075074744596287
-6,-0.5999999999999996,0.07430608267886119,-0.06218727662333812
-6,-0.5499999999999998,0.0760451988589739,-0.06368156026970628
-6,-0.5,0.0778027545101401,-0.06519611109067314
-6,-0.4499999999999993,0.07952922599041251,-0.06669001799534735
-6,-0.39999999999999947,0.0811726053325828,-0.06812015736636878
-6,-0.34999999999999964,0.08268028989453613,-0.06944271418565684
-6,-0.2999999999999998,0.08400125928008623,-0.07061494218945052
-6,-0.25,0.08508839920621114,-0.07159705350797951
-6,-0.1999999999999993,0.0859007924748017,-0.07235409705821028
-6,-0.14999999999999947,0.08640577684673534,-0.07285766836757573
-6,-0.09999999999999964,0.08658057633719984,-0.07308729743216119
-6,-0.04999999999999982,0.08641334981198412,-0.07303138833502398
-6,0.0,0.08590356543189936,-0.07268763228853026
-6,0.05000000000000071,0.08506169050154311,-0.07206287654565291
-6,0.10000000000000053,0.08390826715430222,-0.07117249321449443
-6,0.15000000000000036,0.08247250787457094,-0.07003934178122173
-6,0.20000000000000018,0.08079057897767383,-0.06869244801696126
-6,0.25,0.07890374173515813,-0.06716552728856358
-6,0.3000000000000007,0.07685649610721301,-0.06549546621518716
-6,0.35000000000000053,0.07469483323895121,-0.06372085154267867
-6,0.40000000000000036,0.07246466292376752,-0.06188060808131227
-6,0.4500000000000002,0.0702104503054779,-0.06001278502425228
-6,0.5,0.06797407563196711,-0.058153514414186896
-6,0.5500000000000007,0.06579392034774467,-0.05633615598213257
-6,0.6000000000000005,0.06370417803177864,-0.05459063628566471
-6,0.6500000000000004,0.06173438532688591,-0.05294298425498495
-6,0.7000000000000002,0.05990916329072782,-0.05141505830402704
-6,0.75,0.058248152822292454,-0.05002445195924443
-6,0.8000000000000007,0.056766119953458816,-0.04878455653280861
-6,0.8500000000000005,0.055473199634345605,-0.047704752244731585
-6,0.9000000000000004,0.0543752419225656,-0.04679069474175834
-6,0.9500000000000002,0.05347422329141582,-0.046044662926656876
-6,1.0,0.05276868828575476,-0.04546593639813856
-6,1.0500000000000007,0.052254192352377604,-0.04505117594741492
-6,1.1000000000000005,0.051923724208021715,-0.044794787393688584
-6,1.1500000000000004,0.05176809426610962,-0.04468925638828425
-6,1.2000000000000002,0.05177628323979411,-0.04472544863675709
-6,1.25,0.05193575121898508,-0.04489287553945254
-6,1.3000000000000007,0.05223271182990219,-0.045179929146464515
-6,1.3500000000000005,0.05265237845081705,-0.045574092501968644
-6,1.4000000000000004,0.05317919008935301,-0.04606213210301935
-6,1.4500000000000002,0.05379702381529272,-0.04663027865851177
-6,1.5,0.05448939905031436,-0.04726440100516638
-6,1.5500000000000007,0.055239676992204334,-0.047950176307992365
-6,1.6000000000000005,0.05603125637730333,-0.04867325787312238
-6,1.6500000000000004,0.05684776494545485,-0.04941944027863476
-6,1.7000000000000002,0.05767324454649181,-0.050174820242866014
-6,1.75,0.05849232690003836,-0.050925950777098494
-6,1.8000000000000007,0.05929039659638802,-0.051659985720981405
-6,1.8500000000000005,0.06005373795296354,-0.052364811696236746
-6,1.9000000000000004,0.0607696627301868,-0.05302916476777142
-6,1.9500000000000002,0.06142661635736113,-0.05364272958685268
-6,2.0,0.062014261116900116,-0.054196219421671854
-6,2.0500000000000007,0.06252353558756152,-0.054681436176756915
-6,2.0999999999999996,0.06294669047453194,-0.0550913101973054
-6,2.1500000000000004,0.0632773016972239,-0.055419920296487124
-6,2.200000000000001,0.0635102622258854,-0.05566249499824116
-6,2.25,0.0636417546360124,-0.055815396435161535
-6,2.3000000000000007,0.06366920668131071,-0.055876088673627144
-6,2.3499999999999996,0.06359123237943409,-0.055843092459060495
-6,2.4000000000000004,0.06340756117618573,-0.05571592849271889
-6,2.450000000000001,0.06311895772362952,-0.05549505138157684
-6,2.5,0.06272713469787572,-0.05518177636045363
-6,2.5500000000000007,0.062234660914558315,-0.05477820078664264
-6,2.5999999999999996,0.06164486679367753,-0.054287122266967636
-6,2.6500000000000004,0.060961748997022,-0.053711955108856735
-6,2.700000000000001,0.06018987582414814,-0.05305664660200837
-6,2.75,0.059334294717098945,-0.05232559444474938
-6,2.8000000000000007,0.05840044299698954,-0.051523566436531
-6,2.8499999999999996,0.05739406274234815,-0.05065562337056706
-6,2.9000000000000004,0.05632112052268834,-0.04972704588241905
-6,2.950000000000001,0.05518773252282472,-0.048743265844040096
-6,3.0,0.05400009543446016,-0.0477098027402163
-6,3.0500000000000007,0.052764423351392864,-0.046632205326442744
-6,3.0999999999999996,0.051486890782590056,-0.04551599874446355
-6,3.1500000000000004,0.05017358179235565,-0.044366637163961276
-6,3.200000000000001,0.048830445187780125,-0.043189461925865924
-6,3.25,0.04746325559929909,-0.041989665083762784
-6,3.3000000000000007,0.04607758023928543,-0.04077225817429442
-6,3.3499999999999996,0.044678751074880285,-0.03954204599412403
-6,3.4000000000000004,0.04327184211357338,-0.03830360511920272
-6,3.450000000000001,0.04186165147211707,-0.03706126687049194
-6,3.5,0.04045268788019074,-0.03581910440800318
-6,3.5500000000000007,0.039049161258670306,-0.034580923620876725
-6,3.6000000000000014,0.037654977007450796,-0.033350257474238365
-6,3.6500000000000004,0.03627373363858544,-0.03213036347266529
-6,3.700000000000001,0.03490872339611428,-0.030924223904400527
-6,3.75,0.03356293551364242,-0.029734548538998595
-6,3.8000000000000007,0.03223906177361613,-0.02856377946313282
-6,3.8500000000000014,0.03093950404784973,-0.02741409775400916
-6,3.9000000000000004,0.029666383516328665,-0.02628743170666148
-6,3.950000000000001,0.028421551280376267,-0.02518546634965002
-6,4.0,0.02720660010622522,-0.024109654002949732
-6,4.050000000000001,0.026022877055583038,-0.023061225651548334
-6,4.100000000000001,0.024871496780541236,-0.02204120292818823
-6,4.15,0.023753355280854205,-0.021050410518447027
-6,4.200000000000001,0.022669143941856262,-0.02008948882064887
-6,4.25,0.0216193636910873,-0.019158906711838952
-6,4.300000000000001,0.02060433913061921,-0.018258974288952956
-6,4.350000000000001,0.019624232520226936,-0.017389855471323656
-6,4.4,0.018679057503673047,-0.016551580366691798
-6,4.450000000000001,0.017768692486437754,-0.01574405731784978
-6,4.5,0.016892893588219327,-0.014967084560882693
-6,4.550000000000001,0.016051307107358248,-0.014220361438751272
-6,4.600000000000001,0.015243481447048346,-0.013503499125603113
-6,4.65,0.014468878464740875,-0.01281603082772964
-6,4.700000000000001,0.013726884216628932,-0.012157421436608473
-6,4.75,0.013016819078415232,-0.011527076617930287
-6,4.800000000000001,0.012337947231922719,-0.010924351327979753
-6,4.850000000000001,0.01168948551439808,-0.010348557755335275
-6,4.9,0.011070611633749117,-0.009798972691510865
-6,4.950000000000001,0.010480471758410381,-0.009274844339061783
-6,5.0,0.009918187495248532,-0.008775398569778048
-6,5.050000000000001,0.009382862272756753,-0.008299844649032107
-6,5.100000000000001,0.008873587149999196,-0.007847380445135332
-6,5.15,0.00838944607435721,-0.007417197144771404
-6,5.200000000000001,0.007929520613076946,-0.007008483497299434
-6,5.25,0.00749289418508603,-0.006620429611955636
-6,5.300000000000001,0.007078655820615509,-0.006252230332822073
-6,5.350000000000001,0.006685903476731703,-0.0059030882169337495
-6,5.4,0.0063137469371765675,-0.005572216141088937
-6,5.450000000000001,0.005961310324937408,-0.005258839562825468
-6,5.5,0.0056277342556398935,-0.004962198460779277
-6,5.550000000000001,0.0053121776595093095,-0.0046815489791516285
-6,5.600000000000001,0.005013819298891775,-0.004416164800402189
-6,5.65,0.004731859007723216,-0.00416533826959764
-6,5.700000000000001,0.004465518678404834,-0.00392838129300932
-6,5.75,0.004214043020707159,-0.003704626032727365
-6,5.800000000000001,0.003976700116352205,-0.0034934254181524516
-6,5.850000000000001,0.00375278179199956,-0.0032941534943167206
-6,5.9,0.003541603832357687,-0.00310620562606978
-6,5.950000000000001,0.0033425060542127127,-0.002928998576232189
-6,6.0,0.0031548522611553054,-0.0027619704749182183
-5,-6.0,0.003784437375952354,-0.0030207708893388308
-5,-5.95,0.004042613112829052,-0.003225267396302467
-5,-5.9,0.004316446929338191,-0.0034421700086775253
-5,-5.85,0.004606761064267051,-0.0036721322192398986
-5,-5.8,0.004914410962125526,-0.003915833813912695
-5,-5.75,0.005240285219537899,-0.0041739808341434426
-5,-5.7,0.005585305335499502,-0.0044473053852445155
-5,-5.65,0.005950425243455015,-0.00473656527305133
-5,-5.6,0.006336630601192272,-0.0050425434496679244
-5,-5.55,0.006744937812491969,-0.005366047247516104
-5,-5.5,0.007176392752433536,-0.005707907379281174
-5,-5.45,0.007632069166202182,-0.006068976679790783
-5,-5.4,0.008113066709254824,-0.006450128564271296
-5,-5.35,0.0086205085947344,-0.006852255175954003
-5,-5.3,0.009155538812188446,-0.007276265194514853
-5,-5.25,0.009719318879933603,-0.00772308127555954
-5,-5.2,0.010313024091834766,-0.008193637090126327
-5,-5.15,0.010937839217965095,-0.00868887393216422
-5,-5.1,0.0115949536175326,-0.009209736861140794
-5,-5.05,0.012285555721705421,-0.00975717034635215
-5,-5.0,0.013010826843641077,-0.010332113379296182
-5,-4.95,0.013771934273099529,-0.01093549402052929
-5,-4.9,0.014570023613704297,-0.011568223348033868
-5,-4.85,0.01540621032214018,-0.012231188775114532
-5,-4.8,0.016281570410651813,-0.012925246707498506
-5,-4.75,0.01719713027698022,-0.013651214511565257
-5,-4.7,0.018153855629718052,-0.014409861768680976
-5,-4.65,0.019152639481922584,-0.015201900794489465
-5,-4.6,0.020194289191903803,-0.016027976406856492
-5,-4.55,0.021279512537605516,-0.01688865493205194
-5,-4.5,0.022408902819917476,-0.017784412445898123
-5,-4.45,0.023582923000958544,-0.018715622254980246
-5,-4.4,0.024801888895850777,-0.0196825416329105
-5,-4.35,0.026065951451030855,-0.020685297838057615
-5,-4.3,0.027375078158880406,-0.021723873452296427
-5,-4.25,0.028729033677511673,-0.0227980910953276
-5,-4.2,0.030127359746154436,-0.023907597586027673
-5,-4.15,0.03156935451085863,-0.02505184764131352
-5,-4.1,0.03305405140225037,-0.02623008722413811
-5,-4.05,0.034580197736993945,-0.027441336675599892
-5,-4.0,0.03614623324741295,-0.028684373791749262
-5,-3.9499999999999997,0.03775026877936316,-0.02995771703346639
-5,-3.9,0.039390065436905264,-0.031259609087699314
-5,-3.85,0.04106301449321803,-0.0325880010302142
-5,-3.8,0.04276611843038203,-0.03394053737353264
-5,-3.75,0.04449597351544177,-0.03531454231857101
-5,-3.6999999999999997,0.04624875436603659,-0.03670700756405898
-5,-3.65,0.04802020100481319,-0.038114582063499824
-5,-3.5999999999999996,0.049805608946812185,-0.03953356415431397
-5,-3.55,0.05159982290655862,-0.04095989651681409
-5,-3.5,0.05339723475002778,-0.04238916445051233
-5,-3.4499999999999997,0.05519178634902877,-0.04381659798046256
-5,-3.4,0.05697697801948154,-0.04523707832500934
-5,-3.3499999999999996,0.058745883237986574,-0.04664514926659846
-5,-3.3,0.060491170330048805,-0.04803503396681741
-5,-3.25,0.062205131805193714,-0.049400657753313926
-5,-3.1999999999999997,0.06387972197569236,-0.05073567737702778
-5,-3.15,0.06550660343329695,-0.052033517190748224
-5,-3.0999999999999996,0.06707720286902163,-0.05328741263187986
-5,-3.05,0.06858277660156542,-0.05449046130102175
-5,-3.0,0.07001448602789107,-0.055635681811743165
-5,-2.9499999999999997,0.07136348302302231,-0.056716080444166206
-5,-2.9,0.072621005094478,-0.057724725465219784
-5,-2.8499999999999996,0.07377847984056807,-0.058654828781863344
-5,-2.8,0.07482763797324998,-0.0594998343720019
-5,-2.75,0.07576063384962861,-0.06025351269419099
-5,-2.6999999999999997,0.0765701721179306,-0.060910060016390766
-5,-2.65,0.07724963873277124,-0.06146420133263719
-5,-2.5999999999999996,0.07779323424221296,-0.061911295262941035
-5,-2.55,0.07819610690931311,-0.062247439066583254
-5,-2.5,0.07845448291973445,-0.0624695716542214
-5,-2.4499999999999997,0.07856579066243485,-0.06257557227347732
-5,-2.4,0.0785287758714528,-0.06256435238031388
-5,-2.3499999999999996,0.07834360430256626,-0.062435938109272726
-5,-2.3,0.07801194860735561,-0.062191540733594675
-5,-2.25,0.0775370561748554,-0.061833612573895635
-5,-2.1999999999999997,0.07692379494971824,-0.06136588598142856
-5,-2.15,0.0761786746125902,-0.06079339329502442
-5,-2.0999999999999996,0.07530984102353566,-0.06012246605108351
-5,-2.05,0.07432704247539945,-0.0593607122090436
-5,-2.0,0.07324156706485396,-0.05851697072979012
-5,-1.9500000000000002,0.07206615133945282,-0.05760124349382556
-5,-1.8999999999999995,0.07081486128512104,-0.05662460524498547
-5,-1.8499999999999996,0.06950294763765541,-0.05559909296261201
-5,-1.7999999999999998,0.0681466783839414,-0.05453757676262616
-5,-1.75,0.06676315210765005,-0.053453615062642124
-5,-1.7000000000000002,0.06537009646970915,-0.052361297270634655
-5,-1.6499999999999995,0.06398565653306887,-0.05127507762013517
-5,-1.5999999999999996,0.0626281777817499,-0.05020960392608842
-5,-1.5499999999999998,0.061315988487039896,-0.049179544924711216
-5,-1.5,0.06006718548878509,-0.048199419444083125
-5,-1.4500000000000002,0.058899426452076464,-0.04728342989762924
-5,-1.3999999999999995,0.05782973021918281,-0.04644530148742687
-5,-1.3499999999999996,0.05687428503057945,-0.04569812706586185
-5,-1.2999999999999998,0.056048262216890465,-0.045054215892529115
-5,-1.25,0.055365630613924965,-0.04452494265463902
-5,-1.1999999999999993,0.05483896465778476,-0.044120591277891696
-5,-1.1499999999999995,0.054479237201038366,-0.04385018650100547
-5,-1.0999999999999996,0.054295586968492515,-0.04372130525340667
-5,-1.0499999999999998,0.05429505072369542,-0.04373985994931262
-5,-1.0,0.0544822521454032,-0.04390984729449321
-5,-0.9499999999999993,0.05485904355775678,-0.044233059447653655
-5,-0.8999999999999995,0.05542410329327202,-0.04470875960477305
-5,-0.8499999999999996,0.05617250057685727,-0.04533333126460426
-5,-0.7999999999999998,0.05709525097113003,-0.046099919237682085
-5,-0.75,0.058178897685147314,-0.04699809013028866
-5,-0.6999999999999993,0.05940516596426586,-0.04801354940846747
-5,-0.6499999999999995,0.0607507474459628,-0.04912795972238859
-5,-0.5999999999999996,0.06218727662333812,-0.05031890926026583
-5,-0.5499999999999998,0.06368156026970626,-0.051560077865743126
-5,-0.5,0.06519611109067305,-0.052821641188013246
-5,-0.4499999999999993,0.06669001799534721,-0.05407093855976863
-5,-0.39999999999999947,0.0681201573663689,-0.05527340882713472
-5,-0.34999999999999964,0.0694427141856569,-0.05639377131116163
-5,-0.2999999999999998,0.07061494218945064,-0.05739739903203245
-5,-0.25,0.07159705350797957,-0.058251802080717674
-5,-0.1999999999999993,0.07235409705821039,-0.05892811534627551
-5,-0.14999999999999947,0.07285766836757585,-0.05940247175390051
-5,-0.09999999999999964,0.07308729743216114,-0.05965714394089178
-5,-0.04999999999999982,0.07303138833502398,-0.05968135581815304
-5,0.0,0.07268763228853026,-0.05947169914516104
-5,0.05000000000000071,0.07206287654565302,-0.05903213362967347
-5,0.10000000000000053,0.07117249321449448,-0.05837359386091731
-5,0.15000000000000036,0.07003934178122184,-0.057513263822388416
-5,0.20000000000000018,0.06869244801696128,-0.05647360335159214
-5,0.25,0.06716552728856362,-0.055281218570999366
-5,0.3000000000000007,0.0654954662151872,-0.053965662389943846
-5,0.35000000000000053,0.06372085154267859,-0.052558237012022155
-5,0.40000000000000036,0.06188060808131235,-0.05109085381187708
-5,0.4500000000000002,0.060012785024252,-0.049594991183540105
-5,0.5,0.058153514414186924,-0.04810077967959944
-5,0.5500000000000007,0.056336155982132485,-0.04663623543121578
-5,0.6000000000000005,0.05459063628566452,-0.04522665584710009
-5,0.6500000000000004,0.05294298425498489,-0.04389418439656845
-5,0.7000000000000002,0.05141505830402715,-0.04265754317468112
-5,0.75,0.05002445195924454,-0.04153192321512289
-5,0.8000000000000007,0.048784556532808665,-0.040529014174631395
-5,0.8500000000000005,0.04770475224473181,-0.03965714831669587
-5,0.9000000000000004,0.04679069474175823,-0.0389215296966155
-5,0.9500000000000002,0.046044662926656654,-0.03832451858504837
-5,1.0,0.04546593639813867,-0.037865943332041185
-5,1.0500000000000007,0.04505117594741459,-0.03754341641795966
-5,1.1000000000000005,0.044794787393688695,-0.03735263740655992
-5,1.1500000000000004,0.04468925638828436,-0.03728767189025828
-5,1.2000000000000002,0.04472544863675698,-0.03734120141764252
-5,1.25,0.04489287553945265,-0.03750474419812444
-5,1.3000000000000007,0.045179929146464515,-0.03776884976839745
-5,1.3500000000000005,0.045574092501968755,-0.03812327273349614
-5,1.4000000000000004,0.04606213210301924,-0.038557131321647176
-5,1.4500000000000002,0.04663027865851155,-0.039059056101943046
-5,1.5,0.0472644010051666,-0.0396173331418771
-5,1.5500000000000007,0.047950176307992365,-0.04022004445304239
-5,1.6000000000000005,0.04867325787312238,-0.04085520706426138
-5,1.6500000000000004,0.04941944027863476,-0.04151091068034951
-5,1.7000000000000002,0.050174820242866236,-0.04217545276692647
-5,1.75,0.050925950777098716,-0.04283746911578867
-5,1.8000000000000007,0.05165998572098207,-0.04348605750503798
-5,1.8500000000000005,0.05236481169623719,-0.04411089194693596
-5,1.9000000000000004,0.053029164767771864,-0.04470232516192674
-5,1.9500000000000002,0.05364272958685268,-0.04525147726406065
-5,2.0,0.05419621942167163,-0.04575030912282174
-5,2.0500000000000007,0.05468143617675736,-0.046191679415447995
-5,2.0999999999999996,0.055091310197306065,-0.04656938494778662
-5,2.1500000000000004,0.055419920296487124,-0.046878184357856734
-5,2.200000000000001,0.05566249499824094,-0.0471138057941749
-5,2.25,0.05581539643516198,-0.04727293956157297
-5,2.3000000000000007,0.055876088673627144,-0.04735321704175455
-5,2.3499999999999996,0.05584309245906027,-0.04735317742296696
-5,2.4000000000000004,0.055715928492719335,-0.04727222391764552
-5,2.450000000000001,0.05549505138157684,-0.047110571217077846
-5,2.5,0.055181776360453405,-0.04686918593865963
-5,2.5500000000000007,0.05477820078664264,-0.04654972177556238
-5,2.5999999999999996,0.05428712226696719,-0.04615445097184301
-5,2.6500000000000004,0.05371195510885718,-0.04568619362869497
-5,2.700000000000001,0.053056646602008595,-0.04514824620901425
-5,2.75,0.0523255944447496,-0.04454431045575502
-5,2.8000000000000007,0.051523566436530555,-0.043878423781454456
-5,2.8499999999999996,0.05065562337056706,-0.043154892027247316
-5,2.9000000000000004,0.04972704588241905,-0.04237822533405966
-5,2.950000000000001,0.048743265844040096,-0.04155307771979411
-5,3.0,0.0477098027402163,-0.04068419081670838
-5,3.0500000000000007,0.046632205326442744,-0.03977634209462133
-5,3.0999999999999996,0.04551599874446355,-0.038834297779153815
-5,3.1500000000000004,0.04436663716396172,-0.03786277057064513
-5,3.200000000000001,0.043189461925865924,-0.036866382178792456
-5,3.25,0.041989665083762784,-0.03584963061037749
-5,3.3000000000000007,0.04077225817429442,-0.03481686208219026
-5,3.3499999999999996,0.03954204599412403,-0.03377224737785545
-5,3.4000000000000004,0.03830360511920272,-0.03271976242482211
-5,3.450000000000001,0.03706126687049194,-0.03166317283550901
-5,3.5,0.03581910440800318,-0.030606022133330857
-5,3.5500000000000007,0.034580923620876725,-0.029551623369269198
-5,3.6000000000000014,0.033350257474238365,-0.028503053826544722
-5,3.6500000000000004,0.03213036347266529,-0.027463152508983235
-5,3.700000000000001,0.030924223904400527,-0.02643452011175329
-5,3.75,0.029734548538998595,-0.025419521180515936
-5,3.8000000000000007,0.02856377946313282,-0.024420288175706517
-5,3.8500000000000014,0.02741409775400916,-0.023438727172062634
-5,3.9000000000000004,0.02628743170666148,-0.02247652493885477
-5,3.950000000000001,0.02518546634965002,-0.021535157162998697
-5,4.0,0.024109654002949732,-0.020615897594911115
-5,4.050000000000001,0.023061225651548334,-0.019719827915026134
-5,4.100000000000001,0.02204120292818823,-0.018847848137129475
-5,4.15,0.021050410518447027,-0.018000687382663916
-5,4.200000000000001,0.02008948882064887,-0.017178914877721496
-5,4.25,0.019158906711838952,-0.01638295104141463
-5,4.300000000000001,0.018258974288952956,-0.015613078550476889
-5,4.350000000000001,0.017389855471323656,-0.014869453280232037
-5,4.4,0.016551580366691798,-0.01415211503644187
-5,4.450000000000001,0.01574405731784978,-0.01346099800586309
-5,4.5,0.014967084560882693,-0.01279594086566549
-5,4.550000000000001,0.014220361438751272,-0.012156696503149877
-5,4.600000000000001,0.013503499125603113,-0.011542941307467913
-5,4.65,0.01281603082772964,-0.010954284004316417
-5,4.700000000000001,0.012157421436608473,-0.010390274012859635
-5,4.75,0.011527076617930287,-0.009850409311543018
-5,4.800000000000001,0.010924351327980197,-0.009334143805927564
-5,4.850000000000001,0.010348557755335719,-0.008840894197366111
-5,4.9,0.009798972691512198,-0.008370046356233729
-5,4.950000000000001,0.009274844339062227,-0.007920961207602772
-5,5.0,0.008775398569778048,-0.007492980140773042
-5,5.050000000000001,0.00829984464903255,-0.007085429956978029
-5,5.100000000000001,0.007847380445135776,-0.006697627371951231
-5,5.15,0.0074171971447709595,-0.006328883091891946
-5,5.200000000000001,0.007008483497299878,-0.005978505482800767
-5,5.25,0.006620429611955636,-0.005645803854168019
-5,5.300000000000001,0.006252230332821185,-0.005330091378675572
-5,5.350000000000001,0.005903088216934194,-0.005030687669955736
-5,5.4,0.005572216141088937,-0.0047469210405557405
-5,5.450000000000001,0.005258839562824136,-0.004478130462141738
-5,5.5,0.004962198460780165,-0.004223667249711127
-5,5.550000000000001,0.0046815489791516285,-0.003982896491101062
-5,5.600000000000001,0.004416164800401745,-0.003755198242544555
-5,5.65,0.00416533826959764,-0.003539968510354985
-5,5.700000000000001,0.003928381293008876,-0.003336620038080884
-5,5.75,0.003704626032726921,-0.003144582917710359
-5,5.800000000000001,0.0034934254181528956,-0.002963305042678055
-5,5.850000000000001,0.0032941534943153883,-0.002792252419602015
-5,5.9,0.003106205626068892,-0.002630909354838007
-5,5.950000000000001,0.002928998576232189,-0.0024787785311111143
-5,6.0,0.0027619704749177743,-0.002335380988645941
-4,-6.0,0.0030207708893388308,-0.0022908121027600536
-4,-5.95,0.003225267396302467,-0.002444634246916433
-4,-5.9,0.0034421700086775253,-0.0026077911529593933
-4,-5.85,0.0036721322192398986,-0.0027807761512432805
-4,-5.8,0.003915833813912695,-0.002964102342974062
-4,-5.75,0.0041739808341434426,-0.0031583025757870864
-4,-5.7,0.0044473053852445155,-0.0033639293045224505
-4,-5.65,0.00473656527305133,-0.003581554323763836
-4,-5.6,0.0050425434496679244,-0.0038117683575111805
-4,-5.55,0.005366047247516104,-0.0040551804902331234
-4,-5.5,0.005707907379281174,-0.004312417422337678
-4,-5.45,0.006068976679790783,-0.0045841225319507295
-4,-5.4,0.006450128564271296,-0.004870954723732446
-4,-5.35,0.006852255175954003,-0.005173587044354111
-4,-5.3,0.007276265194514853,-0.0054927050431938795
-4,-5.25,0.00772308127555954,-0.005829004855844477
-4,-5.2,0.008193637090126327,-0.00618319098713993
-4,-5.15,0.00868887393216422,-0.006555973769656109
-4,-5.1,0.009209736861140794,-0.0069480664730696695
-4,-5.05,0.00975717034635215,-0.0073601820393291995
-4,-5.0,0.010332113379296182,-0.0077930294184862525
-4,-4.95,0.01093549402052929,-0.008247309480069909
-4,-4.9,0.011568223348033868,-0.00872371047540188
-4,-4.85,0.012231188775114532,-0.009222903026993912
-4,-4.8,0.012925246707498506,-0.009745534622454866
-4,-4.75,0.013651214511565257,-0.010292223592053062
-4,-4.7,0.014409861768680976,-0.010863552551371836
-4,-4.65,0.015201900794489465,-0.011460061293459223
-4,-4.6,0.016027976406856492,-0.01208223911849915
-4,-4.55,0.01688865493205194,-0.01273051659349278
-4,-4.5,0.017784412445898123,-0.013405256739758453
-4,-4.45,0.018715622254980246,-0.014106745652400665
-4,-4.4,0.0196825416329105,-0.014835182563240235
-4,-4.35,0.020685297838057615,-0.015590669367272714
-4,-4.3,0.021723873452296427,-0.016373199642522707
-4,-4.25,0.0227980910953276,-0.017182647204318613
-4,-4.2,0.023907597586027673,-0.018018754247620006
-4,-4.15,0.02505184764131352,-0.018881119145144787
-4,-4.1,0.02623008722413811,-0.019769183984731153
-4,-4.05,0.027441336675599892,-0.020682221946692447
-4,-4.0,0.028684373791749262,-0.021619324640847815
-4,-3.9499999999999997,0.02995771703346639,-0.02257938954349381
-4,-3.9,0.031259609087699314,-0.023561107696633776
-4,-3.85,0.0325880010302142,-0.02456295185531543
-4,-3.8,0.03394053737353264,-0.025583165293625587
-4,-3.75,0.03531454231857101,-0.026619751505539746
-4,-3.6999999999999997,0.03670700756405898,-0.027670465063014404
-4,-3.65,0.038114582063499824,-0.028732803919949035
-4,-3.5999999999999996,0.039533564154314194,-0.02980400347629697
-4,-3.55,0.04095989651681409,-0.03088103274088283
-4,-3.5,0.04238916445051255,-0.03196059295348164
-4,-3.4499999999999997,0.043816597980462335,-0.03303911904525414
-4,-3.4,0.04523707832500956,-0.0341127843305471
-4,-3.3499999999999996,0.046645149266598684,-0.0351775088307229
-4,-3.3,0.04803503396681719,-0.03622897163069849
-4,-3.25,0.04940065775331459,-0.03726262765928423
-4,-3.1999999999999997,0.05073567737702778,-0.03827372926352268
-4,-3.15,0.05203351719074867,-0.03925735291312371
-4,-3.0999999999999996,0.05328741263187964,-0.040208431321920646
-4,-3.05,0.054490461301021975,-0.04112179120735071
-4,-3.0,0.05563568181174294,-0.04199219682485955
-4,-2.9499999999999997,0.05671608044416643,-0.04281439931077147
-4,-2.9,0.057724725465219784,-0.043583191744051675
-4,-2.8499999999999996,0.05865482878186312,-0.04429346969469661
-4,-2.8,0.05949983437200235,-0.04494029686537182
-4,-2.75,0.06025351269419055,-0.04551897525539683
-4,-2.6999999999999997,0.060910060016390544,-0.04602511908570506
-4,-2.65,0.061464201332637414,-0.04645473152450075
-4,-2.5999999999999996,0.06191129526294148,-0.04680428305208428
-4,-2.55,0.062247439066583476,-0.0470707901070182
-4,-2.5,0.0624695716542214,-0.047251892473080925
-4,-2.4499999999999997,0.0625755722734771,-0.047345927706965885
-4,-2.4,0.06256435238031322,-0.047352000780780834
-4,-2.3499999999999996,0.06243593810927295,-0.04727004703169957
-4,-2.3,0.062191540733594675,-0.04710088648402255
-4,-2.25,0.06183361257389519,-0.046846267645672235
-4,-2.1999999999999997,0.06136588598142856,-0.04650889898956079
-4,-2.15,0.060793393295024645,-0.04609246651535326
-4,-2.0999999999999996,0.06012246605108362,-0.045601636050925265
-4,-2.05,0.05936071220904349,-0.04504203929319228
-4,-2.0,0.05851697072979012,-0.04442024299834779
-4,-1.9500000000000002,0.05760124349382556,-0.04374370120048199
-4,-1.8999999999999995,0.05662460524498525,-0.04302069084827842
-4,-1.8499999999999996,0.05559909296261212,-0.042260231780143265
-4,-1.7999999999999998,0.05453757676262627,-0.0414719924818483
-4,-1.75,0.053453615062642124,-0.0406661835560036
-4,-1.7000000000000002,0.052361297270634544,-0.03985344124387402
-4,-1.6499999999999995,0.05127507762013517,-0.0390447036386663
-4,-1.5999999999999996,0.05020960392608864,-0.03825108237510744
-4,-1.5499999999999998,0.04917954492471133,-0.03748373253312054
-4,-1.5,0.048199419444083125,-0.03675372321752235
-4,-1.4500000000000002,0.04728342989762924,-0.03607191074296989
-4,-1.3999999999999995,0.046445301487427315,-0.03544881555071
-4,-1.3499999999999996,0.045698127065861405,-0.03489450292076812
-4,-1.2999999999999998,0.04505421589252917,-0.03441846626279732
-4,-1.25,0.044524942654638966,-0.03402951035714885
-4,-1.1999999999999993,0.04412059127789186,-0.0337356305140768
-4,-1.1499999999999995,0.04385018650100564,-0.03354388242117334
-4,-1.0999999999999996,0.043721305253406506,-0.03346023671111609
-4,-1.0499999999999998,0.043739859949312454,-0.03348941229942248
-4,-1.0,0.04390984729449318,-0.033634683622064454
-4,-0.9499999999999993,0.04423305944765385,-0.03389765931440025
-4,-0.8999999999999995,0.044708759604772996,-0.034278033780609674
-4,-0.8499999999999996,0.04533333126460423,-0.03477331849077281
-4,-0.7999999999999998,0.04609991923768203,-0.03537856644176118
-4,-0.75,0.04699809013028855,-0.03608611045650334
-4,-0.6999999999999993,0.04801354940846761,-0.03688534299531443
-4,-0.6499999999999995,0.04912795972238876,-0.03776257078533063
-4,-0.5999999999999996,0.050318909260265846,-0.03870098058964433
-4,-0.5499999999999998,0.05156007786574322,-0.039680751647084844
-4,-0.5,0.05282164118801326,-0.04067934480216062
-4,-0.4499999999999993,0.05407093855976858,-0.04167198768367664
-4,-0.39999999999999947,0.0552734088271348,-0.04263235971488044
-4,-0.34999999999999964,0.05639377131116141,-0.043533461271049845
-4,-0.2999999999999998,0.05739739903203256,-0.04434862980783183
-4,-0.25,0.058251802080717785,-0.04505264492442573
-4,-0.1999999999999993,0.05892811534627562,-0.04562284733899735
-4,-0.14999999999999947,0.0594024717539004,-0.04604018700570933
-4,-0.09999999999999964,0.05965714394089183,-0.0462901158633916
-4,-0.04999999999999982,0.05968135581815304,-0.046363252261371224
-4,0.0,0.05947169914516104,-0.04625576600179199
-4,0.05000000000000071,0.05903213362967352,-0.045969461753605
-4,0.10000000000000053,0.05837359386091734,-0.045511569093571014
-4,0.15000000000000036,0.05751326382238853,-0.04489427399807089
-4,0.20000000000000018,0.05647360335159213,-0.044134044981566395
-4,0.25,0.055281218570999435,-0.04325081558246535
-4,0.3000000000000007,0.053965662389943825,-0.042267084631483015
-4,0.35000000000000053,0.05255823701202211,-0.041206989646981815
-4,0.40000000000000036,0.051090853811876835,-0.04009540011546197
-4,0.4500000000000002,0.04959499118354005,-0.03895706878334129
-4,0.5,0.04810077967959958,-0.03781587142820478
-4,0.5500000000000007,0.046636235431215756,-0.036694158694994455
-4,0.6000000000000005,0.04522665584710017,-0.035612236716084766
-4,0.6500000000000004,0.04389418439656856,-0.03458798575163621
-4,0.7000000000000002,0.04265754317468118,-0.03363661790269007
-4,0.75,0.04153192321512278,-0.03277056658992761
-4,0.8000000000000007,0.040529014174631284,-0.03199949287892706
-4,0.8500000000000005,0.03965714831669609,-0.031330387850238284
-4,0.9000000000000004,0.03892152969661544,-0.030767746787137062
-4,0.9500000000000002,0.038324518585048484,-0.030313790266590368
-4,1.0,0.037865943332041185,-0.029968709087462297
-4,1.0500000000000007,0.03754341641795955,-0.02973091376401149
-4,1.1000000000000005,0.03735263740656003,-0.029597274246635386
-4,1.1500000000000004,0.03728767189025861,-0.02956334077203171
-4,1.2000000000000002,0.03734120141764241,-0.029623541582449953
-4,1.25,0.03750474419812444,-0.02977135719500068
-4,1.3000000000000007,0.03776884976839767,-0.029999473695701107
-4,1.3500000000000005,0.038123272733495916,-0.030299919145398868
-4,1.4000000000000004,0.03855713132164729,-0.030664187745236937
-4,1.4500000000000002,0.039059056101943046,-0.031083356145586327
-4,1.5,0.03961733314187721,-0.031548195460446626
-4,1.5500000000000007,0.0402200444530425,-0.032049281427354304
-4,1.6000000000000005,0.04085520706426182,-0.03257710395072033
-4,1.6500000000000004,0.041510910680349955,-0.03312217615059976
-4,1.7000000000000002,0.04217545276692691,-0.03367514211867406
-4,1.75,0.04283746911578845,-0.0342268819161089
-4,1.8000000000000007,0.0434860575050382,-0.03476861194855729
-4,1.8500000000000005,0.04411089194693574,-0.035291978705060956
-4,1.9000000000000004,0.04470232516192629,-0.035789143912652976
-4,1.9500000000000002,0.04525147726406065,-0.03625285938898526
-4,2.0,0.045750309122821964,-0.03667653022035067
-4,2.0500000000000007,0.04619167941544866,-0.03705426530363454
-4,2.0999999999999996,0.046569384947786396,-0.037380914725974046
-4,2.1500000000000004,0.04687818435785651,-0.03765209388133295
-4,2.200000000000001,0.04711380579417446,-0.03786419461368573
-4,2.25,0.04727293956157297,-0.03801438401524737
-4,2.3000000000000007,0.04735321704175499,-0.03810059178569358
-4,2.3499999999999996,0.047353177422967185,-0.03812148727115372
-4,2.4000000000000004,0.047272223917645295,-0.03807644745096539
-4,2.450000000000001,0.04711057121707807,-0.03796551723013297
-4,2.5,0.04686918593865963,-0.03778936343249373
-4,2.5500000000000007,0.0465497217755626,-0.03754922388131732
-4,2.5999999999999996,0.04615445097184301,-0.03724685290830343
-4,2.6500000000000004,0.04568619362869475,-0.03688446455653538
-4,2.700000000000001,0.04514824620901425,-0.03646467464516534
-4,2.75,0.04454431045575502,-0.035990442750116314
-4,2.8000000000000007,0.04387842378145468,-0.03546501503176103
-4,2.8499999999999996,0.043154892027247094,-0.03489186871238892
-4,2.9000000000000004,0.042378225334059216,-0.03427465887760972
-4,2.950000000000001,0.04155307771979411,-0.03361716815008631
-4,3.0,0.04068419081670838,-0.032923259663935944
-4,3.0500000000000007,0.03977634209462089,-0.03219683365592729
-4,3.0999999999999996,0.038834297779153815,-0.031441787886660855
-4,3.1500000000000004,0.03786277057064469,-0.030661982012404554
-4,3.200000000000001,0.036866382178792456,-0.02986120594655972
-4,3.25,0.03584963061037749,-0.02904315217914233
-4,3.3000000000000007,0.03481686208219026,-0.028211391962974286
-4,3.3499999999999996,0.03377224737785545,-0.027369355226074976
-4,3.4000000000000004,0.03271976242482211,-0.026520314030433756
-4,3.450000000000001,0.03166317283550901,-0.02566736936716829
-4,3.5,0.030606022133330857,-0.024813441056174668
-4,3.5500000000000007,0.029551623369269198,-0.023961260503847726
-4,3.6000000000000014,0.028503053826544722,-0.0231133660643712
-4,3.6500000000000004,0.027463152508983235,-0.022272100747537493
-4,3.700000000000001,0.02643452011175329,-0.021439612018173015
-4,3.75,0.025419521180515936,-0.020617853438194444
-4,3.8000000000000007,0.024420288175706517,-0.019808587911337217
-4,3.8500000000000014,0.023438727172062634,-0.019013392302011045
-4,3.9000000000000004,0.02247652493885477,-0.01823366321290898
-4,3.950000000000001,0.021535157162998697,-0.017470623720423184
-4,4.0,0.020615897594911115,-0.016725330882110256
-4,4.050000000000001,0.019719827915026134,-0.015998683846016437
-4,4.100000000000001,0.018847848137129475,-0.015291432407365857
-4,4.15,0.018000687382663916,-0.014604185873504427
-4,4.200000000000001,0.017178914877721496,-0.01393742211307325
-4,4.25,0.01638295104141463,-0.01329149667981433
-4,4.300000000000001,0.015613078550476889,-0.012666651915189675
-4,4.350000000000001,0.014869453280232037,-0.012063025946952077
-4,4.4,0.01415211503644187,-0.011480661512922818
-4,4.450000000000001,0.01346099800586309,-0.010919514550477682
-4,4.5,0.01279594086566549,-0.010379462502568604
-4,4.550000000000001,0.012156696503149877,-0.009860312300552287
-4,4.600000000000001,0.011542941307467913,-0.009361807992641413
-4,4.65,0.010954284004316417,-0.008883637994501203
-4,4.700000000000001,0.010390274012859635,-0.008425441945381973
-4,4.75,0.009850409311543018,-0.007986817159252979
-4,4.800000000000001,0.009334143805927564,-0.0075673246657648185
-4,4.850000000000001,0.008840894197366111,-0.007166494840491033
-4,4.9,0.008370046356233285,-0.006783832627916375
-4,4.950000000000001,0.007920961207602772,-0.006418822364032906
-4,5.0,0.007492980140772154,-0.006070932208233959
-4,5.050000000000001,0.007085429956978473,-0.005739618196594076
-4,5.100000000000001,0.0066976273719516755,-0.005424327930446449
-4,5.15,0.006328883091891946,-0.005124503915720613
-4,5.200000000000001,0.005978505482801211,-0.004839586569581833
-4,5.25,0.005645803854168463,-0.004569016911721402
-4,5.300000000000001,0.005330091378675128,-0.004312238958176451
-4,5.350000000000001,0.00503068766995618,-0.004068701835798105
-4,5.4,0.004746921040554852,-0.003837861635576978
-4,5.450000000000001,0.004478130462141294,-0.0036191830228857746
-4,5.5,0.004223667249711127,-0.003412140622434112
-4,5.550000000000001,0.003982896491101506,-0.003216220195358499
-4,5.600000000000001,0.0037551982425458874,-0.0030309196253219817
-4,5.65,0.003539968510355429,-0.002855749729997026
-4,5.700000000000001,0.00333662003808044,-0.002690234913619527
-4,5.75,0.003144582917710359,-0.0025339136756552527
-4,5.800000000000001,0.002963305042678499,-0.0023863389899303478
-4,5.850000000000001,0.002792252419602015,-0.002247078567855887
-4,5.9,0.002630909354838451,-0.0021157150186636997
-4,5.950000000000001,0.0024787785311115584,-0.0019918459188494886
-4,6.0,0.002335380988646385,-0.0018750838023389171
-3,-6.0,0.0022908121027600536,-0.0015945610162142465
-3,-5.95,0.002444634246916433,-0.0017007136646709498
-3,-5.9,0.0026077911529593933,-0.0018133103621846836
-3,-5.85,0.0027807761512432805,-0.0019326928602776405
-3,-5.8,0.002964102342974062,-0.002059216549309184
-3,-5.75,0.0031583025757870864,-0.0021932504444679424
-3,-5.7,0.0033639293045224505,-0.002335177093332419
-3,-5.65,0.003581554323763836,-0.00248539239559209
-3,-5.6,0.0038117683575111805,-0.002644305324720264
-3,-5.55,0.0040551804902331234,-0.0028123375406421403
-3,-5.5,0.004312417422337678,-0.0029899228816021584
-3,-5.45,0.0045841225319507295,-0.0031775067226842424
-3,-5.4,0.004870954723732446,-0.0033755451876391618
-3,-5.35,0.005173587044354111,-0.0035845041999342797
-3,-5.3,0.0054927050431938795,-0.003804858358225527
-3,-5.25,0.005829004855844477,-0.004037089620787526
-3,-5.2,0.00618319098713993,-0.004281685782874245
-3,-5.15,0.006555973769656109,-0.0045391387304407615
-3,-5.1,0.0069480664730696695,-0.004809942453318783
-3,-5.05,0.0073601820393291995,-0.005094590800636567
-3,-5.0,0.0077930294184862525,-0.005393574961209957
-3,-4.95,0.008247309480069909,-0.005707380651722271
-3,-4.9,0.00872371047540188,-0.00603648499581011
-3,-4.85,0.009222903026993912,-0.006381353077779206
-3,-4.8,0.009745534622454866,-0.006742434155522226
-3,-4.75,0.010292223592053062,-0.007120157518444081
-3,-4.7,0.010863552551371836,-0.007514927977791963
-3,-4.65,0.011460061293459223,-0.007927120978830526
-3,-4.6,0.01208223911849915,-0.008357077326833995
-3,-4.55,0.01273051659349278,-0.008805097521929373
-3,-4.5,0.013405256739758453,-0.009271435701499353
-3,-4.45,0.014106745652400665,-0.009756293193220245
-3,-4.4,0.014835182563240235,-0.010259811686838205
-3,-4.35,0.015590669367272714,-0.010782066038676152
-3,-4.3,0.016373199642522707,-0.011323056729560133
-3,-4.25,0.017182647204318613,-0.011882702004485157
-3,-4.2,0.018018754247620006,-0.012460829730932321
-3,-4.15,0.018881119145144787,-0.013057169022351989
-3,-4.1,0.019769183984731153,-0.013671341684029947
-3,-4.05,0.020682221946692447,-0.014302853550272054
-3,-4.0,0.021619324640847815,-0.014951085794709051
-3,-3.9499999999999997,0.02257938954349381,-0.015615286309446308
-3,-3.9,0.023561107696633776,-0.016294561263708207
-3,-3.85,0.02456295185531543,-0.016987866968522614
-3,-3.8,0.025583165293625587,-0.017694002190661084
-3,-3.75,0.026619751505539746,-0.018411601076346873
-3,-3.6999999999999997,0.027670465063014404,-0.019139126862902422
-3,-3.65,0.028732803919949035,-0.01987486657416193
-3,-3.5999999999999996,0.02980400347629697,-0.020616926912759848
-3,-3.55,0.03088103274088283,-0.021363231578766406
-3,-3.5,0.031960592953481415,-0.022111520258934814
-3,-3.4499999999999997,0.033039119045254584,-0.02285934954340485
-3,-3.4,0.0341127843305471,-0.02360409603609348
-3,-3.3499999999999996,0.03517750883072268,-0.024342961930358342
-3,-3.3,0.03622897163069849,-0.025072983321693165
-3,-3.25,0.03726262765928445,-0.025791041523104408
-3,-3.1999999999999997,0.03827372926352246,-0.026493877635175966
-3,-3.15,0.03925735291312327,-0.027178110600421412
-3,-3.0999999999999996,0.04020843132192087,-0.027840258939144658
-3,-3.05,0.04112179120735071,-0.02847676632055185
-3,-3.0,0.04199219682485911,-0.029084031067239113
-3,-2.9499999999999997,0.04281439931077147,-0.02965843962283765
-3,-2.9,0.04358319174405145,-0.030196403930973226
-3,-2.8499999999999996,0.04429346969469705,-0.030694402579069635
-3,-2.8,0.04494029686537204,-0.03114902545335907
-3,-2.75,0.045518975255397054,-0.03155702153324791
-3,-2.6999999999999997,0.046025119085704835,-0.0319153493258737
-3,-2.65,0.046454731524500525,-0.03222122930836102
-3,-2.5999999999999996,0.046804283052084505,-0.03247219760964226
-3,-2.55,0.047070790107018645,-0.032666160030618396
-3,-2.5,0.04725189247308026,-0.03280144537631102
-3,-2.4499999999999997,0.04734592770696522,-0.032876856962899215
-3,-2.4,0.04735200078078039,-0.03289172107285454
-3,-2.3499999999999996,0.04727004703169979,-0.03284593106984701
-3,-2.3,0.04710088648402233,-0.032739985858639464
-3,-2.25,0.04684626764567246,-0.03257502139018653
-3,-2.1999999999999997,0.04650889898956123,-0.03235283397411637
-3,-2.15,0.04609246651535259,-0.03207589427357416
-3,-2.0999999999999996,0.0456016360509246,-0.0317473510230597
-3,-2.05,0.04504203929319228,-0.03137102372784595
-3,-2.0,0.04442024299834768,-0.030951383870526428
-3,-1.9500000000000002,0.04374370120048199,-0.030493524459421772
-3,-1.8999999999999995,0.04302069084827853,-0.030003118095001113
-3,-1.8499999999999996,0.042260231780143154,-0.029486364090248518
-3,-1.7999999999999998,0.04147199248184841,-0.02894992554160769
-3,-1.75,0.0406661835560036,-0.02840085758773525
-3,-1.7000000000000002,0.03985344124387391,-0.027846528389426473
-3,-1.6499999999999995,0.0390447036386663,-0.027294534588662378
-3,-1.5999999999999996,0.03825108237510744,-0.026752613128806058
-3,-1.5499999999999998,0.03748373253312076,-0.026228551312267978
-3,-1.5,0.03675372321752257,-0.02573009680910321
-3,-1.4500000000000002,0.03607191074296967,-0.0252648689880981
-3,-1.3999999999999995,0.03544881555070989,-0.024840272409031083
-3,-1.3499999999999996,0.03489450292076801,-0.024463412595299383
-3,-1.2999999999999998,0.034418466262797376,-0.02414101332769536
-3,-1.25,0.034029510357148685,-0.023879333721454232
-3,-1.1999999999999993,0.03373563051407663,-0.02368408236633912
-3,-1.1499999999999995,0.033543882421173565,-0.023560324961542145
-3,-1.0999999999999996,0.0334602367111162,-0.02351238134162159
-3,-1.0499999999999998,0.03348941229942226,-0.023543707774024814
-3,-1.0,0.03363468362206434,-0.023656761128116877
-3,-0.9499999999999993,0.033897659314400225,-0.023852843157996295
-3,-0.8999999999999995,0.03427803378060959,-0.02413192582078172
-3,-0.8499999999999996,0.034773318490772864,-0.02449246225536328
-3,-0.7999999999999998,0.03537856644176113,-0.02493119258336729
-3,-0.75,0.036086110456503534,-0.02544295866379187
-3,-0.6999999999999993,0.03688534299531459,-0.026020546724806914
-3,-0.6499999999999995,0.03776257078533052,-0.026654580634787983
-3,-0.5999999999999996,0.038700980589644295,-0.0273334906114735
-3,-0.5499999999999998,0.03968075164708483,-0.028043581613730995
-3,-0.5,0.04067934480216068,-0.028769221933115374
-3,-0.4499999999999993,0.04167198768367658,-0.02949316536707114
-3,-0.39999999999999947,0.04263235971488061,-0.030197010029606286
-3,-0.34999999999999964,0.04353346127104993,-0.03086178406532214
-3,-0.2999999999999998,0.04434862980783194,-0.03146863451684867
-3,-0.25,0.04505264492442573,-0.03199958203910347
-3,-0.1999999999999993,0.04562284733899735,-0.03243829303637569
-3,-0.14999999999999947,0.04604018700570939,-0.03277081412300242
-3,-0.09999999999999964,0.046290115863391657,-0.032986213199660774
-3,-0.04999999999999982,0.04636325226137128,-0.033077077664678545
-3,0.0,0.04625576600179193,-0.033039832858422824
-3,0.05000000000000071,0.045969461753604834,-0.032874860917447235
-3,0.10000000000000053,0.045511569093571125,-0.032586418912455506
-3,0.15000000000000036,0.044894273998071,-0.032182372308269175
-3,0.20000000000000018,0.04413404498156648,-0.03167377290688414
-3,0.25,0.04325081558246535,-0.031074318322961647
-3,0.3000000000000007,0.0422670846314831,-0.03039973293980476
-3,0.35000000000000053,0.04120698964698177,-0.02966710944755753
-3,0.40000000000000036,0.040095400115461866,-0.028894246992066972
-3,0.4500000000000002,0.038957068783341375,-0.028099017823655804
-3,0.5,0.03781587142820464,-0.027298789660002834
-3,0.5500000000000007,0.03669415869499426,-0.02650992577346839
-3,0.6000000000000005,0.03561223671608471,-0.025747378892618633
-3,0.6500000000000004,0.03458798575163624,-0.025024388320188218
-3,0.7000000000000002,0.03363661790269035,-0.024352282488053656
-3,0.75,0.03277056658992783,-0.023740382083658584
-3,0.8000000000000007,0.031999492878927116,-0.023195992645695773
-3,0.8500000000000005,0.03133038785023823,-0.022724470845359
-3,0.9000000000000004,0.03076774678713723,-0.02232934601332287
-3,0.9500000000000002,0.030313790266590424,-0.022012477971282918
-3,1.0,0.029968709087462297,-0.02177423366440223
-3,1.0500000000000007,0.029730913764011158,-0.021613667985570628
-3,1.1000000000000005,0.029597274246635497,-0.021528697913915318
-3,1.1500000000000004,0.02956334077203171,-0.021516263033604432
-3,1.2000000000000002,0.029623541582450175,-0.021572469131179828
-3,1.25,0.02977135719500046,-0.021692714530081036
-3,1.3000000000000007,0.029999473695701218,-0.021871800928375484
-3,1.3500000000000005,0.0302999191453992,-0.022104031737677277
-3,1.4000000000000004,0.03066418774523716,-0.02238330137378819
-3,1.4500000000000002,0.031083356145586327,-0.022703178789441836
-3,1.5,0.03154819546044685,-0.023056987960874853
-3,1.5500000000000007,0.032049281427354526,-0.023437887230928434
-3,1.6000000000000005,0.032577103950720554,-0.02383894853249946
-3,1.6500000000000004,0.03312217615059998,-0.024253236689384616
-3,1.7000000000000002,0.03367514211867384,-0.024673888298107682
-3,1.75,0.0342268819161089,-0.02509418917805939
-3,1.8000000000000007,0.03476861194855685,-0.025507649051539127
-3,1.8500000000000005,0.035291978705060956,-0.025908071970611735
-3,1.9000000000000004,0.035789143912652754,-0.026289621019949916
-3,1.9500000000000002,0.03625285938898548,-0.026646875961626293
-3,2.0,0.03667653022035067,-0.026974882714257742
-3,2.0500000000000007,0.03705426530363454,-0.027269193841316097
-3,2.0999999999999996,0.037380914725973824,-0.02752589953186857
-3,2.1500000000000004,0.037652093881332505,-0.027741648866915325
-3,2.200000000000001,0.03786419461368595,-0.02791366145677454
-3,2.25,0.03801438401524759,-0.02803972979618452
-3,2.3000000000000007,0.03810059178569336,-0.02811821290544314
-3,2.3499999999999996,0.0381214872711535,-0.0281480220036201
-3,2.4000000000000004,0.03807644745096539,-0.028128599092678952
-3,2.450000000000001,0.03796551723013275,-0.028059889420742
-3,2.5,0.037789363432493506,-0.02794230884195592
-3,2.5500000000000007,0.03754922388131687,-0.027776707103907228
-3,2.5999999999999996,0.03724685290830321,-0.027564328076349343
-3,2.6500000000000004,0.0368844645565356,-0.02730676789237907
-3,2.700000000000001,0.03646467464516512,-0.027005931910462078
-3,2.75,0.035990442750116536,-0.026663991327833036
-3,2.8000000000000007,0.03546501503176103,-0.026283340187450488
-3,2.8499999999999996,0.034891868712388696,-0.02586655342599209
-3,2.9000000000000004,0.034274658877610165,-0.02541634651307101
-3,2.950000000000001,0.03361716815008675,-0.02493553713491803
-3,3.0,0.03292325966393639,-0.02442700928190078
-3,3.0500000000000007,0.03219683365592729,-0.023893680010361518
-3,3.0999999999999996,0.0314417878866613,-0.02333846906698467
-3,3.1500000000000004,0.030661982012404998,-0.02276427148924176
-3,3.200000000000001,0.02986120594655972,-0.022173933229168608
-3,3.25,0.02904315217914233,-0.021570229790058182
-3,3.3000000000000007,0.028211391962974286,-0.020955847816645168
-3,3.3499999999999996,0.027369355226074976,-0.02033336953878262
-3,3.4000000000000004,0.026520314030433756,-0.019705259936035446
-3,3.450000000000001,0.02566736936716829,-0.019073856465467998
-3,3.5,0.024813441056174668,-0.01844136117653372
-3,3.5500000000000007,0.023961260503847726,-0.017809835024613196
-3,3.6000000000000014,0.0231133660643712,-0.01718119418771691
-3,3.6500000000000004,0.022272100747537493,-0.016557208188328953
-3,3.700000000000001,0.021439612018173015,-0.01593949962365926
-3,3.75,0.020617853438194444,-0.015329545312034565
-3,3.8000000000000007,0.019808587911337217,-0.01472867867002714
-3,3.8500000000000014,0.019013392302011045,-0.014138093143853059
-3,3.9000000000000004,0.01823366321290898,-0.013558846528822333
-3,3.950000000000001,0.017470623720423184,-0.012991866021923482
-3,4.0,0.016725330882110256,-0.012437953864546714
-3,4.050000000000001,0.015998683846016437,-0.011897793444520133
-3,4.100000000000001,0.015291432407365857,-0.011371955738896489
-3,4.15,0.014604185873504427,-0.010860905990969005
-3,4.200000000000001,0.01393742211307325,-0.010365010526705465
-3,4.25,0.01329149667981433,-0.009884543627037612
-3,4.300000000000001,0.012666651915189675,-0.009419694383091759
-3,4.350000000000001,0.012063025946952077,-0.008970573471484666
-3,4.4,0.011480661512922818,-0.008537219796135531
-3,4.450000000000001,0.010919514550477682,-0.008119606951692226
-3,4.5,0.010379462502568604,-0.007717649471591148
-3,4.550000000000001,0.009860312300552287,-0.0073312088309598344
-3,4.600000000000001,0.009361807992641413,-0.0069600991811236135
-3,4.65,0.008883637994501203,-0.006604092798284444
-3,4.700000000000001,0.008425441945381973,-0.006262925234175043
-3,4.75,0.007986817159252979,-0.005936300161060615
-3,4.800000000000001,0.0075673246657648185,-0.005623893907491961
-3,4.850000000000001,0.007166494840491033,-0.00532535968471004
-3,4.9,0.006783832627916375,-0.00504033150656058
-3,4.950000000000001,0.006418822364032906,-0.004768427808351294
-3,5.0,0.006070932208233959,-0.00450925477216213
-3,5.050000000000001,0.005739618196594076,-0.004262409367880693
-3,5.100000000000001,0.005424327930446005,-0.00402748212062054
-3,5.15,0.005124503915721057,-0.0038040596162574047
-3,5.200000000000001,0.004839586569580945,-0.0035917267576413003
-3,5.25,0.004569016911720958,-0.0033900687846166733
-3,5.300000000000001,0.004312238958177339,-0.003198673071324709
-3,5.350000000000001,0.004068701835798549,-0.003017130714459526
-3,5.4,0.003837861635576978,-0.0028450379261535375
-3,5.450000000000001,0.0036191830228844424,-0.0026819972450553564
-3,5.5,0.0034121406224354445,-0.00252761857894912
-3,5.550000000000001,0.003216220195358055,-0.0023815200919230506
-3,5.600000000000001,0.0030309196253215376,-0.00224332894873136
-3,5.65,0.00285574972999747,-0.0021126819285224308
-3,5.700000000000001,0.002690234913619527,-0.0019892259196261364
-3,5.75,0.0025339136756548086,-0.001872618306562046
-3,5.800000000000001,0.0023863389899299037,-0.0017625272599079977
-3,5.850000000000001,0.002247078567855887,-0.0016586319390787807
-3,5.9,0.0021157150186628115,-0.0015606226175459703
-3,5.950000000000001,0.0019918459188499327,-0.0014682007394473118
-3,6.0,0.001875083802338473,-0.0013810789159989234
-2,-6.0,0.0015945610162142465,-0.0009320176297036298
-2,-5.95,0.0017007136646709498,-0.0009935056495664618
-2,-5.9,0.0018133103621846836,-0.0010587276363529519
-2,-5.85,0.0019326928602776405,-0.001127882346343867
-2,-5.8,0.002059216549309184,-0.0012011764329176167
-2,-5.75,0.0021932504444679424,-0.0012788244401860105
-2,-5.7,0.002335177093332419,-0.001361048751675753
-2,-5.65,0.00248539239559209,-0.0014480794885365356
-2,-5.6,0.002644305324720264,-0.0015401543512965077
-2,-5.55,0.0028123375406421403,-0.0016375183987444863
-2,-5.5,0.0029899228816021584,-0.0017404237570750603
-2,-5.45,0.0031775067226842424,-0.0018491292519899893
-2,-5.4,0.0033755451876391618,-0.0019638999559905557
-2,-5.35,0.0035845041999342797,-0.0020850066426953973
-2,-5.3,0.003804858358225527,-0.0022127251396097947
-2,-5.25,0.004037089620787526,-0.002347335570389575
-2,-5.2,0.004281685782874245,-0.002489121477328826
-2,-5.15,0.0045391387304407615,-0.002638368814516845
-2,-5.1,0.004809942453318783,-0.002795364801889466
-2,-5.05,0.005094590800636567,-0.0029603966302733653
-2,-5.0,0.005393574961209957,-0.0031337500074677394
-2,-4.95,0.005707380651722271,-0.0033157075354850463
-2,-4.9,0.00603648499581011,-0.0035065469092576684
-2,-4.85,0.006381353077779206,-0.003706538927469971
-2,-4.8,0.006742434155522226,-0.003915945306699697
-2,-4.75,0.007120157518444081,-0.0041350162907374255
-2,-4.7,0.007514927977791963,-0.00436398804794047
-2,-4.65,0.007927120978830526,-0.004603079850603375
-2,-4.6,0.008357077326833995,-0.004852491031860584
-2,-4.55,0.008805097521929373,-0.005112397717361272
-2,-4.5,0.009271435701499353,-0.005382949331120823
-2,-4.45,0.009756293193220245,-0.005664264877439429
-2,-4.4,0.010259811686838205,-0.005956429003706187
-2,-4.35,0.010782066038676152,-0.006259487852267487
-2,-4.3,0.011323056729560133,-0.006573444713407817
-2,-4.25,0.011882702004485157,-0.006898255495828565
-2,-4.2,0.012460829730932321,-0.00723382403596462
-2,-4.15,0.013057169022351989,-0.007579997272935568
-2,-4.1,0.013671341684029947,-0.007936560322034492
-2,-4.05,0.014302853550272054,-0.008303231486339602
-2,-4.0,0.014951085794709051,-0.008679657253332529
-2,-3.9499999999999997,0.015615286309446308,-0.009065407331323438
-2,-3.9,0.016294561263708207,-0.009459969788921718
-2,-3.85,0.016987866968522614,-0.009862746369836195
-2,-3.8,0.017694002190661084,-0.010273048064639134
-2,-3.75,0.018411601076346873,-0.01069009103099372
-2,-3.6999999999999997,0.019139126862902422,-0.011112992963724366
-2,-3.65,0.01987486657416193,-0.011540770026137182
-2,-3.5999999999999996,0.020616926912759848,-0.011972334463703493
-2,-3.55,0.021363231578766406,-0.01240649303046304
-2,-3.5,0.022111520258934814,-0.01284194636687186
-2,-3.4499999999999997,0.02285934954340485,-0.013277289474913356
-2,-3.4,0.02360409603609348,-0.013711013441648934
-2,-3.3499999999999996,0.024342961930358564,-0.014141508565506111
-2,-3.3,0.0250729833216925,-0.014567069039799208
-2,-3.25,0.025791041523103964,-0.01498589934477268
-2,-3.1999999999999997,0.02649387763517619,-0.015396122491988962
-2,-3.15,0.027178110600421412,-0.01579579025264266
-2,-3.0999999999999996,0.027840258939145324,-0.016182895483552784
-2,-3.05,0.028476766320551627,-0.01655538664062517
-2,-3.0,0.029084031067239113,-0.016911184538883628
-2,-2.9499999999999997,0.02965843962283743,-0.017248201380364314
-2,-2.9,0.030196403930973226,-0.017564362025984437
-2,-2.8499999999999996,0.03069440257906897,-0.01785762743497976
-2,-2.8,0.031149025453358847,-0.01812602013596276
-2,-2.75,0.03155702153324769,-0.01836765152774289
-2,-2.6999999999999997,0.03191534932587414,-0.018580750736898022
-2,-2.65,0.0322212293083608,-0.018763694684218457
-2,-2.5999999999999996,0.03247219760964204,-0.01891503893561408
-2,-2.55,0.032666160030618396,-0.019033548837383396
-2,-2.5,0.03280144537631147,-0.019118230363913913
-2,-2.4499999999999997,0.03287685696289966,-0.019168360041279087
-2,-2.4,0.032891721072853874,-0.019183513256534113
-2,-2.3499999999999996,0.03284593106984657,-0.019163590223712834
-2,-2.3,0.032739985858639686,-0.01910883885744541
-2,-2.25,0.032575021390186976,-0.019019873807438525
-2,-2.1999999999999997,0.032352833974115924,-0.018897690935093525
-2,-2.15,0.03207589427357438,-0.018743676569688894
-2,-2.0999999999999996,0.03174735102305948,-0.018559610967487483
-2,-2.05,0.03137102372784595,-0.018347665513003708
-2,-2.0,0.030951383870526428,-0.018110393346327136
-2,-1.9500000000000002,0.030493524459421995,-0.017850713270645358
-2,-1.8999999999999995,0.030003118095001002,-0.017571886985152663
-2,-1.8499999999999996,0.029486364090248407,-0.01727748989292799
-2,-1.7999999999999998,0.02894992554160758,-0.01697137594190412
-2,-1.75,0.02840085758773514,-0.016657637157836414
-2,-1.7000000000000002,0.027846528389426473,-0.016340558707292896
-2,-1.6499999999999995,0.027294534588662156,-0.01602457047012318
-2,-1.5999999999999996,0.02675261312880617,-0.015714196187184948
-2,-1.5499999999999998,0.02622855131226809,-0.015414001262153088
-2,-1.5,0.025730096809102987,-0.015128540218824815
-2,-1.4500000000000002,0.02526486898809832,-0.014862304633014523
-2,-1.3999999999999995,0.024840272409031083,-0.014619672062390343
-2,-1.3499999999999996,0.024463412595299272,-0.014404856089454965
-2,-1.2999999999999998,0.024141013327695027,-0.014221857087222123
-2,-1.25,0.023879333721454343,-0.014074412747555831
-2,-1.1999999999999993,0.0236840823663394,-0.013965946834679777
-2,-1.1499999999999995,0.0235603249615422,-0.013899514122111656
-2,-1.0999999999999996,0.023512381341621647,-0.013877739144922518
-2,-1.0499999999999998,0.023543707774024925,-0.013902746373120278
-2,-1.0,0.02365676112811682,-0.013976079812650477
-2,-0.9499999999999993,0.023852843157996073,-0.01409861097844134
-2,-0.8999999999999995,0.024131925820781774,-0.014270435725289632
-2,-0.8499999999999996,0.02449246225536328,-0.014490762558375447
-2,-0.7999999999999998,0.024931192583367262,-0.014757797662500627
-2,-0.75,0.025442958663792176,-0.015068634752154697
-2,-0.6999999999999993,0.026020546724806803,-0.015419160596944259
-2,-0.6499999999999995,0.026654580634788004,-0.0158039892707611
-2,-0.5999999999999996,0.027333490611473537,-0.016216439325753784
-2,-0.5499999999999998,0.028043581613731064,-0.01664856776568191
-2,-0.5,0.028769221933115333,-0.01709127258087728
-2,-0.4499999999999993,0.02949316536707125,-0.017534471609952584
-2,-0.39999999999999947,0.030197010029606258,-0.01796735977131192
-2,-0.34999999999999964,0.03086178406532225,-0.018378739693978408
-2,-0.2999999999999998,0.03146863451684884,-0.01875741315908297
-2,-0.25,0.03199958203910347,-0.01909261342475088
-2,-0.1999999999999993,0.03243829303637574,-0.019374452438410628
-2,-0.14999999999999947,0.03277081412300237,-0.019594353105779838
-2,-0.09999999999999964,0.03298621319966066,-0.01974543594969902
-2,-0.04999999999999982,0.0330770776646786,-0.019822832028075
-2,0.0,0.033039832858422824,-0.019823899715053717
-2,0.05000000000000071,0.03287486091744729,-0.019748331121200446
-2,0.10000000000000053,0.032586418912455395,-0.01959814331757076
-2,0.15000000000000036,0.03218237230826926,-0.019377558752983248
-2,0.20000000000000018,0.031673772906884,-0.01909278712754528
-2,0.25,0.03107431832296159,-0.018751726792488155
-2,0.3000000000000007,0.03039973293980469,-0.018363607314908992
-2,0.35000000000000053,0.029667109447557682,-0.017938596413749397
-2,0.40000000000000036,0.028894246992066996,-0.01748739444169211
-2,0.4500000000000002,0.02809901782365576,-0.017020838304483702
-2,0.5,0.027298789660002765,-0.016549534374993666
-2,0.5500000000000007,0.026509925773468224,-0.016083536666637768
-2,0.6000000000000005,0.0257473788926188,-0.015632082376701772
-2,0.6500000000000004,0.025024388320188162,-0.015203392102224517
-2,0.7000000000000002,0.024352282488053545,-0.014804536930772022
-2,0.75,0.023740382083658584,-0.014441369696315876
-2,0.8000000000000007,0.023195992645695718,-0.014118513474937311
-2,0.8500000000000005,0.02272447084535889,-0.013839397302057965
-2,0.9000000000000004,0.022329346013322704,-0.0136063273751732
-2,0.9500000000000002,0.022012477971282918,-0.013420581699125966
-2,1.0,0.02177423366440223,-0.013282517062860877
-2,1.0500000000000007,0.02161366798557074,-0.013191679082637187
-2,1.1000000000000005,0.021528697913915318,-0.013146908408399383
-2,1.1500000000000004,0.021516263033604544,-0.013146438674976557
-2,1.2000000000000002,0.021572469131179828,-0.013187984063831482
-2,1.25,0.021692714530080925,-0.013268816203365397
-2,1.3000000000000007,0.02187180092837515,-0.01338583146642014
-2,1.3500000000000005,0.022104031737677277,-0.013535610510331031
-2,1.4000000000000004,0.02238330137378819,-0.013714472207300932
-2,1.4500000000000002,0.022703178789442058,-0.013918524033509572
-2,1.5,0.023056987960874853,-0.014143710643161889
-2,1.5500000000000007,0.023437887230928656,-0.014385861863764782
-2,1.6000000000000005,0.02383894853249946,-0.014640740809598207
-2,1.6500000000000004,0.024253236689385282,-0.014904092296705085
-2,1.7000000000000002,0.024673888298107904,-0.015171691305227775
-2,1.75,0.025094189178060056,-0.01543939090164037
-2,1.8000000000000007,0.02550764905153935,-0.015703168813983925
-2,1.8500000000000005,0.025908071970611513,-0.015959171743587852
-2,1.9000000000000004,0.02628962101995036,-0.01620375648381822
-2,1.9500000000000002,0.026646875961626293,-0.016433526981983748
-2,2.0,0.026974882714258186,-0.01664536660454341
-2,2.0500000000000007,0.02726919384131632,-0.01683646502849312
-2,2.0999999999999996,0.027525899531868347,-0.017004339365469523
-2,2.1500000000000004,0.027741648866915547,-0.01714684931460453
-2,2.200000000000001,0.027913661456774985,-0.01726220632344133
-2,2.25,0.02803972979618452,-0.01734897690438464
-2,2.3000000000000007,0.028118212905443585,-0.017406080401004553
-2,2.3499999999999996,0.0281480220036201,-0.01743278162036699
-2,2.4000000000000004,0.02812859909267873,-0.01742867884278554
-2,2.450000000000001,0.028059889420742667,-0.0173936877889056
-2,2.5,0.02794230884195592,-0.01732802216704621
-2,2.5500000000000007,0.027776707103906784,-0.01723217144333189
-2,2.5999999999999996,0.027564328076348676,-0.017106876475980304
-2,2.6500000000000004,0.02730676789237929,-0.016953103636225375
-2,2.700000000000001,0.027005931910461634,-0.016772018004903577
-2,2.75,0.026663991327833703,-0.016564956188905855
-2,2.8000000000000007,0.026283340187450488,-0.016333399248522618
-2,2.8499999999999996,0.02586655342599231,-0.016078946168056385
-2,2.9000000000000004,0.025416346513070565,-0.01580328824044197
-2,2.950000000000001,0.024935537134918473,-0.01550818467428905
-2,3.0,0.024427009281900336,-0.015195439670600441
-2,3.0500000000000007,0.023893680010361074,-0.014866881157922895
-2,3.0999999999999996,0.02333846906698467,-0.014524341320124812
-2,3.1500000000000004,0.022764271489241317,-0.014169639001154977
-2,3.200000000000001,0.022173933229168608,-0.013804564026617783
-2,3.25,0.021570229790058182,-0.013430863443124164
-2,3.3000000000000007,0.020955847816645168,-0.013050229643202904
-2,3.3499999999999996,0.02033336953878262,-0.012664290315978821
-2,3.4000000000000004,0.019705259936035446,-0.012274600141628511
-2,3.450000000000001,0.019073856465467998,-0.011882634130410796
-2,3.5,0.01844136117653372,-0.011489782494408907
-2,3.5500000000000007,0.017809835024613196,-0.011097346931564722
-2,3.6000000000000014,0.01718119418771691,-0.010706538196582738
-2,3.6500000000000004,0.016557208188328953,-0.010318474831357172
-2,3.700000000000001,0.01593949962365926,-0.009934182928213353
-2,3.75,0.015329545312034565,-0.009554596802035853
-2,3.8000000000000007,0.01472867867002714,-0.009180560451773623
-2,3.8500000000000014,0.014138093143853059,-0.008812829697589564
-2,3.9000000000000004,0.013558846528822333,-0.008452074886595717
-2,3.950000000000001,0.012991866021923482,-0.008098884067498702
-2,4.0,0.012437953864546714,-0.007753766542220042
-2,4.050000000000001,0.011897793444520133,-0.007417156710535888
-2,4.100000000000001,0.011371955738896489,-0.00708941813172137
-2,4.15,0.010860905990969005,-0.006770847735057206
-2,4.200000000000001,0.010365010526705465,-0.006461680118618585
-2,4.25,0.009884543627037612,-0.006162091883084919
-2,4.300000000000001,0.009419694383091759,-0.0058722059541826965
-2,4.350000000000001,0.008970573471484666,-0.0055920958538284715
-2,4.4,0.008537219796135531,-0.005321789886078232
-2,4.450000000000001,0.008119606951692226,-0.005061275209508054
-2,4.5,0.007717649471591148,-0.004810501772733122
-2,4.550000000000001,0.0073312088309598344,-0.0045693860943729625
-2,4.600000000000001,0.0069600991811236135,-0.00433781487291407
-2,4.65,0.006604092798284444,-0.004115648415665252
-2,4.700000000000001,0.006262925234175043,-0.0039027238792397334
-2,4.75,0.005936300161060615,-0.003698858316965037
-2,4.800000000000001,0.005623893907491961,-0.0035038515311089924
-2,4.850000000000001,0.00532535968471004,-0.0033174887300231326
-2,4.9,0.00504033150656058,-0.003139542992165456
-2,4.950000000000001,0.004768427808351294,-0.0029697775405583826
-2,5.0,0.00450925477216213,-0.0028079478325553353
-2,5.050000000000001,0.004262409367880693,-0.0026538034708369906
-2,5.100000000000001,0.00402748212062054,-0.00250708994247395
-2,5.15,0.0038040596162574047,-0.0023675501935018772
-2,5.200000000000001,0.0035917267576413003,-0.002234926046979613
-2,5.25,0.0033900687846166733,-0.002108959472852945
-2,5.300000000000001,0.003198673071324709,-0.001989393718120347
-2,5.350000000000001,0.003017130714459526,-0.0018759743059417744
-2,5.4,0.0028450379261535375,-0.0017684499122854191
-2,5.450000000000001,0.0026819972450562446,-0.0016665731286535923
-2,5.5,0.0025276185789504524,-0.0015701011192557068
-2,5.550000000000001,0.0023815200919221624,-0.001478796180795161
-2,5.600000000000001,0.002243328948730472,-0.0013924262127744669
-2,5.65,0.002112681928522875,-0.001310765105932532
-2,5.700000000000001,0.0019892259196261364,-0.0012335930560993802
-2,5.75,0.0018726183065629343,-0.0011606968104316273
-2,5.800000000000001,0.0017625272599079977,-0.0010918698526123372
-2,5.850000000000001,0.0016586319390796689,-0.0010269125332706963
-2,5.9,0.0015606226175464144,-0.000965632151486151
-2,5.950000000000001,0.0014682007394473118,-0.000907842992905028
-2,6.0,0.0013810789159993675,-0.0008533663296246274
-1,-6.0,0.0009320176297036298,-0.0003031819432273153
-1,-5.95,0.0009935056495664618,-0.00032301020160163674
-1,-5.9,0.0010587276363529519,-0.0003440429754637542
-1,-5.85,0.001127882346343867,-0.0003663446094410716
-1,-5.8,0.0012011764329176167,-0.0003899819938006921
-1,-5.75,0.0012788244401860105,-0.000415024562942623
-1,-5.7,0.001361048751675753,-0.0004415442795515645
-1,-5.65,0.0014480794885365356,-0.00046961560259761725
-1,-5.6,0.0015401543512965077,-0.000499315437239467
-1,-5.55,0.0016375183987444863,-0.0005307230645388294
-1,-5.5,0.0017404237570750603,-0.0005639200487563834
-1,-5.45,0.0018491292519899893,-0.0005989901198693026
-1,-5.4,0.0019638999559905557,-0.0006360190287866274
-1,-5.35,0.0020850066426953973,-0.0006750943726361314
-1,-5.3,0.0022127251396097947,-0.000716305387347127
-1,-5.25,0.002347335570389575,-0.0007597427046501792
-1,-5.2,0.002489121477328826,-0.0008054980705054504
-1,-5.15,0.002638368814516845,-0.0008536640218848035
-1,-5.1,0.002795364801889466,-0.000904333518780831
-1,-5.05,0.0029603966302733653,-0.0009575995282400385
-1,-5.0,0.0031337500074677394,-0.0010135545572591553
-1,-4.95,0.0033157075354850463,-0.0010722901313591215
-1,-4.9,0.0035065469092576684,-0.0011338962157432242
-1,-4.85,0.003706538927469971,-0.001198460576066207
-1,-4.8,0.003915945306699697,-0.001266068075986837
-1,-4.75,0.0041350162907374255,-0.0013367999089339833
-1,-4.7,0.00436398804794047,-0.0014107327618182453
-1,-4.65,0.004603079850603375,-0.001487937908778214
-1,-4.6,0.004852491031860584,-0.0015684802335771408
-1,-4.55,0.005112397717361272,-0.001652417179788035
-1,-4.5,0.005382949331120823,-0.0017397976286219752
-1,-4.45,0.005664264877439429,-0.001830660705057774
-1,-4.4,0.005956429003706187,-0.0019250345138424052
-1,-4.35,0.006259487852267487,-0.002022934808047605
-1,-4.3,0.006573444713407817,-0.0021243635940670913
-1,-4.25,0.006898255495828565,-0.002229307678347947
-1,-4.2,0.00723382403596462,-0.002337737162717346
-1,-4.15,0.007579997272935568,-0.0024496038968950806
-1,-4.1,0.007936560322034492,-0.002564839898743898
-1,-4.05,0.008303231486339602,-0.002683355754893757
-1,-4.0,0.008679657253332529,-0.0028050390167195793
-1,-3.9499999999999997,0.009065407331323438,-0.0029297526091243142
-1,-3.9,0.009459969788921718,-0.003057333272276086
-1,-3.85,0.009862746369836195,-0.003187590059254841
-1,-3.8,0.010273048064639134,-0.0033203029155592922
-1,-3.75,0.01069009103099372,-0.0034552213694780676
-1,-3.6999999999999997,0.011112992963724366,-0.0035920633654789036
-1,-3.65,0.011540770026137182,-0.003730514275876562
-1,-3.5999999999999996,0.011972334463703493,-0.003870226129127463
-1,-3.55,0.01240649303046304,-0.004010817095973618
-1,-3.5,0.01284194636687186,-0.004151871277294106
-1,-3.4499999999999997,0.013277289474913356,-0.004292938839780547
-1,-3.4,0.013711013441648934,-0.004433536547214789
-1,-3.3499999999999996,0.014141508565506111,-0.0045731487361666545
-1,-3.3,0.014567069039799652,-0.0047112287850192835
-1,-3.25,0.014985899344772902,-0.004847201124290823
-1,-3.1999999999999997,0.015396122491989184,-0.00498046383396078
-1,-3.15,0.01579579025264266,-0.005110391869786568
-1,-3.0999999999999996,0.016182895483552784,-0.005236340955143248
-1,-3.05,0.016555386640624725,-0.005357652167570226
-1,-3.0,0.016911184538882962,-0.0054736572397908745
-1,-2.9499999999999997,0.017248201380364536,-0.005583684583352344
-1,-2.9,0.01756436202598466,-0.005687066029086196
-1,-2.8499999999999996,0.017857627434979984,-0.005783144262429207
-1,-2.8,0.01812602013596276,-0.005871280913184229
-1,-2.75,0.018367651527742668,-0.005950865238882219
-1,-2.6999999999999997,0.0185807507368978,-0.0060213233187762505
-1,-2.65,0.0187636946842189,-0.006082127652073055
-1,-2.5999999999999996,0.018915038935614525,-0.006132807030001519
-1,-2.55,0.019033548837383396,-0.0061729565273132
-1,-2.5,0.019118230363914135,-0.006202247435888708
-1,-2.4499999999999997,0.01916836004127953,-0.0062204369421050565
-1,-2.4,0.019183513256534335,-0.006227377331821327
-1,-2.3499999999999996,0.019163590223713278,-0.0062230244932997
-1,-2.3,0.019108838857445187,-0.0062074454804395
-1,-2.25,0.01901987380743808,-0.00618082489742644
-1,-2.1999999999999997,0.01889769093509308,-0.006143469872492702
-1,-2.15,0.018743676569689338,-0.006095813403697914
-1,-2.0999999999999996,0.018559610967487483,-0.00603841588420817
-1,-2.05,0.018347665513004152,-0.005971964648667338
-1,-2.0,0.018110393346326914,-0.005897271425749029
-1,-1.9500000000000002,0.017850713270645135,-0.005815267634152299
-1,-1.8999999999999995,0.017571886985152663,-0.005726997518733068
-1,-1.8499999999999996,0.017277489892927878,-0.00563360918818212
-1,-1.7999999999999998,0.01697137594190401,-0.005536343682737144
-1,-1.75,0.016657637157836525,-0.005436522266307753
-1,-1.7000000000000002,0.016340558707292785,-0.0053355321974721814
-1,-1.6499999999999995,0.016024570470123067,-0.0052348112830487015
-1,-1.5999999999999996,0.01571419618718517,-0.0051358315502436636
-1,-1.5499999999999998,0.015414001262153088,-0.00504008238277609
-1,-1.5,0.015128540218824815,-0.0049490534466880565
-1,-1.4500000000000002,0.014862304633014523,-0.0048642176777187185
-1,-1.3999999999999995,0.014619672062390454,-0.004787014510788223
-1,-1.3499999999999996,0.014404856089454965,-0.00471883340323509
-1,-1.2999999999999998,0.014221857087222123,-0.004660997541378498
-1,-1.25,0.014074412747555609,-0.004614747435452982
-1,-1.1999999999999993,0.013965946834679888,-0.004581223919098321
-1,-1.1499999999999995,0.013899514122111434,-0.0045614499028816535
-1,-1.0999999999999996,0.013877739144922796,-0.004556310121019536
-1,-1.0499999999999998,0.013902746373120334,-0.004566528096708211
-1,-1.0,0.013976079812650477,-0.0045926396756654775
-1,-0.9499999999999993,0.01409861097844134,-0.004634962775736051
-1,-0.8999999999999995,0.014270435725289632,-0.0046935634941331905
-1,-0.8499999999999996,0.014490762558375336,-0.004768219399809093
-1,-0.7999999999999998,0.014757797662500516,-0.00485838167916075
-1,-0.75,0.015068634752154586,-0.00496313872159071
-1,-0.6999999999999993,0.015419160596944231,-0.005081184611726908
-1,-0.6499999999999995,0.01580398927076125,-0.005210796693250197
-1,-0.5999999999999996,0.01621643932575357,-0.005349826732484297
-1,-0.5499999999999998,0.016648567765681903,-0.005495710102937146
-1,-0.5,0.01709127258087722,-0.005645496745446343
-1,-0.4499999999999993,0.017534471609952543,-0.005795906412320528
-1,-0.39999999999999947,0.017967359771311836,-0.00594340893999723
-1,-0.34999999999999964,0.01837873969397852,-0.006084328157018648
-1,-0.2999999999999998,0.01875741315908311,-0.006214965734534839
-1,-0.25,0.01909261342475088,-0.006331739081368193
-1,-0.1999999999999993,0.019374452438410572,-0.006431325545102062
-1,-0.14999999999999947,0.01959435310577967,-0.006510803954041244
-1,-0.09999999999999964,0.019745435949698964,-0.0065677841135065584
-1,-0.04999999999999982,0.01982283202807511,-0.0066005153515608095
-1,0.0,0.019823899715053717,-0.006607966571684554
-1,0.05000000000000071,0.019748331121200446,-0.006589872364864358
-1,0.10000000000000053,0.019598143317570815,-0.006546742308916775
-1,0.15000000000000036,0.019377558752983193,-0.006479833332213136
-1,0.20000000000000018,0.019092787127545363,-0.006391087643549842
-1,0.25,0.018751726792488155,-0.006283040991044875
-1,0.3000000000000007,0.018363607314908936,-0.006158707756795806
-1,0.35000000000000053,0.017938596413749397,-0.006021450545557319
-1,0.40000000000000036,0.017487394441692006,-0.005874842464337338
-1,0.4500000000000002,0.017020838304483532,-0.005722530225824932
-1,0.5,0.016549534374993735,-0.005568105573177277
-1,0.5500000000000007,0.016083536666637865,-0.005414991374502506
-1,0.6000000000000005,0.015632082376701772,-0.0052663471683340735
-1,0.6500000000000004,0.015203392102224322,-0.005124997097744971
-1,0.7000000000000002,0.014804536930772105,-0.00499338123084514
-1,0.75,0.014441369696315931,-0.004873529427899453
-1,0.8000000000000007,0.014118513474937089,-0.0047670553666517845
-1,0.8500000000000005,0.013839397302058298,-0.00467516722033523
-1,0.9000000000000004,0.0136063273751732,-0.004598690872687883
-1,0.9500000000000002,0.013420581699126188,-0.00453810145011968
-1,1.0,0.013282517062860988,-0.004493559282838344
-1,1.0500000000000007,0.013191679082637409,-0.004464947055210777
-1,1.1000000000000005,0.013146908408399716,-0.004451905730087691
-1,1.1500000000000004,0.013146438674976446,-0.004453867696147862
-1,1.2000000000000002,0.013187984063831593,-0.00447008638040558
-1,1.25,0.013268816203365619,-0.004499662214854316
-1,1.3000000000000007,0.01338583146642014,-0.004541565309835516
-1,1.3500000000000005,0.013535610510331031,-0.004594655463360242
-1,1.4000000000000004,0.013714472207301043,-0.004657700245775609
-1,1.4500000000000002,0.013918524033509572,-0.004729391877789313
-1,1.5,0.01414371064316211,-0.0048083635073075115
-1,1.5500000000000007,0.014385861863764893,-0.004893205325863348
-1,1.6000000000000005,0.014640740809598318,-0.00498248078201724
-1,1.6500000000000004,0.014904092296705196,-0.0050747429725604976
-1,1.7000000000000002,0.015171691305227775,-0.00516855114003445
-1,1.75,0.015439390901640149,-0.005262487086851175
-1,1.8000000000000007,0.01570316881398437,-0.005355171235891909
-1,1.8500000000000005,0.015959171743588296,-0.005445278023990419
-1,1.9000000000000004,0.01620375648381822,-0.005531550304257005
-1,1.9500000000000002,0.016433526981983526,-0.005612812450057847
-1,2.0,0.016645366604543632,-0.005687981891208338
-1,2.0500000000000007,0.016836465028493564,-0.005756078865165382
-1,2.0999999999999996,0.017004339365469523,-0.005816234226777128
-1,2.1500000000000004,0.01714684931460475,-0.005867695224400116
-1,2.200000000000001,0.01726220632344111,-0.005909829213685436
-1,2.25,0.01734897690438464,-0.005942125339847504
-1,2.3000000000000007,0.017406080401004775,-0.0059641942723769326
-1,2.3499999999999996,0.017432781620366544,-0.005975766121393278
-1,2.4000000000000004,0.017428678842785317,-0.005976686701285594
-1,2.450000000000001,0.017393687788906043,-0.00596691233462332
-1,2.5,0.01732802216704643,-0.005946503407764814
-1,2.5500000000000007,0.01723217144333189,-0.005915616899591969
-1,2.5999999999999996,0.017106876475980304,-0.005874498107196535
-1,2.6500000000000004,0.01695310363622493,-0.005823471788074297
-1,2.700000000000001,0.016772018004904243,-0.005762932928491393
-1,2.75,0.016564956188906077,-0.005693337333334103
-1,2.8000000000000007,0.01633339924852306,-0.005615192214978082
-1,2.8499999999999996,0.01607894616805705,-0.0055290469385829155
-1,2.9000000000000004,0.015803288240441304,-0.00543548405972305
-1,2.950000000000001,0.015508184674288827,-0.005335110768198703
-1,3.0,0.01519543967060022,-0.0052285508300367045
-1,3.0500000000000007,0.014866881157922673,-0.005116437098612314
-1,3.0999999999999996,0.014524341320124812,-0.004999404646082617
-1,3.1500000000000004,0.014169639001154977,-0.004878084548145978
-1,3.200000000000001,0.013804564026617783,-0.004753098338908135
-1,3.25,0.013430863443124164,-0.004625053138341162
-1,3.3000000000000007,0.013050229643202904,-0.004494537442648383
-1,3.3499999999999996,0.012664290315978821,-0.004362117557662248
-1,3.4000000000000004,0.012274600141628511,-0.004228334647211174
-1,3.450000000000001,0.011882634130410796,-0.004093702361994467
-1,3.5,0.011489782494408907,-0.003958705009799779
-1,3.5500000000000007,0.011097346931564722,-0.0038237962247023027
-1,3.6000000000000014,0.010706538196582738,-0.003689398090967355
-1,3.6500000000000004,0.010318474831357172,-0.003555900676622148
-1,3.700000000000001,0.009934182928213353,-0.0034236619318339656
-1,3.75,0.009554596802035853,-0.003293007908198753
-1,3.8000000000000007,0.009180560451773623,-0.0031642332565779974
-1,3.8500000000000014,0.008812829697589564,-0.0030376019632201157
-1,3.9000000000000004,0.008452074886595717,-0.002913348286230022
-1,3.950000000000001,0.008098884067498702,-0.0027916778571492884
-1,4.0,0.007753766542220042,-0.0026727689151315737
-1,4.050000000000001,0.007417156710535888,-0.0025567736440641475
-1,4.100000000000001,0.00708941813172137,-0.002443819585841389
-1,4.15,0.006770847735057206,-0.0023340111057694735
-1,4.200000000000001,0.006461680118618585,-0.002227430888810389
-1,4.25,0.006162091883084919,-0.0021241414479562515
-1,4.300000000000001,0.0058722059541826965,-0.002024186628463376
-1,4.350000000000001,0.0055920958538284715,-0.001927593093984381
-1,4.4,0.005321789886078232,-0.0018343717827526973
-1,4.450000000000001,0.005061275209508054,-0.0017445193239247203
-1,4.5,0.004810501772733122,-0.0016580194059954145
-1,4.550000000000001,0.0045693860943729625,-0.0015748440907894512
-1,4.600000000000001,0.00433781487291407,-0.0014949550680141144
-1,4.65,0.004115648415665252,-0.0014183048466449577
-1,4.700000000000001,0.0039027238792397334,-0.001344837880575156
-1,4.75,0.003698858316965037,-0.0012744916269662454
-1,4.800000000000001,0.0035038515311089924,-0.0012071975366163556
-1,4.850000000000001,0.0033174887300231326,-0.0011428819764316422
-1,4.9,0.003139542992165456,-0.0010814670847305585
-1,4.950000000000001,0.0029697775405583826,-0.0010228715606550587
-1,5.0,0.0028079478325553353,-0.0009670113894149068
-1,5.050000000000001,0.0026538034708369906,-0.0009138005054634135
-1,5.100000000000001,0.00250708994247395,-0.0008631513960066783
-1,5.15,0.0023675501935018772,-0.0008149756474544745
-1,5.200000000000001,0.002234926046979613,-0.0007691844375976586
-1,5.25,0.002108959472852945,-0.0007256889764306607
-1,5.300000000000001,0.001989393718120347,-0.0006844008985629202
-1,5.350000000000001,0.0018759743059417744,-0.0006452326102426298
-1,5.4,0.0017684499122854191,-0.0006080975939717348
-1,5.450000000000001,0.0016665731286535923,-0.0005729106736782619
-1,5.5,0.0015701011192557068,-0.0005395882433538723
-1,5.550000000000001,0.001478796180795161,-0.0005080484619743864
-1,5.600000000000001,0.0013924262127744669,-0.0004782114174508578
-1,5.65,0.001310765105932532,-0.0004499992622251092
-1,5.700000000000001,0.001233593056098936,-0.00042333632304014657
-1,5.75,0.0011606968104320714,-0.0003981491872635523
-1,5.800000000000001,0.001091869852611893,-0.0003743667680429219
-1,5.850000000000001,0.0010269125332698081,-0.00035192035043074554
-1,5.9,0.0009656321514848187,-0.0003307436204829095
-1,5.950000000000001,0.0009078429929054721,-0.0003107726792221932
-1,6.0,0.0008533663296246274,-0.00029194604321602924
0,-6.0,0.0003031819432273153,0.00029194604321602924
0,-5.95,0.00032301020160163674,0.0003107726792221932
0,-5.9,0.0003440429754637542,0.0003307436204829095
0,-5.85,0.0003663446094410716,0.00035192035043074554
0,-5.8,0.0003899819938006921,0.0003743667680429219
0,-5.75,0.000415024562942623,0.0003981491872635523
0,-5.7,0.0004415442795515645,0.00042333632304014657
0,-5.65,0.00046961560259761725,0.0004499992622251092
0,-5.6,0.000499315437239467,0.0004782114174508578
0,-5.55,0.0005307230645388294,0.0005080484619743864
0,-5.5,0.0005639200487563834,0.0005395882433538723
0,-5.45,0.0005989901198693026,0.0005729106736782619
0,-5.4,0.0006360190287866274,0.0006080975939717348
0,-5.35,0.0006750943726361314,0.0006452326102426298
0,-5.3,0.000716305387347127,0.0006844008985629202
0,-5.25,0.0007597427046501792,0.0007256889764306607
0,-5.2,0.0008054980705054504,0.0007691844375976586
0,-5.15,0.0008536640218848035,0.0008149756474544745
0,-5.1,0.000904333518780831,0.0008631513960066783
0,-5.05,0.0009575995282400385,0.0009138005054634135
0,-5.0,0.0010135545572591553,0.0009670113894149068
0,-4.95,0.0010722901313591215,0.0010228715606550587
0,-4.9,0.0011338962157432242,0.0010814670847305585
0,-4.85,0.001198460576066207,0.0011428819764316422
0,-4.8,0.001266068075986837,0.0012071975366163556
0,-4.75,0.0013367999089339833,0.0012744916269662454
0,-4.7,0.0014107327618182453,0.001344837880575156
0,-4.65,0.001487937908778214,0.0014183048466449577
0,-4.6,0.0015684802335771408,0.0014949550680141144
0,-4.55,0.001652417179788035,0.0015748440907894512
0,-4.5,0.0017397976286219752,0.0016580194059954145
0,-4.45,0.001830660705057774,0.0017445193239247203
0,-4.4,0.0019250345138424052,0.0018343717827526973
0,-4.35,0.002022934808047605,0.001927593093984381
0,-4.3,0.0021243635940670913,0.002024186628463376
0,-4.25,0.002229307678347947,0.0021241414479562515
0,-4.2,0.002337737162717346,0.002227430888810389
0,-4.15,0.0024496038968950806,0.0023340111057694735
0,-4.1,0.002564839898743898,0.002443819585841389
0,-4.05,0.002683355754893757,0.0025567736440641475
0,-4.0,0.0028050390167195793,0.0026727689151315737
0,-3.9499999999999997,0.0029297526091243142,0.0027916778571492884
0,-3.9,0.003057333272276086,0.002913348286230022
0,-3.85,0.003187590059254841,0.0030376019632201157
0,-3.8,0.0033203029155592922,0.0031642332565779974
0,-3.75,0.0034552213694780676,0.003293007908198753
0,-3.6999999999999997,0.0035920633654789036,0.0034236619318339656
0,-3.65,0.003730514275876562,0.003555900676622148
0,-3.5999999999999996,0.003870226129127463,0.003689398090967355
0,-3.55,0.004010817095973618,0.0038237962247023027
0,-3.5,0.004151871277294106,0.003958705009799779
0,-3.4499999999999997,0.004292938839780547,0.004093702361994467
0,-3.4,0.004433536547214789,0.004228334647211174
0,-3.3499999999999996,0.0045731487361666545,0.004362117557662248
0,-3.3,0.0047112287850192835,0.004494537442648383
0,-3.25,0.004847201124290823,0.004625053138341162
0,-3.1999999999999997,0.004980463833961002,0.004753098338908135
0,-3.15,0.005110391869787012,0.004878084548145978
0,-3.0999999999999996,0.005236340955143692,0.004999404646082617
0,-3.05,0.005357652167570004,0.00511643709861298
0,-3.0,0.0054736572397910965,0.0052285508300364825
0,-2.9499999999999997,0.005583684583352344,0.005335110768198703
0,-2.9,0.005687066029085974,0.005435484059722384
0,-2.8499999999999996,0.005783144262429207,0.00552904693858336
0,-2.8,0.005871280913183563,0.00561519221497786
0,-2.75,0.005950865238882219,0.005693337333334103
0,-2.6999999999999997,0.0060213233187760284,0.005762932928491171
0,-2.65,0.006082127652073499,0.005823471788074741
0,-2.5999999999999996,0.006132807030001741,0.005874498107197201
0,-2.55,0.006172956527313422,0.005915616899592191
0,-2.5,0.006202247435888486,0.005946503407765036
0,-2.4499999999999997,0.0062204369421050565,0.00596691233462332
0,-2.4,0.0062273773318208825,0.00597668670128515
0,-2.3499999999999996,0.006223024493300144,0.005975766121393722
0,-2.3,0.006207445480439944,0.0059641942723769326
0,-2.25,0.00618082489742644,0.005942125339847948
0,-2.1999999999999997,0.006143469872492924,0.005909829213685214
0,-2.15,0.006095813403697914,0.00586769522440056
0,-2.0999999999999996,0.006038415884208392,0.0058162342267777944
0,-2.05,0.005971964648666894,0.005756078865165826
0,-2.0,0.005897271425748585,0.005687981891207894
0,-1.9500000000000002,0.005815267634152077,0.005612812450057625
0,-1.8999999999999995,0.00572699751873329,0.005531550304257227
0,-1.8499999999999996,0.005633609188181676,0.005445278023990419
0,-1.7999999999999998,0.005536343682737588,0.005355171235891465
0,-1.75,0.005436522266307753,0.005262487086850953
0,-1.7000000000000002,0.0053355321974722925,0.005168551140034561
0,-1.6499999999999995,0.0052348112830488125,0.005074742972560609
0,-1.5999999999999996,0.005135831550243997,0.004982480782017129
0,-1.5499999999999998,0.005040082382775868,0.004893205325863237
0,-1.5,0.0049490534466880565,0.0048083635073077335
0,-1.4500000000000002,0.0048642176777187185,0.004729391877789313
0,-1.3999999999999995,0.004787014510788334,0.004657700245775276
0,-1.3499999999999996,0.00471883340323509,0.004594655463360242
0,-1.2999999999999998,0.00466099754137872,0.004541565309835294
0,-1.25,0.0046147474354527596,0.004499662214854316
0,-1.1999999999999993,0.00458122391909821,0.004470086380405469
0,-1.1499999999999995,0.0045614499028814315,0.004453867696147862
0,-1.0999999999999996,0.004556310121019591,0.004451905730087802
0,-1.0499999999999998,0.004566528096708378,0.004464947055210722
0,-1.0,0.0045926396756654775,0.004493559282838344
0,-0.9499999999999993,0.004634962775736162,0.004538101450119791
0,-0.8999999999999995,0.004693563494133135,0.004598690872688049
0,-0.8499999999999996,0.004768219399809204,0.004675167220335341
0,-0.7999999999999998,0.004858381679160834,0.0047670553666518956
0,-0.75,0.004963138721590682,0.004873529427899204
0,-0.6999999999999993,0.005081184611726908,0.004993381230845362
0,-0.6499999999999995,0.005210796693250239,0.005124997097744943
0,-0.5999999999999996,0.005349826732484353,0.0052663471683340735
0,-0.5499999999999998,0.005495710102937389,0.00541499137450252
0,-0.5,0.0056454967454463555,0.005568105573177329
0,-0.4499999999999993,0.005795906412320473,0.005722530225824807
0,-0.39999999999999947,0.005943408939997313,0.005874842464337338
0,-0.34999999999999964,0.00608432815701862,0.006021450545557361
0,-0.2999999999999998,0.006214965734534922,0.006158707756795834
0,-0.25,0.006331739081368082,0.006283040991044819
0,-0.1999999999999993,0.006431325545102118,0.006391087643550009
0,-0.14999999999999947,0.006510803954041133,0.006479833332213247
0,-0.09999999999999964,0.006567784113506503,0.00654674230891672
0,-0.04999999999999982,0.006600515351560754,0.006589872364864413
0,0.0,0.006607966571684498,0.006607966571684498
0,0.05000000000000071,0.006589872364864413,0.006600515351560754
0,0.10000000000000053,0.006546742308916609,0.006567784113506503
0,0.15000000000000036,0.006479833332213247,0.006510803954041133
0,0.20000000000000018,0.006391087643550009,0.006431325545102118
0,0.25,0.006283040991044819,0.006331739081368082
0,0.3000000000000007,0.006158707756795834,0.006214965734534922
0,0.35000000000000053,0.006021450545557361,0.00608432815701862
0,0.40000000000000036,0.005874842464337338,0.005943408939997313
0,0.4500000000000002,0.005722530225824807,0.005795906412320473
0,0.5,0.005568105573177329,0.0056454967454463555
0,0.5500000000000007,0.00541499137450252,0.005495710102937382
0,0.6000000000000005,0.0052663471683340735,0.005349826732484353
0,0.6500000000000004,0.005124997097744943,0.005210796693250239
0,0.7000000000000002,0.004993381230845362,0.005081184611726908
0,0.75,0.004873529427899204,0.004963138721590682
0,0.8000000000000007,0.0047670553666516735,0.004858381679160861
0,0.8500000000000005,0.004675167220335341,0.004768219399809204
0,0.9000000000000004,0.004598690872688049,0.004693563494133135
0,0.9500000000000002,0.004538101450119791,0.004634962775736162
0,1.0,0.004493559282838344,0.0045926396756654775
0,1.0500000000000007,0.004464947055210722,0.004566528096708378
0,1.1000000000000005,0.004451905730088024,0.004556310121019591
0,1.1500000000000004,0.004453867696147862,0.0045614499028814315
0,1.2000000000000002,0.004470086380405469,0.00458122391909821
0,1.25,0.004499662214854316,0.0046147474354527596
0,1.3000000000000007,0.004541565309835294,0.00466099754137872
0,1.3500000000000005,0.004594655463360242,0.00471883340323509
0,1.4000000000000004,0.004657700245775276,0.004787014510788334
0,1.4500000000000002,0.004729391877789313,0.0048642176777187185
0,1.5,0.0048083635073077335,0.0049490534466880565
0,1.5500000000000007,0.004893205325863237,0.005040082382775757
0,1.6000000000000005,0.004982480782017129,0.005135831550243997
0,1.6500000000000004,0.005074742972560609,0.0052348112830488125
0,1.7000000000000002,0.005168551140034561,0.0053355321974722925
0,1.75,0.005262487086850953,0.005436522266307753
0,1.8000000000000007,0.005355171235891909,0.005536343682737588
0,1.8500000000000005,0.005445278023990419,0.005633609188181676
0,1.9000000000000004,0.005531550304257227,0.00572699751873329
0,1.9500000000000002,0.005612812450057625,0.005815267634152077
0,2.0,0.005687981891207894,0.005897271425748585
0,2.0500000000000007,0.005756078865165826,0.005971964648666894
0,2.0999999999999996,0.0058162342267777944,0.006038415884208392
0,2.1500000000000004,0.00586769522440056,0.006095813403697914
0,2.200000000000001,0.005909829213685214,0.006143469872492924
0,2.25,0.005942125339847948,0.00618082489742644
0,2.3000000000000007,0.0059641942723769326,0.006207445480439944
0,2.3499999999999996,0.005975766121393722,0.006223024493300144
0,2.4000000000000004,0.00597668670128515,0.0062273773318208825
0,2.450000000000001,0.00596691233462332,0.0062204369421050565
0,2.5,0.005946503407765036,0.006202247435888486
0,2.5500000000000007,0.005915616899592191,0.006172956527313422
0,2.5999999999999996,0.005874498107197201,0.006132807030001741
0,2.6500000000000004,0.005823471788074741,0.006082127652073499
0,2.700000000000001,0.005762932928491171,0.0060213233187760284
0,2.75,0.005693337333334103,0.005950865238882219
0,2.8000000000000007,0.00561519221497786,0.005871280913183563
0,2.8499999999999996,0.00552904693858336,0.005783144262429207
0,2.9000000000000004,0.005435484059722384,0.005687066029085974
0,2.950000000000001,0.005335110768198703,0.005583684583352344
0,3.0,0.0052285508300364825,0.0054736572397910965
0,3.0500000000000007,0.00511643709861298,0.005357652167570004
0,3.0999999999999996,0.004999404646082617,0.005236340955143692
0,3.1500000000000004,0.004878084548145978,0.005110391869787012
0,3.200000000000001,0.004753098338908135,0.004980463833961002
0,3.25,0.004625053138341162,0.004847201124290823
0,3.3000000000000007,0.004494537442648383,0.0047112287850192835
0,3.3499999999999996,0.004362117557662248,0.0045731487361666545
0,3.4000000000000004,0.004228334647211174,0.004433536547214789
0,3.450000000000001,0.004093702361994467,0.004292938839780547
0,3.5,0.003958705009799779,0.004151871277294106
0,3.5500000000000007,0.0038237962247023027,0.004010817095973618
0,3.6000000000000014,0.003689398090967355,0.003870226129127463
0,3.6500000000000004,0.003555900676622148,0.003730514275876562
0,3.700000000000001,0.0034236619318339656,0.0035920633654789036
0,3.75,0.003293007908198753,0.0034552213694780676
0,3.8000000000000007,0.0031642332565779974,0.0033203029155592922
0,3.8500000000000014,0.0030376019632201157,0.003187590059254841
0,3.9000000000000004,0.002913348286230022,0.003057333272276086
0,3.950000000000001,0.0027916778571492884,0.0029297526091243142
0,4.0,0.0026727689151315737,0.0028050390167195793
0,4.050000000000001,0.0025567736440641475,0.002683355754893757
0,4.100000000000001,0.002443819585841389,0.002564839898743898
0,4.15,0.0023340111057694735,0.0024496038968950806
0,4.200000000000001,0.002227430888810389,0.002337737162717346
0,4.25,0.0021241414479562515,0.002229307678347947
0,4.300000000000001,0.002024186628463376,0.0021243635940670913
0,4.350000000000001,0.001927593093984381,0.002022934808047605
0,4.4,0.0018343717827526973,0.0019250345138424052
0,4.450000000000001,0.0017445193239247203,0.001830660705057774
0,4.5,0.0016580194059954145,0.0017397976286219752
0,4.550000000000001,0.0015748440907894512,0.001652417179788035
0,4.600000000000001,0.0014949550680141144,0.0015684802335771408
0,4.65,0.0014183048466449577,0.001487937908778214
0,4.700000000000001,0.001344837880575156,0.0014107327618182453
0,4.75,0.0012744916269662454,0.0013367999089339833
0,4.800000000000001,0.0012071975366163556,0.001266068075986837
0,4.850000000000001,0.0011428819764316422,0.001198460576066207
0,4.9,0.0010814670847305585,0.0011338962157432242
0,4.950000000000001,0.0010228715606550587,0.0010722901313591215
0,5.0,0.0009670113894149068,0.0010135545572591553
0,5.050000000000001,0.0009138005054634135,0.0009575995282400385
0,5.100000000000001,0.0008631513960066783,0.000904333518780831
0,5.15,0.0008149756474544745,0.0008536640218848035
0,5.200000000000001,0.0007691844375976586,0.0008054980705054504
0,5.25,0.0007256889764306607,0.0007597427046501792
0,5.300000000000001,0.0006844008985629202,0.000716305387347127
0,5.350000000000001,0.0006452326102426298,0.0006750943726361314
0,5.4,0.0006080975939717348,0.0006360190287866274
0,5.450000000000001,0.0005729106736782619,0.0005989901198693026
0,5.5,0.0005395882433538723,0.0005639200487563834
0,5.550000000000001,0.0005080484619743864,0.0005307230645388294
0,5.600000000000001,0.0004782114174508578,0.000499315437239467
0,5.65,0.0004499992622251092,0.00046961560259761725
0,5.700000000000001,0.00042333632304014657,0.0004415442795515645
0,5.75,0.0003981491872635523,0.000415024562942623
0,5.800000000000001,0.0003743667680429219,0.0003899819938006921
0,5.850000000000001,0.00035192035043074554,0.0003663446094410716
0,5.9,0.0003307436204829095,0.0003440429754637542
0,5.950000000000001,0.0003107726792221932,0.00032301020160163674
0,6.0,0.00029194604321602924,0.0003031819432273153
1,-6.0,-0.00029194604321602924,0.0008533663296246274
1,-5.95,-0.0003107726792221932,0.0009078429929054721
1,-5.9,-0.0003307436204829095,0.0009656321514848187
1,-5.85,-0.00035192035043074554,0.0010269125332698081
1,-5.8,-0.0003743667680429219,0.001091869852611893
1,-5.75,-0.0003981491872635523,0.0011606968104320714
1,-5.7,-0.00042333632304014657,0.001233593056098936
1,-5.65,-0.0004499992622251092,0.001310765105932532
1,-5.6,-0.0004782114174508578,0.0013924262127744669
1,-5.55,-0.0005080484619743864,0.001478796180795161
1,-5.5,-0.0005395882433538723,0.0015701011192557068
1,-5.45,-0.0005729106736782619,0.0016665731286535923
1,-5.4,-0.0006080975939717348,0.0017684499122854191
1,-5.35,-0.0006452326102426298,0.0018759743059417744
1,-5.3,-0.0006844008985629202,0.001989393718120347
1,-5.25,-0.0007256889764306607,0.002108959472852945
1,-5.2,-0.0007691844375976586,0.002234926046979613
1,-5.15,-0.0008149756474544745,0.0023675501935018772
1,-5.1,-0.0008631513960066783,0.00250708994247395
1,-5.05,-0.0009138005054634135,0.0026538034708369906
1,-5.0,-0.0009670113894149068,0.0028079478325553353
1,-4.95,-0.0010228715606550587,0.0029697775405583826
1,-4.9,-0.0010814670847305585,0.003139542992165456
1,-4.85,-0.0011428819764316422,0.0033174887300235767
1,-4.8,-0.0012071975366163556,0.0035038515311089924
1,-4.75,-0.0012744916269662454,0.003698858316965037
1,-4.7,-0.001344837880575156,0.0039027238792397334
1,-4.65,-0.0014183048466449577,0.004115648415665252
1,-4.6,-0.0014949550680141144,0.00433781487291407
1,-4.55,-0.0015748440907894512,0.0045693860943729625
1,-4.5,-0.0016580194059954145,0.004810501772733122
1,-4.45,-0.0017445193239247203,0.005061275209508054
1,-4.4,-0.0018343717827526973,0.005321789886078232
1,-4.35,-0.001927593093984381,0.0055920958538284715
1,-4.3,-0.002024186628463376,0.0058722059541826965
1,-4.25,-0.0021241414479562515,0.006162091883084919
1,-4.2,-0.002227430888810389,0.006461680118618585
1,-4.15,-0.0023340111057694735,0.006770847735057206
1,-4.1,-0.002443819585841389,0.00708941813172137
1,-4.05,-0.0025567736440641475,0.007417156710535888
1,-4.0,-0.0026727689151315737,0.007753766542220042
1,-3.9499999999999997,-0.0027916778571492884,0.008098884067499146
1,-3.9,-0.002913348286230022,0.008452074886595717
1,-3.85,-0.0030376019632201157,0.008812829697589564
1,-3.8,-0.0031642332565779974,0.009180560451773623
1,-3.75,-0.003293007908198753,0.009554596802035853
1,-3.6999999999999997,-0.0034236619318339656,0.009934182928213353
1,-3.65,-0.003555900676622148,0.010318474831357172
1,-3.5999999999999996,-0.003689398090967355,0.010706538196582738
1,-3.55,-0.0038237962247023027,0.011097346931564722
1,-3.5,-0.003958705009799779,0.011489782494408907
1,-3.4499999999999997,-0.004093702361994467,0.011882634130410796
1,-3.4,-0.004228334647211174,0.012274600141628067
1,-3.3499999999999996,-0.004362117557662248,0.012664290315978821
1,-3.3,-0.004494537442648383,0.013050229643202904
1,-3.25,-0.004625053138341162,0.013430863443124164
1,-3.1999999999999997,-0.004753098338908135,0.013804564026617783
1,-3.15,-0.004878084548145978,0.014169639001154977
1,-3.0999999999999996,-0.004999404646082617,0.014524341320124812
1,-3.05,-0.005116437098612314,0.014866881157922673
1,-3.0,-0.0052285508300367045,0.01519543967060022
1,-2.9499999999999997,-0.005335110768198703,0.015508184674288827
1,-2.9,-0.00543548405972305,0.015803288240441304
1,-2.8499999999999996,-0.0055290469385829155,0.01607894616805705
1,-2.8,-0.005615192214978082,0.016333399248522618
1,-2.75,-0.005693337333334103,0.016564956188906077
1,-2.6999999999999997,-0.005762932928491393,0.016772018004904243
1,-2.65,-0.005823471788074297,0.01695310363622493
1,-2.5999999999999996,-0.005874498107196535,0.017106876475980304
1,-2.55,-0.005915616899591969,0.01723217144333189
1,-2.5,-0.005946503407764814,0.01732802216704643
1,-2.4499999999999997,-0.00596691233462332,0.017393687788906043
1,-2.4,-0.005976686701285594,0.017428678842785317
1,-2.3499999999999996,-0.005975766121393278,0.017432781620366544
1,-2.3,-0.0059641942723769326,0.017406080401004775
1,-2.25,-0.005942125339847504,0.01734897690438464
1,-2.1999999999999997,-0.005909829213685436,0.01726220632344111
1,-2.15,-0.005867695224400116,0.01714684931460475
1,-2.0999999999999996,-0.005816234226777128,0.017004339365469523
1,-2.05,-0.005756078865165382,0.01683646502849312
1,-2.0,-0.005687981891208338,0.016645366604543632
1,-1.9500000000000002,-0.005612812450057847,0.016433526981983526
1,-1.8999999999999995,-0.005531550304257005,0.01620375648381822
1,-1.8499999999999996,-0.005445278023990419,0.015959171743588296
1,-1.7999999999999998,-0.005355171235891909,0.015703168813983925
1,-1.75,-0.005262487086851175,0.015439390901640149
1,-1.7000000000000002,-0.00516855114003445,0.015171691305227775
1,-1.6499999999999995,-0.0050747429725604976,0.014904092296705196
1,-1.5999999999999996,-0.00498248078201724,0.014640740809598318
1,-1.5499999999999998,-0.004893205325863459,0.014385861863764893
1,-1.5,-0.0048083635073075115,0.01414371064316211
1,-1.4500000000000002,-0.004729391877789313,0.013918524033509572
1,-1.3999999999999995,-0.004657700245775609,0.013714472207301043
1,-1.3499999999999996,-0.004594655463360242,0.013535610510331031
1,-1.2999999999999998,-0.004541565309835516,0.01338583146642014
1,-1.25,-0.004499662214854316,0.013268816203365619
1,-1.1999999999999993,-0.00447008638040558,0.013187984063831593
1,-1.1499999999999995,-0.004453867696147862,0.013146438674976446
1,-1.0999999999999996,-0.004451905730087691,0.013146908408399494
1,-1.0499999999999998,-0.004464947055210777,0.013191679082637409
1,-1.0,-0.004493559282838344,0.013282517062860988
1,-0.9499999999999993,-0.00453810145011968,0.013420581699126188
1,-0.8999999999999995,-0.004598690872687883,0.0136063273751732
1,-0.8499999999999996,-0.00467516722033523,0.013839397302058298
1,-0.7999999999999998,-0.0047670553666517845,0.014118513474937311
1,-0.75,-0.004873529427899453,0.014441369696315931
1,-0.6999999999999993,-0.00499338123084514,0.014804536930772105
1,-0.6499999999999995,-0.005124997097744971,0.015203392102224322
1,-0.5999999999999996,-0.0052663471683340735,0.015632082376701772
1,-0.5499999999999998,-0.00541499137450252,0.016083536666637865
1,-0.5,-0.005568105573177277,0.016549534374993735
1,-0.4499999999999993,-0.005722530225824932,0.017020838304483643
1,-0.39999999999999947,-0.005874842464337338,0.017487394441692006
1,-0.34999999999999964,-0.006021450545557333,0.017938596413749397
1,-0.2999999999999998,-0.006158707756795806,0.018363607314909047
1,-0.25,-0.006283040991044875,0.018751726792488155
1,-0.1999999999999993,-0.006391087643549842,0.019092787127545363
1,-0.14999999999999947,-0.006479833332213136,0.019377558752983193
1,-0.09999999999999964,-0.006546742308916775,0.019598143317570815
1,-0.04999999999999982,-0.006589872364864358,0.019748331121200446
1,0.0,-0.006607966571684554,0.019823899715053717
1,0.05000000000000071,-0.0066005153515608095,0.019822832028075166
1,0.10000000000000053,-0.006567784113506447,0.019745435949698964
1,0.15000000000000036,-0.006510803954041244,0.01959435310577967
1,0.20000000000000018,-0.006431325545102062,0.019374452438410572
1,0.25,-0.006331739081368193,0.01909261342475088
1,0.3000000000000007,-0.006214965734534839,0.01875741315908308
1,0.35000000000000053,-0.006084328157018648,0.01837873969397849
1,0.40000000000000036,-0.00594340893999723,0.017967359771311836
1,0.4500000000000002,-0.005795906412320528,0.017534471609952543
1,0.5,-0.005645496745446343,0.01709127258087722
1,0.5500000000000007,-0.005495710102937146,0.016648567765681896
1,0.6000000000000005,-0.005349826732484297,0.016216439325753555
1,0.6500000000000004,-0.005210796693250197,0.01580398927076125
1,0.7000000000000002,-0.005081184611726908,0.015419160596944231
1,0.75,-0.00496313872159071,0.015068634752154586
1,0.8000000000000007,-0.004858381679160528,0.014757797662500516
1,0.8500000000000005,-0.004768219399809093,0.014490762558375336
1,0.9000000000000004,-0.0046935634941331905,0.014270435725289632
1,0.9500000000000002,-0.004634962775736051,0.01409861097844134
1,1.0,-0.0045926396756654775,0.013976079812650477
1,1.0500000000000007,-0.004566528096708211,0.013902746373120334
1,1.1000000000000005,-0.004556310121019758,0.01387773914492274
1,1.1500000000000004,-0.0045614499028816535,0.01389951412211149
1,1.2000000000000002,-0.004581223919098321,0.013965946834679888
1,1.25,-0.004614747435452982,0.014074412747555609
1,1.3000000000000007,-0.004660997541378498,0.014221857087222123
1,1.3500000000000005,-0.00471883340323509,0.014404856089454965
1,1.4000000000000004,-0.004787014510788223,0.014619672062390454
1,1.4500000000000002,-0.0048642176777187185,0.014862304633014523
1,1.5,-0.0049490534466880565,0.015128540218824815
1,1.5500000000000007,-0.00504008238277609,0.015414001262152977
1,1.6000000000000005,-0.0051358315502436636,0.01571419618718506
1,1.6500000000000004,-0.0052348112830487015,0.016024570470123067
1,1.7000000000000002,-0.0053355321974721814,0.016340558707292785
1,1.75,-0.005436522266307753,0.016657637157836525
1,1.8000000000000007,-0.005536343682737144,0.01697137594190401
1,1.8500000000000005,-0.00563360918818212,0.017277489892927878
1,1.9000000000000004,-0.005726997518733068,0.017571886985152663
1,1.9500000000000002,-0.005815267634152299,0.017850713270645135
1,2.0,-0.005897271425749029,0.018110393346326914
1,2.0500000000000007,-0.005971964648667338,0.018347665513004152
1,2.0999999999999996,-0.00603841588420817,0.018559610967487483
1,2.1500000000000004,-0.006095813403697914,0.01874367656968956
1,2.200000000000001,-0.006143469872492702,0.018897690935093303
1,2.25,-0.00618082489742644,0.01901987380743808
1,2.3000000000000007,-0.0062074454804395,0.019108838857445187
1,2.3499999999999996,-0.0062230244932997,0.019163590223713278
1,2.4000000000000004,-0.006227377331821327,0.019183513256534335
1,2.450000000000001,-0.0062204369421050565,0.01916836004127953
1,2.5,-0.006202247435888708,0.019118230363914135
1,2.5500000000000007,-0.0061729565273132,0.019033548837383396
1,2.5999999999999996,-0.006132807030001519,0.018915038935614525
1,2.6500000000000004,-0.006082127652073055,0.0187636946842189
1,2.700000000000001,-0.0060213233187762505,0.0185807507368978
1,2.75,-0.005950865238882219,0.018367651527742668
1,2.8000000000000007,-0.005871280913184229,0.01812602013596276
1,2.8499999999999996,-0.005783144262429207,0.017857627434979984
1,2.9000000000000004,-0.005687066029086196,0.01756436202598466
1,2.950000000000001,-0.005583684583352344,0.017248201380364536
1,3.0,-0.0054736572397908745,0.016911184538882962
1,3.0500000000000007,-0.005357652167570226,0.016555386640624725
1,3.0999999999999996,-0.005236340955143248,0.016182895483552784
1,3.1500000000000004,-0.005110391869786568,0.01579579025264266
1,3.200000000000001,-0.00498046383396078,0.015396122491989184
1,3.25,-0.004847201124290823,0.014985899344772902
1,3.3000000000000007,-0.0047112287850192835,0.014567069039799652
1,3.3499999999999996,-0.0045731487361666545,0.014141508565506111
1,3.4000000000000004,-0.004433536547214789,0.013711013441649378
1,3.450000000000001,-0.004292938839780547,0.013277289474913356
1,3.5,-0.004151871277294106,0.01284194636687186
1,3.5500000000000007,-0.004010817095973618,0.01240649303046304
1,3.6000000000000014,-0.003870226129127463,0.011972334463703493
1,3.6500000000000004,-0.003730514275876562,0.011540770026137182
1,3.700000000000001,-0.0035920633654789036,0.011112992963724366
1,3.75,-0.0034552213694780676,0.01069009103099372
1,3.8000000000000007,-0.0033203029155592922,0.010273048064639134
1,3.8500000000000014,-0.003187590059254841,0.009862746369836195
1,3.9000000000000004,-0.003057333272276086,0.009459969788921718
1,3.950000000000001,-0.0029297526091243142,0.009065407331322994
1,4.0,-0.0028050390167195793,0.008679657253332529
1,4.050000000000001,-0.002683355754893757,0.008303231486339602
1,4.100000000000001,-0.002564839898743898,0.007936560322034492
1,4.15,-0.0024496038968950806,0.007579997272935568
1,4.200000000000001,-0.002337737162717346,0.00723382403596462
1,4.25,-0.002229307678347947,0.006898255495828565
1,4.300000000000001,-0.0021243635940670913,0.006573444713407817
1,4.350000000000001,-0.002022934808047605,0.006259487852267487
1,4.4,-0.0019250345138424052,0.005956429003706187
1,4.450000000000001,-0.001830660705057774,0.005664264877439429
1,4.5,-0.0017397976286219752,0.005382949331120823
1,4.550000000000001,-0.001652417179788035,0.005112397717361272
1,4.600000000000001,-0.0015684802335771408,0.004852491031860584
1,4.65,-0.001487937908778214,0.004603079850603375
1,4.700000000000001,-0.0014107327618182453,0.00436398804794047
1,4.75,-0.0013367999089339833,0.0041350162907374255
1,4.800000000000001,-0.001266068075986837,0.003915945306699697
1,4.850000000000001,-0.001198460576066207,0.003706538927469527
1,4.9,-0.0011338962157432242,0.0035065469092576684
1,4.950000000000001,-0.0010722901313591215,0.0033157075354850463
1,5.0,-0.0010135545572591553,0.0031337500074677394
1,5.050000000000001,-0.0009575995282400385,0.0029603966302733653
1,5.100000000000001,-0.000904333518780831,0.002795364801889466
1,5.15,-0.0008536640218848035,0.002638368814516845
1,5.200000000000001,-0.0008054980705054504,0.002489121477328826
1,5.25,-0.0007597427046501792,0.002347335570389575
1,5.300000000000001,-0.000716305387347127,0.0022127251396097947
1,5.350000000000001,-0.0006750943726361314,0.0020850066426953973
1,5.4,-0.0006360190287866274,0.0019638999559905557
1,5.450000000000001,-0.0005989901198693026,0.0018491292519899893
1,5.5,-0.0005639200487563834,0.0017404237570750603
1,5.550000000000001,-0.0005307230645388294,0.0016375183987444863
1,5.600000000000001,-0.000499315437239467,0.0015401543512965077
1,5.65,-0.00046961560259761725,0.0014480794885365356
1,5.700000000000001,-0.0004415442795515645,0.001361048751675753
1,5.75,-0.000415024562942623,0.0012788244401860105
1,5.800000000000001,-0.0003899819938006921,0.0012011764329176167
1,5.850000000000001,-0.0003663446094410716,0.001127882346343867
1,5.9,-0.0003440429754637542,0.0010587276363529519
1,5.950000000000001,-0.00032301020160163674,0.0009935056495664618
1,6.0,-0.0003031819432273153,0.0009320176297036298
2,-6.0,-0.0008533663296246274,0.0013810789159993675
2,-5.95,-0.000907842992905028,0.0014682007394473118
2,-5.9,-0.000965632151486151,0.0015606226175464144
2,-5.85,-0.0010269125332706963,0.0016586319390787807
2,-5.8,-0.0010918698526123372,0.0017625272599079977
2,-5.75,-0.0011606968104316273,0.0018726183065629343
2,-5.7,-0.0012335930560993802,0.0019892259196261364
2,-5.65,-0.001310765105932532,0.002112681928522875
2,-5.6,-0.0013924262127744669,0.002243328948730472
2,-5.55,-0.001478796180795161,0.0023815200919221624
2,-5.5,-0.0015701011192557068,0.0025276185789504524
2,-5.45,-0.0016665731286535923,0.0026819972450562446
2,-5.4,-0.0017684499122854191,0.0028450379261535375
2,-5.35,-0.0018759743059417744,0.003017130714459526
2,-5.3,-0.001989393718120347,0.003198673071324709
2,-5.25,-0.002108959472852945,0.0033900687846166733
2,-5.2,-0.002234926046979613,0.0035917267576413003
2,-5.15,-0.0023675501935018772,0.0038040596162574047
2,-5.1,-0.00250708994247395,0.00402748212062054
2,-5.05,-0.0026538034708369906,0.004262409367880693
2,-5.0,-0.0028079478325553353,0.00450925477216213
2,-4.95,-0.0029697775405583826,0.004768427808351294
2,-4.9,-0.003139542992165456,0.00504033150656058
2,-4.85,-0.0033174887300235767,0.00532535968471004
2,-4.8,-0.0035038515311089924,0.005623893907491961
2,-4.75,-0.003698858316965037,0.005936300161060615
2,-4.7,-0.0039027238792397334,0.006262925234175043
2,-4.65,-0.004115648415665252,0.006604092798284444
2,-4.6,-0.00433781487291407,0.006960099181123169
2,-4.55,-0.0045693860943729625,0.0073312088309598344
2,-4.5,-0.004810501772733122,0.007717649471591148
2,-4.45,-0.005061275209508054,0.008119606951692226
2,-4.4,-0.005321789886078232,0.008537219796135531
2,-4.35,-0.0055920958538284715,0.008970573471484666
2,-4.3,-0.0058722059541826965,0.009419694383091315
2,-4.25,-0.006162091883084919,0.009884543627037612
2,-4.2,-0.006461680118618585,0.010365010526705465
2,-4.15,-0.006770847735057206,0.010860905990969005
2,-4.1,-0.00708941813172137,0.011371955738896489
2,-4.05,-0.007417156710535888,0.011897793444520133
2,-4.0,-0.007753766542220042,0.012437953864546714
2,-3.9499999999999997,-0.008098884067499146,0.012991866021923482
2,-3.9,-0.008452074886595717,0.013558846528822333
2,-3.85,-0.008812829697589564,0.014138093143853059
2,-3.8,-0.009180560451773623,0.01472867867002714
2,-3.75,-0.009554596802035853,0.015329545312034565
2,-3.6999999999999997,-0.009934182928213353,0.015939499623660147
2,-3.65,-0.010318474831357172,0.016557208188328953
2,-3.5999999999999996,-0.010706538196582738,0.01718119418771691
2,-3.55,-0.011097346931564722,0.017809835024613196
2,-3.5,-0.011489782494408907,0.01844136117653372
2,-3.4499999999999997,-0.011882634130410796,0.01907385646546844
2,-3.4,-0.012274600141628067,0.019705259936035446
2,-3.3499999999999996,-0.012664290315978821,0.02033336953878262
2,-3.3,-0.013050229643202904,0.020955847816645168
2,-3.25,-0.013430863443124164,0.021570229790058182
2,-3.1999999999999997,-0.013804564026617783,0.022173933229168608
2,-3.15,-0.014169639001154977,0.022764271489241317
2,-3.0999999999999996,-0.014524341320124812,0.02333846906698467
2,-3.05,-0.014866881157922895,0.023893680010361518
2,-3.0,-0.015195439670600441,0.024427009281900336
2,-2.9499999999999997,-0.01550818467428905,0.024935537134918473
2,-2.9,-0.01580328824044197,0.025416346513070565
2,-2.8499999999999996,-0.016078946168056385,0.02586655342599231
2,-2.8,-0.016333399248522618,0.026283340187450488
2,-2.75,-0.016564956188905855,0.026663991327833703
2,-2.6999999999999997,-0.016772018004903577,0.027005931910461634
2,-2.65,-0.016953103636225375,0.027306767892378847
2,-2.5999999999999996,-0.017106876475980304,0.027564328076348676
2,-2.55,-0.01723217144333189,0.027776707103906784
2,-2.5,-0.01732802216704621,0.02794230884195592
2,-2.4499999999999997,-0.0173936877889056,0.028059889420742667
2,-2.4,-0.01742867884278554,0.02812859909267873
2,-2.3499999999999996,-0.01743278162036699,0.0281480220036201
2,-2.3,-0.017406080401004553,0.028118212905443585
2,-2.25,-0.01734897690438464,0.02803972979618452
2,-2.1999999999999997,-0.01726220632344111,0.027913661456774985
2,-2.15,-0.017146849314604307,0.027741648866915547
2,-2.0999999999999996,-0.017004339365469523,0.027525899531868347
2,-2.05,-0.01683646502849312,0.02726919384131632
2,-2.0,-0.01664536660454341,0.026974882714258186
2,-1.9500000000000002,-0.016433526981983748,0.026646875961626293
2,-1.8999999999999995,-0.01620375648381822,0.02628962101995036
2,-1.8499999999999996,-0.015959171743587852,0.025908071970611513
2,-1.7999999999999998,-0.015703168813983925,0.025507649051538905
2,-1.75,-0.01543939090164037,0.025094189178060056
2,-1.7000000000000002,-0.015171691305227775,0.024673888298107904
2,-1.6499999999999995,-0.014904092296705085,0.024253236689385282
2,-1.5999999999999996,-0.014640740809598318,0.023838948532499238
2,-1.5499999999999998,-0.014385861863764893,0.023437887230928656
2,-1.5,-0.014143710643161889,0.023056987960874853
2,-1.4500000000000002,-0.013918524033509572,0.022703178789442058
2,-1.3999999999999995,-0.013714472207300932,0.02238330137378819
2,-1.3499999999999996,-0.013535610510331031,0.022104031737677277
2,-1.2999999999999998,-0.01338583146642014,0.021871800928375373
2,-1.25,-0.013268816203365397,0.021692714530080925
2,-1.1999999999999993,-0.013187984063831482,0.021572469131179828
2,-1.1499999999999995,-0.013146438674976557,0.021516263033604544
2,-1.0999999999999996,-0.013146908408399383,0.021528697913915096
2,-1.0499999999999998,-0.013191679082637187,0.02161366798557074
2,-1.0,-0.013282517062860877,0.02177423366440223
2,-0.9499999999999993,-0.013420581699125966,0.022012477971282918
2,-0.8999999999999995,-0.0136063273751732,0.022329346013322704
2,-0.8499999999999996,-0.013839397302057965,0.02272447084535889
2,-0.7999999999999998,-0.014118513474937311,0.02319599264569594
2,-0.75,-0.014441369696315876,0.023740382083658584
2,-0.6999999999999993,-0.014804536930772022,0.024352282488053545
2,-0.6499999999999995,-0.015203392102224517,0.025024388320188162
2,-0.5999999999999996,-0.015632082376701772,0.0257473788926188
2,-0.5499999999999998,-0.016083536666637768,0.026509925773468224
2,-0.5,-0.016549534374993666,0.027298789660002765
2,-0.4499999999999993,-0.017020838304483702,0.02809901782365576
2,-0.39999999999999947,-0.01748739444169212,0.028894246992066996
2,-0.34999999999999964,-0.01793859641374941,0.029667109447557682
2,-0.2999999999999998,-0.01836360731490902,0.03039973293980469
2,-0.25,-0.018751726792488155,0.03107431832296159
2,-0.1999999999999993,-0.01909278712754528,0.031673772906884
2,-0.14999999999999947,-0.019377558752983248,0.03218237230826915
2,-0.09999999999999964,-0.01959814331757076,0.03258641891245562
2,-0.04999999999999982,-0.019748331121200446,0.03287486091744729
2,0.0,-0.019823899715053717,0.033039832858422824
2,0.05000000000000071,-0.019822832028075,0.0330770776646786
2,0.10000000000000053,-0.01974543594969902,0.03298621319966066
2,0.15000000000000036,-0.019594353105779838,0.03277081412300237
2,0.20000000000000018,-0.019374452438410628,0.03243829303637569
2,0.25,-0.01909261342475088,0.03199958203910347
2,0.3000000000000007,-0.01875741315908308,0.03146863451684884
2,0.35000000000000053,-0.018378739693978408,0.030861784065322223
2,0.40000000000000036,-0.01796735977131192,0.03019701002960623
2,0.4500000000000002,-0.017534471609952584,0.02949316536707125
2,0.5,-0.01709127258087728,0.028769221933115333
2,0.5500000000000007,-0.01664856776568191,0.028043581613731036
2,0.6000000000000005,-0.016216439325753784,0.027333490611473523
2,0.6500000000000004,-0.0158039892707611,0.026654580634788004
2,0.7000000000000002,-0.015419160596944259,0.026020546724806803
2,0.75,-0.015068634752154697,0.025442958663792176
2,0.8000000000000007,-0.014757797662500405,0.024931192583367318
2,0.8500000000000005,-0.014490762558375447,0.02449246225536325
2,0.9000000000000004,-0.014270435725289632,0.024131925820781774
2,0.9500000000000002,-0.01409861097844134,0.023852843157996073
2,1.0,-0.013976079812650477,0.02365676112811682
2,1.0500000000000007,-0.013902746373120278,0.023543707774024925
2,1.1000000000000005,-0.01387773914492274,0.023512381341621647
2,1.1500000000000004,-0.013899514122111656,0.023560324961542145
2,1.2000000000000002,-0.013965946834679777,0.0236840823663394
2,1.25,-0.014074412747555831,0.023879333721454343
2,1.3000000000000007,-0.014221857087222123,0.024141013327695027
2,1.3500000000000005,-0.014404856089454965,0.02446341259529916
2,1.4000000000000004,-0.014619672062390343,0.024840272409031083
2,1.4500000000000002,-0.014862304633014523,0.02526486898809832
2,1.5,-0.015128540218824815,0.025730096809102987
2,1.5500000000000007,-0.015414001262153088,0.026228551312267978
2,1.6000000000000005,-0.015714196187184948,0.02675261312880628
2,1.6500000000000004,-0.01602457047012318,0.027294534588662156
2,1.7000000000000002,-0.016340558707292896,0.027846528389426473
2,1.75,-0.016657637157836414,0.02840085758773514
2,1.8000000000000007,-0.01697137594190412,0.02894992554160758
2,1.8500000000000005,-0.01727748989292799,0.029486364090248407
2,1.9000000000000004,-0.017571886985152663,0.030003118095001002
2,1.9500000000000002,-0.017850713270645358,0.030493524459421995
2,2.0,-0.018110393346327136,0.030951383870526428
2,2.0500000000000007,-0.018347665513004152,0.031371023727845726
2,2.0999999999999996,-0.018559610967487483,0.03174735102305948
2,2.1500000000000004,-0.018743676569688894,0.03207589427357438
2,2.200000000000001,-0.018897690935093525,0.032352833974115924
2,2.25,-0.019019873807438525,0.032575021390186976
2,2.3000000000000007,-0.01910883885744541,0.032739985858639464
2,2.3499999999999996,-0.019163590223712834,0.03284593106984657
2,2.4000000000000004,-0.019183513256534113,0.032891721072853874
2,2.450000000000001,-0.019168360041279087,0.03287685696289944
2,2.5,-0.019118230363913913,0.03280144537631147
2,2.5500000000000007,-0.019033548837383396,0.032666160030618396
2,2.5999999999999996,-0.01891503893561408,0.03247219760964204
2,2.6500000000000004,-0.018763694684218457,0.0322212293083608
2,2.700000000000001,-0.018580750736898022,0.03191534932587414
2,2.75,-0.01836765152774289,0.03155702153324769
2,2.8000000000000007,-0.018126020135963206,0.03114902545335907
2,2.8499999999999996,-0.01785762743497976,0.03069440257906897
2,2.9000000000000004,-0.017564362025984437,0.030196403930973226
2,2.950000000000001,-0.017248201380364314,0.02965843962283743
2,3.0,-0.016911184538883628,0.029084031067239113
2,3.0500000000000007,-0.01655538664062517,0.028476766320551627
2,3.0999999999999996,-0.016182895483552784,0.027840258939145324
2,3.1500000000000004,-0.01579579025264266,0.027178110600421412
2,3.200000000000001,-0.015396122491988962,0.02649387763517619
2,3.25,-0.01498589934477268,0.025791041523103964
2,3.3000000000000007,-0.014567069039799208,0.02507298332169272
2,3.3499999999999996,-0.014141508565506111,0.024342961930358564
2,3.4000000000000004,-0.013711013441649378,0.02360409603609348
2,3.450000000000001,-0.013277289474913356,0.022859349543404406
2,3.5,-0.01284194636687186,0.022111520258934814
2,3.5500000000000007,-0.01240649303046304,0.021363231578766406
2,3.6000000000000014,-0.011972334463703493,0.020616926912759848
2,3.6500000000000004,-0.011540770026137182,0.01987486657416193
2,3.700000000000001,-0.011112992963724366,0.019139126862902422
2,3.75,-0.01069009103099372,0.018411601076346873
2,3.8000000000000007,-0.010273048064639134,0.017694002190661084
2,3.8500000000000014,-0.009862746369836195,0.016987866968522614
2,3.9000000000000004,-0.009459969788921718,0.016294561263708207
2,3.950000000000001,-0.009065407331322994,0.015615286309446308
2,4.0,-0.008679657253332529,0.014951085794709051
2,4.050000000000001,-0.008303231486339602,0.014302853550272054
2,4.100000000000001,-0.007936560322034492,0.013671341684029947
2,4.15,-0.007579997272935568,0.013057169022351989
2,4.200000000000001,-0.00723382403596462,0.012460829730932321
2,4.25,-0.006898255495828565,0.011882702004485157
2,4.300000000000001,-0.006573444713407817,0.011323056729560577
2,4.350000000000001,-0.006259487852267487,0.010782066038676152
2,4.4,-0.005956429003706187,0.010259811686838205
2,4.450000000000001,-0.005664264877439429,0.009756293193220245
2,4.5,-0.005382949331120823,0.009271435701499353
2,4.550000000000001,-0.005112397717361272,0.008805097521929373
2,4.600000000000001,-0.004852491031860584,0.008357077326834439
2,4.65,-0.004603079850603375,0.007927120978830526
2,4.700000000000001,-0.00436398804794047,0.007514927977791963
2,4.75,-0.0041350162907374255,0.007120157518444081
2,4.800000000000001,-0.003915945306699697,0.006742434155522226
2,4.850000000000001,-0.003706538927469527,0.006381353077779206
2,4.9,-0.0035065469092576684,0.00603648499581011
2,4.950000000000001,-0.0033157075354850463,0.005707380651722271
2,5.0,-0.0031337500074677394,0.005393574961209957
2,5.050000000000001,-0.0029603966302733653,0.005094590800636567
2,5.100000000000001,-0.002795364801889466,0.004809942453318783
2,5.15,-0.002638368814516845,0.0045391387304407615
2,5.200000000000001,-0.002489121477328826,0.004281685782874245
2,5.25,-0.002347335570389575,0.004037089620787526
2,5.300000000000001,-0.0022127251396097947,0.003804858358225527
2,5.350000000000001,-0.0020850066426953973,0.0035845041999342797
2,5.4,-0.0019638999559905557,0.0033755451876391618
2,5.450000000000001,-0.0018491292519899893,0.0031775067226842424
2,5.5,-0.0017404237570750603,0.0029899228816021584
2,5.550000000000001,-0.0016375183987444863,0.0028123375406421403
2,5.600000000000001,-0.0015401543512965077,0.002644305324720264
2,5.65,-0.0014480794885365356,0.00248539239559209
2,5.700000000000001,-0.001361048751675753,0.002335177093332419
2,5.75,-0.0012788244401860105,0.0021932504444679424
2,5.800000000000001,-0.0012011764329176167,0.002059216549309184
2,5.850000000000001,-0.001127882346343867,0.0019326928602776405
2,5.9,-0.0010587276363529519,0.0018133103621846836
2,5.950000000000001,-0.0009935056495664618,0.0017007136646709498
2,6.0,-0.0009320176297036298,0.0015945610162142465
3,-6.0,-0.0013810789159989234,0.001875083802338473
3,-5.95,-0.0014682007394473118,0.0019918459188499327
3,-5.9,-0.0015606226175459703,0.0021157150186628115
3,-5.85,-0.0016586319390787807,0.002247078567856775
3,-5.8,-0.0017625272599079977,0.0023863389899299037
3,-5.75,-0.001872618306562046,0.0025339136756548086
3,-5.7,-0.0019892259196261364,0.002690234913619527
3,-5.65,-0.0021126819285224308,0.00285574972999747
3,-5.6,-0.00224332894873136,0.0030309196253215376
3,-5.55,-0.0023815200919230506,0.003216220195358055
3,-5.5,-0.00252761857894912,0.0034121406224354445
3,-5.45,-0.0026819972450553564,0.0036191830228844424
3,-5.4,-0.0028450379261535375,0.003837861635576978
3,-5.35,-0.003017130714459526,0.004068701835798549
3,-5.3,-0.003198673071324709,0.004312238958177339
3,-5.25,-0.0033900687846166733,0.004569016911720958
3,-5.2,-0.0035917267576413003,0.004839586569580945
3,-5.15,-0.0038040596162574047,0.005124503915721057
3,-5.1,-0.00402748212062054,0.005424327930446005
3,-5.05,-0.004262409367880693,0.005739618196594076
3,-5.0,-0.00450925477216213,0.006070932208233959
3,-4.95,-0.004768427808351294,0.006418822364032906
3,-4.9,-0.00504033150656058,0.006783832627916375
3,-4.85,-0.00532535968471004,0.007166494840491033
3,-4.8,-0.005623893907491961,0.0075673246657648185
3,-4.75,-0.005936300161060615,0.007986817159252979
3,-4.7,-0.006262925234175043,0.008425441945381973
3,-4.65,-0.006604092798284444,0.008883637994501203
3,-4.6,-0.006960099181123169,0.009361807992641413
3,-4.55,-0.0073312088309598344,0.009860312300552287
3,-4.5,-0.007717649471591148,0.010379462502568604
3,-4.45,-0.008119606951692226,0.010919514550477682
3,-4.4,-0.008537219796135531,0.011480661512922818
3,-4.35,-0.008970573471484666,0.012063025946952077
3,-4.3,-0.009419694383091315,0.012666651915189675
3,-4.25,-0.009884543627037612,0.01329149667981433
3,-4.2,-0.010365010526705465,0.013937422113074138
3,-4.15,-0.010860905990969005,0.014604185873504427
3,-4.1,-0.011371955738896489,0.015291432407365857
3,-4.05,-0.011897793444520133,0.015998683846016437
3,-4.0,-0.012437953864546714,0.016725330882110256
3,-3.9499999999999997,-0.012991866021923482,0.017470623720423184
3,-3.9,-0.013558846528822333,0.01823366321290898
3,-3.85,-0.014138093143853059,0.019013392302011045
3,-3.8,-0.01472867867002714,0.019808587911337217
3,-3.75,-0.015329545312034565,0.020617853438194444
3,-3.6999999999999997,-0.015939499623660147,0.021439612018173015
3,-3.65,-0.016557208188328953,0.022272100747537493
3,-3.5999999999999996,-0.01718119418771691,0.0231133660643712
3,-3.55,-0.017809835024613196,0.023961260503847726
3,-3.5,-0.01844136117653372,0.024813441056174668
3,-3.4499999999999997,-0.01907385646546844,0.02566736936716829
3,-3.4,-0.019705259936035446,0.026520314030433756
3,-3.3499999999999996,-0.02033336953878262,0.027369355226074976
3,-3.3,-0.020955847816645168,0.028211391962974286
3,-3.25,-0.021570229790058182,0.02904315217914233
3,-3.1999999999999997,-0.022173933229168608,0.02986120594655972
3,-3.15,-0.02276427148924176,0.030661982012404998
3,-3.0999999999999996,-0.02333846906698467,0.0314417878866613
3,-3.05,-0.023893680010361518,0.03219683365592729
3,-3.0,-0.02442700928190078,0.03292325966393639
3,-2.9499999999999997,-0.02493553713491803,0.03361716815008675
3,-2.9,-0.02541634651307101,0.034274658877610165
3,-2.8499999999999996,-0.02586655342599209,0.034891868712388696
3,-2.8,-0.026283340187450266,0.03546501503176103
3,-2.75,-0.026663991327833036,0.035990442750116536
3,-2.6999999999999997,-0.027005931910462078,0.03646467464516512
3,-2.65,-0.02730676789237907,0.0368844645565356
3,-2.5999999999999996,-0.027564328076349343,0.03724685290830321
3,-2.55,-0.027776707103907228,0.03754922388131687
3,-2.5,-0.02794230884195592,0.037789363432493506
3,-2.4499999999999997,-0.028059889420742223,0.03796551723013275
3,-2.4,-0.028128599092678952,0.03807644745096539
3,-2.3499999999999996,-0.0281480220036201,0.0381214872711535
3,-2.3,-0.028118212905443363,0.03810059178569336
3,-2.25,-0.02803972979618452,0.03801438401524759
3,-2.1999999999999997,-0.02791366145677454,0.03786419461368551
3,-2.15,-0.027741648866915325,0.037652093881332505
3,-2.0999999999999996,-0.02752589953186857,0.037380914725973824
3,-2.05,-0.02726919384131632,0.03705426530363454
3,-2.0,-0.026974882714257742,0.03667653022035067
3,-1.9500000000000002,-0.026646875961626293,0.03625285938898548
3,-1.8999999999999995,-0.026289621019949916,0.035789143912652754
3,-1.8499999999999996,-0.025908071970611513,0.035291978705060956
3,-1.7999999999999998,-0.02550764905153935,0.034768611948556405
3,-1.75,-0.02509418917805939,0.0342268819161089
3,-1.7000000000000002,-0.024673888298107682,0.03367514211867384
3,-1.6499999999999995,-0.024253236689384616,0.03312217615059998
3,-1.5999999999999996,-0.02383894853249935,0.032577103950720554
3,-1.5499999999999998,-0.023437887230928545,0.032049281427354304
3,-1.5,-0.023056987960874853,0.03154819546044685
3,-1.4500000000000002,-0.022703178789441836,0.031083356145586327
3,-1.3999999999999995,-0.02238330137378819,0.03066418774523716
3,-1.3499999999999996,-0.022104031737677388,0.0302999191453992
3,-1.2999999999999998,-0.021871800928375484,0.029999473695700996
3,-1.25,-0.021692714530081036,0.02977135719500046
3,-1.1999999999999993,-0.021572469131179828,0.029623541582450175
3,-1.1499999999999995,-0.02151626303360432,0.029563340772031488
3,-1.0999999999999996,-0.021528697913915318,0.029597274246635275
3,-1.0499999999999998,-0.02161366798557074,0.02973091376401138
3,-1.0,-0.02177423366440223,0.029968709087462297
3,-0.9499999999999993,-0.022012477971282918,0.0303137902665902
3,-0.8999999999999995,-0.02232934601332287,0.03076774678713723
3,-0.8499999999999996,-0.022724470845359057,0.03133038785023823
3,-0.7999999999999998,-0.023195992645695718,0.03199949287892734
3,-0.75,-0.023740382083658584,0.03277056658992783
3,-0.6999999999999993,-0.024352282488053656,0.033636617902690125
3,-0.6499999999999995,-0.025024388320188218,0.03458798575163624
3,-0.5999999999999996,-0.02574737889261866,0.03561223671608471
3,-0.5499999999999998,-0.026509925773468446,0.03669415869499426
3,-0.5,-0.027298789660002834,0.03781587142820464
3,-0.4499999999999993,-0.028099017823655804,0.038957068783341375
3,-0.39999999999999947,-0.02889424699206699,0.040095400115461866
3,-0.34999999999999964,-0.02966710944755757,0.04120698964698177
3,-0.2999999999999998,-0.030399732939804774,0.0422670846314831
3,-0.25,-0.031074318322961647,0.04325081558246535
3,-0.1999999999999993,-0.03167377290688417,0.04413404498156648
3,-0.14999999999999947,-0.032182372308269175,0.044894273998071
3,-0.09999999999999964,-0.032586418912455506,0.045511569093571125
3,-0.04999999999999982,-0.032874860917447235,0.045969461753604945
3,0.0,-0.033039832858422824,0.04625576600179193
3,0.05000000000000071,-0.0330770776646786,0.04636325226137128
3,0.10000000000000053,-0.03298621319966055,0.0462901158633916
3,0.15000000000000036,-0.032770814123002534,0.04604018700570928
3,0.20000000000000018,-0.03243829303637569,0.04562284733899735
3,0.25,-0.03199958203910347,0.04505264492442573
3,0.3000000000000007,-0.03146863451684867,0.044348629807831885
3,0.35000000000000053,-0.03086178406532214,0.04353346127104987
3,0.40000000000000036,-0.030197010029606286,0.04263235971488058
3,0.4500000000000002,-0.02949316536707114,0.04167198768367658
3,0.5,-0.028769221933115374,0.04067934480216068
3,0.5500000000000007,-0.028043581613730995,0.039680751647084817
3,0.6000000000000005,-0.0273334906114735,0.03870098058964426
3,0.6500000000000004,-0.026654580634787983,0.03776257078533052
3,0.7000000000000002,-0.026020546724806914,0.036885342995314596
3,0.75,-0.02544295866379187,0.036086110456503534
3,0.8000000000000007,-0.024931192583367068,0.03537856644176113
3,0.8500000000000005,-0.02449246225536328,0.034773318490772864
3,0.9000000000000004,-0.02413192582078172,0.03427803378060959
3,0.9500000000000002,-0.023852843157996295,0.03389765931440017
3,1.0,-0.023656761128116877,0.03363468362206434
3,1.0500000000000007,-0.023543707774024814,0.033489412299422316
3,1.1000000000000005,-0.023512381341621813,0.03346023671111614
3,1.1500000000000004,-0.023560324961542145,0.033543882421173565
3,1.2000000000000002,-0.02368408236633912,0.03373563051407663
3,1.25,-0.023879333721454232,0.034029510357148685
3,1.3000000000000007,-0.024141013327695138,0.034418466262797376
3,1.3500000000000005,-0.024463412595299383,0.03489450292076801
3,1.4000000000000004,-0.024840272409031083,0.03544881555071
3,1.4500000000000002,-0.0252648689880981,0.03607191074296967
3,1.5,-0.02573009680910321,0.03675372321752257
3,1.5500000000000007,-0.026228551312267978,0.03748373253312076
3,1.6000000000000005,-0.02675261312880628,0.03825108237510744
3,1.6500000000000004,-0.027294534588662378,0.0390447036386663
3,1.7000000000000002,-0.027846528389426473,0.03985344124387391
3,1.75,-0.02840085758773525,0.0406661835560036
3,1.8000000000000007,-0.02894992554160747,0.04147199248184863
3,1.8500000000000005,-0.029486364090248518,0.042260231780143265
3,1.9000000000000004,-0.030003118095001113,0.04302069084827864
3,1.9500000000000002,-0.030493524459421772,0.04374370120048199
3,2.0,-0.030951383870526428,0.04442024299834768
3,2.0500000000000007,-0.03137102372784595,0.04504203929319228
3,2.0999999999999996,-0.0317473510230597,0.0456016360509246
3,2.1500000000000004,-0.03207589427357416,0.046092466515352815
3,2.200000000000001,-0.03235283397411637,0.04650889898956101
3,2.25,-0.03257502139018653,0.04684626764567246
3,2.3000000000000007,-0.032739985858639464,0.047100886484022775
3,2.3499999999999996,-0.03284593106984701,0.04727004703169979
3,2.4000000000000004,-0.03289172107285454,0.04735200078078039
3,2.450000000000001,-0.032876856962899215,0.04734592770696522
3,2.5,-0.03280144537631102,0.04725189247308026
3,2.5500000000000007,-0.032666160030618396,0.047070790107018645
3,2.5999999999999996,-0.03247219760964226,0.046804283052084505
3,2.6500000000000004,-0.032221229308361465,0.046454731524500525
3,2.700000000000001,-0.0319153493258737,0.04602511908570528
3,2.75,-0.03155702153324791,0.045518975255397054
3,2.8000000000000007,-0.03114902545335907,0.044940296865372265
3,2.8499999999999996,-0.030694402579069635,0.04429346969469705
3,2.9000000000000004,-0.030196403930973226,0.04358319174405145
3,2.950000000000001,-0.02965843962283765,0.042814399310771245
3,3.0,-0.029084031067239113,0.04199219682485911
3,3.0500000000000007,-0.028476766320551405,0.04112179120735071
3,3.0999999999999996,-0.027840258939144658,0.04020843132192087
3,3.1500000000000004,-0.027178110600421412,0.03925735291312327
3,3.200000000000001,-0.026493877635175966,0.03827372926352246
3,3.25,-0.025791041523104408,0.03726262765928445
3,3.3000000000000007,-0.025072983321693165,0.03622897163069849
3,3.3499999999999996,-0.024342961930358342,0.03517750883072268
3,3.4000000000000004,-0.02360409603609348,0.0341127843305471
3,3.450000000000001,-0.022859349543404406,0.03303911904525436
3,3.5,-0.022111520258934814,0.031960592953481415
3,3.5500000000000007,-0.021363231578766406,0.03088103274088283
3,3.6000000000000014,-0.020616926912759848,0.02980400347629697
3,3.6500000000000004,-0.01987486657416193,0.028732803919949035
3,3.700000000000001,-0.019139126862902422,0.027670465063014404
3,3.75,-0.018411601076346873,0.026619751505539746
3,3.8000000000000007,-0.017694002190661084,0.025583165293625587
3,3.8500000000000014,-0.016987866968522614,0.02456295185531543
3,3.9000000000000004,-0.016294561263708207,0.023561107696633776
3,3.950000000000001,-0.015615286309446308,0.02257938954349381
3,4.0,-0.014951085794709051,0.021619324640847815
3,4.050000000000001,-0.014302853550272054,0.020682221946692447
3,4.100000000000001,-0.013671341684029947,0.019769183984731153
3,4.15,-0.013057169022351989,0.018881119145144787
3,4.200000000000001,-0.012460829730932321,0.018018754247619118
3,4.25,-0.011882702004485157,0.017182647204318613
3,4.300000000000001,-0.011323056729560577,0.016373199642522707
3,4.350000000000001,-0.010782066038676152,0.015590669367272714
3,4.4,-0.010259811686838205,0.014835182563240235
3,4.450000000000001,-0.009756293193220245,0.014106745652400665
3,4.5,-0.009271435701499353,0.013405256739758453
3,4.550000000000001,-0.008805097521929373,0.01273051659349278
3,4.600000000000001,-0.008357077326834439,0.01208223911849915
3,4.65,-0.007927120978830526,0.011460061293459223
3,4.700000000000001,-0.007514927977791963,0.010863552551371836
3,4.75,-0.007120157518444081,0.010292223592053062
3,4.800000000000001,-0.006742434155522226,0.009745534622454866
3,4.850000000000001,-0.006381353077779206,0.009222903026993912
3,4.9,-0.00603648499581011,0.00872371047540188
3,4.950000000000001,-0.005707380651722271,0.008247309480069909
3,5.0,-0.005393574961209957,0.0077930294184862525
3,5.050000000000001,-0.005094590800636567,0.0073601820393291995
3,5.100000000000001,-0.004809942453318783,0.0069480664730696695
3,5.15,-0.0045391387304407615,0.006555973769656109
3,5.200000000000001,-0.004281685782874245,0.00618319098713993
3,5.25,-0.004037089620787526,0.005829004855844477
3,5.300000000000001,-0.003804858358225527,0.0054927050431938795
3,5.350000000000001,-0.0035845041999342797,0.005173587044354111
3,5.4,-0.0033755451876391618,0.004870954723732446
3,5.450000000000001,-0.0031775067226842424,0.0045841225319507295
3,5.5,-0.0029899228816021584,0.004312417422337678
3,5.550000000000001,-0.0028123375406421403,0.0040551804902331234
3,5.600000000000001,-0.002644305324720264,0.0038117683575111805
3,5.65,-0.00248539239559209,0.003581554323763836
3,5.700000000000001,-0.002335177093332419,0.0033639293045224505
3,5.75,-0.0021932504444679424,0.0031583025757870864
3,5.800000000000001,-0.002059216549309184,0.002964102342974062
3,5.850000000000001,-0.0019326928602776405,0.0027807761512432805
3,5.9,-0.0018133103621846836,0.0026077911529593933
3,5.950000000000001,-0.0017007136646709498,0.002444634246916433
3,6.0,-0.0015945610162142465,0.0022908121027600536
4,-6.0,-0.0018750838023389171,0.002335380988646385
4,-5.95,-0.0019918459188494886,0.0024787785311115584
4,-5.9,-0.0021157150186636997,0.002630909354838451
4,-5.85,-0.002247078567855887,0.002792252419602015
4,-5.8,-0.0023863389899303478,0.002963305042678499
4,-5.75,-0.0025339136756552527,0.003144582917710359
4,-5.7,-0.002690234913619527,0.00333662003808044
4,-5.65,-0.002855749729997026,0.003539968510355429
4,-5.6,-0.0030309196253219817,0.0037551982425449992
4,-5.55,-0.003216220195358499,0.003982896491101506
4,-5.5,-0.003412140622434112,0.004223667249711127
4,-5.45,-0.0036191830228857746,0.004478130462141294
4,-5.4,-0.003837861635576978,0.004746921040554852
4,-5.35,-0.004068701835798105,0.00503068766995618
4,-5.3,-0.004312238958176451,0.005330091378675128
4,-5.25,-0.004569016911721402,0.005645803854168463
4,-5.2,-0.004839586569581833,0.005978505482801211
4,-5.15,-0.005124503915720613,0.006328883091891946
4,-5.1,-0.005424327930446449,0.0066976273719516755
4,-5.05,-0.005739618196594076,0.007085429956978473
4,-5.0,-0.006070932208233959,0.007492980140772154
4,-4.95,-0.006418822364032906,0.00792096120760366
4,-4.9,-0.006783832627916375,0.008370046356233285
4,-4.85,-0.007166494840491033,0.008840894197366111
4,-4.8,-0.0075673246657648185,0.009334143805927564
4,-4.75,-0.007986817159252979,0.009850409311543018
4,-4.7,-0.008425441945381973,0.010390274012859635
4,-4.65,-0.008883637994501203,0.010954284004316417
4,-4.6,-0.009361807992641413,0.011542941307468357
4,-4.55,-0.009860312300552287,0.012156696503149877
4,-4.5,-0.010379462502568604,0.01279594086566549
4,-4.45,-0.010919514550477682,0.01346099800586309
4,-4.4,-0.011480661512922818,0.01415211503644187
4,-4.35,-0.012063025946952077,0.014869453280232037
4,-4.3,-0.012666651915189675,0.015613078550476889
4,-4.25,-0.01329149667981433,0.01638295104141463
4,-4.2,-0.013937422113074138,0.017178914877721052
4,-4.15,-0.014604185873504427,0.018000687382663916
4,-4.1,-0.015291432407365857,0.018847848137129475
4,-4.05,-0.015998683846016437,0.01971982791502569
4,-4.0,-0.016725330882110256,0.020615897594911115
4,-3.9499999999999997,-0.017470623720423184,0.021535157162998697
4,-3.9,-0.01823366321290898,0.02247652493885477
4,-3.85,-0.019013392302011045,0.02343872717206308
4,-3.8,-0.019808587911337217,0.024420288175706517
4,-3.75,-0.020617853438194444,0.025419521180515936
4,-3.6999999999999997,-0.021439612018173015,0.02643452011175329
4,-3.65,-0.022272100747537493,0.027463152508983235
4,-3.5999999999999996,-0.0231133660643712,0.028503053826544722
4,-3.55,-0.023961260503847726,0.029551623369269198
4,-3.5,-0.024813441056174668,0.030606022133330857
4,-3.4499999999999997,-0.02566736936716829,0.03166317283550901
4,-3.4,-0.026520314030433756,0.03271976242482255
4,-3.3499999999999996,-0.027369355226074976,0.03377224737785545
4,-3.3,-0.028211391962974286,0.0348168620821907
4,-3.25,-0.02904315217914233,0.03584963061037749
4,-3.1999999999999997,-0.02986120594655972,0.036866382178792456
4,-3.15,-0.030661982012404554,0.03786277057064469
4,-3.0999999999999996,-0.031441787886660855,0.038834297779153815
4,-3.05,-0.03219683365592774,0.03977634209462089
4,-3.0,-0.032923259663935944,0.04068419081670838
4,-2.9499999999999997,-0.03361716815008631,0.04155307771979411
4,-2.9,-0.03427465887760972,0.042378225334059216
4,-2.8499999999999996,-0.03489186871238892,0.043154892027247094
4,-2.8,-0.035465015031760805,0.043878423781454234
4,-2.75,-0.035990442750116314,0.04454431045575502
4,-2.6999999999999997,-0.03646467464516534,0.04514824620901425
4,-2.65,-0.03688446455653538,0.04568619362869475
4,-2.5999999999999996,-0.03724685290830343,0.04615445097184301
4,-2.55,-0.03754922388131732,0.0465497217755626
4,-2.5,-0.03778936343249373,0.04686918593865963
4,-2.4499999999999997,-0.03796551723013297,0.04711057121707807
4,-2.4,-0.03807644745096539,0.047272223917645295
4,-2.3499999999999996,-0.03812148727115372,0.047353177422967185
4,-2.3,-0.03810059178569358,0.04735321704175499
4,-2.25,-0.03801438401524737,0.04727293956157297
4,-2.1999999999999997,-0.03786419461368595,0.04711380579417446
4,-2.15,-0.03765209388133273,0.04687818435785651
4,-2.0999999999999996,-0.037380914725974046,0.046569384947786396
4,-2.05,-0.03705426530363454,0.04619167941544866
4,-2.0,-0.03667653022035067,0.045750309122821964
4,-1.9500000000000002,-0.03625285938898526,0.04525147726406065
4,-1.8999999999999995,-0.0357891439126532,0.04470232516192718
4,-1.8499999999999996,-0.035291978705060956,0.04411089194693574
4,-1.7999999999999998,-0.03476861194855729,0.043486057505037756
4,-1.75,-0.0342268819161089,0.04283746911578845
4,-1.7000000000000002,-0.03367514211867406,0.04217545276692691
4,-1.6499999999999995,-0.03312217615059976,0.041510910680349955
4,-1.5999999999999996,-0.03257710395072022,0.04085520706426138
4,-1.5499999999999998,-0.032049281427354304,0.04022004445304228
4,-1.5,-0.031548195460446626,0.03961733314187721
4,-1.4500000000000002,-0.031083356145586327,0.039059056101943046
4,-1.3999999999999995,-0.030664187745236826,0.03855713132164729
4,-1.3499999999999996,-0.030299919145398868,0.03812327273349614
4,-1.2999999999999998,-0.029999473695701107,0.03776884976839767
4,-1.25,-0.02977135719500068,0.03750474419812444
4,-1.1999999999999993,-0.029623541582450064,0.03734120141764241
4,-1.1499999999999995,-0.02956334077203171,0.03728767189025839
4,-1.0999999999999996,-0.029597274246635386,0.03735263740655981
4,-1.0499999999999998,-0.0297309137640116,0.03754341641795955
4,-1.0,-0.029968709087462297,0.037865943332041185
4,-0.9499999999999993,-0.030313790266590313,0.038324518585048484
4,-0.8999999999999995,-0.030767746787137062,0.03892152969661544
4,-0.8499999999999996,-0.03133038785023823,0.03965714831669609
4,-0.7999999999999998,-0.03199949287892717,0.040529014174631284
4,-0.75,-0.03277056658992761,0.04153192321512278
4,-0.6999999999999993,-0.03363661790269007,0.04265754317468118
4,-0.6499999999999995,-0.03458798575163621,0.04389418439656856
4,-0.5999999999999996,-0.035612236716084766,0.04522665584710017
4,-0.5499999999999998,-0.036694158694994455,0.046636235431215756
4,-0.5,-0.03781587142820478,0.04810077967959958
4,-0.4499999999999993,-0.03895706878334129,0.04959499118354027
4,-0.39999999999999947,-0.04009540011546199,0.05109085381187706
4,-0.34999999999999964,-0.04120698964698187,0.052558237012022335
4,-0.2999999999999998,-0.04226708463148305,0.053965662389943825
4,-0.25,-0.04325081558246535,0.055281218570999435
4,-0.1999999999999993,-0.044134044981566395,0.05647360335159202
4,-0.14999999999999947,-0.044894273998070916,0.057513263822388416
4,-0.09999999999999964,-0.04551156909357107,0.05837359386091745
4,-0.04999999999999982,-0.045969461753605,0.05903213362967352
4,0.0,-0.04625576600179199,0.05947169914516104
4,0.05000000000000071,-0.046363252261371224,0.05968135581815315
4,0.10000000000000053,-0.046290115863391545,0.05965714394089172
4,0.15000000000000036,-0.04604018700570933,0.0594024717539004
4,0.20000000000000018,-0.04562284733899735,0.05892811534627557
4,0.25,-0.04505264492442573,0.058251802080717785
4,0.3000000000000007,-0.04434862980783183,0.05739739903203256
4,0.35000000000000053,-0.043533461271049845,0.056393771311161356
4,0.40000000000000036,-0.04263235971488044,0.05527340882713477
4,0.4500000000000002,-0.041671987683676526,0.05407093855976858
4,0.5,-0.04067934480216062,0.05282164118801326
4,0.5500000000000007,-0.039680751647084844,0.05156007786574318
4,0.6000000000000005,-0.03870098058964422,0.0503189092602658
4,0.6500000000000004,-0.03776257078533063,0.04912795972238875
4,0.7000000000000002,-0.03688534299531465,0.0480135494084676
4,0.75,-0.03608611045650334,0.04699809013028855
4,0.8000000000000007,-0.03537856644176096,0.0460999192376821
4,0.8500000000000005,-0.03477331849077281,0.04533333126460423
4,0.9000000000000004,-0.034278033780609674,0.04470875960477297
4,0.9500000000000002,-0.033897659314400475,0.044233059447653794
4,1.0,-0.033634683622064454,0.04390984729449318
4,1.0500000000000007,-0.03348941229942226,0.043739859949312454
4,1.1000000000000005,-0.03346023671111631,0.04372130525340656
4,1.1500000000000004,-0.033543882421173565,0.043850186501005584
4,1.2000000000000002,-0.0337356305140768,0.04412059127789181
4,1.25,-0.03402951035714885,0.044524942654638966
4,1.3000000000000007,-0.03441846626279754,0.045054215892529115
4,1.3500000000000005,-0.03489450292076812,0.045698127065861405
4,1.4000000000000004,-0.03544881555071,0.046445301487427204
4,1.4500000000000002,-0.03607191074296989,0.04728342989762924
4,1.5,-0.03675372321752235,0.048199419444083125
4,1.5500000000000007,-0.03748373253312076,0.04917954492471144
4,1.6000000000000005,-0.03825108237510744,0.05020960392608864
4,1.6500000000000004,-0.0390447036386663,0.05127507762013517
4,1.7000000000000002,-0.03985344124387402,0.052361297270634544
4,1.75,-0.0406661835560036,0.053453615062642124
4,1.8000000000000007,-0.0414719924818483,0.05453757676262627
4,1.8500000000000005,-0.04226023178014304,0.05559909296261223
4,1.9000000000000004,-0.04302069084827842,0.05662460524498525
4,1.9500000000000002,-0.04374370120048199,0.05760124349382556
4,2.0,-0.04442024299834779,0.05851697072979012
4,2.0500000000000007,-0.04504203929319228,0.05936071220904349
4,2.0999999999999996,-0.045601636050925265,0.06012246605108362
4,2.1500000000000004,-0.04609246651535326,0.060793393295024645
4,2.200000000000001,-0.04650889898956123,0.06136588598142856
4,2.25,-0.046846267645672235,0.06183361257389519
4,2.3000000000000007,-0.04710088648402255,0.062191540733594675
4,2.3499999999999996,-0.04727004703169957,0.06243593810927295
4,2.4000000000000004,-0.047352000780780834,0.06256435238031322
4,2.450000000000001,-0.047345927706965885,0.0625755722734771
4,2.5,-0.047251892473080925,0.0624695716542214
4,2.5500000000000007,-0.0470707901070182,0.062247439066583476
4,2.5999999999999996,-0.04680428305208428,0.06191129526294148
4,2.6500000000000004,-0.04645473152450075,0.061464201332637414
4,2.700000000000001,-0.04602511908570506,0.06091006001639032
4,2.75,-0.04551897525539683,0.06025351269419055
4,2.8000000000000007,-0.04494029686537182,0.05949983437200235
4,2.8499999999999996,-0.04429346969469661,0.05865482878186312
4,2.9000000000000004,-0.043583191744051675,0.057724725465219784
4,2.950000000000001,-0.04281439931077147,0.05671608044416643
4,3.0,-0.04199219682485955,0.05563568181174294
4,3.0500000000000007,-0.04112179120735071,0.054490461301021975
4,3.0999999999999996,-0.040208431321920646,0.05328741263187964
4,3.1500000000000004,-0.03925735291312371,0.05203351719074867
4,3.200000000000001,-0.03827372926352268,0.050735677377028
4,3.25,-0.03726262765928423,0.04940065775331459
4,3.3000000000000007,-0.03622897163069849,0.04803503396681741
4,3.3499999999999996,-0.0351775088307229,0.046645149266598684
4,3.4000000000000004,-0.0341127843305471,0.04523707832500956
4,3.450000000000001,-0.03303911904525414,0.04381659798046211
4,3.5,-0.03196059295348164,0.04238916445051255
4,3.5500000000000007,-0.03088103274088283,0.04095989651681409
4,3.6000000000000014,-0.02980400347629697,0.039533564154314194
4,3.6500000000000004,-0.028732803919949035,0.038114582063499824
4,3.700000000000001,-0.027670465063014404,0.03670700756405898
4,3.75,-0.026619751505539746,0.03531454231857101
4,3.8000000000000007,-0.025583165293625587,0.03394053737353264
4,3.8500000000000014,-0.02456295185531543,0.032588001030213753
4,3.9000000000000004,-0.023561107696633776,0.031259609087699314
4,3.950000000000001,-0.02257938954349381,0.02995771703346639
4,4.0,-0.021619324640847815,0.028684373791749262
4,4.050000000000001,-0.020682221946692447,0.027441336675599448
4,4.100000000000001,-0.019769183984731153,0.02623008722413811
4,4.15,-0.018881119145144787,0.02505184764131352
4,4.200000000000001,-0.018018754247619118,0.02390759758602723
4,4.25,-0.017182647204318613,0.0227980910953276
4,4.300000000000001,-0.016373199642522707,0.021723873452296427
4,4.350000000000001,-0.015590669367272714,0.020685297838057615
4,4.4,-0.014835182563240235,0.0196825416329105
4,4.450000000000001,-0.014106745652400665,0.018715622254980246
4,4.5,-0.013405256739758453,0.017784412445898123
4,4.550000000000001,-0.01273051659349278,0.01688865493205194
4,4.600000000000001,-0.01208223911849915,0.016027976406856048
4,4.65,-0.011460061293459223,0.015201900794489465
4,4.700000000000001,-0.010863552551371836,0.014409861768680976
4,4.75,-0.010292223592053062,0.013651214511565257
4,4.800000000000001,-0.009745534622454866,0.012925246707498506
4,4.850000000000001,-0.009222903026993912,0.012231188775114532
4,4.9,-0.00872371047540188,0.011568223348033868
4,4.950000000000001,-0.008247309480069909,0.01093549402052929
4,5.0,-0.0077930294184862525,0.010332113379296182
4,5.050000000000001,-0.0073601820393291995,0.00975717034635215
4,5.100000000000001,-0.0069480664730696695,0.009209736861140794
4,5.15,-0.006555973769656109,0.00868887393216422
4,5.200000000000001,-0.00618319098713993,0.008193637090126327
4,5.25,-0.005829004855844477,0.00772308127555954
4,5.300000000000001,-0.0054927050431938795,0.007276265194514853
4,5.350000000000001,-0.005173587044354111,0.006852255175954003
4,5.4,-0.004870954723732446,0.006450128564271296
4,5.450000000000001,-0.0045841225319507295,0.006068976679790783
4,5.5,-0.004312417422337678,0.005707907379281174
4,5.550000000000001,-0.0040551804902331234,0.005366047247516104
4,5.600000000000001,-0.0038117683575111805,0.0050425434496683685
4,5.65,-0.003581554323763836,0.00473656527305133
4,5.700000000000001,-0.0033639293045224505,0.0044473053852445155
4,5.75,-0.0031583025757870864,0.0041739808341434426
4,5.800000000000001,-0.002964102342974062,0.003915833813912695
4,5.850000000000001,-0.0027807761512432805,0.0036721322192398986
4,5.9,-0.0026077911529593933,0.0034421700086775253
4,5.950000000000001,-0.002444634246916433,0.003225267396302467
4,6.0,-0.0022908121027600536,0.0030207708893388308
5,-6.0,-0.002335380988645941,0.0027619704749177743
5,-5.95,-0.0024787785311111143,0.002928998576232189
5,-5.9,-0.002630909354838007,0.003106205626068892
5,-5.85,-0.002792252419602015,0.0032941534943162765
5,-5.8,-0.002963305042678055,0.0034934254181528956
5,-5.75,-0.003144582917710359,0.003704626032726921
5,-5.7,-0.003336620038080884,0.003928381293008876
5,-5.65,-0.003539968510354985,0.00416533826959764
5,-5.6,-0.0037551982425449992,0.004416164800401745
5,-5.55,-0.003982896491101062,0.0046815489791516285
5,-5.5,-0.004223667249711127,0.004962198460780165
5,-5.45,-0.004478130462141738,0.005258839562824136
5,-5.4,-0.0047469210405557405,0.005572216141088937
5,-5.35,-0.005030687669955736,0.005903088216934194
5,-5.3,-0.005330091378675572,0.006252230332821185
5,-5.25,-0.005645803854168019,0.006620429611955636
5,-5.2,-0.005978505482800767,0.007008483497299878
5,-5.15,-0.006328883091891946,0.0074171971447709595
5,-5.1,-0.006697627371951231,0.007847380445135776
5,-5.05,-0.007085429956978029,0.00829984464903255
5,-5.0,-0.007492980140773042,0.008775398569778048
5,-4.95,-0.007920961207602772,0.009274844339062227
5,-4.9,-0.008370046356233729,0.009798972691512198
5,-4.85,-0.008840894197366111,0.010348557755335719
5,-4.8,-0.009334143805927564,0.010924351327980197
5,-4.75,-0.009850409311543018,0.011527076617930287
5,-4.7,-0.010390274012859635,0.012157421436608473
5,-4.65,-0.010954284004316417,0.01281603082772964
5,-4.6,-0.011542941307468357,0.013503499125603557
5,-4.55,-0.012156696503149877,0.014220361438751272
5,-4.5,-0.01279594086566549,0.014967084560882693
5,-4.45,-0.01346099800586309,0.01574405731784978
5,-4.4,-0.01415211503644187,0.016551580366691798
5,-4.35,-0.014869453280232037,0.017389855471323656
5,-4.3,-0.015613078550476889,0.018258974288952956
5,-4.25,-0.01638295104141463,0.019158906711838952
5,-4.2,-0.017178914877721052,0.02008948882064887
5,-4.15,-0.018000687382663916,0.021050410518447027
5,-4.1,-0.018847848137129475,0.022041202928188675
5,-4.05,-0.01971982791502569,0.023061225651548334
5,-4.0,-0.020615897594911115,0.024109654002949732
5,-3.9499999999999997,-0.021535157162998697,0.02518546634965002
5,-3.9,-0.02247652493885477,0.026287431706661923
5,-3.85,-0.02343872717206308,0.02741409775400916
5,-3.8,-0.024420288175706517,0.02856377946313282
5,-3.75,-0.025419521180515936,0.029734548538998595
5,-3.6999999999999997,-0.02643452011175329,0.030924223904400527
5,-3.65,-0.027463152508983235,0.03213036347266529
5,-3.5999999999999996,-0.028503053826544722,0.033350257474238365
5,-3.55,-0.029551623369269198,0.034580923620876725
5,-3.5,-0.030606022133330857,0.03581910440800318
5,-3.4499999999999997,-0.03166317283550901,0.03706126687049194
5,-3.4,-0.03271976242482255,0.03830360511920228
5,-3.3499999999999996,-0.03377224737785545,0.03954204599412403
5,-3.3,-0.0348168620821907,0.04077225817429442
5,-3.25,-0.03584963061037749,0.041989665083762784
5,-3.1999999999999997,-0.036866382178792456,0.043189461925865924
5,-3.15,-0.03786277057064513,0.04436663716396172
5,-3.0999999999999996,-0.038834297779153815,0.04551599874446355
5,-3.05,-0.03977634209462133,0.046632205326442744
5,-3.0,-0.04068419081670838,0.0477098027402163
5,-2.9499999999999997,-0.04155307771979411,0.04874326584403965
5,-2.9,-0.04237822533405966,0.04972704588241905
5,-2.8499999999999996,-0.043154892027247316,0.05065562337056706
5,-2.8,-0.043878423781454456,0.051523566436530555
5,-2.75,-0.04454431045575502,0.0523255944447496
5,-2.6999999999999997,-0.045148246209014475,0.05305664660200904
5,-2.65,-0.04568619362869497,0.05371195510885718
5,-2.5999999999999996,-0.04615445097184301,0.05428712226696719
5,-2.55,-0.04654972177556238,0.05477820078664264
5,-2.5,-0.04686918593865963,0.055181776360453405
5,-2.4499999999999997,-0.047110571217077846,0.05549505138157729
5,-2.4,-0.04727222391764552,0.055715928492719335
5,-2.3499999999999996,-0.04735317742296696,0.05584309245906027
5,-2.3,-0.04735321704175499,0.055876088673627144
5,-2.25,-0.04727293956157297,0.05581539643516198
5,-2.1999999999999997,-0.0471138057941749,0.055662494998241385
5,-2.15,-0.046878184357856734,0.055419920296487124
5,-2.0999999999999996,-0.04656938494778662,0.055091310197306065
5,-2.05,-0.04619167941544822,0.054681436176756915
5,-2.0,-0.04575030912282174,0.05419621942167163
5,-1.9500000000000002,-0.04525147726406065,0.05364272958685268
5,-1.8999999999999995,-0.04470232516192674,0.05302916476777142
5,-1.8499999999999996,-0.04411089194693596,0.05236481169623719
5,-1.7999999999999998,-0.0434860575050382,0.05165998572098163
5,-1.75,-0.04283746911578867,0.050925950777098716
5,-1.7000000000000002,-0.04217545276692647,0.050174820242866236
5,-1.6499999999999995,-0.04151091068034951,0.04941944027863476
5,-1.5999999999999996,-0.04085520706426138,0.04867325787312238
5,-1.5499999999999998,-0.04022004445304228,0.047950176307992365
5,-1.5,-0.0396173331418771,0.0472644010051666
5,-1.4500000000000002,-0.039059056101943046,0.04663027865851155
5,-1.3999999999999995,-0.03855713132164729,0.04606213210301946
5,-1.3499999999999996,-0.03812327273349614,0.045574092501968755
5,-1.2999999999999998,-0.03776884976839756,0.04517992914646474
5,-1.25,-0.03750474419812444,0.04489287553945265
5,-1.1999999999999993,-0.03734120141764252,0.044725448636757204
5,-1.1499999999999995,-0.03728767189025839,0.04468925638828414
5,-1.0999999999999996,-0.03735263740655981,0.044794787393688695
5,-1.0499999999999998,-0.03754341641795955,0.04505117594741459
5,-1.0,-0.037865943332041185,0.04546593639813867
5,-0.9499999999999993,-0.03832451858504837,0.046044662926656876
5,-0.8999999999999995,-0.03892152969661555,0.04679069474175823
5,-0.8499999999999996,-0.03965714831669587,0.047704752244731585
5,-0.7999999999999998,-0.04052901417463145,0.048784556532808665
5,-0.75,-0.04153192321512289,0.05002445195924454
5,-0.6999999999999993,-0.04265754317468112,0.05141505830402715
5,-0.6499999999999995,-0.04389418439656845,0.052942984254985115
5,-0.5999999999999996,-0.045226655847100145,0.05459063628566474
5,-0.5499999999999998,-0.04663623543121584,0.056336155982132485
5,-0.5,-0.04810077967959944,0.058153514414186924
5,-0.4499999999999993,-0.049594991183540105,0.060012785024252224
5,-0.39999999999999947,-0.0510908538118771,0.06188060808131235
5,-0.34999999999999964,-0.05255823701202222,0.06372085154267881
5,-0.2999999999999998,-0.05396566238994388,0.0654954662151872
5,-0.25,-0.055281218570999366,0.06716552728856362
5,-0.1999999999999993,-0.05647360335159213,0.06869244801696117
5,-0.14999999999999947,-0.057513263822388444,0.07003934178122173
5,-0.09999999999999964,-0.05837359386091734,0.07117249321449448
5,-0.04999999999999982,-0.05903213362967352,0.07206287654565291
5,0.0,-0.05947169914516104,0.07268763228853026
5,0.05000000000000071,-0.05968135581815309,0.07303138833502398
5,0.10000000000000053,-0.05965714394089178,0.07308729743216114
5,0.15000000000000036,-0.0594024717539004,0.07285766836757568
5,0.20000000000000018,-0.05892811534627562,0.07235409705821028
5,0.25,-0.058251802080717674,0.07159705350797957
5,0.3000000000000007,-0.05739739903203245,0.07061494218945052
5,0.35000000000000053,-0.05639377131116152,0.06944271418565684
5,0.40000000000000036,-0.05527340882713483,0.06812015736636881
5,0.4500000000000002,-0.05407093855976841,0.06669001799534721
5,0.5,-0.052821641188013246,0.06519611109067305
5,0.5500000000000007,-0.051560077865743126,0.06368156026970621
5,0.6000000000000005,-0.05031890926026583,0.0621872766233381
5,0.6500000000000004,-0.0491279597223887,0.060750747445962795
5,0.7000000000000002,-0.04801354940846747,0.05940516596426586
5,0.75,-0.04699809013028866,0.058178897685147314
5,0.8000000000000007,-0.046099919237682085,0.05709525097113011
5,0.8500000000000005,-0.04533333126460426,0.05617250057685731
5,0.9000000000000004,-0.04470875960477305,0.055424103293271965
5,0.9500000000000002,-0.044233059447653655,0.05485904355775678
5,1.0,-0.04390984729449321,0.0544822521454032
5,1.0500000000000007,-0.04373985994931262,0.054295050723695476
5,1.1000000000000005,-0.04372130525340645,0.05429558696849257
5,1.1500000000000004,-0.043850186501005695,0.05447923720103842
5,1.2000000000000002,-0.044120591277891696,0.05483896465778476
5,1.25,-0.04452494265463902,0.055365630613924965
5,1.3000000000000007,-0.045054215892529115,0.05604826221689041
5,1.3500000000000005,-0.04569812706586163,0.05687428503057934
5,1.4000000000000004,-0.04644530148742687,0.05782973021918275
5,1.4500000000000002,-0.04728342989762924,0.058899426452076464
5,1.5,-0.048199419444083125,0.06006718548878509
5,1.5500000000000007,-0.04917954492471144,0.061315988487039785
5,1.6000000000000005,-0.050209603926088864,0.06262817778175012
5,1.6500000000000004,-0.05127507762013517,0.06398565653306887
5,1.7000000000000002,-0.052361297270634655,0.06537009646970915
5,1.75,-0.053453615062642124,0.06676315210765005
5,1.8000000000000007,-0.05453757676262616,0.0681466783839414
5,1.8500000000000005,-0.05559909296261201,0.06950294763765541
5,1.9000000000000004,-0.05662460524498547,0.07081486128512104
5,1.9500000000000002,-0.05760124349382556,0.07206615133945282
5,2.0,-0.05851697072979012,0.07324156706485396
5,2.0500000000000007,-0.0593607122090436,0.07432704247539956
5,2.0999999999999996,-0.06012246605108351,0.07530984102353566
5,2.1500000000000004,-0.06079339329502442,0.0761786746125902
5,2.200000000000001,-0.06136588598142856,0.07692379494971846
5,2.25,-0.061833612573895635,0.0775370561748554
5,2.3000000000000007,-0.062191540733594675,0.07801194860735583
5,2.3499999999999996,-0.062435938109272726,0.07834360430256626
5,2.4000000000000004,-0.06256435238031388,0.0785287758714528
5,2.450000000000001,-0.06257557227347732,0.07856579066243485
5,2.5,-0.0624695716542214,0.07845448291973445
5,2.5500000000000007,-0.062247439066583254,0.07819610690931311
5,2.5999999999999996,-0.061911295262941035,0.07779323424221296
5,2.6500000000000004,-0.06146420133263719,0.07724963873277124
5,2.700000000000001,-0.060910060016390766,0.0765701721179306
5,2.75,-0.06025351269419099,0.07576063384962861
5,2.8000000000000007,-0.05949983437200235,0.07482763797324998
5,2.8499999999999996,-0.058654828781863344,0.07377847984056807
5,2.9000000000000004,-0.057724725465219784,0.072621005094478
5,2.950000000000001,-0.056716080444166206,0.07136348302302231
5,3.0,-0.055635681811743165,0.07001448602789107
5,3.0500000000000007,-0.05449046130102175,0.0685827766015652
5,3.0999999999999996,-0.05328741263187986,0.06707720286902163
5,3.1500000000000004,-0.052033517190748224,0.06550660343329695
5,3.200000000000001,-0.05073567737702778,0.06387972197569236
5,3.25,-0.049400657753313926,0.062205131805193714
5,3.3000000000000007,-0.048035033966816965,0.060491170330048805
5,3.3499999999999996,-0.04664514926659846,0.058745883237986574
5,3.4000000000000004,-0.04523707832500978,0.05697697801948154
5,3.450000000000001,-0.04381659798046256,0.05519178634902877
5,3.5,-0.04238916445051233,0.05339723475002778
5,3.5500000000000007,-0.04095989651681409,0.05159982290655862
5,3.6000000000000014,-0.03953356415431397,0.049805608946812185
5,3.6500000000000004,-0.038114582063499824,0.04802020100481297
5,3.700000000000001,-0.03670700756405898,0.046248754366036815
5,3.75,-0.03531454231857101,0.04449597351544177
5,3.8000000000000007,-0.03394053737353264,0.042766118430381805
5,3.8500000000000014,-0.032588001030213753,0.04106301449321803
5,3.9000000000000004,-0.031259609087699314,0.03939006543690482
5,3.950000000000001,-0.02995771703346639,0.03775026877936316
5,4.0,-0.028684373791749262,0.03614623324741295
5,4.050000000000001,-0.027441336675599448,0.034580197736993945
5,4.100000000000001,-0.02623008722413811,0.03305405140224993
5,4.15,-0.02505184764131352,0.03156935451085863
5,4.200000000000001,-0.02390759758602723,0.030127359746154436
5,4.25,-0.0227980910953276,0.028729033677511673
5,4.300000000000001,-0.021723873452296427,0.027375078158880406
5,4.350000000000001,-0.020685297838057615,0.026065951451030855
5,4.4,-0.0196825416329105,0.024801888895850777
5,4.450000000000001,-0.018715622254980246,0.023582923000958544
5,4.5,-0.017784412445898123,0.022408902819917476
5,4.550000000000001,-0.01688865493205194,0.021279512537605516
5,4.600000000000001,-0.016027976406856048,0.02019428919190336
5,4.65,-0.015201900794489465,0.019152639481922584
5,4.700000000000001,-0.014409861768680976,0.018153855629718052
5,4.75,-0.013651214511565257,0.01719713027698022
5,4.800000000000001,-0.012925246707498506,0.016281570410651813
5,4.850000000000001,-0.012231188775114532,0.01540621032214018
5,4.9,-0.011568223348033868,0.014570023613704297
5,4.950000000000001,-0.01093549402052929,0.013771934273099529
5,5.0,-0.010332113379296182,0.013010826843641077
5,5.050000000000001,-0.00975717034635215,0.012285555721704977
5,5.100000000000001,-0.009209736861140794,0.0115949536175326
5,5.15,-0.00868887393216422,0.010937839217965095
5,5.200000000000001,-0.008193637090126327,0.010313024091834766
5,5.25,-0.00772308127555954,0.009719318879933603
5,5.300000000000001,-0.007276265194514853,0.009155538812188446
5,5.350000000000001,-0.006852255175954003,0.0086205085947344
5,5.4,-0.006450128564271296,0.008113066709254824
5,5.450000000000001,-0.006068976679790783,0.007632069166202182
5,5.5,-0.005707907379281174,0.007176392752433536
5,5.550000000000001,-0.005366047247516104,0.006744937812491969
5,5.600000000000001,-0.0050425434496683685,0.006336630601192272
5,5.65,-0.00473656527305133,0.005950425243455015
5,5.700000000000001,-0.0044473053852445155,0.005585305335499502
5,5.75,-0.0041739808341434426,0.005240285219537899
5,5.800000000000001,-0.003915833813912695,0.004914410962125526
5,5.850000000000001,-0.0036721322192398986,0.004606761064267051
5,5.9,-0.0034421700086775253,0.004316446929338191
5,5.950000000000001,-0.003225267396302467,0.004042613112829052
5,6.0,-0.0030207708893388308,0.003784437375952354
6,-6.0,-0.0027619704749182183,0.0031548522611553054
6,-5.95,-0.002928998576232189,0.0033425060542127127
6,-5.9,-0.00310620562606978,0.003541603832357687
6,-5.85,-0.0032941534943167206,0.003752781792000448
6,-5.8,-0.0034934254181524516,0.003976700116352205
6,-5.75,-0.003704626032727365,0.004214043020707159
6,-5.7,-0.00392838129300932,0.004465518678405722
6,-5.65,-0.00416533826959764,0.004731859007723216
6,-5.6,-0.004416164800402189,0.005013819298891775
6,-5.55,-0.0046815489791516285,0.0053121776595093095
6,-5.5,-0.004962198460779277,0.0056277342556398935
6,-5.45,-0.005258839562825468,0.00596131032493652
6,-5.4,-0.005572216141088937,0.0063137469371765675
6,-5.35,-0.0059030882169337495,0.006685903476731703
6,-5.3,-0.006252230332822073,0.007078655820615509
6,-5.25,-0.006620429611955636,0.00749289418508603
6,-5.2,-0.007008483497299434,0.007929520613076946
6,-5.15,-0.007417197144771404,0.00838944607435721
6,-5.1,-0.007847380445135332,0.008873587149999196
6,-5.05,-0.008299844649031662,0.009382862272756753
6,-5.0,-0.008775398569778048,0.009918187495248532
6,-4.95,-0.009274844339061783,0.010480471758410381
6,-4.9,-0.009798972691510865,0.011070611633749117
6,-4.85,-0.010348557755335275,0.01168948551439808
6,-4.8,-0.010924351327979753,0.012337947231922719
6,-4.75,-0.011527076617930287,0.013016819078415232
6,-4.7,-0.012157421436608473,0.013726884216628932
6,-4.65,-0.01281603082772964,0.014468878464740875
6,-4.6,-0.013503499125603557,0.015243481447047458
6,-4.55,-0.014220361438751272,0.016051307107358248
6,-4.5,-0.014967084560882693,0.016892893588219327
6,-4.45,-0.01574405731784978,0.017768692486437754
6,-4.4,-0.016551580366691798,0.018679057503673047
6,-4.35,-0.017389855471323656,0.019624232520226492
6,-4.3,-0.018258974288952956,0.020604339130618765
6,-4.25,-0.019158906711838952,0.0216193636910873
6,-4.2,-0.02008948882064887,0.022669143941856262
6,-4.15,-0.021050410518447027,0.023753355280854205
6,-4.1,-0.022041202928188675,0.02487149678054168
6,-4.05,-0.023061225651548334,0.026022877055582594
6,-4.0,-0.024109654002949732,0.02720660010622522
6,-3.9499999999999997,-0.02518546634965002,0.028421551280376267
6,-3.9,-0.026287431706661923,0.02966638351632822
6,-3.85,-0.02741409775400916,0.030939504047850175
6,-3.8,-0.02856377946313282,0.03223906177361613
6,-3.75,-0.029734548538998595,0.03356293551364242
6,-3.6999999999999997,-0.030924223904400527,0.03490872339611428
6,-3.65,-0.03213036347266529,0.03627373363858455
6,-3.5999999999999996,-0.033350257474238365,0.037654977007450796
6,-3.55,-0.034580923620876725,0.039049161258670306
6,-3.5,-0.03581910440800318,0.04045268788019074
6,-3.4499999999999997,-0.03706126687049194,0.04186165147211707
6,-3.4,-0.03830360511920228,0.04327184211357338
6,-3.3499999999999996,-0.03954204599412403,0.044678751074880285
6,-3.3,-0.04077225817429442,0.04607758023928543
6,-3.25,-0.041989665083762784,0.04746325559929909
6,-3.1999999999999997,-0.043189461925865924,0.048830445187780125
6,-3.15,-0.04436663716396172,0.05017358179235565
6,-3.0999999999999996,-0.04551599874446355,0.051486890782590056
6,-3.05,-0.046632205326442744,0.052764423351392864
6,-3.0,-0.0477098027402163,0.05400009543446016
6,-2.9499999999999997,-0.048743265844040096,0.05518773252282516
6,-2.9,-0.04972704588241861,0.05632112052268878
6,-2.8499999999999996,-0.05065562337056706,0.05739406274234815
6,-2.8,-0.051523566436530555,0.05840044299698954
6,-2.75,-0.05232559444474938,0.059334294717098945
6,-2.6999999999999997,-0.05305664660200837,0.0601898758241477
6,-2.65,-0.053711955108856735,0.060961748997022
6,-2.5999999999999996,-0.054287122266967636,0.06164486679367753
6,-2.55,-0.05477820078664264,0.062234660914558315
6,-2.5,-0.05518177636045363,0.06272713469787572
6,-2.4499999999999997,-0.05549505138157684,0.06311895772362996
6,-2.4,-0.05571592849271889,0.06340756117618573
6,-2.3499999999999996,-0.055843092459060495,0.06359123237943409
6,-2.3,-0.05587608867362692,0.06366920668131071
6,-2.25,-0.055815396435161535,0.0636417546360124
6,-2.1999999999999997,-0.05566249499824094,0.0635102622258854
6,-2.15,-0.055419920296487346,0.06327730169722345
6,-2.0999999999999996,-0.0550913101973054,0.06294669047453194
6,-2.05,-0.05468143617675714,0.06252353558756152
6,-2.0,-0.054196219421671854,0.062014261116900116
6,-1.9500000000000002,-0.05364272958685268,0.06142661635736113
6,-1.8999999999999995,-0.05302916476777164,0.0607696627301868
6,-1.8499999999999996,-0.052364811696236746,0.06005373795296354
6,-1.7999999999999998,-0.05165998572098185,0.05929039659638802
6,-1.75,-0.050925950777098494,0.05849232690003836
6,-1.7000000000000002,-0.050174820242866014,0.05767324454649181
6,-1.6499999999999995,-0.049419440278634985,0.05684776494545485
6,-1.5999999999999996,-0.04867325787312238,0.05603125637730377
6,-1.5499999999999998,-0.04795017630799259,0.05523967699220522
6,-1.5,-0.04726440100516638,0.05448939905031436
6,-1.4500000000000002,-0.04663027865851177,0.05379702381529272
6,-1.3999999999999995,-0.04606213210301924,0.05317919008935279
6,-1.3499999999999996,-0.045574092501968755,0.05265237845081705
6,-1.2999999999999998,-0.045179929146464626,0.05223271182990219
6,-1.25,-0.04489287553945254,0.05193575121898508
6,-1.1999999999999993,-0.04472544863675709,0.05177628323979411
6,-1.1499999999999995,-0.04468925638828414,0.0517680942661094
6,-1.0999999999999996,-0.044794787393688584,0.05192372420802149
6,-1.0499999999999998,-0.04505117594741492,0.052254192352377604
6,-1.0,-0.04546593639813856,0.05276868828575476
6,-0.9499999999999993,-0.04604466292665699,0.05347422329141582
6,-0.8999999999999995,-0.046790694741758454,0.05437524192256582
6,-0.8499999999999996,-0.04770475224473164,0.05547319963434583
6,-0.7999999999999998,-0.048784556532808554,0.056766119953458816
6,-0.75,-0.05002445195924443,0.058248152822292454
6,-0.6999999999999993,-0.05141505830402704,0.05990916329072782
6,-0.6499999999999995,-0.05294298425498495,0.06173438532688569
6,-0.5999999999999996,-0.05459063628566477,0.06370417803177864
6,-0.5499999999999998,-0.056336155982132596,0.0657939203477449
6,-0.5,-0.058153514414186896,0.06797407563196711
6,-0.4499999999999993,-0.06001278502425231,0.0702104503054779
6,-0.39999999999999947,-0.06188060808131232,0.07246466292376752
6,-0.34999999999999964,-0.06372085154267874,0.07469483323895121
6,-0.2999999999999998,-0.06549546621518722,0.07685649610721323
6,-0.25,-0.06716552728856358,0.07890374173515813
6,-0.1999999999999993,-0.06869244801696127,0.08079057897767383
6,-0.14999999999999947,-0.07003934178122176,0.08247250787457083
6,-0.09999999999999964,-0.07117249321449448,0.08390826715430233
6,-0.04999999999999982,-0.07206287654565291,0.08506169050154311
6,0.0,-0.07268763228853026,0.08590356543189936
6,0.05000000000000071,-0.07303138833502404,0.08641334981198412
6,0.10000000000000053,-0.07308729743216114,0.08658057633719973
6,0.15000000000000036,-0.07285766836757573,0.08640577684673512
6,0.20000000000000018,-0.07235409705821033,0.0859007924748017
6,0.25,-0.07159705350797951,0.08508839920621114
6,0.3000000000000007,-0.07061494218945064,0.08400125928008617
6,0.35000000000000053,-0.06944271418565673,0.08268028989453607
6,0.40000000000000036,-0.06812015736636878,0.0811726053325828
6,0.4500000000000002,-0.06669001799534735,0.07952922599041251
6,0.5,-0.06519611109067314,0.0778027545101401
6,0.5500000000000007,-0.06368156026970617,0.07604519885897382
6,0.6000000000000005,-0.06218727662333812,0.07430608267886113
6,0.6500000000000004,-0.06075074744596287,0.07263093395605252
6,0.7000000000000002,-0.059405165964265705,0.07106019266270938
6,0.75,-0.05817889768514717,0.0696285331210798
6,0.8000000000000007,-0.057095250971129996,0.0683645616421052
6,0.8500000000000005,-0.05617250057685741,0.06729082642753212
6,0.9000000000000004,-0.055424103293271854,0.0664240648461066
6,0.9500000000000002,-0.054859043557756726,0.06577561164470928
6,1.0,-0.05448225214540292,0.06535189817479456
6,1.0500000000000007,-0.05429505072369545,0.06515498462257116
6,1.1000000000000005,-0.05429558696849246,0.06518308185637442
6,1.1500000000000004,-0.05447923720103853,0.0654310345212718
6,1.2000000000000002,-0.054838964657784706,0.0658907506537556
6,1.25,-0.055365630613924965,0.0665515742350068
6,1.3000000000000007,-0.0560482622168903,0.06740060523588098
6,1.3500000000000005,-0.05687428503057945,0.06842297681492182
6,1.4000000000000004,-0.05782973021918281,0.0696021017459767
6,1.4500000000000002,-0.05889942645207635,0.07091990040631158
6,1.5,-0.06006718548878509,0.0723570213516283
6,1.5500000000000007,-0.061315988487039785,0.07389306322010614
6,1.6000000000000005,-0.0626281777817499,0.0755068039420913
6,1.6500000000000004,-0.06398565653306854,0.07717644037746751
6,1.7000000000000002,-0.06537009646970904,0.07887983884109695
6,1.75,-0.06676315210765016,0.08059479469102804
6,1.8000000000000007,-0.06814667838394173,0.08229929734579344
6,1.8500000000000005,-0.06950294763765563,0.08397179580527281
6,1.9000000000000004,-0.07081486128512093,0.08559145896868592
6,1.9500000000000002,-0.07206615133945271,0.08713842473736355
6,2.0,-0.07324156706485385,0.0885940320035391
6,2.0500000000000007,-0.07432704247539967,0.08994103009226018
6,2.0999999999999996,-0.075309841023536,0.09116376096828138
6,2.1500000000000004,-0.07617867461259009,0.09224831046804904
6,2.200000000000001,-0.07692379494971813,0.09318262589443027
6,2.25,-0.0775370561748554,0.09395659844855286
6,2.3000000000000007,-0.07801194860735539,0.09456211010530513
6,2.3499999999999996,-0.0783436043025656,0.09499304561157929
6,2.4000000000000004,-0.0785287758714528,0.0952452712541989
6,2.450000000000001,-0.07856579066243441,0.09531658287383848
6,2.5,-0.07845448291973423,0.0952066262696194
6,2.5500000000000007,-0.07819610690931311,0.094916793635208
6,2.5999999999999996,-0.07779323424221252,0.0944500999898994
6,2.6500000000000004,-0.07724963873277124,0.09381104372490245
6,2.700000000000001,-0.07657017211793127,0.09300545539032523
6,2.75,-0.07576063384962906,0.09204033872171125
6,2.8000000000000007,-0.07482763797324976,0.09092370766911473
6,2.8499999999999996,-0.07377847984056762,0.08966442287081122
6,2.9000000000000004,-0.072621005094478,0.08827203063182587
6,2.950000000000001,-0.07136348302302231,0.0867566070473389
6,3.0,-0.07001448602789084,0.08512860947330303
6,3.0500000000000007,-0.06858277660156542,0.08339873710898082
6,3.0999999999999996,-0.06707720286902186,0.08157780203334708
6,3.1500000000000004,-0.06550660343329717,0.07967661164076834
6,3.200000000000001,-0.06387972197569214,0.07770586305951599
6,3.25,-0.06220513180519349,0.07567604981492204
6,3.3000000000000007,-0.06049117033004903,0.07359738072039312
6,3.3499999999999996,-0.058745883237986796,0.07147971074488679
6,3.4000000000000004,-0.056976978019481095,0.06933248341396259
6,3.450000000000001,-0.05519178634902877,0.06716468415095345
6,3.5,-0.05339723475002778,0.06498480385202754
6,3.5500000000000007,-0.0515998229065584,0.06280081191011666
6,3.6000000000000014,-0.04980560894681174,0.06062013785379028
6,3.6500000000000004,-0.04802020100481341,0.0584496607438898
6,3.700000000000001,-0.04624875436603659,0.05629570546894769
6,3.75,-0.04449597351544199,0.054164045096150915
6,3.8000000000000007,-0.042766118430381805,0.052059908464172855
6,3.8500000000000014,-0.04106301449321803,0.04998799224432782
6,3.9000000000000004,-0.03939006543690482,0.04795247674425074
6,3.950000000000001,-0.03775026877936316,0.04595704478118501
6,4.0,-0.03614623324741295,0.04400490300783888
6,4.050000000000001,-0.034580197736993945,0.04209880513087594
6,4.100000000000001,-0.03305405140224993,0.0402410765190675
6,4.15,-0.03156935451085863,0.03843363975378056
6,4.200000000000001,-0.030127359746154436,0.036678040728002514
6,4.25,-0.028729033677511673,0.03497547495087261
6,4.300000000000001,-0.027375078158880406,0.033326813762275975
6,4.350000000000001,-0.026065951451030855,0.03173263020619155
6,4.4,-0.024801888895850777,0.030193224352058845
6,4.450000000000001,-0.023582923000958544,0.028708647890336447
6,4.5,-0.022408902819917476,0.02727872786181651
6,4.550000000000001,-0.021279512537605516,0.0259030894101544
6,4.600000000000001,-0.02019428919190336,0.024581177473642413
6,4.65,-0.019152639481922584,0.02331227735575725
6,4.700000000000001,-0.018153855629718052,0.02209553413448484
6,4.75,-0.01719713027698022,0.02092997088829751
6,4.800000000000001,-0.016281570410651813,0.01981450573191479
6,4.850000000000001,-0.01540621032214018,0.018747967668072185
6,4.9,-0.014570023613704297,0.0177291112724145
6,4.950000000000001,-0.013771934273099529,0.01675663023778151
6,5.0,-0.013010826843641077,0.015829169811518717
6,5.050000000000001,-0.012285555721704977,0.014945338165387678
6,5.100000000000001,-0.0115949536175326,0.014103716742245087
6,5.15,-0.010937839217965095,0.013302869627056957
6,5.200000000000001,-0.010313024091834766,0.012541351992263028
6,5.25,-0.009719318879933603,0.011817717668966221
6,5.300000000000001,-0.009155538812188446,0.011130525896215104
6,5.350000000000001,-0.0086205085947344,0.010478347300694857
6,5.4,-0.008113066709254824,0.009859769158683918
6,5.450000000000001,-0.007632069166202182,0.009273399991187592
6,5.5,-0.007176392752433536,0.008717873541793875
6,5.550000000000001,-0.006744937812491969,0.00819185218516072
6,5.600000000000001,-0.006336630601192272,0.007694029812082448
6,5.65,-0.005950425243455015,0.007223134234974893
6,5.700000000000001,-0.005585305335499502,0.00677792915528741
6,5.75,-0.005240285219537899,0.006357215731970456
6,5.800000000000001,-0.004914410962125526,0.005959833787612112
6,5.850000000000001,-0.004606761064267051,0.005584662686326514
6,5.9,-0.004316446929338191,0.005230621914941835
6,5.950000000000001,-0.004042613112829052,0.004896671396495744
6,6.0,-0.003784437375952354,0.004581811562599292
7,-6.0,-0.0031548522611561935,0.0035140263473607547
7,-5.95,-0.0033425060542122687,0.0037193009650531295
7,-5.9,-0.003541603832357687,0.003937103973703948
7,-5.85,-0.003752781792000004,0.004168137312650977
7,-5.8,-0.0039767001163530935,0.004413129137279093
7,-5.75,-0.004214043020706271,0.004672833881648408
7,-5.7,-0.004465518678404834,0.004948032194268315
7,-5.65,-0.004731859007723216,0.005239530724733044
7,-5.6,-0.005013819298892219,0.0055481617380159776
7,-5.55,-0.0053121776595093095,0.0058747825321745495
7,-5.5,-0.005627734255639449,0.006220274634292089
7,-5.45,-0.0059613103249360755,0.006585542748474005
7,-5.4,-0.006313746937177456,0.006971513428820408
7,-5.35,-0.006685903476731703,0.007379133449348707
7,-5.3,-0.007078655820615509,0.007809367842056325
7,-5.25,-0.007492894185085586,0.008263197573556091
7,-5.2,-0.00792952061307739,0.008741616830134191
7,-5.15,-0.008389446074358098,0.009245629880653361
7,-5.1,-0.008873587149998752,0.009776247486541045
7,-5.05,-0.00938286227275631,0.010334482828151081
7,-5.0,-0.009918187495248532,0.010921346917184493
7,-4.95,-0.010480471758409937,0.011537843465646347
7,-4.9,-0.011070611633749117,0.012184963182948039
7,-4.85,-0.011689485514399856,0.012863677474557633
7,-4.8,-0.012337947231923163,0.013574931517754685
7,-4.75,-0.013016819078415232,0.014319636692997406
7,-4.7,-0.013726884216628488,0.015098662352919234
7,-4.65,-0.014468878464740431,0.015912826915349676
7,-4.6,-0.015243481447047902,0.016762888271801835
7,-4.55,-0.016051307107358692,0.017649533508970805
7,-4.5,-0.016892893588219327,0.018573367947675834
7,-4.45,-0.017768692486437754,0.019534903511626567
7,-4.4,-0.018679057503673047,0.020534546447384727
7,-4.35,-0.019624232520226492,0.02157258442694232
7,-4.3,-0.020604339130618765,0.022649173075473872
7,-4.25,-0.0216193636910873,0.023764321979159675
7,-4.2,-0.022669143941856262,0.024917880241344115
7,-4.15,-0.023753355280854205,0.02610952166988545
7,-4.1,-0.02487149678054168,0.027338729694189823
7,-4.05,-0.026022877055582594,0.028604782127130246
7,-4.0,-0.02720660010622522,0.029906735904739357
7,-3.9499999999999997,-0.028421551280376267,0.03124341195517788
7,-3.9,-0.02966638351632822,0.032613380367854994
7,-3.85,-0.030939504047850175,0.03401494605358435
7,-3.8,-0.03223906177361613,0.03544613510715777
7,-3.75,-0.03356293551364242,0.03690468210444653
7,-3.6999999999999997,-0.03490872339611428,0.038388018586895
7,-3.65,-0.03627373363858455,0.03989326300674101
7,-3.5999999999999996,-0.037654977007450796,0.0414172124261829
7,-3.55,-0.039049161258670306,0.04295633628264994
7,-3.5,-0.04045268788019074,0.04450677254989399
7,-3.4499999999999997,-0.04186165147211707,0.04606432664038307
7,-3.4,-0.04327184211357338,0.047624473407934964
7,-3.3499999999999996,-0.044678751074880285,0.04918236262012465
7,-3.3,-0.04607758023928543,0.0507328282771633
7,-3.25,-0.04746325559929909,0.05227040215698597
7,-3.1999999999999997,-0.048830445187780125,0.05378933196453506
7,-3.15,-0.05017358179235565,0.055283604455826474
7,-3.0999999999999996,-0.051486890782590056,0.05674697389353334
7,-3.05,-0.052764423351392864,0.05817299616947036
7,-3.0,-0.05400009543446016,0.05955506889943951
7,-2.9499999999999997,-0.05518773252282516,0.06088647775614975
7,-2.9,-0.05632112052268834,0.062160449254868855
7,-2.8499999999999996,-0.05739406274234771,0.06337021014259081
7,-2.8,-0.05840044299698954,0.0645090534628312
7,-2.75,-0.059334294717098945,0.06557041127280483
7,-2.6999999999999997,-0.060189875824148364,0.06654793387543334
7,-2.65,-0.06096174899702178,0.06743557529319011
7,-2.5999999999999996,-0.061644866793677755,0.06822768455197314
7,-2.55,-0.06223466091455809,0.0689191021593083
7,-2.5,-0.06272713469787572,0.06950526095092568
7,-2.4499999999999997,-0.06311895772362996,0.06998229024323654
7,-2.4,-0.06340756117618573,0.07034712196804582
7,-2.3499999999999996,-0.06359123237943387,0.07059759718408776
7,-2.3,-0.06366920668131049,0.07073257106480568
7,-2.25,-0.06364175463601285,0.07075201416412691
7,-2.1999999999999997,-0.0635102622258854,0.0706571074771074
7,-2.15,-0.06327730169722412,0.07045032856006728
7,-2.0999999999999996,-0.06294669047453127,0.07013552577946403
7,-2.05,-0.0625235355875613,0.0697179776478607
7,-2.0,-0.06201426111690034,0.06920443420850741
7,-1.9500000000000002,-0.06142661635736113,0.06860313757558645
7,-1.8999999999999995,-0.060769662730187024,0.06792381904917377
7,-1.8499999999999996,-0.06005373795296309,0.06717767071711611
7,-1.7999999999999998,-0.05929039659638824,0.06637729013125737
7,-1.75,-0.05849232690003814,0.06553659748460827
7,-1.7000000000000002,-0.05767324454649159,0.06467072567780363
7,-1.6499999999999995,-0.05684776494545485,0.06379588468081065
7,-1.5999999999999996,-0.05603125637730333,0.06292920257680379
7,-1.5499999999999998,-0.05523967699220478,0.062088546505679965
7,-1.5,-0.054489399050314136,0.061292327277321146
7,-1.4500000000000002,-0.05379702381529272,0.0605592915722859
7,-1.3999999999999995,-0.05317919008935312,0.05990830528064883
7,-1.3499999999999996,-0.05265237845081694,0.0593581305800408
7,-1.2999999999999998,-0.05223271182990197,0.058927197818710475
7,-1.25,-0.05193575121898475,0.0586333712367213
7,-1.1999999999999993,-0.051776283239793996,0.05849370522675268
7,-1.1499999999999995,-0.0517680942661094,0.05852418552373395
7,-1.0999999999999996,-0.05192372420802149,0.058739447849558646
7,-1.0499999999999998,-0.05225419235237738,0.05915246563284704
7,-1.0,-0.05276868828575498,0.05977419899488989
7,-0.9499999999999993,-0.053474223291416045,0.06061319967932577
7,-0.8999999999999995,-0.0543752419225656,0.06167517123903732
7,-0.8499999999999996,-0.05547319963434594,0.06296249048553837
7,-0.7999999999999998,-0.056766119953458705,0.06447370443658174
7,-0.75,-0.05824815282229234,0.06620302580426651
7,-0.6999999999999993,-0.05990916329072776,0.06813985813478318
7,-0.6499999999999995,-0.06173438532688574,0.07026838761227072
7,-0.5999999999999996,-0.06370417803177852,0.07256728108544164
7,-0.5499999999999998,-0.0657939203477447,0.0750095285280521
7,-0.5,-0.06797407563196711,0.07756246333293992
7,-0.4499999999999993,-0.07021045030547782,0.08018798702721686
7,-0.39999999999999947,-0.0724646629237677,0.08284301833924301
7,-0.34999999999999964,-0.0746948332389513,0.08548018210083996
7,-0.2999999999999998,-0.07685649610721307,0.08804875206602136
7,-0.25,-0.07890374173515805,0.09049586191078263
7,-0.1999999999999993,-0.08079057897767387,0.09276799623372989
7,-0.14999999999999947,-0.08247250787457092,0.09481276210243594
7,-0.09999999999999964,-0.0839082671543023,0.09658091568034088
7,-0.04999999999999982,-0.08506169050154314,0.09802857549734423
7,0.0,-0.08590356543189936,0.09911949857526847
7,0.05000000000000071,-0.08641334981198412,0.09982724024903344
7,0.10000000000000053,-0.08658057633719979,0.10013698065600762
7,0.15000000000000036,-0.08640577684673528,0.10004679719137899
7,0.20000000000000018,-0.08590079247480165,0.09956820159604962
7,0.25,-0.08508839920621103,0.09872583917541244
7,0.3000000000000007,-0.08400125928008595,0.09755635030393917
7,0.35000000000000053,-0.08268028989453613,0.09610649843779934
7,0.40000000000000036,-0.08117260533258275,0.09443075272577667
7,0.4500000000000002,-0.07952922599041257,0.09258856254496445
7,0.5,-0.07780275451014007,0.09064157144641441
7,0.5500000000000007,-0.07604519885897387,0.08865099363354612
7,0.6000000000000005,-0.07430608267886119,0.08667532742683501
7,0.6500000000000004,-0.07263093395605258,0.0847685192526581
7,0.7000000000000002,-0.07106019266270935,0.08297862950379808
7,0.75,-0.06962853312107997,0.08134699643808602
7,0.8000000000000007,-0.06836456164210525,0.07990785125060737
7,0.8500000000000005,-0.06729082642753204,0.07868830881662865
7,0.9000000000000004,-0.06642406484610652,0.07770864426327682
7,0.9500000000000002,-0.06577561164470924,0.07698276370851116
7,1.0,-0.06535189817479448,0.07651878538266707
7,1.0500000000000007,-0.06515498462257119,0.07631966164593962
7,1.1000000000000005,-0.06518308185637456,0.07638378991705197
7,1.1500000000000004,-0.06543103452127186,0.076705578461706
7,1.2000000000000002,-0.0658907506537556,0.07727594926580411
7,1.25,-0.06655157423500668,0.07808277351788434
7,1.3000000000000007,-0.0674006052358811,0.07911124494950117
7,1.3500000000000005,-0.06842297681492182,0.08034420241888868
7,1.4000000000000004,-0.06960210174597692,0.0817624160678091
7,1.4500000000000002,-0.07091990040631169,0.08334485176033452
7,1.5,-0.07235702135162847,0.08506892703261304
7,1.5500000000000007,-0.07389306322010603,0.08691076912391016
7,1.6000000000000005,-0.07550680394209142,0.08884548240711276
7,1.6500000000000004,-0.07717644037746774,0.09084742915333088
7,1.7000000000000002,-0.07887983884109695,0.0928905243847985
7,1.75,-0.08059479469102793,0.09494854281277587
7,1.8000000000000007,-0.08229929734579366,0.09699543364818275
7,1.8500000000000005,-0.08397179580527303,0.09900563746546476
7,1.9000000000000004,-0.08559145896868592,0.10095439829567976
7,1.9500000000000002,-0.08713842473736344,0.10281806368755775
7,2.0,-0.08859403200353899,0.10457436554584576
7,2.0500000000000007,-0.08994103009226029,0.10620267505962533
7,2.0999999999999996,-0.09116376096828138,0.1076842258853199
7,2.1500000000000004,-0.09224831046804871,0.10900230086140161
7,2.200000000000001,-0.09318262589443038,0.11014237881556477
7,2.25,-0.09395659844855264,0.11109223939498702
7,2.3000000000000007,-0.09456211010530535,0.1118420252274438
7,2.3499999999999996,-0.09499304561157951,0.11238426203631235
7,2.4000000000000004,-0.09524527125419846,0.11271383852855188
7,2.450000000000001,-0.09531658287383848,0.11282794890768777
7,2.5,-0.0952066262696194,0.11272600170387603
7,2.5500000000000007,-0.09491679363520822,0.11240949924426813
7,2.5999999999999996,-0.09445009998989962,0.11188189250600056
7,2.6500000000000004,-0.09381104372490201,0.1111484163090306
7,2.700000000000001,-0.09300545539032568,0.11021590983357465
7,2.75,-0.09204033872171147,0.109092627310438
7,2.8000000000000007,-0.09092370766911406,0.10778804345959614
7,2.8499999999999996,-0.08966442287081167,0.10631265787259303
7,2.9000000000000004,-0.08827203063182587,0.1046778020772634
7,2.950000000000001,-0.0867566070473389,0.10289545251711663
7,3.0,-0.08512860947330259,0.10097805214797884
7,3.0500000000000007,-0.08339873710898082,0.09893834282326885
7,3.0999999999999996,-0.08157780203334708,0.09678921012485575
7,3.1500000000000004,-0.07967661164076834,0.09454354181316305
7,3.200000000000001,-0.07770586305951577,0.09221410062849889
7,3.25,-0.07567604981492204,0.08981341178250046
7,3.3000000000000007,-0.07359738072039246,0.08735366513784992
7,3.3499999999999996,-0.07147971074488657,0.08484663178729868
7,3.4000000000000004,-0.06933248341396236,0.08230359450845248
7,3.450000000000001,-0.06716468415095367,0.07973529138623636
7,3.5,-0.06498480385202798,0.07715187175651161
7,3.5500000000000007,-0.06280081191011666,0.0745628635274882
7,3.6000000000000014,-0.060620137853789835,0.07197715087524892
7,3.6500000000000004,-0.0584496607438898,0.06940296128072942
7,3.700000000000001,-0.05629570546894769,0.0668478608727916
7,3.75,-0.054164045096150915,0.06431875706069867
7,3.8000000000000007,-0.05205990846417308,0.06182190747490668
7,3.8500000000000014,-0.04998799224432737,0.05936293428354378
7,3.9000000000000004,-0.04795247674425074,0.05694684300973596
7,3.950000000000001,-0.04595704478118501,0.054578045038931045
7,4.0,-0.04400490300783888,0.05226038307302794
7,4.050000000000001,-0.04209880513087594,0.04999715885724498
7,4.100000000000001,-0.0402410765190675,0.04779116257459037
7,4.15,-0.03843363975378056,0.04564470337007842
7,4.200000000000001,-0.036678040728002514,0.04355964053157013
7,4.25,-0.03497547495087261,0.04153741491540952
7,4.300000000000001,-0.033326813762275975,0.0395790802624818
7,4.350000000000001,-0.03173263020619155,0.03768533410354058
7,4.4,-0.030193224352058845,0.03585654800153648
7,4.450000000000001,-0.028708647890336447,0.03409279692311307
7,4.5,-0.02727872786181651,0.032393887571597
7,4.550000000000001,-0.0259030894101544,0.030759385549698592
7,4.600000000000001,-0.024581177473642413,0.02918864125207321
7,4.65,-0.02331227735575725,0.02768081441599346
7,4.700000000000001,-0.02209553413448484,0.026234897282980896
7,4.75,-0.02092997088829751,0.024849736345517126
7,4.800000000000001,-0.01981450573191479,0.02352405267128832
7,4.850000000000001,-0.018747967668072185,0.022256460812909662
7,4.9,-0.0177291112724145,0.02104548632416403
7,4.950000000000001,-0.01675663023778151,0.01988958191457435
7,5.0,-0.015829169811518717,0.01878714228293088
7,5.050000000000001,-0.014945338165387678,0.0177365176774007
7,5.100000000000001,-0.014103716742245087,0.016736026235278256
7,5.15,-0.013302869627056957,0.015783965159441582
7,5.200000000000001,-0.012541351992263028,0.014878620791412445
7,5.25,-0.011817717668966221,0.014018277642657395
7,5.300000000000001,-0.011130525896215104,0.013201226446594383
7,5.350000000000001,-0.010478347300694857,0.012425771293834487
7,5.4,-0.009859769158683918,0.01169023591255769
7,5.450000000000001,-0.009273399991187592,0.01099296915474568
7,5.5,-0.008717873541793875,0.010332349747363079
7,5.550000000000001,-0.00819185218516072,0.009706790365521467
7,5.600000000000001,-0.007694029812082448,0.009114741082340228
7,5.65,-0.007223134234974893,0.008554692247611406
7,5.700000000000001,-0.00677792915528741,0.008025176844607795
7,5.75,-0.006357215731970456,0.007524772371440669
7,5.800000000000001,-0.005959833787612112,0.007052102290372453
7,5.850000000000001,-0.005584662686326514,0.006605837085417843
7,5.9,-0.005230621914941835,0.0061846949654884575
7,5.950000000000001,-0.004896671396495744,0.005787442247303876
7,6.0,-0.004581811562599292,0.005412893449280531
8,-6.0,-0.0035140263473607547,0.0038394927335305695
8,-5.95,-0.003719300965051797,0.004059383308750775
8,-5.9,-0.003937103973703504,0.004292706050105899
8,-5.85,-0.004168137312651421,0.004540220056272304
8,-5.8,-0.004413129137279093,0.004802712480932669
8,-5.75,-0.0046728338816492965,0.005080998615553334
8,-5.7,-0.004948032194267871,0.00537592184059843
8,-5.65,-0.005239530724733044,0.005688353420626235
8,-5.6,-0.005548161738015089,0.006019192117771688
8,-5.55,-0.005874782532174105,0.00636936359714646
8,-5.5,-0.006220274634290757,0.006739819596734975
8,-5.45,-0.006585542748474005,0.007131536833439256
8,-5.4,-0.006971513428820408,0.007545515616018683
8,-5.35,-0.007379133449348707,0.007982778134785207
8,-5.3,-0.007809367842055437,0.00844436639714452
8,-5.25,-0.008263197573556091,0.008931339777368485
8,-5.2,-0.008741616830133303,0.009444772148468061
8,-5.15,-0.009245629880652917,0.009985748563654973
8,-5.1,-0.009776247486540601,0.010555361454763101
8,-5.05,-0.010334482828151081,0.011154706315214646
8,-5.0,-0.010921346917185382,0.011784876835588598
8,-4.95,-0.011537843465646347,0.0124469594607719
8,-4.9,-0.012184963182948039,0.0131420273391063
8,-4.85,-0.012863677474557633,0.013871133635810828
8,-4.8,-0.013574931517755129,0.014635304185477871
8,-4.75,-0.014319636692996962,0.015435529461675479
8,-4.7,-0.015098662352920122,0.016272755845482045
8,-4.65,-0.015912826915349676,0.01714787617955782
8,-4.6,-0.016762888271800946,0.01806171959986269
8,-4.55,-0.017649533508969917,0.019015040643585834
8,-4.5,-0.01857336794767539,0.020008507639251327
8,-4.45,-0.019534903511626123,0.021042690393415775
8,-4.4,-0.020534546447384727,0.022118047197828616
8,-4.35,-0.021572584426941877,0.02323491119146981
8,-4.3,-0.022649173075473872,0.024393476123518276
8,-4.25,-0.023764321979159675,0.025593781576056074
8,-4.2,-0.024917880241344115,0.026835697719111984
8,-4.15,-0.02610952166988545,0.028118909685539872
8,-4.1,-0.027338729694189823,0.02944290166913266
8,-4.05,-0.028604782127130246,0.03080694086619129
8,-4.0,-0.029906735904739357,0.03221006139848992
8,-3.9499999999999997,-0.03124341195517788,0.033651048374054415
8,-3.9,-0.032613380367854994,0.0351284222612418
8,-3.85,-0.03401494605358435,0.03664042377121346
8,-3.8,-0.03544613510715777,0.03818499946375731
8,-3.75,-0.03690468210444653,0.03975978831141269
8,-3.6999999999999997,-0.038388018586895,0.041362109476743125
8,-3.65,-0.03989326300674101,0.04298895157713423
8,-3.5999999999999996,-0.0414172124261829,0.04463696373043469
8,-3.55,-0.04295633628264994,0.04630244869281652
8,-3.5,-0.04450677254989399,0.04798135841711337
8,-3.4499999999999997,-0.04606432664038307,0.049669292375291274
8,-3.4,-0.047624473407934964,0.05136149900228748
8,-3.3499999999999996,-0.04918236262012465,0.05305288062985758
8,-3.3,-0.0507328282771633,0.05473800228792802
8,-3.25,-0.05227040215698597,0.05641110475682343
8,-3.1999999999999997,-0.05378933196453506,0.058066122256130726
8,-3.15,-0.055283604455826474,0.05969670515437375
8,-3.0999999999999996,-0.05674697389353334,0.06129624807729295
8,-3.05,-0.058172996169469915,0.06285792378067523
8,-3.0,-0.059555068899439956,0.06437472313515613
8,-2.9499999999999997,-0.06088647775614975,0.06583950154401341
8,-2.9,-0.062160449254868855,0.06724503207895882
8,-2.8499999999999996,-0.06337021014259081,0.06858406557129504
8,-2.8,-0.06450905346283164,0.06984939783405686
8,-2.75,-0.06557041127280483,0.07103394411186637
8,-2.6999999999999997,-0.06654793387543378,0.07213082075586419
8,-2.65,-0.06743557529318989,0.07313343399736016
8,-2.5999999999999996,-0.06822768455197314,0.07403557554185403
8,-2.55,-0.0689191021593083,0.07483152452089392
8,-2.5,-0.06950526095092613,0.07551615511960375
8,-2.4499999999999997,-0.06998229024323721,0.07608504894039836
8,-2.4,-0.07034712196804604,0.0765346108682996
8,-2.3499999999999996,-0.07059759718408753,0.07686218687302127
8,-2.3,-0.07073257106480524,0.07706618182411162
8,-2.25,-0.07075201416412691,0.07714617501950372
8,-2.1999999999999997,-0.07065710747710718,0.07710303075190694
8,-2.15,-0.07045032856006728,0.07693900088501726
8,-2.0999999999999996,-0.0701355257794638,0.0766578161121032
8,-2.05,-0.06971797764786114,0.07626476235765578
8,-2.0,-0.06920443420850764,0.07576673869649309
8,-1.9500000000000002,-0.068603137575586,0.0751722932415273
8,-1.8999999999999995,-0.06792381904917333,0.074491633724731
8,-1.8499999999999996,-0.06717767071711545,0.07373660998869402
8,-1.7999999999999998,-0.06637729013125804,0.07292066632558969
8,-1.75,-0.0655365974846085,0.07205876253080801
8,-1.7000000000000002,-0.06467072567780408,0.07116726363680259
8,-1.6499999999999995,-0.06379588468081043,0.0702637994847013
8,-1.5999999999999996,-0.06292920257680401,0.06936709647162465
8,-1.5499999999999998,-0.06208854650567952,0.06849678484841615
8,-1.5,-0.061292327277321146,0.06767318568618652
8,-1.4500000000000002,-0.0605592915722859,0.06691708192949086
8,-1.3999999999999995,-0.05990830528064839,0.06624947767690492
8,-1.3499999999999996,-0.05935813058004036,0.06569134888963957
8,-1.2999999999999998,-0.05892719781871025,0.06526338711288915
8,-1.25,-0.05863337123672141,0.06498573559266196
8,-1.1999999999999993,-0.0584937052267529,0.06487771459763425
8,-1.1499999999999995,-0.05852418552373395,0.0649575301611578
8,-1.0999999999999996,-0.05873944784955887,0.06524195831830037
8,-1.0499999999999998,-0.05915246563284726,0.06574599578882423
8,-1.0,-0.05977419899488989,0.06648246852554363
8,-0.9499999999999993,-0.06061319967932566,0.06746159209038605
8,-0.8999999999999995,-0.06167517123903732,0.06869048269117317
8,-0.8499999999999996,-0.06296249048553815,0.07017262479830877
8,-0.7999999999999998,-0.06447370443658179,0.07190730998217787
8,-0.75,-0.06620302580426651,0.07388907090516672
8,-0.6999999999999993,-0.06813985813478318,0.07610714283619346
8,-0.6499999999999995,-0.07026838761227067,0.07854499111113977
8,-0.5999999999999996,-0.07256728108544158,0.08117994544665397
8,-0.5499999999999998,-0.07500952852805226,0.0839829805230552
8,-0.5,-0.07756246333294006,0.08691867751710602
8,-0.4499999999999993,-0.08018798702721669,0.08994539518946909
8,-0.39999999999999947,-0.08284301833924315,0.0930156743277386
8,-0.34999999999999964,-0.08548018210084002,0.09607689812834463
8,-0.2999999999999998,-0.08804875206602145,0.09907223409161237
8,-0.25,-0.09049586191078277,0.10194188781543767
8,-0.1999999999999993,-0.09276799623372987,0.10462469978512945
8,-0.14999999999999947,-0.09481276210243587,0.10706010446481651
8,-0.09999999999999964,-0.09658091568034093,0.10919043879261026
8,-0.04999999999999982,-0.09802857549734426,0.11096353153305616
8,0.0,-0.09911949857526842,0.11233543171863769
8,0.05000000000000071,-0.09982724024903344,0.11327305964617163
8,0.10000000000000053,-0.10013698065600768,0.1137565103885847
8,0.15000000000000036,-0.10004679719137893,0.11378072940150685
8,0.20000000000000018,-0.09956820159604962,0.11335632442195409
8,0.25,-0.0987258391754125,0.11250937341558348
8,0.3000000000000007,-0.09755635030393917,0.11128021526100973
8,0.35000000000000053,-0.09610649843779917,0.10972133981544646
8,0.40000000000000036,-0.0944307527257765,0.10789459954595038
8,0.4500000000000002,-0.0925885625449645,0.10586802765900305
8,0.5,-0.09064157144641438,0.10371256189949599
8,0.5500000000000007,-0.08865099363354612,0.10149894459342304
8,0.6000000000000005,-0.08667532742683504,0.09929501086725953
8,0.6500000000000004,-0.08476851925265805,0.0971635033357793
8,0.7000000000000002,-0.08297862950379808,0.09516047648753208
8,0.75,-0.08134699643808607,0.09333428763616591
8,0.8000000000000007,-0.0799078512506074,0.09172511979663667
8,0.8500000000000005,-0.07868830881662858,0.0903649477441468
8,0.9000000000000004,-0.07770864426327684,0.08927784154478273
8,0.9500000000000002,-0.07698276370851098,0.08848049974916256
8,1.0,-0.07651878538266699,0.0879829137690209
8,1.0500000000000007,-0.07631966164593962,0.0877890817938009
8,1.1000000000000005,-0.07638378991705186,0.08789771115052517
8,1.1500000000000004,-0.07670557846170567,0.0883028690223408
8,1.2000000000000002,-0.07727594926580439,0.08899456049393073
8,1.25,-0.07808277351788462,0.08995922846255774
8,1.3000000000000007,-0.07911124494950106,0.09118018135775058
8,1.3500000000000005,-0.08034420241888851,0.09263796184248024
8,1.4000000000000004,-0.08176241606780899,0.09431067318467978
8,1.4500000000000002,-0.08334485176033457,0.09617428051414534
8,1.5,-0.08506892703261304,0.09820290253173874
8,1.5500000000000007,-0.08691076912391016,0.10036910619845213
8,1.6000000000000005,-0.08884548240711276,0.1026442131768141
8,1.6500000000000004,-0.090847429153331,0.10499862286065931
8,1.7000000000000002,-0.09289052438479839,0.1074021531008133
8,1.75,-0.09494854281277587,0.10982439647289355
8,1.8000000000000007,-0.09699543364818286,0.11223508729110931
8,1.8500000000000005,-0.09900563746546487,0.11460447261823059
8,1.9000000000000004,-0.10095439829567998,0.11690367926610301
8,1.9500000000000002,-0.10281806368755775,0.11910506819003563
8,2.0,-0.10457436554584554,0.12118256769177382
8,2.0500000000000007,-0.10620267505962522,0.12311197737749535
8,2.0999999999999996,-0.1076842258853199,0.12487123577465198
8,2.1500000000000004,-0.10900230086140139,0.1264406457926478
8,2.200000000000001,-0.1101423788155651,0.1278030537131215
8,2.25,-0.11109223939498714,0.12894397901415866
8,2.3000000000000007,-0.11184202522744369,0.12985169397377128
8,2.3499999999999996,-0.11238426203631291,0.13051725357676536
8,2.4000000000000004,-0.11271383852855155,0.13093447769451116
8,2.450000000000001,-0.11282794890768777,0.13109988876398304
8,2.5,-0.11272600170387603,0.13101260922250457
8,2.5500000000000007,-0.11240949924426724,0.13067422373649262
8,2.5999999999999996,-0.11188189250600056,0.130088611790516
8,2.6500000000000004,-0.11114841630902994,0.12926175648515548
8,2.700000000000001,-0.11021590983357443,0.1282015354476782
8,2.75,-0.10909262731043823,0.1269174996158089
8,2.8000000000000007,-0.10778804345959614,0.1254206453446951
8,2.8499999999999996,-0.10631265787259325,0.12372318484591327
8,2.9000000000000004,-0.1046778020772634,0.12183831943079104
8,2.950000000000001,-0.10289545251711685,0.1197800194323555
8,3.0,-0.10097805214797884,0.11756281405191893
8,3.0500000000000007,-0.09893834282326885,0.11520159374442862
8,3.0999999999999996,-0.09678921012485553,0.11271142714354765
8,3.1500000000000004,-0.0945435418131626,0.11010739395048064
8,3.200000000000001,-0.09221410062849866,0.1074044346826406
8,3.25,-0.08981341178250002,0.10461721770792742
8,3.3000000000000007,-0.08735366513784992,0.10176002358241987
8,3.3499999999999996,-0.08484663178729823,0.09884664636522267
8,3.4000000000000004,-0.08230359450845315,0.09589031130295189
8,3.450000000000001,-0.07973529138623636,0.09290360805487774
8,3.5,-0.07715187175651161,0.08989843846348
8,3.5500000000000007,-0.07456286352748798,0.08688597775867368
8,3.6000000000000014,-0.07197715087524914,0.0838766480111881
8,3.6500000000000004,-0.06940296128072987,0.08088010261533252
8,3.700000000000001,-0.06684786087279138,0.07790522057756855
8,3.75,-0.06431875706069867,0.07496010940908548
8,3.8000000000000007,-0.06182190747490646,0.07205211546258217
8,3.8500000000000014,-0.059362934283544,0.06918784061086503
8,3.9000000000000004,-0.05694684300973574,0.06637316423336115
8,3.950000000000001,-0.054578045038931045,0.06361326955260216
8,4.0,-0.05226038307302794,0.06091267344297924
8,4.050000000000001,-0.04999715885724543,0.058275258916101746
8,4.100000000000001,-0.04779116257459037,0.05570430956881789
8,4.15,-0.04564470337007842,0.053202545359751996
8,4.200000000000001,-0.04355964053157013,0.050772159156857066
8,4.25,-0.04153741491540952,0.04841485357112285
8,4.300000000000001,-0.0395790802624818,0.04613187765949811
8,4.350000000000001,-0.03768533410354058,0.04392406314307795
8,4.4,-0.03585654800153648,0.04179185984428235
8,4.450000000000001,-0.03409279692311307,0.03973537009928929
8,4.5,-0.032393887571597,0.037754381949257176
8,4.550000000000001,-0.030759385549698592,0.03584840095623809
8,4.600000000000001,-0.02918864125207321,0.034016680527193977
8,4.65,-0.02768081441599346,0.03225825066263255
8,4.700000000000001,-0.026234897282980896,0.03057194507520533
8,4.75,-0.024849736345517126,0.028956426648639955
8,4.800000000000001,-0.02352405267128832,0.02741021122877152
8,4.850000000000001,-0.022256460812909662,0.02593168975665261
8,4.9,-0.02104548632416403,0.024519148768952892
8,4.950000000000001,-0.01988958191457435,0.02317078930347849
8,5.0,-0.01878714228293088,0.021884744257876232
8,5.050000000000001,-0.0177365176774007,0.02065909425774315
8,5.100000000000001,-0.016736026235278256,0.019491882096632107
8,5.15,-0.015783965159441582,0.018381125815117638
8,5.200000000000001,-0.014878620791412445,0.017324830489282572
8,5.25,-0.014018277642657395,0.016320998801007125
8,5.300000000000001,-0.013201226446594383,0.015367640463326726
8,5.350000000000001,-0.012425771293834487,0.014462780574155953
8,5.4,-0.01169023591255769,0.013604466970876583
8,5.450000000000001,-0.01099296915474568,0.012790776656876446
8,5.5,-0.010332349747363079,0.01201982136914026
8,5.550000000000001,-0.009706790365521467,0.0112897523535751
8,5.600000000000001,-0.009114741082340228,0.010598764411964279
8,5.65,-0.008554692247611406,0.009945099281364556
8,5.700000000000001,-0.008025176844607795,0.009327048403460658
8,5.75,-0.007524772371440669,0.008742955137948538
8,5.800000000000001,-0.007052102290372453,0.008191216470406548
8,5.850000000000001,-0.006605837085417843,0.007670284261539262
8,5.9,-0.0061846949654884575,0.007178666080978058
8,5.950000000000001,-0.005787442247303876,0.006714925665252114
8,6.0,-0.005412893449280531,0.006277683035996073
9,-6.0,-0.0038394927335310136,0.004131251419666526
9,-5.95,-0.004059383308751219,0.004362753085309201
9,-5.9,-0.004292706050106343,0.004608410061566204
9,-5.85,-0.00454022005627186,0.0048690300228617645
9,-5.8,-0.004802712480931337,0.005145450147310271
9,-5.75,-0.00508099861555289,0.005438537222420159
9,-5.7,-0.00537592184059843,0.005749187617396956
9,-5.65,-0.005688353420626235,0.0060783270954036794
9,-5.6,-0.006019192117772132,0.0064269104381615705
9,-5.55,-0.006369363597146904,0.006795920854426818
9,-5.5,-0.006739819596734087,0.00718636914296944
9,-5.45,-0.007131536833439256,0.007599292579831385
9,-5.4,-0.007545515616018239,0.008035753498771392
9,-5.35,-0.007982778134786095,0.008496837533042978
9,-5.3,-0.008444366397144076,0.008983651485880095
9,-5.25,-0.008931339777368041,0.009497320796521436
9,-5.2,-0.00944477214846895,0.010038986568082997
9,-5.15,-0.009985748563655417,0.010609802123367373
9,-5.1,-0.010555361454762213,0.011210929054663588
9,-5.05,-0.011154706315215535,0.011843532733949225
9,-5.0,-0.011784876835588154,0.012508777250457292
9,-4.95,-0.012446959460771456,0.013207819743785265
9,-4.9,-0.013142027339107631,0.01394180410222745
9,-4.85,-0.01387113363580994,0.014711853998156776
9,-4.8,-0.014635304185478315,0.015519065235090501
9,-4.75,-0.015435529461676367,0.016364497384452115
9,-4.7,-0.01627275584548249,0.01724916469431559
9,-4.65,-0.01714787617955693,0.018174026257361753
9,-4.6,-0.01806171959986269,0.019139975431232692
9,-4.55,-0.01901504064358628,0.020147828511207777
9,-4.5,-0.02000850763925177,0.02119831266294714
9,-4.45,-0.021042690393414887,0.022292053131805822
9,-4.4,-0.022118047197828172,0.023429559755001605
9,-4.35,-0.02323491119146892,0.024611212813807626
9,-4.3,-0.024393476123517832,0.025837248274750646
9,-4.25,-0.025593781576056518,0.027107742481777386
9,-4.2,-0.026835697719111984,0.02842259637515987
9,-4.15,-0.028118909685539872,0.029781519327818362
9,-4.1,-0.02944290166913266,0.031184012705369746
9,-4.05,-0.03080694086619129,0.03262935327276395
9,-4.0,-0.03221006139848992,0.034116576587478686
9,-3.9499999999999997,-0.033651048374054415,0.03564446053700676
9,-3.9,-0.0351284222612418,0.037211509196488635
9,-3.85,-0.03664042377121346,0.03881593720073617
9,-3.8,-0.03818499946375731,0.040455654843413846
9,-3.75,-0.03975978831141269,0.04212825413453958
9,-3.6999999999999997,-0.041362109476743125,0.04383099606565777
9,-3.65,-0.04298895157713423,0.0455607993497642
9,-3.5999999999999996,-0.04463696373043469,0.047314230920206146
9,-3.55,-0.04630244869281652,0.04908749848916916
9,-3.5,-0.04798135841711337,0.050876445481848
9,-3.4499999999999997,-0.049669292375291274,0.05267654867684035
9,-3.4,-0.05136149900228748,0.05448291889663048
9,-3.3499999999999996,-0.05305288062985758,0.056290305104078175
9,-3.3,-0.05473800228792802,0.058093102271581376
9,-3.25,-0.05641110475682343,0.0598853633988119
9,-3.1999999999999997,-0.058066122256130726,0.06166081606256757
9,-3.15,-0.05969670515437375,0.06341288388799882
9,-3.0999999999999996,-0.06129624807729339,0.06513471333387022
9,-3.05,-0.06285792378067523,0.06681920618500836
9,-3.0,-0.06437472313515613,0.06845905814160824
9,-2.9499999999999997,-0.06583950154401386,0.07004680388641571
9,-2.9,-0.06724503207895838,0.07157486899495868
9,-2.8499999999999996,-0.06858406557129504,0.07303562902846039
9,-2.8,-0.06984939783405641,0.0744214761106643
9,-2.75,-0.07103394411186592,0.07572489323428266
9,-2.6999999999999997,-0.07213082075586374,0.07693853646544024
9,-2.65,-0.07313343399736016,0.07805532510953439
9,-2.5999999999999996,-0.07403557554185358,0.07906853976331973
9,-2.55,-0.07483152452089392,0.07997192799931474
9,-2.5,-0.07551615511960397,0.08075981720391079
9,-2.4499999999999997,-0.07608504894039858,0.08142723381511408
9,-2.4,-0.07653461086829982,0.08197002787694663
9,-2.3499999999999996,-0.07686218687302104,0.08238500144623417
9,-2.3,-0.07706618182411096,0.08267003895922809
9,-2.25,-0.07714617501950372,0.08282423720214327
9,-2.1999999999999997,-0.0771030307519065,0.08284803205028357
9,-2.15,-0.07693900088501726,0.08274331867207341
9,-2.0999999999999996,-0.0766578161121032,0.0825135614724486
9,-2.05,-0.07626476235765578,0.08216388971694588
9,-2.0,-0.07576673869649331,0.08170117458085757
9,-1.9500000000000002,-0.07517229324152752,0.08113408335518502
9,-1.8999999999999995,-0.07449163372473078,0.08047310675685937
9,-1.8499999999999996,-0.07373660998869358,0.07973055576769772
9,-1.7999999999999998,-0.07292066632559013,0.07892052517938541
9,-1.75,-0.07205876253080867,0.07805882203863845
9,-1.7000000000000002,-0.07116726363680281,0.07716285842348736
9,-1.6499999999999995,-0.07026379948470085,0.07625150935712677
9,-1.5999999999999996,-0.06936709647162531,0.0753449380617659
9,-1.5499999999999998,-0.06849678484841615,0.07446439202041466
9,-1.5,-0.0676731856861863,0.07363197427691093
9,-1.4500000000000002,-0.0669170819294913,0.07287039488690894
9,-1.3999999999999995,-0.06624947767690526,0.0722027072781235
9,-1.3499999999999996,-0.06569134888963968,0.07165203337961401
9,-1.2999999999999998,-0.0652633871128887,0.07124127971243821
9,-1.25,-0.06498573559266207,0.07099284428680686
9,-1.1999999999999993,-0.06487771459763436,0.07092831135243749
9,-1.1499999999999995,-0.0649575301611578,0.07106812817838093
9,-1.0999999999999996,-0.06524195831830026,0.07143125561424601
9,-1.0499999999999998,-0.06574599578882412,0.07203478282030829
9,-1.0,-0.06648246852554363,0.07289349687771618
9,-0.9499999999999993,-0.06746159209038594,0.07401940052459688
9,-0.8999999999999995,-0.0686904826911734,0.07542117627897404
9,-0.8499999999999996,-0.07017262479830877,0.07710360257265791
9,-0.7999999999999998,-0.07190730998217776,0.07906693659024655
9,-0.75,-0.07388907090516672,0.08130628812499352
9,-0.6999999999999993,-0.07610714283619341,0.08381101739495844
9,-0.6499999999999995,-0.07854499111113988,0.0865641958234935
9,-0.5999999999999996,-0.08117994544665386,0.0895421711154154
9,-0.5499999999999998,-0.08398298052305514,0.09271427633275353
9,-0.5,-0.08691867751710583,0.09604271818446453
9,-0.4499999999999993,-0.08994539518946895,0.09948267479223438
9,-0.39999999999999947,-0.09301567432773869,0.1029826308892543
9,-0.34999999999999964,-0.09607689812834483,0.10648498132146589
9,-0.2999999999999998,-0.0990722340916124,0.10992694218398569
9,-0.25,-0.10194188781543771,0.11324181944912293
9,-0.1999999999999993,-0.1046246997851294,0.1163606896318724
9,-0.14999999999999947,-0.10706010446481655,0.11921453496171297
9,-0.09999999999999964,-0.10919043879261028,0.12173683649111045
9,-0.04999999999999982,-0.11096353153305609,0.12386655860867901
9,0.0,-0.11233543171863763,0.12555136486200658
9,0.05000000000000071,-0.11327305964617179,0.12675080800339944
9,0.10000000000000053,-0.1137565103885847,0.12743916553493106
9,0.15000000000000036,-0.1137807294015068,0.12760757347711893
9,0.20000000000000018,-0.11335632442195409,0.12726516095251517
9,0.25,-0.11250937341558348,0.12643900192672436
9,0.3000000000000007,-0.11128021526100962,0.1251728541512977
9,0.35000000000000053,-0.1097213398154464,0.12352481402747756
9,0.40000000000000036,-0.10789459954595038,0.12156414579310393
9,0.4500000000000002,-0.10586802765900305,0.11936762133252832
9,0.5,-0.10371256189949596,0.11701572586938469
9,0.5500000000000007,-0.10149894459342301,0.11458905173860454
9,0.6000000000000005,-0.09929501086725945,0.11216513300013498
9,0.6500000000000004,-0.09716350333577928,0.10981588620541638
9,0.7000000000000002,-0.09516047648753201,0.10760573361391124
9,0.75,-0.09333428763616602,0.10559040671531959
9,0.8000000000000007,-0.09172511979663667,0.10381636728019299
9,0.8500000000000005,-0.09036494774414683,0.10232074321008681
9,0.9000000000000004,-0.08927784154478269,0.10113165669062416
9,0.9500000000000002,-0.08848049974916239,0.10026881976666337
9,1.0,-0.0879829137690209,0.09974428333385592
9,1.0500000000000007,-0.08778908179380096,0.0995632450661549
9,1.1000000000000005,-0.08789771115052503,0.09972484555679417
9,1.1500000000000004,-0.08830286902234086,0.10022290620317631
9,1.2000000000000002,-0.08899456049393062,0.10104658433813496
9,1.25,-0.08995922846255766,0.10218093906902692
9,1.3000000000000007,-0.09118018135775041,0.10360741446062952
9,1.3500000000000005,-0.09263796184248019,0.10530425508569621
9,1.4000000000000004,-0.09431067318467967,0.10724687309658881
9,1.4500000000000002,-0.09617428051414523,0.10940818666774393
9,1.5,-0.09820290253173858,0.11175894784900586
9,1.5500000000000007,-0.10036910619845218,0.11426807444373183
9,1.6000000000000005,-0.10264421317681416,0.11690299625119549
9,1.6500000000000004,-0.10499862286065942,0.11963002149945234
9,1.7000000000000002,-0.10740215310081314,0.12241472498914174
9,1.75,-0.10982439647289355,0.12522235567138107
9,1.8000000000000007,-0.11223508729110931,0.1280182582745728
9,1.8500000000000005,-0.1146044726182307,0.13076830126357086
9,1.9000000000000004,-0.1169036792661029,0.13343930187995523
9,1.9500000000000002,-0.11910506819003563,0.13599943824479688
9,2.0,-0.12118256769177371,0.1384186384413233
9,2.0500000000000007,-0.12311197737749535,0.1406689370458699
9,2.0999999999999996,-0.12487123577465176,0.1427247906362774
9,2.1500000000000004,-0.1264406457926477,0.14456334526178705
9,2.200000000000001,-0.12780305371312162,0.1461646505871007
9,2.25,-0.12894397901415844,0.14751181730606755
9,2.3000000000000007,-0.12985169397377105,0.14859111634428745
9,2.3499999999999996,-0.13051725357676536,0.14939202023293852
9,2.4000000000000004,-0.13093447769451116,0.1499071887520772
9,2.450000000000001,-0.13109988876398315,0.1501324024427244
9,2.5,-0.13101260922250457,0.15006644882550502
9,2.5500000000000007,-0.1306742237364924,0.14971096711188248
9,2.5999999999999996,-0.13008861179051623,0.1490702578434464
9,2.6500000000000004,-0.12926175648515636,0.14815106425327818
9,2.700000000000001,-0.12820153544767843,0.14696233223263677
9,2.75,-0.12691749961580934,0.1455149556378248
9,2.8000000000000007,-0.12542064534469466,0.14382151332441095
9,2.8499999999999996,-0.12372318484591327,0.14189600379077216
9,2.9000000000000004,-0.12183831943079149,0.13975358269240878
9,2.950000000000001,-0.11978001943235528,0.13741030779305485
9,3.0,-0.11756281405191871,0.13488289518512286
9,3.0500000000000007,-0.11520159374442862,0.1321884898724608
9,3.0999999999999996,-0.11271142714354765,0.12934445308942255
9,3.1500000000000004,-0.11010739395048041,0.12636816805272133
9,3.200000000000001,-0.10740443468264127,0.12327686522194203
9,3.25,-0.10461721770792742,0.12008746759120426
9,3.3000000000000007,-0.10176002358241965,0.11681645605410251
9,3.3499999999999996,-0.09884664636522311,0.11347975447865855
9,3.4000000000000004,-0.09589031130295211,0.11009263379746059
9,3.450000000000001,-0.09290360805487774,0.10666963415687736
9,3.5,-0.08989843846348,0.1032245039729327
9,3.5500000000000007,-0.08688597775867413,0.09977015460367333
9,3.6000000000000014,-0.08387664801118877,0.09631862926160806
9,3.6500000000000004,-0.0808801026153323,0.0928810847476984
9,3.700000000000001,-0.07790522057756855,0.08946778458327875
9,3.75,-0.07496010940908526,0.08608810214131135
9,3.8000000000000007,-0.07205211546258194,0.08275053242720043
9,3.8500000000000014,-0.06918784061086569,0.07946271122629223
9,3.9000000000000004,-0.06637316423336115,0.07623144041512608
9,3.950000000000001,-0.06361326955260216,0.07306271832219768
9,4.0,-0.06091267344297968,0.06996177411769278
9,4.050000000000001,-0.05827525891610197,0.06693310530744512
9,4.100000000000001,-0.05570430956881811,0.0639805175017516
9,4.15,-0.05320254535975222,0.06110716572280217
9,4.200000000000001,-0.05077215915685729,0.05831559660386465
9,4.25,-0.04841485357112285,0.05560779091801149
9,4.300000000000001,-0.04613187765949789,0.052985205953325565
9,4.350000000000001,-0.04392406314307795,0.05044881732480344
9,4.4,-0.04179185984428235,0.04799915988029824
9,4.450000000000001,-0.03973537009928929,0.04563636741886401
9,4.5,-0.037754381949257176,0.04336021099479814
9,4.550000000000001,-0.03584840095623809,0.04117013562977179
9,4.600000000000001,-0.034016680527193977,0.039065295299006486
9,4.65,-0.03225825066263255,0.03704458609567274
9,4.700000000000001,-0.03057194507520533,0.035106677511158146
9,4.75,-0.028956426648639955,0.033250041797666
9,4.800000000000001,-0.02741021122877152,0.03147298140436483
9,4.850000000000001,-0.02593168975665261,0.029773654499301472
9,4.9,-0.024519148768952892,0.028150098606781082
9,4.950000000000001,-0.02317078930347849,0.02660025240449304
9,5.0,-0.021884744257876232,0.025121975736356106
9,5.050000000000001,-0.02065909425774315,0.023713067906415475
9,5.100000000000001,-0.019491882096632107,0.022371284326307528
9,5.15,-0.018381125815117638,0.021094351594086458
9,5.200000000000001,-0.017324830489282572,0.0198799810858743
9,5.25,-0.016320998801007125,0.01872588114401541
9,5.300000000000001,-0.015367640463326726,0.01762976794641169
9,5.350000000000001,-0.014462780574155953,0.016589375141656593
9,5.4,-0.013604466970876583,0.015602462333640599
9,5.450000000000001,-0.012790776656876446,0.014666822497580778
9,5.5,-0.01201982136914026,0.013780288407125418
9,5.550000000000001,-0.0112897523535751,0.012940738149321174
9,5.600000000000001,-0.010598764411964279,0.012146099800955046
9,5.65,-0.009945099281364556,0.011394355336232564
9,5.700000000000001,-0.009327048403460658,0.010683543831845999
9,5.75,-0.008742955137948538,0.01001176403149362
9,5.800000000000001,-0.008191216470406548,0.009377176327714842
9,5.850000000000001,-0.007670284261539262,0.008778004214693436
9,5.9,-0.007178666080978058,0.008212535261410192
9,5.950000000000001,-0.006714925665252114,0.007679121650340459
9,6.0,-0.006277683035996073,0.0071761803227454735
10,-6.0,-0.004131251419666526,0.004389302405768625
10,-5.95,-0.004362753085309645,0.004629410294727521
10,-5.9,-0.00460841006156576,0.004884216008082198
10,-5.85,-0.004869030022860876,0.005154567212419359
10,-5.8,-0.005145450147310271,0.00544134213641545
10,-5.75,-0.005438537222419271,0.005745449702248884
10,-5.7,-0.005749187617396068,0.006067829524662116
10,-5.65,-0.0060783270954036794,0.0064094517490644876
10,-5.6,-0.0064269104381615705,0.0067713166991856255
10,-5.55,-0.006795920854427262,0.007154454304013846
10,-5.5,-0.00718636914296944,0.007559923272996372
10,-5.45,-0.007599292579831829,0.007988809987650392
10,-5.4,-0.008035753498771836,0.008442227077079423
10,-5.35,-0.008496837533042534,0.008921311644118468
10,-5.3,-0.008983651485879207,0.009427223108262162
10,-5.25,-0.009497320796521436,0.00996114063101583
10,-5.2,-0.010038986568083885,0.01052426008897811
10,-5.15,-0.010609802123366041,0.011117790559785234
10,-5.1,-0.011210929054664032,0.011742950286243392
10,-5.05,-0.011843532733950113,0.012400962084354816
10,-5.0,-0.012508777250457292,0.013093048161793241
10,-4.95,-0.013207819743786153,0.013820424314689106
10,-4.9,-0.013941804102227007,0.014584293472308829
10,-4.85,-0.014711853998157665,0.01538583856159903
10,-4.8,-0.015519065235090501,0.016226214666592575
10,-4.75,-0.01636449738445256,0.017106540461326425
10,-4.7,-0.01724916469431559,0.018027888899419864
10,-4.65,-0.018174026257362197,0.018991277148765917
10,-4.6,-0.01913997543123358,0.019997655765913613
10,-4.55,-0.020147828511207333,0.021047897111834857
10,-4.5,-0.021198312662947583,0.022142783018763268
10,-4.45,-0.022292053131804934,0.02328299172679582
10,-4.4,-0.023429559755002494,0.024469084118907247
10,-4.35,-0.024611212813807626,0.02570148929395888
10,-4.3,-0.02583724827475109,0.026980489529173646
10,-4.25,-0.027107742481776942,0.02830620469632006
10,-4.2,-0.028422596375159426,0.029678576209486884
10,-4.15,-0.029781519327817918,0.03109735059672003
10,-4.1,-0.03118401270537019,0.03256206280290286
10,-4.05,-0.03262935327276395,0.034072019346850446
10,-4.0,-0.034116576587478686,0.03562628147170521
10,-3.9499999999999997,-0.03564446053700676,0.037223648444034474
10,-3.9,-0.037211509196488635,0.038862641173595946
10,-3.85,-0.03881593720073617,0.040541486342154265
10,-3.8,-0.040455654843413846,0.042258101246129165
10,-3.75,-0.04212825413453958,0.044010079573828076
10,-3.6999999999999997,-0.04383099606565777,0.04579467835363982
10,-3.65,-0.0455607993497642,0.047608806324631825
10,-3.5999999999999996,-0.047314230920206146,0.04944901399549684
10,-3.55,-0.04908749848916916,0.051311485671707846
10,-3.5,-0.050876445481848,0.05319203374409831
10,-3.4499999999999997,-0.05267654867684035,0.05508609554503163
10,-3.4,-0.05448291889663048,0.056988733090964416
10,-3.3499999999999996,-0.056290305104078175,0.05889463604278644
10,-3.3,-0.058093102271581376,0.06079812822812025
10,-3.25,-0.0598853633988119,0.0626931780829505
10,-3.1999999999999997,-0.06166081606256757,0.06457341338384559
10,-3.15,-0.06341288388799837,0.06643214065669945
10,-3.0999999999999996,-0.06513471333386978,0.06826236966326338
10,-3.05,-0.0668192061850088,0.07005684338246931
10,-3.0,-0.0684590581416078,0.0718080739187954
10,-2.9499999999999997,-0.07004680388641615,0.07350838478335797
10,-2.9,-0.07157486899495868,0.07514996000286933
10,-2.8499999999999996,-0.07303562902846084,0.07672490051408776
10,-2.8,-0.07442147611066385,0.0782252882926544
10,-2.75,-0.07572489323428266,0.07964325864005506
10,-2.6999999999999997,-0.07693853646544024,0.08097108100416106
10,-2.65,-0.07805532510953395,0.08220124862971012
10,-2.5999999999999996,-0.07906853976331973,0.0833265772163716
10,-2.55,-0.07997192799931452,0.08434031259456987
10,-2.5,-0.08075981720391057,0.08523624720384504
10,-2.4499999999999997,-0.08142723381511408,0.08600884486738325
10,-2.4,-0.08197002787694663,0.0866533729939869
10,-2.3499999999999996,-0.08238500144623462,0.0871660409037287
10,-2.3,-0.08267003895922787,0.08754414247015596
10,-2.25,-0.08282423720214349,0.08778620071204646
10,-2.1999999999999997,-0.08284803205028402,0.08789211137223862
10,-2.15,-0.08274331867207385,0.08786328192123616
10,-2.0999999999999996,-0.08251356147244882,0.08770276186050152
10,-2.05,-0.0821638897169461,0.08741535972573189
10,-2.0,-0.08170117458085757,0.08700774186160043
10,-1.9500000000000002,-0.08113408335518546,0.0864885079165596
10,-1.8999999999999995,-0.08047310675685915,0.08586823814555844
10,-1.8499999999999996,-0.0797305557676975,0.0851595080541272
10,-1.7999999999999998,-0.07892052517938541,0.08437686669264366
10,-1.75,-0.07805882203863912,0.08353677600810006
10,-1.7000000000000002,-0.0771628584234878,0.08265751003785926
10,-1.6499999999999995,-0.07625150935712655,0.08175901429808796
10,-1.5999999999999996,-0.07534493806176568,0.08086272734722666
10,-1.5499999999999998,-0.07446439202041488,0.07999136802167595
10,-1.5,-0.07363197427691048,0.07916869304949303
10,-1.4500000000000002,-0.0728703948869085,0.07841923044453791
10,-1.3999999999999995,-0.07220270727812395,0.07776799408430435
10,-1.3499999999999996,-0.07165203337961412,0.07724018404996436
10,-1.2999999999999998,-0.07124127971243821,0.07686087561735788
10,-1.25,-0.07099284428680686,0.0766546973191562
10,-1.1999999999999993,-0.07092831135243738,0.07664549549116306
10,-1.1499999999999995,-0.07106812817838093,0.07685597957540358
10,-1.0999999999999996,-0.07143125561424613,0.07730733973739601
10,-1.0499999999999998,-0.0720347828203084,0.07801882672729965
10,-1.0,-0.07289349687771618,0.07900728405140756
10,-0.9499999999999993,-0.07401940052459655,0.08028662498195804
10,-0.8999999999999995,-0.0754211762789736,0.0818672520024386
10,-0.8499999999999996,-0.0771036025726578,0.08375542380858514
10,-0.7999999999999998,-0.07906693659024655,0.08595258426078844
10,-0.75,-0.08130628812499363,0.08845467746374647
10,-0.6999999999999993,-0.08381101739495833,0.09125148181107812
10,-0.6499999999999995,-0.0865641958234935,0.09432600174933103
10,-0.5999999999999996,-0.08954217111541535,0.09765395809172595
10,-0.5499999999999998,-0.09271427633275342,0.1012034159571471
10,-0.5,-0.0960427181844643,0.10493458533501565
10,-0.4499999999999993,-0.09948267479223455,0.1087998258355134
10,-0.39999999999999947,-0.10298263088925436,0.1127438880237901
10,-0.34999999999999964,-0.10648498132146575,0.11670443168020261
10,-0.2999999999999998,-0.10992694218398584,0.12061287634314177
10,-0.25,-0.1132418194491229,0.12439565681183828
10,-0.1999999999999993,-0.11636068963187225,0.12797596577395853
10,-0.14999999999999947,-0.11921453496171311,0.13127605359312555
10,-0.09999999999999964,-0.12173683649111045,0.13422010877584134
10,-0.04999999999999982,-0.12386655860867891,0.13673765672421268
10,0.0,-0.1255513648620067,0.1387672980053758
10,0.05000000000000071,-0.12675080800339944,0.14026048532071622
10,0.10000000000000053,-0.1274391655349311,0.14118494609504673
10,0.15000000000000036,-0.12760757347711893,0.14152732941821522
10,0.20000000000000018,-0.1272651609525151,0.14129471118773285
10,0.25,-0.12643900192672436,0.14051472470883486
10,0.3000000000000007,-0.12517285415129759,0.13923426697480312
10,0.35000000000000053,-0.12352481402747756,0.13751692107389235
10,0.40000000000000036,-0.12156414579310393,0.13543939146723744
10,0.4500000000000002,-0.11936762133252832,0.1330873435655402
10,0.5,-0.11701572586938469,0.13055106335608063
10,0.5500000000000007,-0.11458905173860467,0.1279213150690907
10,0.6000000000000005,-0.11216513300013498,0.12528569382546115
10,0.6500000000000004,-0.10981588620541638,0.1227256678615691
10,0.7000000000000002,-0.10760573361391124,0.12031440088293571
10,0.75,-0.1055904067153196,0.11811535367554694
10,0.8000000000000007,-0.10381636728019294,0.11618159370127644
10,0.8500000000000005,-0.10232074321008688,0.1145556952144485
10,0.9000000000000004,-0.10113165669062418,0.1132700897008012
10,0.9500000000000002,-0.10026881976666335,0.11234772376101362
10,1.0,-0.09974428333385599,0.11180289407717225
10,1.0500000000000007,-0.09956324506615499,0.11164215146300166
10,1.1000000000000005,-0.09972484555679406,0.11186519313585891
10,1.1500000000000004,-0.10022290620317631,0.11246569000421247
10,1.2000000000000002,-0.10104658433813496,0.11343202079841712
10,1.25,-0.10218093906902692,0.11474790533729193
10,1.3000000000000007,-0.1036074144606296,0.1163929442581379
10,1.3500000000000005,-0.10530425508569619,0.11834308214853681
10,1.4000000000000004,-0.10724687309658876,0.12057101580353621
10,1.4500000000000002,-0.1094081866677441,0.12304657022113039
10,1.5,-0.11175894784900597,0.12573706298441423
10,1.5500000000000007,-0.11426807444373166,0.1286076738597493
10,1.6000000000000005,-0.1169029962511956,0.13162183163025687
10,1.6500000000000004,-0.11963002149945257,0.13474162506971038
10,1.7000000000000002,-0.12241472498914163,0.1379282400497835
10,1.75,-0.12522235567138096,0.14114242040823843
10,1.8000000000000007,-0.12801825827457258,0.1443449465985734
10,1.8500000000000005,-0.13076830126357075,0.14749712340148524
10,1.9000000000000004,-0.13343930187995512,0.15056126613723642
10,1.9500000000000002,-0.13599943824479688,0.1535011738518417
10,2.0,-0.1384186384413233,0.15628257779449406
10,2.0500000000000007,-0.14066893704587002,0.15887355406474934
10,2.0999999999999996,-0.1427247906362774,0.16124489047019608
10,2.1500000000000004,-0.14456334526178694,0.16337039926882002
10,2.200000000000001,-0.14616465058710082,0.16522716943750204
10,2.25,-0.14751181730606766,0.16679575427071325
10,2.3000000000000007,-0.14859111634428768,0.16806029233899267
10,2.3499999999999996,-0.14939202023293818,0.1690085620048314
10,2.4000000000000004,-0.1499071887520773,0.16963197170124977
10,2.450000000000001,-0.1501324024427244,0.16992548994391132
10,2.5,-0.15006644882550502,0.1698875205128776
10,2.5500000000000007,-0.14971096711188192,0.1695197293704369
10,2.5999999999999996,-0.14907025784344619,0.16882683066479154
10,2.6500000000000004,-0.14815106425327818,0.1678163396133978
10,2.700000000000001,-0.14696233223263677,0.16649830018844958
10,2.75,-0.1455149556378248,0.1648849953764846
10,2.8000000000000007,-0.1438215133244105,0.16299064739874392
10,2.8499999999999996,-0.14189600379077216,0.1608311147071695
10,2.9000000000000004,-0.13975358269240878,0.15842359186211596
10,2.950000000000001,-0.13741030779305508,0.15578631759921557
10,3.0,-0.1348828951851231,0.15293829554759086
10,3.0500000000000007,-0.13218848987246012,0.1498990312073647
10,3.0999999999999996,-0.129344453089423,0.1466882879624809
10,3.1500000000000004,-0.1263681680527209,0.14332586411988535
10,3.200000000000001,-0.12327686522194181,0.13983139224640162
10,3.25,-0.12008746759120381,0.13622416143233007
10,3.3000000000000007,-0.11681645605410251,0.13252296255289764
10,3.3499999999999996,-0.11347975447865855,0.1287459561276063
10,3.4000000000000004,-0.11009263379746059,0.12491056199197836
10,3.450000000000001,-0.1066696341568778,0.12103336969223566
10,3.5,-0.10322450397293315,0.11713006828486994
10,3.5500000000000007,-0.09977015460367333,0.11321539406248604
10,3.6000000000000014,-0.09631862926160784,0.10930309462650789
10,3.6500000000000004,-0.0928810847476984,0.10540590767782754
10,3.700000000000001,-0.0894677845832792,0.101535552889922
10,3.75,-0.08608810214131113,0.0977027352573756
10,3.8000000000000007,-0.08275053242720087,0.0939171583687608
10,3.8500000000000014,-0.07946271122629289,0.0901875461298256
10,3.9000000000000004,-0.07623144041512653,0.08652167155503143
10,3.950000000000001,-0.07306271832219746,0.0829263913477174
10,4.0,-0.06996177411769322,0.07940768509716922
10,4.050000000000001,-0.06693310530744512,0.07597069803127576
10,4.100000000000001,-0.0639805175017516,0.07261978637339017
10,4.15,-0.06110716572280239,0.06935856445922828
10,4.200000000000001,-0.05831559660386487,0.06618995287259222
10,4.25,-0.05560779091801171,0.06311622695607655
10,4.300000000000001,-0.052985205953325565,0.06013906514396394
10,4.350000000000001,-0.05044881732480366,0.057259596648716826
10,4.4,-0.04799915988029824,0.05447844810958258
10,4.450000000000001,-0.04563636741886423,0.05179578888183878
10,4.5,-0.04336021099479792,0.04921137470821857
10,4.550000000000001,-0.04117013562977201,0.04672458957030212
10,4.600000000000001,-0.039065295299006486,0.04433448556751052
10,4.65,-0.03704458609567274,0.04203982071511558
10,4.700000000000001,-0.035106677511158146,0.039839094590840674
10,4.75,-0.033250041797666,0.0377305817925937
10,4.800000000000001,-0.03147298140436483,0.035712363198068475
10,4.850000000000001,-0.029773654499301472,0.033782355040855805
10,4.9,-0.028150098606781082,0.031938335837649046
10,4.950000000000001,-0.02660025240449304,0.030177971217619337
10,5.0,-0.025121975736356106,0.028498836718369613
10,5.050000000000001,-0.023713067906415475,0.02689843862341723
10,5.100000000000001,-0.022371284326307528,0.025374232924303186
10,5.15,-0.021094351594086458,0.023923642496347153
10,5.200000000000001,-0.0198799810858743,0.022544072581186736
10,5.25,-0.01872588114401541,0.02123292467168225
10,5.300000000000001,-0.01762976794641169,0.01998760889584883
10,5.350000000000001,-0.016589375141656593,0.018805554996337737
10,5.4,-0.015602462333640599,0.017684222000849736
10,5.450000000000001,-0.014666822497580778,0.016621106676857345
10,5.5,-0.013780288407125418,0.01561375086132033
10,5.550000000000001,-0.012940738149321174,0.014659747752759689
10,5.600000000000001,-0.012146099800955046,0.013756747249312529
10,5.65,-0.011394355336232564,0.012902460412216765
10,5.700000000000001,-0.010683543831845999,0.01209466312976426
10,5.75,-0.01001176403149362,0.011331199052077245
10,5.800000000000001,-0.009377176327714842,0.010609981862296447
10,5.850000000000001,-0.008778004214693436,0.0099289969448777
10,5.9,-0.008212535261410192,0.009286302506785749
10,5.950000000000001,-0.007679121650340459,0.008680030202570244
10,6.0,-0.0071761803227454735,0.008108385309529176
11,-6.0,-0.004389302405768625,0.004613645691835977
11,-5.95,-0.004629410294727521,0.004859354937004845
11,-5.9,-0.0048842160080826424,0.005120123889656547
11,-5.85,-0.005154567212419359,0.0053968316249450865
11,-5.8,-0.005441342136415894,0.005690388448247319
11,-5.75,-0.005745449702248884,0.006001736055039508
11,-5.7,-0.006067829524661228,0.006331847562393911
11,-5.65,-0.0064094517490640435,0.006681727381609548
11,-5.6,-0.006771316699185181,0.0070524109008420766
11,-5.55,-0.0071544543040142905,0.007444963945909322
11,-5.5,-0.007559923272995928,0.007860481986814882
11,-5.45,-0.007988809987650392,0.008300089056897164
11,-5.4,-0.008442227077080311,0.008764936350943664
11,-5.35,-0.008921311644119356,0.00925620046801523
11,-5.3,-0.009427223108262162,0.009775081264291607
11,-5.25,-0.009961140631016274,0.010322799280853445
11,-5.2,-0.010524260088977666,0.010900592711150736
11,-5.15,-0.01111779055978479,0.01150971387291122
11,-5.1,-0.011742950286243836,0.012151425149504291
11,-5.05,-0.012400962084354372,0.012826994366429645
11,-5.0,-0.01309304816179191,0.013537689569594669
11,-4.95,-0.013820424314689106,0.014284773173481646
11,-4.9,-0.014584293472308385,0.015069495449350434
11,-4.85,-0.015385838561598586,0.015893087326134037
11,-4.8,-0.01622621466659213,0.016756752479984094
11,-4.75,-0.01710654046132598,0.01766165869229752
11,-4.7,-0.018027888899419864,0.01860892846079576
11,-4.65,-0.018991277148765473,0.01959962885376676
11,-4.6,-0.01999765576591228,0.020634760603901015
11,-4.55,-0.02104789711183397,0.021715246445465297
11,-4.5,-0.02214278301876238,0.02284191870669794
11,-4.45,-0.023282991726796265,0.024015506178388435
11,-4.4,-0.02446908411890769,0.025236620289543765
11,-4.35,-0.025701489293958435,0.02650574063192135
11,-4.3,-0.0269804895291732,0.027823199886785055
11,-4.25,-0.02830620469632139,0.02918916821968942
11,-4.2,-0.029678576209486884,0.030603637222095692
11,-4.15,-0.031097350596720474,0.0320664034922471
11,-4.1,-0.032562062802902414,0.033577051961729776
11,-4.05,-0.03407201934685,0.035134939088449446
11,-4.0,-0.03562628147170477,0.03673917605116772
11,-3.9499999999999997,-0.037223648444034474,0.03838861209513755
11,-3.9,-0.038862641173595946,0.04008181819256329
11,-3.85,-0.040541486342154265,0.04181707119546596
11,-3.8,-0.042258101246129165,0.04359233867190149
11,-3.75,-0.044010079573828076,0.0454052646292773
11,-3.6999999999999997,-0.04579467835363982,0.04725315634068883
11,-3.65,-0.047608806324631825,0.04913297250173532
11,-3.5999999999999996,-0.04944901399549684,0.05104131295630765
11,-3.55,-0.051311485671707846,0.052974410240433034
11,-3.5,-0.05319203374409831,0.054928123203863866
11,-3.4499999999999997,-0.05508609554503163,0.05689793297986512
11,-3.4,-0.056988733090964416,0.058878941585288835
11,-3.3499999999999996,-0.05889463604278644,0.06086587344598371
11,-3.3,-0.06079812822812025,0.06285308015754731
11,-3.25,-0.0626931780829505,0.06483454880924011
11,-3.1999999999999997,-0.06457341338384559,0.06680391421996434
11,-3.15,-0.06643214065669989,0.06875447546047786
11,-3.0999999999999996,-0.06826236966326338,0.07067921706547375
11,-3.05,-0.07005684338246976,0.07257083537305808
11,-3.0,-0.0718080739187954,0.07442177046671938
11,-2.9499999999999997,-0.07350838478335753,0.07622424423483842
11,-2.9,-0.07514996000286889,0.07797030510268943
11,-2.8499999999999996,-0.0767249005140882,0.07965188002817669
11,-2.8,-0.0782252882926544,0.08126083438002851
11,-2.75,-0.07964325864005506,0.08278904032918355
11,-2.6999999999999997,-0.0809710810041615,0.08422845437202842
11,-2.65,-0.08220124862971057,0.08557120455788958
11,-2.5999999999999996,-0.0833265772163716,0.08680968790100829
11,-2.55,-0.08434031259456964,0.08793667830665974
11,-2.5,-0.08523624720384526,0.08894544511940783
11,-2.4499999999999997,-0.08600884486738347,0.08982988209720721
11,-2.4,-0.0866533729939869,0.09058464621942086
11,-2.3499999999999996,-0.08716604090372804,0.09120530524550219
11,-2.3,-0.08754414247015618,0.09168849235689525
11,-2.25,-0.08778620071204601,0.09203206554921195
11,-2.1999999999999997,-0.08789211137223907,0.09223526871777166
11,-2.15,-0.0878632819212366,0.09229889063250551
11,-2.0999999999999996,-0.0877027618605013,0.09222541727626021
11,-2.05,-0.08741535972573145,0.09201917238401203
11,-2.0,-0.08700774186160043,0.0916864405387221
11,-1.9500000000000002,-0.0864885079165596,0.0912355669256506
11,-1.8999999999999995,-0.08586823814555822,0.09067702789082821
11,-1.8499999999999996,-0.08515950805412698,0.09002346684798246
11,-1.7999999999999998,-0.08437686669264344,0.08928969086536442
11,-1.75,-0.08353677600809961,0.08849262443919015
11,-1.7000000000000002,-0.08265751003785926,0.08765121847991741
11,-1.6499999999999995,-0.0817590142980873,0.08678631430758399
11,-1.5999999999999996,-0.08086272734722688,0.08592046432800737
11,-1.5499999999999998,-0.07999136802167572,0.08507771285219912
11,-1.5,-0.07916869304949348,0.08428334200393461
11,-1.4500000000000002,-0.07841923044453813,0.08356358860238
11,-1.3999999999999995,-0.07776799408430435,0.08294533809544591
11,-1.3499999999999996,-0.07724018404996413,0.08245580090068927
11,-1.2999999999999998,-0.076860875617358,0.08212217482764839
11,-1.25,-0.07665469731915608,0.08197129468970932
11,-1.1999999999999993,-0.07664549549116306,0.08202926701381097
11,-1.1499999999999995,-0.07685597957540347,0.0823210843522253
11,-1.0999999999999996,-0.07730733973739623,0.08287021068775036
11,-1.0499999999999998,-0.07801882672729987,0.08369812750979877
11,-1.0,-0.07900728405140756,0.08482383004661753
11,-0.9499999999999993,-0.08028662498195793,0.08626326546246998
11,-0.8999999999999995,-0.0818672520024386,0.08802870986156797
11,-0.8499999999999996,-0.08375542380858492,0.09012808850609044
11,-0.7999999999999998,-0.08595258426078833,0.09256425299380311
11,-0.75,-0.08845467746374647,0.09533423892142578
11,-0.6999999999999993,-0.09125148181107812,0.09842853608455249
11,-0.6499999999999995,-0.09432600174933098,0.10183040888865325
11,-0.5999999999999996,-0.09765395809172606,0.10551530637558582
11,-0.5499999999999998,-0.10120341595714699,0.10945039939623613
11,-0.5,-0.1049345853350156,0.11359427896875962
11,-0.4499999999999993,-0.10879982583551354,0.11789684831930591
11,-0.39999999999999947,-0.11274388802379015,0.12229944573134599
11,-0.34999999999999964,-0.11670443168020272,0.12673524920455592
11,-0.2999999999999998,-0.1206128763431418,0.13113003656908018
11,-0.25,-0.12439565681183834,0.13540339990358397
11,-0.1999999999999993,-0.1279759657739586,0.1394705282113884
11,-0.14999999999999947,-0.13127605359312547,0.1432446603590536
11,-0.09999999999999964,-0.1342201087758413,0.14664025564680305
11,-0.04999999999999982,-0.1367376567242125,0.14957682587965693
11,0.0,-0.13876729800537585,0.151983231148745
11,0.05000000000000071,-0.14026048532071617,0.15380209159812208
11,0.10000000000000053,-0.14118494609504662,0.15499385206893135
11,0.15000000000000036,-0.14152732941821525,0.15553999722479583
11,0.20000000000000018,-0.1412947111877328,0.1554449751276069
11,0.25,-0.14051472470883491,0.1547365417619152
11,0.3000000000000007,-0.13923426697480318,0.15346445373152595
11,0.35000000000000053,-0.1375169210738924,0.15169766095469117
11,0.40000000000000036,-0.13543939146723744,0.14952033656835084
11,0.4500000000000002,-0.1330873435655403,0.14702719435803868
11,0.5,-0.1305510633560807,0.1443185743595839
11,0.5500000000000007,-0.12792131506909055,0.14149573458488152
11,0.6000000000000005,-0.12528569382546106,0.13865669334323802
11,0.6500000000000004,-0.12272566786156913,0.13589284830423767
11,0.7000000000000002,-0.12031440088293555,0.13328647829460535
11,0.75,-0.11811535367554682,0.13090912851684802
11,0.8000000000000007,-0.11618159370127634,0.12882079905988694
11,0.8500000000000005,-0.11455569521444853,0.12706980375723193
11,0.9000000000000004,-0.1132700897008011,0.1256931405753139
11,0.9500000000000002,-0.11234772376101365,0.12471721173221334
11,1.0,-0.11180289407717225,0.12415874599896978
11,1.0500000000000007,-0.11164215146300172,0.12402580098434124
11,1.1000000000000005,-0.11186519313585874,0.12431875388771939
11,1.1500000000000004,-0.11246569000421247,0.12503122042544942
11,1.2000000000000002,-0.11343202079841719,0.12615086987477708
11,1.25,-0.11474790533729173,0.12766012726735268
11,1.3000000000000007,-0.11639294425813751,0.12953677075027561
11,1.3500000000000005,-0.11834308214853695,0.1317544430310018
11,1.4000000000000004,-0.12057101580353602,0.13428310130552196
11,1.4500000000000002,-0.12304657022113052,0.13708943117430472
11,1.5,-0.12573706298441412,0.1401372479379639
11,1.5500000000000007,-0.12860767385974925,0.1433879044465047
11,1.6000000000000005,-0.13162183163025687,0.1468007193139984
11,1.6500000000000004,-0.13474162506971044,0.15033343357143325
11,1.7000000000000002,-0.13792824004978366,0.1539426982827391
11,1.75,-0.14114242040823877,0.15758459068346564
11,1.8000000000000007,-0.14434494659857333,0.16121515226311123
11,1.8500000000000005,-0.14749712340148546,0.1647909390319739
11,1.9000000000000004,-0.15056126613723664,0.1682695720379469
11,1.9500000000000002,-0.15350117385184192,0.1716102750111701
11,2.0,-0.15628257779449406,0.17477438575128623
11,2.0500000000000007,-0.15887355406474923,0.17772582843413337
11,2.0999999999999996,-0.1612448904701962,0.18043153527640787
11,2.1500000000000004,-0.16337039926882002,0.1828618078137465
11,2.200000000000001,-0.16522716943750204,0.18499061026432584
11,2.25,-0.16679575427071347,0.18679578990809642
11,2.3000000000000007,-0.1680602923389929,0.18825922195788658
11,2.3499999999999996,-0.1690085620048316,0.18936687889244452
11,2.4000000000000004,-0.16963197170125,0.1901088265420292
11,2.450000000000001,-0.16992548994391155,0.19047915126754422
11,2.5,-0.16988752051287737,0.19047582428462162
11,2.5500000000000007,-0.16951972937043713,0.1901005105121567
11,2.5999999999999996,-0.16882683066479176,0.18935833025455118
11,2.6500000000000004,-0.16781633961339804,0.18825758256551506
11,2.700000000000001,-0.1664983001884499,0.18680943931511707
11,2.75,-0.16488499537648504,0.18502761883178898
11,2.8000000000000007,-0.16299064739874414,0.18292804756769432
11,2.8499999999999996,-0.16083111470716904,0.18052851759510524
11,2.9000000000000004,-0.15842359186211574,0.17784834693991325
11,2.950000000000001,-0.1557863175992158,0.17490804885083722
11,3.0,-0.15293829554759064,0.17172901513932293
11,3.0500000000000007,-0.1498990312073647,0.16833321774914123
11,3.0999999999999996,-0.14668828796248068,0.1647429317627227
11,3.1500000000000004,-0.14332586411988535,0.16098048215197225
11,3.200000000000001,-0.13983139224640162,0.15706801575602092
11,3.25,-0.13622416143233007,0.1530272992313053
11,3.3000000000000007,-0.13252296255289808,0.14887954307880613
11,3.3499999999999996,-0.1287459561276063,0.1446452513120664
11,3.4000000000000004,-0.12491056199197814,0.1403440958865052
11,3.450000000000001,-0.1210333696922361,0.13599481466095198
11,3.5,-0.11713006828486972,0.13161513139929126
11,3.5500000000000007,-0.1132153940624856,0.12722169613511247
11,3.6000000000000014,-0.10930309462650767,0.12283004410588827
11,3.6500000000000004,-0.10540590767782776,0.11845457140571969
11,3.700000000000001,-0.101535552889922,0.11410852549749784
11,3.75,-0.09770273525737538,0.10980400875727847
11,3.8000000000000007,-0.09391715836876058,0.10555199328726372
11,3.8500000000000014,-0.09018754612982516,0.10136234532146426
11,3.9000000000000004,-0.08652167155503099,0.09724385765307608
11,3.950000000000001,-0.0829263913477174,0.09320428862916286
11,4.0,-0.07940768509716944,0.08925040638140835
11,4.050000000000001,-0.07597069803127576,0.08538803708759413
11,4.100000000000001,-0.07261978637338995,0.08162211618373405
11,4.15,-0.06935856445922806,0.07795674156903099
11,4.200000000000001,-0.06618995287259288,0.07439522796303999
11,4.25,-0.06311622695607655,0.07094016168531736
11,4.300000000000001,-0.06013906514396394,0.06759345523141325
11,4.350000000000001,-0.05725959664871727,0.064356401114819
11,4.4,-0.054478448109582356,0.06122972453213582
11,4.450000000000001,-0.05179578888183878,0.05821363448821226
11,4.5,-0.04921137470821879,0.05530787308951979
11,4.550000000000001,-0.04672458957030212,0.05251176277782732
11,4.600000000000001,-0.044334485567510296,0.04982425133270518
11,4.65,-0.042039820715115805,0.047243954520959974
11,4.700000000000001,-0.039839094590840674,0.0447691963142518
11,4.75,-0.03773058179259392,0.042398046633424835
11,4.800000000000001,-0.0357123631980687,0.04012835660988179
11,4.850000000000001,-0.033782355040855805,0.03795779138131583
11,4.9,-0.031938335837649046,0.03588386046155545
11,4.950000000000001,-0.030177971217619337,0.033903945742857156
11,5.0,-0.028498836718369613,0.03201532720391764
11,5.050000000000001,-0.02689843862341723,0.03021520640874953
11,5.100000000000001,-0.025374232924303186,0.028500727890619748
11,5.15,-0.023923642496347153,0.026868998521899723
11,5.200000000000001,-0.022544072581186736,0.025317104975219884
11,5.25,-0.02123292467168225,0.023842129384008093
11,5.300000000000001,-0.01998760889584883,0.022441163311639034
11,5.350000000000001,-0.018805554996337737,0.021111320138199385
11,5.4,-0.017684222000849736,0.019849745972503996
11,5.450000000000001,-0.016621106676857345,0.018653629194707033
11,5.5,-0.01561375086132033,0.01752020873172233
11,5.550000000000001,-0.014659747752759689,0.016446781163890645
11,5.600000000000001,-0.013756747249312529,0.015430706757036283
11,5.65,-0.012902460412216765,0.01446941450931849
11,5.700000000000001,-0.01209466312976426,0.013560406297215444
11,5.75,-0.011331199052077245,0.01270126019969764
11,5.800000000000001,-0.010609981862296447,0.01188963307415225
11,5.850000000000001,-0.0099289969448777,0.01112326245209383
11,5.9,-0.009286302506785749,0.010399967817104727
11,5.950000000000001,-0.008680030202570244,0.009717651321940135
11,6.0,-0.008108385309529176,0.009074297996346736
12,-6.0,-0.004613645691836865,0.004804281277869471
12,-5.95,-0.004859354937005289,0.005052587012142062
12,-5.9,-0.005120123889656991,0.005316133706287474
12,-5.85,-0.005396831624945531,0.005595823260439836
12,-5.8,-0.005690388448247319,0.0058925890828041005
12,-5.75,-0.006001736055039952,0.006207396280792921
12,-5.7,-0.006331847562393911,0.006541241730593228
12,-5.65,-0.00668172738160866,0.0068951539930388606
12,-5.6,-0.0070524109008420766,0.007270193043130924
12,-5.55,-0.007444963945909766,0.0076674497801123564
12,-5.5,-0.007860481986814438,0.008088045284424084
12,-5.45,-0.00830008905689672,0.008533129787569926
12,-5.4,-0.008764936350943664,0.009003881320361451
12,-5.35,-0.009256200468015674,0.009501504004731487
12,-5.3,-0.009775081264292051,0.010027225953968433
12,-5.25,-0.010322799280853001,0.01058229674602984
12,-5.2,-0.010900592711150736,0.011167984434602651
12,-5.15,-0.011509713872911664,0.011785572062746219
12,-5.1,-0.012151425149503847,0.012436353644442733
12,-5.05,-0.012826994366428757,0.013121629580174599
12,-5.0,-0.01353768956959378,0.013842701473860686
12,-4.95,-0.014284773173481202,0.014600866320161998
12,-4.9,-0.015069495449349102,0.015397410033352266
12,-4.85,-0.01589308732613448,0.01623360029176446
12,-4.8,-0.016756752479984538,0.017110678675266833
12,-4.75,-0.01766165869229752,0.018029852077364517
12,-4.7,-0.018608928460795315,0.018992283378442387
12,-4.65,-0.01959962885376676,0.019999081372366057
12,-4.6,-0.020634760603901015,0.02105128994519756
12,-4.55,-0.021715246445464853,0.022149876512099986
12,-4.5,-0.022841918706698383,0.023295719726752928
12,-4.45,-0.02401550617838799,0.024489596486580112
12,-4.4,-0.02523662028954332,0.02573216826691116
12,-4.35,-0.02650574063192135,0.027023966827695922
12,-4.3,-0.027823199886785055,0.028365379347586206
12,-4.25,-0.02918916821968942,0.029756633051881032
12,-4.2,-0.030603637222095248,0.03119777941298274
12,-4.15,-0.03206640349224665,0.03268867801439601
12,-4.1,-0.03357705196172889,0.03422898018185094
12,-4.05,-0.035134939088449,0.035818112497560506
12,-4.0,-0.036739176051168165,0.03745526032586888
12,-3.9499999999999997,-0.03838861209513755,0.03913935149031689
12,-3.9,-0.04008181819256329,0.040869040253390665
12,-3.85,-0.04181707119546596,0.04264269176067215
12,-3.8,-0.04359233867190149,0.04445836712073126
12,-3.75,-0.04540526462927774,0.046313809300888575
12,-3.6999999999999997,-0.04725315634068883,0.0482064300268048
12,-3.65,-0.04913297250173532,0.050133297881076455
12,-3.5999999999999996,-0.05104131295630765,0.05209112780263725
12,-3.55,-0.052974410240433034,0.05407627219534472
12,-3.5,-0.054928123203863866,0.056084713861145996
12,-3.4499999999999997,-0.05689793297986512,0.058112060981339475
12,-3.4,-0.058878941585288835,0.06015354437960463
12,-3.3499999999999996,-0.06086587344598371,0.06220401731366776
12,-3.3,-0.06285308015754731,0.06425795805986212
12,-3.25,-0.06483454880924011,0.06630947557767986
12,-3.1999999999999997,-0.06680391421996434,0.06835231857092339
12,-3.15,-0.06875447546047742,0.07037988829933273
12,-3.0999999999999996,-0.07067921706547375,0.0723852555405009
12,-3.05,-0.07257083537305808,0.07436118215677512
12,-3.0,-0.07442177046671938,0.0763001477853793
12,-2.9499999999999997,-0.07622424423483842,0.07819438224085795
12,-2.9,-0.07797030510268943,0.08003590429441987
12,-2.8499999999999996,-0.07965188002817625,0.08181656757072675
12,-2.8,-0.08126083438002807,0.08352811437278485
12,-2.75,-0.0827890403291831,0.08516223830166725
12,-2.6999999999999997,-0.08422845437202842,0.08671065656904098
12,-2.65,-0.08557120455789002,0.08816519289407188
12,-2.5999999999999996,-0.08680968790100785,0.08951787181722981
12,-2.55,-0.08793667830666019,0.09076102513558526
12,-2.5,-0.0889454451194076,0.09188741095059871
12,-2.4499999999999997,-0.08982988209720744,0.09289034550458508
12,-2.4,-0.09058464621942064,0.09376384755324763
12,-2.3499999999999996,-0.09120530524550174,0.09450279447155552
12,-2.3,-0.09168849235689525,0.0951030886194455
12,-2.25,-0.0920320655492115,0.09556183171363974
12,-2.1999999999999997,-0.09223526871777143,0.09587750408688134
12,-2.15,-0.09229889063250596,0.09605014480588192
12,-2.0999999999999996,-0.09222541727626044,0.09608152771972645
12,-2.05,-0.09201917238401225,0.09597532769178851
12,-2.0,-0.0916864405387221,0.09573727061222215
12,-1.9500000000000002,-0.0912355669256506,0.09537526038245847
12,-1.8999999999999995,-0.09067702789082821,0.09489947599266912
12,-1.8499999999999996,-0.09002346684798224,0.0943224321492635
12,-1.7999999999999998,-0.08928969086536465,0.09365899769754815
12,-1.75,-0.08849262443919037,0.09292636733191095
12,-1.7000000000000002,-0.08765121847991786,0.09214398374966226
12,-1.6499999999999995,-0.08678631430758377,0.0913334093856144
12,-1.5999999999999996,-0.08592046432800737,0.09051814900410804
12,-1.5499999999999998,-0.08507771285219934,0.08972342651198506
12,-1.5,-0.08428334200393461,0.08897592114023523
12,-1.4500000000000002,-0.08356358860238,0.08830346936043343
12,-1.3999999999999995,-0.08294533809544591,0.08773473931154996
12,-1.3499999999999996,-0.08245580090068971,0.08729888393179097
12,-1.2999999999999998,-0.08212217482764839,0.0870251773433095
12,-1.25,-0.08197129468970932,0.08694263639846711
12,-1.1999999999999993,-0.08202926701381086,0.08707962592038054
12,-1.1499999999999995,-0.0823210843522253,0.0874634425088463
12,-1.0999999999999996,-0.08287021068775047,0.08811986846530906
12,-1.0499999999999998,-0.08369812750979855,0.08907268516780453
12,-1.0,-0.08482383004661764,0.09034313486334611
12,-0.9499999999999993,-0.08626326546246976,0.09194932196613248
12,-0.8999999999999995,-0.08802870986156786,0.09390554985636146
12,-0.8499999999999996,-0.09012808850609055,0.09622159666517427
12,-0.7999999999999998,-0.09256425299380311,0.09890194278929076
12,-0.75,-0.09533423892142578,0.10194497249803125
12,-0.6999999999999993,-0.0984285360845526,0.10534218021538155
12,-0.6499999999999995,-0.10183040888865308,0.10907741724145925
12,-0.5999999999999996,-0.1055153063755861,0.11312621596699524
12,-0.5499999999999998,-0.10945039939623602,0.1174552266500204
12,-0.5,-0.11359427896875968,0.12202179908569644
12,-0.4499999999999993,-0.11789684831930575,0.12677374224361126
12,-0.39999999999999947,-0.1222994457313461,0.1316493040119222
12,-0.34999999999999964,-0.12673524920455584,0.13657743389452515
12,-0.2999999999999998,-0.13113003656908026,0.14147842286180112
12,-0.25,-0.13540339990358402,0.14626504872435997
12,-0.1999999999999993,-0.1394705282113884,0.15084437694416164
12,-0.14999999999999947,-0.14324466035905362,0.15512035525949763
12,-0.09999999999999964,-0.14664025564680305,0.15899727710399558
12,-0.04999999999999982,-0.14957682587965695,0.1623840660750122
12,0.0,-0.15198323114874496,0.16519916429211423
12,0.05000000000000071,-0.15380209159812208,0.16737562683561724
12,0.10000000000000053,-0.15499385206893143,0.16886588345658538
12,0.15000000000000036,-0.15553999722479575,0.16964557689686033
12,0.20000000000000018,-0.1554449751276069,0.1697159527721377
12,0.25,-0.15473654176191526,0.16910445308596544
12,0.3000000000000007,-0.153464453731526,0.16786341442146657
12,0.35000000000000053,-0.15169766095469117,0.16606703366987385
12,0.40000000000000036,-0.1495203365683509,0.16380698109644415
12,0.4500000000000002,-0.14702719435803868,0.16118717371002395
12,0.5,-0.14431857435958406,0.15831825887989442
12,0.5500000000000007,-0.14149573458488163,0.15531231028597692
12,0.6000000000000005,-0.13865669334323805,0.1522781315534657
12,0.6500000000000004,-0.13589284830423776,0.14931742753342195
12,0.7000000000000002,-0.13328647829460527,0.14652196584892024
12,0.75,-0.130909128516848,0.14397173123922288
12,0.8000000000000007,-0.12882079905988697,0.1417339833560245
12,0.8500000000000005,-0.12706980375723198,0.13986306883843708
12,0.9000000000000004,-0.125693140575314,0.1384008093141622
12,0.9500000000000002,-0.1247172117322134,0.13737728368026253
12,1.0,-0.12415874599896959,0.13681183909924868
12,1.0500000000000007,-0.12402580098434124,0.13671419363017354
12,1.1000000000000005,-0.12431875388771951,0.1370855278123756
12,1.1500000000000004,-0.12503122042544934,0.13791949746688695
12,1.2000000000000002,-0.12615086987477664,0.1392031315672149
12,1.25,-0.12766012726735276,0.1409176048592093
12,1.3000000000000007,-0.12953677075027548,0.14303889393704286
12,1.3500000000000005,-0.13175444303100203,0.14553833773309147
12,1.4000000000000004,-0.1342831013055219,0.14838312960254607
12,1.4500000000000002,-0.13708943117430472,0.1515367695272669
12,1.5,-0.14013724793796367,0.1549595027096548
12,1.5500000000000007,-0.14338790444650473,0.1586087662039979
12,1.6000000000000005,-0.1468007193139984,0.16243965930241988
12,1.6500000000000004,-0.15033343357143325,0.16640544700462107
12,1.7000000000000002,-0.153942698282739,0.170458099688008
12,1.75,-0.15758459068346542,0.17454886649706264
12,1.8000000000000007,-0.16121515226311134,0.1786288752681861
12,1.8500000000000005,-0.16479093903197395,0.18264974815503682
12,1.9000000000000004,-0.1682695720379468,0.18656421958208647
12,1.9500000000000002,-0.1716102750111701,0.19032674172278186
12,2.0,-0.17477438575128623,0.19389406231169987
12,2.0500000000000007,-0.17772582843413343,0.19722576015402193
12,2.0999999999999996,-0.18043153527640787,0.20028472505491313
12,2.1500000000000004,-0.18286180781374672,0.2030375708965666
12,2.200000000000001,-0.18499061026432573,0.20545497306757188
12,2.25,-0.18679578990809653,0.20751192421821674
12,2.3000000000000007,-0.18825922195788647,0.2091879052009693
12,2.3499999999999996,-0.18936687889244452,0.21046697089577737
12,2.4000000000000004,-0.19010882654202899,0.21133775327441495
12,2.450000000000001,-0.19047915126754433,0.2117933864136231
12,2.5,-0.19047582428462184,0.211831360140738
12,2.5500000000000007,-0.19010051051215648,0.2114533105370413
12,2.5999999999999996,-0.18935833025455162,0.2106647566127261
12,2.6500000000000004,-0.18825758256551461,0.2094747931096289
12,2.700000000000001,-0.18680943931511695,0.20789574961263935
12,2.75,-0.18502761883178942,0.20594282600373792
12,2.8000000000000007,-0.1829280475676942,0.2036337138312615
12,2.8499999999999996,-0.18052851759510524,0.20098821245457976
12,2.9000000000000004,-0.17784834693991347,0.1980278479258003
12,2.950000000000001,-0.17490804885083744,0.19477550154791934
12,3.0,-0.17172901513932226,0.1912550539603186
12,3.0500000000000007,-0.16833321774914145,0.18749104949778972
12,3.0999999999999996,-0.16474293176272292,0.1835083844901475
12,3.1500000000000004,-0.16098048215197247,0.1793320221489827
12,3.200000000000001,-0.15706801575602114,0.17498673575079948
12,3.25,-0.1530272992313053,0.17049688098813043
12,3.3000000000000007,-0.14887954307880547,0.16588619763182733
12,3.3499999999999996,-0.14464525131206596,0.16117764003203794
12,3.4000000000000004,-0.1403440958865052,0.15639323548104156
12,3.450000000000001,-0.13599481466095176,0.15155396906302654
12,3.5,-0.13161513139929104,0.14667969331619712
12,3.5500000000000007,-0.12722169613511225,0.14178906082155285
12,3.6000000000000014,-0.12283004410588871,0.13689947769974942
12,3.6500000000000004,-0.11845457140571947,0.13202707593137486
12,3.700000000000001,-0.11410852549749784,0.12718670240600738
12,3.75,-0.10980400875727847,0.12239192264102039
12,3.8000000000000007,-0.10555199328726372,0.11765503718270875
12,3.8500000000000014,-0.10136234532146426,0.1129871088012091
12,3.9000000000000004,-0.0972438576530763,0.10839799870926092
12,3.950000000000001,-0.09320428862916241,0.10389641016653206
12,4.0,-0.08925040638140835,0.09948993797040928
12,4.050000000000001,-0.08538803708759435,0.0951851224763991
12,4.100000000000001,-0.0816221161837345,0.09098750693278324
12,4.15,-0.07795674156903099,0.08690169705220963
12,4.200000000000001,-0.07439522796303999,0.08293142187520686
12,4.25,-0.0709401616853178,0.07907959510573415
12,4.300000000000001,-0.06759345523141347,0.07534837621567281
12,4.350000000000001,-0.06435640111481877,0.07173923072310906
12,4.4,-0.061229724532135155,0.06825298914795797
12,4.450000000000001,-0.05821363448821204,0.06488990423798535
12,4.5,-0.05530787308952023,0.06164970613870113
12,4.550000000000001,-0.0525117627778271,0.05853165525234694
12,4.600000000000001,-0.049824251332705405,0.05553459259459137
12,4.65,-0.047243954520959974,0.05265698751320613
12,4.700000000000001,-0.044769196314252024,0.04989698268139198
12,4.75,-0.04239804663342461,0.047252436320158075
12,4.800000000000001,-0.04012835660988179,0.044720961639805434
12,4.850000000000001,-0.03795779138131561,0.04229996352068133
12,4.9,-0.035883860461555894,0.03998667247850185
12,4.950000000000001,-0.03390394574285738,0.03777817598020561
12,5.0,-0.03201532720391764,0.035671447192999306
12,5.050000000000001,-0.03021520640874975,0.03366337126241126
12,5.100000000000001,-0.028500727890619526,0.03175076922525677
12,5.15,-0.026868998521899723,0.029930419670745056
12,5.200000000000001,-0.025317104975219884,0.028199078267974853
12,5.25,-0.023842129384008093,0.026553495280991823
12,5.300000000000001,-0.022441163311639034,0.024990431193782525
12,5.350000000000001,-0.021111320138199385,0.023506670567240873
12,5.4,-0.019849745972503996,0.022099034248602933
12,5.450000000000001,-0.018653629194707033,0.0207643900511294
12,5.5,-0.01752020873172233,0.019499662018332975
12,5.550000000000001,-0.016446781163890645,0.018301838382714486
12,5.600000000000001,-0.015430706757036283,0.017167978324127642
12,5.65,-0.01446941450931849,0.01609521762753552
12,5.700000000000001,-0.013560406297215444,0.01508077333419866
12,5.75,-0.01270126019969764,0.014121947474356578
12,5.800000000000001,-0.01188963307415225,0.013216129963281809
12,5.850000000000001,-0.01112326245209383,0.012360800736341382
12,5.9,-0.010399967817104727,0.011553531192365796
12,5.950000000000001,-0.009717651321940135,0.010791985008451466
12,6.0,-0.009074297996346736,0.010073918383198155
13,-6.0,-0.004804281277870359,0.004961209163869995
13,-5.95,-0.0050525870121425065,0.005209106520139173
13,-5.9,-0.005316133706287474,0.005472245457975866
13,-5.85,-0.005595823260440724,0.0057515421189036076
13,-5.8,-0.0058925890828041005,0.006047944040087572
13,-5.75,-0.0062073962807924765,0.006362430379508233
13,-5.7,-0.006541241730594116,0.006696012029260956
13,-5.65,-0.006895153993037972,0.007049731583350649
13,-5.6,-0.007270193043131368,0.007424663126053943
13,-5.55,-0.0076674497801123564,0.007821911806621173
13,-5.5,-0.008088045284424528,0.008242613165825752
13,-5.45,-0.00853312978757037,0.008687932179670455
13,-5.4,-0.009003881320361451,0.009159061985333672
13,-5.35,-0.009501504004731487,0.009657222254268127
13,-5.3,-0.010027225953968877,0.010183657177293526
13,-5.25,-0.01058229674602984,0.010739633026549456
13,-5.2,-0.011167984434603095,0.011326435259333856
13,-5.15,-0.011785572062745775,0.011945365129288454
13,-5.1,-0.012436353644441844,0.012597735771060492
13,-5.05,-0.013121629580174154,0.01328486772558879
13,-5.0,-0.01384270147386113,0.014008083874593957
13,-4.95,-0.014600866320161998,0.014768703754732826
13,-4.9,-0.015397410033351377,0.015568037224314324
13,-4.85,-0.016233600291764017,0.016407377458488526
13,-4.8,-0.017110678675267277,0.017287993252439904
13,-4.75,-0.018029852077365405,0.018211120616530962
13,-4.7,-0.018992283378441943,0.019177953652359747
13,-4.65,-0.019999081372366057,0.020189634704564696
13,-4.6,-0.02105128994519756,0.02124724378980325
13,-4.55,-0.022149876512100874,0.0223517873117407
13,-4.5,-0.023295719726753372,0.023504186078928235
13,-4.45,-0.024489596486580112,0.024705262651373516
13,-4.4,-0.025732168266910715,0.02595572805100943
13,-4.35,-0.027023966827695922,0.0272561678812826
13,-4.3,-0.028365379347585762,0.02860702791157621
13,-4.25,-0.029756633051881032,0.030008599192898444
13,-4.2,-0.031197779412983184,0.03146100278215069
13,-4.15,-0.03268867801439601,0.03296417416316988
13,-4.1,-0.034228980181850055,0.034517847463266804
13,-4.05,-0.035818112497560506,0.036121539574185846
13,-4.0,-0.037455260325868434,0.03777453429580646
13,-3.9499999999999997,-0.03913935149031644,0.03947586662956981
13,-3.9,-0.040869040253390665,0.04122430735607807
13,-3.85,-0.04264269176067215,0.04301834803777149
13,-3.8,-0.04445836712073126,0.04485618659262025
13,-3.75,-0.046313809300888575,0.04673571358866102
13,-3.6999999999999997,-0.04820643002680436,0.04865449941198685
13,-3.65,-0.050133297881076455,0.05060978246265346
13,-3.5999999999999996,-0.05209112780263725,0.05259845853448697
13,-3.55,-0.05407627219534472,0.05461707153644246
13,-3.5,-0.056084713861145996,0.056661805715942926
13,-3.4499999999999997,-0.058112060981339475,0.05872847954945559
13,-3.4,-0.06015354437960463,0.06081254147391091
13,-3.3499999999999996,-0.06220401731366776,0.06290906764584081
13,-3.3,-0.06425795805986212,0.06501276193506289
13,-3.25,-0.06630947557767986,0.06711795838827062
13,-3.1999999999999997,-0.06835231857092339,0.06921862643672361
13,-3.15,-0.07037988829933273,0.07130837917326494
13,-3.0999999999999996,-0.0723852555405009,0.07338048508834483
13,-3.05,-0.07436118215677467,0.07542788373361908
13,-3.0,-0.0763001477853793,0.07744320587477516
13,-2.9499999999999997,-0.07819438224085795,0.07941879880141656
13,-2.9,-0.08003590429442031,0.08134675757806109
13,-2.8499999999999996,-0.0818165675707263,0.08321896314173838
13,-2.8,-0.08352811437278485,0.08502712827092429
13,-2.75,-0.0851622383016668,0.0867628525575066
13,-2.6999999999999997,-0.08671065656904098,0.08841768759519875
13,-2.65,-0.08816519289407188,0.08998321363825657
13,-2.5999999999999996,-0.08951787181723025,0.09145112896503749
13,-2.55,-0.0907610251355857,0.09281335308134642
13,-2.5,-0.09188741095059871,0.09406214469741725
13,-2.4499999999999997,-0.0928903455045853,0.0951902350895173
13,-2.4,-0.09376384755324763,0.09619097699546897
13,-2.3499999999999996,-0.09450279447155574,0.09705850858188958
13,-2.3,-0.09510308861944572,0.09778793125780716
13,-2.25,-0.09556183171364019,0.09837549920533073
13,-2.1999999999999997,-0.09587750408688134,0.09881881747956944
13,-2.15,-0.0960501448058817,0.09911704444136404
13,-2.0999999999999996,-0.09608152771972667,0.09927109319089888
13,-2.05,-0.09597532769178851,0.09928382564906002
13,-2.0,-0.09573727061222215,0.09916023208210101
13,-1.9500000000000002,-0.0953752603824578,0.09890758828698187
13,-1.8999999999999995,-0.09489947599266935,0.09853558245108074
13,-1.8499999999999996,-0.09432243214926372,0.09805640395797033
13,-1.7999999999999998,-0.09365899769754815,0.09748478718919484
13,-1.75,-0.0929263673319114,0.09683800468626247
13,-1.7000000000000002,-0.09214398374966248,0.09613580584709336
13,-1.6499999999999995,-0.09133340938561463,0.09540029953218054
13,-1.5999999999999996,-0.09051814900410848,0.0946557813755291
13,-1.5499999999999998,-0.08972342651198484,0.09392850900103245
13,-1.5,-0.08897592114023523,0.09324643045839442
13,-1.4500000000000002,-0.08830346936043365,0.09263887271869997
13,-1.3999999999999995,-0.08773473931154996,0.09213619773261517
13,-1.3499999999999996,-0.08729888393179075,0.0917694331432668
13,-1.2999999999999998,-0.08702517734330928,0.091569883164341
13,-1.25,-0.08694263639846711,0.09156872244542846
13,-1.1999999999999993,-0.08707962592038032,0.09179657221087223
13,-1.1499999999999995,-0.0874634425088463,0.09228305404526682
13,-1.0999999999999996,-0.08811986846530873,0.0930563130700719
13,-1.0499999999999998,-0.08907268516780464,0.09414249970131783
13,-1.0,-0.09034313486334644,0.09556519850159373
13,-0.9499999999999993,-0.09194932196613226,0.09734479449294553
13,-0.8999999999999995,-0.09390554985636135,0.09949777198681908
13,-0.8499999999999996,-0.09622159666517427,0.1020359482858364
13,-0.7999999999999998,-0.09890194278929076,0.10496565364725141
13,-0.75,-0.10194497249803125,0.10828687819356286
13,-0.6999999999999993,-0.10534218021538189,0.11199241420356598
13,-0.6499999999999995,-0.1090774172414593,0.1160670268077495
13,-0.5999999999999996,-0.11312621596699524,0.12048668686595376
13,-0.5499999999999998,-0.1174552266500204,0.12521789771850034
13,-0.5,-0.12202179908569644,0.13021714568582587
13,-0.4499999999999993,-0.12677374224361143,0.13543050760843056
13,-0.39999999999999947,-0.13164930401192212,0.14079346286551853
13,-0.34999999999999964,-0.1365774338945251,0.1462309857501103
13,-0.2999999999999998,-0.14147842286180126,0.15165803522130483
13,-0.25,-0.14626504872435994,0.15698060327416608
13,-0.1999999999999993,-0.15084437694416156,0.16209751197227829
13,-0.14999999999999947,-0.15512035525949758,0.16690313829445724
13,-0.09999999999999964,-0.15899727710399553,0.17129117314741882
13,-0.04999999999999982,-0.16238406607501224,0.1751593773102782
13,0.0,-0.16519916429211412,0.17841509743548323
13,0.05000000000000071,-0.16737562683561716,0.18098109103320148
13,0.10000000000000053,-0.16886588345658549,0.18280104025800892
13,0.15000000000000036,-0.16964557689686044,0.18384406843440926
13,0.20000000000000018,-0.16971595277213766,0.18410764412132496
13,0.25,-0.16910445308596533,0.18361845868098514
13,0.3000000000000007,-0.1678634144214664,0.18243114904462432
13,0.35000000000000053,-0.16606703366987385,0.1806250392194404
13,0.40000000000000036,-0.1638069810964442,0.1782993250515173
13,0.4500000000000002,-0.16118717371002395,0.17556728162149565
13,0.5,-0.1583182588798943,0.1725501169170121
13,0.5500000000000007,-0.1553123102859768,0.16937104217237686
13,0.6000000000000005,-0.15227813155346592,0.16615000845614425
13,0.6500000000000004,-0.14931742753342192,0.16299940554912196
13,0.7000000000000002,-0.1465219658489203,0.16002086354588047
13,0.75,-0.14397173123922302,0.15730316184267137
13,0.8000000000000007,-0.1417339833560245,0.15492114658968925
13,0.8500000000000005,-0.13986306883843702,0.15293549045806387
13,0.9000000000000004,-0.1384008093141622,0.15139309591734612
13,0.9500000000000002,-0.13737728368026259,0.15032793960516114
13,1.0,-0.13681183909924866,0.14976217337800868
13,1.0500000000000007,-0.13671419363017345,0.14970732940049863
13,1.1000000000000005,-0.1370855278123756,0.15016551490982755
13,1.1500000000000004,-0.13791949746688692,0.15113052112852518
13,1.2000000000000002,-0.1392031315672151,0.1525888058757305
13,1.25,-0.14091760485920912,0.1545203381128616
13,1.3000000000000007,-0.14303889393704283,0.15689931381843947
13,1.3500000000000005,-0.14553833773309166,0.15969476625480547
13,1.4000000000000004,-0.14838312960254618,0.1628711006946085
13,1.4500000000000002,-0.15153676952726713,0.16638858528001696
13,1.5,-0.15495950270965464,0.17020382729948696
13,1.5500000000000007,-0.1586087662039979,0.17427025913222888
13,1.6000000000000005,-0.16243965930241977,0.1785386515955214
13,1.6500000000000004,-0.16640544700462123,0.1829576653692737
13,1.7000000000000002,-0.17045809968800785,0.18747444426559057
13,1.75,-0.1745488664970627,0.19203524784902953
13,1.8000000000000007,-0.17862887526818594,0.1965861156137982
13,1.8500000000000005,-0.18264974815503665,0.2010735507706741
13,1.9000000000000004,-0.18656421958208624,0.2054452087696551
13,1.9500000000000002,-0.19032674172278186,0.2096505739866772
13,2.0,-0.19389406231170003,0.21364160747573474
13,2.0500000000000007,-0.19722576015402193,0.21737334922441542
13,2.0999999999999996,-0.2002847250549129,0.22080445980571173
13,2.1500000000000004,-0.20303757089656682,0.22389768851728015
13,2.200000000000001,-0.20545497306757166,0.22662025784724016
13,2.25,-0.20751192421821663,0.22894415720107397
13,2.3000000000000007,-0.2091879052009693,0.23084634206824106
13,2.3499999999999996,-0.21046697089577715,0.23230883801483038
13,2.4000000000000004,-0.21133775327441495,0.23331875189840756
13,2.450000000000001,-0.21179338641362322,0.23386819538214765
13,2.5,-0.211831360140738,0.23395412808122606
13,2.5500000000000007,-0.21145331053704108,0.2335781294450907
13,2.5999999999999996,-0.21066475661272555,0.23274610973931498
13,2.6500000000000004,-0.20947479310962924,0.23146797124573992
13,2.700000000000001,-0.20789574961263946,0.2297572310810161
13,2.75,-0.20594282600373814,0.22763061689233088
13,2.8000000000000007,-0.20363371383126205,0.2251076461894459
13,2.8499999999999996,-0.2009882124545801,0.2222101992855925
13,2.9000000000000004,-0.19802784792579997,0.21896209481977724
13,2.950000000000001,-0.19477550154792,0.21538867569046305
13,3.0,-0.19125505396031883,0.2115164120105788
13,3.0500000000000007,-0.18749104949778972,0.2073725264533106
13,3.0999999999999996,-0.1835083844901475,0.2029846461447553
13,3.1500000000000004,-0.1793320221489827,0.19838048411091613
13,3.200000000000001,-0.17498673575079948,0.19358755223073687
13,3.25,-0.17049688098813043,0.1886329067028043
13,3.3000000000000007,-0.16588619763182733,0.18354292621196078
13,3.3499999999999996,-0.16117764003203794,0.17834312228752158
13,3.4000000000000004,-0.15639323548104134,0.17305798077558654
13,3.450000000000001,-0.15155396906302654,0.16771083289845956
13,3.5,-0.14667969331619757,0.16232375403558708
13,3.5500000000000007,-0.1417890608215524,0.15691748812180673
13,3.6000000000000014,-0.1368994776997492,0.1515113954080909
13,3.6500000000000004,-0.13202707593137442,0.1461234212547935
13,3.700000000000001,-0.1271867024060076,0.14077008361544996
13,3.75,-0.12239192264102039,0.13546647690860114
13,3.8000000000000007,-0.11765503718270898,0.13022629005509634
13,3.8500000000000014,-0.11298710880120932,0.12506183656905923
13,3.9000000000000004,-0.1083979987092607,0.11998409472358573
13,3.950000000000001,-0.10389641016653206,0.1150027559598259
13,4.0,-0.0994899379704095,0.11012627986417378
13,4.050000000000001,-0.09518512247639954,0.10536195419769179
13,4.100000000000001,-0.09098750693278346,0.10071595862053795
13,4.15,-0.08690169705220985,0.09619343090876442
13,4.200000000000001,-0.08293142187520663,0.09179853460909437
13,4.25,-0.07907959510573459,0.08753452721732713
13,4.300000000000001,-0.07534837621567281,0.0834038280967433
13,4.350000000000001,-0.07173923072310906,0.0794080854735868
13,4.4,-0.06825298914795797,0.07554824195704923
13,4.450000000000001,-0.06488990423798491,0.07182459813115738
13,4.5,-0.06164970613870091,0.0682368738557626
13,4.550000000000001,-0.05853165525234738,0.06478426699386253
13,4.600000000000001,-0.055534592594591814,0.061465509353168635
13,4.65,-0.05265698751320613,0.058278919691854725
13,4.700000000000001,-0.049896982681391755,0.05522245369226075
13,4.75,-0.047252436320158075,0.05229375085279431
13,4.800000000000001,-0.044720961639805434,0.04949017828783919
13,4.850000000000001,-0.04229996352068133,0.04680887145895252
13,4.9,-0.03998667247850207,0.04424677188848736
13,4.950000000000001,-0.03777817598020583,0.04180066192966514
13,5.0,-0.035671447192999306,0.0394671966856146
13,5.050000000000001,-0.03366337126241126,0.03724293318440308
13,5.100000000000001,-0.03175076922525655,0.03512435692821492
13,5.15,-0.029930419670745056,0.03310790594288204
13,5.200000000000001,-0.02819907826797463,0.031189992459449423
13,5.25,-0.026553495280992045,0.029367022362634998
13,5.300000000000001,-0.024990431193782303,0.027635412542278193
13,5.350000000000001,-0.023506670567241095,0.025991606283463087
13,5.4,-0.022099034248602933,0.02443208682914677
13,5.450000000000001,-0.0207643900511294,0.022953389246124223
13,5.5,-0.019499662018332753,0.021552110721152262
13,5.550000000000001,-0.018301838382714486,0.020224919409230768
13,5.600000000000001,-0.017167978324127642,0.018968561950585272
13,5.65,-0.01609521762753552,0.01777986976686874
13,5.700000000000001,-0.01508077333419866,0.016655764240715243
13,5.75,-0.014121947474356578,0.015593260876052728
13,5.800000000000001,-0.013216129963281809,0.014589472529685343
13,5.850000000000001,-0.012360800736341382,0.013641611797620135
13,5.9,-0.011553531192365796,0.012746992632570509
13,5.950000000000001,-0.010791985008451466,0.011903031262102903
13,6.0,-0.010073918383198155,0.011107246470083876
14,-6.0,-0.004961209163869551,0.005084429349835773
14,-5.95,-0.005209106520138729,0.0053289134609944
14,-5.9,-0.00547224545797631,0.0055884591447208365
14,-5.85,-0.00575154211890494,0.005863988200336401
14,-5.8,-0.006047944040087572,0.006156453320097732
14,-5.75,-0.006362430379508233,0.006466838351187221
14,-5.7,-0.006696012029260956,0.006796158458395318
14,-5.65,-0.007049731583350205,0.00714546015254669
14,-5.6,-0.007424663126054387,0.007515821149610247
14,-5.55,-0.007821911806621618,0.007908350025439326
14,-5.5,-0.008242613165825308,0.008324185631018999
14,-5.45,-0.008687932179670899,0.008764496233198749
14,-5.4,-0.009159061985334116,0.009230478345862103
14,-5.35,-0.009657222254267683,0.009723355216623375
14,-5.3,-0.010183657177293526,0.01024437493426511
14,-5.25,-0.0107396330265499,0.010794808122408739
14,-5.2,-0.011326435259333412,0.011375945185343461
14,-5.15,-0.011945365129288454,0.011989093072537926
14,-5.1,-0.012597735771060492,0.01263557152935757
14,-5.05,-0.013284867725589233,0.013316708802673993
14,-5.0,-0.014008083874594401,0.014033836771792707
14,-4.95,-0.014768703754731938,0.014788285477191465
14,-4.9,-0.015568037224314768,0.015581377022238385
14,-4.85,-0.01640737745848808,0.016414418826306232
14,-4.8,-0.01728799325243946,0.01728869621150242
14,-4.75,-0.018211120616530962,0.018205464309794195
14,-4.7,-0.01917795365236019,0.019165939282548727
14,-4.65,-0.020189634704563808,0.020171288850359126
14,-4.6,-0.021247243789803694,0.021222622137718083
14,-4.55,-0.0223517873117407,0.022320978844386552
14,-4.5,-0.023504186078927347,0.023467317763222084
14,-4.45,-0.024705262651373516,0.02466250467276776
14,-4.4,-0.02595572805100943,0.025907299641838577
14,-4.35,-0.027256167881282156,0.027202343792679606
14,-4.3,-0.02860702791157621,0.028548145578755957
14,-4.25,-0.030008599192897556,0.029945066642738105
14,-4.2,-0.03146100278215069,0.03139330732959866
14,-4.15,-0.03296417416316988,0.032892891938566926
14,-4.1,-0.034517847463266804,0.034443653805976915
14,-4.05,-0.03612153957418496,0.03604522031832236
14,-4.0,-0.03777453429580735,0.03769699796098358
14,-3.9499999999999997,-0.039475866629570255,0.03939815751289899
14,-3.9,-0.04122430735607763,0.041147619500625066
14,-3.85,-0.04301834803777149,0.04294404002676666
14,-3.8,-0.04485618659262025,0.04478579708756536
14,-3.75,-0.04673571358866058,0.046670977492593746
14,-3.6999999999999997,-0.04865449941198641,0.04859736449623675
14,-3.65,-0.05060978246265391,0.05056242624646856
14,-3.5999999999999996,-0.052598458534486525,0.05256330515185503
14,-3.55,-0.05461707153644246,0.05459680826372715
14,-3.5,-0.05666180571594337,0.056659398768255986
14,-3.4499999999999997,-0.05872847954945559,0.058747188684213025
14,-3.4,-0.06081254147391091,0.06085593286820856
14,-3.3499999999999996,-0.06290906764584081,0.06298102444250109
14,-3.3,-0.06501276193506289,0.06511749178315185
14,-3.25,-0.06711795838827062,0.0672599972410115
14,-3.1999999999999997,-0.06921862643672361,0.06940283781736545
14,-3.15,-0.07130837917326538,0.0715399480822736
14,-3.0999999999999996,-0.07338048508834483,0.07366490570900552
14,-3.05,-0.07542788373361908,0.07577094010359131
14,-3.0,-0.07744320587477516,0.07785094473490739
14,-2.9499999999999997,-0.079418798801417,0.07989749391651424
14,-2.9,-0.08134675757806109,0.08190286495361132
14,-2.8499999999999996,-0.08321896314173838,0.08385906674121113
14,-2.8,-0.08502712827092429,0.08575787607444596
14,-2.75,-0.0867628525575066,0.08759088309670116
14,-2.6999999999999997,-0.0884176875951983,0.08934954745050216
14,-2.65,-0.08998321363825612,0.09102526679044409
14,-2.5999999999999996,-0.09145112896503704,0.09260945934442999
14,-2.55,-0.09281335308134597,0.09409366214394188
14,-2.5,-0.09406214469741725,0.09546964635986432
14,-2.4499999999999997,-0.0951902350895173,0.09672955085200341
14,-2.4,-0.09619097699546852,0.09786603454608267
14,-2.3499999999999996,-0.09705850858189002,0.09887244757650304
14,-2.3,-0.09778793125780716,0.09974302027198023
14,-2.25,-0.09837549920533095,0.1004730680242849
14,-2.1999999999999997,-0.09881881747956922,0.10105920889583553
14,-2.15,-0.09911704444136382,0.10149958953895322
14,-2.0999999999999996,-0.09927109319089933,0.10179411368977886
14,-2.05,-0.0992838256490598,0.10194466625582654
14,-2.0,-0.09916023208210079,0.10195532494835868
14,-1.9500000000000002,-0.09890758828698165,0.1018325506392217
14,-1.8999999999999995,-0.09853558245108118,0.10158534726606394
14,-1.8499999999999996,-0.09805640395797055,0.10122538227410294
14,-1.7999999999999998,-0.09748478718919484,0.10076705934030405
14,-1.75,-0.09683800468626247,0.10022753650224336
14,-1.7000000000000002,-0.09613580584709358,0.0996266847722116
14,-1.6499999999999995,-0.09540029953218077,0.09898698474728196
14,-1.5999999999999996,-0.0946557813755291,0.09833336144226923
14,-1.5499999999999998,-0.09392850900103245,0.09769296031934216
14,-1.5,-0.09324643045839442,0.09709486995841221
14,-1.4500000000000002,-0.09263887271869975,0.09656979867717785
14,-1.3999999999999995,-0.09213619773261494,0.09614971335864197
14,-1.3499999999999996,-0.09176943314326702,0.09586744853511941
14,-1.2999999999999998,-0.09156988316434078,0.0957562922907429
14,-1.25,-0.09156872244542869,0.09584955283059493
14,-1.1999999999999993,-0.09179657221087245,0.09618010588528669
14,-1.1499999999999995,-0.09228305404526682,0.09677991896148663
14,-1.0999999999999996,-0.0930563130700719,0.09767954450203886
14,-1.0499999999999998,-0.0941424997013176,0.09890757111033799
14,-1.0,-0.09556519850159384,0.10049002096136017
14,-0.9499999999999993,-0.09734479449294531,0.10244968304290891
14,-0.8999999999999995,-0.0994977719868192,0.10480537625294173
14,-0.8499999999999996,-0.1020359482858364,0.10757114336807683
14,-0.7999999999999998,-0.10496565364725119,0.11075538556768483
14,-0.75,-0.10828687819356297,0.11435995600802129
14,-0.6999999999999993,-0.11199241420356587,0.11837923804910444
14,-0.6499999999999995,-0.11606702680774966,0.12279923758752465
14,-0.5999999999999996,-0.12048668686595365,0.12759671907246095
14,-0.5499999999999998,-0.12521789771850028,0.1327384126016753
14,-0.5,-0.13021714568582593,0.13818031876914838
14,-0.4499999999999993,-0.13543050760843045,0.1438671444137627
14,-0.39999999999999947,-0.14079346286551825,0.1497319222921345
14,-0.34999999999999964,-0.1462309857501104,0.155695904771312
14,-0.2999999999999998,-0.15165803522130483,0.16166887364759108
14,-0.25,-0.15698060327416608,0.1675500635530025
14,-0.1999999999999993,-0.16209751197227826,0.1732299332957381
14,-0.14999999999999947,-0.16690313829445738,0.17859300946393275
14,-0.09999999999999964,-0.17129117314741868,0.18352194377707265
14,-0.04999999999999982,-0.17515937731027842,0.18790275958545521
14,0.0,-0.17841509743548323,0.19163103057885233
14,0.05000000000000071,-0.18098109103320142,0.19461848419087457
14,0.10000000000000053,-0.18280104025800878,0.1967993224732011
14,0.15000000000000036,-0.1838440684344094,0.1981354718374425
14,0.20000000000000018,-0.18410764412132496,0.19862004917516873
14,0.25,-0.18361845868098525,0.19827855854697485
14,0.3000000000000007,-0.18243114904462432,0.19716765760099986
14,0.35000000000000053,-0.1806250392194404,0.19537167760339091
14,0.40000000000000036,-0.17829932505151735,0.19299736843357035
14,0.4500000000000002,-0.17556728162149582,0.19016751809245408
14,0.5,-0.17255011691701205,0.18701414847093695
14,0.5500000000000007,-0.16937104217237697,0.18367193024408157
14,0.6000000000000005,-0.16615000845614425,0.18027232405127336
14,0.6500000000000004,-0.16299940554912196,0.17693878235133775
14,0.7000000000000002,-0.16002086354588052,0.17378317138548577
14,0.75,-0.15730316184267135,0.17090342032719363
14,0.8000000000000007,-0.15492114658968925,0.16838228876088088
14,0.8500000000000005,-0.15293549045806398,0.16628706861611253
14,0.9000000000000004,-0.15139309591734607,0.16467000038486565
14,0.9500000000000002,-0.1503279396051611,0.16356917950690913
14,1.0,-0.14976217337800868,0.16300974883525002
14,1.0500000000000007,-0.14970732940049858,0.1630052082953165
14,1.1000000000000005,-0.15016551490982744,0.1635587151800752
14,1.1500000000000004,-0.1511305211285252,0.1646642914103641
14,1.2000000000000002,-0.15258880587573043,0.16630789280032401
14,1.25,-0.1545203381128616,0.16846832702830977
14,1.3000000000000007,-0.15689931381843958,0.1711180303944655
14,1.3500000000000005,-0.15969476625480516,0.17422372859614416
14,1.4000000000000004,-0.16287110069460864,0.17774701458170936
14,1.4500000000000002,-0.1663885852800171,0.18164487843255478
14,1.5,-0.17020382729948702,0.1858702217074605
14,1.5500000000000007,-0.17427025913222893,0.19037238323119782
14,1.6000000000000005,-0.1785386515955214,0.19509769619330308
14,1.6500000000000004,-0.18295766536927371,0.1999900886653912
14,1.7000000000000002,-0.18747444426559068,0.2049917320154864
14,1.75,-0.19203524784902948,0.21004373473936616
14,1.8000000000000007,-0.19658611561379802,0.21508687329994744
14,1.8500000000000005,-0.20107355077067401,0.22006234687888546
14,1.9000000000000004,-0.205445208769655,0.22491253960065277
14,1.9500000000000002,-0.2096505739866772,0.22958177180285622
14,2.0,-0.21364160747573502,0.23401702124339108
14,2.0500000000000007,-0.21737334922441542,0.23816859564531362
14,2.0999999999999996,-0.2208044598057115,0.24199073952880346
14,2.1500000000000004,-0.22389768851727987,0.2454421606758872
14,2.200000000000001,-0.22662025784724027,0.2484864646033309
14,2.25,-0.22894415720107397,0.2510924888566687
14,2.3000000000000007,-0.23084634206824117,0.2532345325597015
14,2.3499999999999996,-0.2323088380148306,0.2548924802496032
14,2.4000000000000004,-0.23331875189840767,0.25605182241400654
14,2.450000000000001,-0.23386819538214776,0.2567035781731182
14,2.5,-0.23395412808122584,0.25684412810608603
14,2.5500000000000007,-0.2335781294450907,0.25647496723630536
14,2.5999999999999996,-0.2327461097393151,0.2556023896343189
14,2.6500000000000004,-0.23146797124574015,0.25423711697384843
14,2.700000000000001,-0.22975723108101587,0.2523938837202472
14,2.75,-0.227630616892331,0.2500909914975682
14,2.8000000000000007,-0.22510764618944612,0.24734984464224752
14,2.8499999999999996,-0.2222101992855927,0.24419447808814387
14,2.9000000000000004,-0.21896209481977702,0.24065108762184406
14,2.950000000000001,-0.21538867569046305,0.23674757127846768
14,3.0,-0.21151641201057858,0.2325130892901024
14,3.0500000000000007,-0.2073725264533104,0.2279776486157037
14,3.0999999999999996,-0.2029846461447551,0.2231717167265468
14,3.1500000000000004,-0.19838048411091558,0.21812586803777234
14,3.200000000000001,-0.1935875522307371,0.21287046519583364
14,3.25,-0.18863290670280453,0.20743537637532783
14,3.3000000000000007,-0.183542926211961,0.20184972881920737
14,3.3499999999999996,-0.1783431222875218,0.19614169807851745
14,3.4000000000000004,-0.17305798077558698,0.19033833177014103
14,3.450000000000001,-0.16771083289846,0.18446540616725127
14,3.5,-0.16232375403558708,0.17854731355746112
14,3.5500000000000007,-0.1569174881218065,0.1726069780358741
14,3.6000000000000014,-0.1515113954080909,0.16666579723091268
14,3.6500000000000004,-0.14612342125479305,0.1607436073759747
14,3.700000000000001,-0.14077008361544996,0.15485866912582513
14,3.75,-0.13546647690860114,0.14902767156002072
14,3.8000000000000007,-0.13022629005509634,0.1432657519044258
14,3.8500000000000014,-0.125061836569059,0.13758652862501575
14,3.9000000000000004,-0.11998409472358595,0.1320021456960503
14,3.950000000000001,-0.1150027559598259,0.1265233260090446
14,4.0,-0.11012627986417378,0.12115943206269986
14,4.050000000000001,-0.10536195419769179,0.11591853225147153
14,4.100000000000001,-0.10071595862053817,0.11080747124699797
14,4.15,-0.0961934309087642,0.1058319431386956
14,4.200000000000001,-0.0917985346090946,0.10099656616470165
14,4.25,-0.08753452721732735,0.09630495802009653
14,4.300000000000001,-0.0834038280967433,0.09175981087462493
14,4.350000000000001,-0.0794080854735868,0.08736296536625288
14,4.4,-0.07554824195704946,0.0831154829594094
14,4.450000000000001,-0.07182459813115738,0.07901771616772812
14,4.5,-0.0682368738557626,0.07506937624070442
14,4.550000000000001,-0.06478426699386297,0.07126959800237276
14,4.600000000000001,-0.06146550935316908,0.0676170016084372
14,4.65,-0.05827891969185561,0.0641097510569053
14,4.700000000000001,-0.05522245369226075,0.0607456093468588
14,4.75,-0.05229375085279475,0.05752199023133353
14,4.800000000000001,-0.04949017828783875,0.0544360065539824
14,4.850000000000001,-0.04680887145895252,0.05148451519612962
14,4.9,-0.044246771888487135,0.04866415869151197
14,4.950000000000001,-0.04180066192966514,0.04597140359123597
14,5.0,-0.03946719668561416,0.04340257568176398
14,5.050000000000001,-0.03724293318440308,0.040953892174725004
14,5.100000000000001,-0.03512435692821514,0.038621490999493524
14,5.15,-0.03310790594288182,0.03640145733831113
14,5.200000000000001,-0.031189992459449645,0.03428984754964559
14,5.25,-0.029367022362634554,0.03228271062893584
14,5.300000000000001,-0.027635412542278193,0.030376107357126703
14,5.350000000000001,-0.02599160628346331,0.028566127286864917
14,5.4,-0.024432086829146993,0.026848903714136396
14,5.450000000000001,-0.022953389246124445,0.025220626779693056
14,5.5,-0.021552110721152484,0.02367755484017975
14,5.550000000000001,-0.020224919409230768,0.022216024243439936
14,5.600000000000001,-0.018968561950585272,0.020832457636409618
14,5.65,-0.01777986976686874,0.019523370927318595
14,5.700000000000001,-0.016655764240715243,0.01828537901676408
14,5.75,-0.015593260876053172,0.017115200404786535
14,5.800000000000001,-0.014589472529685565,0.01600966077336241
14,5.850000000000001,-0.013641611797620357,0.014965695635930532
14,5.9,-0.012746992632570286,0.013980352137717311
14,5.950000000000001,-0.011903031262102903,0.013050790082894448
14,6.0,-0.011107246470083876,0.012174282257003899
15,-6.0,-0.005084429349835329,0.005173941835766804
15,-5.95,-0.005328913460994844,0.00541200783470952
15,-5.9,-0.0055884591447208365,0.005664774766523273
15,-5.85,-0.005863988200336401,0.005933161504737328
15,-5.8,-0.006156453320096844,0.006218116922832806
15,-5.75,-0.0064668383511858885,0.006520620195826332
15,-5.7,-0.006796158458395762,0.006841681017997203
15,-5.65,-0.00714546015254669,0.007182339700626983
15,-5.6,-0.007515821149610691,0.007543667113800723
15,-5.55,-0.007908350025438882,0.007926764436564149
15,-5.5,-0.008324185631018555,0.008332762680003825
15,-5.45,-0.008764496233198749,0.008762821948153032
15,-5.4,-0.009230478345862547,0.009218130401946745
15,-5.35,-0.009723355216623375,0.009699902891799006
15,-5.3,-0.010244374934264666,0.010209379224883186
15,-5.25,-0.010794808122409627,0.010747822033612131
15,-5.2,-0.011375945185343905,0.011316514212632356
15,-5.15,-0.011989093072537926,0.011916755892496411
15,-5.1,-0.012635571529357126,0.012549860919333966
15,-5.05,-0.013316708802674437,0.013217152811428434
15,-5.0,-0.014033836771793595,0.013919960165458711
15,-4.95,-0.014788285477190577,0.014659611487537916
15,-4.9,-0.015581377022237497,0.015437429427121785
15,-4.85,-0.016414418826306232,0.016254724395219355
15,-4.8,-0.017288696211501087,0.01711278755245349
15,-4.75,-0.01820546430979375,0.018012883157153325
15,-4.7,-0.019165939282548727,0.01895624026900844
15,-4.65,-0.020171288850358682,0.019944043809752898
15,-4.6,-0.021222622137718083,0.020977424988941173
15,-4.55,-0.022320978844386108,0.022057451110035764
15,-4.5,-0.023467317763222084,0.02318511477963714
15,-4.45,-0.02466250467276776,0.024361322550762843
15,-4.4,-0.025907299641838577,0.0255868830393986
15,-4.35,-0.027202343792680495,0.026862494561889605
15,-4.3,-0.02854814557875507,0.02818873234912367
15,-4.25,-0.029945066642738105,0.02956603540140179
15,-4.2,-0.03139330732959866,0.03099469305532665
15,-4.15,-0.032892891938566926,0.03247483134058804
15,-4.1,-0.03444365380597736,0.03400639920998305
15,-4.05,-0.03604522031832191,0.03558915472997093
15,-4.0,-0.037696997960983136,0.03722265132139668
15,-3.9499999999999997,-0.03939815751289899,0.038906224140303536
15,-3.9,-0.041147619500625066,0.04063897668703209
15,-3.85,-0.04294404002676622,0.042419767727654545
15,-3.8,-0.04478579708756536,0.04424719860556792
15,-3.75,-0.046670977492593746,0.04611960101268897
15,-3.6999999999999997,-0.048597364496236306,0.048035025279551835
15,-3.65,-0.05056242624646856,0.04999122923252042
15,-3.5999999999999996,-0.05256330515185548,0.051985667654744994
15,-3.55,-0.054596808263726704,0.054015482377197
15,-3.5,-0.056659398768255986,0.05607749301808562
15,-3.4499999999999997,-0.058747188684213025,0.05816818838561266
15,-3.4,-0.06085593286820812,0.060283718562497146
15,-3.3499999999999996,-0.06298102444250109,0.06241988770364992
15,-3.3,-0.06511749178315185,0.06457214760412766
15,-3.25,-0.0672599972410115,0.06673559213590385
15,-3.1999999999999997,-0.06940283781736545,0.06890495271284713
15,-3.15,-0.0715399480822736,0.07107459502635916
15,-3.0999999999999996,-0.07366490570900552,0.07323851740248255
15,-3.05,-0.07577094010359176,0.07539035126669136
15,-3.0,-0.07785094473490695,0.07752336436577467
15,-2.9499999999999997,-0.07989749391651468,0.07963046758615144
15,-2.9,-0.08190286495361176,0.08170422642107278
15,-2.8499999999999996,-0.08385906674121157,0.08373687836914634
15,-2.8,-0.0857578760744464,0.08572035778335163
15,-2.75,-0.08759088309670071,0.08764632991925181
15,-2.6999999999999997,-0.08934954745050172,0.0895062361349499
15,-2.65,-0.09102526679044365,0.09129135235063446
15,-2.5999999999999996,-0.09260945934443043,0.09299286295540776
15,-2.55,-0.09409366214394188,0.09460195232337298
15,-2.5,-0.09546964635986388,0.0961099159379395
15,-2.4499999999999997,-0.09672955085200297,0.09750829279204387
15,-2.4,-0.09786603454608289,0.09878902020509006
15,-2.3499999999999996,-0.09887244757650349,0.09994461145539724
15,-2.3,-0.09974302027198001,0.10096835566196427
15,-2.25,-0.1004730680242849,0.10185453817050183
15,-2.1999999999999997,-0.10105920889583486,0.10259867833567826
15,-2.15,-0.101499589538953,0.10319778009864855
15,-2.0999999999999996,-0.1017941136897782,0.10365058921636461
15,-2.05,-0.10194466625582677,0.10395784951208809
15,-2.0,-0.10195532494835824,0.10412254921099384
15,-1.9500000000000002,-0.10183255063922192,0.10415014743917839
15,-1.8999999999999995,-0.10158534726606394,0.1040487704376174
15,-1.8499999999999996,-0.10122538227410316,0.10382936709766133
15,-1.7999999999999998,-0.10076705934030472,0.10350581415087667
15,-1.75,-0.10022753650224336,0.10309496277985497
15,-1.7000000000000002,-0.09962668477221115,0.10261662052501563
15,-1.6499999999999995,-0.09898698474728218,0.1020934650309191
15,-1.5999999999999996,-0.09833336144226967,0.1015508892043302
15,-1.5499999999999998,-0.09769296031934216,0.10101678046691376
15,-1.5,-0.09709486995841199,0.1005212396402877
15,-1.4500000000000002,-0.09656979867717808,0.10009624723586841
15,-1.3999999999999995,-0.09614971335864197,0.09977528618963039
15,-1.3499999999999996,-0.09586744853511897,0.0995929301073466
15,-1.2999999999999998,-0.0957562922907429,0.09958440472251606
15,-1.25,-0.09584955283059471,0.09978512755396496
15,-1.1999999999999993,-0.09618010588528658,0.10023022694362327
15,-1.1499999999999995,-0.09677991896148608,0.10095403725750574
15,-1.0999999999999996,-0.09767954450203875,0.10198956276121063
15,-1.0499999999999998,-0.0989075711103381,0.10336789939486568
15,-1.0,-0.10049002096136017,0.10511760224264499
15,-0.9499999999999993,-0.1024496830429088,0.10726398761602263
15,-0.8999999999999995,-0.10480537625294173,0.1098283626547285
15,-0.8499999999999996,-0.1075711433680766,0.11282718191189534
15,-0.7999999999999998,-0.1107553855676846,0.11627113855059124
15,-0.75,-0.11435995600802118,0.12016420594140542
15,-0.6999999999999993,-0.11837923804910455,0.12450265175199804
15,-0.6499999999999995,-0.12279923758752453,0.12927404958078337
15,-0.5999999999999996,-0.1275967190724614,0.1344563125865179
15,-0.5499999999999998,-0.13273841260167518,0.1400167712995457
15,-0.5,-0.13818031876914844,0.14591131833566373
15,-0.4499999999999993,-0.1438671444137628,0.15208365265960833
15,-0.39999999999999947,-0.1497319222921345,0.1584646822917708
15,-0.34999999999999964,-0.15569590477131182,0.16497219095812965
15,-0.2999999999999998,-0.16166887364759092,0.17151093814065965
15,-0.25,-0.1675500635530025,0.17797342956086926
15,-0.1999999999999993,-0.17322993329573827,0.18424164091454176
15,-0.14999999999999947,-0.17859300946393292,0.19018996876792404
15,-0.09999999999999964,-0.18352194377707265,0.19568958899295752
15,-0.04999999999999982,-0.18790275958545533,0.20061421290054338
15,0.0,-0.1916310305788524,0.20484696372222144
15,0.05000000000000071,-0.19461848419087474,0.2082878063086373
15,0.10000000000000053,-0.19679932247320114,0.210860730102163
15,0.15000000000000036,-0.19813547183744243,0.21251978710595953
15,0.20000000000000018,-0.19862004917516873,0.21325316793366922
15,0.25,-0.19827855854697485,0.21308475268393423
15,0.3000000000000007,-0.1971676576009997,0.21207294009059263
15,0.35000000000000053,-0.19537167760339091,0.21030694882172518
15,0.40000000000000036,-0.19299736843357046,0.20790111124260324
15,0.4500000000000002,-0.19016751809245414,0.20498788312289934
15,0.5,-0.1870141484709371,0.20171035354166933
15,0.5500000000000007,-0.18367193024408163,0.19821497450109077
15,0.6000000000000005,-0.1802723240512734,0.19464507833885336
15,0.6500000000000004,-0.17693878235133775,0.19113555794006926
15,0.7000000000000002,-0.1737831713854857,0.18780888936773638
15,0.75,-0.17090342032719363,0.18477250669278955
15,0.8000000000000007,-0.1683822887608809,0.18211740986959976
15,0.8500000000000005,-0.16628706861611242,0.1799178033125828
15,0.9000000000000004,-0.16467000038486568,0.1782315227167208
15,0.9500000000000002,-0.16356917950690908,0.1771010033855066
15,1.0,-0.16300974883525,0.17655456547097256
15,1.0500000000000007,-0.1630052082953165,0.17660783031462712
15,1.1000000000000005,-0.16355871518007514,0.17726512862311866
15,1.1500000000000004,-0.16466429141036398,0.17852080831240377
15,1.2000000000000002,-0.16630789280032388,0.1803603923409953
15,1.25,-0.16846832702830972,0.18276157160555367
15,1.3000000000000007,-0.17111803039446571,0.1856950436651209
15,1.3500000000000005,-0.1742237285961441,0.1891252247571073
15,1.4000000000000004,-0.17774701458170938,0.19301087126384842
15,1.4500000000000002,-0.18164487843255483,0.1973056489848805
15,1.5,-0.1858702217074606,0.20195868593357524
15,1.5500000000000007,-0.19037238323119765,0.20691513850090448
15,1.6000000000000005,-0.19509769619330286,0.21211679309576453
15,1.6500000000000004,-0.19999008866539114,0.2175027168929735
15,1.7000000000000002,-0.2049917320154866,0.22300996293769604
15,1.75,-0.210043734739366,0.22857432716807272
15,1.8000000000000007,-0.21508687329994736,0.23413114832663376
15,1.8500000000000005,-0.22006234687888537,0.23961613647967106
15,1.9000000000000004,-0.22491253960065283,0.2449662120750797
15,1.9500000000000002,-0.22958177180285633,0.2501203351713186
15,2.0,-0.2340170212433912,0.2550203036146689
15,2.0500000000000007,-0.23816859564531345,0.25961149941671635
15,2.0999999999999996,-0.24199073952880368,0.2638435642241887
15,2.1500000000000004,-0.24544216067588742,0.26767098737238776
15,2.200000000000001,-0.2484864646033309,0.271053593335844
15,2.25,-0.2510924888566688,0.2739569191850003
15,2.3000000000000007,-0.2532345325597014,0.2763524766753509
15,2.3499999999999996,-0.2548924802496031,0.2782178976000961
15,2.4000000000000004,-0.2560518224140067,0.2795369648212124
15,2.450000000000001,-0.2567035781731184,0.2802995347865346
15,2.5,-0.25684412810608603,0.2805013602153179
15,2.5500000000000007,-0.25647496723630536,0.2801438239106848
15,2.5999999999999996,-0.2556023896343187,0.27923359629773736
15,2.6500000000000004,-0.25423711697384843,0.277782230293954
15,2.700000000000001,-0.2523938837202473,0.27580570753033307
15,2.75,-0.2500909914975684,0.2733239498194503
15,2.8000000000000007,-0.24734984464224752,0.27036030918966636
15,2.8499999999999996,-0.24419447808814354,0.2669410488622336
15,2.9000000000000004,-0.24065108762184373,0.26309482633200043
15,2.950000000000001,-0.23674757127846746,0.2588521883119328
15,3.0,-0.23251308929010306,0.2542450857988906
15,3.0500000000000007,-0.22797764861570347,0.2493064159849686
15,3.0999999999999996,-0.22317171672654634,0.24406959623552116
15,3.1500000000000004,-0.21812586803777245,0.23856817392955199
15,3.200000000000001,-0.21287046519583352,0.23283547464608945
15,3.25,-0.2074353763753276,0.22690429000570078
15,3.3000000000000007,-0.20184972881920715,0.22080660545356656
15,3.3499999999999996,-0.19614169807851733,0.2145733674050252
15,3.4000000000000004,-0.19033833177014126,0.2082342884647047
15,3.450000000000001,-0.18446540616725127,0.20181768886940077
15,3.5,-0.17854731355746134,0.19535037188181992
15,3.5500000000000007,-0.1726069780358741,0.18885753056375565
15,3.6000000000000014,-0.1666657972309129,0.18236268316821502
15,3.6500000000000004,-0.16074360737597493,0.1758876342949196
15,3.700000000000001,-0.1548586691258249,0.16945245893713357
15,3.75,-0.14902767156002072,0.16307550659527914
15,3.8000000000000007,-0.1432657519044258,0.15677342273069783
15,3.8500000000000014,-0.13758652862501553,0.1505611849690771
15,3.9000000000000004,-0.1320021456960503,0.1444521516266548
15,3.950000000000001,-0.1265233260090448,0.13845812031418792
15,4.0,-0.1211594320627003,0.13258939456598884
15,4.050000000000001,-0.11591853225147153,0.12685485663773877
15,4.100000000000001,-0.11080747124699819,0.1212620448121633
15,4.15,-0.10583194313869537,0.1158172337420027
15,4.200000000000001,-0.10099656616470121,0.11052551654202913
15,4.25,-0.09630495802009609,0.10539088751404169
15,4.300000000000001,-0.09175981087462493,0.10041632454931726
15,4.350000000000001,-0.08736296536625288,0.0956038704011073
15,4.4,-0.08311548295940963,0.09095471215503825
15,4.450000000000001,-0.07901771616772812,0.0864692583476987
15,4.5,-0.07506937624070442,0.08214721329352659
15,4.550000000000001,-0.07126959800237298,0.07798764827787852
15,4.600000000000001,-0.0676170016084372,0.07398906936039729
15,4.65,-0.0641097510569053,0.07014948160835788
15,4.700000000000001,-0.06074560934685902,0.06646644964518544
15,4.75,-0.05752199023133331,0.0629371544557753
15,4.800000000000001,-0.05443600655398262,0.05955844643823638
15,4.850000000000001,-0.05148451519612962,0.05632689473221264
15,4.9,-0.04866415869151197,0.05323883288757636
15,4.950000000000001,-0.04597140359123664,0.0502904009649181
15,5.0,-0.04340257568176398,0.04747758418144743
15,5.050000000000001,-0.040953892174725226,0.04479624823337636
15,5.100000000000001,-0.03862149099949397,0.04224217143909348
15,5.15,-0.036401457338310905,0.03981107385703231
15,5.200000000000001,-0.03428984754964537,0.03749864353856247
15,5.25,-0.03228271062893562,0.03530056007989568
15,5.300000000000001,-0.030376107357126703,0.033212515638328055
15,5.350000000000001,-0.02856612728686514,0.031230233577447253
15,5.4,-0.026848903714136174,0.029349484903570255
15,5.450000000000001,-0.025220626779693056,0.027566102651834123
15,5.5,-0.02367755484017975,0.025875994375415656
15,5.550000000000001,-0.02221602424343949,0.024275152885340878
15,5.600000000000001,-0.020832457636409618,0.02275966538160068
15,5.65,-0.019523370927318595,0.0213257211088842
15,5.700000000000001,-0.018285379016764303,0.019969617662345618
15,5.75,-0.01711520040478698,0.018687766060558664
15,5.800000000000001,-0.01600966077336219,0.017476694694313233
15,5.850000000000001,-0.01496569563593031,0.016333052251271685
15,5.9,-0.013980352137717311,0.015253609707807536
15,5.950000000000001,-0.013050790082894448,0.014235261470826321
15,6.0,-0.012174282257003899,0.013275025743958224
16,-6.0,-0.005173941835766804,0.005229746621663978
16,-5.95,-0.00541200783470952,0.005458389641284533
16,-5.9,-0.005664774766523273,0.005701192323381399
16,-5.85,-0.005933161504737772,0.005959062032107276
16,-5.8,-0.006218116922832806,0.006232934848295457
16,-5.75,-0.006520620195826332,0.006523775913428231
16,-5.7,-0.006841681017997203,0.006832579708066611
16,-5.65,-0.007182339700626539,0.00716037022759064
16,-5.6,-0.007543667113800279,0.007508201018623595
16,-5.55,-0.00792676443656326,0.00787715503999653
16,-5.5,-0.008332762680002936,0.008268344312781117
16,-5.45,-0.008762821948153032,0.00868290932453597
16,-5.4,-0.009218130401944968,0.009122018153583156
16,-5.35,-0.009699902891799006,0.009586865279794132
16,-5.3,-0.01020937922488363,0.01007867004914953
16,-5.25,-0.010747822033611243,0.010598674760154303
16,-5.2,-0.011316514212631912,0.01114814234120054
16,-5.15,-0.011916755892495967,0.011728353589162133
16,-5.1,-0.012549860919333522,0.012340603940988792
16,-5.05,-0.013217152811429322,0.012986199751854777
16,-5.0,-0.013919960165459155,0.013666454055590194
16,-4.95,-0.01465961148753836,0.014382681785774842
16,-4.9,-0.015437429427121785,0.015136194438967188
16,-4.85,-0.0162547243952198,0.015928294165227008
16,-4.8,-0.01711278755245349,0.01676026727529578
16,-4.75,-0.01801288315715377,0.01763337715861102
16,-4.7,-0.018956240269008884,0.01854885661174066
16,-4.65,-0.019944043809752454,0.01950789958274335
16,-4.6,-0.020977424988941173,0.02051165234347252
16,-4.55,-0.022057451110036652,0.02156120410869189
16,-4.5,-0.02318511477963625,0.022657577128169848
16,-4.45,-0.0243613225507624,0.023801716285358765
16,-4.4,-0.0255868830393986,0.024994478243690388
16,-4.35,-0.02686249456189005,0.026236620188911708
16,-4.3,-0.028188732349124113,0.02752878822268201
16,-4.25,-0.02956603540140268,0.02887150546889039
16,-4.2,-0.030994693055326206,0.030265159959333765
16,-4.15,-0.032474831340587595,0.03170999236923322
16,-4.1,-0.03400639920998261,0.03320608367528255
16,-4.05,-0.03558915472997182,0.03475334280913511
16,-4.0,-0.03722265132139624,0.036351494377047544
16,-3.9499999999999997,-0.038906224140303536,0.03800006651178389
16,-3.9,-0.040638976687032535,0.03969837891529959
16,-3.85,-0.042419767727654545,0.04144553114043692
16,-3.8,-0.04424719860556836,0.0432403911466297
16,-3.75,-0.04611960101268853,0.04508158414894359
16,-3.6999999999999997,-0.04803502527955272,0.04696748176193566
16,-3.65,-0.04999122923251953,0.048896191420808144
16,-3.5999999999999996,-0.051985667654744105,0.05086554604315241
16,-3.55,-0.054015482377197,0.052873093876853794
16,-3.5,-0.05607749301808518,0.05491608846542917
16,-3.4499999999999997,-0.05816818838561266,0.056991478653654504
16,-3.4,-0.0602837185624967,0.059095898556774884
16,-3.3499999999999996,-0.06241988770365037,0.06122565742928732
16,-3.3,-0.06457214760412766,0.06337672939799033
16,-3.25,-0.06673559213590385,0.06554474307294678
16,-3.1999999999999997,-0.06890495271284713,0.06772497112316955
16,-3.15,-0.07107459502635871,0.06991232000552206
16,-3.0999999999999996,-0.073238517402483,0.07210132016877724
16,-3.05,-0.07539035126669136,0.07428611722291922
16,-3.0,-0.07752336436577512,0.07646046476737922
16,-2.9499999999999997,-0.079630467586151,0.07861771981032728
16,-2.9,-0.08170422642107278,0.08075084198044413
16,-2.8499999999999996,-0.0837368783691459,0.08285239802554267
16,-2.8,-0.08572035778335119,0.08491457339763953
16,-2.75,-0.08764632991925181,0.08692919302515811
16,-2.6999999999999997,-0.0895062361349499,0.08888775364854462
16,-2.65,-0.0912913523506349,0.0907814703188281
16,-2.5999999999999996,-0.09299286295540776,0.09260133979797125
16,-2.55,-0.09460195232337254,0.09433822361963884
16,-2.5,-0.0961099159379395,0.09598295343164276
16,-2.4499999999999997,-0.09750829279204343,0.09752646090963779
16,-2.4,-0.09878902020509006,0.0989599339724907
16,-2.3499999999999996,-0.09994461145539724,0.10027500021857083
16,-2.3,-0.10096835566196405,0.10146393742775839
16,-2.25,-0.10185453817050205,0.10251990964398106
16,-2.1999999999999997,-0.10259867833567826,0.10343722579909942
16,-2.15,-0.10319778009864855,0.10421161612045005
16,-2.0999999999999996,-0.10365058921636439,0.10484051977065745
16,-2.05,-0.10395784951208875,0.10532337541784642
16,-2.0,-0.10412254921099451,0.1056619048700096
16,-1.9500000000000002,-0.10415014743917905,0.10586037868685194
16,-1.8999999999999995,-0.1040487704376174,0.105925851965742
16,-1.8499999999999996,-0.10382936709766133,0.1058683584286455
16,-1.7999999999999998,-0.10350581415087734,0.10570105162091226
16,-1.75,-0.10309496277985497,0.10544028351909684
16,-1.7000000000000002,-0.10261662052501563,0.10510561310550592
16,-1.6499999999999995,-0.1020934650309191,0.10471974038309062
16,-1.5999999999999996,-0.1015508892043302,0.10430836466171112
16,-1.5499999999999998,-0.10101678046691398,0.10389996944374813
16,-1.5,-0.10052123964028814,0.10352553950402354
16,-1.4500000000000002,-0.10009624723586819,0.10321821839477074
16,-1.3999999999999995,-0.09977528618963039,0.1030129162255804
16,-1.3499999999999996,-0.0995929301073466,0.10294587785994969
16,-1.2999999999999998,-0.09958440472251584,0.10305422045965917
16,-1.25,-0.09978512755396451,0.10337544661553943
16,-1.1999999999999993,-0.10023022694362282,0.10394693538588173
16,-1.1499999999999995,-0.10095403725750529,0.10480540893332435
16,-1.0999999999999996,-0.10198956276121052,0.10598636784758586
16,-1.0499999999999998,-0.10336789939486568,0.10752348455490024
16,-1.0,-0.1051176022426451,0.10944794234544908
16,-0.9499999999999993,-0.10726398761602307,0.11178770821228778
16,-0.8999999999999995,-0.10982836265472828,0.11456673119217942
16,-0.8499999999999996,-0.11282718191189511,0.11780406391729237
16,-0.7999999999999998,-0.11627113855059112,0.12151291259597041
16,-0.75,-0.12016420594140531,0.12569962799371615
16,-0.6999999999999993,-0.12450265175199815,0.13036265531224633
16,-0.6499999999999995,-0.12927404958078326,0.13549146278752655
16,-0.5999999999999996,-0.13445631258651802,0.1410654674081242
16,-0.5499999999999998,-0.14001677129954582,0.14705297381211158
16,-0.5,-0.1459113183356634,0.15341014438537148
16,-0.4499999999999993,-0.1520836526596086,0.16008003234596746
16,-0.39999999999999947,-0.1584646822917709,0.16699174286442742
16,-0.34999999999999964,-0.16497219095812932,0.17405984431056298
16,-0.2999999999999998,-0.1715109381406595,0.18118422870051054
16,-0.25,-0.17797342956086923,0.1882507012977659
16,-0.1999999999999993,-0.18424164091454182,0.1951326348286886
16,-0.14999999999999947,-0.1901899687679242,0.20169401620643157
16,-0.09999999999999964,-0.19568958899295738,0.2077941087950732
16,-0.04999999999999982,-0.20061421290054315,0.2132937372555419
16,0.0,-0.20484696372222144,0.21806289686559066
16,0.05000000000000071,-0.20828780630863725,0.22198905738648889
16,0.10000000000000053,-0.21086073010216297,0.22498526314489387
16,0.15000000000000036,-0.21251978710595965,0.22699701423996121
16,0.20000000000000018,-0.21325316793366925,0.2280070003968262
16,0.25,-0.2130847526839343,0.2280370410918633
16,0.3000000000000007,-0.2120729400905926,0.22714699651340264
16,0.35000000000000053,-0.21030694882172526,0.22543085287444353
16,0.40000000000000036,-0.20790111124260335,0.2230105534786162
16,0.4500000000000002,-0.20498788312289928,0.22002837671283104
16,0.5,-0.20171035354166933,0.21663873212920864
16,0.5500000000000007,-0.19821497450109077,0.21300017494340479
16,0.6000000000000005,-0.19464507833885347,0.2092682713188842
16,0.6500000000000004,-0.19113555794006926,0.20558973231531658
16,0.7000000000000002,-0.18780888936773643,0.2020980174926323
16,0.75,-0.18477250669278955,0.19891042093945932
16,0.8000000000000007,-0.1821174098695998,0.19612650991584568
16,0.8500000000000005,-0.17991780331258278,0.1938276945474749
16,0.9000000000000004,-0.17823152271672082,0.19207766291291153
16,0.9500000000000002,-0.1771010033855066,0.19092341124095358
16,1.0,-0.1765545654709726,0.19039662328517637
16,1.0500000000000007,-0.176607830314627,0.19051519545843038
16,1.1000000000000005,-0.1772651286231185,0.19128475523895772
16,1.1500000000000004,-0.1785208083124037,0.19270007183464405
16,1.2000000000000002,-0.18036039234099532,0.19474630449774438
16,1.25,-0.18276157160555373,0.19740007184459343
16,1.3000000000000007,-0.1856950436651208,0.20063035363040596
16,1.3500000000000005,-0.18912522475710714,0.20439925473769505
16,1.4000000000000004,-0.1930108712638483,0.20866267074102604
16,1.4500000000000002,-0.19730564898488034,0.21337089693699407
16,1.5,-0.20195868593357502,0.21846921997783125
16,1.5500000000000007,-0.2069151385009046,0.2238985249413488
16,1.6000000000000005,-0.21211679309576437,0.22959594230290625
16,1.6500000000000004,-0.2175027168929735,0.23549555005202058
16,1.7000000000000002,-0.22300996293769604,0.24152913703221893
16,1.75,-0.2285743271680727,0.24762702513514906
16,1.8000000000000007,-0.23413114832663395,0.25371894069385703
16,1.8500000000000005,-0.23961613647967117,0.2597349195730311
16,1.9000000000000004,-0.24496621207507996,0.2656062261929355
16,1.9500000000000002,-0.2501203351713184,0.27126626409206445
16,2.0,-0.25502030361466876,0.276651454589568
16,2.0500000000000007,-0.25961149941671624,0.2817020605386239
16,2.0999999999999996,-0.26384356422418875,0.28636293389186707
16,2.1500000000000004,-0.2676709873723877,0.29058416860678166
16,2.200000000000001,-0.271053593335844,0.29432164404477923
16,2.25,-0.2739569191850002,0.2975374481860693
16,2.3000000000000007,-0.2763524766753509,0.300200174415189
16,2.3499999999999996,-0.2782178976000962,0.3022850900663088
16,2.4000000000000004,-0.2795369648212125,0.30377417912002463
16,2.450000000000001,-0.28029953478653447,0.30465606522239685
16,2.5,-0.2805013602153177,0.3049258244089217
16,2.5500000000000007,-0.2801438239106848,0.3045846994682293
16,2.5999999999999996,-0.27923359629773725,0.3036397297295705
16,2.6500000000000004,-0.2777822302939539,0.30210331120605666
16,2.700000000000001,-0.2758057075303333,0.2999927025112736
16,2.75,-0.2733239498194504,0.29732949185797647
16,2.8000000000000007,-0.270360309189666,0.29413903983170203
16,2.8499999999999996,-0.26694104886223347,0.29044991160786204
16,2.9000000000000004,-0.2630948263320003,0.2862933109502469
16,2.950000000000001,-0.2588521883119326,0.28170252679085905
16,3.0,-0.25424508579889027,0.27671240153694265
16,3.0500000000000007,-0.24930641598496872,0.27135882856110594
16,3.0999999999999996,-0.24406959623552105,0.265678284671679
16,3.1500000000000004,-0.23856817392955176,0.2597074017862546
16,3.200000000000001,-0.2328354746460899,0.2534825805815043
16,3.25,-0.226904290005701,0.24703964759392272
16,3.3000000000000007,-0.22080660545356645,0.2404135561150389
16,3.3499999999999996,-0.2145733674050252,0.23363813026704483
16,3.4000000000000004,-0.20823428846470504,0.22674585085927745
16,3.450000000000001,-0.201817688869401,0.21976768100490907
16,3.5,-0.19535037188181992,0.21273292900866325
16,3.5500000000000007,-0.18885753056375565,0.20566914570545058
16,3.6000000000000014,-0.18236268316821524,0.19860205321999813
16,3.6500000000000004,-0.1758876342949196,0.19155550201162708
16,3.700000000000001,-0.16945245893713334,0.18455145304937537
16,3.75,-0.1630755065952787,0.17760998201437617
16,3.8000000000000007,-0.15677342273069783,0.17074930253391174
16,3.8500000000000014,-0.1505611849690771,0.16398580560124532
16,3.9000000000000004,-0.1444521516266546,0.15733411251539953
16,3.950000000000001,-0.13845812031418747,0.15080713887525565
16,4.0,-0.13258939456598862,0.14441616737404073
16,4.050000000000001,-0.12685485663773832,0.1381709273564926
16,4.100000000000001,-0.12126204481216307,0.1320796793160337
16,4.15,-0.11581723374200292,0.12614930271868618
16,4.200000000000001,-0.11052551654202958,0.1203853857410766
16,4.25,-0.10539088751404169,0.11479231569916282
16,4.300000000000001,-0.1004163245493177,0.10937336912082007
16,4.350000000000001,-0.0956038704011073,0.10413080057814983
16,4.4,-0.09095471215503892,0.09906592954393667
16,4.450000000000001,-0.08646925834769847,0.0941792246710682
16,4.5,-0.08214721329352681,0.08947038501422933
16,4.550000000000001,-0.0779876482778783,0.08493841782037914
16,4.600000000000001,-0.07398906936039706,0.080581712609048
16,4.65,-0.07014948160835788,0.076398111346212
16,4.700000000000001,-0.06646644964518567,0.07238497458724091
16,4.75,-0.06293715445577552,0.06853924352611984
16,4.800000000000001,-0.0595584464382366,0.06485749794060003
16,4.850000000000001,-0.056326894732212196,0.061336010067200464
16,4.9,-0.05323883288757614,0.057970794476680076
16,4.950000000000001,-0.0502904009649181,0.05475765405071131
16,5.0,-0.04747758418144743,0.051692222184664516
16,5.050000000000001,-0.04479624823337591,0.048770001360357806
16,5.100000000000001,-0.04224217143909348,0.04598639824701389
16,5.15,-0.03981107385703231,0.04333675549904559
16,5.200000000000001,-0.03749864353856225,0.04081638042620073
16,5.25,-0.03530056007989568,0.0384205707155143
16,5.300000000000001,-0.03321251563832828,0.03614463738588225
16,5.350000000000001,-0.031230233577447475,0.03398392515521009
16,5.4,-0.029349484903570477,0.03193383039744946
16,5.450000000000001,-0.0275661026518339,0.02998981686254809
16,5.5,-0.02587599437541588,0.028147429326859985
16,5.550000000000001,-0.024275152885340656,0.026402305334934928
16,5.600000000000001,-0.02275966538160068,0.02475018518615868
16,5.65,-0.0213257211088842,0.02318692031156644
16,5.700000000000001,-0.01996961766234584,0.021708480177460077
16,5.75,-0.018687766060558886,0.02031095784336845
16,5.800000000000001,-0.01747669469431301,0.01899057429253892
16,5.850000000000001,-0.016333052251271685,0.017743681643644482
16,5.9,-0.015253609707807314,0.016566765342840295
16,5.950000000000001,-0.014235261470826543,0.01545644542589919
16,6.0,-0.013275025743958224,0.014409476930946186
17,-6.0,-0.005229746621663978,0.005251843707527293
17,-5.95,-0.005458389641284089,0.0054680588807185515
17,-5.9,-0.005701192323381843,0.005697711815298767
17,-5.85,-0.00595906203210772,0.005941689782446247
17,-5.8,-0.006232934848295013,0.006200907096482133
17,-5.75,-0.006523775913429564,0.006476305503993807
17,-5.7,-0.006832579708066611,0.006768854528603541
17,-5.65,-0.00716037022759064,0.007079551733437661
17,-5.6,-0.007508201018623595,0.007409422864078863
17,-5.55,-0.007877155039995642,0.0077595218357364715
17,-5.5,-0.008268344312779341,0.008130930529347324
17,-5.45,-0.008682909324535082,0.00852475836234401
17,-5.4,-0.009122018153583156,0.008942141600776665
17,-5.35,-0.009586865279794132,0.009384242380609642
17,-5.3,-0.01007867004914953,0.009852247407062364
17,-5.25,-0.010598674760154747,0.010347366302038807
17,-5.2,-0.011148142341200984,0.010870829571048901
17,-5.15,-0.011728353589161689,0.01142388616253509
17,-5.1,-0.012340603940989237,0.012007800594322937
17,-5.05,-0.012986199751854777,0.012623849623950356
17,-5.0,-0.013666454055590194,0.013273318442188042
17,-4.95,-0.014382681785774398,0.01395749637189958
17,-4.9,-0.0151361944389663,0.014677672057771929
17,-4.85,-0.015928294165227008,0.01543512813632919
17,-4.8,-0.016760267275295337,0.016231135380028405
17,-4.75,-0.017633377158611463,0.0170669463141655
17,-4.7,-0.018548856611739772,0.017943788310741837
17,-4.65,-0.019507899582743793,0.018862856169333142
17,-4.6,-0.020511652343473852,0.019825304201313898
17,-4.55,-0.021561204108691445,0.020832237840352263
17,-4.5,-0.022657577128170736,0.021884704808822875
17,-4.45,-0.02380171628535832,0.022983685876554638
17,-4.4,-0.024994478243690832,0.02413008525471394
17,-4.35,-0.026236620188911708,0.025324720673745027
17,-4.3,-0.027528788222681566,0.026568313199429205
17,-4.25,-0.028871505468890835,0.027861476845203015
17,-4.2,-0.03026515995933421,0.029204708041622673
17,-4.15,-0.031709992369232776,0.03059837502450158
17,-4.1,-0.033206083675282994,0.03204270720187807
17,-4.05,-0.03475334280913378,0.03353778455580958
17,-4.0,-0.0363514943770471,0.03508352712793439
17,-3.9499999999999997,-0.03800006651178345,0.03667968462733917
17,-3.9,-0.03969837891530048,0.0383258261854289
17,-3.85,-0.041445531140437364,0.04002133026511423
17,-3.8,-0.04324039114663014,0.04176537471074937
17,-3.75,-0.04508158414894359,0.043556926901360704
17,-3.6999999999999997,-0.0469674817619361,0.045394733943386445
17,-3.65,-0.04889619142080859,0.04727731281133307
17,-3.5999999999999996,-0.05086554604315241,0.04920294031707906
17,-3.55,-0.05287309387685335,0.05116964276269709
17,-3.5,-0.05491608846542961,0.05317518511028929
17,-3.4499999999999997,-0.056991478653654504,0.05521705948833633
17,-3.4,-0.059095898556774884,0.057292472851044884
17,-3.3499999999999996,-0.06122565742928732,0.059398333619411936
17,-3.3,-0.06337672939799077,0.06153123716474029
17,-3.25,-0.06554474307294633,0.06368745005213983
17,-3.1999999999999997,-0.06772497112317,0.06586289304833359
17,-3.15,-0.06991232000552206,0.06805312301976052
17,-3.0999999999999996,-0.07210132016877724,0.07025331400788781
17,-3.05,-0.07428611722291922,0.07245823797227535
17,-3.0,-0.07646046476737878,0.07466224593971837
17,-2.9499999999999997,-0.07861771981032728,0.07685925058904264
17,-2.9,-0.08075084198044369,0.07904271163172538
17,-2.8499999999999996,-0.08285239802554223,0.08120562571040058
17,-2.8,-0.08491457339763908,0.08334052291731009
17,-2.75,-0.08692919302515811,0.08543947241441963
17,-2.6999999999999997,-0.08888775364854462,0.08749409999128277
17,-2.65,-0.0907814703188281,0.08949562069502459
17,-2.5999999999999996,-0.09260133979797125,0.09143488987212
17,-2.55,-0.09433822361963884,0.09330247603273945
17,-2.5,-0.09598295343164231,0.09508875884097368
17,-2.4499999999999997,-0.09752646090963735,0.0967840552047865
17,-2.4,-0.0989599339724907,0.09837877584828503
17,-2.3499999999999996,-0.10027500021857083,0.09986361386602471
17,-2.3,-0.10146393742775883,0.1012297655693648
17,-2.25,-0.1025199096439815,0.10246918244472347
17,-2.1999999999999997,-0.10343722579909898,0.10357485128609767
17,-2.15,-0.10421161612045005,0.10454109760435815
17,-2.0999999999999996,-0.104840519770657,0.1053639053526565
17,-2.05,-0.10532337541784598,0.10604124397309844
17,-2.0,-0.10566190487000937,0.10657339192540238
17,-1.9500000000000002,-0.10586037868685172,0.10696324438224147
17,-1.8999999999999995,-0.10592585196574178,0.1072165918504373
17,-1.8499999999999996,-0.1058683584286455,0.1073423562670559
17,-1.7999999999999998,-0.10570105162091226,0.10735277175040991
17,-1.75,-0.1054402835190964,0.1072634987199681
17,-1.7000000000000002,-0.10510561310550615,0.1070936625136838
17,-1.6499999999999995,-0.1047197403830904,0.10686581080379742
17,-1.5999999999999996,-0.10430836466171112,0.10660578781441155
17,-1.5499999999999998,-0.10389996944374813,0.10634252724984483
17,-1.5,-0.10352553950402354,0.10610776954961754
17,-1.4500000000000002,-0.10321821839477074,0.10593571215388531
17,-1.3999999999999995,-0.1030129162255804,0.1058626034664929
17,-1.3499999999999996,-0.10294587785994946,0.10592629179292778
17,-1.2999999999999998,-0.10305422045965895,0.10616573950217223
17,-1.25,-0.10337544661553921,0.10662051001531747
17,-1.1999999999999993,-0.10394693538588151,0.10733023121206209
17,-1.1499999999999995,-0.10480540893332368,0.10833403398894159
17,-1.0999999999999996,-0.10598636784758564,0.10966995976116589
17,-1.0499999999999998,-0.10752348455490024,0.111374326590443
17,-1.0,-0.10944794234544886,0.11348104126977154
17,-0.9499999999999993,-0.11178770821228767,0.11602084483170239
17,-0.8999999999999995,-0.11456673119217953,0.11902048186529512
17,-0.8499999999999996,-0.11780406391729226,0.12250178938426703
17,-0.7999999999999998,-0.12151291259597052,0.12648070770382258
17,-0.75,-0.12569962799371603,0.13096622216495346
17,-0.6999999999999993,-0.13036265531224656,0.13595924872984955
17,-0.6499999999999995,-0.13549146278752666,0.14145147720775397
17,-0.5999999999999996,-0.1410654674081242,0.1474241835372796
17,-0.5499999999999998,-0.1470529738121118,0.15384702013937335
17,-0.5,-0.1534101443853712,0.16067679691827186
17,-0.4499999999999993,-0.16008003234596757,0.16785628347283987
17,-0.39999999999999947,-0.16699174286442747,0.17531310401010414
17,-0.34999999999999964,-0.17405984431056304,0.18295886482861268
17,-0.2999999999999998,-0.18118422870051046,0.19068874532714442
17,-0.25,-0.188250701297766,0.19838187876369306
17,-0.1999999999999993,-0.19513263482868876,0.20590291503817926
17,-0.14999999999999947,-0.20169401620643143,0.21310515177945422
17,-0.09999999999999964,-0.20779410879507307,0.21983550318341938
17,-0.04999999999999982,-0.21329373725554185,0.22594133265045135
17,0.0,-0.21806289686559066,0.23127883000895966
17,0.05000000000000071,-0.221989057386489,0.23572223742442977
17,0.10000000000000053,-0.22498526314489387,0.23917292160139425
17,0.15000000000000036,-0.2269970142399612,0.24156715323944689
17,0.20000000000000018,-0.22800700039682614,0.24288154656463967
17,0.25,-0.2280370410918633,0.24313542377076225
17,0.3000000000000007,-0.22714699651340275,0.24238982686943067
17,0.35000000000000053,-0.2254308528744436,0.24074338976154575
17,0.40000000000000036,-0.22301055347861615,0.23832569514160884
17,0.4500000000000002,-0.220028376712831,0.2352889988622494
17,0.5,-0.2166387321292087,0.23179928423355523
17,0.5500000000000007,-0.2130001749434049,0.2280275315710234
17,0.6000000000000005,-0.2092682713188841,0.22414190299136583
17,0.6500000000000004,-0.20558973231531663,0.22030130547707966
17,0.7000000000000002,-0.2020980174926323,0.2166505557601734
17,0.75,-0.19891042093945943,0.21331716306720272
17,0.8000000000000007,-0.1961265099158458,0.2104095888996187
17,0.8500000000000005,-0.19382769454747484,0.20801674232078865
17,0.9000000000000004,-0.1920776629129115,0.20620842097343794
17,0.9500000000000002,-0.19092341124095358,0.20503640307325
17,1.0,-0.19039662328517648,0.2045359222778615
17,1.0500000000000007,-0.19051519545843032,0.20472730372672648
17,1.1000000000000005,-0.19128475523895772,0.20561759502759266
17,1.1500000000000004,-0.19270007183464422,0.20720208197708517
17,1.2000000000000002,-0.19474630449774444,0.20946562927057136
17,1.25,-0.19740007184459363,0.21238382774542885
17,1.3000000000000007,-0.20063035363040593,0.21592396029032018
17,1.3500000000000005,-0.20439925473769516,0.22004581853790728
17,1.4000000000000004,-0.20866267074102607,0.22470241301324184
17,1.4500000000000002,-0.2133708969369943,0.2298406222888955
17,1.5,-0.2184692199778313,0.2354018238402285
17,1.5500000000000007,-0.22389852494134888,0.2413225425525311
17,1.6000000000000005,-0.22959594230290647,0.2475351438147278
17,1.6500000000000004,-0.2354955500520205,0.25396858814253265
17,1.7000000000000002,-0.241529137032219,0.2605492542990556
17,1.75,-0.24762702513514911,0.2672018286405954
17,1.8000000000000007,-0.2537189406938569,0.2738502504016177
17,1.8500000000000005,-0.25973491957303074,0.28041869615896514
17,1.9000000000000004,-0.2656062261929355,0.2868325819542206
17,1.9500000000000002,-0.27126626409206467,0.293019558565094
17,2.0,-0.27665145458956797,0.29891047416808864
17,2.0500000000000007,-0.28170206053862357,0.30444027901103604
17,2.0999999999999996,-0.2863629338918672,0.30954884853183895
17,2.1500000000000004,-0.2905841686067816,0.3141817043790693
17,2.200000000000001,-0.29432164404477934,0.318290616730137
17,2.25,-0.2975374481860693,0.32183407585987533
17,2.3000000000000007,-0.300200174415189,0.3247776257792161
17,2.3499999999999996,-0.30228509006630877,0.3270940576482417
17,2.4000000000000004,-0.3037741791200246,0.3287634653104436
17,2.450000000000001,-0.30465606522239685,0.329773169480705
17,2.5,-0.3049258244089217,0.3301175206868973
17,2.5500000000000007,-0.3045846994682293,0.3297975939089386
17,2.5999999999999996,-0.30363972972957054,0.32882078992981834
17,2.6500000000000004,-0.3021033112060565,0.32720035971015643
17,2.700000000000001,-0.2999927025112734,0.32495486866306833
17,2.75,-0.2973294918579765,0.322107617613147
17,2.8000000000000007,-0.29413903983170187,0.318686036568355
17,2.8499999999999996,-0.29044991160786204,0.31472106632502883
17,2.9000000000000004,-0.286293310950247,0.31024654147658304
17,2.950000000000001,-0.28170252679085905,0.30529858671524623
17,3.0,-0.2767124015369429,0.29991503650425866
17,3.0500000000000007,-0.2713588285611057,0.2941348863441152
17,3.0999999999999996,-0.265678284671679,0.2879977820350199
17,3.1500000000000004,-0.2597074017862544,0.28154355160788036
17,3.200000000000001,-0.2534825805815044,0.2748117830020781
17,3.25,-0.2470396475939225,0.2678414491399945
17,3.3000000000000007,-0.2404135561150389,0.2606705808036234
17,3.3499999999999996,-0.23363813026704428,0.25333598666457635
17,3.4000000000000004,-0.22674585085927723,0.2458730189538597
17,3.450000000000001,-0.2197676810049094,0.23831538257377538
17,3.5,-0.21273292900866325,0.23069498493799045
17,3.5500000000000007,-0.20566914570545025,0.22304182346095958
17,3.6000000000000014,-0.19860205321999813,0.21538390738626134
17,3.6500000000000004,-0.1915555020116273,0.20774721052609801
17,3.700000000000001,-0.1845514530493757,0.20015565146255
17,3.75,-0.1776099820143764,0.19263109781731214
17,3.8000000000000007,-0.17074930253391152,0.1851933913140682
17,3.8500000000000014,-0.1639858056012451,0.17786039052151847
17,3.9000000000000004,-0.15733411251539975,0.17064802836228377
17,3.950000000000001,-0.15080713887525565,0.16357038169224847
17,4.0,-0.14441616737404095,0.1566397504868544
17,4.050000000000001,-0.1381709273564926,0.1498667444077344
17,4.100000000000001,-0.1320796793160337,0.14326037475860987
17,4.15,-0.12614930271868596,0.13682815006874605
17,4.200000000000001,-0.1203853857410766,0.13057617376184405
17,4.25,-0.11479231569916282,0.1245092425754597
17,4.300000000000001,-0.1093733691208203,0.11863094458913381
17,4.350000000000001,-0.10413080057815005,0.11294375589738026
17,4.4,-0.09906592954393689,0.10744913512610355
17,4.450000000000001,-0.09417922467106843,0.10214761513783688
17,4.5,-0.08947038501422888,0.09703889140281197
17,4.550000000000001,-0.08493841782037892,0.09212190662987507
17,4.600000000000001,-0.08058171260904823,0.08739493135439025
17,4.65,-0.076398111346212,0.08285564027046832
17,4.700000000000001,-0.07238497458724069,0.07850118417302565
17,4.75,-0.06853924352612006,0.07432825744236737
17,4.800000000000001,-0.06485749794060025,0.07033316106107379
17,4.850000000000001,-0.061336010067200686,0.06651186120109465
17,4.9,-0.057970794476680076,0.06286004345882312
17,4.950000000000001,-0.05475765405071131,0.05937316284861538
17,5.0,-0.051692222184664516,0.0560464896914159
17,5.050000000000001,-0.048770001360357806,0.05287515155566891
17,5.100000000000001,-0.045986398247014115,0.04985417142325521
17,5.15,-0.04333675549904603,0.04697850226435096
17,5.200000000000001,-0.04081638042620073,0.04424305821255925
17,5.25,-0.03842057071551386,0.04164274253579148
17,5.300000000000001,-0.03614463738588203,0.039172472599789065
17,5.350000000000001,-0.03398392515520987,0.036827202020152994
17,5.4,-0.0319338303974499,0.034601940195773784
17,5.450000000000001,-0.02998981686254787,0.03249176941183496
17,5.5,-0.028147429326859985,0.030491859694512513
17,5.550000000000001,-0.02640230533493515,0.02859748159222164
17,5.600000000000001,-0.024750185186158458,0.02680401705008295
17,5.65,-0.02318692031156644,0.025106968535364427
17,5.700000000000001,-0.021708480177459855,0.02350196656210679
17,5.75,-0.020310957843368005,0.021984775753215224
17,5.800000000000001,-0.01899057429253892,0.02055129956803725
17,5.850000000000001,-0.017743681643644482,0.019197583813048702
17,5.9,-0.016566765342840295,0.017919819042816254
17,5.950000000000001,-0.015456445425899634,0.01671434194811261
17,6.0,-0.014409476930945964,0.01557763581796845
18,-6.0,-0.005251843707527737,0.005240233093355862
18,-5.95,-0.005468058880718107,0.005441015553012463
18,-5.9,-0.005697711815298323,0.005654333242270937
18,-5.85,-0.005941689782446247,0.005881044755753351
18,-5.8,-0.0062009070964830215,0.006122033667397275
18,-5.75,-0.006476305503993807,0.006378208967521282
18,-5.7,-0.0067688545286030966,0.006650505479607105
18,-5.65,-0.007079551733438105,0.006939884218169823
18,-5.6,-0.007409422864079307,0.0072473326501691915
18,-5.55,-0.007759521835735583,0.007573864823782195
18,-5.5,-0.008130930529347768,0.007920521329707775
18,-5.45,-0.008524758362344453,0.008288369061580703
18,-5.4,-0.008942141600775777,0.008678500743522832
18,-5.35,-0.009384242380609198,0.009092034194243759
18,-5.3,-0.009852247407062809,0.009530111298623467
18,-5.25,-0.010347366302039251,0.009993896659264756
18,-5.2,-0.010870829571048457,0.010484575902173887
18,-5.15,-0.011423886162535535,0.01100335361261795
18,-5.1,-0.012007800594323825,0.011551450879338176
18,-5.05,-0.012623849623950356,0.01213010242771606
18,-5.0,-0.013273318442188042,0.01274055332525137
18,-4.95,-0.01395749637189958,0.013384055245913906
18,-4.9,-0.014677672057772373,0.014061862283537785
18,-4.85,-0.01543512813632919,0.014775226308524125
18,-4.8,-0.01623113538002796,0.015525391866650473
18,-4.75,-0.017066946314165943,0.016313590623817653
18,-4.7,-0.017943788310742725,0.017141035366014634
18,-4.65,-0.018862856169333586,0.018008913569519613
18,-4.6,-0.019825304201314786,0.018918380562463533
18,-4.55,-0.020832237840351375,0.019870552305015998
18,-4.5,-0.021884704808824207,0.020866497821597996
18,-4.45,-0.022983685876555082,0.02190723132435224
18,-4.4,-0.024130085254712608,0.022993704072466592
18,-4.35,-0.025324720673745027,0.02412679601639045
18,-4.3,-0.02656831319942876,0.025307307279364366
18,-4.25,-0.027861476845202127,0.026535949530339664
18,-4.2,-0.029204708041623118,0.027813337302189822
18,-4.15,-0.030598375024501134,0.029139979306394004
18,-4.1,-0.03204270720187763,0.03051626978976607
18,-4.05,-0.03353778455580958,0.03194247996999788
18,-4.0,-0.03508352712793528,0.03341874957406077
18,-3.9499999999999997,-0.03667968462733873,0.03494507848696937
18,-3.9,-0.03832582618542846,0.03652131849741558
18,-3.85,-0.04002133026511423,0.03814716510168559
18,-3.8,-0.04176537471074848,0.03982214929792516
18,-3.75,-0.043556926901360704,0.041545629269938544
18,-3.6999999999999997,-0.045394733943386445,0.043316781823903305
18,-3.65,-0.047277312811333516,0.045134593404095646
18,-3.5999999999999996,-0.0492029403170795,0.04699785047652716
18,-3.55,-0.05116964276269709,0.04890512903472599
18,-3.5,-0.05317518511028929,0.0508547829526651
18,-3.4499999999999997,-0.05521705948833677,0.052844930889661246
18,-3.4,-0.057292472851044884,0.054873441445305815
18,-3.3499999999999996,-0.059398333619411936,0.05693791627402467
18,-3.3,-0.06153123716474074,0.059035670904378446
18,-3.25,-0.06368745005213983,0.06116371307348345
18,-3.1999999999999997,-0.06586289304833404,0.06331871848833925
18,-3.15,-0.06805312301976096,0.06549700406907677
18,-3.0999999999999996,-0.07025331400788781,0.06769449891981472
18,-3.05,-0.0724582379722758,0.06990671351475841
18,-3.0,-0.07466224593971882,0.07212870788279435
18,-2.9499999999999997,-0.0768592505890422,0.07435505992229663
18,-2.9,-0.07904271163172494,0.07657983537491653
18,-2.8499999999999996,-0.08120562571040013,0.07879656142371871
18,-2.8,-0.08334052291731009,0.08099820634236332
18,-2.75,-0.08543947241441963,0.08317716808703723
18,-2.6999999999999997,-0.08749409999128321,0.08532527516316835
18,-2.65,-0.08949562069502415,0.08743380347922303
18,-2.5999999999999996,-0.09143488987211956,0.08949351317785359
18,-2.55,-0.093302476032739,0.0914947095626748
18,-2.5,-0.09508875884097368,0.09342733216593313
18,-2.4499999999999997,-0.09678405520478606,0.09528107567748867
18,-2.4,-0.09837877584828458,0.0970455458324726
18,-2.3499999999999996,-0.09986361386602427,0.09871045239775844
18,-2.3,-0.1012297655693648,0.10026584008678263
18,-2.25,-0.1024691824447237,0.10170235657272908
18,-2.1999999999999997,-0.10357485128609767,0.1030115547966739
18,-2.15,-0.10454109760435859,0.1041862245503733
18,-2.0999999999999996,-0.10536390535265672,0.10522074596236264
18,-2.05,-0.10604124397309889,0.10611145517784681
18,-2.0,-0.1065733919254026,0.10685701037717399
18,-1.9500000000000002,-0.1069632443822417,0.10745874452534787
18,-1.8999999999999995,-0.10721659185043753,0.10792099009170375
18,-1.8499999999999996,-0.10734235626705546,0.1082513606128912
18,-1.7999999999999998,-0.10735277175041058,0.10846097453937142
18,-1.75,-0.1072634987199681,0.10856460838246962
18,-1.7000000000000002,-0.10709366251368335,0.10858076874954614
18,-1.6499999999999995,-0.10686581080379698,0.10853167629303906
18,-1.5999999999999996,-0.10660578781441177,0.10844315866243237
18,-1.5499999999999998,-0.10634252724984461,0.10834445388520297
18,-1.5,-0.10610776954961709,0.10826792977707012
18,-1.4500000000000002,-0.10593571215388531,0.1082487285132121
18,-1.3999999999999995,-0.10586260346649223,0.10832434791236567
18,-1.3499999999999996,-0.10592629179292778,0.10853417190628178
18,-1.2999999999999998,-0.10616573950217267,0.10891896185005745
18,-1.25,-0.10662051001531747,0.10952031775330084
18,-1.1999999999999993,-0.10733023121206209,0.11038011442216478
18,-1.1499999999999995,-0.10833403398894137,0.11153991242435835
18,-1.0999999999999996,-0.10966995976116589,0.11304033850194983
18,-1.0499999999999998,-0.11137432659044255,0.11492042550149217
18,-1.0,-0.11348104126977143,0.11721689901561305
18,-0.9499999999999993,-0.11602084483170294,0.11996339747426821
18,-0.8999999999999995,-0.11902048186529524,0.12318961467407519
18,-0.8499999999999996,-0.12250178938426715,0.12692035831282045
18,-0.7999999999999998,-0.12648070770382258,0.13117452387414796
18,-0.75,-0.13096622216495313,0.13596398845511626
18,-0.6999999999999993,-0.13595924872984955,0.14129243200480723
18,-0.6499999999999995,-0.1414514772077542,0.14715409284146586
18,-0.5999999999999996,-0.1474241835372797,0.15353246097398432
18,-0.5499999999999998,-0.1538470201393729,0.1603989102813297
18,-0.5,-0.1606767969182719,0.16771127593436508
18,-0.4499999999999993,-0.16785628347283998,0.17541240604022557
18,-0.39999999999999947,-0.17531310401010397,0.18342876572880096
18,-0.34999999999999964,-0.1829588648286128,0.19166925251227873
18,-0.2999999999999998,-0.19068874532714414,0.20002448802056016
18,-0.25,-0.19838187876369315,0.20836696195865057
18,-0.1999999999999993,-0.20590291503817923,0.21655248154301288
18,-0.14999999999999947,-0.21310515177945438,0.2244233754869931
18,-0.09999999999999964,-0.21983550318341932,0.23181377215799648
18,-0.04999999999999982,-0.22594133265045135,0.23855699908527161
18,0.0,-0.2312788300089597,0.24449476315232888
18,0.05000000000000071,-0.23572223742442985,0.24948734642245984
18,0.10000000000000053,-0.23917292160139417,0.2534237054716635
18,0.15000000000000036,-0.2415671532394468,0.25623020410441666
18,0.20000000000000018,-0.24288154656463978,0.25787680643710986
18,0.25,-0.24313542377076222,0.2583799007206309
18,0.3000000000000007,-0.24238982686943056,0.2578014311586758
18,0.35000000000000053,-0.24074338976154577,0.25624455948303193
18,0.40000000000000036,-0.23832569514160887,0.2538465362315814
18,0.4500000000000002,-0.23528899886224944,0.2507697495711545
18,0.5,-0.23179928423355534,0.24719200985470924
18,0.5500000000000007,-0.22802753157102323,0.2432970443839464
18,0.6000000000000005,-0.22414190299136572,0.239265973356298
18,0.6500000000000004,-0.2203013054770796,0.23527027742535833
18,0.7000000000000002,-0.21665055576017334,0.23146650417035958
18,0.75,-0.21331716306720272,0.22799273307601986
18,0.8000000000000007,-0.2104095888996188,0.22496664682091883
18,0.8500000000000005,-0.2080167423207886,0.2224849466325241
18,0.9000000000000004,-0.20620842097343794,0.22062379689829997
18,0.9500000000000002,-0.2050364030732501,0.21943997888239575
18,1.0,-0.20453592227786144,0.2189724624490277
18,1.0500000000000007,-0.20472730372672654,0.2192441551195155
18,1.1000000000000005,-0.2056175950275927,0.22026364798902326
18,1.1500000000000004,-0.20720208197708512,0.2220268387397268
18,1.2000000000000002,-0.20946562927057122,0.22451836665947622
18,1.25,-0.21238382774542874,0.22771283930806036
18,1.3000000000000007,-0.21592396029032024,0.23157586364486404
18,1.3500000000000005,-0.22004581853790728,0.23606491615774394
18,1.4000000000000004,-0.224702413013242,0.24113009808049612
18,1.4500000000000002,-0.22984062228889568,0.24671482504058476
18,1.5,-0.23540182384022845,0.25275649752076707
18,1.5500000000000007,-0.24132254255253116,0.25918719133445123
18,1.6000000000000005,-0.24753514381472774,0.2659343976312296
18,1.6500000000000004,-0.25396858814253265,0.2729218311645095
18,1.7000000000000002,-0.26054925429905573,0.28007031473820543
18,1.75,-0.2672018286405954,0.2872987376844113
18,1.8000000000000007,-0.2738502504016175,0.2945250774499154
18,1.8500000000000005,-0.280418696158965,0.30166746623747354
18,1.9000000000000004,-0.28683258195422057,0.30864527935893477
18,1.9500000000000002,-0.2930195585650939,0.3153802185904071
18,2.0,-0.29891047416808836,0.3217973623502305
18,2.0500000000000007,-0.3044402790110361,0.32782615483395283
18,2.0999999999999996,-0.30954884853183895,0.33340130814410396
18,2.1500000000000004,-0.31418170437906934,0.33846359468925047
18,2.200000000000001,-0.3182906167301369,0.34296051139191697
18,2.25,-0.3218340758598752,0.3468468022064185
18,2.3000000000000007,-0.3247776257792161,0.350084830767432
18,2.3499999999999996,-0.32709405764824173,0.35264480034589446
18,2.4000000000000004,-0.32876346531044365,0.3545048233924691
18,2.450000000000001,-0.3297731694807051,0.35565084756145904
18,2.5,-0.33011752068689737,0.3560764490492449
18,2.5500000000000007,-0.3297975939089386,0.35578250723281307
18,2.5999999999999996,-0.32882078992981856,0.354776776898481
18,2.6500000000000004,-0.3272003597101565,0.35307337580625364
18,2.700000000000001,-0.32495486866306833,0.3506922059857181
18,2.75,-0.3221076176131472,0.3476583270849619
18,2.8000000000000007,-0.31868603656835504,0.3440012993996249
18,2.8499999999999996,-0.31472106632502905,0.3397545130137342
18,2.9000000000000004,-0.31024654147658315,0.3349545179110095
18,2.950000000000001,-0.30529858671524646,0.32964036808509456
18,3.0,-0.29991503650425866,0.32385299070083856
18,3.0500000000000007,-0.29413488634411533,0.31763458933399685
18,3.0999999999999996,-0.28799778203502013,0.3110280883255443
18,3.1500000000000004,-0.28154355160788036,0.30407662339442953
18,3.200000000000001,-0.274811783002078,0.29682308190781126
18,3.25,-0.26784144913999475,0.2893096946439154
18,3.3000000000000007,-0.2606705808036234,0.2815776795193212
18,3.3499999999999996,-0.25333598666457635,0.27366693659761965
18,3.4000000000000004,-0.24587301895385938,0.2656157927484508
18,3.450000000000001,-0.23831538257377538,0.2574607935760004
18,3.5,-0.23069498493799045,0.24923653966980241
18,3.5500000000000007,-0.22304182346095924,0.24097556383028196
18,3.6000000000000014,-0.21538390738626112,0.2327082456670052
18,3.6500000000000004,-0.20774721052609824,0.22446275983833186
18,3.700000000000001,-0.2001556514625502,0.21626505417665798
18,3.75,-0.19263109781731202,0.20813885400408716
18,3.8000000000000007,-0.1851933913140682,0.20010568907116677
18,3.8500000000000014,-0.17786039052151814,0.19218493972989803
18,3.9000000000000004,-0.170648028362284,0.18439389916730797
18,3.950000000000001,-0.16357038169224802,0.17674784876516547
18,4.0,-0.1566397504868542,0.169260143904431
18,4.050000000000001,-0.1498667444077344,0.161942307791463
18,4.100000000000001,-0.14326037475860964,0.1548041311398909
18,4.15,-0.13682815006874582,0.14785377579218206
18,4.200000000000001,-0.13057617376184316,0.14109788060433082
18,4.25,-0.12450924257545992,0.134541668142933
18,4.300000000000001,-0.11863094458913404,0.12818905095425848
18,4.350000000000001,-0.1129437558973807,0.12204273635879925
18,4.4,-0.10744913512610355,0.11610432890153977
18,4.450000000000001,-0.10214761513783666,0.11037442974800471
18,4.5,-0.09703889140281197,0.10485273245927496
18,4.550000000000001,-0.0921219066298753,0.09953811470636609
18,4.600000000000001,-0.08739493135439069,0.09442872559642379
18,4.65,-0.08285564027046854,0.08952206838112642
18,4.700000000000001,-0.07850118417302543,0.08481507840253899
18,4.75,-0.07432825744236693,0.08030419620451723
18,4.800000000000001,-0.07033316106107401,0.07598543579965766
18,4.850000000000001,-0.06651186120109465,0.07185444813389408
18,4.9,-0.06286004345882334,0.06790657983400505
18,4.950000000000001,-0.05937316284861538,0.06413692735863119
18,5.0,-0.05604648969141568,0.06054038670170114
18,5.050000000000001,-0.05287515155566869,0.05711169881931011
18,5.100000000000001,-0.04985417142325499,0.05384549096781677
18,5.15,-0.04697850226435074,0.05073631415294866
18,5.200000000000001,-0.04424305821255947,0.04777867689763915
18,5.25,-0.04164274253579103,0.04496707554072721
18,5.300000000000001,-0.03917247259978884,0.0422960212800485
18,5.350000000000001,-0.036827202020153216,0.03976006417227573
18,5.4,-0.034601940195774006,0.03735381429854301
18,5.450000000000001,-0.0324917694118354,0.03507196029969473
18,5.5,-0.030491859694512957,0.032909285478373684
18,5.550000000000001,-0.02859748159222164,0.030860681657200573
18,5.600000000000001,-0.02680401705008295,0.02892116097337416
18,5.65,-0.025106968535364427,0.02708586578027905
18,5.700000000000001,-0.02350196656210679,0.025350076816286427
18,5.75,-0.021984775753215224,0.023709219790100544
18,5.800000000000001,-0.02055129956803725,0.022158870520810225
18,5.850000000000001,-0.019197583813048258,0.0206947587594839
18,5.9,-0.017919819042816254,0.01931277080773519
18,5.950000000000001,-0.016714341948112388,0.01800895103746658
18,6.0,-0.015577635817968005,0.01677950240502435
19,-6.0,-0.005240233093357194,0.005194914779152349
19,-5.95,-0.0054410155530115745,0.0053772596581644905
19,-5.9,-0.005654333242272269,0.005571056604302349
19,-5.85,-0.0058810447557520185,0.005777126952029477
19,-5.8,-0.006122033667397275,0.0059963145610382185
19,-5.75,-0.0063782089675208375,0.006229486304010656
19,-5.7,-0.006650505479607105,0.00647753256107908
19,-5.65,-0.006939884218169823,0.0067413676817853485
19,-5.6,-0.007247332650168747,0.007021930376891028
19,-5.55,-0.007573864823781751,0.007320184004136365
19,-5.5,-0.00792052132970733,0.007637116713858916
19,-5.45,-0.008288369061580703,0.007973741422243386
19,-5.4,-0.008678500743523276,0.008331095581826986
19,-5.35,-0.009092034194243315,0.008710240720698259
19,-5.3,-0.009530111298623467,0.009112261723831061
19,-5.25,-0.0099938966592652,0.009538265831833037
19,-5.2,-0.010484575902174775,0.009989381334580827
19,-5.15,-0.011003353612617506,0.010466755939407157
19,-5.1,-0.011551450879337732,0.01097155479603007
19,-5.05,-0.01213010242771606,0.011504958163151002
19,-5.0,-0.01274055332525137,0.012068158704781062
19,-4.95,-0.013384055245913462,0.012662358407816043
19,-4.9,-0.014061862283537785,0.013288765116264756
19,-4.85,-0.01477522630852457,0.013948588681814478
19,-4.8,-0.015525391866650029,0.014643036735161097
19,-4.75,-0.016313590623817653,0.015373310087566594
19,-4.7,-0.017141035366015522,0.016140597777560828
19,-4.65,-0.01800891356952139,0.016946071783307204
19,-4.6,-0.018918380562463977,0.017790881426921423
19,-4.55,-0.019870552305015998,0.018676147502685758
19,-4.5,-0.020866497821597108,0.019602956166489882
19,-4.45,-0.02190723132435224,0.02057235262875068
19,-4.4,-0.022993704072465704,0.02158533469695101
19,-4.35,-0.024126796016390895,0.02264284621684709
19,-4.3,-0.025307307279364366,0.02374577046248927
19,-4.25,-0.026535949530338776,0.02489492352429945
19,-4.2,-0.027813337302190266,0.026091047741037876
19,-4.15,-0.029139979306394448,0.027334805214911384
19,-4.1,-0.03051626978976696,0.028626771438950982
19,-4.05,-0.03194247996999744,0.029967429051698247
19,-4.0,-0.03341874957406121,0.03135716171542402
19,-3.9499999999999997,-0.03494507848696937,0.03279624809067627
19,-3.9,-0.03652131849741602,0.03428485585126495
19,-3.85,-0.03814716510168559,0.03582303565015099
19,-3.8,-0.039822149297924714,0.037410714908159726
19,-3.75,-0.04154562926993943,0.03904769125467755
19,-3.6999999999999997,-0.04331678182390286,0.04073362540348713
19,-3.65,-0.045134593404095646,0.042468033199094535
19,-3.5999999999999996,-0.046997850476526715,0.0442502765214936
19,-3.55,-0.04890512903472599,0.04607955269294184
19,-3.5,-0.0508547829526651,0.04795488199255571
19,-3.4499999999999997,-0.052844930889661246,0.04987509285762792
19,-3.4,-0.054873441445305815,0.05183880433955679
19,-3.3499999999999996,-0.05693791627402511,0.053844405393125516
19,-3.3,-0.059035670904378,0.05589003061690345
19,-3.25,-0.06116371307348345,0.05797353213697809
19,-3.1999999999999997,-0.06331871848833925,0.060092447443184316
19,-3.15,-0.06549700406907721,0.06224396315347036
19,-3.0999999999999996,-0.0676944989198156,0.06442487490456017
19,-3.05,-0.06990671351475841,0.06663154385037018
19,-3.0,-0.07212870788279435,0.06885985059660626
19,-2.9499999999999997,-0.07435505992229618,0.0711051478100897
19,-2.9,-0.07657983537491653,0.07336221321001801
19,-2.8499999999999996,-0.07879656142371916,0.07562520516549975
19,-2.8,-0.08099820634236332,0.07788762367280011
19,-2.75,-0.08317716808703679,0.08014228004301005
19,-2.6999999999999997,-0.08532527516316879,0.08238127916419868
19,-2.65,-0.08743380347922303,0.08459601867142519
19,-2.5999999999999996,-0.08949351317785403,0.08677720971517333
19,-2.55,-0.09149470956267525,0.08891492420944536
19,-2.5,-0.09342733216593313,0.09099867340652068
19,-2.4499999999999997,-0.09528107567748867,0.09301752232774563
19,-2.4,-0.0970455458324726,0.09496024392505298
19,-2.3499999999999996,-0.09871045239775844,0.09681551581377246
19,-2.3,-0.10026584008678263,0.09857216098001054
19,-2.25,-0.10170235657272908,0.10021943202799743
19,-2.1999999999999997,-0.10301155479667434,0.10174733633082811
19,-2.15,-0.1041862245503733,0.10314699695849505
19,-2.0999999999999996,-0.10522074596236242,0.10441104159977543
19,-2.05,-0.10611145517784681,0.10553400903208976
19,-2.0,-0.10685701037717421,0.10651276022532441
19,-1.9500000000000002,-0.10745874452534787,0.10734687911617025
19,-1.8999999999999995,-0.10792099009170375,0.1080390466895409
19,-1.8499999999999996,-0.1082513606128912,0.10859537146615228
19,-1.7999999999999998,-0.10846097453937187,0.10902565998779545
19,-1.75,-0.10856460838247006,0.1093436125066023
19,-1.7000000000000002,-0.10858076874954659,0.1095669318130974
19,-1.6499999999999995,-0.10853167629303884,0.10971733685081597
19,-1.5999999999999996,-0.10844315866243215,0.10982047720577359
19,-1.5499999999999998,-0.10834445388520297,0.10990574934982345
19,-1.5,-0.10826792977706967,0.11000602018638128
19,-1.4500000000000002,-0.1082487285132121,0.11015726747275068
19,-1.3999999999999995,-0.10832434791236567,0.11039814956320049
19,-1.3499999999999996,-0.10853417190628156,0.1107695182000108
19,-1.2999999999999998,-0.10891896185005745,0.11131388750331217
19,-1.25,-0.1095203177533004,0.11207486982948778
19,-1.1999999999999993,-0.11038011442216522,0.11309658501619024
19,-1.1499999999999995,-0.11153991242435835,0.11442304423957417
19,-1.0999999999999996,-0.11304033850194983,0.11609750406993857
19,-1.0499999999999998,-0.11492042550149184,0.11816178128804844
19,-1.0,-0.11721689901561272,0.12065551558297294
19,-0.9499999999999993,-0.11996339747426843,0.1236153661399848
19,-0.8999999999999995,-0.12318961467407497,0.12707412961851938
19,-0.8499999999999996,-0.12692035831282056,0.13105977070295238
19,-0.7999999999999998,-0.13117452387414774,0.1355943611069459
19,-0.75,-0.13596398845511626,0.14069292686420543
19,-0.6999999999999993,-0.14129243200480757,0.14636220513712006
19,-0.6499999999999995,-0.14715409284146574,0.15259930968866176
19,-0.5999999999999996,-0.153532460973984,0.15939029971823793
19,-0.5499999999999998,-0.16039891028132947,0.16670864423798148
19,-0.5,-0.16771127593436524,0.17451358143365114
19,-0.4499999999999993,-0.1754124060402258,0.18274840004812476
19,-0.39999999999999947,-0.1834287657288008,0.19133872802051743
19,-0.34999999999999964,-0.19166925251227862,0.20019100736156026
19,-0.2999999999999998,-0.20002448802056028,0.2091914567807589
19,-0.25,-0.20836696195865054,0.2182059508826384
19,-0.1999999999999993,-0.216552481543013,0.22708133434319033
19,-0.14999999999999947,-0.22442337548699312,0.23564868732904753
19,-0.09999999999999964,-0.23181377215799637,0.24372891571880428
19,-0.04999999999999982,-0.23855699908527164,0.2511407365600029
19,0.0,-0.24449476315232888,0.2577106962956981
19,0.05000000000000071,-0.2494873464224598,0.2632843843805791
19,0.10000000000000053,-0.25342370547166343,0.26773761475570246
19,0.15000000000000036,-0.25623020410441666,0.27098616683487065
19,0.20000000000000018,-0.25787680643710986,0.2729927800142363
19,0.25,-0.2583799007206309,0.2737704719414692
19,0.3000000000000007,-0.2578014311586758,0.27338180938113843
19,0.35000000000000053,-0.2562445594830318,0.27193436203890187
19,0.40000000000000036,-0.25384653623158143,0.2695730767485339
19,0.4500000000000002,-0.25076974957115444,0.2664706288395463
19,0.5,-0.24719200985470913,0.2628169089926702
19,0.5500000000000007,-0.24329704438394645,0.25880871338217426
19,0.6000000000000005,-0.23926597335629807,0.2546404824136811
19,0.6500000000000004,-0.2352702774253584,0.25049664816015305
19,0.7000000000000002,-0.2314665041703597,0.24654586272319118
19,0.75,-0.22799273307601992,0.24293713096591063
19,0.8000000000000007,-0.22496664682091871,0.23979768367974597
19,0.8500000000000005,-0.2224849466325241,0.23723230748268131
19,0.9000000000000004,-0.22062379689830003,0.23532379068749737
19,0.9500000000000002,-0.21943997888239586,0.2341341386683911
19,1.0,-0.21897246244902768,0.23370624379867533
19,1.0500000000000007,-0.21924415511951545,0.23406574963679716
19,1.1000000000000005,-0.22026364798902331,0.23522291412324953
19,1.1500000000000004,-0.22202683873972684,0.2371743421225691
19,1.2000000000000002,-0.2245183666594761,0.23990451666445872
19,1.25,-0.2277128393080604,0.2433871065324874
19,1.3000000000000007,-0.23157586364486393,0.2475860636940371
19,1.3500000000000005,-0.23606491615774383,0.25245654759720515
19,1.4000000000000004,-0.241130098080496,0.25794572594278864
19,1.4500000000000002,-0.24671482504058473,0.2639935051920618
19,1.5,-0.2527564975207671,0.2705332410194471
19,1.5500000000000007,-0.25918719133445134,0.27749247128710924
19,1.6000000000000005,-0.2659343976312296,0.28479370375241125
19,1.6500000000000004,-0.2729218311645094,0.2923552791179513
19,1.7000000000000002,-0.28007031473820543,0.3000923183496691
19,1.75,-0.28729873768441117,0.30791775226659723
19,1.8000000000000007,-0.2945250774499153,0.3157434218387503
19,1.8500000000000005,-0.3016674662374733,0.3234812298085562
19,1.9000000000000004,-0.3086452793589347,0.33104431840707804
19,1.9500000000000002,-0.3153802185904071,0.3383482441680036
19,2.0,-0.3217973623502304,0.3453121191359939
19,2.0500000000000007,-0.32782615483395294,0.3518596880073745
19,2.0999999999999996,-0.33340130814410396,0.3579203127286623
19,2.1500000000000004,-0.33846359468925047,0.36342983953732483
19,2.200000000000001,-0.34296051139191697,0.3683313280301194
19,2.25,-0.34684680220641884,0.372575627225699
19,2.3000000000000007,-0.350084830767432,0.3761217893798367
19,2.3499999999999996,-0.3526448003458944,0.3789373181592673
19,2.4000000000000004,-0.354504823392469,0.3809982533661012
19,2.450000000000001,-0.35565084756145926,0.382289099464659
19,2.5,-0.35607644904924496,0.38280260949596434
19,2.5500000000000007,-0.3557825072328131,0.3825394394398523
19,2.5999999999999996,-0.35477677689848086,0.3815076906355583
19,2.6500000000000004,-0.35307337580625386,0.37972235949434796
19,2.700000000000001,-0.35069220598571804,0.37720471447922205
19,2.75,-0.347658327084962,0.37398162027342124
19,2.8000000000000007,-0.34400129939962487,0.37008482832551215
19,2.8499999999999996,-0.33975451301373427,0.3655502516739781
19,2.9000000000000004,-0.3349545179110096,0.3604172402535254
19,2.950000000000001,-0.32964036808509456,0.35472787090040353
19,3.0,-0.3238529907008385,0.3485262641266826
19,3.0500000000000007,-0.3176345893339969,0.34185793753075056
19,3.0999999999999996,-0.31102808832554407,0.3347692035432518
19,3.1500000000000004,-0.30407662339442965,0.32730661714590165
19,3.200000000000001,-0.29682308190781126,0.3195164772987036
19,3.25,-0.2893096946439151,0.31144438410568565
19,3.3000000000000007,-0.281577679519321,0.3031348522621318
19,3.3499999999999996,-0.27366693659761965,0.2946309800661752
19,3.4000000000000004,-0.2656157927484508,0.2859741722430511
19,3.450000000000001,-0.25746079357600027,0.2772039140115834
19,3.5,-0.24923653966980241,0.26835759320409847
19,3.5500000000000007,-0.24097556383028218,0.25947036681341795
19,3.6000000000000014,-0.23270824566700532,0.2505750680622296
19,3.6500000000000004,-0.22446275983833175,0.24170214994832895
19,3.700000000000001,-0.2162650541766582,0.23287966119169845
19,3.75,-0.20813885400408716,0.22413325057470035
19,3.8000000000000007,-0.20010568907116721,0.2154861958052079
19,3.8500000000000014,-0.19218493972989803,0.20695945322638287
19,3.9000000000000004,-0.18439389916730797,0.19857172493047193
19,3.950000000000001,-0.17674784876516547,0.1903395400940071
19,4.0,-0.16926014390443056,0.18227734762676995
19,4.050000000000001,-0.161942307791463,0.17439761750767901
19,4.100000000000001,-0.1548041311398911,0.16671094845987755
19,4.15,-0.1478537757921825,0.15922617988899423
19,4.200000000000001,-0.14109788060433104,0.15195050626853823
19,4.25,-0.13454166814293345,0.14488959240158228
19,4.300000000000001,-0.12818905095425848,0.13804768821619362
19,4.350000000000001,-0.12204273635879881,0.13142774196240636
19,4.4,-0.11610432890153977,0.12503151087024467
19,4.450000000000001,-0.11037442974800449,0.1188596685015717
19,4.5,-0.10485273245927473,0.11291190818361807
19,4.550000000000001,-0.09953811470636698,0.10718704204985285
19,4.600000000000001,-0.09442872559642357,0.10168309533514841
19,4.65,-0.0895220683811262,0.0963973956781865
19,4.700000000000001,-0.08481507840253855,0.09132665727578115
19,4.75,-0.08030419620451745,0.08646705981256986
19,4.800000000000001,-0.07598543579965833,0.08181432215635165
19,4.850000000000001,-0.07185444813389452,0.07736377086559965
19,4.9,-0.0679065798340055,0.07311040360222654
19,4.950000000000001,-0.06413692735863075,0.06904894758075741
19,5.0,-0.060540386701701365,0.06517391321552024
19,5.050000000000001,-0.05711169881931033,0.06147964315128118
19,5.100000000000001,-0.05384549096781699,0.05796035688069967
19,5.15,-0.050736314152948214,0.05461019116483823
19,5.200000000000001,-0.04777867689763937,0.05142323648143976
19,5.25,-0.04496707554072765,0.04839356973032194
19,5.300000000000001,-0.04229602128004828,0.045515283426661
19,5.350000000000001,-0.03976006417227573,0.04278251161157942
19,5.4,-0.03735381429854323,0.040189452705757356
19,5.450000000000001,-0.03507196029969473,0.03773038952612695
19,5.5,-0.032909285478373906,0.03539970667844283
19,5.550000000000001,-0.030860681657199684,0.03319190552987217
19,5.600000000000001,-0.028921160973374604,0.031101616956032307
19,5.65,-0.02708586578027905,0.02912361204630942
19,5.700000000000001,-0.025350076816286204,0.02725281093999854
19,5.75,-0.023709219790100544,0.025484289954022854
19,5.800000000000001,-0.022158870520810225,0.023813287150856732
19,5.850000000000001,-0.0206947587594839,0.022235206482951186
19,5.9,-0.01931277080773519,0.020745620637597106
19,5.950000000000001,-0.01800895103746658,0.01934027269396088
19,6.0,-0.016779502405024793,0.018015076692114773
20,-6.0,-0.0051949147791514605,0.005115888764913201
20,-5.95,-0.0053772596581644905,0.0052767911961772995
20,-5.9,-0.005571056604302793,0.005447881901390339
20,-5.85,-0.005777126952028588,0.00562993637127196
20,-5.8,-0.005996314561037774,0.005823749777404075
20,-5.75,-0.006229486304010212,0.006030137513461931
20,-5.7,-0.006477532561078192,0.0062499357730168015
20,-5.65,-0.006741367681785793,0.006484002124284238
20,-5.6,-0.007021930376891916,0.006733216044247925
20,-5.55,-0.007320184004136365,0.006998479376798983
20,-5.5,-0.007637116713858916,0.0072807166818016356
20,-5.45,-0.007973741422244718,0.007580875444335611
20,-5.4,-0.008331095581826098,0.007899926115684686
20,-5.35,-0.008710240720698259,0.008238861959973143
20,-5.3,-0.009112261723831061,0.008598698682686035
20,-5.25,-0.009538265831832593,0.008980473819741874
20,-5.2,-0.009989381334580383,0.009385245868264391
20,-5.15,-0.010466755939407157,0.00981409314290449
20,-5.1,-0.010971554796030514,0.010268112344403058
20,-5.05,-0.011504958163151446,0.010748416830257845
20,-5.0,-0.012068158704781062,0.011256134580776234
20,-4.95,-0.012662358407816043,0.011792405857608657
20,-4.9,-0.013288765116264756,0.012358380555951065
20,-4.85,-0.013948588681814922,0.01295521525619936
20,-4.8,-0.014643036735161985,0.01358406998556383
20,-4.75,-0.015373310087567038,0.014246104705414098
20,-4.7,-0.016140597777560384,0.014942475545375977
20,-4.65,-0.01694607178330676,0.015674330810690584
20,-4.6,-0.017790881426921867,0.016442806794689346
20,-4.55,-0.018676147502685314,0.017249023433359767
20,-4.5,-0.019602956166490326,0.018094079843502975
20,-4.45,-0.02057235262875068,0.01897904978974907
20,-4.4,-0.021585334696950564,0.0199049771281663
20,-4.35,-0.022642846216848422,0.02087287127511761
20,-4.3,-0.023745770462490157,0.0218837027488048
20,-4.25,-0.024894923524299006,0.02293839882708415
20,-4.2,-0.026091047741037876,0.024037839358165947
20,-4.15,-0.027334805214910496,0.025182852750051055
20,-4.1,-0.028626771438950982,0.026374212149429255
20,-4.05,-0.02996742905169869,0.027612631800911558
20,-4.0,-0.03135716171542402,0.02889876355202503
20,-3.9499999999999997,-0.03279624809067627,0.030233193438457207
20,-3.9,-0.034284855851264506,0.03161643824697169
20,-3.85,-0.03582303565015099,0.03304894191051044
20,-3.8,-0.037410714908159726,0.0345310715414513
20,-3.75,-0.03904769125467711,0.036063112855578616
20,-3.6999999999999997,-0.04073362540348713,0.0376452646821388
20,-3.65,-0.04246803319909498,0.03927763219632974
20,-3.5999999999999996,-0.0442502765214936,0.04096021845198017
20,-3.55,-0.046079552692941395,0.04269291373734374
20,-3.5,-0.04795488199255615,0.04447548222996289
20,-3.4499999999999997,-0.04987509285762792,0.04630754539223503
20,-3.4,-0.05183880433955679,0.048188561533798246
20,-3.3499999999999996,-0.053844405393125516,0.050117800976715365
20,-3.3,-0.05589003061690301,0.052094316302314425
20,-3.25,-0.05797353213697809,0.05411690724262286
20,-3.1999999999999997,-0.060092447443184316,0.056184079912871
20,-3.15,-0.06224396315346992,0.05829400027294085
20,-3.0999999999999996,-0.06442487490455973,0.06044444196212062
20,-3.05,-0.06663154385036973,0.06263272897910932
20,-3.0,-0.06885985059660582,0.06485567408115367
20,-2.9499999999999997,-0.0711051478100897,0.0671095142524214
20,-2.9,-0.07336221321001801,0.06938984513702984
20,-2.8499999999999996,-0.07562520516549975,0.07169155693574236
20,-2.8,-0.07788762367280055,0.07400877490861957
20,-2.75,-0.0801422800430105,0.07633480828233896
20,-2.6999999999999997,-0.08238127916419868,0.07866211199437467
20,-2.65,-0.08459601867142519,0.08098226627162974
20,-2.5999999999999996,-0.08677720971517289,0.0832859794840779
20,-2.55,-0.08891492420944536,0.0855631199730511
20,-2.5,-0.09099867340652024,0.08780278256273633
20,-2.4499999999999997,-0.09301752232774563,0.08999339515555649
20,-2.4,-0.09496024392505298,0.09212287012602749
20,-2.3499999999999996,-0.0968155158137729,0.09417880411406676
20,-2.3,-0.09857216098001143,0.0961487282490503
20,-2.25,-0.10021943202799721,0.09802040881052854
20,-2.1999999999999997,-0.10174733633082789,0.09978219588855985
20,-2.15,-0.10314699695849461,0.10142341482872252
20,-2.0999999999999996,-0.10441104159977543,0.10293479226489488
20,-2.05,-0.10553400903208998,0.10430890553582861
20,-2.0,-0.10651276022532441,0.10554064146985365
20,-1.9500000000000002,-0.10734687911617091,0.10662764815470949
20,-1.8999999999999995,-0.1080390466895409,0.10757076164394874
20,-1.8499999999999996,-0.10859537146615272,0.10837438882683958
20,-1.7999999999999998,-0.10902565998779568,0.109046828095682
20,-1.75,-0.10934361250660207,0.1096005110923639
20,-1.7000000000000002,-0.10956693181309696,0.11005215170433313
20,-1.6499999999999995,-0.10971733685081597,0.1104227924771286
20,-1.5999999999999996,-0.1098204772057727,0.11073774344443343
20,-1.5499999999999998,-0.10990574934982367,0.11102641364370669
20,-1.5,-0.11000602018638128,0.11132204077755148
20,-1.4500000000000002,-0.11015726747275112,0.11166132903250237
20,-1.3999999999999995,-0.11039814956320049,0.1120840084189978
20,-1.3499999999999996,-0.1107695182000108,0.11263233067411527
20,-1.2999999999999998,-0.11131388750331195,0.11335051646193728
20,-1.25,-0.11207486982948756,0.11428416624387872
20,-1.1999999999999993,-0.11309658501619002,0.11547964299413671
20,-1.1499999999999995,-0.11442304423957439,0.11698342943458995
20,-1.0999999999999996,-0.11609750406993857,0.11884145646513122
20,-1.0499999999999998,-0.11816178128804866,0.1210983939501129
20,-1.0,-0.12065551558297283,0.12379689097185165
20,-0.9499999999999993,-0.12361536613998458,0.12697675082885151
20,-0.8999999999999995,-0.12707412961851927,0.1306740266986277
20,-0.8499999999999996,-0.1310597707029525,0.13492002655466262
20,-0.7999999999999998,-0.13559436110694578,0.1397402194022166
20,-0.75,-0.14069292686420576,0.14515303739222118
20,-0.6999999999999993,-0.14636220513712017,0.15116856812678736
20,-0.6499999999999995,-0.15259930968866187,0.1577871277493419
20,-0.5999999999999996,-0.15939029971823793,0.16499769977004086
20,-0.5499999999999998,-0.1667086442379816,0.17277622200932896
20,-0.5,-0.17451358143365137,0.18108371341613028
20,-0.4499999999999993,-0.18274840004812487,0.18986426549653745
20,-0.39999999999999947,-0.1913387280205175,0.19904299088525446
20,-0.34999999999999964,-0.2001910073615606,0.2085241293764586
20,-0.2999999999999998,-0.209191456780759,0.2181896516077404
20,-0.25,-0.2182059508826381,0.2278988455356561
20,-0.1999999999999993,-0.22708133434319033,0.23748947343871096
20,-0.14999999999999947,-0.2356486873290478,0.24678108730561799
20,-0.09999999999999964,-0.24372891571880426,0.2555809338658428
20,-0.04999999999999982,-0.2511407365600029,0.263692545074645
20,0.0,-0.257710696295698,0.2709266294390673
20,0.05000000000000071,-0.26328438438057905,0.27711335129878734
20,0.10000000000000053,-0.26773761475570224,0.28211464945351006
20,0.15000000000000036,-0.2709861668348708,0.2858350414308093
20,0.20000000000000018,-0.27299278001423655,0.2882294672960196
20,0.25,-0.2737704719414693,0.2893071374332774
20,0.3000000000000007,-0.27338180938113854,0.2891309615368187
20,0.35000000000000053,-0.2719343620389018,0.28781279742915555
20,0.40000000000000036,-0.2695730767485339,0.28550531669246626
20,0.4500000000000002,-0.26647062883954614,0.2823916366674245
20,0.5,-0.2628169089926702,0.2786739816474384
20,0.5500000000000007,-0.25880871338217426,0.27456253856570656
20,0.6000000000000005,-0.25464048241368115,0.2702654301635151
20,0.6500000000000004,-0.25049664816015293,0.2659804176814633
20,0.7000000000000002,-0.2465458627231913,0.26188863141866797
20,0.75,-0.24293713096591063,0.2581503567368753
20,0.8000000000000007,-0.2397976836797459,0.25490269947610017
20,0.8500000000000005,-0.23723230748268126,0.25225882487126017
20,0.9000000000000004,-0.23532379068749743,0.2503084023410307
20,0.9500000000000002,-0.2341341386683911,0.24911888243123592
20,1.0,-0.23370624379867522,0.24873726632680415
20,1.0500000000000007,-0.23406574963679716,0.24919208727857167
20,1.1000000000000005,-0.23522291412324947,0.25049539343027166
20,1.1500000000000004,-0.23717434212256916,0.25264459212561213
20,1.2000000000000002,-0.23990451666445878,0.2556240792855193
20,1.25,-0.2433871065324874,0.2594066294187103
20,1.3000000000000007,-0.24758606369403713,0.26395456043783966
20,1.3500000000000005,-0.25245654759720504,0.269220712856291
20,1.4000000000000004,-0.25794572594278864,0.27514929660011955
20,1.4500000000000002,-0.2639935051920618,0.2816766627433268
20,1.5,-0.2705332410194471,0.28873205433626814
20,1.5500000000000007,-0.2774924712871094,0.29623838241050504
20,1.6000000000000005,-0.2847937037524112,0.30411306217827294
20,1.6500000000000004,-0.2923552791179511,0.312268932002858
20,1.7000000000000002,-0.3000923183496691,0.32061526513344607
20,1.75,-0.30791775226659746,0.3290588723871529
20,1.8000000000000007,-0.31574342183875026,0.33750528356812215
20,1.8500000000000005,-0.3234812298085563,0.34585998687221303
20,1.9000000000000004,-0.33104431840707815,0.35402969909865056
20,1.9500000000000002,-0.33834824416800346,0.3619236352978835
20,2.0,-0.345312119135994,0.36945474452537863
20,2.0500000000000007,-0.35185968800737444,0.37654087853130075
20,2.0999999999999996,-0.3579203127286623,0.383105862285514
20,2.1500000000000004,-0.363429839537325,0.3890804389232929
20,2.200000000000001,-0.36833132803011925,0.3944030666447439
20,2.25,-0.37257562722569904,0.3990205509177165
20,2.3000000000000007,-0.37612178937983676,0.4028885016164304
20,2.3499999999999996,-0.37893731815926723,0.40597161108835983
20,2.4000000000000004,-0.38099825336610116,0.40824375523134004
20,2.450000000000001,-0.38228909946465905,0.4096879251903048
20,2.5,-0.38280260949596423,0.41029600202705563
20,2.5500000000000007,-0.38253943943985225,0.41006839053005667
20,2.5999999999999996,-0.38150769063555834,0.40901353114105016
20,2.6500000000000004,-0.37972235949434796,0.40714731077443916
20,2.700000000000001,-0.3772047144792219,0.40449239414358085
20,2.75,-0.3739816202734212,0.40107749717852503
20,2.8000000000000007,-0.37008482832551226,0.39693662334601654
20,2.8499999999999996,-0.3655502516739779,0.3921082823057605
20,2.9000000000000004,-0.3604172402535255,0.38663470850413123
20,2.950000000000001,-0.35472787090040336,0.3805610951611737
20,3.0,-0.34852626412668264,0.37393485678179056
20,3.0500000000000007,-0.34185793753075044,0.36680493093437655
20,3.0999999999999996,-0.3347692035432519,0.3592211276881425
20,3.1500000000000004,-0.3273066171459016,0.35123353286229686
20,3.200000000000001,-0.3195164772987036,0.34289196917475495
20,3.25,-0.31144438410568553,0.33424551752530557
20,3.3000000000000007,-0.303134852262132,0.32534209903205497
20,3.3499999999999996,-0.29463098006617505,0.31622811707024295
20,3.4000000000000004,-0.2859741722430511,0.30694815743766113
20,3.450000000000001,-0.2772039140115834,0.2975447438805247
20,3.5,-0.26835759320409824,0.2880581455408787
20,3.5500000000000007,-0.25947036681341773,0.2785262324103679
20,3.6000000000000014,-0.25057506806222984,0.26898437457193425
20,3.6500000000000004,-0.24170214994832873,0.25946538085608895
20,3.700000000000001,-0.23287966119169834,0.2499994725076723
20,3.75,-0.22413325057470002,0.24061428752915237
20,3.8000000000000007,-0.21548619580520811,0.23133491151619134
20,3.8500000000000014,-0.20695945322638298,0.2221839310109739
20,3.9000000000000004,-0.19857172493047193,0.21318150565177607
20,3.950000000000001,-0.1903395400940071,0.2043454556787736
20,4.0,-0.18227734762677006,0.19569136165387158
20,4.050000000000001,-0.17439761750767868,0.1872326735563823
20,4.100000000000001,-0.16671094845987788,0.1789808267185694
20,4.15,-0.15922617988899468,0.17094536235918245
20,4.200000000000001,-0.151950506268538,0.16313405075446563
20,4.25,-0.1448895924015825,0.15555301535140753
20,4.300000000000001,-0.13804768821619384,0.14820685637494013
20,4.350000000000001,-0.13142774196240614,0.14109877270820093
20,4.4,-0.12503151087024422,0.13423068103221847
20,4.450000000000001,-0.11885966850157192,0.12760333139853786
20,4.5,-0.11291190818361807,0.12121641857584153
20,4.550000000000001,-0.10718704204985263,0.11506868866033448
20,4.600000000000001,-0.10168309533514863,0.10915804057056455
20,4.65,-0.09639739567818628,0.1034816221616488
20,4.700000000000001,-0.09132665727578138,0.09803592079275236
20,4.75,-0.08646705981256941,0.09281684826652525
20,4.800000000000001,-0.08181432215635187,0.08781982013115552
20,4.850000000000001,-0.07736377086559942,0.08303982939621024
20,4.9,-0.07311040360222698,0.07847151476348779
20,4.950000000000001,-0.06904894758075697,0.07410922351499538
20,5.0,-0.0651739132155198,0.06994706923287342
20,5.050000000000001,-0.061479643151281405,0.06597898455158258
20,5.100000000000001,-0.05796035688069967,0.062198769161903256
20,5.15,-0.05461019116483801,0.05860013330002012
20,5.200000000000001,-0.05142323648143998,0.05517673696396175
20,5.25,-0.04839356973032194,0.05192222510457478
20,5.300000000000001,-0.045515283426661224,0.0488302590396259
20,5.350000000000001,-0.042782511611578755,0.045894544338062504
20,5.4,-0.040189452705757134,0.04310885541741705
20,5.450000000000001,-0.03773038952612717,0.04046705709113252
20,5.5,-0.03539970667844328,0.037963123294720846
20,5.550000000000001,-0.0331919055298715,0.035591153210236426
20,5.600000000000001,-0.031101616956032085,0.03334538499805695
20,5.65,-0.029123612046309866,0.031220207333456207
20,5.700000000000001,-0.02725281093999854,0.029210168933243352
20,5.75,-0.02548428995402352,0.027309986244983264
20,5.800000000000001,-0.023813287150856954,0.025514549458176772
20,5.850000000000001,-0.022235206482950964,0.02381892698344945
20,5.9,-0.020745620637596662,0.022218368532401778
20,5.950000000000001,-0.019340272693961325,0.020708306917596175
20,6.0,-0.01801507669211455,0.019284358679239277
21,-6.0,-0.005115888764913201,0.005003155050640196
21,-5.95,-0.0052767911961768554,0.0051396101670491134
21,-5.9,-0.005447881901389895,0.005284809133534019
21,-5.85,-0.005629936371272404,0.005439473013486129
21,-5.8,-0.005823749777403631,0.00560433931649662
21,-5.75,-0.0060301375134614865,0.005780162595875105
21,-5.7,-0.0062499357730168015,0.0059677151154229335
21,-5.65,-0.006484002124283794,0.006167787545666492
21,-5.6,-0.006733216044248369,0.006381189652237218
21,-5.55,-0.006998479376798539,0.006608750941767383
21,-5.5,-0.0072807166818016356,0.006851321233536822
21,-5.45,-0.0075808754443342785,0.007109771127852937
21,-5.4,-0.00789992611568513,0.007384992345097707
21,-5.35,-0.008238861959972255,0.007677897912065745
21,-5.3,-0.008598698682686035,0.007989422175188388
21,-5.25,-0.00898047381974143,0.008320520622991268
21,-5.2,-0.009385245868264391,0.008672169503228133
21,-5.15,-0.00981409314290449,0.009045365223109059
21,-5.1,-0.010268112344403058,0.009441123524454476
21,-5.05,-0.010748416830257401,0.009860478429033037
21,-5.0,-0.011256134580776678,0.01030448095323866
21,-4.95,-0.011792405857607768,0.010774197595288193
21,-4.9,-0.012358380555951953,0.011270708602599377
21,-4.85,-0.01295521525619936,0.01179510603167877
21,-4.8,-0.013584069985563385,0.012348491617856006
21,-4.75,-0.01424610470541321,0.012931974477356611
21,-4.7,-0.014942475545375977,0.013546668669462747
21,-4.65,-0.015674330810690584,0.01419369065167242
21,-4.6,-0.016442806794689346,0.014874156665766414
21,-4.55,-0.01724902343335888,0.015589180097038913
21,-4.5,-0.01809407984350342,0.016339868852635497
21,-4.45,-0.018979049789749958,0.0171273228073483
21,-4.4,-0.0199049771281663,0.01795263136611247
21,-4.35,-0.020872871275118055,0.018816871191199347
21,-4.3,-0.021883702748804357,0.019721104138309187
21,-4.25,-0.022938398827082818,0.020666375438691098
21,-4.2,-0.02403783935816639,0.021653712153573146
21,-4.15,-0.02518285275005061,0.022684121911813904
21,-4.1,-0.026374212149429255,0.023758591921202665
21,-4.05,-0.027612631800912002,0.024878088217638705
21,-4.0,-0.02889876355202503,0.0260435550838638
21,-3.9499999999999997,-0.030233193438457207,0.027255914530313063
21,-3.9,-0.031616438246972134,0.028516065684540237
21,-3.85,-0.03304894191051,0.02982488388276483
21,-3.8,-0.03453107154145174,0.03118321919780076
21,-3.75,-0.03606311285557817,0.03259189407263996
21,-3.6999999999999997,-0.037645264682139246,0.034051699659856105
21,-3.65,-0.03927763219633018,0.035563390395803474
21,-3.5999999999999996,-0.04096021845198017,0.03712767626798508
21,-3.55,-0.04269291373734374,0.03874521216793214
21,-3.5,-0.04447548222996334,0.040416583664887096
21,-3.4499999999999997,-0.046307545392235916,0.04214228849348478
21,-3.4,-0.04818856153379869,0.04392271302803108
21,-3.3499999999999996,-0.050117800976715365,0.04575810302479111
21,-3.3,-0.05209431630231487,0.047648527960613585
21,-3.25,-0.05411690724262286,0.0495938383904182
21,-3.1999999999999997,-0.056184079912871,0.051593615897398415
21,-3.15,-0.058294000272940405,0.05364711542748779
21,-3.0999999999999996,-0.06044444196212062,0.055753200092498734
21,-3.05,-0.06263272897910976,0.057910268900976725
21,-3.0,-0.06485567408115411,0.06011617833643834
21,-2.9499999999999997,-0.0671095142524214,0.062368159249293065
21,-2.9,-0.06938984513702984,0.06466273115595245
21,-2.8499999999999996,-0.07169155693574236,0.0669956167344452
21,-2.8,-0.07400877490861957,0.06936166004982214
21,-2.75,-0.07633480828233852,0.07175475280502308
21,-2.6999999999999997,-0.07866211199437467,0.07416777365369587
21,-2.65,-0.08098226627162974,0.07659254627983714
21,-2.5999999999999996,-0.08328597948407745,0.07901982248456685
21,-2.55,-0.08556311997305155,0.0814392968534925
21,-2.5,-0.08780278256273588,0.08383965963457962
21,-2.4499999999999997,-0.08999339515555649,0.08620869416092125
21,-2.4,-0.09212287012602705,0.08853342443539525
21,-2.3499999999999996,-0.09417880411406632,0.09080031729864046
21,-2.3,-0.0961487282490503,0.09299554189390147
21,-2.25,-0.09802040881052854,0.09510528692032194
21,-2.1999999999999997,-0.09978219588855985,0.09711613346986825
21,-2.15,-0.10142341482872275,0.0990154781610566
21,-2.0999999999999996,-0.10293479226489466,0.10079199795772142
21,-2.05,-0.10430890553582839,0.10243614468906248
21,-2.0,-0.10554064146985342,0.10394065411076125
21,-1.9500000000000002,-0.10662764815470971,0.10530105164096559
21,-1.8999999999999995,-0.10757076164394896,0.10651613495492818
21,-1.8499999999999996,-0.10837438882683936,0.10758841269495267
21,-1.7999999999999998,-0.10904682809568245,0.10852447886303196
21,-1.75,-0.10960051109236413,0.10933530413975667
21,-1.7000000000000002,-0.11005215170433358,0.110036428423256
21,-1.6499999999999995,-0.1104227924771286,0.11064804317197563
21,-1.5999999999999996,-0.11073774344443343,0.11119495737841367
21,-1.5499999999999998,-0.11102641364370669,0.11170644676685093
21,-1.5,-0.11132204077755126,0.11221599155057982
21,-1.4500000000000002,-0.11166132903250237,0.1127609131924654
21,-1.3999999999999995,-0.1120840084189978,0.11338192447975581
21,-1.3499999999999996,-0.11263233067411571,0.11412260932859608
21,-1.2999999999999998,-0.11335051646193772,0.11502884872593411
21,-1.25,-0.11428416624387872,0.11614820699647366
21,-1.1999999999999993,-0.11547964299413693,0.1175292883560064
21,-1.1499999999999995,-0.11698342943459017,0.11922106800940524
21,-1.0999999999999996,-0.11884145646513122,0.12127219568752823
21,-1.0499999999999998,-0.12109839395011224,0.12373026348768335
21,-1.0,-0.12379689097185176,0.12664102518224918
21,-0.9499999999999993,-0.12697675082885163,0.130047551540869
21,-0.8999999999999995,-0.13067402669862804,0.13398930591440084
21,-0.8499999999999996,-0.13492002655466218,0.13850112586795094
21,-0.7999999999999998,-0.13974021940221681,0.14361209875996073
21,-0.75,-0.1451530373922214,0.14934432003916354
21,-0.6999999999999993,-0.15116856812678747,0.15571152097380958
21,-0.6499999999999995,-0.157787127749342,0.1627175470235065
21,-0.5999999999999996,-0.16499769977004097,0.1703546611293929
21,-0.5499999999999998,-0.17277622200932885,0.17860164359537167
21,-0.5,-0.1810837134161305,0.18742167188180203
21,-0.4499999999999993,-0.1898642654965375,0.19676000238546343
21,-0.39999999999999947,-0.1990429908852545,0.20654155432301136
21,-0.34999999999999964,-0.20852412937645864,0.21666861855697261
21,-0.2999999999999998,-0.21818965160774023,0.22701907250150422
21,-0.25,-0.22789884553565604,0.23744564591770412
21,-0.1999999999999993,-0.23748947343871107,0.2477768988295752
21,-0.14999999999999947,-0.24678108730561815,0.25782057541670467
21,-0.09999999999999964,-0.2555809338658427,0.26736982659911224
21,-0.04999999999999982,-0.2636925450746449,0.2762124246291977
21,0.0,-0.2709266294390672,0.2841425625824361
21,0.05000000000000071,-0.27711335129878734,0.29097424717708487
21,0.10000000000000053,-0.28211464945351,0.2965548095650873
21,0.15000000000000036,-0.28583504143080907,0.3007768278922315
21,0.20000000000000018,-0.2882294672960198,0.3035868682824595
21,0.25,-0.28930713743327746,0.3049898971960554
21,0.3000000000000007,-0.28913096153681883,0.30504888762571647
21,0.35000000000000053,-0.2878127974291556,0.30387986565379344
21,0.40000000000000036,-0.2855053166924662,0.3016432560633785
21,0.4500000000000002,-0.2823916366674247,0.29853277305478954
21,0.5,-0.2786739816474386,0.2947632278190142
21,0.5500000000000007,-0.2745625385657066,0.2905585199345436
21,0.6000000000000005,-0.27026543016351506,0.2861408166057996
21,0.6500000000000004,-0.2659804176814633,0.2817215859892893
21,0.7000000000000002,-0.261888631418668,0.2774948102567901
21,0.75,-0.25815035673687525,0.27363241038891367
21,0.8000000000000007,-0.2549026994761002,0.27028169420998155
21,0.8500000000000005,-0.25225882487126017,0.26756449879826083
21,0.9000000000000004,-0.25030840234103074,0.2655776318588995
21,0.9500000000000002,-0.24911888243123592,0.26439421017093
21,1.0,-0.24873726632680415,0.2640655300334142
21,1.0500000000000007,-0.24919208727857156,0.2646231680448388
21,1.1000000000000005,-0.2504953934302716,0.2660810859100894
21,1.1500000000000004,-0.2526445921256121,0.268437588748856
21,1.2000000000000002,-0.2556240792855192,0.2716770545226575
21,1.25,-0.2594066294187103,0.27577140796672894
21,1.3000000000000007,-0.2639545604378396,0.2806813538762718
21,1.3500000000000005,-0.269220712856291,0.2863574119350013
21,1.4000000000000004,-0.27514929660011966,0.29274081005248903
21,1.4500000000000002,-0.2816766627433269,0.2997642976943795
21,1.5,-0.28873205433626825,0.3073529374712307
21,1.5500000000000007,-0.29623838241050504,0.3154249247046387
21,1.6000000000000005,-0.30411306217827283,0.3238924729088147
21,1.6500000000000004,-0.312268932002858,0.3326627898192294
21,1.7000000000000002,-0.32061526513344596,0.3416391550895367
21,1.75,-0.3290588723871528,0.35072209804607857
21,1.8000000000000007,-0.33750528356812204,0.3598106626380313
21,1.8500000000000005,-0.3458599868722131,0.36880373742844413
21,1.9000000000000004,-0.35402969909865056,0.37760142143365205
21,1.9500000000000002,-0.3619236352978835,0.38610639198004715
21,2.0,-0.36945474452537885,0.39422523851838465
21,2.0500000000000007,-0.3765408785313006,0.40186972640573165
21,2.0999999999999996,-0.38310586228551413,0.4089579568146592
21,2.1500000000000004,-0.3890804389232929,0.41541539284715456
21,2.200000000000001,-0.394403066644744,0.42117572723579105
21,2.25,-0.3990205509177164,0.42618157328247114
21,2.3000000000000007,-0.4028885016164305,0.4303849674772128
21,2.3499999999999996,-0.4059716110883598,0.43374767913317264
21,2.4000000000000004,-0.40824375523134004,0.4362413289881853
21,2.450000000000001,-0.40968792519030484,0.43784732473839627
21,2.5,-0.41029600202705585,0.4385566266425189
21,2.5500000000000007,-0.4100683905300566,0.438369360503426
21,2.5999999999999996,-0.4090135311410501,0.4372942984149568
21,2.6500000000000004,-0.407147310774439,0.43534822964652786
21,2.700000000000001,-0.40449239414358074,0.4325552449787943
21,2.75,-0.40107749717852514,0.4289459578002731
21,2.8000000000000007,-0.39693662334601676,0.42455668446113787
21,2.8499999999999996,-0.39210828230576045,0.41942860490908135
21,2.9000000000000004,-0.3866347085041313,0.4136069226628269
21,2.950000000000001,-0.38056109516117376,0.4071400408674047
21,3.0,-0.3739348567817906,0.4000787686661626
21,3.0500000000000007,-0.3668049309343766,0.3924755695448743
21,3.0999999999999996,-0.3592211276881425,0.38438386076021636
21,3.1500000000000004,-0.35123353286229686,0.37585737054361534
21,3.200000000000001,-0.34289196917475495,0.36694955753596525
21,3.25,-0.3342455175253056,0.3577130949027745
21,3.3000000000000007,-0.32534209903205524,0.3481994198290911
21,3.3499999999999996,-0.31622811707024323,0.3384583476098221
21,3.4000000000000004,-0.3069481574376609,0.3285377483322798
21,3.450000000000001,-0.29754474388052476,0.3184832831828247
21,3.5,-0.28805814554087883,0.3083381966801435
21,3.5500000000000007,-0.27852623241036767,0.29814316062113133
21,3.6000000000000014,-0.26898437457193425,0.28793616519611953
21,3.6500000000000004,-0.25946538085608895,0.2777524525616123
21,3.700000000000001,-0.2499994725076724,0.2676244881245792
21,3.75,-0.2406142875291526,0.25758196486744367
21,3.8000000000000007,-0.23133491151619157,0.24765183620411668
21,3.8500000000000014,-0.22218393101097367,0.23785837308367053
21,3.9000000000000004,-0.21318150565177585,0.22822324133121974
21,3.950000000000001,-0.20434545567877405,0.21876559551946428
21,4.0,-0.1956913616538718,0.20950218598573578
21,4.050000000000001,-0.1872326735563823,0.20044747593757273
21,4.100000000000001,-0.17898082671856974,0.19161376591596657
21,4.15,-0.17094536235918278,0.18301132320274693
21,4.200000000000001,-0.16313405075446563,0.17464851406211268
21,4.25,-0.15555301535140775,0.16653193699240876
21,4.300000000000001,-0.1482068563749399,0.158666555430497
21,4.350000000000001,-0.14109877270820093,0.15105582859618438
21,4.4,-0.1342306810322187,0.14370183938746162
21,4.450000000000001,-0.12760333139853786,0.1366054184389034
21,4.5,-0.12121641857584153,0.12976626363594512
21,4.550000000000001,-0.11506868866033404,0.12318305453781098
21,4.600000000000001,-0.10915804057056455,0.11685356130267166
21,4.65,-0.10348162216164969,0.11077474783151264
21,4.700000000000001,-0.09803592079275258,0.10494286895345228
21,4.75,-0.09281684826652548,0.09935356156638353
21,4.800000000000001,-0.08781982013115508,0.09400192972406951
21,4.850000000000001,-0.08303982939621024,0.08888262372572697
21,4.9,-0.07847151476348735,0.08398991331778793
21,4.950000000000001,-0.07410922351499538,0.0793177551613442
21,5.0,-0.0699470692328732,0.07485985475376022
21,5.050000000000001,-0.06597898455158191,0.07060972302021318
21,5.100000000000001,-0.06219876916190348,0.0665607278114273
21,5.15,-0.05860013330001923,0.06270614055849344
21,5.200000000000001,-0.055176736963961304,0.059039178345204224
21,5.25,-0.05192222510457478,0.05555304166348618
21,5.300000000000001,-0.0488302590396259,0.05224094811894364
21,5.350000000000001,-0.045894544338062726,0.049096162351726536
21,5.4,-0.04310885541741705,0.046112022433521416
21,5.450000000000001,-0.040467057091133185,0.04328196299471099
21,5.5,-0.03796312329472151,0.04059953532720684
21,5.550000000000001,-0.03559115321023576,0.038058424698293125
21,5.600000000000001,-0.033345384998056726,0.03565246509944808
21,5.65,-0.031220207333455985,0.03337565164171896
21,5.700000000000001,-0.029210168933243352,0.031222150796020864
21,5.75,-0.027309986244983264,0.02918630866298133
21,5.800000000000001,-0.025514549458176994,0.027262657442771232
21,5.850000000000001,-0.02381892698344945,0.025445920260978916
21,5.9,-0.022218368532401556,0.023731014492149427
21,5.950000000000001,-0.020708306917596175,0.0221130537083718
21,6.0,-0.019284358679239055,0.02058734836639764
22,-6.0,-0.00500315505064064,0.004856713636333332
22,-5.95,-0.005139610167048669,0.004965716570779932
22,-5.9,-0.005284809133534463,0.0050818383007369405
22,-5.85,-0.005439473013486129,0.005205736878667544
22,-5.8,-0.00560433931649662,0.0053380831783158555
22,-5.75,-0.005780162595875105,0.005479561551251955
22,-5.7,-0.0059677151154229335,0.005630870588296588
22,-5.65,-0.006167787545666936,0.005792723945933886
22,-5.6,-0.006381189652237218,0.005965851200858907
22,-5.55,-0.006608750941768271,0.006150998699045118
22,-5.5,-0.006851321233536378,0.0063489303690627
22,-5.45,-0.007109771127852493,0.006560428472797142
22,-5.4,-0.007384992345097707,0.006786294270065163
22,-5.35,-0.007677897912065745,0.0070273485769796196
22,-5.3,-0.007989422175187944,0.00728443220133812
22,-5.25,-0.008320520622991712,0.0075584062415838815
22,-5.2,-0.008672169503227689,0.007850152239471164
22,-5.15,-0.009045365223110391,0.008160572180024417
22,-5.1,-0.009441123524454476,0.0084905883361861
22,-5.05,-0.009860478429033481,0.008841142959479242
22,-5.0,-0.01030448095323866,0.009213197822166563
22,-4.95,-0.010774197595288637,0.009607733620858205
22,-4.9,-0.011270708602599377,0.010025749256207916
22,-4.85,-0.011795106031678326,0.010468261008251822
22,-4.8,-0.012348491617855561,0.010936301632038514
22,-4.75,-0.012931974477356611,0.011430919403398576
22,-4.7,-0.013546668669462303,0.011953177149820249
22,-4.65,-0.014193690651671975,0.012504151306252709
22,-4.6,-0.01487415666576597,0.01308493104014996
22,-4.55,-0.015589180097038913,0.013696617493723195
22,-4.5,-0.016339868852635497,0.014340323193888338
22,-4.45,-0.017127322807349632,0.015017171681550145
22,-4.4,-0.017952631366112914,0.015728297410790404
22,-4.35,-0.018816871191198903,0.01647484596509141
22,-4.3,-0.0197211041383083,0.01725797463100065
22,-4.25,-0.020666375438691098,0.01807885335912207
22,-4.2,-0.02165371215357359,0.018938666127262138
22,-4.15,-0.022684121911814348,0.019838612700201708
22,-4.1,-0.023758591921202665,0.020779910754271214
22,-4.05,-0.024878088217638705,0.021763798301877912
22,-4.0,-0.026043555083863357,0.022791536310938554
22,-3.9499999999999997,-0.027255914530314396,0.023864411366246507
22,-3.9,-0.028516065684540237,0.024983738163968816
22,-3.85,-0.029824883882763942,0.026150861566912376
22,-3.8,-0.031183219197801204,0.027367157877209003
22,-3.75,-0.03259189407263996,0.02863403490586336
22,-3.6999999999999997,-0.03405169965985655,0.02995293033664126
22,-3.65,-0.035563390395803474,0.031325307797512636
22,-3.5999999999999996,-0.03712767626798552,0.032752649969510994
22,-3.55,-0.03874521216793214,0.0342364479847066
22,-3.5,-0.04041658366488621,0.03577818629732432
22,-3.4499999999999997,-0.04214228849348478,0.037379322161376294
22,-3.4,-0.04392271302803108,0.03904125882225529
22,-3.3499999999999996,-0.045758103024791996,0.04076531153735674
22,-3.3,-0.047648527960613585,0.04255266559180004
22,-3.25,-0.0495938383904182,0.044404325580365
22,-3.1999999999999997,-0.051593615897398415,0.046321055396766564
22,-3.15,-0.05364711542748779,0.048303308617111185
22,-3.0999999999999996,-0.05575320009249918,0.050351149295694064
22,-3.05,-0.05791026890097628,0.052464163615970616
22,-3.0,-0.060116178336438786,0.05464136336245806
22,-2.9499999999999997,-0.062368159249293065,0.05688108280070292
22,-2.9,-0.064662731155952,0.059180871266783175
22,-2.8499999999999996,-0.0669956167344461,0.06153738456161051
22,-2.8,-0.06936166004982214,0.06394627909640738
22,-2.75,-0.07175475280502353,0.06640211361106285
22,-2.6999999999999997,-0.07416777365369542,0.06889826414216271
22,-2.65,-0.07659254627983714,0.07142685869604692
22,-2.5999999999999996,-0.07901982248456685,0.0739787387166424
22,-2.55,-0.08143929685349294,0.07654345485076863
22,-2.5,-0.08383965963457962,0.0791093046220519
22,-2.4499999999999997,-0.08620869416092125,0.0816634193438408
22,-2.4,-0.0885334244353948,0.08419190685315625
22,-2.3499999999999996,-0.09080031729864046,0.08668005536749401
22,-2.3,-0.09299554189390147,0.08911260191456316
22,-2.25,-0.09510528692032194,0.09147406635737854
22,-2.1999999999999997,-0.09711613346986869,0.09374914907475551
22,-2.15,-0.0990154781610566,0.09592318695549729
22,-2.0999999999999996,-0.10079199795772076,0.09798265867825329
22,-2.05,-0.10243614468906248,0.09991572649179226
22,-2.0,-0.10394065411076125,0.10171279814804723
22,-1.9500000000000002,-0.10530105164096559,0.10336708957493723
22,-1.8999999999999995,-0.10651613495492773,0.10487516662247787
22,-1.8499999999999996,-0.10758841269495267,0.10623744307049066
22,-1.7999999999999998,-0.10852447886303151,0.10745861228984444
22,-1.75,-0.10933530413975667,0.10854799164877926
22,-1.7000000000000002,-0.11003642842325645,0.10951976196986646
22,-1.6499999999999995,-0.11064804317197563,0.11039308893535793
22,-1.5999999999999996,-0.1111949573784139,0.11119211900771475
22,-1.5499999999999998,-0.11170644676685137,0.11194584871925839
22,-1.5,-0.11221599155058026,0.11268787250546763
22,-1.4500000000000002,-0.1127609131924654,0.1134560199526411
22,-1.3999999999999995,-0.11338192447975581,0.11429189774547543
22,-1.3499999999999996,-0.11412260932859586,0.11524035416345146
22,-1.2999999999999998,-0.11502884872593411,0.11634888429530044
22,-1.25,-0.1161482069964741,0.11766699208727394
22,-1.1999999999999993,-0.11752928835600662,0.11924552110179754
22,-1.1499999999999995,-0.11922106800940502,0.1211359599640196
22,-1.0999999999999996,-0.121272195687528,0.12338972173712914
22,-1.0499999999999998,-0.12373026348768357,0.12605738990076132
22,-1.0,-0.12664102518224918,0.12918791821416464
22,-0.9499999999999993,-0.130047551540869,0.13282776827603682
22,-0.8999999999999995,-0.13398930591440095,0.13701996726583832
22,-0.8499999999999996,-0.13850112586795071,0.14180306864281755
22,-0.7999999999999998,-0.14361209875996073,0.1472099991801774
22,-0.75,-0.14934432003916343,0.1532667748050318
22,-0.6999999999999993,-0.15571152097380958,0.15999106367818672
22,-0.6499999999999995,-0.16271754702350627,0.1673905675111549
22,-0.5999999999999996,-0.17035466112939301,0.17546118379629472
22,-0.5499999999999998,-0.1786016435953719,0.18418490899610984
22,-0.5,-0.18742167188180203,0.1935274568306664
22,-0.4499999999999993,-0.19676000238546332,0.20343561071490246
22,-0.39999999999999947,-0.20654155432301147,0.21383441833378858
22,-0.34999999999999964,-0.21666861855697278,0.22462447490310322
22,-0.2999999999999998,-0.22701907250150394,0.23567971946205035
22,-0.25,-0.23744564591770423,0.24684635202878247
22,-0.1999999999999993,-0.2477768988295751,0.25794361051578285
22,-0.14999999999999947,-0.25782057541670433,0.26876715166230625
22,-0.09999999999999964,-0.2673698265991122,0.27909559391861194
22,-0.04999999999999982,-0.2762124246291977,0.28870037522366165
22,0.0,-0.2841425625824362,0.2973584957258053
22,0.05000000000000071,-0.29097424717708475,0.3048670720154716
22,0.10000000000000053,-0.29655480956508723,0.3110580950904335
22,0.15000000000000036,-0.3007768278922316,0.3158115262191382
22,0.20000000000000018,-0.3035868682824596,0.319064982973556
22,0.25,-0.3049898971960554,0.3208187512298031
22,0.3000000000000007,-0.30504888762571647,0.3211355876478317
22,0.35000000000000053,-0.3038798656537933,0.32013556671281507
22,0.40000000000000036,-0.3016432560633785,0.31798689486127063
22,0.4500000000000002,-0.29853277305478954,0.3148940380016412
22,0.5,-0.2947632278190142,0.31108464750739695
22,0.5500000000000007,-0.2905585199345437,0.30679665748868545
22,0.6000000000000005,-0.28614081660579965,0.3022666417405351
22,0.6500000000000004,-0.2817215859892893,0.2977201530836312
22,0.7000000000000002,-0.27749481025679,0.2933643992375574
22,0.75,-0.2736324103889136,0.2893832919220255
22,0.8000000000000007,-0.2702816942099816,0.28593466788139
22,0.8500000000000005,-0.2675644987982609,0.28314932926368325
22,0.9000000000000004,-0.2655776318588995,0.28113147924110393
22,0.9500000000000002,-0.26439421017093,0.27996012188747355
22,1.0,-0.26406553003341426,0.2796910349185055
22,1.0500000000000007,-0.26462316804483876,0.28035899193559877
22,1.1000000000000005,-0.2660810859100894,0.2819799915627029
22,1.1500000000000004,-0.2684375887488559,0.28455333199230043
22,1.2000000000000002,-0.27167705452265756,0.2880634423758736
22,1.25,-0.27577140796672894,0.2924814421765436
22,1.3000000000000007,-0.2806813538762718,0.2977664440093333
22,1.3500000000000005,-0.2863574119350013,0.30386664483333614
22,1.4000000000000004,-0.2927408100524891,0.3107202662998965
22,1.4500000000000002,-0.2997642976943795,0.31825641004522004
22,1.5,-0.3073529374712307,0.3263958904243342
22,1.5500000000000007,-0.31542492470463857,0.33505209816951015
22,1.6000000000000005,-0.32389247290881473,0.34413193594403657
22,1.6500000000000004,-0.3326627898192295,0.3535368525670658
22,1.7000000000000002,-0.3416391550895366,0.3631639882179406
22,1.75,-0.35072209804607857,0.37290742924337394
22,1.8000000000000007,-0.3598106626380314,0.3826595590484775
22,1.8500000000000005,-0.36880373742844386,0.3923124814772495
22,1.9000000000000004,-0.37760142143365205,0.4017594854120825
22,1.9500000000000002,-0.38610639198004726,0.41089651421449425
22,2.0,-0.39422523851838465,0.41962360111501207
22,2.0500000000000007,-0.4018697264057317,0.42784623163066726
22,2.0999999999999996,-0.4089579568146593,0.43547659631609725
22,2.1500000000000004,-0.4154153928471547,0.4424347013089096
22,2.200000000000001,-0.421175727235791,0.44864930980326034
22,2.25,-0.4261815732824712,0.45405869431996304
22,2.3000000000000007,-0.43038496747721267,0.4586111869621842
22,2.3499999999999996,-0.4337476791331727,0.4622655222937051
22,2.4000000000000004,-0.43624132898818513,0.4649909746366371
22,2.450000000000001,-0.4378473247383965,0.4667672981089337
22,2.5,-0.43855662664251893,0.46758448334235403
22,2.5500000000000007,-0.4383693605034261,0.4674423493599601
22,2.5999999999999996,-0.4372942984149568,0.4663499924572782
22,2.6500000000000004,-0.43534822964652786,0.4643251161106133
22,2.700000000000001,-0.43255524497879416,0.46139326698486194
22,2.75,-0.4289459578002731,0.4575870021386655
22,2.8000000000000007,-0.4245566844611379,0.4529450116708764
22,2.8499999999999996,-0.4194286049090814,0.4475112194839408
22,2.9000000000000004,-0.41360692266282695,0.44133388272961244
22,2.950000000000001,-0.40714004086740463,0.43446470801909687
22,3.0,-0.40007876866616265,0.4269579997797987
22,3.0500000000000007,-0.3924755695448743,0.4188698533622446
22,3.0999999999999996,-0.38438386076021636,0.41025740275947353
22,3.1500000000000004,-0.37585737054361545,0.4011781301898568
22,3.200000000000001,-0.36694955753596514,0.39168924238233493
22,3.25,-0.3577130949027745,0.3818471162380928
22,3.3000000000000007,-0.348199419829091,0.37170681465323985
22,3.3499999999999996,-0.33845834760982174,0.36132167168491347
22,3.4000000000000004,-0.32853774833227956,0.3507429449269077
22,3.450000000000001,-0.3184832831828246,0.3400195319184828
22,3.5,-0.30833819668014373,0.3291977466218926
22,3.5500000000000007,-0.29814316062113155,0.3183211514457088
22,3.6000000000000014,-0.2879361651961194,0.3074304399347849
22,3.6500000000000004,-0.2777524525616124,0.29656336506489867
22,3.700000000000001,-0.2676244881245793,0.2857547080424192
22,3.75,-0.2575819648674438,0.27503628258957347
22,3.8000000000000007,-0.24765183620411713,0.2644369698689848
22,3.8500000000000014,-0.2378583730836703,0.2539827794444729
22,3.9000000000000004,-0.22822324133121974,0.2436969319688036
22,3.950000000000001,-0.21876559551946473,0.23359995961607993
22,4.0,-0.209502185985736,0.22370982062236222
22,4.050000000000001,-0.2004474759375725,0.21404202465125022
22,4.100000000000001,-0.1916137659159669,0.20460976605206938
22,4.15,-0.18301132320274704,0.19542406241968813
22,4.200000000000001,-0.17464851406211301,0.18649389619148016
22,4.25,-0.16653193699240898,0.17782635732458596
22,4.300000000000001,-0.15866655543049668,0.16942678538286482
22,4.350000000000001,-0.15105582859618427,0.16129890962635574
22,4.4,-0.1437018393874614,0.15344498593597333
22,4.450000000000001,-0.13660541843890295,0.14586592962266798
22,4.5,-0.12976626363594512,0.13856144336392928
22,4.550000000000001,-0.12318305453781098,0.13153013968228278
22,4.600000000000001,-0.11685356130267133,0.12476965753146996
22,4.65,-0.11077474783151287,0.11827677268777892
22,4.700000000000001,-0.10494286895345262,0.11204750175788136
22,4.75,-0.09935356156638342,0.10607719971214458
22,4.800000000000001,-0.09400192972406973,0.10036065093509361
22,4.850000000000001,-0.08888262372572697,0.09489215385414929
22,4.9,-0.08398991331778749,0.08966559926512763
22,4.950000000000001,-0.0793177551613442,0.08467454251980444
22,5.0,-0.07485985475376022,0.07991226977818133
22,5.050000000000001,-0.07060972302021318,0.07537185855717388
22,5.100000000000001,-0.06656072781142708,0.07104623282927269
22,5.15,-0.06270614055849322,0.06692821294025986
22,5.200000000000001,-0.059039178345204224,0.06301056062516786
22,5.25,-0.05555304166348618,0.059286019407056245
22,5.300000000000001,-0.052240948118944086,0.055747350664614004
22,5.350000000000001,-0.049096162351726313,0.052387365652570406
22,5.4,-0.04611202243352164,0.04919895375407091
22,5.450000000000001,-0.04328196299471054,0.04617510723686191
22,5.5,-0.04059953532720728,0.04330894277590147
22,5.550000000000001,-0.03805842469829335,0.040593719994042265
22,5.600000000000001,-0.03565246509944764,0.038022857260206155
22,5.65,-0.033375651641718296,0.03558994497109835
22,5.700000000000001,-0.031222150796020642,0.033288756528330854
22,5.75,-0.029186308662981553,0.031113257208017275
22,5.800000000000001,-0.027262657442771232,0.029057611104639225
22,5.850000000000001,-0.025445920260978916,0.027116186315539803
22,5.9,-0.02373101449214987,0.025283558516840055
22,5.950000000000001,-0.02211305370837202,0.023554513066287974
22,6.0,-0.020587348366397862,0.021924045753590304
23,-6.0,-0.004856713636332444,0.00467656452199261
23,-5.95,-0.004965716570780376,0.004755110407371532
23,-5.9,-0.005081838300736052,0.004838969402995552
23,-5.85,-0.0052057368786671,0.004928727966817981
23,-5.8,-0.0053380831783154115,0.005024981362860004
23,-5.75,-0.005479561551251955,0.005128334379588928
23,-5.7,-0.005630870588296144,0.005239402191635989
23,-5.65,-0.005792723945932998,0.005358811325084645
23,-5.6,-0.005965851200860239,0.005487200690116545
23,-5.55,-0.006150998699045118,0.005625222648629524
23,-5.5,-0.006348930369062256,0.005773544088380156
23,-5.45,-0.006560428472797586,0.005932847479169112
23,-5.4,-0.006786294270065163,0.0061038318905870526
23,-5.35,-0.007027348576980064,0.006287213954712989
23,-5.3,-0.00728443220133812,0.006483728761134344
23,-5.25,-0.007558406241582993,0.006694130675516163
23,-5.2,-0.007850152239470276,0.006919194076991708
23,-5.15,-0.008160572180023529,0.007159714013643459
23,-5.1,-0.008490588336185656,0.007416506779595267
23,-5.05,-0.008841142959479686,0.007690410421595573
23,-5.0,-0.00921319782216612,0.007982285187560834
23,-4.95,-0.009607733620857317,0.008293013934316917
23,-4.9,-0.01002574925620836,0.008623502516778458
23,-4.85,-0.010468261008251822,0.008974680185920292
23,-4.8,-0.010936301632037182,0.00934750002810869
23,-4.75,-0.011430919403398576,0.009742939483535551
23,-4.7,-0.011953177149820249,0.010162000986448483
23,-4.65,-0.01250415130625182,0.010605712774428788
23,-4.6,-0.013084931040150849,0.011075129917845317
23,-4.55,-0.013696617493723195,0.011571335623411727
23,-4.5,-0.014340323193888782,0.012095442867260608
23,-4.45,-0.015017171681550145,0.01264859641235283
23,-4.4,-0.015728297410790404,0.013231975262199214
23,-4.35,-0.0164748459650923,0.013846795596796468
23,-4.3,-0.017257974631001538,0.014494314226883631
23,-4.25,-0.018078853359122515,0.015175832588378846
23,-4.2,-0.018938666127262582,0.01589270127923026
23,-4.15,-0.01983861270020215,0.01664632511521358
23,-4.1,-0.02077991075427077,0.017438168648633123
23,-4.05,-0.021763798301877912,0.01826976205362918
23,-4.0,-0.022791536310938554,0.019142707233251954
23,-3.9499999999999997,-0.023864411366246507,0.020058683946253986
23,-3.9,-0.024983738163968816,0.021019455685257427
23,-3.85,-0.026150861566912376,0.02202687496295397
23,-3.8,-0.027367157877208115,0.02308288757967425
23,-3.75,-0.028634034905862915,0.024189535355247926
23,-3.6999999999999997,-0.029952930336641703,0.025348956712493376
23,-3.65,-0.031325307797512636,0.026563384401460333
23,-3.5999999999999996,-0.03275264996951144,0.027835139556556143
23,-3.55,-0.0342364479847066,0.029166621187667552
23,-3.5,-0.03577818629732432,0.030560290127278567
23,-3.4499999999999997,-0.03737932216137585,0.03201864639590868
23,-3.4,-0.03904125882225529,0.033544198916469536
23,-3.3499999999999996,-0.04076531153735674,0.0351394265144096
23,-3.3,-0.04255266559180004,0.03680672919587247
23,-3.25,-0.044404325580365,0.03854836881246282
23,-3.1999999999999997,-0.046321055396766564,0.04036639841097589
23,-3.15,-0.048303308617111185,0.042262579841811476
23,-3.0999999999999996,-0.05035114929569362,0.044238289571704836
23,-3.05,-0.05246416361597106,0.0462944131240941
23,-3.0,-0.05464136336245806,0.04843122915921416
23,-2.9499999999999997,-0.05688108280070292,0.0506482849066523
23,-2.9,-0.05918087126678406,0.05294426546952602
23,-2.8499999999999996,-0.06153738456161095,0.05531686041723738
23,-2.8,-0.06394627909640693,0.05776263204837484
23,-2.75,-0.06640211361106285,0.06027689070045916
23,-2.6999999999999997,-0.06889826414216227,0.06285358345977432
23,-2.65,-0.07142685869604737,0.06548520352026044
23,-2.5999999999999996,-0.0739787387166424,0.06816272818030367
23,-2.55,-0.07654345485076819,0.07087559396487952
23,-2.5,-0.07910930462205146,0.07361171752515139
23,-2.4499999999999997,-0.08166341934383992,0.07635757070431426
23,-2.4,-0.08419190685315625,0.07909831737931095
23,-2.3499999999999996,-0.0866800553674949,0.0818180183206283
23,-2.3,-0.0891126019145636,0.08449990831103626
23,-2.25,-0.09147406635737898,0.08712674712169788
23,-2.1999999999999997,-0.09374914907475551,0.08968124270322031
23,-2.15,-0.09592318695549706,0.09214654121204457
23,-2.0999999999999996,-0.09798265867825395,0.09450677442649313
23,-2.05,-0.09991572649179159,0.09674765094401616
23,-2.0,-0.10171279814804746,0.09885707358171203
23,-1.9500000000000002,-0.10336708957493745,0.10082576195662618
23,-1.8999999999999995,-0.10487516662247764,0.10264785664659826
23,-1.8499999999999996,-0.1062374430704911,0.10432147995345531
23,-1.7999999999999998,-0.10745861228984488,0.10584922837611987
23,-1.75,-0.10854799164877882,0.10723857361943168
23,-1.7000000000000002,-0.10951976196986579,0.10850215234416227
23,-1.6499999999999995,-0.11039308893535815,0.1096579297672764
23,-1.5999999999999996,-0.11119211900771431,0.110729228332334
23,-1.5499999999999998,-0.11194584871925861,0.11174461950092773
23,-1.5,-0.11268787250546741,0.11273768364221359
23,-1.4500000000000002,-0.11345601995264087,0.11374664931302858
23,-1.3999999999999995,-0.11429189774547588,0.11481392821615799
23,-1.3499999999999996,-0.11524035416345191,0.11598556517868275
23,-1.2999999999999998,-0.11634888429530066,0.1173106231700376
23,-1.25,-0.11766699208727371,0.11884052151627733
23,-1.1999999999999993,-0.11924552110179798,0.12062834123151145
23,-1.1499999999999995,-0.12113595996401938,0.12272810529843259
23,-1.0999999999999996,-0.12338972173712937,0.1251940346139353
23,-1.0499999999999998,-0.12605738990076154,0.12807977318934727
23,-1.0,-0.1291879182141653,0.1314375700676007
23,-0.9499999999999993,-0.13282776827603693,0.1353174010343554
23,-0.8999999999999995,-0.13701996726583843,0.13976601075294015
23,-0.8499999999999996,-0.14180306864281722,0.14482585487926158
23,-0.7999999999999998,-0.1472099991801774,0.1505339206628673
23,-0.75,-0.15326677480503192,0.15692040168982668
23,-0.6999999999999993,-0.1599910636781865,0.16400719623991833
23,-0.6499999999999995,-0.1673905675111551,0.17180618921228796
23,-0.5999999999999996,-0.17546118379629472,0.18031726777074542
23,-0.5499999999999998,-0.18418490899610984,0.1895260182115437
23,-0.5,-0.1935274568306664,0.1994010682627234
23,-0.4499999999999993,-0.20343561071490257,0.209891090484855
23,-0.39999999999999947,-0.2138344183337887,0.22092158291758612
23,-0.34999999999999964,-0.2246244749031031,0.2323916984148493
23,-0.2999999999999998,-0.2356797194620503,0.2441715924893788
23,-0.25,-0.24684635202878247,0.25610096386889114
23,-0.1999999999999993,-0.25794361051578263,0.2679896084973339
23,-0.14999999999999947,-0.2687671516623063,0.27962081604242384
23,-0.09999999999999964,-0.27909559391861216,0.29075823582434324
23,-0.04999999999999982,-0.28870037522366165,0.3011563968580362
23,0.0,-0.2973584957258054,0.3105744288691745
23,0.05000000000000071,-0.30486707201547153,0.31879182581394727
23,0.10000000000000053,-0.3110580950904334,0.3256245060295493
23,0.15000000000000036,-0.3158115262191382,0.33093913641152894
23,0.20000000000000018,-0.31906498297355596,0.3346638113693089
23,0.25,-0.3208187512298031,0.33679369953452043
23,0.3000000000000007,-0.3211355876478317,0.33739106160316434
23,0.35000000000000053,-0.320135566712815,0.33657990060622045
23,0.40000000000000036,-0.31798689486127063,0.33453623308614266
23,0.4500000000000002,-0.31489403800164123,0.3314754315079794
23,0.5,-0.31108464750739695,0.32763824071258696
23,0.5500000000000007,-0.30679665748868534,0.3232769512281315
23,0.6000000000000005,-0.3022666417405351,0.31864290556772135
23,0.6500000000000004,-0.2977201530836312,0.3139761189644886
23,0.7000000000000002,-0.2933643992375573,0.3094973983609699
23,0.75,-0.28938329192202555,0.30540300133621134
23,0.8000000000000007,-0.28593466788139,0.3018616204903255
23,0.8500000000000005,-0.2831493292636832,0.2990133162675275
23,0.9000000000000004,-0.28113147924110393,0.29696994448764397
23,0.9500000000000002,-0.27996012188747366,0.29581661758086664
23,1.0,-0.27969103491850544,0.2956137809820781
23,1.0500000000000007,-0.2803589919355987,0.29639955895085157
23,1.1000000000000005,-0.2819799915627029,0.2981921103881122
23,1.1500000000000004,-0.2845533319923005,0.3009918218559456
23,1.2000000000000002,-0.2880634423758737,0.30478324284516767
23,1.25,-0.2924814421765436,0.3095367320481537
23,1.3000000000000007,-0.2977664440093332,0.31520983083702414
23,1.3500000000000005,-0.30386664483333614,0.32174841155129563
23,1.4000000000000004,-0.31072026629989646,0.3290876653423426
23,1.4500000000000002,-0.31825641004522015,0.3371529997958487
23,1.5,-0.32639589042433415,0.3458609131955793
23,1.5500000000000007,-0.3350520981695101,0.3551199028051193
23,1.6000000000000005,-0.34413193594403646,0.36483145128393846
23,1.6500000000000004,-0.3535368525670658,0.374891120246367
23,1.7000000000000002,-0.3631639882179405,0.3851897645186584
23,1.75,-0.37290742924337394,0.39561486597903917
23,1.8000000000000007,-0.3826595590484775,0.4060519727994608
23,1.8500000000000005,-0.3923124814772495,0.41638621901862904
23,1.9000000000000004,-0.4017594854120825,0.42650389103394226
23,1.9500000000000002,-0.41089651421449414,0.43629400200122476
23,2.0,-0.41962360111501207,0.4456498323152609
23,2.0500000000000007,-0.4278462316306675,0.4544703942061076
23,2.0999999999999996,-0.43547659631609714,0.46266178078982906
23,2.1500000000000004,-0.4424347013089096,0.4701383643085582
23,2.200000000000001,-0.44864930980326045,0.47682381434715176
23,2.25,-0.45405869431996304,0.48265191403019225
23,2.3000000000000007,-0.4586111869621843,0.4875671600713442
23,2.3499999999999996,-0.4622655222937051,0.4915251405699579
23,2.4000000000000004,-0.4649909746366372,0.49449269217669595
23,2.450000000000001,-0.4667672981089338,0.4964478453019171
23,2.5,-0.46758448334235403,0.49737957212656103
23,2.5500000000000007,-0.4674423493599602,0.49728735709965943
23,2.5999999999999996,-0.46634999245727826,0.4961806132680142
23,2.6500000000000004,-0.4643251161106132,0.49407797016669647
23,2.700000000000001,-0.4613932669848618,0.4910064601617846
23,2.75,-0.45758700213866554,0.4870006301937025
23,2.8000000000000007,-0.45294501167087653,0.482101604975232
23,2.8499999999999996,-0.4475112194839408,0.47635612603033867
23,2.9000000000000004,-0.4413338827296125,0.4698155887044881
23,2.950000000000001,-0.43446470801909676,0.4625350966162498
23,3.0,-0.42695799977979876,0.45457255012269865
23,3.0500000000000007,-0.4188698533622446,0.4459877823864872
23,3.0999999999999996,-0.41025740275947364,0.4368417536859138
23,3.1500000000000004,-0.4011781301898567,0.4271958118010214
23,3.200000000000001,-0.3916892423823348,0.4171110237138637
23,3.25,-0.381847116238093,0.40664758153126057
23,3.3000000000000007,-0.37170681465323985,0.3958642835045016
23,3.3499999999999996,-0.36132167168491347,0.3848180892955171
23,3.4000000000000004,-0.3507429449269077,0.37356374722154495
23,3.450000000000001,-0.34001953191848266,0.36215349008749936
23,3.5,-0.32919774662189294,0.35063679536612613
23,3.5500000000000007,-0.31832115144570894,0.3390602048840996
23,3.6000000000000014,-0.30743043993478514,0.32746719878793107
23,3.6500000000000004,-0.29656336506489867,0.31589811836594817
23,3.700000000000001,-0.285754708042419,0.3043901322611925
23,3.75,-0.2750362825895738,0.29297724069554254
23,3.8000000000000007,-0.2644369698689848,0.2816903125107948
23,3.8500000000000014,-0.2539827794444727,0.2705571500933811
23,3.9000000000000004,-0.2436969319688036,0.2596025775645274
23,3.950000000000001,-0.23359995961608004,0.24884854796862033
23,4.0,-0.22370982062236222,0.23831426556375146
23,4.050000000000001,-0.21404202465125022,0.22801631969741554
23,4.100000000000001,-0.20460976605206938,0.21796882712687704
23,4.15,-0.1954240624196879,0.20818358001000492
23,4.200000000000001,-0.18649389619147994,0.19867019714256717
23,4.25,-0.17782635732458574,0.18943627634793925
23,4.300000000000001,-0.16942678538286504,0.1804875462320431
23,4.350000000000001,-0.16129890962635596,0.1718280157987152
23,4.4,-0.153444985935973,0.16346012067775428
23,4.450000000000001,-0.1458659296226681,0.1553848649498316
23,4.5,-0.1385614433639295,0.14760195775979368
23,4.550000000000001,-0.13153013968228278,0.14010994409375
23,4.600000000000001,-0.12476965753146962,0.13290632925695944
23,4.65,-0.11827677268777936,0.12598769673044707
23,4.700000000000001,-0.11204750175788147,0.11934981920603904
23,4.75,-0.1060771997121448,0.11298776270380806
23,4.800000000000001,-0.10036065093509361,0.1068959837642276
23,4.850000000000001,-0.09489215385414917,0.10106841978147718
23,4.9,-0.08966559926512763,0.09549857260550665
23,4.950000000000001,-0.08467454251980455,0.09017958559037553
23,5.0,-0.07991226977818133,0.08510431430613608
23,5.050000000000001,-0.07537185855717388,0.08026539116246445
23,5.100000000000001,-0.07104623282927247,0.07565528421543843
23,5.15,-0.06692821294025997,0.07126635044531782
23,5.200000000000001,-0.06301056062516763,0.06709088380385209
23,5.25,-0.05928601940705658,0.06312115833528498
23,5.300000000000001,-0.05574735066461445,0.05934946667663754
23,5.350000000000001,-0.052387365652570406,0.05576815424059467
23,5.4,-0.04919895375407091,0.052369649379065186
23,5.450000000000001,-0.04617510723686191,0.04914648981758629
23,5.5,-0.043308942775901915,0.04609134564080419
23,5.550000000000001,-0.04059371999404204,0.04319703909748418
23,5.600000000000001,-0.0380228572602066,0.040456561480331166
23,5.65,-0.03558994497109813,0.03786308732159338
23,5.700000000000001,-0.033288756528330854,0.035409986130173765
23,5.75,-0.031113257208017053,0.033090831880090876
23,5.800000000000001,-0.02905761110463878,0.030899410443781195
23,5.850000000000001,-0.027116186315539803,0.028829725147132113
23,5.9,-0.025283558516840277,0.026876000606473882
23,5.950000000000001,-0.023554513066288862,0.025032684991344922
23,6.0,-0.021924045753590082,0.02329445084081705
24,-6.0,-0.004676564521991722,0.00446270770761803
24,-5.95,-0.0047551104073702,0.004507791676820361
24,-5.9,-0.00483896940299422,0.0045562024403107415
24,-5.85,-0.004928727966817981,0.004608446277936551
24,-5.8,-0.005024981362860448,0.0046650338701317295
24,-5.75,-0.00512833437959026,0.004726481080890466
24,-5.7,-0.005239402191636433,0.004793309925444689
24,-5.65,-0.005358811325084201,0.004866049683118767
24,-5.6,-0.0054872006901147685,0.004945238120004802
24,-5.55,-0.005625222648629968,0.005031422790521489
24,-5.5,-0.005773544088380156,0.005125162391489191
24,-5.45,-0.005932847479169112,0.00522702814696796
24,-5.4,-0.006103831890587497,0.0053376052066651525
24,-5.35,-0.006287213954714321,0.00545749404526763
24,-5.3,-0.006483728761134788,0.005587311854577948
24,-5.25,-0.006694130675516163,0.0057276939247898895
24,-5.2,-0.006919194076992152,0.005879295015793318
24,-5.15,-0.007159714013644791,0.006042790723975067
24,-5.1,-0.007416506779596155,0.0062188788546837515
24,-5.05,-0.007690410421596017,0.00640828081538114
24,-5.0,-0.007982285187559501,0.00661174304942147
24,-4.95,-0.008293013934316473,0.006830038535663441
24,-4.9,-0.008623502516778458,0.007063968384307451
24,-4.85,-0.008974680185919404,0.007314363564682402
24,-4.8,-0.009347500028107802,0.0075820868060700874
24,-4.75,-0.009742939483535995,0.007868034717771977
24,-4.7,-0.010162000986449371,0.008173140179348337
24,-4.65,-0.010605712774429676,0.008498375056205099
24,-4.6,-0.011075129917844428,0.008844753298847152
24,-4.55,-0.011571335623411727,0.009213334486105396
24,-4.5,-0.01209544286725972,0.009605227872752309
24,-4.45,-0.012648596412351498,0.01002159699975369
24,-4.4,-0.013231975262199658,0.010463664920339788
24,-4.35,-0.013846795596796913,0.01093272008631363
24,-4.3,-0.014494314226883631,0.011430122925954578
24,-4.25,-0.01517583258837929,0.01195731312645787
24,-4.2,-0.01589270127923026,0.012515817609477509
24,-4.15,-0.016646325115214022,0.013107259156848627
24,-4.1,-0.017438168648633567,0.013733365604291059
24,-4.05,-0.01826976205362918,0.014395979472894282
24,-4.0,-0.01914270723325151,0.015097067850802226
24,-3.9499999999999997,-0.020058683946253986,0.015838732270337275
24,-3.9,-0.021019455685256982,0.01662321824840607
24,-3.85,-0.022026874962954412,0.017452924070890496
24,-3.8,-0.02308288757967336,0.0183304083051965
24,-3.75,-0.024189535355247038,0.019258395420791885
24,-3.6999999999999997,-0.02534895671249293,0.020239778787411566
24,-3.65,-0.02656338440145989,0.02127762020764301
24,-3.5999999999999996,-0.0278351395565557,0.022375145029120524
24,-3.55,-0.029166621187667552,0.023535731776814117
24,-3.5,-0.030560290127278567,0.024762895154748055
24,-3.4499999999999997,-0.03201864639590868,0.02606026119708371
24,-3.4,-0.033544198916469536,0.02743153331067516
24,-3.3499999999999996,-0.03513942651441049,0.02888044795595146
24,-3.3,-0.03680672919587291,0.030410718772833523
24,-3.25,-0.03854836881246282,0.03202596808670988
24,-3.1999999999999997,-0.04036639841097589,0.03372964494002595
24,-3.15,-0.04226257984181103,0.03552492910158911
24,-3.0999999999999996,-0.044238289571704836,0.037414620920532826
24,-3.05,-0.0462944131240941,0.03940101742534541
24,-3.0,-0.048431229159213274,0.041485775726705754
24,-2.9499999999999997,-0.0506482849066523,0.043669765567140306
24,-2.9,-0.052944265469526464,0.04595291376417787
24,-2.8499999999999996,-0.055316860417236935,0.04833404430132582
24,-2.8,-0.057762632048374396,0.05081071890572586
24,-2.75,-0.06027689070045872,0.05337908407320979
24,-2.6999999999999997,-0.06285358345977343,0.05603373160653202
24,-2.65,-0.06548520352026044,0.0587675807524759
24,-2.5999999999999996,-0.06816272818030367,0.06157179087554843
24,-2.55,-0.07087559396487908,0.06443571419582517
24,-2.5,-0.07361171752515094,0.06734689834387941
24,-2.4499999999999997,-0.07635757070431382,0.07029114824234162
24,-2.4,-0.0790983173793105,0.07325265601385844
24,-2.3499999999999996,-0.0818180183206283,0.07621420615804286
24,-2.3,-0.08449990831103582,0.07915746108332034
24,-2.25,-0.08712674712169788,0.08206332921328086
24,-2.1999999999999997,-0.08968124270322031,0.08491241435526264
24,-2.15,-0.09214654121204457,0.08768554093069936
24,-2.0999999999999996,-0.09450677442649336,0.09036434520243963
24,-2.05,-0.09674765094401616,0.09293191804573642
24,-2.0,-0.09885707358171203,0.09537348041175608
24,-1.9500000000000002,-0.10082576195662596,0.09767706878603111
24,-1.8999999999999995,-0.1026478566465987,0.09983420502729023
24,-1.8499999999999996,-0.10432147995345575,0.10184052334384575
24,-1.7999999999999998,-0.10584922837611987,0.10369632712185872
24,-1.75,-0.10723857361943168,0.10540705005171436
24,-1.7000000000000002,-0.10850215234416227,0.10698359954614478
24,-1.6499999999999995,-0.10965792976727573,0.10844256566772881
24,-1.5999999999999996,-0.11072922833233445,0.10980628535227543
24,-1.5499999999999998,-0.11174461950092796,0.11110275911185985
24,-1.5,-0.11273768364221359,0.11236542496081814
24,-1.4500000000000002,-0.1137466493130288,0.11363280127362785
24,-1.3999999999999995,-0.11481392821615777,0.11494801589180081
24,-1.3499999999999996,-0.11598556517868297,0.11635824237428949
24,-1.2999999999999998,-0.11731062317003804,0.11791406535014604
24,-1.25,-0.11884052151627755,0.11966879528348517
24,-1.1999999999999993,-0.12062834123151145,0.12167774874514725
24,-1.1499999999999995,-0.12272810529843281,0.12399750401264598
24,-1.0999999999999996,-0.12519403461393486,0.12668513431794448
24,-1.0499999999999998,-0.12807977318934727,0.12979741335343986
24,-1.0,-0.13143757006760026,0.13338998074255404
24,-0.9499999999999993,-0.13531740103435563,0.13751644981582478
24,-0.8999999999999995,-0.13976601075294037,0.14222743637570634
24,-0.8499999999999996,-0.1448258548792618,0.14756948457728503
24,-0.7999999999999998,-0.15053392066286708,0.15358386320802997
24,-0.75,-0.15692040168982624,0.16030520069354726
24,-0.6999999999999993,-0.1640071962399181,0.16775991865900486
24,-0.6499999999999995,-0.17180618921228796,0.17596441212690528
24,-0.5999999999999996,-0.18031726777074542,0.18492291305274544
24,-0.5499999999999998,-0.18952601821154347,0.19462497124167233
24,-0.5,-0.19940106826272375,0.20504250617797348
24,-0.4499999999999993,-0.20989109048485488,0.21612644169532058
24,-0.39999999999999947,-0.22092158291758585,0.22780304807440332
24,-0.34999999999999964,-0.23239169841484936,0.23997028909221196
24,-0.2999999999999998,-0.24417159248937909,0.25249469158349
24,-0.25,-0.2561009638688911,0.2652094814380299
24,-0.1999999999999993,-0.2679896084973337,0.2779148927742283
24,-0.14999999999999947,-0.279620816042424,0.29038156855705766
24,-0.09999999999999964,-0.2907582358243431,0.302357752316305
24,-0.04999999999999982,-0.30115639685803614,0.3135804895323213
24,0.0,-0.3105744288691745,0.32379036201254374
24,0.05000000000000071,-0.31879182581394727,0.33274850857251215
24,0.10000000000000053,-0.3256245060295492,0.34025404238243384
24,0.15000000000000036,-0.330939136411529,0.3461596584694042
24,0.20000000000000018,-0.33466381136930884,0.3503833534697183
24,0.25,-0.3367936995345205,0.3529147421102077
24,0.3000000000000007,-0.33739106160316434,0.35381530949171447
24,0.35000000000000053,-0.3365799006062205,0.3532128673340098
24,0.40000000000000036,-0.3345362330861426,0.3512912707379947
24,0.4500000000000002,-0.3314754315079795,0.34827695357380417
24,0.5,-0.3276382407125871,0.34442400743458446
24,0.5500000000000007,-0.32327695122813166,0.33999940115288274
24,0.6000000000000005,-0.31864290556772124,0.3352696080873583
24,0.6500000000000004,-0.3139761189644886,0.33048948363186204
24,0.7000000000000002,-0.3094973983609698,0.32589380762702747
24,0.75,-0.30540300133621134,0.3216915386314706
24,0.8000000000000007,-0.3018616204903255,0.318062552036788
24,0.8500000000000005,-0.29901331626752736,0.3151564598097931
24,0.9000000000000004,-0.296969944487644,0.31309302759851965
24,0.9500000000000002,-0.29581661758086675,0.3119636972511093
24,1.0,-0.2956137809820781,0.31183376822413195
24,1.0500000000000007,-0.2963995589508515,0.31274486909059696
24,1.1000000000000005,-0.2981921103881123,0.3147174423863172
24,1.1500000000000004,-0.30099182185594564,0.3177530583397914
24,1.2000000000000002,-0.30478324284516767,0.32183645593053944
24,1.25,-0.30953673204815374,0.3269372775815599
24,1.3000000000000007,-0.31520983083702414,0.3330115143593445
24,1.3500000000000005,-0.3217484115512956,0.34000271208887944
24,1.4000000000000004,-0.3290876653423426,0.34784300717982686
24,1.4500000000000002,-0.33715299979584873,0.35645406694626486
24,1.5,-0.34586091319557927,0.3657480057849655
24,1.5500000000000007,-0.3551199028051193,0.3756283386114665
24,1.6000000000000005,-0.36483145128393846,0.3859910189285204
24,1.6500000000000004,-0.37489112024636684,0.39672559285713316
24,1.7000000000000002,-0.3851897645186583,0.40771648399168925
24,1.75,-0.39561486597903917,0.41884440825307406
24,1.8000000000000007,-0.40605197279946076,0.42998790389098124
24,1.8500000000000005,-0.41638621901862916,0.44102495005258296
24,1.9000000000000004,-0.4265038910339423,0.45183463829923115
24,1.9500000000000002,-0.4362940020012248,0.46229885534023896
24,2.0,-0.44564983231526084,0.47230393211913146
24,2.0500000000000007,-0.45447039420610746,0.4817422141320527
24,2.0999999999999996,-0.4626617807898291,0.4905135102358539
24,2.1500000000000004,-0.47013836430855815,0.4985263818461003
24,2.200000000000001,-0.4768238143471518,0.5056992408674659
24,2.25,-0.48265191403019236,0.5119612324131586
24,2.3000000000000007,-0.48756716007134426,0.5172528868046933
24,2.3499999999999996,-0.491525140569958,0.5215265339619302
24,2.4000000000000004,-0.494492692176696,0.524746481608361
24,2.450000000000001,-0.4964478453019171,0.5268889663173464
24,2.5,-0.49737957212656114,0.52794189299514
24,2.5500000000000007,-0.49728735709965943,0.5279043837225234
24,2.5999999999999996,-0.4961806132680142,0.5267861608471647
24,2.6500000000000004,-0.4940779701666965,0.5246067918147765
24,2.700000000000001,-0.4910064601617846,0.5213948245095614
24,2.75,-0.48700063019370254,0.5171868419653838
24,2.8000000000000007,-0.482101604975232,0.512026464374205
24,2.8499999999999996,-0.4763561260303386,0.5059633245482751
24,2.9000000000000004,-0.46981558870448803,0.4990520405874531
24,2.950000000000001,-0.4625350966162498,0.49135120665886356
24,3.0,-0.4545725501226987,0.4829224196948628
24,3.0500000000000007,-0.4459877823864872,0.47382935661760167
24,3.0999999999999996,-0.4368417536859138,0.46413691353953745
24,3.1500000000000004,-0.4271958118010214,0.4539104153771091
24,3.200000000000001,-0.41711102371386366,0.4432149015305513
24,3.25,-0.40664758153126046,0.43211449078227776
24,3.3000000000000007,-0.3958642835045014,0.4206718263828758
24,3.3499999999999996,-0.3848180892955171,0.4089476004416325
24,3.4000000000000004,-0.37356374722154495,0.39700015521619125
24,3.450000000000001,-0.3621534900874994,0.38488515768987397
24,3.5,-0.350636795366126,0.37265534291284386
24,3.5500000000000007,-0.3390602048840996,0.360360320936304
24,3.6000000000000014,-0.3274671987879314,0.34804644175555755
24,3.6500000000000004,-0.31589811836594794,0.3357567124647609
24,3.700000000000001,-0.30439013226119216,0.3235307607808986
24,3.75,-0.29297724069554265,0.3114048391853499
24,3.8000000000000007,-0.2816903125107948,0.29941186412954734
24,3.8500000000000014,-0.27055715009338077,0.28758148503039505
24,3.9000000000000004,-0.2596025775645274,0.2759401781183911
24,3.950000000000001,-0.24884854796861977,0.26451136057708513
24,4.0,-0.23831426556375157,0.2533155208099034
24,4.050000000000001,-0.2280163196974152,0.24237036107606735
24,4.100000000000001,-0.21796882712687715,0.23169094914039023
24,4.15,-0.20818358001000492,0.2212898759736981
24,4.200000000000001,-0.19867019714256706,0.2111774169153745
24,4.25,-0.18943627634793936,0.20136169406246873
24,4.300000000000001,-0.18048754623204344,0.19184883797803243
24,4.350000000000001,-0.17182801579871532,0.1826431471132629
24,4.4,-0.16346012067775417,0.1737472436128037
24,4.450000000000001,-0.1553848649498315,0.1651622244203944
24,4.5,-0.14760195775979357,0.15688780682353787
24,4.550000000000001,-0.1401099440937501,0.14892246777221219
24,4.600000000000001,-0.13290632925695944,0.14126357647914023
24,4.65,-0.12598769673044719,0.1339075199595171
24,4.700000000000001,-0.11934981920603893,0.12684982129792577
24,4.75,-0.11298776270380761,0.12008525054137409
24,4.800000000000001,-0.10689598376422738,0.11360792821147181
24,4.850000000000001,-0.10106841978147729,0.10741142150771055
24,4.9,-0.09549857260550709,0.10148883333892478
24,4.950000000000001,-0.09017958559037575,0.0958328843730577
24,5.0,-0.08510431430613608,0.0904359883376249
24,5.050000000000001,-0.08026539116246445,0.08529032083608479
24,5.100000000000001,-0.07565528421543832,0.08038788196992475
24,5.15,-0.07126635044531748,0.07572055307366787
24,5.200000000000001,-0.06709088380385198,0.07128014788125747
24,5.25,-0.06312115833528509,0.06705845844817249
24,5.300000000000001,-0.05934946667663765,0.0630472961550137
24,5.350000000000001,-0.05576815424059478,0.05923852811579933
24,5.4,-0.0523696493790653,0.0556241093085047
24,5.450000000000001,-0.04914648981758596,0.05219611073688324
24,5.5,-0.046091345640804526,0.04894674392191545
24,5.550000000000001,-0.04319703909748451,0.04586838200861876
24,5.600000000000001,-0.040456561480331166,0.04295357775982267
24,5.65,-0.037863087321593714,0.040195078693205044
24,5.700000000000001,-0.03540998613017354,0.037585839601549154
24,5.75,-0.03309083188009021,0.0351190326792018
24,5.800000000000001,-0.030899410443781417,0.03278805546019703
24,5.850000000000001,-0.028829725147131224,0.030586536755755733
24,5.9,-0.02687600060647366,0.028508340761050133
24,5.950000000000001,-0.025032684991344922,0.026547569483542532
24,6.0,-0.02329445084081705,0.024698563628077652
25,-6.0,-0.004462707707617142,0.004215143193206927
25,-5.95,-0.004507791676821249,0.004223760379129082
25,-5.9,-0.0045562024403107415,0.004233537412682509
25,-5.85,-0.004608446277937439,0.004244891812024143
25,-5.8,-0.0046650338701317295,0.004258240700129257
25,-5.75,-0.004726481080890466,0.004274001655153903
25,-5.7,-0.004793309925444689,0.004292593789720911
25,-5.65,-0.004866049683118323,0.004314439020036254
25,-5.6,-0.004945238120005246,0.004339963490527232
25,-5.55,-0.005031422790521489,0.004369599124720125
25,-5.5,-0.005125162391489635,0.004403785278390693
25,-5.45,-0.005227028146968404,0.004442970476194574
25,-5.4,-0.005337605206664708,0.004487614218297686
25,-5.35,-0.005457494045267186,0.004538188848640878
25,-5.3,-0.005587311854578392,0.004595181481669819
25,-5.25,-0.005727693924790334,0.004659095989405948
25,-5.2,-0.0058792950157919854,0.00473045505587244
25,-5.15,-0.006042790723972846,0.004809802311010358
25,-5.1,-0.006218878854685084,0.004897704561454219
25,-5.05,-0.006408280815382472,0.004994754140839497
25,-5.0,-0.006611743049420138,0.005101571407746697
25,-4.95,-0.006830038535663885,0.005218807424898664
25,-4.9,-0.007063968384307895,0.005347146858798446
25,-4.85,-0.007314363564681514,0.005487311144539042
25,-4.8,-0.0075820868060700874,0.0056400619659218165
25,-4.75,-0.007868034717771533,0.005806205106104301
25,-4.7,-0.008173140179348781,0.005986594728519812
25,-4.65,-0.008498375056205099,0.006182138151578975
25,-4.6,-0.008844753298847152,0.006393801183158132
25,-4.55,-0.009213334486104507,0.006622614081803313
25,-4.5,-0.009605227872752309,0.006869678210363439
25,-4.45,-0.010021596999754134,0.0071361734437571656
25,-4.4,-0.0104636649203389,0.00742336638521035
25,-4.35,-0.010932720086313186,0.0077326194336428955
25,-4.3,-0.011430122925955022,0.008065400728216154
25,-4.25,-0.011957313126458757,0.008423294973363582
25,-4.2,-0.012515817609477953,0.00880801511800744
25,-4.15,-0.013107259156848183,0.009221414825108631
25,-4.1,-0.013733365604291059,0.009665501621243244
25,-4.05,-0.014395979472893394,0.010142450559670557
25,-4.0,-0.01509706785080267,0.010654618163591145
25,-3.9499999999999997,-0.01583873227033683,0.011204556338495486
25,-3.9,-0.016623218248405625,0.011795025853414742
25,-3.85,-0.017452924070890496,0.01242900889072196
25,-3.8,-0.018330408305196055,0.013109720053776641
25,-3.75,-0.019258395420791885,0.0138406151024979
25,-3.6999999999999997,-0.02023977878741201,0.014625396561398496
25,-3.65,-0.021277620207643455,0.015468015216063336
25,-3.5999999999999996,-0.022375145029119636,0.016372666387204582
25,-3.55,-0.023535731776814117,0.017343779752148514
25,-3.5,-0.02476289515474761,0.018386001379732786
25,-3.4499999999999997,-0.026060261197083268,0.019504166564899172
25,-3.4,-0.02743153331067516,0.020703262004871714
25,-3.3499999999999996,-0.02888044795595146,0.021988375861980547
25,-3.3,-0.030410718772833967,0.023364634322682765
25,-3.25,-0.03202596808670988,0.02483712340310884
25,-3.1999999999999997,-0.03372964494002595,0.026410794983916297
25,-3.15,-0.035524929101588665,0.028090356396443195
25,-3.0999999999999996,-0.037414620920532826,0.029880143342178034
25,-3.05,-0.03940101742534541,0.0317839765197232
25,-3.0,-0.0414857757267062,0.033805003064933725
25,-2.9499999999999997,-0.043669765567140306,0.03594552478216784
25,-2.9,-0.045952913764178316,0.038206816150741396
25,-2.8499999999999996,-0.048334044301325374,0.04058893621387538
25,-2.8,-0.050810718905726304,0.04309053966845955
25,-2.75,-0.05337908407320979,0.04570869372931652
25,-2.6999999999999997,-0.05603373160653158,0.0484387085824336
25,-2.65,-0.05876758075247679,0.051273990392695534
25,-2.5999999999999996,-0.06157179087554843,0.05420592680237979
25,-2.55,-0.06443571419582517,0.05722381554360645
25,-2.5,-0.06734689834387941,0.060314847078235534
25,-2.4499999999999997,-0.07029114824234117,0.06346415195792332
25,-2.4,-0.073252656013858,0.06665492275680007
25,-2.3499999999999996,-0.07621420615804242,0.06986861887973683
25,-2.3,-0.07915746108331989,0.07308526023141582
25,-2.25,-0.08206332921328041,0.07628381263212525
25,-2.1999999999999997,-0.08491241435526264,0.07944266403088251
25,-2.15,-0.08768554093069891,0.08254018611145897
25,-2.0999999999999996,-0.09036434520243986,0.08555537100609234
25,-2.05,-0.09293191804573642,0.08846852779695125
25,-2.0,-0.09537348041175586,0.09126201863817762
25,-1.9500000000000002,-0.09767706878603111,0.09392101006315245
25,-1.8999999999999995,-0.09983420502729001,0.09643421176455247
25,-1.8499999999999996,-0.10184052334384619,0.09879457324166196
25,-1.7999999999999998,-0.1036963271218585,0.1009999085270592
25,-1.75,-0.1054070500517148,0.10305342094562775
25,-1.7000000000000002,-0.10698359954614478,0.10496410357581398
25,-1.6499999999999995,-0.10844256566772881,0.10674699663671605
25,-1.5999999999999996,-0.10980628535227521,0.10842329006753548
25,-1.5499999999999998,-0.1111027591118594,0.11002026755205341
25,-1.5,-0.11236542496081858,0.1115710964612826
25,-1.4500000000000002,-0.11363280127362829,0.11311447583444023
25,-1.3999999999999995,-0.11494801589180059,0.11469416077240524
25,-1.3499999999999996,-0.11635824237428949,0.11635838575027169
25,-1.2999999999999998,-0.11791406535014559,0.11815921083562397
25,-1.25,-0.1196687952834854,0.12015181338889747
25,-1.1999999999999993,-0.12167774874514725,0.12239374364270583
25,-1.1499999999999995,-0.12399750401264598,0.12494415610665799
25,-1.0999999999999996,-0.12668513431794426,0.12786302084915846
25,-1.0499999999999998,-0.12979741335343986,0.13121031039303954
25,-1.0,-0.13338998074255448,0.13504515023902686
25,-0.9499999999999993,-0.13751644981582456,0.13942491462044426
25,-0.8999999999999995,-0.14222743637570667,0.14440424413413688
25,-0.8499999999999996,-0.14756948457728492,0.15003395773688633
25,-0.7999999999999998,-0.15358386320803008,0.1563598268156654
25,-0.75,-0.16030520069354737,0.16342117181619442
25,-0.6999999999999993,-0.16775991865900475,0.17124923093544564
25,-0.6499999999999995,-0.17596441212690517,0.17986523625500683
25,-0.5999999999999996,-0.1849229130527451,0.18927811964229457
25,-0.5499999999999998,-0.1946249712416721,0.19948176808649642
25,-0.5,-0.2050425061779736,0.2104517705764164
25,-0.4499999999999993,-0.21612644169532091,0.2221416643462999
25,-0.39999999999999947,-0.22780304807440344,0.23447881380424085
25,-0.34999999999999964,-0.23997028909221185,0.24736024693519054
25,-0.2999999999999998,-0.25249469158349025,0.26064901674438423
25,-0.25,-0.2652094814380299,0.274171904736199
25,-0.1999999999999993,-0.27791489277422826,0.28771946334646614
25,-0.14999999999999947,-0.2903815685570577,0.30104940920620704
25,-0.09999999999999964,-0.30235775231630485,0.31389414339449706
25,-0.04999999999999982,-0.3135804895323214,0.3259726532465177
25,0.0,-0.32379036201254363,0.33700629515591274
25,0.05000000000000071,-0.33274850857251215,0.3467371202911662
25,0.10000000000000053,-0.34025404238243395,0.35494670414908813
25,0.15000000000000036,-0.34615965846940416,0.36147309239276315
25,0.20000000000000018,-0.3503833534697184,0.3662236092747845
25,0.25,-0.3529147421102077,0.3691818789568645
25,0.3000000000000007,-0.35381530949171425,0.37040833131348183
25,0.35000000000000053,-0.35321286733401,0.37003446689618336
25,0.40000000000000036,-0.3512912707379947,0.36825200781682654
25,0.4500000000000002,-0.34827695357380445,0.36529860419911586
25,0.5,-0.34442400743458446,0.3614419476733888
25,0.5500000000000007,-0.3399994011528825,0.356964007262938
25,0.6000000000000005,-0.33526960808735823,0.3521467492994458
25,0.6500000000000004,-0.33048948363186204,0.3472602470857513
25,0.7000000000000002,-0.3258938076270276,0.34255362703573056
25,0.75,-0.3216915386314707,0.3382489038078039
25,0.8000000000000007,-0.31806255203678796,0.33453746252077765
25,0.8500000000000005,-0.31515645980979323,0.3315787598904807
25,0.9000000000000004,-0.31309302759851965,0.3295007285737309
25,0.9500000000000002,-0.3119636972511093,0.32840136089820104
25,1.0,-0.311833768224132,0.32835099664466716
25,1.0500000000000007,-0.3127448690905969,0.3293949223548352
25,1.1000000000000005,-0.3147174423863173,0.3315559875573181
25,1.1500000000000004,-0.3177530583397914,0.33483704144383797
25,1.2000000000000002,-0.32183645593053944,0.3392230816319891
25,1.25,-0.3269372775815598,0.34468307877676185
25,1.3000000000000007,-0.3330115143593445,0.3511714945762942
25,1.3500000000000005,-0.3400027120888795,0.35862954644608797
25,1.4000000000000004,-0.3478430071798269,0.3669862918123497
25,1.4500000000000002,-0.35645406694626486,0.37615961149646926
25,1.5,-0.3657480057849656,0.38605716819249314
25,1.5500000000000007,-0.3756283386114665,0.3965774055885513
25,1.6000000000000005,-0.38599101892852045,0.4076106388777821
25,1.6500000000000004,-0.3967255928571332,0.4190402703993641
25,1.7000000000000002,-0.4077164839916893,0.430744146637034
25,1.75,-0.4188444082530743,0.44259605606547925
25,1.8000000000000007,-0.42998790389098124,0.45446735232303875
25,1.8500000000000005,-0.44102495005258313,0.466228674579111
25,1.9000000000000004,-0.45183463829923126,0.47775172720794906
25,1.9500000000000002,-0.46229885534023885,0.4889110742315366
25,2.0,-0.47230393211913146,0.49958590052662294
25,2.0500000000000007,-0.48174221413205265,0.5096616914085024
25,2.0999999999999996,-0.4905135102358539,0.519031784654172
25,2.1500000000000004,-0.4985263818461003,0.5275987539215359
25,2.200000000000001,-0.5056992408674659,0.5352755893642023
25,2.25,-0.5119612324131585,0.5419866494688617
25,2.3000000000000007,-0.5172528868046933,0.5476683671622311
25,2.3499999999999996,-0.5215265339619303,0.5522697024696228
25,2.4000000000000004,-0.524746481608361,0.5557523429316331
25,2.450000000000001,-0.5268889663173464,0.5580906611552214
25,2.5,-0.5279418929951402,0.5592714459480908
25,2.5500000000000007,-0.5279043837225232,0.5592934292285526
25,2.5999999999999996,-0.5267861608471647,0.5581666351947301
25,2.6500000000000004,-0.5246067918147765,0.5559115810548536
25,2.700000000000001,-0.5213948245095614,0.5525583600281933
25,2.75,-0.5171868419653839,0.5481456374537095
25,2.8000000000000007,-0.512026464374205,0.5427195898677948
25,2.8499999999999996,-0.505963324548275,0.5363328150377499
25,2.9000000000000004,-0.4990520405874531,0.5290432383785082
25,2.950000000000001,-0.49135120665886356,0.5209130381469383
25,3.0,-0.4829224196948628,0.5120076084962907
25,3.0500000000000007,-0.4738293566176017,0.5023945760555886
25,3.0999999999999996,-0.46413691353953745,0.4921428823203442
25,3.1500000000000004,-0.45391041537710897,0.4813219409181202
25,3.200000000000001,-0.4432149015305512,0.47000087583239847
25,3.25,-0.4321144907822777,0.45824784399114415
25,3.3000000000000007,-0.4206718263828758,0.4461294432883629
25,3.3499999999999996,-0.4089476004416325,0.43371020512325953
25,3.4000000000000004,-0.39700015521619136,0.42105216891084674
25,3.450000000000001,-0.38488515768987397,0.4082145347256072
25,3.5,-0.37265534291284386,0.3952533892620459
25,3.5500000000000007,-0.360360320936304,0.38222149960232266
25,3.6000000000000014,-0.34804644175555755,0.3691681688376647
25,3.6500000000000004,-0.3357567124647609,0.35613914736133645
25,3.700000000000001,-0.3235307607808986,0.34317659360153774
25,3.75,-0.3114048391853501,0.3303190780589961
25,3.8000000000000007,-0.29941186412954757,0.3176016247252419
25,3.8500000000000014,-0.2875814850303948,0.3050557842555147
25,3.9000000000000004,-0.2759401781183912,0.29270973363039465
25,3.950000000000001,-0.264511360577085,0.2805883974414747
25,4.0,-0.25331552080990294,0.26871358636081744
25,4.050000000000001,-0.24237036107606702,0.2571041487872068
25,4.100000000000001,-0.23169094914039023,0.24577613209260873
25,4.15,-0.2212898759736981,0.23474295031076753
25,4.200000000000001,-0.21117741691537484,0.2240155555099016
25,4.25,-0.2013616940624683,0.21360261046817408
25,4.300000000000001,-0.19184883797803254,0.20351066062083256
25,4.350000000000001,-0.18264314711326257,0.1937443035699985
25,4.4,-0.1737472436128038,0.18430635474112256
25,4.450000000000001,-0.16516222442039452,0.1751980080343566
25,4.5,-0.1568878068235382,0.16641899055516274
25,4.550000000000001,-0.1489224677722123,0.15796771071766946
25,4.600000000000001,-0.1412635764791399,0.1498413991980122
25,4.65,-0.133907519959517,0.14203624237498913
25,4.700000000000001,-0.1268498212979252,0.13454750803354154
25,4.75,-0.12008525054137431,0.12736966322484344
25,4.800000000000001,-0.11360792821147125,0.12049648427682591
25,4.850000000000001,-0.10741142150771044,0.11392115903284983
25,4.9,-0.101488833338925,0.10763638146538224
25,4.950000000000001,-0.09583288437305781,0.1016344388678514
25,5.0,-0.09043598833762534,0.09590729187264757
25,5.050000000000001,-0.08529032083608445,0.09044664757803511
25,5.100000000000001,-0.08038788196992441,0.0852440260927324
25,5.15,-0.07572055307366798,0.08029082082531003
25,5.200000000000001,-0.07128014788125747,0.07557835285738379
25,5.25,-0.0670584584481726,0.07109791974571855
25,5.300000000000001,-0.06304729615501392,0.06684083909974248
25,5.350000000000001,-0.05923852811579944,0.06279848727818393
25,5.4,-0.05562410930850481,0.058962333542389445
25,5.450000000000001,-0.05219611073688313,0.055323969994753086
25,5.5,-0.04894674392191578,0.05187513761923501
25,5.550000000000001,-0.04586838200861898,0.048607748727445554
25,5.600000000000001,-0.04295357775982267,0.04551390609868089
25,5.65,-0.04019507869320482,0.04258591908593268
25,5.700000000000001,-0.037585839601549154,0.03981631694245724
25,5.75,-0.03511903267920169,0.03719785960535105
25,5.800000000000001,-0.03278805546019692,0.03472354615388662
25,5.850000000000001,-0.030586536755755622,0.032386621141410665
25,5.9,-0.02850834076105002,0.03018057898056936
25,5.950000000000001,-0.02654756948354242,0.02809916654288036
25,6.0,-0.02469856362807832,0.026136384115372335
26,-6.0,-0.004215143193206927,0.003933870978763743
26,-5.95,-0.0042237603791299705,0.0039030165142994733
26,-5.9,-0.004233537412683397,0.0038709743201144065
26,-5.85,-0.004244891812025031,0.003838064569080757
26,-5.8,-0.004258240700129257,0.003804601852852585
26,-5.75,-0.004274001655154347,0.0037708961023783516
26,-5.7,-0.004292593789720023,0.0037372537844628795
26,-5.65,-0.004314439020036254,0.0037039793358379924
26,-5.6,-0.004339963490527232,0.0036713768016829462
26,-5.55,-0.004369599124721013,0.0036397516512263195
26,-5.5,-0.004403785278390249,0.0036094127490828853
26,-5.45,-0.004442970476194574,0.003580674466847178
26,-5.4,-0.004487614218296798,0.003553858925484654
26,-5.35,-0.004538188848640434,0.0035292983648327336
26,-5.3,-0.004595181481669375,0.0035073376424081815
26,-5.25,-0.004659095989406392,0.003488336869364339
26,-5.2,-0.004730455055873772,0.00347267419723174
26,-5.15,-0.0048098023110112464,0.003460748774755551
26,-5.1,-0.004897704561454219,0.0034529838999013407
26,-5.05,-0.004994754140838165,0.0034498303979644263
26,-5.0,-0.005101571407746253,0.0034517702625391777
26,-4.95,-0.005218807424899108,0.0034593206020243628
26,-4.9,-0.005347146858798446,0.003473037940249668
26,-4.85,-0.00548731114453771,0.003493522925488435
26,-4.8,-0.0056400619659218165,0.003521425507663878
26,-4.75,-0.005806205106104745,0.0035574506485342994
26,-4.7,-0.005986594728519812,0.0036023646339629067
26,-4.65,-0.006182138151579419,0.0036570020605513065
26,-4.6,-0.006393801183157688,0.003722273570777368
26,-4.55,-0.006622614081803313,0.0037991744105063674
26,-4.5,-0.006869678210363439,0.0038887938800948874
26,-4.45,-0.0071361734437571656,0.00399232574436148
26,-4.4,-0.00742336638521035,0.004111079656810901
26,-4.35,-0.007732619433641563,0.004246493638782489
26,-4.3,-0.008065400728215266,0.004400147633666585
26,-4.25,-0.00842329497336225,0.004573778129089767
26,-4.2,-0.008808015118006107,0.004769293804814723
26,-4.15,-0.009221414825107743,0.004988792119990926
26,-4.1,-0.009665501621243688,0.005234576699490567
26,-4.05,-0.010142450559671445,0.005509175313961556
26,-4.0,-0.010654618163591145,0.005815358171616047
26,-3.9499999999999997,-0.011204556338495486,0.006156156150729508
26,-3.9,-0.011795025853414742,0.0065348785002834475
26,-3.85,-0.012429008890721516,0.006955129422446582
26,-3.8,-0.013109720053776641,0.007420822825414675
26,-3.75,-0.013840615102498344,0.007936194400365082
26,-3.6999999999999997,-0.014625396561398052,0.008505810034449723
26,-3.65,-0.01546801521606378,0.009134569426720418
26,-3.5999999999999996,-0.016372666387204138,0.009827703630807427
26,-3.55,-0.017343779752147626,0.010590765113668077
26,-3.5,-0.018386001379732786,0.01142960880223498
26,-3.4499999999999997,-0.019504166564899172,0.012350362499356393
26,-3.4,-0.020703262004870826,0.013359384999057866
26,-3.3499999999999996,-0.021988375861980103,0.014463210232497747
26,-3.3,-0.02336463432268232,0.015668475845417973
26,-3.25,-0.024837123403108397,0.016981834761657044
26,-3.1999999999999997,-0.026410794983916297,0.018409848542648266
26,-3.15,-0.028090356396443195,0.019958861726374177
26,-3.0999999999999996,-0.029880143342178478,0.021634856836640015
26,-3.05,-0.0317839765197232,0.0234432904072297
26,-3.0,-0.033805003064933725,0.025388911173897633
26,-2.9499999999999997,-0.03594552478216828,0.027475562551735333
26,-2.9,-0.03820681615074051,0.029705972629213928
26,-2.8499999999999996,-0.04058893621387538,0.032081536154886514
26,-2.8,-0.04309053966845955,0.034602094336576794
26,-2.75,-0.04570869372931652,0.037265719668778896
26,-2.6999999999999997,-0.04843870858243404,0.04006851438748216
26,-2.65,-0.05127399039269509,0.04300443244091756
26,-2.5999999999999996,-0.054205926802379345,0.04606513596079642
26,-2.55,-0.05722381554360645,0.04923989800822204
26,-2.5,-0.06031484707823509,0.05251556372821975
26,-2.4499999999999997,-0.06346415195792288,0.05587658185105848
26,-2.4,-0.06665492275680007,0.059305117608134506
26,-2.3499999999999996,-0.06986861887973639,0.06278125648571065
26,-2.3,-0.07308526023141626,0.06628330575532226
26,-2.25,-0.07628381263212525,0.06978819737823416
26,-2.1999999999999997,-0.07944266403088251,0.07327199173008081
26,-2.15,-0.08254018611145897,0.07671047675432563
26,-2.0999999999999996,-0.08555537100609278,0.08007985183745214
26,-2.05,-0.08846852779695125,0.08335748019766243
26,-2.0,-0.09126201863817829,0.08652268826097886
26,-1.9500000000000002,-0.0939210100631529,0.08955758578799067
26,-1.8999999999999995,-0.09643421176455269,0.09244787685838629
26,-1.8499999999999996,-0.09879457324166219,0.09518362964690352
26,-1.7999999999999998,-0.1009999085270592,0.09775997259172353
26,-1.75,-0.10305342094562775,0.10017768630117097
26,-1.7000000000000002,-0.10496410357581376,0.10244366443316899
26,-1.6499999999999995,-0.1067469966367165,0.10457122267423946
26,-1.5999999999999996,-0.10842329006753526,0.10658024247811593
26,-1.5499999999999998,-0.11002026755205341,0.10849714482150885
26,-1.5,-0.11157109646128238,0.11035469814360477
26,-1.4500000000000002,-0.11311447583444001,0.1121916729954644
26,-1.3999999999999995,-0.11469416077240568,0.11405236285797216
26,-1.3499999999999996,-0.11635838575027169,0.11598599530662934
26,-1.2999999999999998,-0.11815921083562397,0.11804605962647274
26,-1.25,-0.12015181338889791,0.1202895758325142
26,-1.1999999999999993,-0.12239374364270539,0.12277632592418586
26,-1.1499999999999995,-0.12494415610665777,0.12556806158046951
26,-1.0999999999999996,-0.12786302084915846,0.12872769420757724
26,-1.0499999999999998,-0.13121031039303999,0.13231846430814764
26,-1.0,-0.13504515023902686,0.13640307855701828
26,-0.9499999999999993,-0.13942491462044426,0.14104279544821452
26,-0.8999999999999995,-0.1444042441341371,0.146296434028232
26,-0.8499999999999996,-0.15003395773688655,0.15221927435806637
26,-0.7999999999999998,-0.15635982681566563,0.15886181148577427
26,-0.75,-0.1634211718161943,0.16626831505776773
26,-0.6999999999999993,-0.17124923093544586,0.17447513306924178
26,-0.6499999999999995,-0.17986523625500672,0.18350866159659218
26,-0.5999999999999996,-0.18927811964229435,0.19338288753939303
26,-0.5499999999999998,-0.1994817680864963,0.2040964087460162
26,-0.5,-0.2104517705764165,0.21562886145805193
26,-0.4499999999999993,-0.2221416643463,0.22793675843779249
26,-0.39999999999999947,-0.23447881380424085,0.24094888010709825
26,-0.34999999999999964,-0.24736024693519054,0.25456157194378526
26,-0.2999999999999998,-0.26064901674438423,0.26863456797206053
26,-0.25,-0.2741719047361989,0.28298823376339843
26,-0.1999999999999993,-0.28771946334646614,0.29740332021404736
26,-0.14999999999999947,-0.30104940920620704,0.311624337989872
26,-0.09999999999999964,-0.31389414339449734,0.32536740905892025
26,-0.04999999999999982,-0.3259726532465177,0.3383328880006249
26,0.0,-0.3370062951559128,0.35022222829928196
26,0.05000000000000071,-0.3467371202911662,0.36075766096990947
26,0.10000000000000053,-0.354946704149088,0.3697024913295113
26,0.15000000000000036,-0.3614730923927634,0.37687943818160696
26,0.20000000000000018,-0.36622360927478437,0.38218457878450707
26,0.25,-0.36918187895686466,0.3855951100744913
26,0.3000000000000007,-0.370408331313482,0.3871701270684669
26,0.35000000000000053,-0.37003446689618336,0.38704469929274066
26,0.40000000000000036,-0.3682520078168265,0.3854184443226383
26,0.4500000000000002,-0.365298604199116,0.38254038338391394
26,0.5,-0.361441947673389,0.3786920614290006
26,0.5500000000000007,-0.3569640072629381,0.3741707695582983
26,0.6000000000000005,-0.3521467492994459,0.3692743292039846
26,0.6500000000000004,-0.3472602470857511,0.364288409326156
26,0.7000000000000002,-0.34255362703573056,0.35947685658707884
26,0.75,-0.33824890380780387,0.35507509686521077
26,0.8000000000000007,-0.33453746252077765,0.3512863519422942
26,0.8500000000000005,-0.33157875989048075,0.34828021650959007
26,0.9000000000000004,-0.3295007285737309,0.34619304741327783
26,0.9500000000000002,-0.3284013608982012,0.3451296085221426
26,1.0,-0.3283509966446671,0.34516546624368327
26,1.0500000000000007,-0.32939492235483525,0.34634971874356635
26,1.1000000000000005,-0.3315559875573181,0.34870774590111453
26,1.1500000000000004,-0.33483704144383797,0.35224377116808503
26,1.2000000000000002,-0.3392230816319891,0.35694311994951655
26,1.25,-0.3446830787767618,0.3627741356337594
26,1.3000000000000007,-0.3511714945762942,0.3696897714878734
26,1.3500000000000005,-0.358629546446088,0.3776289146229208
26,1.4000000000000004,-0.3669862918123497,0.38651751923991085
26,1.4500000000000002,-0.37615961149646926,0.3962696334464612
26,1.5,-0.3860571681924931,0.4067884004181618
26,1.5500000000000007,-0.39657740558855137,0.41796710373637413
26,1.6000000000000005,-0.40761063887778215,0.4296903111317241
26,1.6500000000000004,-0.4190402703993641,0.44183515287306
26,1.7000000000000002,-0.43074414663703403,0.4542727524546921
26,1.75,-0.44259605606547914,0.46686980941625383
26,1.8000000000000007,-0.45446735232303875,0.47949031809563336
26,1.8500000000000005,-0.466228674579111,0.4919973925982132
26,1.9000000000000004,-0.4777517272079491,0.5042551577600961
26,1.9500000000000002,-0.4889110742315367,0.5161306586751176
26,2.0,-0.4995859005266229,0.527495737537736
26,2.0500000000000007,-0.5096616914085024,0.5382288260354569
26,2.0999999999999996,-0.519031784654172,0.5482166040447838
26,2.1500000000000004,-0.527598753921536,0.5573554805348649
26,2.200000000000001,-0.5352755893642023,0.5655528598373609
26,2.25,-0.5419866494688617,0.5727281651973023
26,2.3000000000000007,-0.5476683671622311,0.5788136011439577
26,2.3499999999999996,-0.5522697024696229,0.5837546460930352
26,2.4000000000000004,-0.5557523429316331,0.5875102761465114
26,2.450000000000001,-0.5580906611552213,0.5900529298155425
26,2.5,-0.5592714459480908,0.5913682309854136
26,2.5500000000000007,-0.5592934292285526,0.5914544936177465
26,2.5999999999999996,-0.5581666351947302,0.5903220363107102
26,2.6500000000000004,-0.5559115810548535,0.5879923378869281
26,2.700000000000001,-0.5525583600281933,0.5844970667176792
26,2.75,-0.5481456374537095,0.5798770166586795
26,2.8000000000000007,-0.5427195898677947,0.5741809814560018
26,2.8499999999999996,-0.5363328150377498,0.5674645974987633
26,2.9000000000000004,-0.5290432383785083,0.5597891820776533
26,2.950000000000001,-0.5209130381469385,0.5512205910804743
26,3.0,-0.5120076084962907,0.5418281165269828
26,3.0500000000000007,-0.5023945760555886,0.5316834407004475
26,3.0999999999999996,-0.4921428823203441,0.5208596600283348
26,3.1500000000000004,-0.4813219409181202,0.5094303884240542
26,3.200000000000001,-0.4700008758323986,0.49746894661940466
26,3.25,-0.45824784399114404,0.48504764115786014
26,3.3000000000000007,-0.4461294432883628,0.47223713422096303
26,3.3499999999999996,-0.4337102051232594,0.4591059033403987
26,3.4000000000000004,-0.42105216891084674,0.4457197883055116
26,3.450000000000001,-0.4082145347256072,0.4321416211946987
26,3.5,-0.3952533892620459,0.41843093441373247
26,3.5500000000000007,-0.38222149960232266,0.4046437408821544
26,3.6000000000000014,-0.36916816883766457,0.39083238003425214
26,3.6500000000000004,-0.35613914736133645,0.37704542305567534
26,3.700000000000001,-0.34317659360153785,0.36332763072311025
26,3.75,-0.3303190780589962,0.3497199573164813
26,3.8000000000000007,-0.3176016247252418,0.3362595942978791
26,3.8500000000000014,-0.3050557842555144,0.32298004776874023
26,3.9000000000000004,-0.29270973363039454,0.30991124410053783
26,3.950000000000001,-0.2805883974414747,0.297079658561789
26,4.0,-0.26871358636081766,0.28450846221649395
26,4.050000000000001,-0.25710414878720655,0.2722176828308335
26,4.100000000000001,-0.24577613209260862,0.26022437598353254
26,4.15,-0.23474295031076764,0.248542803021213
26,4.200000000000001,-0.22401555550990127,0.23718461292614867
26,4.25,-0.21360261046817386,0.22615902556505552
26,4.300000000000001,-0.20351066062083234,0.2154730141604434
26,4.350000000000001,-0.19374430356999817,0.20513148516892266
26,4.4,-0.18430635474112256,0.1951374540627102
26,4.450000000000001,-0.17519800803435626,0.1854922157917177
26,4.5,-0.16641899055516252,0.17619550895466796
26,4.550000000000001,-0.1579677107176698,0.16724567293012238
26,4.600000000000001,-0.1498413991980121,0.15863979741357526
26,4.65,-0.14203624237498902,0.1503738639768628
26,4.700000000000001,-0.1345475080335412,0.14244287941288603
26,4.75,-0.12736966322484333,0.13484100075421512
26,4.800000000000001,-0.12049648427682591,0.12756165196029023
26,4.850000000000001,-0.11392115903285016,0.1205976323568948
26,4.9,-0.10763638146538224,0.11394121698487936
26,4.950000000000001,-0.1016344388678514,0.10758424907475594
26,5.0,-0.09590729187264757,0.10151822491120432
26,5.050000000000001,-0.090446647578035,0.09573437138831542
26,5.100000000000001,-0.08524402609273274,0.09022371658386052
26,5.15,-0.08029082082531014,0.08497715370024472
26,5.200000000000001,-0.07557835285738368,0.07998549873223104
26,5.25,-0.07109791974571822,0.07523954222792306
26,5.300000000000001,-0.06684083909974259,0.0707300955108241
26,5.350000000000001,-0.06279848727818349,0.06644803172774894
26,5.4,-0.05896233354238967,0.06238432208071909
26,5.450000000000001,-0.05532396999475342,0.05853006759119583
26,5.5,-0.051875137619235456,0.054876526732763
26,5.550000000000001,-0.048607748727445665,0.051415139253965014
26,5.600000000000001,-0.04551390609868067,0.048137546496905825
26,5.65,-0.042585919085932344,0.045035608499776614
26,5.700000000000001,-0.03981631694245724,0.04210141815289803
26,5.75,-0.03719785960535127,0.03932731265853773
26,5.800000000000001,-0.03472354615388662,0.036705882524849964
26,5.850000000000001,-0.032386621141410776,0.0342299783040968
26,5.9,-0.030180578980568917,0.03189271526503168
26,5.950000000000001,-0.02809916654288025,0.02968747616935896
26,6.0,-0.02613638411537189,0.02760791230270132
27,-6.0,-0.003933870978763743,0.003618891064285812
27,-5.95,-0.003903016514299029,0.0035455600823270927
27,-5.9,-0.0038709743201135183,0.0034685131626002175
27,-5.85,-0.0038380645690798687,0.0033879645491055044
27,-5.8,-0.003804601852852141,0.0033041173283017145
27,-5.75,-0.0037708961023787957,0.0032171644225664764
27,-5.7,-0.0037372537844628795,0.0031272899096723705
27,-5.65,-0.0037039793358393247,0.0030346706305248716
27,-5.6,-0.0036713768016833903,0.0029394780534719445
27,-5.55,-0.0036397516512272077,0.002841880370040961
27,-5.5,-0.0036094127490828853,0.0027420448035666567
27,-5.45,-0.003580674466848066,0.0026401401189275475
27,-5.4,-0.0035538589254850983,0.002536339328226944
27,-5.35,-0.003529298364833622,0.0024308225938467487
27,-5.3,-0.0035073376424081815,0.0023237803367939236
27,-5.25,-0.003488336869363451,0.002215416564662398
27,-5.2,-0.00347267419723174,0.002105952439870329
27,-5.15,-0.003460748774755995,0.0019956301152079803
27,-5.1,-0.0034529838999013407,0.0018847168700277805
27,-5.05,-0.0034498303979657585,0.0017735095867612571
27,-5.0,-0.0034517702625387336,0.0016623396137962487
27,-4.95,-0.0034593206020234746,0.0015515780670378732
27,-4.9,-0.003473037940249224,0.0014416416286620048
27,-4.85,-0.003493522925488879,0.001332998907534133
27,-4.8,-0.003521425507663878,0.0012261774312953833
27,-4.75,-0.0035574506485338553,0.0011217713450628608
27,-4.7,-0.0036023646339620186,0.0010204498956749575
27,-4.65,-0.0036570020605504183,0.0009229667831212041
27,-4.6,-0.003722273570777368,0.0008301704617066363
27,-4.55,-0.0037991744105068115,0.0007430154722145588
27,-4.5,-0.0038887938800953314,0.0006625748819457655
27,-4.45,-0.003992325744361924,0.0005900539015648576
27,-4.4,-0.004111079656811789,0.0005268047351441041
27,-4.35,-0.004246493638782489,0.0004743427017350754
27,-4.3,-0.004400147633665252,0.00043436364230498015
27,-4.25,-0.004573778129090211,0.0004087625936417538
27,-4.2,-0.0047692938048142786,0.00039965366990291074
27,-4.15,-0.004988792119990038,0.0004093910414972868
27,-4.1,-0.005234576699490567,0.00044059083903214
27,-4.05,-0.005509175313961556,0.0004961537357655033
27,-4.0,-0.005815358171616936,0.0005792878748787089
27,-3.9499999999999997,-0.006156156150729508,0.0006935317070384528
27,-3.9,-0.0065348785002834475,0.0008427761890121843
27,-3.85,-0.006955129422446582,0.0010312856660652514
27,-3.8,-0.007420822825415119,0.0012637166201105998
27,-3.75,-0.00793619440036597,0.0015451333143952084
27,-3.6999999999999997,-0.008505810034450612,0.0018810192065696896
27,-3.65,-0.009134569426720862,0.0022772828396142586
27,-3.5999999999999996,-0.009827703630807871,0.0027402567599299488
27,-3.55,-0.010590765113668077,0.003276687861373695
27,-3.5,-0.011429608802234537,0.0038937174222519744
27,-3.4499999999999997,-0.012350362499356837,0.004598849000456262
27,-3.4,-0.013359384999057866,0.0053999022932358365
27,-3.3499999999999996,-0.014463210232497747,0.006304951067503506
27,-3.3,-0.015668475845417973,0.007322243341040036
27,-3.25,-0.016981834761657044,0.008460102162356264
27,-3.1999999999999997,-0.018409848542648266,0.009726805616221412
27,-3.15,-0.019958861726374177,0.011130445091381613
27,-3.0999999999999996,-0.021634856836640015,0.01267876140391877
27,-3.05,-0.0234432904072297,0.014378959087862686
27,-3.0,-0.02538891117389719,0.01623750005359703
27,-2.9499999999999997,-0.02747556255173489,0.018259878875839686
27,-2.9,-0.029705972629213928,0.020450383199596356
27,-2.8499999999999996,-0.03208153615488607,0.02281184412435877
27,-2.8,-0.034602094336576794,0.025345382910076708
27,-2.75,-0.03726571966877845,0.02805016189159737
27,-2.6999999999999997,-0.0400685143874826,0.030923149021676366
27,-2.65,-0.04300443244091712,0.03395890689714154
27,-2.5999999999999996,-0.04606513596079642,0.037149418350798324
27,-2.55,-0.04923989800822248,0.04048396158967282
27,-2.5,-0.052515563728219306,0.043949048293831616
27,-2.4499999999999997,-0.05587658185105804,0.047528437921748434
27,-2.4,-0.059305117608134506,0.051203240567862185
27,-2.3499999999999996,-0.06278125648571065,0.05495211897596519
27,-2.3,-0.06628330575532226,0.05875159765503968
27,-2.25,-0.06978819737823372,0.06257648345160449
27,-2.1999999999999997,-0.07327199173008037,0.06640039745285575
27,-2.15,-0.07671047675432563,0.07019641285929934
27,-2.0999999999999996,-0.08007985183745214,0.0739377876965186
27,-2.05,-0.08335748019766176,0.07759877524786729
27,-2.0,-0.08652268826097864,0.08115548928015759
27,-1.9500000000000002,-0.08955758578799067,0.08458679596054486
27,-1.8999999999999995,-0.09244787685838585,0.08787520030879037
27,-1.8499999999999996,-0.09518362964690352,0.09100769255957131
27,-1.7999999999999998,-0.09775997259172353,0.09397651931585038
27,-1.75,-0.10017768630117052,0.09677984611834445
27,-1.7000000000000002,-0.10244366443316943,0.09942228211821114
27,-1.6499999999999995,-0.10457122267423946,0.10191524378029726
27,-1.5999999999999996,-0.10658024247811615,0.10427714258401632
27,-1.5499999999999998,-0.10849714482150885,0.10653339092022707
27,-1.5,-0.11035469814360455,0.10871623000778641
27,-1.4500000000000002,-0.1121916729954644,0.11086439275670035
27,-1.3999999999999995,-0.11405236285797216,0.11302262214850067
27,-1.3499999999999996,-0.11598599530662934,0.11524107104336245
27,-1.2999999999999998,-0.11804605962647319,0.11757461172269279
27,-1.25,-0.1202895758325142,0.12008208261433495
27,-1.1999999999999993,-0.12277632592418564,0.12282549558958777
27,-1.1499999999999995,-0.1255680615804693,0.12586922043408055
27,-1.0999999999999996,-0.1287276942075768,0.12927915439319948
27,-1.0499999999999998,-0.13231846430814742,0.1331218750987615
27,-1.0,-0.13640307855701828,0.13746376569652785
27,-0.9499999999999993,-0.14104279544821452,0.14237009229913555
27,-0.8999999999999995,-0.14629643402823223,0.14790400605799103
27,-0.8499999999999996,-0.15221927435806626,0.1541254344408236
27,-0.7999999999999998,-0.15886181148577427,0.16108981721835525
27,-0.75,-0.16626831505776796,0.1688466304182672
27,-0.6999999999999993,-0.17447513306924178,0.1774376250603924
27,-0.6499999999999995,-0.1835086615965923,0.186894688151662
27,-0.5999999999999996,-0.19338288753939292,0.19723721674404082
27,-0.5499999999999998,-0.2040964087460162,0.2084688932202312
27,-0.5,-0.21562886145805193,0.2205737788228801
27,-0.4499999999999993,-0.2279367584377926,0.2335117239697988
27,-0.39999999999999947,-0.24094888010709836,0.24721324698297642
27,-0.34999999999999964,-0.25456157194378526,0.2615742641179961
27,-0.2999999999999998,-0.2686345679720606,0.2764513452665194
27,-0.25,-0.2829882337633982,0.29165846851962796
27,-0.1999999999999993,-0.2974033202140475,0.3069664633769722
27,-0.14999999999999947,-0.31162433798987216,0.32210635490805317
27,-0.09999999999999964,-0.3253674090589204,0.3367775493095746
27,-0.04999999999999982,-0.338332888000625,0.3506611937946429
27,0.0,-0.350222228299282,0.36343816144265095
27,0.05000000000000071,-0.3607576609699097,0.37481013060874213
27,0.10000000000000053,-0.3697024913295113,0.38452140392370415
27,0.15000000000000036,-0.37687943818160674,0.3923786958359343
27,0.20000000000000018,-0.3821845787845071,0.3982662619988864
27,0.25,-0.3855951100744912,0.4021544354630877
27,0.3000000000000007,-0.387170127068467,0.4041006967566697
27,0.35000000000000053,-0.38704469929274055,0.4042435645236816
27,0.40000000000000036,-0.38541844432263805,0.4027905802554298
27,0.4500000000000002,-0.38254038338391405,0.40000229112819885
27,0.5,-0.37869206142900075,0.39617434870141954
27,0.5500000000000007,-0.37417076955829837,0.39161968803896285
27,0.6000000000000005,-0.3692743292039844,0.3866523478009738
27,0.6500000000000004,-0.3642884093261559,0.3815739703530764
27,0.7000000000000002,-0.35947685658707873,0.3766634962810722
27,0.75,-0.3550750968652108,0.37217011780369136
27,0.8000000000000007,-0.3512863519422943,0.36830922030133817
27,0.8500000000000005,-0.34828021650959007,0.3652608296671209
27,0.9000000000000004,-0.34619304741327794,0.3631699841171603
27,0.9500000000000002,-0.3451296085221427,0.36214844012293346
27,1.0,-0.3451654662436834,0.3622771770211808
27,1.0500000000000007,-0.34634971874356646,0.36360925825679
27,1.1000000000000005,-0.34870774590111453,0.36617271741770674
27,1.1500000000000004,-0.3522437711680851,0.3699732475125328
27,1.2000000000000002,-0.35694311994951655,0.374996570883122
27,1.25,-0.3627741356337594,0.3812104481525528
27,1.3000000000000007,-0.36968977148787335,0.38856634509408183
27,1.3500000000000005,-0.3776289146229208,0.3970008166193781
27,1.4000000000000004,-0.38651751923991085,0.40643668946251016
27,1.4500000000000002,-0.3962696334464613,0.41678413279624105
27,1.5,-0.4067884004181618,0.42794170246197205
27,1.5500000000000007,-0.41796710373637413,0.43979743305493463
27,1.6000000000000005,-0.4296903111317242,0.45223003569034614
27,1.6500000000000004,-0.4418351528730599,0.46511024027822057
27,1.7000000000000002,-0.4542727524546921,0.4783023014446638
27,1.75,-0.4668698094162539,0.4916656683053984
27,1.8000000000000007,-0.4794903180956334,0.5050568012087656
27,1.8500000000000005,-0.4919973925982132,0.51833110410989
27,1.9000000000000004,-0.5042551577600961,0.5313449299556721
27,1.9500000000000002,-0.5161306586751176,0.5439576086709825
27,2.0,-0.5274957375377359,0.5560334431524706
27,2.0500000000000007,-0.5382288260354569,0.5674436180129159
27,2.0999999999999996,-0.5482166040447838,0.5780679684076884
27,2.1500000000000004,-0.5573554805348649,0.5877965616860876
27,2.200000000000001,-0.5655528598373609,0.5965310522869417
27,2.25,-0.5727281651973023,0.6041857795984802
27,2.3000000000000007,-0.5788136011439576,0.6106885887498735
27,2.3499999999999996,-0.5837546460930352,0.6159813648321678
27,2.4000000000000004,-0.5875102761465114,0.6200202812529965
27,2.450000000000001,-0.5900529298155425,0.6227757722983094
27,2.5,-0.5913682309854136,0.6242322481071081
27,2.5500000000000007,-0.5914544936177465,0.6243875768901057
27,2.5999999999999996,-0.5903220363107102,0.623252364195105
27,2.6500000000000004,-0.5879923378869281,0.6208490623109995
27,2.700000000000001,-0.5844970667176791,0.6172109445780201
27,2.75,-0.5798770166586795,0.6123809795802938
27,2.8000000000000007,-0.5741809814560018,0.606410639138826
27,2.8499999999999996,-0.5674645974987634,0.5993586719313153
27,2.9000000000000004,-0.5597891820776532,0.5912898716848882
27,2.950000000000001,-0.5512205910804744,0.5822738654594709
27,3.0,-0.5418281165269828,0.5723839437869389
27,3.0500000000000007,-0.5316834407004475,0.5616959505521782
27,3.0999999999999996,-0.5208596600283348,0.5502872466635081
27,3.1500000000000004,-0.5094303884240542,0.5382357578949113
27,3.200000000000001,-0.49746894661940455,0.5256191138915695
27,3.25,-0.48504764115786014,0.5125138822824252
27,3.3000000000000007,-0.47223713422096314,0.4989948991806755
27,3.3499999999999996,-0.4591059033403988,0.4851346950930502
27,3.4000000000000004,-0.4457197883055116,0.47100301340018547
27,3.450000000000001,-0.4321416211946987,0.4566664170971487
27,3.5,-0.41843093441373236,0.4421879783679029
27,3.5500000000000007,-0.40464374088215427,0.4276270447758004
27,3.6000000000000014,-0.39083238003425214,0.41303907534532014
27,3.6500000000000004,-0.37704542305567534,0.39847553954777715
27,3.700000000000001,-0.36332763072311036,0.38398387214561536
27,3.75,-0.3497199573164813,0.36960747695780505
27,3.8000000000000007,-0.3362595942978791,0.3553857728474582
27,3.8500000000000014,-0.3229800477687401,0.3413542755700716
27,3.9000000000000004,-0.30991124410053783,0.3275447095288213
27,3.950000000000001,-0.29707965856178875,0.31398514393802734
27,4.0,-0.28450846221649395,0.30070014837693315
27,4.050000000000001,-0.2722176828308338,0.28771096320694733
27,4.100000000000001,-0.26022437598353276,0.275035680813162
27,4.15,-0.2485428030212129,0.26268943410503465
27,4.200000000000001,-0.23718461292614879,0.2506845891641156
27,4.25,-0.22615902556505518,0.23903093935311293
27,4.300000000000001,-0.2154730141604435,0.22773589859686527
27,4.350000000000001,-0.205131485168923,0.2168046919100346
27,4.4,-0.1951374540627102,0.20624054157756688
27,4.450000000000001,-0.18549221579171804,0.19604484769247832
27,4.5,-0.1761955089546683,0.18621736202205308
27,4.550000000000001,-0.16724567293012194,0.17675635440957016
27,4.600000000000001,-0.15863979741357537,0.1676587711258296
27,4.65,-0.1503738639768628,0.15892038476513903
27,4.700000000000001,-0.14244287941288603,0.15053593543595944
27,4.75,-0.1348410007542149,0.1424992631294898
27,4.800000000000001,-0.12756165196029046,0.13480343126186456
27,4.850000000000001,-0.12059763235689491,0.12744084147984536
27,4.9,-0.11394121698487902,0.1204033398974158
27,4.950000000000001,-0.10758424907475606,0.1136823149937718
27,5.0,-0.10151822491120432,0.10726878745329471
27,5.050000000000001,-0.0957343713883152,0.10115349226692527
27,5.100000000000001,-0.09022371658386064,0.09532695344330933
27,5.15,-0.08497715370024461,0.08977955169847107
27,5.200000000000001,-0.07998549873223126,0.084501585505799
27,5.25,-0.07523954222792328,0.07948332589478624
27,5.300000000000001,-0.07073009551082432,0.07471506538825856
27,5.350000000000001,-0.06644803172774871,0.07018716146449389
27,5.4,-0.06238432208071942,0.06589007492349364
27,5.450000000000001,-0.05853006759119572,0.06181440352621115
27,5.5,-0.05487652673276355,0.057950911262499405
27,5.550000000000001,-0.051415139253965236,0.054290553588177026
27,5.600000000000001,-0.048137546496905825,0.05082449895449759
27,5.65,-0.04503560849977628,0.04754414693473663
27,5.700000000000001,-0.04210141815289803,0.044441143232871516
27,5.75,-0.039327312658537616,0.041507391838762064
27,5.800000000000001,-0.03670588252484985,0.038735064573087175
27,5.850000000000001,-0.03422997830409713,0.036116608243814574
27,5.9,-0.03189271526503212,0.033644749614436864
27,5.950000000000001,-0.02968747616935885,0.03131249836297789
27,6.0,-0.02760791230270132,0.029113148190064275
28,-6.0,-0.003618891064287144,0.003270203449774911
28,-5.95,-0.003545560082327537,0.0031513910832154934
28,-5.9,-0.0034685131626002175,0.003026153940145271
28,-5.85,-0.0033879645491055044,0.0028945917520983855
28,-5.8,-0.0033041173283017145,0.0027567871264775334
28,-5.75,-0.0032171644225669205,0.002612806615716501
28,-5.7,-0.0031272899096728146,0.0024627021653502723
28,-5.65,-0.0030346706305248716,0.0023065129040942267
28,-5.6,-0.0029394780534732767,0.002144267245895115
28,-5.55,-0.002841880370040961,0.0019759852811631617
28,-5.5,-0.0027420448035666567,0.001801681441842895
28,-5.45,-0.0026401401189279916,0.001621367432435683
28,-5.4,-0.002536339328226944,0.0014350554265245563
28,-5.35,-0.0024308225938463046,0.0012427615356784827
28,-5.3,-0.0023237803367939236,0.001044509564826157
28,-5.25,-0.002215416564662398,0.0008403350753027894
28,-5.2,-0.002105952439869885,0.0006302897837873189
28,-5.15,-0.0019956301152093125,0.0004144463323694225
28,-5.1,-0.0018847168700286687,0.0001929034718344269
28,-5.05,-0.0017735095867617012,-3.420829277178683e-05
28,-5.0,-0.001662339613797137,-0.0002667205384785376
28,-4.95,-0.001551578067037429,-0.000504420180060805
28,-4.9,-0.0014416416286620048,-0.0007470420759645435
28,-4.85,-0.001332998907533689,-0.0009942609093265276
28,-4.8,-0.0012261774312958273,-0.0012456822631836673
28,-4.75,-0.0011217713450624167,-0.0015008328043135677
28,-4.7,-0.0010204498956758457,-0.001759149486338707
28,-4.65,-0.0009229667831216481,-0.002019967680710444
28,-4.6,-0.0008301704617066363,-0.0022825081440558392
28,-4.55,-0.0007430154722145588,-0.002545862733073001
28,-4.5,-0.0006625748819457655,-0.0028089787840830382
28,-4.45,-0.0005900539015657458,-0.003070642084628261
28,-4.4,-0.0005268047351449923,-0.0033294583797927046
28,-4.35,-0.00047434270173463133,-0.0035838333775020104
28,-4.3,-0.00043436364230409197,-0.0038319512458677707
28,-4.25,-0.000408762593642642,-0.0040717516329822345
28,-4.2,-0.00039965366990246665,-0.004300905286728884
28,-4.15,-0.0004093910414968427,-0.004516788410371397
28,-4.1,-0.00044059083903125185,-0.004716455960132926
28,-4.05,-0.0004961537357637269,-0.004896614174920266
28,-4.0,-0.000579287874879153,-0.005053592726619982
28,-3.9499999999999997,-0.0006935317070384528,-0.00518331699257768
28,-3.9,-0.0008427761890121843,-0.0052812810803999355
28,-3.85,-0.0010312856660652514,-0.005342522378421144
28,-3.8,-0.0012637166201105998,-0.005361598562135583
28,-3.75,-0.0015451333143943202,-0.005332568155415274
28,-3.6999999999999997,-0.0018810192065696896,-0.005248975922243382
28,-3.65,-0.0022772828396147027,-0.005103844545255143
28,-3.5999999999999996,-0.002740256759930393,-0.004889674225426965
28,-3.55,-0.003276687861373695,-0.004598452004734188
28,-3.5,-0.003893717422251086,-0.004221672760216677
28,-3.4499999999999997,-0.004598849000456262,-0.003750373931802553
28,-3.4,-0.0053999022932358365,-0.003175186112595707
28,-3.3499999999999996,-0.006304951067503506,-0.002486401633004398
28,-3.3,-0.007322243341040036,-0.0016740631904506031
28,-3.25,-0.008460102162356264,-0.0007280743947934987
28,-3.1999999999999997,-0.009726805616221412,0.00036166620463484733
28,-3.15,-0.011130445091382501,0.0016051064914672786
28,-3.0999999999999996,-0.012678761403918326,0.003011857044013855
28,-3.05,-0.014378959087863574,0.004590982561625712
28,-3.0,-0.01623750005359703,0.00635076970403281
28,-2.9499999999999997,-0.018259878875840574,0.008298473754484892
28,-2.9,-0.020450383199596356,0.010440047861890456
28,-2.8499999999999996,-0.02281184412435877,0.01277986012229304
28,-2.8,-0.025345382910076264,0.015320405388958402
28,-2.75,-0.02805016189159648,0.018062020397770162
28,-2.6999999999999997,-0.030923149021676366,0.021002612485015337
28,-2.65,-0.03395890689714154,0.024137413761368798
28,-2.5999999999999996,-0.037149418350798324,0.027458773972385053
28,-2.55,-0.04048396158967327,0.030956006287959248
28,-2.5,-0.043949048293831616,0.03461530077507291
28,-2.4499999999999997,-0.04752843792174799,0.03841972016999229
28,-2.4,-0.05120324056786263,0.042349291635984
28,-2.3499999999999996,-0.05495211897596519,0.04638120635049914
28,-2.3,-0.05875159765503968,0.0504901359305685
28,-2.25,-0.06257648345160449,0.05464867085223757
28,-2.1999999999999997,-0.06640039745285575,0.058827881199208676
28,-2.15,-0.07019641285929934,0.06299799442637877
28,-2.0999999999999996,-0.07393778769651904,0.0671291785832917
28,-2.05,-0.07759877524786729,0.07119241294756895
28,-2.0,-0.08115548928015803,0.07516042169571557
28,-1.9500000000000002,-0.08458679596054486,0.07900864058081591
28,-1.8999999999999995,-0.08787520030879059,0.08271618211576603
28,-1.8499999999999996,-0.09100769255957086,0.08626676197966399
28,-1.7999999999999998,-0.0939765193158506,0.08964954869943975
28,-1.75,-0.096779846118344,0.09285990039714775
28,-1.7000000000000002,-0.09942228211821136,0.09589995663093998
28,-1.6499999999999995,-0.1019152437802977,0.09877905995489122
28,-1.5999999999999996,-0.10427714258401566,0.10151399038523623
28,-1.5499999999999998,-0.10653339092022684,0.10412900584820717
28,-1.5,-0.10871623000778619,0.10665569205382575
28,-1.4500000000000002,-0.11086439275670035,0.10913263511814852
28,-1.3999999999999995,-0.11302262214850045,0.1116049386439899
28,-1.3499999999999996,-0.11524107104336223,0.11412361296047058
28,-1.2999999999999998,-0.11757461172269279,0.11674486712428278
28,-1.25,-0.12008208261433495,0.11952933373435926
28,-1.1999999999999993,-0.12282549558958822,0.12254125263891202
28,-1.1499999999999995,-0.12586922043408033,0.12584763266748977
28,-1.0999999999999996,-0.12927915439319926,0.12951740140602652
28,-1.0499999999999998,-0.13312187509876172,0.13362054276488333
28,-1.0,-0.1374637656965283,0.13822721165755691
28,-0.9499999999999993,-0.14237009229913533,0.14340680517320603
28,-0.8999999999999995,-0.1479040060579917,0.14922696022341553
28,-0.8499999999999996,-0.15412543444082394,0.1557524379851598
28,-0.7999999999999998,-0.16108981721835547,0.16304384401340988
28,-0.75,-0.16884663041826742,0.17115611789769392
28,-0.6999999999999993,-0.17743762506039273,0.18013670690889816
28,-0.6499999999999995,-0.1868946881516622,0.19002331592021648
28,-0.5999999999999996,-0.1972372167440405,0.20084110725623727
28,-0.5499999999999998,-0.208468893220231,0.21259922150914168
28,-0.5,-0.2205737788228801,0.2252865226709011
28,-0.4499999999999993,-0.2335117239697987,0.2388665609423184
28,-0.39999999999999947,-0.2472132469829762,0.253271914431874
28,-0.34999999999999964,-0.2615742641179959,0.2683983234578229
28,-0.2999999999999998,-0.2764513452665194,0.284099348627761
28,-0.25,-0.29165846851962784,0.3001826090048878
28,-0.1999999999999993,-0.30696646337697236,0.31640889283524043
28,-0.14999999999999947,-0.3221063549080533,0.3324954599607499
28,-0.09999999999999964,-0.33677754930957443,0.348124564146459
28,-0.04999999999999982,-0.3506611937946429,0.3629575706285715
28,0.0,-0.3634381614426511,0.37665409458601995
28,0.05000000000000071,-0.37481013060874213,0.38889452920766354
28,0.10000000000000053,-0.3845214039237038,0.39940344193166544
28,0.15000000000000036,-0.3923786958359345,0.40797086535574656
28,0.20000000000000018,-0.3982662619988863,0.41446865891792184
28,0.25,-0.4021544354630878,0.4188598551226539
28,0.3000000000000007,-0.4041006967566697,0.42120004037808956
28,0.35000000000000053,-0.4042435645236815,0.4216310625890065
28,0.40000000000000036,-0.4027905802554297,0.4203684156152012
28,0.4500000000000002,-0.40000229112819913,0.4176843274319708
28,0.5,-0.39617434870141965,0.413888809490646
28,0.5500000000000007,-0.39161968803896297,0.4093107627049324
28,0.6000000000000005,-0.3866523478009737,0.40428080509041353
28,0.6500000000000004,-0.3815739703530765,0.3991169301665125
28,0.7000000000000002,-0.37666349628107226,0.394113546117711
28,0.75,-0.37217011780369125,0.3895339666232458
28,0.8000000000000007,-0.36830922030133817,0.38560606759790894
28,0.8500000000000005,-0.3652608296671209,0.3825205993630737
28,0.9000000000000004,-0.3631699841171603,0.3804315386853784
28,0.9500000000000002,-0.36214844012293357,0.3794578557005738
28,1.0,-0.36227717702118095,0.3796861289771597
28,1.0500000000000007,-0.36360925825679,0.3811735408945065
28,1.1000000000000005,-0.36617271741770674,0.3839509021070947
28,1.1500000000000004,-0.3699732475125328,0.3880254704771814
28,1.2000000000000002,-0.37499657088312194,0.3933834344328049
28,1.25,-0.3812104481525528,0.3999920163331422
28,1.3000000000000007,-0.38856634509408183,0.40780121539492
28,1.3500000000000005,-0.39700081661937814,0.4167452524354601
28,1.4000000000000004,-0.4064366894625102,0.426743802480148
28,1.4500000000000002,-0.41678413279624105,0.4377031095458087
28,1.5,-0.42794170246197205,0.4495170743239233
28,1.5500000000000007,-0.4397974330549347,0.46206839354423296
28,1.6000000000000005,-0.4522300356903461,0.475229812553648
28,1.6500000000000004,-0.46511024027822057,0.48886553261484594
28,1.7000000000000002,-0.47830230144466385,0.5028327936069489
28,1.75,-0.4916656683053984,0.5169836327329129
28,1.8000000000000007,-0.5050568012087656,0.5311668016624345
28,1.8500000000000005,-0.51833110410989,0.545229809114141
28,1.9000000000000004,-0.5313449299556722,0.5590210437946774
28,1.9500000000000002,-0.5439576086709824,0.5723919242191307
28,2.0,-0.5560334431524706,0.5851990173708262
28,2.0500000000000007,-0.5674436180129159,0.5973060673408799
28,2.0999999999999996,-0.5780679684076884,0.6085858777428864
28,2.1500000000000004,-0.5877965616860876,0.6189219973752038
28,2.200000000000001,-0.5965310522869417,0.6282101667129452
28,2.25,-0.6041857795984802,0.6363594926723948
28,2.3000000000000007,-0.6106885887498735,0.6432933299799778
28,2.3499999999999996,-0.6159813648321678,0.6489498586870202
28,2.4000000000000004,-0.6200202812529965,0.6532823582510883
28,2.450000000000001,-0.6227757722983094,0.6562591886035222
28,2.5,-0.6242322481071081,0.6578634973131745
28,2.5500000000000007,-0.6243875768901057,0.6580926790456297
28,2.5999999999999996,-0.623252364195105,0.6569576188479143
28,2.6500000000000004,-0.6208490623109995,0.6544817543270685
28,2.700000000000001,-0.6172109445780201,0.6506999936092154
28,2.75,-0.6123809795802938,0.6456575262185524
28,2.8000000000000007,-0.606410639138826,0.639408562916267
28,2.8499999999999996,-0.5993586719313153,0.6320150383354056
28,2.9000000000000004,-0.5912898716848882,0.6235453072002128
28,2.950000000000001,-0.5822738654594709,0.6140728612839286
28,3.0,-0.5723839437869389,0.6036750902761588
28,3.0500000000000007,-0.5616959505521782,0.5924321056107816
28,3.0999999999999996,-0.5502872466635081,0.5804256422258647
28,3.1500000000000004,-0.5382357578949112,0.5677380493306917
28,3.200000000000001,-0.5256191138915696,0.5544513776488941
28,3.25,-0.5125138822824253,0.54064656736484
28,3.3000000000000007,-0.4989948991806755,0.5264027381675012
28,3.3499999999999996,-0.4851346950930503,0.5117965803812131
28,3.4000000000000004,-0.47100301340018547,0.4969018441948686
28,3.450000000000001,-0.4566664170971487,0.4817889224329569
28,3.5,-0.4421879783679028,0.4665245211245582
28,3.5500000000000007,-0.4276270447758005,0.45117141128325955
28,3.6000000000000014,-0.41303907534532014,0.4357882547708686
28,3.6500000000000004,-0.39847553954777715,0.4204294968376422
28,3.700000000000001,-0.38398387214561536,0.40514531786905406
28,3.75,-0.36960747695780494,0.38998163698296795
28,3.8000000000000007,-0.3553857728474582,0.37498016037397996
28,3.8500000000000014,-0.3413542755700716,0.3601784676595088
28,3.9000000000000004,-0.3275447095288212,0.3456101299152444
28,3.950000000000001,-0.31398514393802723,0.3313048535701908
28,4.0,-0.30070014837693315,0.31728864484213526
28,4.050000000000001,-0.28771096320694733,0.30358398991554847
28,4.100000000000001,-0.2750356808131619,0.2902100465814965
28,4.15,-0.26268943410503476,0.2771828435622329
28,4.200000000000001,-0.2506845891641154,0.264515484223803
28,4.25,-0.2390309393531127,0.2522183518323464
28,4.300000000000001,-0.22773589859686494,0.2402993139300975
28,4.350000000000001,-0.21680469191003482,0.22876392379333488
28,4.4,-0.20624054157756677,0.21761561728569268
28,4.450000000000001,-0.1960448476924781,0.20685590373663798
28,4.5,-0.18621736202205308,0.19648454975731888
28,4.550000000000001,-0.17675635440957005,0.18649975515601291
28,4.600000000000001,-0.16765877112582928,0.1768983203347756
28,4.65,-0.15892038476513948,0.1676758047398167
28,4.700000000000001,-0.15053593543595944,0.15882667610276158
28,4.75,-0.14249926312949013,0.150344450350667
28,4.800000000000001,-0.13480343126186467,0.14222182218154877
28,4.850000000000001,-0.1274408414798458,0.13445078640170138
28,4.9,-0.1204033398974158,0.12702275020299125
28,4.950000000000001,-0.11368231499377157,0.11992863662489872
28,5.0,-0.10726878745329493,0.1131589794989194
28,5.050000000000001,-0.10115349226692505,0.10670401021386555
28,5.100000000000001,-0.09532695344330966,0.10055373667107914
28,5.15,-0.08977955169847118,0.09469801481998963
28,5.200000000000001,-0.08450158550579934,0.08912661317808834
28,5.25,-0.07948332589478602,0.0838292707463082
28,5.300000000000001,-0.07471506538825867,0.07879574873204553
28,5.350000000000001,-0.07018716146449377,0.07401587648841934
28,5.4,-0.06589007492349408,0.06947959207071353
28,5.450000000000001,-0.06181440352621115,0.0651769777997998
28,5.5,-0.05795091126250007,0.06109829120844423
28,5.550000000000001,-0.054290553588177026,0.05723399173008181
28,5.600000000000001,-0.05082449895449748,0.053574763471455844
28,5.65,-0.04754414693473663,0.05011153439081273
28,5.700000000000001,-0.044441143232871516,0.04683549218237759
28,5.75,-0.041507391838762064,0.04373809714602428
28,5.800000000000001,-0.03873506457308684,0.04081109229859847
28,5.850000000000001,-0.03611660824381491,0.03804651096056344
28,5.9,-0.033644749614436975,0.03543668202878514
28,5.950000000000001,-0.031312498362978,0.032974233123737706
28,6.0,-0.029113148190064386,0.03065209177746131
29,-6.0,-0.003270203449774467,0.002887808135229264
29,-5.95,-0.0031513910832154934,0.002720509516962899
29,-5.9,-0.0030261539401448267,0.0025438966527442375
29,-5.85,-0.0028945917520992737,0.0023579461780611766
29,-5.8,-0.0027567871264779775,0.0021626112473791537
29,-5.75,-0.002612806615716501,0.001957822681827537
29,-5.7,-0.0024627021653498282,0.0017434905514948085
29,-5.65,-0.0023065129040942267,0.001519506156547834
29,-5.6,-0.002144267245894671,0.0012857443789506817
29,-5.55,-0.0019759852811627177,0.001042066384592033
29,-5.5,-0.001801681441842895,0.000788322663909824
29,-5.45,-0.001621367432435239,0.0005243564073706963
29,-5.4,-0.0014350554265245563,0.00025000722037749057
29,-5.35,-0.0012427615356789268,-3.4884809670288064e-05
29,-5.3,-0.0010445095648266012,-0.0003304746734942299
29,-5.25,-0.0008403350753027894,-0.0006369075987162631
29,-5.2,-0.0006302897837868748,-0.0009543137710164018
29,-5.15,-0.0004144463323694225,-0.0012828025737627868
29,-5.1,-0.0001929034718344269,-0.0016224562946796084
29,-5.05,3.420829277045456e-05,-0.0019733232406338175
29,-5.0,0.0002667205384785376,-0.002335410194287846
29,-4.95,0.0005044201800594728,-0.002708674139268119
29,-4.9,0.0007470420759654317,-0.0030930131736326416
29,-4.85,0.0009942609093265276,-0.003488256525092659
29,-4.8,0.0012456822631836673,-0.0038941535757723855
29,-4.75,0.0015008328043126795,-0.004310361799591433
29,-4.7,0.0017591494863400392,-0.004736433512084304
29,-4.65,0.002019967680710888,-0.005171801330945414
29,-4.6,0.0022825081440558392,-0.005615762246510059
29,-4.55,0.002545862733072113,-0.006067460205354536
29,-4.5,0.0028089787840843705,-0.006525867117992412
29,-4.45,0.003070642084628261,-0.006989762214221429
29,-4.4,0.0033294583797909283,-0.007457709687996861
29,-4.35,0.003583833377501122,-0.007928034598925215
29,-4.3,0.0038319512458673266,-0.008398797030849892
29,-4.25,0.004071751632981346,-0.008867764550782198
29,-4.2,0.0043009052867293285,-0.009332383065081551
29,-4.15,0.0045167884103722855,-0.00978974623561868
29,-4.1,0.004716455960132038,-0.010236563698001078
29,-4.05,0.004896614174920266,-0.010669128418091312
29,-4.0,0.005053592726620426,-0.01108328363288269
29,-3.9499999999999997,0.005183316992577236,-0.011474389948117114
29,-3.9,0.005281281080399047,-0.011837293307950247
29,-3.85,0.005342522378422032,-0.012166294711013492
29,-3.8,0.005361598562136027,-0.012455122721324763
29,-3.75,0.005332568155415274,-0.0126969100090637
29,-3.6999999999999997,0.005248975922243826,-0.012884175351990379
29,-3.65,0.005103844545253811,-0.013008812727885122
29,-3.5999999999999996,0.004889674225426965,-0.013062089325265092
29,-3.55,0.004598452004733744,-0.013034654484654684
29,-3.5,0.004221672760216677,-0.012916561745168753
29,-3.4499999999999997,0.003750373931802553,-0.012697306297420052
29,-3.4,0.003175186112595707,-0.012365880218434988
29,-3.3499999999999996,0.002486401633004398,-0.011910847869021968
29,-3.3,0.0016740631904506031,-0.011320443749053943
29,-3.25,0.0007280743947926105,-0.010582694909791801
29,-3.1999999999999997,-0.00036166620463484733,-0.009685569692110985
29,-3.15,-0.0016051064914677227,-0.008617154073371047
29,-3.0999999999999996,-0.0030118570440134107,-0.007365856243075175
29,-3.05,-0.0045909825616252675,-0.005920639171484332
29,-3.0,-0.006350769704032366,-0.004271279874795919
29,-2.9499999999999997,-0.008298473754484892,-0.002408652812332601
29,-2.9,-0.010440047861890456,-0.00032503338390776904
29,-2.8499999999999996,-0.01277986012229304,0.001985584148687991
29,-2.8,-0.015320405388958402,0.004527161773224098
29,-2.75,-0.018062020397770606,0.007301295187300383
29,-2.6999999999999997,-0.021002612485015337,0.010306904777500403
29,-2.65,-0.024137413761368798,0.01353995303359845
29,-2.5999999999999996,-0.02745877397238461,0.016993202825557496
29,-2.55,-0.030956006287960136,0.020656032103080868
29,-2.5,-0.034615300775072466,0.02451432117194141
29,-2.4499999999999997,-0.038419720169991844,0.028550428595790045
29,-2.4,-0.042349291635984,0.03274327081249817
29,-2.3499999999999996,-0.046381206350498694,0.03706851860931293
29,-2.3,-0.05049013593056895,0.04149892058190918
29,-2.25,-0.05464867085223801,0.04600475958013428
29,-2.1999999999999997,-0.058827881199208676,0.05055444296914002
29,-2.15,-0.06299799442637877,0.055115221455565244
29,-2.0999999999999996,-0.0671291785832917,0.05965402449777146
29,-2.05,-0.0711924129475685,0.0641383932967643
29,-2.0,-0.07516042169571535,0.06853748550765282
29,-1.9500000000000002,-0.07900864058081591,0.07282311964880339
29,-1.8999999999999995,-0.08271618211576537,0.07697082227931196
29,-1.8499999999999996,-0.08626676197966399,0.08096083790718334
29,-1.7999999999999998,-0.0896495486994402,0.08477906074249253
29,-1.75,-0.09285990039714775,0.08841784913758133
29,-1.7000000000000002,-0.09589995663093998,0.09187668797135418
29,-1.6499999999999995,-0.098779059954891,0.09516267119801958
29,-1.5999999999999996,-0.10151399038523645,0.09829078588177653
29,-1.5499999999999998,-0.10412900584820761,0.10128398960545004
29,-1.5,-0.10665569205382552,0.10417308428172367
29,-1.4500000000000002,-0.1091326351181483,0.10699640007980893
29,-1.3999999999999995,-0.11160493864399057,0.10979931234444207
29,-1.3499999999999996,-0.1141236129604708,0.11263362105795505
29,-1.2999999999999998,-0.11674486712428278,0.11555682583124316
29,-1.25,-0.11952933373435948,0.1186313291925889
29,-1.1999999999999993,-0.12254125263891225,0.12192359707215861
29,-1.1499999999999995,-0.12584763266749,0.1255032982806994
29,-1.0999999999999996,-0.1295174014060263,0.12944243524605703
29,-1.0499999999999998,-0.13362054276488355,0.13381446730651225
29,-1.0,-0.13822721165755714,0.13869341644010413
29,-0.9499999999999993,-0.14340680517320648,0.14415293407042817
29,-0.8999999999999995,-0.1492269602234153,0.15026529652450282
29,-0.8499999999999996,-0.15575243798516003,0.1571002849910741
29,-0.7999999999999998,-0.16304384401341,0.16472389187093683
29,-0.75,-0.17115611789769347,0.17319677749604634
29,-0.6999999999999993,-0.18013670690889827,0.1825723786147584
29,-0.6499999999999995,-0.19002331592021626,0.192894544902255
29,-0.5999999999999996,-0.20084110725623716,0.20419455907598327
29,-0.5499999999999998,-0.21259922150914157,0.21648739361274716
29,-0.5,-0.2252865226709012,0.22976709300211473
29,-0.4499999999999993,-0.23886656094231795,0.2440012693553506
29,-0.39999999999999947,-0.253271914431874,0.25912488245379217
29,-0.34999999999999964,-0.268398323457823,0.2750337499632658
29,-0.2999999999999998,-0.28409934862776076,0.2915785780557847
29,-0.25,-0.30018260900488763,0.30856065521917797
29,-0.1999999999999993,-0.3164088928352405,0.32573060858885183
29,-0.14999999999999947,-0.3324954599607501,0.34279165314796245
29,-0.09999999999999964,-0.3481245641464591,0.3594084535695745
29,-0.04999999999999982,-0.36295757062857154,0.3752220185024111
29,0.0,-0.3766540945860201,0.38987002772938917
29,0.05000000000000071,-0.38889452920766354,0.40301085676667436
29,0.10000000000000053,-0.39940344193166544,0.4143486053533969
29,0.15000000000000036,-0.4079708653557464,0.42365594674104234
29,0.20000000000000018,-0.41446865891792184,0.43079176954161436
29,0.25,-0.41885985512265406,0.4357113690531902
29,0.3000000000000007,-0.42120004037808956,0.43846815793272675
29,0.35000000000000053,-0.42163106258900673,0.43920719348871584
29,0.40000000000000036,-0.42036841561520116,0.43815195040195243
29,0.4500000000000002,-0.41768432743197065,0.43558649229522883
29,0.5,-0.4138888094906461,0.43183544379667926
29,0.5500000000000007,-0.4093107627049325,0.42724399355620657
29,0.6000000000000005,-0.40428080509041364,0.4221597010723046
29,0.6500000000000004,-0.39911693016651273,0.4169172887664647
29,0.7000000000000002,-0.394113546117711,0.41182700609699463
29,0.75,-0.38953396662324574,0.40716664332387387
29,0.8000000000000007,-0.3856060675979091,0.40317689383200694
29,0.8500000000000005,-0.38252059936307364,0.40005952559744806
29,0.9000000000000004,-0.38043153868537843,0.397977711117932
29,0.9500000000000002,-0.3794578557005737,0.39705785525506343
29,1.0,-0.3796861289771598,0.3973923221116198
29,1.0500000000000007,-0.38117354089450656,0.399042566656716
29,1.1000000000000005,-0.3839509021070947,0.40204229996927854
29,1.1500000000000004,-0.38802547047718133,0.4064004400620307
29,1.2000000000000002,-0.3933834344328049,0.41210371059856576
29,1.25,-0.39999201633314213,0.41911884017552725
29,1.3000000000000007,-0.4078012153949199,0.4273943823903875
29,1.3500000000000005,-0.4167452524354601,0.43686222207116654
29,1.4000000000000004,-0.426743802480148,0.44743885829282415
29,1.4500000000000002,-0.43770310954580877,0.45902656369516426
29,1.5,-0.4495170743239233,0.47151451600401595
29,1.5500000000000007,-0.46206839354423285,0.4847799852042691
29,1.6000000000000005,-0.475229812553648,0.4986896417216301
29,1.6500000000000004,-0.4888655326148459,0.5131010298829366
29,1.7000000000000002,-0.5028327936069489,0.5278642289415476
29,1.75,-0.516983632732913,0.5428237026987972
29,1.8000000000000007,-0.5311668016624346,0.5578203194566406
29,1.8500000000000005,-0.545229809114141,0.5726935076109657
29,1.9000000000000004,-0.5590210437946774,0.5872834992771119
29,1.9500000000000002,-0.5723919242191305,0.6014336053195624
29,2.0,-0.5851990173708262,0.6149924601928038
29,2.0500000000000007,-0.5973060673408798,0.6278161740193484
29,2.0999999999999996,-0.6085858777428864,0.639770332050378
29,2.1500000000000004,-0.6189219973752038,0.6507317876022132
29,2.200000000000001,-0.6282101667129452,0.6605902031153708
29,2.25,-0.6363594926723947,0.6692493044190467
29,2.3000000000000007,-0.6432933299799778,0.6766278248342712
29,2.3499999999999996,-0.6489498586870202,0.6826601276575927
29,2.4000000000000004,-0.6532823582510882,0.6872965071407863
29,2.450000000000001,-0.6562591886035222,0.6905031787311807
29,2.5,-0.6578634973131745,0.692261978603613
29,2.5500000000000007,-0.6580926790456297,0.6925698000843186
29,2.5999999999999996,-0.6569576188479143,0.6914378002691383
29,2.6500000000000004,-0.6544817543270685,0.6888904139351343
29,2.700000000000001,-0.6506999936092154,0.6849642138112652
29,2.75,-0.6456575262185524,0.6797066565734556
29,2.8000000000000007,-0.639408562916267,0.6731747527883254
29,2.8499999999999996,-0.6320150383354056,0.6654336967110346
29,2.9000000000000004,-0.6235453072002128,0.6565554886236272
29,2.950000000000001,-0.6140728612839286,0.6466175785538472
29,3.0,-0.6036750902761588,0.635701555994643
29,3.0500000000000007,-0.5924321056107816,0.623891905876257
29,3.0999999999999996,-0.5804256422258647,0.6112748467154044
29,3.1500000000000004,-0.5677380493306917,0.5979372627313951
29,3.200000000000001,-0.5544513776488941,0.5839657378913775
29,3.25,-0.54064656736484,0.5694456964051037
29,3.3000000000000007,-0.5264027381675012,0.5544606511814396
29,3.3499999999999996,-0.5117965803812131,0.5390915592048882
29,3.4000000000000004,-0.4969018441948686,0.5234162806895611
29,3.450000000000001,-0.4817889224329569,0.5075091372021233
29,3.5,-0.46652452112455833,0.49144056268369773
29,3.5500000000000007,-0.45117141128325966,0.47527684040453266
29,3.6000000000000014,-0.4357882547708687,0.45907991831089723
29,3.6500000000000004,-0.4204294968376422,0.44290729492527037
29,3.700000000000001,-0.40514531786905406,0.42681196789342524
29,3.75,-0.38998163698296795,0.41084243739196913
29,3.8000000000000007,-0.37498016037397985,0.3950427568774436
29,3.8500000000000014,-0.3601784676595088,0.3794526240370516
29,3.9000000000000004,-0.34561012991524453,0.3641075052598076
29,3.950000000000001,-0.3313048535701908,0.34903878745827865
29,4.0,-0.31728864484213537,0.3342739516120993
29,4.050000000000001,-0.30358398991554847,0.319836762956637
29,4.100000000000001,-0.2902100465814964,0.3057474732885366
29,4.15,-0.2771828435622329,0.29202303139280705
29,4.200000000000001,-0.2645154842238029,0.27867729810521014
29,4.25,-0.25221835183234653,0.2657212630027559
29,4.300000000000001,-0.24029931393009762,0.2531632601601409
29,4.350000000000001,-0.22876392379333488,0.24100918081882317
29,4.4,-0.21761561728569268,0.22926268118708704
29,4.450000000000001,-0.20685590373663798,0.21792538392419658
29,4.5,-0.19648454975731888,0.2069970721604646
29,4.550000000000001,-0.18649975515601303,0.1964758751694512
29,4.600000000000001,-0.1768983203347756,0.18635844504041232
29,4.65,-0.1676758047398168,0.17664012390089656
29,4.700000000000001,-0.1588266761027617,0.16731510141329264
29,4.75,-0.150344450350667,0.15837656241774667
29,4.800000000000001,-0.14222182218154877,0.14981682471934332
29,4.850000000000001,-0.13445078640170127,0.14162746712246344
29,4.9,-0.12702275020299147,0.13379944790160636
29,4.950000000000001,-0.11992863662489839,0.12632321396813695
29,5.0,-0.11315897949891962,0.11918880104807772
29,5.050000000000001,-0.10670401021386522,0.11238592522913526
29,5.100000000000001,-0.10055373667107936,0.10590406626716975
29,5.15,-0.09469801481999007,0.09973254306480028
29,5.200000000000001,-0.08912661317808812,0.09386058174909839
29,5.25,-0.08382927074630864,0.08827737678248837
29,5.300000000000001,-0.0787957487320452,0.08297214554218535
29,5.350000000000001,-0.0740158764884189,0.07793417679952486
29,5.4,-0.06947959207071364,0.07315287352237831
29,5.450000000000001,-0.06517697779979992,0.06861779041196092
29,5.5,-0.061098291208444344,0.06431866657059726
29,5.550000000000001,-0.05723399173008192,0.06024545367967893
29,5.600000000000001,-0.05357476347145562,0.05638834004778093
29,5.65,-0.05011153439081273,0.05273777086800524
29,5.700000000000001,-0.04683549218237748,0.04928446500141637
29,5.75,-0.04373809714602461,0.04601942858032415
29,5.800000000000001,-0.04081109229859825,0.0429339657013833
29,5.850000000000001,-0.03804651096056344,0.04001968645434417
29,5.9,-0.03543668202878569,0.03726851250807639
29,5.950000000000001,-0.032974233123737706,0.03467268045163785
29,6.0,-0.030652091777460866,0.032224743064892536
30,-6.0,-0.002887808135229264,0.0024717051206488705
30,-5.95,-0.002720509516962455,0.0022529153835693094
30,-5.9,-0.002543896652746458,0.0020217413004033347
30,-5.85,-0.0023579461780611766,0.0017780278269929894
30,-5.8,-0.00216261124738093,0.0015215896910074633
30,-5.75,-0.001957822681827981,0.0012522126209022488
30,-5.7,-0.0017434905514943644,0.000969655068105979
30,-5.65,-0.001519506156547834,0.0006736503878848055
30,-5.6,-0.0012857443789506817,0.00036390945263953256
30,-5.55,-0.001042066384591589,4.012368032757507e-05
30,-5.5,-0.000788322663909824,-0.0002980315302307801
30,-5.45,-0.0005243564073702522,-0.000650892956269189
30,-5.4,-0.0002500072203766024,-0.0010188052902160294
30,-5.35,3.4884809668955796e-05,-0.0014021164421977872
30,-5.3,0.0003304746734928976,-0.0018011723781663491
30,-5.25,0.0006369075987167072,-0.0022163114573938714
30,-5.2,0.0009543137710168459,-0.0026478582245426097
30,-5.15,0.0012828025737623427,-0.003096116603185095
30,-5.1,0.0016224562946804966,-0.0035613624295161017
30,-5.05,0.0019733232406347057,-0.004043835256827499
30,-5.0,0.002335410194288734,-0.004543729353631676
30,-4.95,0.0027086741392690072,-0.00506118381058851
30,-4.9,0.0030930131736321975,-0.005596271664338737
30,-4.85,0.003488256525093103,-0.006148987939764261
30,-4.8,0.0038941535757719414,-0.0067192365064707715
30,-4.75,0.004310361799591433,-0.007306815640772513
30,-4.7,0.004736433512084748,-0.007911402181556504
30,-4.65,0.005171801330944525,-0.00853253416758104
30,-4.6,0.005615762246510059,-0.009169591845655134
30,-4.55,0.006067460205354536,-0.00982177694463271
30,-4.5,0.006525867117992412,-0.010488090119783244
30,-4.45,0.006989762214222761,-0.011167306487214645
30,-4.4,0.007457709687996861,-0.01185794918947014
30,-4.35,0.007928034598925215,-0.012558260962538093
30,-4.3,0.008398797030849892,-0.013266173712644047
30,-4.25,0.008867764550781754,-0.013979276159758136
30,-4.2,0.009332383065082439,-0.014694779665152424
30,-4.15,0.009789746235618235,-0.015409482434240118
30,-4.1,0.010236563698001966,-0.016119732374575868
30,-4.05,0.0106691284180922,-0.01682138899374941
30,-4.0,0.011083283632882246,-0.017509784843905862
30,-3.9499999999999997,0.011474389948117558,-0.018179687159582514
30,-3.9,0.011837293307950691,-0.018825260493641416
30,-3.85,0.012166294711013492,-0.019440031331711793
30,-3.8,0.012455122721324763,-0.020016855857455162
30,-3.75,0.012696910009064144,-0.02054789224655096
30,-3.6999999999999997,0.01288417535198949,-0.021024579082670414
30,-3.65,0.013008812727885566,-0.02143762170828012
30,-3.5999999999999996,0.013062089325265092,-0.02177698853958354
30,-3.55,0.013034654484654684,-0.022031919578390458
30,-3.5,0.012916561745168753,-0.022190949532604698
30,-3.4499999999999997,0.012697306297419608,-0.022241948096395348
30,-3.4,0.012365880218435432,-0.022172180024286448
30,-3.3499999999999996,0.011910847869021968,-0.02196838764055231
30,-3.3,0.011320443749053943,-0.02161689833476954
30,-3.25,0.010582694909792245,-0.02110375938264042
30,-3.1999999999999997,0.009685569692110985,-0.02041490207401564
30,-3.15,0.008617154073370603,-0.019536336603132476
30,-3.0999999999999996,0.007365856243074287,-0.018454378457345655
30,-3.05,0.00592063917148522,-0.017155906111467445
30,-3.0,0.004271279874795031,-0.01562864868288738
30,-2.9499999999999997,0.002408652812331713,-0.013861500824610129
30,-2.9,0.00032503338390776904,-0.011844860537794322
30,-2.8499999999999996,-0.0019855841486888792,-0.009570983796454602
30,-2.8,-0.0045271617732236535,-0.007034347937127539
30,-2.75,-0.007301295187299495,-0.004232013739815521
30,-2.6999999999999997,-0.010306904777499515,-0.001163974100869769
30,-2.65,-0.013539953033598895,0.00216652471383183
30,-2.5999999999999996,-0.016993202825557052,0.0057527049103152095
30,-2.55,-0.020656032103081312,0.00958403903503724
30,-2.5,-0.024514321171940523,0.013646109484437119
30,-2.4499999999999997,-0.0285504285957896,0.017920563199142592
30,-2.4,-0.03274327081249906,0.022385178097406033
30,-2.3499999999999996,-0.037068518609313816,0.027014055752407007
30,-2.3,-0.041498920581908294,0.031777951609060384
30,-2.25,-0.04600475958013428,0.03664474963529418
30,-2.1999999999999997,-0.05055444296913958,0.04158008276264713
30,-2.15,-0.0551152214555648,0.04654809394685788
30,-2.0999999999999996,-0.05965402449777146,0.05151232543995743
30,-2.05,-0.06413839329676496,0.05643671629545688
30,-2.0,-0.0685374855076526,0.061286680715967545
30,-1.9500000000000002,-0.07282311964880361,0.06603023316450773
30,-1.8999999999999995,-0.07697082227931151,0.07063912079942813
30,-1.8499999999999996,-0.08096083790718289,0.07508992034212758
30,-1.7999999999999998,-0.08477906074249209,0.07936505544500827
30,-1.75,-0.08841784913758133,0.08345369233964517
30,-1.7000000000000002,-0.09187668797135529,0.08735247613945685
30,-1.6499999999999995,-0.09516267119801936,0.09106607750968276
30,-1.5999999999999996,-0.0982907858817772,0.09460752907363723
30,-1.5499999999999998,-0.1012839896054496,0.09799834219195436
30,-1.5,-0.10417308428172412,0.10126840669148152
30,-1.4500000000000002,-0.10699640007980893,0.10445568764168156
30,-1.3999999999999995,-0.10979931234444185,0.10760574324985539
30,-1.3499999999999996,-0.11263362105795505,0.11077109533581408
30,-1.2999999999999998,-0.1155568258312436,0.11401048784357526
30,-1.25,-0.11863132919258867,0.1173880689890221
30,-1.1999999999999993,-0.12192359707215905,0.12097252888932797
30,-1.1499999999999995,-0.12550329828069962,0.12483621727370764
30,-1.0999999999999996,-0.12944243524605747,0.12905425591329278
30,-1.0499999999999998,-0.13381446730651225,0.1337036487236487
30,-1.0,-0.13869341644010458,0.13886238004417084
30,-0.9499999999999993,-0.14415293407042795,0.1446084789908002
30,-0.8999999999999995,-0.1502652965245035,0.15101901496125558
30,-0.8499999999999996,-0.15710028499107476,0.15816897545856712
30,-0.7999999999999998,-0.16472389187093717,0.166129960790937
30,-0.75,-0.1731967774960459,0.17496860921332447
30,-0.6999999999999993,-0.18257237861475828,0.18474464017797354
30,-0.6499999999999995,-0.19289454490225477,0.19550837509777796
30,-0.5999999999999996,-0.2041945590759835,0.20729757220327882
30,-0.5499999999999998,-0.21648739361274738,0.2201334095310481
30,-0.5,-0.22976709300211506,0.2340154898165212
30,-0.4499999999999993,-0.2440012693553506,0.24891584920889676
30,-0.39999999999999947,-0.25912488245379195,0.2647721510487302
30,-0.34999999999999964,-0.2750337499632658,0.2814805436343246
30,-0.2999999999999998,-0.2915785780557847,0.2988890335505914
30,-0.25,-0.30856065521917764,0.316792607162498
30,-0.1999999999999993,-0.32573060858885206,0.3349316106378073
30,-0.14999999999999947,-0.34279165314796256,0.352994934469691
30,-0.09999999999999964,-0.3594084535695747,0.37062921757892076
30,-0.04999999999999982,-0.3752220185024112,0.387454537416162
30,0.0,-0.38987002772938933,0.4030859608727584
30,0.05000000000000071,-0.40301085676667425,0.41715911328577415
30,0.10000000000000053,-0.4143486053533966,0.4293568941888968
30,0.15000000000000036,-0.42365594674104223,0.4394339399918228
30,0.20000000000000018,-0.43079176954161424,0.44723559386996303
30,0.25,-0.4357113690531902,0.4527089772546957
30,0.3000000000000007,-0.438468157932727,0.45590504942058185
30,0.35000000000000053,-0.4392071934887156,0.45697195722280837
30,0.40000000000000036,-0.43815195040195243,0.45614118461568365
30,0.4500000000000002,-0.4355864922952288,0.4537087857179738
30,0.5,-0.4318354437966795,0.45001425161952
30,0.5500000000000007,-0.4272439935562066,0.4454193805927852
30,0.6000000000000005,-0.4221597010723045,0.440289035746646
30,0.6500000000000004,-0.41691728876646494,0.4349750461529326
30,0.7000000000000002,-0.41182700609699463,0.4298038762189238
30,0.75,-0.40716664332387387,0.42506814790557557
30,0.8000000000000007,-0.4031768938320071,0.42102169900363207
30,0.8500000000000005,-0.4000595255974482,0.41787760837024424
30,0.9000000000000004,-0.39797771111793223,0.4158085014148214
30,0.9500000000000002,-0.39705785525506354,0.41494843878640253
30,1.0,-0.3973923221116199,0.41539575642456106
30,1.0500000000000007,-0.39904256665671606,0.41721633554341797
30,1.1000000000000005,-0.40204229996927837,0.4204469110042577
30,1.1500000000000004,-0.4064004400620307,0.4250981562670806
30,1.2000000000000002,-0.4121037105985659,0.43115739938040465
30,1.25,-0.4191188401755272,0.43859091967970776
30,1.3000000000000007,-0.4273943823903874,0.44734584608048433
30,1.3500000000000005,-0.4368622220711666,0.4573517255264976
30,1.4000000000000004,-0.4474388582928241,0.4685218569005387
30,1.4500000000000002,-0.4590265636951643,0.4807544952443077
30,1.5,-0.4715145160040159,0.4939340275022497
30,1.5500000000000007,-0.48477998520426907,0.5079322080350432
30,1.6000000000000005,-0.4986896417216301,0.5226095231942922
30,1.6500000000000004,-0.5131010298829365,0.5378167320824917
30,1.7000000000000002,-0.5278642289415475,0.5533966074484595
30,1.75,-0.5428237026987972,0.5691858782030514
30,1.8000000000000007,-0.5578203194566407,0.5850173545913839
30,1.8500000000000005,-0.5726935076109658,0.6007221996003652
30,1.9000000000000004,-0.5872834992771119,0.6161322964029752
30,1.9500000000000002,-0.6014336053195624,0.6310826519722776
30,2.0,-0.6149924601928038,0.6454137716184025
30,2.0500000000000007,-0.6278161740193484,0.6589739380483215
30,2.0999999999999996,-0.6397703320503779,0.6716213313301626
30,2.1500000000000004,-0.6507317876022132,0.6832259323671165
30,2.200000000000001,-0.6605902031153708,0.6936711614942184
30,2.25,-0.6692493044190468,0.702855214838436
30,2.3000000000000007,-0.6766278248342711,0.7106920733127531
30,2.3499999999999996,-0.6826601276575927,0.717112171743885
30,2.4000000000000004,-0.6872965071407863,0.7220627279220911
30,2.450000000000001,-0.6905031787311808,0.7255077426812852
30,2.5,-0.6922619786036129,0.7274276919784233
30,2.5500000000000007,-0.6925698000843186,0.7278189400061725
30,2.5999999999999996,-0.6914378002691384,0.7266929084587773
30,2.6500000000000004,-0.6888904139351343,0.724075041135197
30,2.700000000000001,-0.6849642138112652,0.7200036051841698
30,2.75,-0.6797066565734556,0.7145283706450032
30,2.8000000000000007,-0.6731747527883254,0.7077092087550011
30,2.8499999999999996,-0.6654336967110346,0.6996146470582021
30,2.9000000000000004,-0.6565554886236272,0.6903204159551316
30,2.950000000000001,-0.6466175785538472,0.6799080172692267
30,3.0,-0.635701555994643,0.6684633409423912
30,3.0500000000000007,-0.623891905876257,0.6560753513486045
30,3.0999999999999996,-0.6112748467154044,0.6428348601321274
30,3.1500000000000004,-0.5979372627313951,0.6288333980970215
30,3.200000000000001,-0.5839657378913775,0.6141621946190198
30,3.25,-0.5694456964051037,0.598911269403217
30,3.3000000000000007,-0.5544606511814396,0.5831686382224905
30,3.3499999999999996,-0.5390915592048882,0.5670196315640755
30,3.4000000000000004,-0.5234162806895611,0.5505463228842624
30,3.450000000000001,-0.5075091372021233,0.5338270614046482
30,3.5,-0.49144056268369773,0.5169361030453213
30,3.5500000000000007,-0.47527684040453266,0.4999433321396195
30,3.6000000000000014,-0.45907991831089723,0.48291406596540665
30,3.6500000000000004,-0.44290729492527037,0.46590893381066145
30,3.700000000000001,-0.42681196789342524,0.44898382221873
30,3.75,-0.41084243739196913,0.4321898781848096
30,3.8000000000000007,-0.3950427568774436,0.4155735623578498
30,3.8500000000000014,-0.3794526240370516,0.39917674470270015
30,3.9000000000000004,-0.3641075052598076,0.38303683556251045
30,3.950000000000001,-0.34903878745827865,0.36718694560229137
30,4.0,-0.3342739516120993,0.351656068686826
30,4.050000000000001,-0.319836762956637,0.33646928233021267
30,4.100000000000001,-0.3057474732885366,0.3216479609342816
30,4.15,-0.29202303139280705,0.3072099975967574
30,4.200000000000001,-0.27867729810521014,0.29317003080833726
30,4.25,-0.2657212630027559,0.27953967286434145
30,4.300000000000001,-0.253163260160141,0.266327737286995
30,4.350000000000001,-0.24100918081882317,0.2535404629864998
30,4.4,-0.22926268118708704,0.24118173328175063
30,4.450000000000001,-0.2179253839241967,0.22925328825515467
30,4.5,-0.2069970721604646,0.21775492923149065
30,4.550000000000001,-0.1964758751694512,0.20668471444988457
30,4.600000000000001,-0.18635844504041255,0.19603914524274024
30,4.65,-0.17664012390089645,0.18581334224837842
30,4.700000000000001,-0.16731510141329253,0.17600121136755276
30,4.75,-0.1583765624177469,0.16659559933072965
30,4.800000000000001,-0.14981682471934343,0.15758843887524787
30,4.850000000000001,-0.14162746712246355,0.14897088364213074
30,4.9,-0.13379944790160647,0.1407334329932608
30,4.950000000000001,-0.12632321396813695,0.13286604702348603
30,5.0,-0.11918880104807794,0.12535825210077023
30,5.050000000000001,-0.11238592522913504,0.11819923731273485
30,5.100000000000001,-0.10590406626716975,0.1113779422315807
30,5.15,-0.09973254306480017,0.10488313643290326
30,5.200000000000001,-0.0938605817490985,0.09870349121882915
30,5.25,-0.08827737678248804,0.09282764400332721
30,5.300000000000001,-0.08297214554218524,0.08724425581867801
30,5.350000000000001,-0.07793417679952452,0.08194206239781066
30,5.4,-0.07315287352237831,0.07690991927848823
30,5.450000000000001,-0.06861779041196092,0.07213684136269516
30,5.5,-0.06431866657059748,0.06761203734895871
30,5.550000000000001,-0.06024545367967904,0.06332493943696849
30,5.600000000000001,-0.05638834004778115,0.059265228683472726
30,5.65,-0.05273777086800502,0.05542285636631372
30,5.700000000000001,-0.04928446500141637,0.05178806168998773
30,5.75,-0.04601942858032393,0.04835138614166157
30,5.800000000000001,-0.04293396570138319,0.045103684781442
30,5.850000000000001,-0.040019686454344505,0.04203613472515566
30,5.9,-0.03726851250807628,0.03914024105231051
30,5.950000000000001,-0.03467268045163818,0.036407840346678655
30,6.0,-0.032224743064892536,0.03383110205235773
