tau,q,spread
0.000000000000000000e+00,-3.000000000000000000e+01,9.975083022078147232e-01
0.000000000000000000e+00,-2.900000000000000000e+01,9.975083022078147232e-01
0.000000000000000000e+00,-2.800000000000000000e+01,9.975083022078147232e-01
0.000000000000000000e+00,-2.700000000000000000e+01,9.975083022078147232e-01
0.000000000000000000e+00,-2.600000000000000000e+01,9.975083022078147232e-01
0.000000000000000000e+00,-2.500000000000000000e+01,9.975083022078147232e-01
0.000000000000000000e+00,-2.400000000000000000e+01,9.975083022078147232e-01
0.000000000000000000e+00,-2.300000000000000000e+01,9.975083022078147232e-01
0.000000000000000000e+00,-2.200000000000000000e+01,9.975083022078147232e-01
0.000000000000000000e+00,-2.100000000000000000e+01,9.975083022078147232e-01
0.000000000000000000e+00,-2.000000000000000000e+01,9.975083022078147232e-01
0.000000000000000000e+00,-1.900000000000000000e+01,9.975083022078147232e-01
0.000000000000000000e+00,-1.800000000000000000e+01,9.975083022078147232e-01
0.000000000000000000e+00,-1.700000000000000000e+01,9.975083022078147232e-01
0.000000000000000000e+00,-1.600000000000000000e+01,9.975083022078147232e-01
0.000000000000000000e+00,-1.500000000000000000e+01,9.975083022078147232e-01
0.000000000000000000e+00,-1.400000000000000000e+01,9.975083022078147232e-01
0.000000000000000000e+00,-1.300000000000000000e+01,9.975083022078147232e-01
0.000000000000000000e+00,-1.200000000000000000e+01,9.975083022078147232e-01
0.000000000000000000e+00,-1.100000000000000000e+01,9.975083022078147232e-01
0.000000000000000000e+00,-1.000000000000000000e+01,9.975083022078147232e-01
0.000000000000000000e+00,-9.000000000000000000e+00,9.975083022078147232e-01
0.000000000000000000e+00,-8.000000000000000000e+00,9.975083022078147232e-01
0.000000000000000000e+00,-7.000000000000000000e+00,9.975083022078147232e-01
0.000000000000000000e+00,-6.000000000000000000e+00,9.975083022078147232e-01
0.000000000000000000e+00,-5.000000000000000000e+00,9.975083022078147232e-01
0.000000000000000000e+00,-4.000000000000000000e+00,9.975083022078147232e-01
0.000000000000000000e+00,-3.000000000000000000e+00,9.975083022078147232e-01
0.000000000000000000e+00,-2.000000000000000000e+00,9.975083022078147232e-01
0.000000000000000000e+00,-1.000000000000000000e+00,9.975083022078147232e-01
0.000000000000000000e+00,0.000000000000000000e+00,9.975083022078147232e-01
0.000000000000000000e+00,1.000000000000000000e+00,9.975083022078147232e-01
0.000000000000000000e+00,2.000000000000000000e+00,9.975083022078147232e-01
0.000000000000000000e+00,3.000000000000000000e+00,9.975083022078147232e-01
0.000000000000000000e+00,4.000000000000000000e+00,9.975083022078147232e-01
0.000000000000000000e+00,5.000000000000000000e+00,9.975083022078147232e-01
0.000000000000000000e+00,6.000000000000000000e+00,9.975083022078147232e-01
0.000000000000000000e+00,7.000000000000000000e+00,9.975083022078147232e-01
0.000000000000000000e+00,8.000000000000000000e+00,9.975083022078147232e-01
0.000000000000000000e+00,9.000000000000000000e+00,9.975083022078147232e-01
0.000000000000000000e+00,1.000000000000000000e+01,9.975083022078147232e-01
0.000000000000000000e+00,1.100000000000000000e+01,9.975083022078147232e-01
0.000000000000000000e+00,1.200000000000000000e+01,9.975083022078147232e-01
0.000000000000000000e+00,1.300000000000000000e+01,9.975083022078147232e-01
0.000000000000000000e+00,1.400000000000000000e+01,9.975083022078147232e-01
0.000000000000000000e+00,1.500000000000000000e+01,9.975083022078147232e-01
0.000000000000000000e+00,1.600000000000000000e+01,9.975083022078147232e-01
0.000000000000000000e+00,1.700000000000000000e+01,9.975083022078147232e-01
0.000000000000000000e+00,1.800000000000000000e+01,9.975083022078147232e-01
0.000000000000000000e+00,1.900000000000000000e+01,9.975083022078147232e-01
0.000000000000000000e+00,2.000000000000000000e+01,9.975083022078147232e-01
0.000000000000000000e+00,2.100000000000000000e+01,9.975083022078147232e-01
0.000000000000000000e+00,2.200000000000000000e+01,9.975083022078147232e-01
0.000000000000000000e+00,2.300000000000000000e+01,9.975083022078147232e-01
0.000000000000000000e+00,2.400000000000000000e+01,9.975083022078147232e-01
0.000000000000000000e+00,2.500000000000000000e+01,9.975083022078147232e-01
0.000000000000000000e+00,2.600000000000000000e+01,9.975083022078147232e-01
0.000000000000000000e+00,2.700000000000000000e+01,9.975083022078147232e-01
0.000000000000000000e+00,2.800000000000000000e+01,9.975083022078147232e-01
0.000000000000000000e+00,2.900000000000000000e+01,9.975083022078147232e-01
0.000000000000000000e+00,3.000000000000000000e+01,9.975083022078147232e-01
1.667500000000000000e+02,-3.000000000000000000e+01,1.019626551420364180e+00
1.667500000000000000e+02,-2.900000000000000000e+01,1.019995312611335692e+00
1.667500000000000000e+02,-2.800000000000000000e+01,1.020368790094543954e+00
1.667500000000000000e+02,-2.700000000000000000e+01,1.020746428215458579e+00
1.667500000000000000e+02,-2.600000000000000000e+01,1.021127585574056695e+00
1.667500000000000000e+02,-2.500000000000000000e+01,1.021511529855011702e+00
1.667500000000000000e+02,-2.400000000000000000e+01,1.021897433328476268e+00
1.667500000000000000e+02,-2.300000000000000000e+01,1.022284369256025727e+00
1.667500000000000000e+02,-2.200000000000000000e+01,1.022671309453783373e+00
1.667500000000000000e+02,-2.100000000000000000e+01,1.023057123272620217e+00
1.667500000000000000e+02,-2.000000000000000000e+01,1.023440578254618316e+00
1.667500000000000000e+02,-1.900000000000000000e+01,1.023820342709511166e+00
1.667500000000000000e+02,-1.800000000000000000e+01,1.024194990426801510e+00
1.667500000000000000e+02,-1.700000000000000000e+01,1.024563007695273420e+00
1.667500000000000000e+02,-1.600000000000000000e+01,1.024922802742473937e+00
1.667500000000000000e+02,-1.500000000000000000e+01,1.025272717635747011e+00
1.667500000000000000e+02,-1.400000000000000000e+01,1.025611042602919909e+00
1.667500000000000000e+02,-1.300000000000000000e+01,1.025936032643089302e+00
1.667500000000000000e+02,-1.200000000000000000e+01,1.026245926206699188e+00
1.667500000000000000e+02,-1.100000000000000000e+01,1.026538965637852741e+00
1.667500000000000000e+02,-1.000000000000000000e+01,1.026813418993433036e+00
1.667500000000000000e+02,-9.000000000000000000e+00,1.027067602788489964e+00
1.667500000000000000e+02,-8.000000000000000000e+00,1.027299905168699290e+00
1.667500000000000000e+02,-7.000000000000000000e+00,1.027508808980349242e+00
1.667500000000000000e+02,-6.000000000000000000e+00,1.027692914197246399e+00
1.667500000000000000e+02,-5.000000000000000000e+00,1.027850959171515477e+00
1.667500000000000000e+02,-4.000000000000000000e+00,1.027981840200112407e+00
1.667500000000000000e+02,-3.000000000000000000e+00,1.028084628938914502e+00
1.667500000000000000e+02,-2.000000000000000000e+00,1.028158587248951594e+00
1.667500000000000000e+02,-1.000000000000000000e+00,1.028203179122394006e+00
1.667500000000000000e+02,0.000000000000000000e+00,1.028218079406752139e+00
1.667500000000000000e+02,1.000000000000000000e+00,1.028203179122394451e+00
1.667500000000000000e+02,2.000000000000000000e+00,1.028158587248952038e+00
1.667500000000000000e+02,3.000000000000000000e+00,1.028084628938914946e+00
1.667500000000000000e+02,4.000000000000000000e+00,1.027981840200112407e+00
1.667500000000000000e+02,5.000000000000000000e+00,1.027850959171514811e+00
1.667500000000000000e+02,6.000000000000000000e+00,1.027692914197246399e+00
1.667500000000000000e+02,7.000000000000000000e+00,1.027508808980347244e+00
1.667500000000000000e+02,8.000000000000000000e+00,1.027299905168698624e+00
1.667500000000000000e+02,9.000000000000000000e+00,1.027067602788489964e+00
1.667500000000000000e+02,1.000000000000000000e+01,1.026813418993433258e+00
1.667500000000000000e+02,1.100000000000000000e+01,1.026538965637851408e+00
1.667500000000000000e+02,1.200000000000000000e+01,1.026245926206700076e+00
1.667500000000000000e+02,1.300000000000000000e+01,1.025936032643088414e+00
1.667500000000000000e+02,1.400000000000000000e+01,1.025611042602922129e+00
1.667500000000000000e+02,1.500000000000000000e+01,1.025272717635745678e+00
1.667500000000000000e+02,1.600000000000000000e+01,1.024922802742475270e+00
1.667500000000000000e+02,1.700000000000000000e+01,1.024563007695271644e+00
1.667500000000000000e+02,1.800000000000000000e+01,1.024194990426803287e+00
1.667500000000000000e+02,1.900000000000000000e+01,1.023820342709509390e+00
1.667500000000000000e+02,2.000000000000000000e+01,1.023440578254623645e+00
1.667500000000000000e+02,2.100000000000000000e+01,1.023057123272615776e+00
1.667500000000000000e+02,2.200000000000000000e+01,1.022671309453781596e+00
1.667500000000000000e+02,2.300000000000000000e+01,1.022284369256030168e+00
1.667500000000000000e+02,2.400000000000000000e+01,1.021897433328467386e+00
1.667500000000000000e+02,2.500000000000000000e+01,1.021511529855022360e+00
1.667500000000000000e+02,2.600000000000000000e+01,1.021127585574046037e+00
1.667500000000000000e+02,2.700000000000000000e+01,1.020746428215471013e+00
1.667500000000000000e+02,2.800000000000000000e+01,1.020368790094536848e+00
1.667500000000000000e+02,2.900000000000000000e+01,1.019995312611337468e+00
1.667500000000000000e+02,3.000000000000000000e+01,1.019626551420371285e+00
3.332500000000000000e+02,-3.000000000000000000e+01,1.019609005852833761e+00
3.332500000000000000e+02,-2.900000000000000000e+01,1.019984134129961362e+00
3.332500000000000000e+02,-2.800000000000000000e+01,1.020364635153933719e+00
3.332500000000000000e+02,-2.700000000000000000e+01,1.020749974874075150e+00
3.332500000000000000e+02,-2.600000000000000000e+01,1.021139527264775637e+00
3.332500000000000000e+02,-2.500000000000000000e+01,1.021532567769353861e+00
3.332500000000000000e+02,-2.400000000000000000e+01,1.021928267386018163e+00
3.332500000000000000e+02,-2.300000000000000000e+01,1.022325687687002826e+00
3.332500000000000000e+02,-2.200000000000000000e+01,1.022723777089800556e+00
3.332500000000000000e+02,-2.100000000000000000e+01,1.023121368718446611e+00
3.332500000000000000e+02,-2.000000000000000000e+01,1.023517180194634335e+00
3.332500000000000000e+02,-1.900000000000000000e+01,1.023909815683296642e+00
3.332500000000000000e+02,-1.800000000000000000e+01,1.024297770480183445e+00
3.332500000000000000e+02,-1.700000000000000000e+01,1.024679438368315765e+00
3.332500000000000000e+02,-1.600000000000000000e+01,1.025053121888404473e+00
3.332500000000000000e+02,-1.500000000000000000e+01,1.025417045565897300e+00
3.332500000000000000e+02,-1.400000000000000000e+01,1.025769372023513704e+00
3.332500000000000000e+02,-1.300000000000000000e+01,1.026108220786574154e+00
3.332500000000000000e+02,-1.200000000000000000e+01,1.026431689471790865e+00
3.332500000000000000e+02,-1.100000000000000000e+01,1.026737876943782712e+00
3.332500000000000000e+02,-1.000000000000000000e+01,1.027024907937505782e+00
3.332500000000000000e+02,-9.000000000000000000e+00,1.027290958581784874e+00
3.332500000000000000e+02,-8.000000000000000000e+00,1.027534282223190987e+00
3.332500000000000000e+02,-7.000000000000000000e+00,1.027753234939232208e+00
3.332500000000000000e+02,-6.000000000000000000e+00,1.027946300142724478e+00
3.332500000000000000e+02,-5.000000000000000000e+00,1.028112111711662058e+00
3.332500000000000000e+02,-4.000000000000000000e+00,1.028249475126024937e+00
3.332500000000000000e+02,-3.000000000000000000e+00,1.028357386150694497e+00
3.332500000000000000e+02,-2.000000000000000000e+00,1.028435046668395358e+00
3.332500000000000000e+02,-1.000000000000000000e+00,1.028481877335578387e+00
3.332500000000000000e+02,0.000000000000000000e+00,1.028497526805529194e+00
3.332500000000000000e+02,1.000000000000000000e+00,1.028481877335578387e+00
3.332500000000000000e+02,2.000000000000000000e+00,1.028435046668395358e+00
3.332500000000000000e+02,3.000000000000000000e+00,1.028357386150694275e+00
3.332500000000000000e+02,4.000000000000000000e+00,1.028249475126024937e+00
3.332500000000000000e+02,5.000000000000000000e+00,1.028112111711660948e+00
3.332500000000000000e+02,6.000000000000000000e+00,1.027946300142723368e+00
3.332500000000000000e+02,7.000000000000000000e+00,1.027753234939231763e+00
3.332500000000000000e+02,8.000000000000000000e+00,1.027534282223189654e+00
3.332500000000000000e+02,9.000000000000000000e+00,1.027290958581784208e+00
3.332500000000000000e+02,1.000000000000000000e+01,1.027024907937507336e+00
3.332500000000000000e+02,1.100000000000000000e+01,1.026737876943781824e+00
3.332500000000000000e+02,1.200000000000000000e+01,1.026431689471791753e+00
3.332500000000000000e+02,1.300000000000000000e+01,1.026108220786575487e+00
3.332500000000000000e+02,1.400000000000000000e+01,1.025769372023511039e+00
3.332500000000000000e+02,1.500000000000000000e+01,1.025417045565903518e+00
3.332500000000000000e+02,1.600000000000000000e+01,1.025053121888400920e+00
3.332500000000000000e+02,1.700000000000000000e+01,1.024679438368317541e+00
3.332500000000000000e+02,1.800000000000000000e+01,1.024297770480186109e+00
3.332500000000000000e+02,1.900000000000000000e+01,1.023909815683293090e+00
3.332500000000000000e+02,2.000000000000000000e+01,1.023517180194632559e+00
3.332500000000000000e+02,2.100000000000000000e+01,1.023121368718446611e+00
3.332500000000000000e+02,2.200000000000000000e+01,1.022723777089801445e+00
3.332500000000000000e+02,2.300000000000000000e+01,1.022325687687004603e+00
3.332500000000000000e+02,2.400000000000000000e+01,1.021928267386023492e+00
3.332500000000000000e+02,2.500000000000000000e+01,1.021532567769336097e+00
3.332500000000000000e+02,2.600000000000000000e+01,1.021139527264786295e+00
3.332500000000000000e+02,2.700000000000000000e+01,1.020749974874082255e+00
3.332500000000000000e+02,2.800000000000000000e+01,1.020364635153926613e+00
3.332500000000000000e+02,2.900000000000000000e+01,1.019984134129970244e+00
3.332500000000000000e+02,3.000000000000000000e+01,1.019609005852828432e+00
5.000000000000000000e+02,-3.000000000000000000e+01,1.019608016054489141e+00
5.000000000000000000e+02,-2.900000000000000000e+01,1.019983315459874973e+00
5.000000000000000000e+02,-2.800000000000000000e+01,1.020364009898640845e+00
5.000000000000000000e+02,-2.700000000000000000e+01,1.020749566442836098e+00
5.000000000000000000e+02,-2.600000000000000000e+01,1.021139359989431838e+00
5.000000000000000000e+02,-2.500000000000000000e+01,1.021532666643564013e+00
5.000000000000000000e+02,-2.400000000000000000e+01,1.021928657740836854e+00
5.000000000000000000e+02,-2.300000000000000000e+01,1.022326394802232308e+00
5.000000000000000000e+02,-2.200000000000000000e+01,1.022724825744444566e+00
5.000000000000000000e+02,-2.100000000000000000e+01,1.023122782687324595e+00
5.000000000000000000e+02,-2.000000000000000000e+01,1.023518981702736141e+00
5.000000000000000000e+02,-1.900000000000000000e+01,1.023912024833868450e+00
5.000000000000000000e+02,-1.800000000000000000e+01,1.024300404676350418e+00
5.000000000000000000e+02,-1.700000000000000000e+01,1.024682511751173308e+00
5.000000000000000000e+02,-1.600000000000000000e+01,1.025056644815335094e+00
5.000000000000000000e+02,-1.500000000000000000e+01,1.025421024152928240e+00
5.000000000000000000e+02,-1.400000000000000000e+01,1.025773807772346835e+00
5.000000000000000000e+02,-1.300000000000000000e+01,1.026113110312932175e+00
5.000000000000000000e+02,-1.200000000000000000e+01,1.026437024345585147e+00
5.000000000000000000e+02,-1.100000000000000000e+01,1.026743643645211090e+00
5.000000000000000000e+02,-1.000000000000000000e+01,1.027031087926591590e+00
5.000000000000000000e+02,-9.000000000000000000e+00,1.027297528473287036e+00
5.000000000000000000e+02,-8.000000000000000000e+00,1.027541214054402685e+00
5.000000000000000000e+02,-7.000000000000000000e+00,1.027760496515626842e+00
5.000000000000000000e+02,-6.000000000000000000e+00,1.027953855445443487e+00
5.000000000000000000e+02,-5.000000000000000000e+00,1.028119921351392296e+00
5.000000000000000000e+02,-4.000000000000000000e+00,1.028257496829569906e+00
5.000000000000000000e+02,-3.000000000000000000e+00,1.028365575268883614e+00
5.000000000000000000e+02,-2.000000000000000000e+00,1.028443356696738586e+00
5.000000000000000000e+02,-1.000000000000000000e+00,1.028490260441670801e+00
5.000000000000000000e+02,0.000000000000000000e+00,1.028505934359504881e+00
5.000000000000000000e+02,1.000000000000000000e+00,1.028490260441671023e+00
5.000000000000000000e+02,2.000000000000000000e+00,1.028443356696739031e+00
5.000000000000000000e+02,3.000000000000000000e+00,1.028365575268883836e+00
5.000000000000000000e+02,4.000000000000000000e+00,1.028257496829569684e+00
5.000000000000000000e+02,5.000000000000000000e+00,1.028119921351391630e+00
5.000000000000000000e+02,6.000000000000000000e+00,1.027953855445442155e+00
5.000000000000000000e+02,7.000000000000000000e+00,1.027760496515626842e+00
5.000000000000000000e+02,8.000000000000000000e+00,1.027541214054401353e+00
5.000000000000000000e+02,9.000000000000000000e+00,1.027297528473284594e+00
5.000000000000000000e+02,1.000000000000000000e+01,1.027031087926593589e+00
5.000000000000000000e+02,1.100000000000000000e+01,1.026743643645211090e+00
5.000000000000000000e+02,1.200000000000000000e+01,1.026437024345584259e+00
5.000000000000000000e+02,1.300000000000000000e+01,1.026113110312936172e+00
5.000000000000000000e+02,1.400000000000000000e+01,1.025773807772345503e+00
5.000000000000000000e+02,1.500000000000000000e+01,1.025421024152933125e+00
5.000000000000000000e+02,1.600000000000000000e+01,1.025056644815335538e+00
5.000000000000000000e+02,1.700000000000000000e+01,1.024682511751170644e+00
5.000000000000000000e+02,1.800000000000000000e+01,1.024300404676353082e+00
5.000000000000000000e+02,1.900000000000000000e+01,1.023912024833857792e+00
5.000000000000000000e+02,2.000000000000000000e+01,1.023518981702740582e+00
5.000000000000000000e+02,2.100000000000000000e+01,1.023122782687327259e+00
5.000000000000000000e+02,2.200000000000000000e+01,1.022724825744442789e+00
5.000000000000000000e+02,2.300000000000000000e+01,1.022326394802236749e+00
5.000000000000000000e+02,2.400000000000000000e+01,1.021928657740843960e+00
5.000000000000000000e+02,2.500000000000000000e+01,1.021532666643548026e+00
5.000000000000000000e+02,2.600000000000000000e+01,1.021139359989433615e+00
5.000000000000000000e+02,2.700000000000000000e+01,1.020749566442837875e+00
5.000000000000000000e+02,2.800000000000000000e+01,1.020364009898649726e+00
5.000000000000000000e+02,2.900000000000000000e+01,1.019983315459874973e+00
5.000000000000000000e+02,3.000000000000000000e+01,1.019608016054489141e+00
6.667500000000000000e+02,-3.000000000000000000e+01,1.019607983346356050e+00
6.667500000000000000e+02,-2.900000000000000000e+01,1.019983287584610210e+00
6.667500000000000000e+02,-2.800000000000000000e+01,1.020363987530659600e+00
6.667500000000000000e+02,-2.700000000000000000e+01,1.020749550294508978e+00
6.667500000000000000e+02,-2.600000000000000000e+01,1.021139350805382762e+00
6.667500000000000000e+02,-2.500000000000000000e+01,1.021532665192872003e+00
6.667500000000000000e+02,-2.400000000000000000e+01,1.021928664807306930e+00
6.667500000000000000e+02,-2.300000000000000000e+01,1.022326411172352678e+00
6.667500000000000000e+02,-2.200000000000000000e+01,1.022724852193534595e+00
6.667500000000000000e+02,-2.100000000000000000e+01,1.023122819963671049e+00
6.667500000000000000e+02,-2.000000000000000000e+01,1.023519030510291472e+00
6.667500000000000000e+02,-1.900000000000000000e+01,1.023912085814060902e+00
6.667500000000000000e+02,-1.800000000000000000e+01,1.024300478389539748e+00
6.667500000000000000e+02,-1.700000000000000000e+01,1.024682598658542609e+00
6.667500000000000000e+02,-1.600000000000000000e+01,1.025056745262074465e+00
6.667500000000000000e+02,-1.500000000000000000e+01,1.025421138353400874e+00
6.667500000000000000e+02,-1.400000000000000000e+01,1.025773935798057312e+00
6.667500000000000000e+02,-1.300000000000000000e+01,1.026113252083668659e+00
6.667500000000000000e+02,-1.200000000000000000e+01,1.026437179624273277e+00
6.667500000000000000e+02,-1.100000000000000000e+01,1.026743812036435166e+00
6.667500000000000000e+02,-1.000000000000000000e+01,1.027031268878825898e+00
6.667500000000000000e+02,-9.000000000000000000e+00,1.027297721284418985e+00
6.667500000000000000e+02,-8.000000000000000000e+00,1.027541417880255770e+00
6.667500000000000000e+02,-7.000000000000000000e+00,1.027760710380873022e+00
6.667500000000000000e+02,-6.000000000000000000e+00,1.027954078256434922e+00
6.667500000000000000e+02,-5.000000000000000000e+00,1.028120151910393965e+00
6.667500000000000000e+02,-4.000000000000000000e+00,1.028257733849931022e+00
6.667500000000000000e+02,-3.000000000000000000e+00,1.028365817390818338e+00
6.667500000000000000e+02,-2.000000000000000000e+00,1.028443602503431142e+00
6.667500000000000000e+02,-1.000000000000000000e+00,1.028490508475529142e+00
6.667500000000000000e+02,0.000000000000000000e+00,1.028506183138470309e+00
6.667500000000000000e+02,1.000000000000000000e+00,1.028490508475528920e+00
6.667500000000000000e+02,2.000000000000000000e+00,1.028443602503431142e+00
6.667500000000000000e+02,3.000000000000000000e+00,1.028365817390819004e+00
6.667500000000000000e+02,4.000000000000000000e+00,1.028257733849930355e+00
6.667500000000000000e+02,5.000000000000000000e+00,1.028120151910392632e+00
6.667500000000000000e+02,6.000000000000000000e+00,1.027954078256434034e+00
6.667500000000000000e+02,7.000000000000000000e+00,1.027760710380872133e+00
6.667500000000000000e+02,8.000000000000000000e+00,1.027541417880254215e+00
6.667500000000000000e+02,9.000000000000000000e+00,1.027297721284417431e+00
6.667500000000000000e+02,1.000000000000000000e+01,1.027031268878826786e+00
6.667500000000000000e+02,1.100000000000000000e+01,1.026743812036438275e+00
6.667500000000000000e+02,1.200000000000000000e+01,1.026437179624270613e+00
6.667500000000000000e+02,1.300000000000000000e+01,1.026113252083674432e+00
6.667500000000000000e+02,1.400000000000000000e+01,1.025773935798050651e+00
6.667500000000000000e+02,1.500000000000000000e+01,1.025421138353410200e+00
6.667500000000000000e+02,1.600000000000000000e+01,1.025056745262069580e+00
6.667500000000000000e+02,1.700000000000000000e+01,1.024682598658547938e+00
6.667500000000000000e+02,1.800000000000000000e+01,1.024300478389535307e+00
6.667500000000000000e+02,1.900000000000000000e+01,1.023912085814060902e+00
6.667500000000000000e+02,2.000000000000000000e+01,1.023519030510293248e+00
6.667500000000000000e+02,2.100000000000000000e+01,1.023122819963668384e+00
6.667500000000000000e+02,2.200000000000000000e+01,1.022724852193534595e+00
6.667500000000000000e+02,2.300000000000000000e+01,1.022326411172359784e+00
6.667500000000000000e+02,2.400000000000000000e+01,1.021928664807298048e+00
6.667500000000000000e+02,2.500000000000000000e+01,1.021532665192870226e+00
6.667500000000000000e+02,2.600000000000000000e+01,1.021139350805384538e+00
6.667500000000000000e+02,2.700000000000000000e+01,1.020749550294512531e+00
6.667500000000000000e+02,2.800000000000000000e+01,1.020363987530664929e+00
6.667500000000000000e+02,2.900000000000000000e+01,1.019983287584603104e+00
6.667500000000000000e+02,3.000000000000000000e+01,1.019607983346364932e+00
8.332500000000000000e+02,-3.000000000000000000e+01,1.019607982357669584e+00
8.332500000000000000e+02,-2.900000000000000000e+01,1.019983286735293149e+00
8.332500000000000000e+02,-2.800000000000000000e+01,1.020363986840564507e+00
8.332500000000000000e+02,-2.700000000000000000e+01,1.020749549784699894e+00
8.332500000000000000e+02,-2.600000000000000000e+01,1.021139350497854537e+00
8.332500000000000000e+02,-2.500000000000000000e+01,1.021532665110449045e+00
8.332500000000000000e+02,-2.400000000000000000e+01,1.021928664973243528e+00
8.332500000000000000e+02,-2.300000000000000000e+01,1.022326411610064767e+00
8.332500000000000000e+02,-2.200000000000000000e+01,1.022724852926159222e+00
8.332500000000000000e+02,-2.100000000000000000e+01,1.023122821013573436e+00
8.332500000000000000e+02,-2.000000000000000000e+01,1.023519031898579179e+00
8.332500000000000000e+02,-1.900000000000000000e+01,1.023912087560038486e+00
8.332500000000000000e+02,-1.800000000000000000e+01,1.024300480510109246e+00
8.332500000000000000e+02,-1.700000000000000000e+01,1.024682601167718587e+00
8.332500000000000000e+02,-1.600000000000000000e+01,1.025056748170435572e+00
8.332500000000000000e+02,-1.500000000000000000e+01,1.025421141667657299e+00
8.332500000000000000e+02,-1.400000000000000000e+01,1.025773939520650657e+00
8.332500000000000000e+02,-1.300000000000000000e+01,1.026113256212561886e+00
8.332500000000000000e+02,-1.200000000000000000e+01,1.026437184152729554e+00
8.332500000000000000e+02,-1.100000000000000000e+01,1.026743816952998323e+00
8.332500000000000000e+02,-1.000000000000000000e+01,1.027031274167375274e+00
8.332500000000000000e+02,-9.000000000000000000e+00,1.027297726924332633e+00
8.332500000000000000e+02,-8.000000000000000000e+00,1.027541423846654256e+00
8.332500000000000000e+02,-7.000000000000000000e+00,1.027760716644955163e+00
8.332500000000000000e+02,-6.000000000000000000e+00,1.027954084785854150e+00
8.332500000000000000e+02,-5.000000000000000000e+00,1.028120158669680650e+00
8.332500000000000000e+02,-4.000000000000000000e+00,1.028257740800952558e+00
8.332500000000000000e+02,-3.000000000000000000e+00,1.028365824493249203e+00
8.332500000000000000e+02,-2.000000000000000000e+00,1.028443609715234075e+00
8.332500000000000000e+02,-1.000000000000000000e+00,1.028490515753444967e+00
8.332500000000000000e+02,0.000000000000000000e+00,1.028506190438505108e+00
8.332500000000000000e+02,1.000000000000000000e+00,1.028490515753444745e+00
8.332500000000000000e+02,2.000000000000000000e+00,1.028443609715234519e+00
8.332500000000000000e+02,3.000000000000000000e+00,1.028365824493250091e+00
8.332500000000000000e+02,4.000000000000000000e+00,1.028257740800952558e+00
8.332500000000000000e+02,5.000000000000000000e+00,1.028120158669679984e+00
8.332500000000000000e+02,6.000000000000000000e+00,1.027954084785852817e+00
8.332500000000000000e+02,7.000000000000000000e+00,1.027760716644954719e+00
8.332500000000000000e+02,8.000000000000000000e+00,1.027541423846653812e+00
8.332500000000000000e+02,9.000000000000000000e+00,1.027297726924330856e+00
8.332500000000000000e+02,1.000000000000000000e+01,1.027031274167375940e+00
8.332500000000000000e+02,1.100000000000000000e+01,1.026743816953000543e+00
8.332500000000000000e+02,1.200000000000000000e+01,1.026437184152726445e+00
8.332500000000000000e+02,1.300000000000000000e+01,1.026113256212564551e+00
8.332500000000000000e+02,1.400000000000000000e+01,1.025773939520650657e+00
8.332500000000000000e+02,1.500000000000000000e+01,1.025421141667661740e+00
8.332500000000000000e+02,1.600000000000000000e+01,1.025056748170432463e+00
8.332500000000000000e+02,1.700000000000000000e+01,1.024682601167721252e+00
8.332500000000000000e+02,1.800000000000000000e+01,1.024300480510111022e+00
8.332500000000000000e+02,1.900000000000000000e+01,1.023912087560027828e+00
8.332500000000000000e+02,2.000000000000000000e+01,1.023519031898585396e+00
8.332500000000000000e+02,2.100000000000000000e+01,1.023122821013574324e+00
8.332500000000000000e+02,2.200000000000000000e+01,1.022724852926160999e+00
8.332500000000000000e+02,2.300000000000000000e+01,1.022326411610068320e+00
8.332500000000000000e+02,2.400000000000000000e+01,1.021928664973241752e+00
8.332500000000000000e+02,2.500000000000000000e+01,1.021532665110436611e+00
8.332500000000000000e+02,2.600000000000000000e+01,1.021139350497863418e+00
8.332500000000000000e+02,2.700000000000000000e+01,1.020749549784701671e+00
8.332500000000000000e+02,2.800000000000000000e+01,1.020363986840564507e+00
8.332500000000000000e+02,2.900000000000000000e+01,1.019983286735291372e+00
8.332500000000000000e+02,3.000000000000000000e+01,1.019607982357682019e+00
1.000000000000000000e+03,-3.000000000000000000e+01,1.019607982328285090e+00
1.000000000000000000e+03,-2.900000000000000000e+01,1.019983286709990722e+00
1.000000000000000000e+03,-2.800000000000000000e+01,1.020363986819923241e+00
1.000000000000000000e+03,-2.700000000000000000e+01,1.020749549769343290e+00
1.000000000000000000e+03,-2.600000000000000000e+01,1.021139350488450503e+00
1.000000000000000000e+03,-2.500000000000000000e+01,1.021532665107626414e+00
1.000000000000000000e+03,-2.400000000000000000e+01,1.021928664977732382e+00
1.000000000000000000e+03,-2.300000000000000000e+01,1.022326411622548115e+00
1.000000000000000000e+03,-2.200000000000000000e+01,1.022724852947315632e+00
1.000000000000000000e+03,-2.100000000000000000e+01,1.023122821044059272e+00
1.000000000000000000e+03,-2.000000000000000000e+01,1.023519031939035706e+00
1.000000000000000000e+03,-1.900000000000000000e+01,1.023912087611024369e+00
1.000000000000000000e+03,-1.800000000000000000e+01,1.024300480572141403e+00
1.000000000000000000e+03,-1.700000000000000000e+01,1.024682601241207358e+00
1.000000000000000000e+03,-1.600000000000000000e+01,1.025056748255693595e+00
1.000000000000000000e+03,-1.500000000000000000e+01,1.025421141764892408e+00
1.000000000000000000e+03,-1.400000000000000000e+01,1.025773939629941012e+00
1.000000000000000000e+03,-1.300000000000000000e+01,1.026113256333844426e+00
1.000000000000000000e+03,-1.200000000000000000e+01,1.026437184285811544e+00
1.000000000000000000e+03,-1.100000000000000000e+01,1.026743817097545364e+00
1.000000000000000000e+03,-1.000000000000000000e+01,1.027031274322913079e+00
1.000000000000000000e+03,-9.000000000000000000e+00,1.027297727090251023e+00
1.000000000000000000e+03,-8.000000000000000000e+00,1.027541424022224259e+00
1.000000000000000000e+03,-7.000000000000000000e+00,1.027760716829325682e+00
1.000000000000000000e+03,-6.000000000000000000e+00,1.027954084978067950e+00
1.000000000000000000e+03,-5.000000000000000000e+00,1.028120158868691458e+00
1.000000000000000000e+03,-4.000000000000000000e+00,1.028257741005633719e+00
1.000000000000000000e+03,-3.000000000000000000e+00,1.028365824702407672e+00
1.000000000000000000e+03,-2.000000000000000000e+00,1.028443609927627289e+00
1.000000000000000000e+03,-1.000000000000000000e+00,1.028490515967793284e+00
1.000000000000000000e+03,0.000000000000000000e+00,1.028506190653507790e+00
1.000000000000000000e+03,1.000000000000000000e+00,1.028490515967793062e+00
1.000000000000000000e+03,2.000000000000000000e+00,1.028443609927627511e+00
1.000000000000000000e+03,3.000000000000000000e+00,1.028365824702408338e+00
1.000000000000000000e+03,4.000000000000000000e+00,1.028257741005633497e+00
1.000000000000000000e+03,5.000000000000000000e+00,1.028120158868691014e+00
1.000000000000000000e+03,6.000000000000000000e+00,1.027954084978066174e+00
1.000000000000000000e+03,7.000000000000000000e+00,1.027760716829324794e+00
1.000000000000000000e+03,8.000000000000000000e+00,1.027541424022225147e+00
1.000000000000000000e+03,9.000000000000000000e+00,1.027297727090249913e+00
1.000000000000000000e+03,1.000000000000000000e+01,1.027031274322913523e+00
1.000000000000000000e+03,1.100000000000000000e+01,1.026743817097546696e+00
1.000000000000000000e+03,1.200000000000000000e+01,1.026437184285808879e+00
1.000000000000000000e+03,1.300000000000000000e+01,1.026113256333845314e+00
1.000000000000000000e+03,1.400000000000000000e+01,1.025773939629941012e+00
1.000000000000000000e+03,1.500000000000000000e+01,1.025421141764897737e+00
1.000000000000000000e+03,1.600000000000000000e+01,1.025056748255693595e+00
1.000000000000000000e+03,1.700000000000000000e+01,1.024682601241206470e+00
1.000000000000000000e+03,1.800000000000000000e+01,1.024300480572137850e+00
1.000000000000000000e+03,1.900000000000000000e+01,1.023912087611021704e+00
1.000000000000000000e+03,2.000000000000000000e+01,1.023519031939038371e+00
1.000000000000000000e+03,2.100000000000000000e+01,1.023122821044063713e+00
1.000000000000000000e+03,2.200000000000000000e+01,1.022724852947312968e+00
1.000000000000000000e+03,2.300000000000000000e+01,1.022326411622546338e+00
1.000000000000000000e+03,2.400000000000000000e+01,1.021928664977732382e+00
1.000000000000000000e+03,2.500000000000000000e+01,1.021532665107628191e+00
1.000000000000000000e+03,2.600000000000000000e+01,1.021139350488439845e+00
1.000000000000000000e+03,2.700000000000000000e+01,1.020749549769353948e+00
1.000000000000000000e+03,2.800000000000000000e+01,1.020363986819926794e+00
1.000000000000000000e+03,2.900000000000000000e+01,1.019983286709985393e+00
1.000000000000000000e+03,3.000000000000000000e+01,1.019607982328288642e+00
1.166750000000000000e+03,-3.000000000000000000e+01,1.019607982327425333e+00
1.166750000000000000e+03,-2.900000000000000000e+01,1.019983286709241099e+00
1.166750000000000000e+03,-2.800000000000000000e+01,1.020363986819322832e+00
1.166750000000000000e+03,-2.700000000000000000e+01,1.020749549768884989e+00
1.166750000000000000e+03,-2.600000000000000000e+01,1.021139350488166286e+00
1.166750000000000000e+03,-2.500000000000000000e+01,1.021532665107551807e+00
1.166750000000000000e+03,-2.400000000000000000e+01,1.021928664977858503e+00
1.166750000000000000e+03,-2.300000000000000000e+01,1.022326411622906939e+00
1.166750000000000000e+03,-2.200000000000000000e+01,1.022724852947926699e+00
1.166750000000000000e+03,-2.100000000000000000e+01,1.023122821044952779e+00
1.166750000000000000e+03,-2.000000000000000000e+01,1.023519031940211654e+00
1.166750000000000000e+03,-1.900000000000000000e+01,1.023912087612514732e+00
1.166750000000000000e+03,-1.800000000000000000e+01,1.024300480573950622e+00
1.166750000000000000e+03,-1.700000000000000000e+01,1.024682601243357638e+00
1.166750000000000000e+03,-1.600000000000000000e+01,1.025056748258184935e+00
1.166750000000000000e+03,-1.500000000000000000e+01,1.025421141767737243e+00
1.166750000000000000e+03,-1.400000000000000000e+01,1.025773939633135345e+00
1.166750000000000000e+03,-1.300000000000000000e+01,1.026113256337393143e+00
1.166750000000000000e+03,-1.200000000000000000e+01,1.026437184289701321e+00
1.166750000000000000e+03,-1.100000000000000000e+01,1.026743817101775758e+00
1.166750000000000000e+03,-1.000000000000000000e+01,1.027031274327465660e+00
1.166750000000000000e+03,-9.000000000000000000e+00,1.027297727095108026e+00
1.166750000000000000e+03,-8.000000000000000000e+00,1.027541424027362815e+00
1.166750000000000000e+03,-7.000000000000000000e+00,1.027760716834721588e+00
1.166750000000000000e+03,-6.000000000000000000e+00,1.027954084983694338e+00
1.166750000000000000e+03,-5.000000000000000000e+00,1.028120158874518131e+00
1.166750000000000000e+03,-4.000000000000000000e+00,1.028257741011625592e+00
1.166750000000000000e+03,-3.000000000000000000e+00,1.028365824708530996e+00
1.166750000000000000e+03,-2.000000000000000000e+00,1.028443609933845204e+00
1.166750000000000000e+03,-1.000000000000000000e+00,1.028490515974068709e+00
1.166750000000000000e+03,0.000000000000000000e+00,1.028506190659802533e+00
1.166750000000000000e+03,1.000000000000000000e+00,1.028490515974068709e+00
1.166750000000000000e+03,2.000000000000000000e+00,1.028443609933845870e+00
1.166750000000000000e+03,3.000000000000000000e+00,1.028365824708531662e+00
1.166750000000000000e+03,4.000000000000000000e+00,1.028257741011625370e+00
1.166750000000000000e+03,5.000000000000000000e+00,1.028120158874517243e+00
1.166750000000000000e+03,6.000000000000000000e+00,1.027954084983692784e+00
1.166750000000000000e+03,7.000000000000000000e+00,1.027760716834721366e+00
1.166750000000000000e+03,8.000000000000000000e+00,1.027541424027363481e+00
1.166750000000000000e+03,9.000000000000000000e+00,1.027297727095105806e+00
1.166750000000000000e+03,1.000000000000000000e+01,1.027031274327465216e+00
1.166750000000000000e+03,1.100000000000000000e+01,1.026743817101774425e+00
1.166750000000000000e+03,1.200000000000000000e+01,1.026437184289703097e+00
1.166750000000000000e+03,1.300000000000000000e+01,1.026113256337395363e+00
1.166750000000000000e+03,1.400000000000000000e+01,1.025773939633135345e+00
1.166750000000000000e+03,1.500000000000000000e+01,1.025421141767739464e+00
1.166750000000000000e+03,1.600000000000000000e+01,1.025056748258187600e+00
1.166750000000000000e+03,1.700000000000000000e+01,1.024682601243353197e+00
1.166750000000000000e+03,1.800000000000000000e+01,1.024300480573953287e+00
1.166750000000000000e+03,1.900000000000000000e+01,1.023912087612510291e+00
1.166750000000000000e+03,2.000000000000000000e+01,1.023519031940216095e+00
1.166750000000000000e+03,2.100000000000000000e+01,1.023122821044953668e+00
1.166750000000000000e+03,2.200000000000000000e+01,1.022724852947928476e+00
1.166750000000000000e+03,2.300000000000000000e+01,1.022326411622908715e+00
1.166750000000000000e+03,2.400000000000000000e+01,1.021928664977854950e+00
1.166750000000000000e+03,2.500000000000000000e+01,1.021532665107544702e+00
1.166750000000000000e+03,2.600000000000000000e+01,1.021139350488160957e+00
1.166750000000000000e+03,2.700000000000000000e+01,1.020749549768900977e+00
1.166750000000000000e+03,2.800000000000000000e+01,1.020363986819319280e+00
1.166750000000000000e+03,2.900000000000000000e+01,1.019983286709244652e+00
1.166750000000000000e+03,3.000000000000000000e+01,1.019607982327427109e+00
1.333250000000000000e+03,-3.000000000000000000e+01,1.019607982327398688e+00
1.333250000000000000e+03,-2.900000000000000000e+01,1.019983286709219783e+00
1.333250000000000000e+03,-2.800000000000000000e+01,1.020363986819299740e+00
1.333250000000000000e+03,-2.700000000000000000e+01,1.020749549768877884e+00
1.333250000000000000e+03,-2.600000000000000000e+01,1.021139350488155628e+00
1.333250000000000000e+03,-2.500000000000000000e+01,1.021532665107548254e+00
1.333250000000000000e+03,-2.400000000000000000e+01,1.021928664977867385e+00
1.333250000000000000e+03,-2.300000000000000000e+01,1.022326411622914044e+00
1.333250000000000000e+03,-2.200000000000000000e+01,1.022724852947946239e+00
1.333250000000000000e+03,-2.100000000000000000e+01,1.023122821044976760e+00
1.333250000000000000e+03,-2.000000000000000000e+01,1.023519031940248958e+00
1.333250000000000000e+03,-1.900000000000000000e+01,1.023912087612556476e+00
1.333250000000000000e+03,-1.800000000000000000e+01,1.024300480574002137e+00
1.333250000000000000e+03,-1.700000000000000000e+01,1.024682601243420699e+00
1.333250000000000000e+03,-1.600000000000000000e+01,1.025056748258259987e+00
1.333250000000000000e+03,-1.500000000000000000e+01,1.025421141767818511e+00
1.333250000000000000e+03,-1.400000000000000000e+01,1.025773939633227716e+00
1.333250000000000000e+03,-1.300000000000000000e+01,1.026113256337497504e+00
1.333250000000000000e+03,-1.200000000000000000e+01,1.026437184289816340e+00
1.333250000000000000e+03,-1.100000000000000000e+01,1.026743817101901435e+00
1.333250000000000000e+03,-1.000000000000000000e+01,1.027031274327596888e+00
1.333250000000000000e+03,-9.000000000000000000e+00,1.027297727095248803e+00
1.333250000000000000e+03,-8.000000000000000000e+00,1.027541424027514250e+00
1.333250000000000000e+03,-7.000000000000000000e+00,1.027760716834879240e+00
1.333250000000000000e+03,-6.000000000000000000e+00,1.027954084983859318e+00
1.333250000000000000e+03,-5.000000000000000000e+00,1.028120158874688439e+00
1.333250000000000000e+03,-4.000000000000000000e+00,1.028257741011801230e+00
1.333250000000000000e+03,-3.000000000000000000e+00,1.028365824708710186e+00
1.333250000000000000e+03,-2.000000000000000000e+00,1.028443609934027503e+00
1.333250000000000000e+03,-1.000000000000000000e+00,1.028490515974252784e+00
1.333250000000000000e+03,0.000000000000000000e+00,1.028506190659986608e+00
1.333250000000000000e+03,1.000000000000000000e+00,1.028490515974252340e+00
1.333250000000000000e+03,2.000000000000000000e+00,1.028443609934027947e+00
1.333250000000000000e+03,3.000000000000000000e+00,1.028365824708710852e+00
1.333250000000000000e+03,4.000000000000000000e+00,1.028257741011800563e+00
1.333250000000000000e+03,5.000000000000000000e+00,1.028120158874687107e+00
1.333250000000000000e+03,6.000000000000000000e+00,1.027954084983857763e+00
1.333250000000000000e+03,7.000000000000000000e+00,1.027760716834879684e+00
1.333250000000000000e+03,8.000000000000000000e+00,1.027541424027514472e+00
1.333250000000000000e+03,9.000000000000000000e+00,1.027297727095248137e+00
1.333250000000000000e+03,1.000000000000000000e+01,1.027031274327598886e+00
1.333250000000000000e+03,1.100000000000000000e+01,1.026743817101899214e+00
1.333250000000000000e+03,1.200000000000000000e+01,1.026437184289815008e+00
1.333250000000000000e+03,1.300000000000000000e+01,1.026113256337499280e+00
1.333250000000000000e+03,1.400000000000000000e+01,1.025773939633229048e+00
1.333250000000000000e+03,1.500000000000000000e+01,1.025421141767823396e+00
1.333250000000000000e+03,1.600000000000000000e+01,1.025056748258262207e+00
1.333250000000000000e+03,1.700000000000000000e+01,1.024682601243411817e+00
1.333250000000000000e+03,1.800000000000000000e+01,1.024300480574007466e+00
1.333250000000000000e+03,1.900000000000000000e+01,1.023912087612553812e+00
1.333250000000000000e+03,2.000000000000000000e+01,1.023519031940248958e+00
1.333250000000000000e+03,2.100000000000000000e+01,1.023122821044981201e+00
1.333250000000000000e+03,2.200000000000000000e+01,1.022724852947942686e+00
1.333250000000000000e+03,2.300000000000000000e+01,1.022326411622920261e+00
1.333250000000000000e+03,2.400000000000000000e+01,1.021928664977862056e+00
1.333250000000000000e+03,2.500000000000000000e+01,1.021532665107542925e+00
1.333250000000000000e+03,2.600000000000000000e+01,1.021139350488148523e+00
1.333250000000000000e+03,2.700000000000000000e+01,1.020749549768890319e+00
1.333250000000000000e+03,2.800000000000000000e+01,1.020363986819305069e+00
1.333250000000000000e+03,2.900000000000000000e+01,1.019983286709216230e+00
1.333250000000000000e+03,3.000000000000000000e+01,1.019607982327402240e+00
1.500000000000000000e+03,-3.000000000000000000e+01,1.019607982327398688e+00
1.500000000000000000e+03,-2.900000000000000000e+01,1.019983286709219783e+00
1.500000000000000000e+03,-2.800000000000000000e+01,1.020363986819299740e+00
1.500000000000000000e+03,-2.700000000000000000e+01,1.020749549768877884e+00
1.500000000000000000e+03,-2.600000000000000000e+01,1.021139350488152076e+00
1.500000000000000000e+03,-2.500000000000000000e+01,1.021532665107551807e+00
1.500000000000000000e+03,-2.400000000000000000e+01,1.021928664977870937e+00
1.500000000000000000e+03,-2.300000000000000000e+01,1.022326411622908715e+00
1.500000000000000000e+03,-2.200000000000000000e+01,1.022724852947946239e+00
1.500000000000000000e+03,-2.100000000000000000e+01,1.023122821044979425e+00
1.500000000000000000e+03,-2.000000000000000000e+01,1.023519031940248070e+00
1.500000000000000000e+03,-1.900000000000000000e+01,1.023912087612560029e+00
1.500000000000000000e+03,-1.800000000000000000e+01,1.024300480574002137e+00
1.500000000000000000e+03,-1.700000000000000000e+01,1.024682601243422475e+00
1.500000000000000000e+03,-1.600000000000000000e+01,1.025056748258265316e+00
1.500000000000000000e+03,-1.500000000000000000e+01,1.025421141767816735e+00
1.500000000000000000e+03,-1.400000000000000000e+01,1.025773939633233489e+00
1.500000000000000000e+03,-1.300000000000000000e+01,1.026113256337498392e+00
1.500000000000000000e+03,-1.200000000000000000e+01,1.026437184289819893e+00
1.500000000000000000e+03,-1.100000000000000000e+01,1.026743817101904099e+00
1.500000000000000000e+03,-1.000000000000000000e+01,1.027031274327601551e+00
1.500000000000000000e+03,-9.000000000000000000e+00,1.027297727095253466e+00
1.500000000000000000e+03,-8.000000000000000000e+00,1.027541424027517580e+00
1.500000000000000000e+03,-7.000000000000000000e+00,1.027760716834883681e+00
1.500000000000000000e+03,-6.000000000000000000e+00,1.027954084983863980e+00
1.500000000000000000e+03,-5.000000000000000000e+00,1.028120158874693768e+00
1.500000000000000000e+03,-4.000000000000000000e+00,1.028257741011805892e+00
1.500000000000000000e+03,-3.000000000000000000e+00,1.028365824708715515e+00
1.500000000000000000e+03,-2.000000000000000000e+00,1.028443609934032832e+00
1.500000000000000000e+03,-1.000000000000000000e+00,1.028490515974257891e+00
1.500000000000000000e+03,0.000000000000000000e+00,1.028506190659991937e+00
1.500000000000000000e+03,1.000000000000000000e+00,1.028490515974257669e+00
1.500000000000000000e+03,2.000000000000000000e+00,1.028443609934033054e+00
1.500000000000000000e+03,3.000000000000000000e+00,1.028365824708716181e+00
1.500000000000000000e+03,4.000000000000000000e+00,1.028257741011806115e+00
1.500000000000000000e+03,5.000000000000000000e+00,1.028120158874692658e+00
1.500000000000000000e+03,6.000000000000000000e+00,1.027954084983862426e+00
1.500000000000000000e+03,7.000000000000000000e+00,1.027760716834885013e+00
1.500000000000000000e+03,8.000000000000000000e+00,1.027541424027518024e+00
1.500000000000000000e+03,9.000000000000000000e+00,1.027297727095252577e+00
1.500000000000000000e+03,1.000000000000000000e+01,1.027031274327601995e+00
1.500000000000000000e+03,1.100000000000000000e+01,1.026743817101901879e+00
1.500000000000000000e+03,1.200000000000000000e+01,1.026437184289820781e+00
1.500000000000000000e+03,1.300000000000000000e+01,1.026113256337501056e+00
1.500000000000000000e+03,1.400000000000000000e+01,1.025773939633230381e+00
1.500000000000000000e+03,1.500000000000000000e+01,1.025421141767826505e+00
1.500000000000000000e+03,1.600000000000000000e+01,1.025056748258262651e+00
1.500000000000000000e+03,1.700000000000000000e+01,1.024682601243416258e+00
1.500000000000000000e+03,1.800000000000000000e+01,1.024300480574010130e+00
1.500000000000000000e+03,1.900000000000000000e+01,1.023912087612550259e+00
1.500000000000000000e+03,2.000000000000000000e+01,1.023519031940255175e+00
1.500000000000000000e+03,2.100000000000000000e+01,1.023122821044980313e+00
1.500000000000000000e+03,2.200000000000000000e+01,1.022724852947944463e+00
1.500000000000000000e+03,2.300000000000000000e+01,1.022326411622923814e+00
1.500000000000000000e+03,2.400000000000000000e+01,1.021928664977860279e+00
1.500000000000000000e+03,2.500000000000000000e+01,1.021532665107539373e+00
1.500000000000000000e+03,2.600000000000000000e+01,1.021139350488152076e+00
1.500000000000000000e+03,2.700000000000000000e+01,1.020749549768884989e+00
1.500000000000000000e+03,2.800000000000000000e+01,1.020363986819301516e+00
1.500000000000000000e+03,2.900000000000000000e+01,1.019983286709226888e+00
1.500000000000000000e+03,3.000000000000000000e+01,1.019607982327395135e+00
1.666750000000000000e+03,-3.000000000000000000e+01,1.019607982327398688e+00
1.666750000000000000e+03,-2.900000000000000000e+01,1.019983286709221559e+00
1.666750000000000000e+03,-2.800000000000000000e+01,1.020363986819296187e+00
1.666750000000000000e+03,-2.700000000000000000e+01,1.020749549768879660e+00
1.666750000000000000e+03,-2.600000000000000000e+01,1.021139350488150299e+00
1.666750000000000000e+03,-2.500000000000000000e+01,1.021532665107548254e+00
1.666750000000000000e+03,-2.400000000000000000e+01,1.021928664977872714e+00
1.666750000000000000e+03,-2.300000000000000000e+01,1.022326411622907827e+00
1.666750000000000000e+03,-2.200000000000000000e+01,1.022724852947954233e+00
1.666750000000000000e+03,-2.100000000000000000e+01,1.023122821044976760e+00
1.666750000000000000e+03,-2.000000000000000000e+01,1.023519031940249846e+00
1.666750000000000000e+03,-1.900000000000000000e+01,1.023912087612557364e+00
1.666750000000000000e+03,-1.800000000000000000e+01,1.024300480574005690e+00
1.666750000000000000e+03,-1.700000000000000000e+01,1.024682601243422475e+00
1.666750000000000000e+03,-1.600000000000000000e+01,1.025056748258263095e+00
1.666750000000000000e+03,-1.500000000000000000e+01,1.025421141767817623e+00
1.666750000000000000e+03,-1.400000000000000000e+01,1.025773939633233933e+00
1.666750000000000000e+03,-1.300000000000000000e+01,1.026113256337498836e+00
1.666750000000000000e+03,-1.200000000000000000e+01,1.026437184289819893e+00
1.666750000000000000e+03,-1.100000000000000000e+01,1.026743817101905432e+00
1.666750000000000000e+03,-1.000000000000000000e+01,1.027031274327600441e+00
1.666750000000000000e+03,-9.000000000000000000e+00,1.027297727095252800e+00
1.666750000000000000e+03,-8.000000000000000000e+00,1.027541424027518024e+00
1.666750000000000000e+03,-7.000000000000000000e+00,1.027760716834883903e+00
1.666750000000000000e+03,-6.000000000000000000e+00,1.027954084983863758e+00
1.666750000000000000e+03,-5.000000000000000000e+00,1.028120158874693324e+00
1.666750000000000000e+03,-4.000000000000000000e+00,1.028257741011806115e+00
1.666750000000000000e+03,-3.000000000000000000e+00,1.028365824708715959e+00
1.666750000000000000e+03,-2.000000000000000000e+00,1.028443609934033276e+00
1.666750000000000000e+03,-1.000000000000000000e+00,1.028490515974257891e+00
1.666750000000000000e+03,0.000000000000000000e+00,1.028506190659991937e+00
1.666750000000000000e+03,1.000000000000000000e+00,1.028490515974257669e+00
1.666750000000000000e+03,2.000000000000000000e+00,1.028443609934033276e+00
1.666750000000000000e+03,3.000000000000000000e+00,1.028365824708716181e+00
1.666750000000000000e+03,4.000000000000000000e+00,1.028257741011806337e+00
1.666750000000000000e+03,5.000000000000000000e+00,1.028120158874692436e+00
1.666750000000000000e+03,6.000000000000000000e+00,1.027954084983862648e+00
1.666750000000000000e+03,7.000000000000000000e+00,1.027760716834885457e+00
1.666750000000000000e+03,8.000000000000000000e+00,1.027541424027518246e+00
1.666750000000000000e+03,9.000000000000000000e+00,1.027297727095252577e+00
1.666750000000000000e+03,1.000000000000000000e+01,1.027031274327601773e+00
1.666750000000000000e+03,1.100000000000000000e+01,1.026743817101902767e+00
1.666750000000000000e+03,1.200000000000000000e+01,1.026437184289819893e+00
1.666750000000000000e+03,1.300000000000000000e+01,1.026113256337502833e+00
1.666750000000000000e+03,1.400000000000000000e+01,1.025773939633227716e+00
1.666750000000000000e+03,1.500000000000000000e+01,1.025421141767829614e+00
1.666750000000000000e+03,1.600000000000000000e+01,1.025056748258260431e+00
1.666750000000000000e+03,1.700000000000000000e+01,1.024682601243417146e+00
1.666750000000000000e+03,1.800000000000000000e+01,1.024300480574009242e+00
1.666750000000000000e+03,1.900000000000000000e+01,1.023912087612552924e+00
1.666750000000000000e+03,2.000000000000000000e+01,1.023519031940255175e+00
1.666750000000000000e+03,2.100000000000000000e+01,1.023122821044977648e+00
1.666750000000000000e+03,2.200000000000000000e+01,1.022724852947946239e+00
1.666750000000000000e+03,2.300000000000000000e+01,1.022326411622923814e+00
1.666750000000000000e+03,2.400000000000000000e+01,1.021928664977858503e+00
1.666750000000000000e+03,2.500000000000000000e+01,1.021532665107541149e+00
1.666750000000000000e+03,2.600000000000000000e+01,1.021139350488150299e+00
1.666750000000000000e+03,2.700000000000000000e+01,1.020749549768884989e+00
1.666750000000000000e+03,2.800000000000000000e+01,1.020363986819303292e+00
1.666750000000000000e+03,2.900000000000000000e+01,1.019983286709226888e+00
1.666750000000000000e+03,3.000000000000000000e+01,1.019607982327393358e+00
1.833250000000000000e+03,-3.000000000000000000e+01,1.019607982327398688e+00
1.833250000000000000e+03,-2.900000000000000000e+01,1.019983286709221559e+00
1.833250000000000000e+03,-2.800000000000000000e+01,1.020363986819296187e+00
1.833250000000000000e+03,-2.700000000000000000e+01,1.020749549768879660e+00
1.833250000000000000e+03,-2.600000000000000000e+01,1.021139350488150299e+00
1.833250000000000000e+03,-2.500000000000000000e+01,1.021532665107548254e+00
1.833250000000000000e+03,-2.400000000000000000e+01,1.021928664977872714e+00
1.833250000000000000e+03,-2.300000000000000000e+01,1.022326411622909603e+00
1.833250000000000000e+03,-2.200000000000000000e+01,1.022724852947953345e+00
1.833250000000000000e+03,-2.100000000000000000e+01,1.023122821044976760e+00
1.833250000000000000e+03,-2.000000000000000000e+01,1.023519031940249846e+00
1.833250000000000000e+03,-1.900000000000000000e+01,1.023912087612558253e+00
1.833250000000000000e+03,-1.800000000000000000e+01,1.024300480574002137e+00
1.833250000000000000e+03,-1.700000000000000000e+01,1.024682601243423363e+00
1.833250000000000000e+03,-1.600000000000000000e+01,1.025056748258263983e+00
1.833250000000000000e+03,-1.500000000000000000e+01,1.025421141767817623e+00
1.833250000000000000e+03,-1.400000000000000000e+01,1.025773939633233045e+00
1.833250000000000000e+03,-1.300000000000000000e+01,1.026113256337499724e+00
1.833250000000000000e+03,-1.200000000000000000e+01,1.026437184289819449e+00
1.833250000000000000e+03,-1.100000000000000000e+01,1.026743817101904543e+00
1.833250000000000000e+03,-1.000000000000000000e+01,1.027031274327599997e+00
1.833250000000000000e+03,-9.000000000000000000e+00,1.027297727095253688e+00
1.833250000000000000e+03,-8.000000000000000000e+00,1.027541424027518246e+00
1.833250000000000000e+03,-7.000000000000000000e+00,1.027760716834884125e+00
1.833250000000000000e+03,-6.000000000000000000e+00,1.027954084983863980e+00
1.833250000000000000e+03,-5.000000000000000000e+00,1.028120158874693324e+00
1.833250000000000000e+03,-4.000000000000000000e+00,1.028257741011805670e+00
1.833250000000000000e+03,-3.000000000000000000e+00,1.028365824708715737e+00
1.833250000000000000e+03,-2.000000000000000000e+00,1.028443609934033276e+00
1.833250000000000000e+03,-1.000000000000000000e+00,1.028490515974257891e+00
1.833250000000000000e+03,0.000000000000000000e+00,1.028506190659992159e+00
1.833250000000000000e+03,1.000000000000000000e+00,1.028490515974257669e+00
1.833250000000000000e+03,2.000000000000000000e+00,1.028443609934033276e+00
1.833250000000000000e+03,3.000000000000000000e+00,1.028365824708715959e+00
1.833250000000000000e+03,4.000000000000000000e+00,1.028257741011806115e+00
1.833250000000000000e+03,5.000000000000000000e+00,1.028120158874692436e+00
1.833250000000000000e+03,6.000000000000000000e+00,1.027954084983862870e+00
1.833250000000000000e+03,7.000000000000000000e+00,1.027760716834885235e+00
1.833250000000000000e+03,8.000000000000000000e+00,1.027541424027518469e+00
1.833250000000000000e+03,9.000000000000000000e+00,1.027297727095252800e+00
1.833250000000000000e+03,1.000000000000000000e+01,1.027031274327601551e+00
1.833250000000000000e+03,1.100000000000000000e+01,1.026743817101902323e+00
1.833250000000000000e+03,1.200000000000000000e+01,1.026437184289819449e+00
1.833250000000000000e+03,1.300000000000000000e+01,1.026113256337501944e+00
1.833250000000000000e+03,1.400000000000000000e+01,1.025773939633231269e+00
1.833250000000000000e+03,1.500000000000000000e+01,1.025421141767826061e+00
1.833250000000000000e+03,1.600000000000000000e+01,1.025056748258263539e+00
1.833250000000000000e+03,1.700000000000000000e+01,1.024682601243414481e+00
1.833250000000000000e+03,1.800000000000000000e+01,1.024300480574012795e+00
1.833250000000000000e+03,1.900000000000000000e+01,1.023912087612549371e+00
1.833250000000000000e+03,2.000000000000000000e+01,1.023519031940254287e+00
1.833250000000000000e+03,2.100000000000000000e+01,1.023122821044978537e+00
1.833250000000000000e+03,2.200000000000000000e+01,1.022724852947949792e+00
1.833250000000000000e+03,2.300000000000000000e+01,1.022326411622921150e+00
1.833250000000000000e+03,2.400000000000000000e+01,1.021928664977856727e+00
1.833250000000000000e+03,2.500000000000000000e+01,1.021532665107541149e+00
1.833250000000000000e+03,2.600000000000000000e+01,1.021139350488152076e+00
1.833250000000000000e+03,2.700000000000000000e+01,1.020749549768884989e+00
1.833250000000000000e+03,2.800000000000000000e+01,1.020363986819303292e+00
1.833250000000000000e+03,2.900000000000000000e+01,1.019983286709226888e+00
1.833250000000000000e+03,3.000000000000000000e+01,1.019607982327398688e+00
2.000000000000000000e+03,-3.000000000000000000e+01,1.019607982327398688e+00
2.000000000000000000e+03,-2.900000000000000000e+01,1.019983286709221559e+00
2.000000000000000000e+03,-2.800000000000000000e+01,1.020363986819296187e+00
2.000000000000000000e+03,-2.700000000000000000e+01,1.020749549768879660e+00
2.000000000000000000e+03,-2.600000000000000000e+01,1.021139350488150299e+00
2.000000000000000000e+03,-2.500000000000000000e+01,1.021532665107548254e+00
2.000000000000000000e+03,-2.400000000000000000e+01,1.021928664977872714e+00
2.000000000000000000e+03,-2.300000000000000000e+01,1.022326411622909603e+00
2.000000000000000000e+03,-2.200000000000000000e+01,1.022724852947953345e+00
2.000000000000000000e+03,-2.100000000000000000e+01,1.023122821044976760e+00
2.000000000000000000e+03,-2.000000000000000000e+01,1.023519031940249846e+00
2.000000000000000000e+03,-1.900000000000000000e+01,1.023912087612558253e+00
2.000000000000000000e+03,-1.800000000000000000e+01,1.024300480574002137e+00
2.000000000000000000e+03,-1.700000000000000000e+01,1.024682601243423363e+00
2.000000000000000000e+03,-1.600000000000000000e+01,1.025056748258263983e+00
2.000000000000000000e+03,-1.500000000000000000e+01,1.025421141767817623e+00
2.000000000000000000e+03,-1.400000000000000000e+01,1.025773939633233045e+00
2.000000000000000000e+03,-1.300000000000000000e+01,1.026113256337499724e+00
2.000000000000000000e+03,-1.200000000000000000e+01,1.026437184289819449e+00
2.000000000000000000e+03,-1.100000000000000000e+01,1.026743817101904543e+00
2.000000000000000000e+03,-1.000000000000000000e+01,1.027031274327599997e+00
2.000000000000000000e+03,-9.000000000000000000e+00,1.027297727095253688e+00
2.000000000000000000e+03,-8.000000000000000000e+00,1.027541424027518246e+00
2.000000000000000000e+03,-7.000000000000000000e+00,1.027760716834884125e+00
2.000000000000000000e+03,-6.000000000000000000e+00,1.027954084983863980e+00
2.000000000000000000e+03,-5.000000000000000000e+00,1.028120158874693324e+00
2.000000000000000000e+03,-4.000000000000000000e+00,1.028257741011805670e+00
2.000000000000000000e+03,-3.000000000000000000e+00,1.028365824708715737e+00
2.000000000000000000e+03,-2.000000000000000000e+00,1.028443609934033276e+00
2.000000000000000000e+03,-1.000000000000000000e+00,1.028490515974257891e+00
2.000000000000000000e+03,0.000000000000000000e+00,1.028506190659992159e+00
2.000000000000000000e+03,1.000000000000000000e+00,1.028490515974257669e+00
2.000000000000000000e+03,2.000000000000000000e+00,1.028443609934033276e+00
2.000000000000000000e+03,3.000000000000000000e+00,1.028365824708715959e+00
2.000000000000000000e+03,4.000000000000000000e+00,1.028257741011806115e+00
2.000000000000000000e+03,5.000000000000000000e+00,1.028120158874692436e+00
2.000000000000000000e+03,6.000000000000000000e+00,1.027954084983862870e+00
2.000000000000000000e+03,7.000000000000000000e+00,1.027760716834885235e+00
2.000000000000000000e+03,8.000000000000000000e+00,1.027541424027518469e+00
2.000000000000000000e+03,9.000000000000000000e+00,1.027297727095252800e+00
2.000000000000000000e+03,1.000000000000000000e+01,1.027031274327601551e+00
2.000000000000000000e+03,1.100000000000000000e+01,1.026743817101902323e+00
2.000000000000000000e+03,1.200000000000000000e+01,1.026437184289819449e+00
2.000000000000000000e+03,1.300000000000000000e+01,1.026113256337501944e+00
2.000000000000000000e+03,1.400000000000000000e+01,1.025773939633231269e+00
2.000000000000000000e+03,1.500000000000000000e+01,1.025421141767826061e+00
2.000000000000000000e+03,1.600000000000000000e+01,1.025056748258263539e+00
2.000000000000000000e+03,1.700000000000000000e+01,1.024682601243414481e+00
2.000000000000000000e+03,1.800000000000000000e+01,1.024300480574012795e+00
2.000000000000000000e+03,1.900000000000000000e+01,1.023912087612549371e+00
2.000000000000000000e+03,2.000000000000000000e+01,1.023519031940254287e+00
2.000000000000000000e+03,2.100000000000000000e+01,1.023122821044978537e+00
2.000000000000000000e+03,2.200000000000000000e+01,1.022724852947949792e+00
2.000000000000000000e+03,2.300000000000000000e+01,1.022326411622921150e+00
2.000000000000000000e+03,2.400000000000000000e+01,1.021928664977856727e+00
2.000000000000000000e+03,2.500000000000000000e+01,1.021532665107541149e+00
2.000000000000000000e+03,2.600000000000000000e+01,1.021139350488152076e+00
2.000000000000000000e+03,2.700000000000000000e+01,1.020749549768884989e+00
2.000000000000000000e+03,2.800000000000000000e+01,1.020363986819303292e+00
2.000000000000000000e+03,2.900000000000000000e+01,1.019983286709226888e+00
2.000000000000000000e+03,3.000000000000000000e+01,1.019607982327398688e+00
2.166750000000000000e+03,-3.000000000000000000e+01,1.019607982327398688e+00
2.166750000000000000e+03,-2.900000000000000000e+01,1.019983286709221559e+00
2.166750000000000000e+03,-2.800000000000000000e+01,1.020363986819296187e+00
2.166750000000000000e+03,-2.700000000000000000e+01,1.020749549768879660e+00
2.166750000000000000e+03,-2.600000000000000000e+01,1.021139350488150299e+00
2.166750000000000000e+03,-2.500000000000000000e+01,1.021532665107548254e+00
2.166750000000000000e+03,-2.400000000000000000e+01,1.021928664977872714e+00
2.166750000000000000e+03,-2.300000000000000000e+01,1.022326411622909603e+00
2.166750000000000000e+03,-2.200000000000000000e+01,1.022724852947953345e+00
2.166750000000000000e+03,-2.100000000000000000e+01,1.023122821044976760e+00
2.166750000000000000e+03,-2.000000000000000000e+01,1.023519031940249846e+00
2.166750000000000000e+03,-1.900000000000000000e+01,1.023912087612558253e+00
2.166750000000000000e+03,-1.800000000000000000e+01,1.024300480574002137e+00
2.166750000000000000e+03,-1.700000000000000000e+01,1.024682601243423363e+00
2.166750000000000000e+03,-1.600000000000000000e+01,1.025056748258263983e+00
2.166750000000000000e+03,-1.500000000000000000e+01,1.025421141767817623e+00
2.166750000000000000e+03,-1.400000000000000000e+01,1.025773939633233045e+00
2.166750000000000000e+03,-1.300000000000000000e+01,1.026113256337499724e+00
2.166750000000000000e+03,-1.200000000000000000e+01,1.026437184289819449e+00
2.166750000000000000e+03,-1.100000000000000000e+01,1.026743817101904543e+00
2.166750000000000000e+03,-1.000000000000000000e+01,1.027031274327599997e+00
2.166750000000000000e+03,-9.000000000000000000e+00,1.027297727095253688e+00
2.166750000000000000e+03,-8.000000000000000000e+00,1.027541424027518246e+00
2.166750000000000000e+03,-7.000000000000000000e+00,1.027760716834884125e+00
2.166750000000000000e+03,-6.000000000000000000e+00,1.027954084983863980e+00
2.166750000000000000e+03,-5.000000000000000000e+00,1.028120158874693324e+00
2.166750000000000000e+03,-4.000000000000000000e+00,1.028257741011805670e+00
2.166750000000000000e+03,-3.000000000000000000e+00,1.028365824708715737e+00
2.166750000000000000e+03,-2.000000000000000000e+00,1.028443609934033276e+00
2.166750000000000000e+03,-1.000000000000000000e+00,1.028490515974257891e+00
2.166750000000000000e+03,0.000000000000000000e+00,1.028506190659992159e+00
2.166750000000000000e+03,1.000000000000000000e+00,1.028490515974257669e+00
2.166750000000000000e+03,2.000000000000000000e+00,1.028443609934033276e+00
2.166750000000000000e+03,3.000000000000000000e+00,1.028365824708715959e+00
2.166750000000000000e+03,4.000000000000000000e+00,1.028257741011806115e+00
2.166750000000000000e+03,5.000000000000000000e+00,1.028120158874692436e+00
2.166750000000000000e+03,6.000000000000000000e+00,1.027954084983862870e+00
2.166750000000000000e+03,7.000000000000000000e+00,1.027760716834885235e+00
2.166750000000000000e+03,8.000000000000000000e+00,1.027541424027518469e+00
2.166750000000000000e+03,9.000000000000000000e+00,1.027297727095252800e+00
2.166750000000000000e+03,1.000000000000000000e+01,1.027031274327601551e+00
2.166750000000000000e+03,1.100000000000000000e+01,1.026743817101902323e+00
2.166750000000000000e+03,1.200000000000000000e+01,1.026437184289819449e+00
2.166750000000000000e+03,1.300000000000000000e+01,1.026113256337501944e+00
2.166750000000000000e+03,1.400000000000000000e+01,1.025773939633231269e+00
2.166750000000000000e+03,1.500000000000000000e+01,1.025421141767826061e+00
2.166750000000000000e+03,1.600000000000000000e+01,1.025056748258263539e+00
2.166750000000000000e+03,1.700000000000000000e+01,1.024682601243414481e+00
2.166750000000000000e+03,1.800000000000000000e+01,1.024300480574012795e+00
2.166750000000000000e+03,1.900000000000000000e+01,1.023912087612549371e+00
2.166750000000000000e+03,2.000000000000000000e+01,1.023519031940254287e+00
2.166750000000000000e+03,2.100000000000000000e+01,1.023122821044978537e+00
2.166750000000000000e+03,2.200000000000000000e+01,1.022724852947949792e+00
2.166750000000000000e+03,2.300000000000000000e+01,1.022326411622921150e+00
2.166750000000000000e+03,2.400000000000000000e+01,1.021928664977856727e+00
2.166750000000000000e+03,2.500000000000000000e+01,1.021532665107541149e+00
2.166750000000000000e+03,2.600000000000000000e+01,1.021139350488152076e+00
2.166750000000000000e+03,2.700000000000000000e+01,1.020749549768884989e+00
2.166750000000000000e+03,2.800000000000000000e+01,1.020363986819303292e+00
2.166750000000000000e+03,2.900000000000000000e+01,1.019983286709226888e+00
2.166750000000000000e+03,3.000000000000000000e+01,1.019607982327398688e+00
2.333250000000000000e+03,-3.000000000000000000e+01,1.019607982327398688e+00
2.333250000000000000e+03,-2.900000000000000000e+01,1.019983286709221559e+00
2.333250000000000000e+03,-2.800000000000000000e+01,1.020363986819296187e+00
2.333250000000000000e+03,-2.700000000000000000e+01,1.020749549768879660e+00
2.333250000000000000e+03,-2.600000000000000000e+01,1.021139350488150299e+00
2.333250000000000000e+03,-2.500000000000000000e+01,1.021532665107548254e+00
2.333250000000000000e+03,-2.400000000000000000e+01,1.021928664977872714e+00
2.333250000000000000e+03,-2.300000000000000000e+01,1.022326411622909603e+00
2.333250000000000000e+03,-2.200000000000000000e+01,1.022724852947953345e+00
2.333250000000000000e+03,-2.100000000000000000e+01,1.023122821044976760e+00
2.333250000000000000e+03,-2.000000000000000000e+01,1.023519031940249846e+00
2.333250000000000000e+03,-1.900000000000000000e+01,1.023912087612558253e+00
2.333250000000000000e+03,-1.800000000000000000e+01,1.024300480574002137e+00
2.333250000000000000e+03,-1.700000000000000000e+01,1.024682601243423363e+00
2.333250000000000000e+03,-1.600000000000000000e+01,1.025056748258263983e+00
2.333250000000000000e+03,-1.500000000000000000e+01,1.025421141767817623e+00
2.333250000000000000e+03,-1.400000000000000000e+01,1.025773939633233045e+00
2.333250000000000000e+03,-1.300000000000000000e+01,1.026113256337499724e+00
2.333250000000000000e+03,-1.200000000000000000e+01,1.026437184289819449e+00
2.333250000000000000e+03,-1.100000000000000000e+01,1.026743817101904543e+00
2.333250000000000000e+03,-1.000000000000000000e+01,1.027031274327599997e+00
2.333250000000000000e+03,-9.000000000000000000e+00,1.027297727095253688e+00
2.333250000000000000e+03,-8.000000000000000000e+00,1.027541424027518246e+00
2.333250000000000000e+03,-7.000000000000000000e+00,1.027760716834884125e+00
2.333250000000000000e+03,-6.000000000000000000e+00,1.027954084983863980e+00
2.333250000000000000e+03,-5.000000000000000000e+00,1.028120158874693324e+00
2.333250000000000000e+03,-4.000000000000000000e+00,1.028257741011805670e+00
2.333250000000000000e+03,-3.000000000000000000e+00,1.028365824708715737e+00
2.333250000000000000e+03,-2.000000000000000000e+00,1.028443609934033276e+00
2.333250000000000000e+03,-1.000000000000000000e+00,1.028490515974257891e+00
2.333250000000000000e+03,0.000000000000000000e+00,1.028506190659992159e+00
2.333250000000000000e+03,1.000000000000000000e+00,1.028490515974257669e+00
2.333250000000000000e+03,2.000000000000000000e+00,1.028443609934033276e+00
2.333250000000000000e+03,3.000000000000000000e+00,1.028365824708715959e+00
2.333250000000000000e+03,4.000000000000000000e+00,1.028257741011806115e+00
2.333250000000000000e+03,5.000000000000000000e+00,1.028120158874692436e+00
2.333250000000000000e+03,6.000000000000000000e+00,1.027954084983862870e+00
2.333250000000000000e+03,7.000000000000000000e+00,1.027760716834885235e+00
2.333250000000000000e+03,8.000000000000000000e+00,1.027541424027518469e+00
2.333250000000000000e+03,9.000000000000000000e+00,1.027297727095252800e+00
2.333250000000000000e+03,1.000000000000000000e+01,1.027031274327601551e+00
2.333250000000000000e+03,1.100000000000000000e+01,1.026743817101902323e+00
2.333250000000000000e+03,1.200000000000000000e+01,1.026437184289819449e+00
2.333250000000000000e+03,1.300000000000000000e+01,1.026113256337501944e+00
2.333250000000000000e+03,1.400000000000000000e+01,1.025773939633231269e+00
2.333250000000000000e+03,1.500000000000000000e+01,1.025421141767826061e+00
2.333250000000000000e+03,1.600000000000000000e+01,1.025056748258263539e+00
2.333250000000000000e+03,1.700000000000000000e+01,1.024682601243414481e+00
2.333250000000000000e+03,1.800000000000000000e+01,1.024300480574012795e+00
2.333250000000000000e+03,1.900000000000000000e+01,1.023912087612549371e+00
2.333250000000000000e+03,2.000000000000000000e+01,1.023519031940254287e+00
2.333250000000000000e+03,2.100000000000000000e+01,1.023122821044978537e+00
2.333250000000000000e+03,2.200000000000000000e+01,1.022724852947949792e+00
2.333250000000000000e+03,2.300000000000000000e+01,1.022326411622921150e+00
2.333250000000000000e+03,2.400000000000000000e+01,1.021928664977856727e+00
2.333250000000000000e+03,2.500000000000000000e+01,1.021532665107541149e+00
2.333250000000000000e+03,2.600000000000000000e+01,1.021139350488152076e+00
2.333250000000000000e+03,2.700000000000000000e+01,1.020749549768884989e+00
2.333250000000000000e+03,2.800000000000000000e+01,1.020363986819303292e+00
2.333250000000000000e+03,2.900000000000000000e+01,1.019983286709226888e+00
2.333250000000000000e+03,3.000000000000000000e+01,1.019607982327398688e+00
2.500000000000000000e+03,-3.000000000000000000e+01,1.019607982327398688e+00
2.500000000000000000e+03,-2.900000000000000000e+01,1.019983286709221559e+00
2.500000000000000000e+03,-2.800000000000000000e+01,1.020363986819296187e+00
2.500000000000000000e+03,-2.700000000000000000e+01,1.020749549768879660e+00
2.500000000000000000e+03,-2.600000000000000000e+01,1.021139350488150299e+00
2.500000000000000000e+03,-2.500000000000000000e+01,1.021532665107548254e+00
2.500000000000000000e+03,-2.400000000000000000e+01,1.021928664977872714e+00
2.500000000000000000e+03,-2.300000000000000000e+01,1.022326411622909603e+00
2.500000000000000000e+03,-2.200000000000000000e+01,1.022724852947953345e+00
2.500000000000000000e+03,-2.100000000000000000e+01,1.023122821044976760e+00
2.500000000000000000e+03,-2.000000000000000000e+01,1.023519031940249846e+00
2.500000000000000000e+03,-1.900000000000000000e+01,1.023912087612558253e+00
2.500000000000000000e+03,-1.800000000000000000e+01,1.024300480574002137e+00
2.500000000000000000e+03,-1.700000000000000000e+01,1.024682601243423363e+00
2.500000000000000000e+03,-1.600000000000000000e+01,1.025056748258263983e+00
2.500000000000000000e+03,-1.500000000000000000e+01,1.025421141767817623e+00
2.500000000000000000e+03,-1.400000000000000000e+01,1.025773939633233045e+00
2.500000000000000000e+03,-1.300000000000000000e+01,1.026113256337499724e+00
2.500000000000000000e+03,-1.200000000000000000e+01,1.026437184289819449e+00
2.500000000000000000e+03,-1.100000000000000000e+01,1.026743817101904543e+00
2.500000000000000000e+03,-1.000000000000000000e+01,1.027031274327599997e+00
2.500000000000000000e+03,-9.000000000000000000e+00,1.027297727095253688e+00
2.500000000000000000e+03,-8.000000000000000000e+00,1.027541424027518246e+00
2.500000000000000000e+03,-7.000000000000000000e+00,1.027760716834884125e+00
2.500000000000000000e+03,-6.000000000000000000e+00,1.027954084983863980e+00
2.500000000000000000e+03,-5.000000000000000000e+00,1.028120158874693324e+00
2.500000000000000000e+03,-4.000000000000000000e+00,1.028257741011805670e+00
2.500000000000000000e+03,-3.000000000000000000e+00,1.028365824708715737e+00
2.500000000000000000e+03,-2.000000000000000000e+00,1.028443609934033276e+00
2.500000000000000000e+03,-1.000000000000000000e+00,1.028490515974257891e+00
2.500000000000000000e+03,0.000000000000000000e+00,1.028506190659992159e+00
2.500000000000000000e+03,1.000000000000000000e+00,1.028490515974257669e+00
2.500000000000000000e+03,2.000000000000000000e+00,1.028443609934033276e+00
2.500000000000000000e+03,3.000000000000000000e+00,1.028365824708715959e+00
2.500000000000000000e+03,4.000000000000000000e+00,1.028257741011806115e+00
2.500000000000000000e+03,5.000000000000000000e+00,1.028120158874692436e+00
2.500000000000000000e+03,6.000000000000000000e+00,1.027954084983862870e+00
2.500000000000000000e+03,7.000000000000000000e+00,1.027760716834885235e+00
2.500000000000000000e+03,8.000000000000000000e+00,1.027541424027518469e+00
2.500000000000000000e+03,9.000000000000000000e+00,1.027297727095252800e+00
2.500000000000000000e+03,1.000000000000000000e+01,1.027031274327601551e+00
2.500000000000000000e+03,1.100000000000000000e+01,1.026743817101902323e+00
2.500000000000000000e+03,1.200000000000000000e+01,1.026437184289819449e+00
2.500000000000000000e+03,1.300000000000000000e+01,1.026113256337501944e+00
2.500000000000000000e+03,1.400000000000000000e+01,1.025773939633231269e+00
2.500000000000000000e+03,1.500000000000000000e+01,1.025421141767826061e+00
2.500000000000000000e+03,1.600000000000000000e+01,1.025056748258263539e+00
2.500000000000000000e+03,1.700000000000000000e+01,1.024682601243414481e+00
2.500000000000000000e+03,1.800000000000000000e+01,1.024300480574012795e+00
2.500000000000000000e+03,1.900000000000000000e+01,1.023912087612549371e+00
2.500000000000000000e+03,2.000000000000000000e+01,1.023519031940254287e+00
2.500000000000000000e+03,2.100000000000000000e+01,1.023122821044978537e+00
2.500000000000000000e+03,2.200000000000000000e+01,1.022724852947949792e+00
2.500000000000000000e+03,2.300000000000000000e+01,1.022326411622921150e+00
2.500000000000000000e+03,2.400000000000000000e+01,1.021928664977856727e+00
2.500000000000000000e+03,2.500000000000000000e+01,1.021532665107541149e+00
2.500000000000000000e+03,2.600000000000000000e+01,1.021139350488152076e+00
2.500000000000000000e+03,2.700000000000000000e+01,1.020749549768884989e+00
2.500000000000000000e+03,2.800000000000000000e+01,1.020363986819303292e+00
2.500000000000000000e+03,2.900000000000000000e+01,1.019983286709226888e+00
2.500000000000000000e+03,3.000000000000000000e+01,1.019607982327398688e+00
2.666750000000000000e+03,-3.000000000000000000e+01,1.019607982327398688e+00
2.666750000000000000e+03,-2.900000000000000000e+01,1.019983286709221559e+00
2.666750000000000000e+03,-2.800000000000000000e+01,1.020363986819296187e+00
2.666750000000000000e+03,-2.700000000000000000e+01,1.020749549768879660e+00
2.666750000000000000e+03,-2.600000000000000000e+01,1.021139350488150299e+00
2.666750000000000000e+03,-2.500000000000000000e+01,1.021532665107548254e+00
2.666750000000000000e+03,-2.400000000000000000e+01,1.021928664977872714e+00
2.666750000000000000e+03,-2.300000000000000000e+01,1.022326411622909603e+00
2.666750000000000000e+03,-2.200000000000000000e+01,1.022724852947953345e+00
2.666750000000000000e+03,-2.100000000000000000e+01,1.023122821044976760e+00
2.666750000000000000e+03,-2.000000000000000000e+01,1.023519031940249846e+00
2.666750000000000000e+03,-1.900000000000000000e+01,1.023912087612558253e+00
2.666750000000000000e+03,-1.800000000000000000e+01,1.024300480574002137e+00
2.666750000000000000e+03,-1.700000000000000000e+01,1.024682601243423363e+00
2.666750000000000000e+03,-1.600000000000000000e+01,1.025056748258263983e+00
2.666750000000000000e+03,-1.500000000000000000e+01,1.025421141767817623e+00
2.666750000000000000e+03,-1.400000000000000000e+01,1.025773939633233045e+00
2.666750000000000000e+03,-1.300000000000000000e+01,1.026113256337499724e+00
2.666750000000000000e+03,-1.200000000000000000e+01,1.026437184289819449e+00
2.666750000000000000e+03,-1.100000000000000000e+01,1.026743817101904543e+00
2.666750000000000000e+03,-1.000000000000000000e+01,1.027031274327599997e+00
2.666750000000000000e+03,-9.000000000000000000e+00,1.027297727095253688e+00
2.666750000000000000e+03,-8.000000000000000000e+00,1.027541424027518246e+00
2.666750000000000000e+03,-7.000000000000000000e+00,1.027760716834884125e+00
2.666750000000000000e+03,-6.000000000000000000e+00,1.027954084983863980e+00
2.666750000000000000e+03,-5.000000000000000000e+00,1.028120158874693324e+00
2.666750000000000000e+03,-4.000000000000000000e+00,1.028257741011805670e+00
2.666750000000000000e+03,-3.000000000000000000e+00,1.028365824708715737e+00
2.666750000000000000e+03,-2.000000000000000000e+00,1.028443609934033276e+00
2.666750000000000000e+03,-1.000000000000000000e+00,1.028490515974257891e+00
2.666750000000000000e+03,0.000000000000000000e+00,1.028506190659992159e+00
2.666750000000000000e+03,1.000000000000000000e+00,1.028490515974257669e+00
2.666750000000000000e+03,2.000000000000000000e+00,1.028443609934033276e+00
2.666750000000000000e+03,3.000000000000000000e+00,1.028365824708715959e+00
2.666750000000000000e+03,4.000000000000000000e+00,1.028257741011806115e+00
2.666750000000000000e+03,5.000000000000000000e+00,1.028120158874692436e+00
2.666750000000000000e+03,6.000000000000000000e+00,1.027954084983862870e+00
2.666750000000000000e+03,7.000000000000000000e+00,1.027760716834885235e+00
2.666750000000000000e+03,8.000000000000000000e+00,1.027541424027518469e+00
2.666750000000000000e+03,9.000000000000000000e+00,1.027297727095252800e+00
2.666750000000000000e+03,1.000000000000000000e+01,1.027031274327601551e+00
2.666750000000000000e+03,1.100000000000000000e+01,1.026743817101902323e+00
2.666750000000000000e+03,1.200000000000000000e+01,1.026437184289819449e+00
2.666750000000000000e+03,1.300000000000000000e+01,1.026113256337501944e+00
2.666750000000000000e+03,1.400000000000000000e+01,1.025773939633231269e+00
2.666750000000000000e+03,1.500000000000000000e+01,1.025421141767826061e+00
2.666750000000000000e+03,1.600000000000000000e+01,1.025056748258263539e+00
2.666750000000000000e+03,1.700000000000000000e+01,1.024682601243414481e+00
2.666750000000000000e+03,1.800000000000000000e+01,1.024300480574012795e+00
2.666750000000000000e+03,1.900000000000000000e+01,1.023912087612549371e+00
2.666750000000000000e+03,2.000000000000000000e+01,1.023519031940254287e+00
2.666750000000000000e+03,2.100000000000000000e+01,1.023122821044978537e+00
2.666750000000000000e+03,2.200000000000000000e+01,1.022724852947949792e+00
2.666750000000000000e+03,2.300000000000000000e+01,1.022326411622921150e+00
2.666750000000000000e+03,2.400000000000000000e+01,1.021928664977856727e+00
2.666750000000000000e+03,2.500000000000000000e+01,1.021532665107541149e+00
2.666750000000000000e+03,2.600000000000000000e+01,1.021139350488152076e+00
2.666750000000000000e+03,2.700000000000000000e+01,1.020749549768884989e+00
2.666750000000000000e+03,2.800000000000000000e+01,1.020363986819303292e+00
2.666750000000000000e+03,2.900000000000000000e+01,1.019983286709226888e+00
2.666750000000000000e+03,3.000000000000000000e+01,1.019607982327398688e+00
2.833250000000000000e+03,-3.000000000000000000e+01,1.019607982327398688e+00
2.833250000000000000e+03,-2.900000000000000000e+01,1.019983286709221559e+00
2.833250000000000000e+03,-2.800000000000000000e+01,1.020363986819296187e+00
2.833250000000000000e+03,-2.700000000000000000e+01,1.020749549768879660e+00
2.833250000000000000e+03,-2.600000000000000000e+01,1.021139350488150299e+00
2.833250000000000000e+03,-2.500000000000000000e+01,1.021532665107548254e+00
2.833250000000000000e+03,-2.400000000000000000e+01,1.021928664977872714e+00
2.833250000000000000e+03,-2.300000000000000000e+01,1.022326411622909603e+00
2.833250000000000000e+03,-2.200000000000000000e+01,1.022724852947953345e+00
2.833250000000000000e+03,-2.100000000000000000e+01,1.023122821044976760e+00
2.833250000000000000e+03,-2.000000000000000000e+01,1.023519031940249846e+00
2.833250000000000000e+03,-1.900000000000000000e+01,1.023912087612558253e+00
2.833250000000000000e+03,-1.800000000000000000e+01,1.024300480574002137e+00
2.833250000000000000e+03,-1.700000000000000000e+01,1.024682601243423363e+00
2.833250000000000000e+03,-1.600000000000000000e+01,1.025056748258263983e+00
2.833250000000000000e+03,-1.500000000000000000e+01,1.025421141767817623e+00
2.833250000000000000e+03,-1.400000000000000000e+01,1.025773939633233045e+00
2.833250000000000000e+03,-1.300000000000000000e+01,1.026113256337499724e+00
2.833250000000000000e+03,-1.200000000000000000e+01,1.026437184289819449e+00
2.833250000000000000e+03,-1.100000000000000000e+01,1.026743817101904543e+00
2.833250000000000000e+03,-1.000000000000000000e+01,1.027031274327599997e+00
2.833250000000000000e+03,-9.000000000000000000e+00,1.027297727095253688e+00
2.833250000000000000e+03,-8.000000000000000000e+00,1.027541424027518246e+00
2.833250000000000000e+03,-7.000000000000000000e+00,1.027760716834884125e+00
2.833250000000000000e+03,-6.000000000000000000e+00,1.027954084983863980e+00
2.833250000000000000e+03,-5.000000000000000000e+00,1.028120158874693324e+00
2.833250000000000000e+03,-4.000000000000000000e+00,1.028257741011805670e+00
2.833250000000000000e+03,-3.000000000000000000e+00,1.028365824708715737e+00
2.833250000000000000e+03,-2.000000000000000000e+00,1.028443609934033276e+00
2.833250000000000000e+03,-1.000000000000000000e+00,1.028490515974257891e+00
2.833250000000000000e+03,0.000000000000000000e+00,1.028506190659992159e+00
2.833250000000000000e+03,1.000000000000000000e+00,1.028490515974257669e+00
2.833250000000000000e+03,2.000000000000000000e+00,1.028443609934033276e+00
2.833250000000000000e+03,3.000000000000000000e+00,1.028365824708715959e+00
2.833250000000000000e+03,4.000000000000000000e+00,1.028257741011806115e+00
2.833250000000000000e+03,5.000000000000000000e+00,1.028120158874692436e+00
2.833250000000000000e+03,6.000000000000000000e+00,1.027954084983862870e+00
2.833250000000000000e+03,7.000000000000000000e+00,1.027760716834885235e+00
2.833250000000000000e+03,8.000000000000000000e+00,1.027541424027518469e+00
2.833250000000000000e+03,9.000000000000000000e+00,1.027297727095252800e+00
2.833250000000000000e+03,1.000000000000000000e+01,1.027031274327601551e+00
2.833250000000000000e+03,1.100000000000000000e+01,1.026743817101902323e+00
2.833250000000000000e+03,1.200000000000000000e+01,1.026437184289819449e+00
2.833250000000000000e+03,1.300000000000000000e+01,1.026113256337501944e+00
2.833250000000000000e+03,1.400000000000000000e+01,1.025773939633231269e+00
2.833250000000000000e+03,1.500000000000000000e+01,1.025421141767826061e+00
2.833250000000000000e+03,1.600000000000000000e+01,1.025056748258263539e+00
2.833250000000000000e+03,1.700000000000000000e+01,1.024682601243414481e+00
2.833250000000000000e+03,1.800000000000000000e+01,1.024300480574012795e+00
2.833250000000000000e+03,1.900000000000000000e+01,1.023912087612549371e+00
2.833250000000000000e+03,2.000000000000000000e+01,1.023519031940254287e+00
2.833250000000000000e+03,2.100000000000000000e+01,1.023122821044978537e+00
2.833250000000000000e+03,2.200000000000000000e+01,1.022724852947949792e+00
2.833250000000000000e+03,2.300000000000000000e+01,1.022326411622921150e+00
2.833250000000000000e+03,2.400000000000000000e+01,1.021928664977856727e+00
2.833250000000000000e+03,2.500000000000000000e+01,1.021532665107541149e+00
2.833250000000000000e+03,2.600000000000000000e+01,1.021139350488152076e+00
2.833250000000000000e+03,2.700000000000000000e+01,1.020749549768884989e+00
2.833250000000000000e+03,2.800000000000000000e+01,1.020363986819303292e+00
2.833250000000000000e+03,2.900000000000000000e+01,1.019983286709226888e+00
2.833250000000000000e+03,3.000000000000000000e+01,1.019607982327398688e+00
3.000000000000000000e+03,-3.000000000000000000e+01,1.019607982327398688e+00
3.000000000000000000e+03,-2.900000000000000000e+01,1.019983286709221559e+00
3.000000000000000000e+03,-2.800000000000000000e+01,1.020363986819296187e+00
3.000000000000000000e+03,-2.700000000000000000e+01,1.020749549768879660e+00
3.000000000000000000e+03,-2.600000000000000000e+01,1.021139350488150299e+00
3.000000000000000000e+03,-2.500000000000000000e+01,1.021532665107548254e+00
3.000000000000000000e+03,-2.400000000000000000e+01,1.021928664977872714e+00
3.000000000000000000e+03,-2.300000000000000000e+01,1.022326411622909603e+00
3.000000000000000000e+03,-2.200000000000000000e+01,1.022724852947953345e+00
3.000000000000000000e+03,-2.100000000000000000e+01,1.023122821044976760e+00
3.000000000000000000e+03,-2.000000000000000000e+01,1.023519031940249846e+00
3.000000000000000000e+03,-1.900000000000000000e+01,1.023912087612558253e+00
3.000000000000000000e+03,-1.800000000000000000e+01,1.024300480574002137e+00
3.000000000000000000e+03,-1.700000000000000000e+01,1.024682601243423363e+00
3.000000000000000000e+03,-1.600000000000000000e+01,1.025056748258263983e+00
3.000000000000000000e+03,-1.500000000000000000e+01,1.025421141767817623e+00
3.000000000000000000e+03,-1.400000000000000000e+01,1.025773939633233045e+00
3.000000000000000000e+03,-1.300000000000000000e+01,1.026113256337499724e+00
3.000000000000000000e+03,-1.200000000000000000e+01,1.026437184289819449e+00
3.000000000000000000e+03,-1.100000000000000000e+01,1.026743817101904543e+00
3.000000000000000000e+03,-1.000000000000000000e+01,1.027031274327599997e+00
3.000000000000000000e+03,-9.000000000000000000e+00,1.027297727095253688e+00
3.000000000000000000e+03,-8.000000000000000000e+00,1.027541424027518246e+00
3.000000000000000000e+03,-7.000000000000000000e+00,1.027760716834884125e+00
3.000000000000000000e+03,-6.000000000000000000e+00,1.027954084983863980e+00
3.000000000000000000e+03,-5.000000000000000000e+00,1.028120158874693324e+00
3.000000000000000000e+03,-4.000000000000000000e+00,1.028257741011805670e+00
3.000000000000000000e+03,-3.000000000000000000e+00,1.028365824708715737e+00
3.000000000000000000e+03,-2.000000000000000000e+00,1.028443609934033276e+00
3.000000000000000000e+03,-1.000000000000000000e+00,1.028490515974257891e+00
3.000000000000000000e+03,0.000000000000000000e+00,1.028506190659992159e+00
3.000000000000000000e+03,1.000000000000000000e+00,1.028490515974257669e+00
3.000000000000000000e+03,2.000000000000000000e+00,1.028443609934033276e+00
3.000000000000000000e+03,3.000000000000000000e+00,1.028365824708715959e+00
3.000000000000000000e+03,4.000000000000000000e+00,1.028257741011806115e+00
3.000000000000000000e+03,5.000000000000000000e+00,1.028120158874692436e+00
3.000000000000000000e+03,6.000000000000000000e+00,1.027954084983862870e+00
3.000000000000000000e+03,7.000000000000000000e+00,1.027760716834885235e+00
3.000000000000000000e+03,8.000000000000000000e+00,1.027541424027518469e+00
3.000000000000000000e+03,9.000000000000000000e+00,1.027297727095252800e+00
3.000000000000000000e+03,1.000000000000000000e+01,1.027031274327601551e+00
3.000000000000000000e+03,1.100000000000000000e+01,1.026743817101902323e+00
3.000000000000000000e+03,1.200000000000000000e+01,1.026437184289819449e+00
3.000000000000000000e+03,1.300000000000000000e+01,1.026113256337501944e+00
3.000000000000000000e+03,1.400000000000000000e+01,1.025773939633231269e+00
3.000000000000000000e+03,1.500000000000000000e+01,1.025421141767826061e+00
3.000000000000000000e+03,1.600000000000000000e+01,1.025056748258263539e+00
3.000000000000000000e+03,1.700000000000000000e+01,1.024682601243414481e+00
3.000000000000000000e+03,1.800000000000000000e+01,1.024300480574012795e+00
3.000000000000000000e+03,1.900000000000000000e+01,1.023912087612549371e+00
3.000000000000000000e+03,2.000000000000000000e+01,1.023519031940254287e+00
3.000000000000000000e+03,2.100000000000000000e+01,1.023122821044978537e+00
3.000000000000000000e+03,2.200000000000000000e+01,1.022724852947949792e+00
3.000000000000000000e+03,2.300000000000000000e+01,1.022326411622921150e+00
3.000000000000000000e+03,2.400000000000000000e+01,1.021928664977856727e+00
3.000000000000000000e+03,2.500000000000000000e+01,1.021532665107541149e+00
3.000000000000000000e+03,2.600000000000000000e+01,1.021139350488152076e+00
3.000000000000000000e+03,2.700000000000000000e+01,1.020749549768884989e+00
3.000000000000000000e+03,2.800000000000000000e+01,1.020363986819303292e+00
3.000000000000000000e+03,2.900000000000000000e+01,1.019983286709226888e+00
3.000000000000000000e+03,3.000000000000000000e+01,1.019607982327398688e+00
3.166750000000000000e+03,-3.000000000000000000e+01,1.019607982327398688e+00
3.166750000000000000e+03,-2.900000000000000000e+01,1.019983286709221559e+00
3.166750000000000000e+03,-2.800000000000000000e+01,1.020363986819296187e+00
3.166750000000000000e+03,-2.700000000000000000e+01,1.020749549768879660e+00
3.166750000000000000e+03,-2.600000000000000000e+01,1.021139350488150299e+00
3.166750000000000000e+03,-2.500000000000000000e+01,1.021532665107548254e+00
3.166750000000000000e+03,-2.400000000000000000e+01,1.021928664977872714e+00
3.166750000000000000e+03,-2.300000000000000000e+01,1.022326411622909603e+00
3.166750000000000000e+03,-2.200000000000000000e+01,1.022724852947953345e+00
3.166750000000000000e+03,-2.100000000000000000e+01,1.023122821044976760e+00
3.166750000000000000e+03,-2.000000000000000000e+01,1.023519031940249846e+00
3.166750000000000000e+03,-1.900000000000000000e+01,1.023912087612558253e+00
3.166750000000000000e+03,-1.800000000000000000e+01,1.024300480574002137e+00
3.166750000000000000e+03,-1.700000000000000000e+01,1.024682601243423363e+00
3.166750000000000000e+03,-1.600000000000000000e+01,1.025056748258263983e+00
3.166750000000000000e+03,-1.500000000000000000e+01,1.025421141767817623e+00
3.166750000000000000e+03,-1.400000000000000000e+01,1.025773939633233045e+00
3.166750000000000000e+03,-1.300000000000000000e+01,1.026113256337499724e+00
3.166750000000000000e+03,-1.200000000000000000e+01,1.026437184289819449e+00
3.166750000000000000e+03,-1.100000000000000000e+01,1.026743817101904543e+00
3.166750000000000000e+03,-1.000000000000000000e+01,1.027031274327599997e+00
3.166750000000000000e+03,-9.000000000000000000e+00,1.027297727095253688e+00
3.166750000000000000e+03,-8.000000000000000000e+00,1.027541424027518246e+00
3.166750000000000000e+03,-7.000000000000000000e+00,1.027760716834884125e+00
3.166750000000000000e+03,-6.000000000000000000e+00,1.027954084983863980e+00
3.166750000000000000e+03,-5.000000000000000000e+00,1.028120158874693324e+00
3.166750000000000000e+03,-4.000000000000000000e+00,1.028257741011805670e+00
3.166750000000000000e+03,-3.000000000000000000e+00,1.028365824708715737e+00
3.166750000000000000e+03,-2.000000000000000000e+00,1.028443609934033276e+00
3.166750000000000000e+03,-1.000000000000000000e+00,1.028490515974257891e+00
3.166750000000000000e+03,0.000000000000000000e+00,1.028506190659992159e+00
3.166750000000000000e+03,1.000000000000000000e+00,1.028490515974257669e+00
3.166750000000000000e+03,2.000000000000000000e+00,1.028443609934033276e+00
3.166750000000000000e+03,3.000000000000000000e+00,1.028365824708715959e+00
3.166750000000000000e+03,4.000000000000000000e+00,1.028257741011806115e+00
3.166750000000000000e+03,5.000000000000000000e+00,1.028120158874692436e+00
3.166750000000000000e+03,6.000000000000000000e+00,1.027954084983862870e+00
3.166750000000000000e+03,7.000000000000000000e+00,1.027760716834885235e+00
3.166750000000000000e+03,8.000000000000000000e+00,1.027541424027518469e+00
3.166750000000000000e+03,9.000000000000000000e+00,1.027297727095252800e+00
3.166750000000000000e+03,1.000000000000000000e+01,1.027031274327601551e+00
3.166750000000000000e+03,1.100000000000000000e+01,1.026743817101902323e+00
3.166750000000000000e+03,1.200000000000000000e+01,1.026437184289819449e+00
3.166750000000000000e+03,1.300000000000000000e+01,1.026113256337501944e+00
3.166750000000000000e+03,1.400000000000000000e+01,1.025773939633231269e+00
3.166750000000000000e+03,1.500000000000000000e+01,1.025421141767826061e+00
3.166750000000000000e+03,1.600000000000000000e+01,1.025056748258263539e+00
3.166750000000000000e+03,1.700000000000000000e+01,1.024682601243414481e+00
3.166750000000000000e+03,1.800000000000000000e+01,1.024300480574012795e+00
3.166750000000000000e+03,1.900000000000000000e+01,1.023912087612549371e+00
3.166750000000000000e+03,2.000000000000000000e+01,1.023519031940254287e+00
3.166750000000000000e+03,2.100000000000000000e+01,1.023122821044978537e+00
3.166750000000000000e+03,2.200000000000000000e+01,1.022724852947949792e+00
3.166750000000000000e+03,2.300000000000000000e+01,1.022326411622921150e+00
3.166750000000000000e+03,2.400000000000000000e+01,1.021928664977856727e+00
3.166750000000000000e+03,2.500000000000000000e+01,1.021532665107541149e+00
3.166750000000000000e+03,2.600000000000000000e+01,1.021139350488152076e+00
3.166750000000000000e+03,2.700000000000000000e+01,1.020749549768884989e+00
3.166750000000000000e+03,2.800000000000000000e+01,1.020363986819303292e+00
3.166750000000000000e+03,2.900000000000000000e+01,1.019983286709226888e+00
3.166750000000000000e+03,3.000000000000000000e+01,1.019607982327398688e+00
3.333250000000000000e+03,-3.000000000000000000e+01,1.019607982327398688e+00
3.333250000000000000e+03,-2.900000000000000000e+01,1.019983286709221559e+00
3.333250000000000000e+03,-2.800000000000000000e+01,1.020363986819296187e+00
3.333250000000000000e+03,-2.700000000000000000e+01,1.020749549768879660e+00
3.333250000000000000e+03,-2.600000000000000000e+01,1.021139350488150299e+00
3.333250000000000000e+03,-2.500000000000000000e+01,1.021532665107548254e+00
3.333250000000000000e+03,-2.400000000000000000e+01,1.021928664977872714e+00
3.333250000000000000e+03,-2.300000000000000000e+01,1.022326411622909603e+00
3.333250000000000000e+03,-2.200000000000000000e+01,1.022724852947953345e+00
3.333250000000000000e+03,-2.100000000000000000e+01,1.023122821044976760e+00
3.333250000000000000e+03,-2.000000000000000000e+01,1.023519031940249846e+00
3.333250000000000000e+03,-1.900000000000000000e+01,1.023912087612558253e+00
3.333250000000000000e+03,-1.800000000000000000e+01,1.024300480574002137e+00
3.333250000000000000e+03,-1.700000000000000000e+01,1.024682601243423363e+00
3.333250000000000000e+03,-1.600000000000000000e+01,1.025056748258263983e+00
3.333250000000000000e+03,-1.500000000000000000e+01,1.025421141767817623e+00
3.333250000000000000e+03,-1.400000000000000000e+01,1.025773939633233045e+00
3.333250000000000000e+03,-1.300000000000000000e+01,1.026113256337499724e+00
3.333250000000000000e+03,-1.200000000000000000e+01,1.026437184289819449e+00
3.333250000000000000e+03,-1.100000000000000000e+01,1.026743817101904543e+00
3.333250000000000000e+03,-1.000000000000000000e+01,1.027031274327599997e+00
3.333250000000000000e+03,-9.000000000000000000e+00,1.027297727095253688e+00
3.333250000000000000e+03,-8.000000000000000000e+00,1.027541424027518246e+00
3.333250000000000000e+03,-7.000000000000000000e+00,1.027760716834884125e+00
3.333250000000000000e+03,-6.000000000000000000e+00,1.027954084983863980e+00
3.333250000000000000e+03,-5.000000000000000000e+00,1.028120158874693324e+00
3.333250000000000000e+03,-4.000000000000000000e+00,1.028257741011805670e+00
3.333250000000000000e+03,-3.000000000000000000e+00,1.028365824708715737e+00
3.333250000000000000e+03,-2.000000000000000000e+00,1.028443609934033276e+00
3.333250000000000000e+03,-1.000000000000000000e+00,1.028490515974257891e+00
3.333250000000000000e+03,0.000000000000000000e+00,1.028506190659992159e+00
3.333250000000000000e+03,1.000000000000000000e+00,1.028490515974257669e+00
3.333250000000000000e+03,2.000000000000000000e+00,1.028443609934033276e+00
3.333250000000000000e+03,3.000000000000000000e+00,1.028365824708715959e+00
3.333250000000000000e+03,4.000000000000000000e+00,1.028257741011806115e+00
3.333250000000000000e+03,5.000000000000000000e+00,1.028120158874692436e+00
3.333250000000000000e+03,6.000000000000000000e+00,1.027954084983862870e+00
3.333250000000000000e+03,7.000000000000000000e+00,1.027760716834885235e+00
3.333250000000000000e+03,8.000000000000000000e+00,1.027541424027518469e+00
3.333250000000000000e+03,9.000000000000000000e+00,1.027297727095252800e+00
3.333250000000000000e+03,1.000000000000000000e+01,1.027031274327601551e+00
3.333250000000000000e+03,1.100000000000000000e+01,1.026743817101902323e+00
3.333250000000000000e+03,1.200000000000000000e+01,1.026437184289819449e+00
3.333250000000000000e+03,1.300000000000000000e+01,1.026113256337501944e+00
3.333250000000000000e+03,1.400000000000000000e+01,1.025773939633231269e+00
3.333250000000000000e+03,1.500000000000000000e+01,1.025421141767826061e+00
3.333250000000000000e+03,1.600000000000000000e+01,1.025056748258263539e+00
3.333250000000000000e+03,1.700000000000000000e+01,1.024682601243414481e+00
3.333250000000000000e+03,1.800000000000000000e+01,1.024300480574012795e+00
3.333250000000000000e+03,1.900000000000000000e+01,1.023912087612549371e+00
3.333250000000000000e+03,2.000000000000000000e+01,1.023519031940254287e+00
3.333250000000000000e+03,2.100000000000000000e+01,1.023122821044978537e+00
3.333250000000000000e+03,2.200000000000000000e+01,1.022724852947949792e+00
3.333250000000000000e+03,2.300000000000000000e+01,1.022326411622921150e+00
3.333250000000000000e+03,2.400000000000000000e+01,1.021928664977856727e+00
3.333250000000000000e+03,2.500000000000000000e+01,1.021532665107541149e+00
3.333250000000000000e+03,2.600000000000000000e+01,1.021139350488152076e+00
3.333250000000000000e+03,2.700000000000000000e+01,1.020749549768884989e+00
3.333250000000000000e+03,2.800000000000000000e+01,1.020363986819303292e+00
3.333250000000000000e+03,2.900000000000000000e+01,1.019983286709226888e+00
3.333250000000000000e+03,3.000000000000000000e+01,1.019607982327398688e+00
3.500000000000000000e+03,-3.000000000000000000e+01,1.019607982327398688e+00
3.500000000000000000e+03,-2.900000000000000000e+01,1.019983286709221559e+00
3.500000000000000000e+03,-2.800000000000000000e+01,1.020363986819296187e+00
3.500000000000000000e+03,-2.700000000000000000e+01,1.020749549768879660e+00
3.500000000000000000e+03,-2.600000000000000000e+01,1.021139350488150299e+00
3.500000000000000000e+03,-2.500000000000000000e+01,1.021532665107548254e+00
3.500000000000000000e+03,-2.400000000000000000e+01,1.021928664977872714e+00
3.500000000000000000e+03,-2.300000000000000000e+01,1.022326411622909603e+00
3.500000000000000000e+03,-2.200000000000000000e+01,1.022724852947953345e+00
3.500000000000000000e+03,-2.100000000000000000e+01,1.023122821044976760e+00
3.500000000000000000e+03,-2.000000000000000000e+01,1.023519031940249846e+00
3.500000000000000000e+03,-1.900000000000000000e+01,1.023912087612558253e+00
3.500000000000000000e+03,-1.800000000000000000e+01,1.024300480574002137e+00
3.500000000000000000e+03,-1.700000000000000000e+01,1.024682601243423363e+00
3.500000000000000000e+03,-1.600000000000000000e+01,1.025056748258263983e+00
3.500000000000000000e+03,-1.500000000000000000e+01,1.025421141767817623e+00
3.500000000000000000e+03,-1.400000000000000000e+01,1.025773939633233045e+00
3.500000000000000000e+03,-1.300000000000000000e+01,1.026113256337499724e+00
3.500000000000000000e+03,-1.200000000000000000e+01,1.026437184289819449e+00
3.500000000000000000e+03,-1.100000000000000000e+01,1.026743817101904543e+00
3.500000000000000000e+03,-1.000000000000000000e+01,1.027031274327599997e+00
3.500000000000000000e+03,-9.000000000000000000e+00,1.027297727095253688e+00
3.500000000000000000e+03,-8.000000000000000000e+00,1.027541424027518246e+00
3.500000000000000000e+03,-7.000000000000000000e+00,1.027760716834884125e+00
3.500000000000000000e+03,-6.000000000000000000e+00,1.027954084983863980e+00
3.500000000000000000e+03,-5.000000000000000000e+00,1.028120158874693324e+00
3.500000000000000000e+03,-4.000000000000000000e+00,1.028257741011805670e+00
3.500000000000000000e+03,-3.000000000000000000e+00,1.028365824708715737e+00
3.500000000000000000e+03,-2.000000000000000000e+00,1.028443609934033276e+00
3.500000000000000000e+03,-1.000000000000000000e+00,1.028490515974257891e+00
3.500000000000000000e+03,0.000000000000000000e+00,1.028506190659992159e+00
3.500000000000000000e+03,1.000000000000000000e+00,1.028490515974257669e+00
3.500000000000000000e+03,2.000000000000000000e+00,1.028443609934033276e+00
3.500000000000000000e+03,3.000000000000000000e+00,1.028365824708715959e+00
3.500000000000000000e+03,4.000000000000000000e+00,1.028257741011806115e+00
3.500000000000000000e+03,5.000000000000000000e+00,1.028120158874692436e+00
3.500000000000000000e+03,6.000000000000000000e+00,1.027954084983862870e+00
3.500000000000000000e+03,7.000000000000000000e+00,1.027760716834885235e+00
3.500000000000000000e+03,8.000000000000000000e+00,1.027541424027518469e+00
3.500000000000000000e+03,9.000000000000000000e+00,1.027297727095252800e+00
3.500000000000000000e+03,1.000000000000000000e+01,1.027031274327601551e+00
3.500000000000000000e+03,1.100000000000000000e+01,1.026743817101902323e+00
3.500000000000000000e+03,1.200000000000000000e+01,1.026437184289819449e+00
3.500000000000000000e+03,1.300000000000000000e+01,1.026113256337501944e+00
3.500000000000000000e+03,1.400000000000000000e+01,1.025773939633231269e+00
3.500000000000000000e+03,1.500000000000000000e+01,1.025421141767826061e+00
3.500000000000000000e+03,1.600000000000000000e+01,1.025056748258263539e+00
3.500000000000000000e+03,1.700000000000000000e+01,1.024682601243414481e+00
3.500000000000000000e+03,1.800000000000000000e+01,1.024300480574012795e+00
3.500000000000000000e+03,1.900000000000000000e+01,1.023912087612549371e+00
3.500000000000000000e+03,2.000000000000000000e+01,1.023519031940254287e+00
3.500000000000000000e+03,2.100000000000000000e+01,1.023122821044978537e+00
3.500000000000000000e+03,2.200000000000000000e+01,1.022724852947949792e+00
3.500000000000000000e+03,2.300000000000000000e+01,1.022326411622921150e+00
3.500000000000000000e+03,2.400000000000000000e+01,1.021928664977856727e+00
3.500000000000000000e+03,2.500000000000000000e+01,1.021532665107541149e+00
3.500000000000000000e+03,2.600000000000000000e+01,1.021139350488152076e+00
3.500000000000000000e+03,2.700000000000000000e+01,1.020749549768884989e+00
3.500000000000000000e+03,2.800000000000000000e+01,1.020363986819303292e+00
3.500000000000000000e+03,2.900000000000000000e+01,1.019983286709226888e+00
3.500000000000000000e+03,3.000000000000000000e+01,1.019607982327398688e+00
3.666750000000000000e+03,-3.000000000000000000e+01,1.019607982327398688e+00
3.666750000000000000e+03,-2.900000000000000000e+01,1.019983286709221559e+00
3.666750000000000000e+03,-2.800000000000000000e+01,1.020363986819296187e+00
3.666750000000000000e+03,-2.700000000000000000e+01,1.020749549768879660e+00
3.666750000000000000e+03,-2.600000000000000000e+01,1.021139350488150299e+00
3.666750000000000000e+03,-2.500000000000000000e+01,1.021532665107548254e+00
3.666750000000000000e+03,-2.400000000000000000e+01,1.021928664977872714e+00
3.666750000000000000e+03,-2.300000000000000000e+01,1.022326411622909603e+00
3.666750000000000000e+03,-2.200000000000000000e+01,1.022724852947953345e+00
3.666750000000000000e+03,-2.100000000000000000e+01,1.023122821044976760e+00
3.666750000000000000e+03,-2.000000000000000000e+01,1.023519031940249846e+00
3.666750000000000000e+03,-1.900000000000000000e+01,1.023912087612558253e+00
3.666750000000000000e+03,-1.800000000000000000e+01,1.024300480574002137e+00
3.666750000000000000e+03,-1.700000000000000000e+01,1.024682601243423363e+00
3.666750000000000000e+03,-1.600000000000000000e+01,1.025056748258263983e+00
3.666750000000000000e+03,-1.500000000000000000e+01,1.025421141767817623e+00
3.666750000000000000e+03,-1.400000000000000000e+01,1.025773939633233045e+00
3.666750000000000000e+03,-1.300000000000000000e+01,1.026113256337499724e+00
3.666750000000000000e+03,-1.200000000000000000e+01,1.026437184289819449e+00
3.666750000000000000e+03,-1.100000000000000000e+01,1.026743817101904543e+00
3.666750000000000000e+03,-1.000000000000000000e+01,1.027031274327599997e+00
3.666750000000000000e+03,-9.000000000000000000e+00,1.027297727095253688e+00
3.666750000000000000e+03,-8.000000000000000000e+00,1.027541424027518246e+00
3.666750000000000000e+03,-7.000000000000000000e+00,1.027760716834884125e+00
3.666750000000000000e+03,-6.000000000000000000e+00,1.027954084983863980e+00
3.666750000000000000e+03,-5.000000000000000000e+00,1.028120158874693324e+00
3.666750000000000000e+03,-4.000000000000000000e+00,1.028257741011805670e+00
3.666750000000000000e+03,-3.000000000000000000e+00,1.028365824708715737e+00
3.666750000000000000e+03,-2.000000000000000000e+00,1.028443609934033276e+00
3.666750000000000000e+03,-1.000000000000000000e+00,1.028490515974257891e+00
3.666750000000000000e+03,0.000000000000000000e+00,1.028506190659992159e+00
3.666750000000000000e+03,1.000000000000000000e+00,1.028490515974257669e+00
3.666750000000000000e+03,2.000000000000000000e+00,1.028443609934033276e+00
3.666750000000000000e+03,3.000000000000000000e+00,1.028365824708715959e+00
3.666750000000000000e+03,4.000000000000000000e+00,1.028257741011806115e+00
3.666750000000000000e+03,5.000000000000000000e+00,1.028120158874692436e+00
3.666750000000000000e+03,6.000000000000000000e+00,1.027954084983862870e+00
3.666750000000000000e+03,7.000000000000000000e+00,1.027760716834885235e+00
3.666750000000000000e+03,8.000000000000000000e+00,1.027541424027518469e+00
3.666750000000000000e+03,9.000000000000000000e+00,1.027297727095252800e+00
3.666750000000000000e+03,1.000000000000000000e+01,1.027031274327601551e+00
3.666750000000000000e+03,1.100000000000000000e+01,1.026743817101902323e+00
3.666750000000000000e+03,1.200000000000000000e+01,1.026437184289819449e+00
3.666750000000000000e+03,1.300000000000000000e+01,1.026113256337501944e+00
3.666750000000000000e+03,1.400000000000000000e+01,1.025773939633231269e+00
3.666750000000000000e+03,1.500000000000000000e+01,1.025421141767826061e+00
3.666750000000000000e+03,1.600000000000000000e+01,1.025056748258263539e+00
3.666750000000000000e+03,1.700000000000000000e+01,1.024682601243414481e+00
3.666750000000000000e+03,1.800000000000000000e+01,1.024300480574012795e+00
3.666750000000000000e+03,1.900000000000000000e+01,1.023912087612549371e+00
3.666750000000000000e+03,2.000000000000000000e+01,1.023519031940254287e+00
3.666750000000000000e+03,2.100000000000000000e+01,1.023122821044978537e+00
3.666750000000000000e+03,2.200000000000000000e+01,1.022724852947949792e+00
3.666750000000000000e+03,2.300000000000000000e+01,1.022326411622921150e+00
3.666750000000000000e+03,2.400000000000000000e+01,1.021928664977856727e+00
3.666750000000000000e+03,2.500000000000000000e+01,1.021532665107541149e+00
3.666750000000000000e+03,2.600000000000000000e+01,1.021139350488152076e+00
3.666750000000000000e+03,2.700000000000000000e+01,1.020749549768884989e+00
3.666750000000000000e+03,2.800000000000000000e+01,1.020363986819303292e+00
3.666750000000000000e+03,2.900000000000000000e+01,1.019983286709226888e+00
3.666750000000000000e+03,3.000000000000000000e+01,1.019607982327398688e+00
3.833250000000000000e+03,-3.000000000000000000e+01,1.019607982327398688e+00
3.833250000000000000e+03,-2.900000000000000000e+01,1.019983286709221559e+00
3.833250000000000000e+03,-2.800000000000000000e+01,1.020363986819296187e+00
3.833250000000000000e+03,-2.700000000000000000e+01,1.020749549768879660e+00
3.833250000000000000e+03,-2.600000000000000000e+01,1.021139350488150299e+00
3.833250000000000000e+03,-2.500000000000000000e+01,1.021532665107548254e+00
3.833250000000000000e+03,-2.400000000000000000e+01,1.021928664977872714e+00
3.833250000000000000e+03,-2.300000000000000000e+01,1.022326411622909603e+00
3.833250000000000000e+03,-2.200000000000000000e+01,1.022724852947953345e+00
3.833250000000000000e+03,-2.100000000000000000e+01,1.023122821044976760e+00
3.833250000000000000e+03,-2.000000000000000000e+01,1.023519031940249846e+00
3.833250000000000000e+03,-1.900000000000000000e+01,1.023912087612558253e+00
3.833250000000000000e+03,-1.800000000000000000e+01,1.024300480574002137e+00
3.833250000000000000e+03,-1.700000000000000000e+01,1.024682601243423363e+00
3.833250000000000000e+03,-1.600000000000000000e+01,1.025056748258263983e+00
3.833250000000000000e+03,-1.500000000000000000e+01,1.025421141767817623e+00
3.833250000000000000e+03,-1.400000000000000000e+01,1.025773939633233045e+00
3.833250000000000000e+03,-1.300000000000000000e+01,1.026113256337499724e+00
3.833250000000000000e+03,-1.200000000000000000e+01,1.026437184289819449e+00
3.833250000000000000e+03,-1.100000000000000000e+01,1.026743817101904543e+00
3.833250000000000000e+03,-1.000000000000000000e+01,1.027031274327599997e+00
3.833250000000000000e+03,-9.000000000000000000e+00,1.027297727095253688e+00
3.833250000000000000e+03,-8.000000000000000000e+00,1.027541424027518246e+00
3.833250000000000000e+03,-7.000000000000000000e+00,1.027760716834884125e+00
3.833250000000000000e+03,-6.000000000000000000e+00,1.027954084983863980e+00
3.833250000000000000e+03,-5.000000000000000000e+00,1.028120158874693324e+00
3.833250000000000000e+03,-4.000000000000000000e+00,1.028257741011805670e+00
3.833250000000000000e+03,-3.000000000000000000e+00,1.028365824708715737e+00
3.833250000000000000e+03,-2.000000000000000000e+00,1.028443609934033276e+00
3.833250000000000000e+03,-1.000000000000000000e+00,1.028490515974257891e+00
3.833250000000000000e+03,0.000000000000000000e+00,1.028506190659992159e+00
3.833250000000000000e+03,1.000000000000000000e+00,1.028490515974257669e+00
3.833250000000000000e+03,2.000000000000000000e+00,1.028443609934033276e+00
3.833250000000000000e+03,3.000000000000000000e+00,1.028365824708715959e+00
3.833250000000000000e+03,4.000000000000000000e+00,1.028257741011806115e+00
3.833250000000000000e+03,5.000000000000000000e+00,1.028120158874692436e+00
3.833250000000000000e+03,6.000000000000000000e+00,1.027954084983862870e+00
3.833250000000000000e+03,7.000000000000000000e+00,1.027760716834885235e+00
3.833250000000000000e+03,8.000000000000000000e+00,1.027541424027518469e+00
3.833250000000000000e+03,9.000000000000000000e+00,1.027297727095252800e+00
3.833250000000000000e+03,1.000000000000000000e+01,1.027031274327601551e+00
3.833250000000000000e+03,1.100000000000000000e+01,1.026743817101902323e+00
3.833250000000000000e+03,1.200000000000000000e+01,1.026437184289819449e+00
3.833250000000000000e+03,1.300000000000000000e+01,1.026113256337501944e+00
3.833250000000000000e+03,1.400000000000000000e+01,1.025773939633231269e+00
3.833250000000000000e+03,1.500000000000000000e+01,1.025421141767826061e+00
3.833250000000000000e+03,1.600000000000000000e+01,1.025056748258263539e+00
3.833250000000000000e+03,1.700000000000000000e+01,1.024682601243414481e+00
3.833250000000000000e+03,1.800000000000000000e+01,1.024300480574012795e+00
3.833250000000000000e+03,1.900000000000000000e+01,1.023912087612549371e+00
3.833250000000000000e+03,2.000000000000000000e+01,1.023519031940254287e+00
3.833250000000000000e+03,2.100000000000000000e+01,1.023122821044978537e+00
3.833250000000000000e+03,2.200000000000000000e+01,1.022724852947949792e+00
3.833250000000000000e+03,2.300000000000000000e+01,1.022326411622921150e+00
3.833250000000000000e+03,2.400000000000000000e+01,1.021928664977856727e+00
3.833250000000000000e+03,2.500000000000000000e+01,1.021532665107541149e+00
3.833250000000000000e+03,2.600000000000000000e+01,1.021139350488152076e+00
3.833250000000000000e+03,2.700000000000000000e+01,1.020749549768884989e+00
3.833250000000000000e+03,2.800000000000000000e+01,1.020363986819303292e+00
3.833250000000000000e+03,2.900000000000000000e+01,1.019983286709226888e+00
3.833250000000000000e+03,3.000000000000000000e+01,1.019607982327398688e+00
4.000000000000000000e+03,-3.000000000000000000e+01,1.019607982327398688e+00
4.000000000000000000e+03,-2.900000000000000000e+01,1.019983286709221559e+00
4.000000000000000000e+03,-2.800000000000000000e+01,1.020363986819296187e+00
4.000000000000000000e+03,-2.700000000000000000e+01,1.020749549768879660e+00
4.000000000000000000e+03,-2.600000000000000000e+01,1.021139350488150299e+00
4.000000000000000000e+03,-2.500000000000000000e+01,1.021532665107548254e+00
4.000000000000000000e+03,-2.400000000000000000e+01,1.021928664977872714e+00
4.000000000000000000e+03,-2.300000000000000000e+01,1.022326411622909603e+00
4.000000000000000000e+03,-2.200000000000000000e+01,1.022724852947953345e+00
4.000000000000000000e+03,-2.100000000000000000e+01,1.023122821044976760e+00
4.000000000000000000e+03,-2.000000000000000000e+01,1.023519031940249846e+00
4.000000000000000000e+03,-1.900000000000000000e+01,1.023912087612558253e+00
4.000000000000000000e+03,-1.800000000000000000e+01,1.024300480574002137e+00
4.000000000000000000e+03,-1.700000000000000000e+01,1.024682601243423363e+00
4.000000000000000000e+03,-1.600000000000000000e+01,1.025056748258263983e+00
4.000000000000000000e+03,-1.500000000000000000e+01,1.025421141767817623e+00
4.000000000000000000e+03,-1.400000000000000000e+01,1.025773939633233045e+00
4.000000000000000000e+03,-1.300000000000000000e+01,1.026113256337499724e+00
4.000000000000000000e+03,-1.200000000000000000e+01,1.026437184289819449e+00
4.000000000000000000e+03,-1.100000000000000000e+01,1.026743817101904543e+00
4.000000000000000000e+03,-1.000000000000000000e+01,1.027031274327599997e+00
4.000000000000000000e+03,-9.000000000000000000e+00,1.027297727095253688e+00
4.000000000000000000e+03,-8.000000000000000000e+00,1.027541424027518246e+00
4.000000000000000000e+03,-7.000000000000000000e+00,1.027760716834884125e+00
4.000000000000000000e+03,-6.000000000000000000e+00,1.027954084983863980e+00
4.000000000000000000e+03,-5.000000000000000000e+00,1.028120158874693324e+00
4.000000000000000000e+03,-4.000000000000000000e+00,1.028257741011805670e+00
4.000000000000000000e+03,-3.000000000000000000e+00,1.028365824708715737e+00
4.000000000000000000e+03,-2.000000000000000000e+00,1.028443609934033276e+00
4.000000000000000000e+03,-1.000000000000000000e+00,1.028490515974257891e+00
4.000000000000000000e+03,0.000000000000000000e+00,1.028506190659992159e+00
4.000000000000000000e+03,1.000000000000000000e+00,1.028490515974257669e+00
4.000000000000000000e+03,2.000000000000000000e+00,1.028443609934033276e+00
4.000000000000000000e+03,3.000000000000000000e+00,1.028365824708715959e+00
4.000000000000000000e+03,4.000000000000000000e+00,1.028257741011806115e+00
4.000000000000000000e+03,5.000000000000000000e+00,1.028120158874692436e+00
4.000000000000000000e+03,6.000000000000000000e+00,1.027954084983862870e+00
4.000000000000000000e+03,7.000000000000000000e+00,1.027760716834885235e+00
4.000000000000000000e+03,8.000000000000000000e+00,1.027541424027518469e+00
4.000000000000000000e+03,9.000000000000000000e+00,1.027297727095252800e+00
4.000000000000000000e+03,1.000000000000000000e+01,1.027031274327601551e+00
4.000000000000000000e+03,1.100000000000000000e+01,1.026743817101902323e+00
4.000000000000000000e+03,1.200000000000000000e+01,1.026437184289819449e+00
4.000000000000000000e+03,1.300000000000000000e+01,1.026113256337501944e+00
4.000000000000000000e+03,1.400000000000000000e+01,1.025773939633231269e+00
4.000000000000000000e+03,1.500000000000000000e+01,1.025421141767826061e+00
4.000000000000000000e+03,1.600000000000000000e+01,1.025056748258263539e+00
4.000000000000000000e+03,1.700000000000000000e+01,1.024682601243414481e+00
4.000000000000000000e+03,1.800000000000000000e+01,1.024300480574012795e+00
4.000000000000000000e+03,1.900000000000000000e+01,1.023912087612549371e+00
4.000000000000000000e+03,2.000000000000000000e+01,1.023519031940254287e+00
4.000000000000000000e+03,2.100000000000000000e+01,1.023122821044978537e+00
4.000000000000000000e+03,2.200000000000000000e+01,1.022724852947949792e+00
4.000000000000000000e+03,2.300000000000000000e+01,1.022326411622921150e+00
4.000000000000000000e+03,2.400000000000000000e+01,1.021928664977856727e+00
4.000000000000000000e+03,2.500000000000000000e+01,1.021532665107541149e+00
4.000000000000000000e+03,2.600000000000000000e+01,1.021139350488152076e+00
4.000000000000000000e+03,2.700000000000000000e+01,1.020749549768884989e+00
4.000000000000000000e+03,2.800000000000000000e+01,1.020363986819303292e+00
4.000000000000000000e+03,2.900000000000000000e+01,1.019983286709226888e+00
4.000000000000000000e+03,3.000000000000000000e+01,1.019607982327398688e+00
4.166750000000000000e+03,-3.000000000000000000e+01,1.019607982327398688e+00
4.166750000000000000e+03,-2.900000000000000000e+01,1.019983286709221559e+00
4.166750000000000000e+03,-2.800000000000000000e+01,1.020363986819296187e+00
4.166750000000000000e+03,-2.700000000000000000e+01,1.020749549768879660e+00
4.166750000000000000e+03,-2.600000000000000000e+01,1.021139350488150299e+00
4.166750000000000000e+03,-2.500000000000000000e+01,1.021532665107548254e+00
4.166750000000000000e+03,-2.400000000000000000e+01,1.021928664977872714e+00
4.166750000000000000e+03,-2.300000000000000000e+01,1.022326411622909603e+00
4.166750000000000000e+03,-2.200000000000000000e+01,1.022724852947953345e+00
4.166750000000000000e+03,-2.100000000000000000e+01,1.023122821044976760e+00
4.166750000000000000e+03,-2.000000000000000000e+01,1.023519031940249846e+00
4.166750000000000000e+03,-1.900000000000000000e+01,1.023912087612558253e+00
4.166750000000000000e+03,-1.800000000000000000e+01,1.024300480574002137e+00
4.166750000000000000e+03,-1.700000000000000000e+01,1.024682601243423363e+00
4.166750000000000000e+03,-1.600000000000000000e+01,1.025056748258263983e+00
4.166750000000000000e+03,-1.500000000000000000e+01,1.025421141767817623e+00
4.166750000000000000e+03,-1.400000000000000000e+01,1.025773939633233045e+00
4.166750000000000000e+03,-1.300000000000000000e+01,1.026113256337499724e+00
4.166750000000000000e+03,-1.200000000000000000e+01,1.026437184289819449e+00
4.166750000000000000e+03,-1.100000000000000000e+01,1.026743817101904543e+00
4.166750000000000000e+03,-1.000000000000000000e+01,1.027031274327599997e+00
4.166750000000000000e+03,-9.000000000000000000e+00,1.027297727095253688e+00
4.166750000000000000e+03,-8.000000000000000000e+00,1.027541424027518246e+00
4.166750000000000000e+03,-7.000000000000000000e+00,1.027760716834884125e+00
4.166750000000000000e+03,-6.000000000000000000e+00,1.027954084983863980e+00
4.166750000000000000e+03,-5.000000000000000000e+00,1.028120158874693324e+00
4.166750000000000000e+03,-4.000000000000000000e+00,1.028257741011805670e+00
4.166750000000000000e+03,-3.000000000000000000e+00,1.028365824708715737e+00
4.166750000000000000e+03,-2.000000000000000000e+00,1.028443609934033276e+00
4.166750000000000000e+03,-1.000000000000000000e+00,1.028490515974257891e+00
4.166750000000000000e+03,0.000000000000000000e+00,1.028506190659992159e+00
4.166750000000000000e+03,1.000000000000000000e+00,1.028490515974257669e+00
4.166750000000000000e+03,2.000000000000000000e+00,1.028443609934033276e+00
4.166750000000000000e+03,3.000000000000000000e+00,1.028365824708715959e+00
4.166750000000000000e+03,4.000000000000000000e+00,1.028257741011806115e+00
4.166750000000000000e+03,5.000000000000000000e+00,1.028120158874692436e+00
4.166750000000000000e+03,6.000000000000000000e+00,1.027954084983862870e+00
4.166750000000000000e+03,7.000000000000000000e+00,1.027760716834885235e+00
4.166750000000000000e+03,8.000000000000000000e+00,1.027541424027518469e+00
4.166750000000000000e+03,9.000000000000000000e+00,1.027297727095252800e+00
4.166750000000000000e+03,1.000000000000000000e+01,1.027031274327601551e+00
4.166750000000000000e+03,1.100000000000000000e+01,1.026743817101902323e+00
4.166750000000000000e+03,1.200000000000000000e+01,1.026437184289819449e+00
4.166750000000000000e+03,1.300000000000000000e+01,1.026113256337501944e+00
4.166750000000000000e+03,1.400000000000000000e+01,1.025773939633231269e+00
4.166750000000000000e+03,1.500000000000000000e+01,1.025421141767826061e+00
4.166750000000000000e+03,1.600000000000000000e+01,1.025056748258263539e+00
4.166750000000000000e+03,1.700000000000000000e+01,1.024682601243414481e+00
4.166750000000000000e+03,1.800000000000000000e+01,1.024300480574012795e+00
4.166750000000000000e+03,1.900000000000000000e+01,1.023912087612549371e+00
4.166750000000000000e+03,2.000000000000000000e+01,1.023519031940254287e+00
4.166750000000000000e+03,2.100000000000000000e+01,1.023122821044978537e+00
4.166750000000000000e+03,2.200000000000000000e+01,1.022724852947949792e+00
4.166750000000000000e+03,2.300000000000000000e+01,1.022326411622921150e+00
4.166750000000000000e+03,2.400000000000000000e+01,1.021928664977856727e+00
4.166750000000000000e+03,2.500000000000000000e+01,1.021532665107541149e+00
4.166750000000000000e+03,2.600000000000000000e+01,1.021139350488152076e+00
4.166750000000000000e+03,2.700000000000000000e+01,1.020749549768884989e+00
4.166750000000000000e+03,2.800000000000000000e+01,1.020363986819303292e+00
4.166750000000000000e+03,2.900000000000000000e+01,1.019983286709226888e+00
4.166750000000000000e+03,3.000000000000000000e+01,1.019607982327398688e+00
4.333250000000000000e+03,-3.000000000000000000e+01,1.019607982327398688e+00
4.333250000000000000e+03,-2.900000000000000000e+01,1.019983286709221559e+00
4.333250000000000000e+03,-2.800000000000000000e+01,1.020363986819296187e+00
4.333250000000000000e+03,-2.700000000000000000e+01,1.020749549768879660e+00
4.333250000000000000e+03,-2.600000000000000000e+01,1.021139350488150299e+00
4.333250000000000000e+03,-2.500000000000000000e+01,1.021532665107548254e+00
4.333250000000000000e+03,-2.400000000000000000e+01,1.021928664977872714e+00
4.333250000000000000e+03,-2.300000000000000000e+01,1.022326411622909603e+00
4.333250000000000000e+03,-2.200000000000000000e+01,1.022724852947953345e+00
4.333250000000000000e+03,-2.100000000000000000e+01,1.023122821044976760e+00
4.333250000000000000e+03,-2.000000000000000000e+01,1.023519031940249846e+00
4.333250000000000000e+03,-1.900000000000000000e+01,1.023912087612558253e+00
4.333250000000000000e+03,-1.800000000000000000e+01,1.024300480574002137e+00
4.333250000000000000e+03,-1.700000000000000000e+01,1.024682601243423363e+00
4.333250000000000000e+03,-1.600000000000000000e+01,1.025056748258263983e+00
4.333250000000000000e+03,-1.500000000000000000e+01,1.025421141767817623e+00
4.333250000000000000e+03,-1.400000000000000000e+01,1.025773939633233045e+00
4.333250000000000000e+03,-1.300000000000000000e+01,1.026113256337499724e+00
4.333250000000000000e+03,-1.200000000000000000e+01,1.026437184289819449e+00
4.333250000000000000e+03,-1.100000000000000000e+01,1.026743817101904543e+00
4.333250000000000000e+03,-1.000000000000000000e+01,1.027031274327599997e+00
4.333250000000000000e+03,-9.000000000000000000e+00,1.027297727095253688e+00
4.333250000000000000e+03,-8.000000000000000000e+00,1.027541424027518246e+00
4.333250000000000000e+03,-7.000000000000000000e+00,1.027760716834884125e+00
4.333250000000000000e+03,-6.000000000000000000e+00,1.027954084983863980e+00
4.333250000000000000e+03,-5.000000000000000000e+00,1.028120158874693324e+00
4.333250000000000000e+03,-4.000000000000000000e+00,1.028257741011805670e+00
4.333250000000000000e+03,-3.000000000000000000e+00,1.028365824708715737e+00
4.333250000000000000e+03,-2.000000000000000000e+00,1.028443609934033276e+00
4.333250000000000000e+03,-1.000000000000000000e+00,1.028490515974257891e+00
4.333250000000000000e+03,0.000000000000000000e+00,1.028506190659992159e+00
4.333250000000000000e+03,1.000000000000000000e+00,1.028490515974257669e+00
4.333250000000000000e+03,2.000000000000000000e+00,1.028443609934033276e+00
4.333250000000000000e+03,3.000000000000000000e+00,1.028365824708715959e+00
4.333250000000000000e+03,4.000000000000000000e+00,1.028257741011806115e+00
4.333250000000000000e+03,5.000000000000000000e+00,1.028120158874692436e+00
4.333250000000000000e+03,6.000000000000000000e+00,1.027954084983862870e+00
4.333250000000000000e+03,7.000000000000000000e+00,1.027760716834885235e+00
4.333250000000000000e+03,8.000000000000000000e+00,1.027541424027518469e+00
4.333250000000000000e+03,9.000000000000000000e+00,1.027297727095252800e+00
4.333250000000000000e+03,1.000000000000000000e+01,1.027031274327601551e+00
4.333250000000000000e+03,1.100000000000000000e+01,1.026743817101902323e+00
4.333250000000000000e+03,1.200000000000000000e+01,1.026437184289819449e+00
4.333250000000000000e+03,1.300000000000000000e+01,1.026113256337501944e+00
4.333250000000000000e+03,1.400000000000000000e+01,1.025773939633231269e+00
4.333250000000000000e+03,1.500000000000000000e+01,1.025421141767826061e+00
4.333250000000000000e+03,1.600000000000000000e+01,1.025056748258263539e+00
4.333250000000000000e+03,1.700000000000000000e+01,1.024682601243414481e+00
4.333250000000000000e+03,1.800000000000000000e+01,1.024300480574012795e+00
4.333250000000000000e+03,1.900000000000000000e+01,1.023912087612549371e+00
4.333250000000000000e+03,2.000000000000000000e+01,1.023519031940254287e+00
4.333250000000000000e+03,2.100000000000000000e+01,1.023122821044978537e+00
4.333250000000000000e+03,2.200000000000000000e+01,1.022724852947949792e+00
4.333250000000000000e+03,2.300000000000000000e+01,1.022326411622921150e+00
4.333250000000000000e+03,2.400000000000000000e+01,1.021928664977856727e+00
4.333250000000000000e+03,2.500000000000000000e+01,1.021532665107541149e+00
4.333250000000000000e+03,2.600000000000000000e+01,1.021139350488152076e+00
4.333250000000000000e+03,2.700000000000000000e+01,1.020749549768884989e+00
4.333250000000000000e+03,2.800000000000000000e+01,1.020363986819303292e+00
4.333250000000000000e+03,2.900000000000000000e+01,1.019983286709226888e+00
4.333250000000000000e+03,3.000000000000000000e+01,1.019607982327398688e+00
4.500000000000000000e+03,-3.000000000000000000e+01,1.019607982327398688e+00
4.500000000000000000e+03,-2.900000000000000000e+01,1.019983286709221559e+00
4.500000000000000000e+03,-2.800000000000000000e+01,1.020363986819296187e+00
4.500000000000000000e+03,-2.700000000000000000e+01,1.020749549768879660e+00
4.500000000000000000e+03,-2.600000000000000000e+01,1.021139350488150299e+00
4.500000000000000000e+03,-2.500000000000000000e+01,1.021532665107548254e+00
4.500000000000000000e+03,-2.400000000000000000e+01,1.021928664977872714e+00
4.500000000000000000e+03,-2.300000000000000000e+01,1.022326411622909603e+00
4.500000000000000000e+03,-2.200000000000000000e+01,1.022724852947953345e+00
4.500000000000000000e+03,-2.100000000000000000e+01,1.023122821044976760e+00
4.500000000000000000e+03,-2.000000000000000000e+01,1.023519031940249846e+00
4.500000000000000000e+03,-1.900000000000000000e+01,1.023912087612558253e+00
4.500000000000000000e+03,-1.800000000000000000e+01,1.024300480574002137e+00
4.500000000000000000e+03,-1.700000000000000000e+01,1.024682601243423363e+00
4.500000000000000000e+03,-1.600000000000000000e+01,1.025056748258263983e+00
4.500000000000000000e+03,-1.500000000000000000e+01,1.025421141767817623e+00
4.500000000000000000e+03,-1.400000000000000000e+01,1.025773939633233045e+00
4.500000000000000000e+03,-1.300000000000000000e+01,1.026113256337499724e+00
4.500000000000000000e+03,-1.200000000000000000e+01,1.026437184289819449e+00
4.500000000000000000e+03,-1.100000000000000000e+01,1.026743817101904543e+00
4.500000000000000000e+03,-1.000000000000000000e+01,1.027031274327599997e+00
4.500000000000000000e+03,-9.000000000000000000e+00,1.027297727095253688e+00
4.500000000000000000e+03,-8.000000000000000000e+00,1.027541424027518246e+00
4.500000000000000000e+03,-7.000000000000000000e+00,1.027760716834884125e+00
4.500000000000000000e+03,-6.000000000000000000e+00,1.027954084983863980e+00
4.500000000000000000e+03,-5.000000000000000000e+00,1.028120158874693324e+00
4.500000000000000000e+03,-4.000000000000000000e+00,1.028257741011805670e+00
4.500000000000000000e+03,-3.000000000000000000e+00,1.028365824708715737e+00
4.500000000000000000e+03,-2.000000000000000000e+00,1.028443609934033276e+00
4.500000000000000000e+03,-1.000000000000000000e+00,1.028490515974257891e+00
4.500000000000000000e+03,0.000000000000000000e+00,1.028506190659992159e+00
4.500000000000000000e+03,1.000000000000000000e+00,1.028490515974257669e+00
4.500000000000000000e+03,2.000000000000000000e+00,1.028443609934033276e+00
4.500000000000000000e+03,3.000000000000000000e+00,1.028365824708715959e+00
4.500000000000000000e+03,4.000000000000000000e+00,1.028257741011806115e+00
4.500000000000000000e+03,5.000000000000000000e+00,1.028120158874692436e+00
4.500000000000000000e+03,6.000000000000000000e+00,1.027954084983862870e+00
4.500000000000000000e+03,7.000000000000000000e+00,1.027760716834885235e+00
4.500000000000000000e+03,8.000000000000000000e+00,1.027541424027518469e+00
4.500000000000000000e+03,9.000000000000000000e+00,1.027297727095252800e+00
4.500000000000000000e+03,1.000000000000000000e+01,1.027031274327601551e+00
4.500000000000000000e+03,1.100000000000000000e+01,1.026743817101902323e+00
4.500000000000000000e+03,1.200000000000000000e+01,1.026437184289819449e+00
4.500000000000000000e+03,1.300000000000000000e+01,1.026113256337501944e+00
4.500000000000000000e+03,1.400000000000000000e+01,1.025773939633231269e+00
4.500000000000000000e+03,1.500000000000000000e+01,1.025421141767826061e+00
4.500000000000000000e+03,1.600000000000000000e+01,1.025056748258263539e+00
4.500000000000000000e+03,1.700000000000000000e+01,1.024682601243414481e+00
4.500000000000000000e+03,1.800000000000000000e+01,1.024300480574012795e+00
4.500000000000000000e+03,1.900000000000000000e+01,1.023912087612549371e+00
4.500000000000000000e+03,2.000000000000000000e+01,1.023519031940254287e+00
4.500000000000000000e+03,2.100000000000000000e+01,1.023122821044978537e+00
4.500000000000000000e+03,2.200000000000000000e+01,1.022724852947949792e+00
4.500000000000000000e+03,2.300000000000000000e+01,1.022326411622921150e+00
4.500000000000000000e+03,2.400000000000000000e+01,1.021928664977856727e+00
4.500000000000000000e+03,2.500000000000000000e+01,1.021532665107541149e+00
4.500000000000000000e+03,2.600000000000000000e+01,1.021139350488152076e+00
4.500000000000000000e+03,2.700000000000000000e+01,1.020749549768884989e+00
4.500000000000000000e+03,2.800000000000000000e+01,1.020363986819303292e+00
4.500000000000000000e+03,2.900000000000000000e+01,1.019983286709226888e+00
4.500000000000000000e+03,3.000000000000000000e+01,1.019607982327398688e+00
4.666750000000000000e+03,-3.000000000000000000e+01,1.019607982327398688e+00
4.666750000000000000e+03,-2.900000000000000000e+01,1.019983286709221559e+00
4.666750000000000000e+03,-2.800000000000000000e+01,1.020363986819296187e+00
4.666750000000000000e+03,-2.700000000000000000e+01,1.020749549768879660e+00
4.666750000000000000e+03,-2.600000000000000000e+01,1.021139350488150299e+00
4.666750000000000000e+03,-2.500000000000000000e+01,1.021532665107548254e+00
4.666750000000000000e+03,-2.400000000000000000e+01,1.021928664977872714e+00
4.666750000000000000e+03,-2.300000000000000000e+01,1.022326411622909603e+00
4.666750000000000000e+03,-2.200000000000000000e+01,1.022724852947953345e+00
4.666750000000000000e+03,-2.100000000000000000e+01,1.023122821044976760e+00
4.666750000000000000e+03,-2.000000000000000000e+01,1.023519031940249846e+00
4.666750000000000000e+03,-1.900000000000000000e+01,1.023912087612558253e+00
4.666750000000000000e+03,-1.800000000000000000e+01,1.024300480574002137e+00
4.666750000000000000e+03,-1.700000000000000000e+01,1.024682601243423363e+00
4.666750000000000000e+03,-1.600000000000000000e+01,1.025056748258263983e+00
4.666750000000000000e+03,-1.500000000000000000e+01,1.025421141767817623e+00
4.666750000000000000e+03,-1.400000000000000000e+01,1.025773939633233045e+00
4.666750000000000000e+03,-1.300000000000000000e+01,1.026113256337499724e+00
4.666750000000000000e+03,-1.200000000000000000e+01,1.026437184289819449e+00
4.666750000000000000e+03,-1.100000000000000000e+01,1.026743817101904543e+00
4.666750000000000000e+03,-1.000000000000000000e+01,1.027031274327599997e+00
4.666750000000000000e+03,-9.000000000000000000e+00,1.027297727095253688e+00
4.666750000000000000e+03,-8.000000000000000000e+00,1.027541424027518246e+00
4.666750000000000000e+03,-7.000000000000000000e+00,1.027760716834884125e+00
4.666750000000000000e+03,-6.000000000000000000e+00,1.027954084983863980e+00
4.666750000000000000e+03,-5.000000000000000000e+00,1.028120158874693324e+00
4.666750000000000000e+03,-4.000000000000000000e+00,1.028257741011805670e+00
4.666750000000000000e+03,-3.000000000000000000e+00,1.028365824708715737e+00
4.666750000000000000e+03,-2.000000000000000000e+00,1.028443609934033276e+00
4.666750000000000000e+03,-1.000000000000000000e+00,1.028490515974257891e+00
4.666750000000000000e+03,0.000000000000000000e+00,1.028506190659992159e+00
4.666750000000000000e+03,1.000000000000000000e+00,1.028490515974257669e+00
4.666750000000000000e+03,2.000000000000000000e+00,1.028443609934033276e+00
4.666750000000000000e+03,3.000000000000000000e+00,1.028365824708715959e+00
4.666750000000000000e+03,4.000000000000000000e+00,1.028257741011806115e+00
4.666750000000000000e+03,5.000000000000000000e+00,1.028120158874692436e+00
4.666750000000000000e+03,6.000000000000000000e+00,1.027954084983862870e+00
4.666750000000000000e+03,7.000000000000000000e+00,1.027760716834885235e+00
4.666750000000000000e+03,8.000000000000000000e+00,1.027541424027518469e+00
4.666750000000000000e+03,9.000000000000000000e+00,1.027297727095252800e+00
4.666750000000000000e+03,1.000000000000000000e+01,1.027031274327601551e+00
4.666750000000000000e+03,1.100000000000000000e+01,1.026743817101902323e+00
4.666750000000000000e+03,1.200000000000000000e+01,1.026437184289819449e+00
4.666750000000000000e+03,1.300000000000000000e+01,1.026113256337501944e+00
4.666750000000000000e+03,1.400000000000000000e+01,1.025773939633231269e+00
4.666750000000000000e+03,1.500000000000000000e+01,1.025421141767826061e+00
4.666750000000000000e+03,1.600000000000000000e+01,1.025056748258263539e+00
4.666750000000000000e+03,1.700000000000000000e+01,1.024682601243414481e+00
4.666750000000000000e+03,1.800000000000000000e+01,1.024300480574012795e+00
4.666750000000000000e+03,1.900000000000000000e+01,1.023912087612549371e+00
4.666750000000000000e+03,2.000000000000000000e+01,1.023519031940254287e+00
4.666750000000000000e+03,2.100000000000000000e+01,1.023122821044978537e+00
4.666750000000000000e+03,2.200000000000000000e+01,1.022724852947949792e+00
4.666750000000000000e+03,2.300000000000000000e+01,1.022326411622921150e+00
4.666750000000000000e+03,2.400000000000000000e+01,1.021928664977856727e+00
4.666750000000000000e+03,2.500000000000000000e+01,1.021532665107541149e+00
4.666750000000000000e+03,2.600000000000000000e+01,1.021139350488152076e+00
4.666750000000000000e+03,2.700000000000000000e+01,1.020749549768884989e+00
4.666750000000000000e+03,2.800000000000000000e+01,1.020363986819303292e+00
4.666750000000000000e+03,2.900000000000000000e+01,1.019983286709226888e+00
4.666750000000000000e+03,3.000000000000000000e+01,1.019607982327398688e+00
4.833250000000000000e+03,-3.000000000000000000e+01,1.019607982327398688e+00
4.833250000000000000e+03,-2.900000000000000000e+01,1.019983286709221559e+00
4.833250000000000000e+03,-2.800000000000000000e+01,1.020363986819296187e+00
4.833250000000000000e+03,-2.700000000000000000e+01,1.020749549768879660e+00
4.833250000000000000e+03,-2.600000000000000000e+01,1.021139350488150299e+00
4.833250000000000000e+03,-2.500000000000000000e+01,1.021532665107548254e+00
4.833250000000000000e+03,-2.400000000000000000e+01,1.021928664977872714e+00
4.833250000000000000e+03,-2.300000000000000000e+01,1.022326411622909603e+00
4.833250000000000000e+03,-2.200000000000000000e+01,1.022724852947953345e+00
4.833250000000000000e+03,-2.100000000000000000e+01,1.023122821044976760e+00
4.833250000000000000e+03,-2.000000000000000000e+01,1.023519031940249846e+00
4.833250000000000000e+03,-1.900000000000000000e+01,1.023912087612558253e+00
4.833250000000000000e+03,-1.800000000000000000e+01,1.024300480574002137e+00
4.833250000000000000e+03,-1.700000000000000000e+01,1.024682601243423363e+00
4.833250000000000000e+03,-1.600000000000000000e+01,1.025056748258263983e+00
4.833250000000000000e+03,-1.500000000000000000e+01,1.025421141767817623e+00
4.833250000000000000e+03,-1.400000000000000000e+01,1.025773939633233045e+00
4.833250000000000000e+03,-1.300000000000000000e+01,1.026113256337499724e+00
4.833250000000000000e+03,-1.200000000000000000e+01,1.026437184289819449e+00
4.833250000000000000e+03,-1.100000000000000000e+01,1.026743817101904543e+00
4.833250000000000000e+03,-1.000000000000000000e+01,1.027031274327599997e+00
4.833250000000000000e+03,-9.000000000000000000e+00,1.027297727095253688e+00
4.833250000000000000e+03,-8.000000000000000000e+00,1.027541424027518246e+00
4.833250000000000000e+03,-7.000000000000000000e+00,1.027760716834884125e+00
4.833250000000000000e+03,-6.000000000000000000e+00,1.027954084983863980e+00
4.833250000000000000e+03,-5.000000000000000000e+00,1.028120158874693324e+00
4.833250000000000000e+03,-4.000000000000000000e+00,1.028257741011805670e+00
4.833250000000000000e+03,-3.000000000000000000e+00,1.028365824708715737e+00
4.833250000000000000e+03,-2.000000000000000000e+00,1.028443609934033276e+00
4.833250000000000000e+03,-1.000000000000000000e+00,1.028490515974257891e+00
4.833250000000000000e+03,0.000000000000000000e+00,1.028506190659992159e+00
4.833250000000000000e+03,1.000000000000000000e+00,1.028490515974257669e+00
4.833250000000000000e+03,2.000000000000000000e+00,1.028443609934033276e+00
4.833250000000000000e+03,3.000000000000000000e+00,1.028365824708715959e+00
4.833250000000000000e+03,4.000000000000000000e+00,1.028257741011806115e+00
4.833250000000000000e+03,5.000000000000000000e+00,1.028120158874692436e+00
4.833250000000000000e+03,6.000000000000000000e+00,1.027954084983862870e+00
4.833250000000000000e+03,7.000000000000000000e+00,1.027760716834885235e+00
4.833250000000000000e+03,8.000000000000000000e+00,1.027541424027518469e+00
4.833250000000000000e+03,9.000000000000000000e+00,1.027297727095252800e+00
4.833250000000000000e+03,1.000000000000000000e+01,1.027031274327601551e+00
4.833250000000000000e+03,1.100000000000000000e+01,1.026743817101902323e+00
4.833250000000000000e+03,1.200000000000000000e+01,1.026437184289819449e+00
4.833250000000000000e+03,1.300000000000000000e+01,1.026113256337501944e+00
4.833250000000000000e+03,1.400000000000000000e+01,1.025773939633231269e+00
4.833250000000000000e+03,1.500000000000000000e+01,1.025421141767826061e+00
4.833250000000000000e+03,1.600000000000000000e+01,1.025056748258263539e+00
4.833250000000000000e+03,1.700000000000000000e+01,1.024682601243414481e+00
4.833250000000000000e+03,1.800000000000000000e+01,1.024300480574012795e+00
4.833250000000000000e+03,1.900000000000000000e+01,1.023912087612549371e+00
4.833250000000000000e+03,2.000000000000000000e+01,1.023519031940254287e+00
4.833250000000000000e+03,2.100000000000000000e+01,1.023122821044978537e+00
4.833250000000000000e+03,2.200000000000000000e+01,1.022724852947949792e+00
4.833250000000000000e+03,2.300000000000000000e+01,1.022326411622921150e+00
4.833250000000000000e+03,2.400000000000000000e+01,1.021928664977856727e+00
4.833250000000000000e+03,2.500000000000000000e+01,1.021532665107541149e+00
4.833250000000000000e+03,2.600000000000000000e+01,1.021139350488152076e+00
4.833250000000000000e+03,2.700000000000000000e+01,1.020749549768884989e+00
4.833250000000000000e+03,2.800000000000000000e+01,1.020363986819303292e+00
4.833250000000000000e+03,2.900000000000000000e+01,1.019983286709226888e+00
4.833250000000000000e+03,3.000000000000000000e+01,1.019607982327398688e+00
5.000000000000000000e+03,-3.000000000000000000e+01,1.019607982327398688e+00
5.000000000000000000e+03,-2.900000000000000000e+01,1.019983286709221559e+00
5.000000000000000000e+03,-2.800000000000000000e+01,1.020363986819296187e+00
5.000000000000000000e+03,-2.700000000000000000e+01,1.020749549768879660e+00
5.000000000000000000e+03,-2.600000000000000000e+01,1.021139350488150299e+00
5.000000000000000000e+03,-2.500000000000000000e+01,1.021532665107548254e+00
5.000000000000000000e+03,-2.400000000000000000e+01,1.021928664977872714e+00
5.000000000000000000e+03,-2.300000000000000000e+01,1.022326411622909603e+00
5.000000000000000000e+03,-2.200000000000000000e+01,1.022724852947953345e+00
5.000000000000000000e+03,-2.100000000000000000e+01,1.023122821044976760e+00
5.000000000000000000e+03,-2.000000000000000000e+01,1.023519031940249846e+00
5.000000000000000000e+03,-1.900000000000000000e+01,1.023912087612558253e+00
5.000000000000000000e+03,-1.800000000000000000e+01,1.024300480574002137e+00
5.000000000000000000e+03,-1.700000000000000000e+01,1.024682601243423363e+00
5.000000000000000000e+03,-1.600000000000000000e+01,1.025056748258263983e+00
5.000000000000000000e+03,-1.500000000000000000e+01,1.025421141767817623e+00
5.000000000000000000e+03,-1.400000000000000000e+01,1.025773939633233045e+00
5.000000000000000000e+03,-1.300000000000000000e+01,1.026113256337499724e+00
5.000000000000000000e+03,-1.200000000000000000e+01,1.026437184289819449e+00
5.000000000000000000e+03,-1.100000000000000000e+01,1.026743817101904543e+00
5.000000000000000000e+03,-1.000000000000000000e+01,1.027031274327599997e+00
5.000000000000000000e+03,-9.000000000000000000e+00,1.027297727095253688e+00
5.000000000000000000e+03,-8.000000000000000000e+00,1.027541424027518246e+00
5.000000000000000000e+03,-7.000000000000000000e+00,1.027760716834884125e+00
5.000000000000000000e+03,-6.000000000000000000e+00,1.027954084983863980e+00
5.000000000000000000e+03,-5.000000000000000000e+00,1.028120158874693324e+00
5.000000000000000000e+03,-4.000000000000000000e+00,1.028257741011805670e+00
5.000000000000000000e+03,-3.000000000000000000e+00,1.028365824708715737e+00
5.000000000000000000e+03,-2.000000000000000000e+00,1.028443609934033276e+00
5.000000000000000000e+03,-1.000000000000000000e+00,1.028490515974257891e+00
5.000000000000000000e+03,0.000000000000000000e+00,1.028506190659992159e+00
5.000000000000000000e+03,1.000000000000000000e+00,1.028490515974257669e+00
5.000000000000000000e+03,2.000000000000000000e+00,1.028443609934033276e+00
5.000000000000000000e+03,3.000000000000000000e+00,1.028365824708715959e+00
5.000000000000000000e+03,4.000000000000000000e+00,1.028257741011806115e+00
5.000000000000000000e+03,5.000000000000000000e+00,1.028120158874692436e+00
5.000000000000000000e+03,6.000000000000000000e+00,1.027954084983862870e+00
5.000000000000000000e+03,7.000000000000000000e+00,1.027760716834885235e+00
5.000000000000000000e+03,8.000000000000000000e+00,1.027541424027518469e+00
5.000000000000000000e+03,9.000000000000000000e+00,1.027297727095252800e+00
5.000000000000000000e+03,1.000000000000000000e+01,1.027031274327601551e+00
5.000000000000000000e+03,1.100000000000000000e+01,1.026743817101902323e+00
5.000000000000000000e+03,1.200000000000000000e+01,1.026437184289819449e+00
5.000000000000000000e+03,1.300000000000000000e+01,1.026113256337501944e+00
5.000000000000000000e+03,1.400000000000000000e+01,1.025773939633231269e+00
5.000000000000000000e+03,1.500000000000000000e+01,1.025421141767826061e+00
5.000000000000000000e+03,1.600000000000000000e+01,1.025056748258263539e+00
5.000000000000000000e+03,1.700000000000000000e+01,1.024682601243414481e+00
5.000000000000000000e+03,1.800000000000000000e+01,1.024300480574012795e+00
5.000000000000000000e+03,1.900000000000000000e+01,1.023912087612549371e+00
5.000000000000000000e+03,2.000000000000000000e+01,1.023519031940254287e+00
5.000000000000000000e+03,2.100000000000000000e+01,1.023122821044978537e+00
5.000000000000000000e+03,2.200000000000000000e+01,1.022724852947949792e+00
5.000000000000000000e+03,2.300000000000000000e+01,1.022326411622921150e+00
5.000000000000000000e+03,2.400000000000000000e+01,1.021928664977856727e+00
5.000000000000000000e+03,2.500000000000000000e+01,1.021532665107541149e+00
5.000000000000000000e+03,2.600000000000000000e+01,1.021139350488152076e+00
5.000000000000000000e+03,2.700000000000000000e+01,1.020749549768884989e+00
5.000000000000000000e+03,2.800000000000000000e+01,1.020363986819303292e+00
5.000000000000000000e+03,2.900000000000000000e+01,1.019983286709226888e+00
5.000000000000000000e+03,3.000000000000000000e+01,1.019607982327398688e+00
5.166750000000000000e+03,-3.000000000000000000e+01,1.019607982327398688e+00
5.166750000000000000e+03,-2.900000000000000000e+01,1.019983286709221559e+00
5.166750000000000000e+03,-2.800000000000000000e+01,1.020363986819296187e+00
5.166750000000000000e+03,-2.700000000000000000e+01,1.020749549768879660e+00
5.166750000000000000e+03,-2.600000000000000000e+01,1.021139350488150299e+00
5.166750000000000000e+03,-2.500000000000000000e+01,1.021532665107548254e+00
5.166750000000000000e+03,-2.400000000000000000e+01,1.021928664977872714e+00
5.166750000000000000e+03,-2.300000000000000000e+01,1.022326411622909603e+00
5.166750000000000000e+03,-2.200000000000000000e+01,1.022724852947953345e+00
5.166750000000000000e+03,-2.100000000000000000e+01,1.023122821044976760e+00
5.166750000000000000e+03,-2.000000000000000000e+01,1.023519031940249846e+00
5.166750000000000000e+03,-1.900000000000000000e+01,1.023912087612558253e+00
5.166750000000000000e+03,-1.800000000000000000e+01,1.024300480574002137e+00
5.166750000000000000e+03,-1.700000000000000000e+01,1.024682601243423363e+00
5.166750000000000000e+03,-1.600000000000000000e+01,1.025056748258263983e+00
5.166750000000000000e+03,-1.500000000000000000e+01,1.025421141767817623e+00
5.166750000000000000e+03,-1.400000000000000000e+01,1.025773939633233045e+00
5.166750000000000000e+03,-1.300000000000000000e+01,1.026113256337499724e+00
5.166750000000000000e+03,-1.200000000000000000e+01,1.026437184289819449e+00
5.166750000000000000e+03,-1.100000000000000000e+01,1.026743817101904543e+00
5.166750000000000000e+03,-1.000000000000000000e+01,1.027031274327599997e+00
5.166750000000000000e+03,-9.000000000000000000e+00,1.027297727095253688e+00
5.166750000000000000e+03,-8.000000000000000000e+00,1.027541424027518246e+00
5.166750000000000000e+03,-7.000000000000000000e+00,1.027760716834884125e+00
5.166750000000000000e+03,-6.000000000000000000e+00,1.027954084983863980e+00
5.166750000000000000e+03,-5.000000000000000000e+00,1.028120158874693324e+00
5.166750000000000000e+03,-4.000000000000000000e+00,1.028257741011805670e+00
5.166750000000000000e+03,-3.000000000000000000e+00,1.028365824708715737e+00
5.166750000000000000e+03,-2.000000000000000000e+00,1.028443609934033276e+00
5.166750000000000000e+03,-1.000000000000000000e+00,1.028490515974257891e+00
5.166750000000000000e+03,0.000000000000000000e+00,1.028506190659992159e+00
5.166750000000000000e+03,1.000000000000000000e+00,1.028490515974257669e+00
5.166750000000000000e+03,2.000000000000000000e+00,1.028443609934033276e+00
5.166750000000000000e+03,3.000000000000000000e+00,1.028365824708715959e+00
5.166750000000000000e+03,4.000000000000000000e+00,1.028257741011806115e+00
5.166750000000000000e+03,5.000000000000000000e+00,1.028120158874692436e+00
5.166750000000000000e+03,6.000000000000000000e+00,1.027954084983862870e+00
5.166750000000000000e+03,7.000000000000000000e+00,1.027760716834885235e+00
5.166750000000000000e+03,8.000000000000000000e+00,1.027541424027518469e+00
5.166750000000000000e+03,9.000000000000000000e+00,1.027297727095252800e+00
5.166750000000000000e+03,1.000000000000000000e+01,1.027031274327601551e+00
5.166750000000000000e+03,1.100000000000000000e+01,1.026743817101902323e+00
5.166750000000000000e+03,1.200000000000000000e+01,1.026437184289819449e+00
5.166750000000000000e+03,1.300000000000000000e+01,1.026113256337501944e+00
5.166750000000000000e+03,1.400000000000000000e+01,1.025773939633231269e+00
5.166750000000000000e+03,1.500000000000000000e+01,1.025421141767826061e+00
5.166750000000000000e+03,1.600000000000000000e+01,1.025056748258263539e+00
5.166750000000000000e+03,1.700000000000000000e+01,1.024682601243414481e+00
5.166750000000000000e+03,1.800000000000000000e+01,1.024300480574012795e+00
5.166750000000000000e+03,1.900000000000000000e+01,1.023912087612549371e+00
5.166750000000000000e+03,2.000000000000000000e+01,1.023519031940254287e+00
5.166750000000000000e+03,2.100000000000000000e+01,1.023122821044978537e+00
5.166750000000000000e+03,2.200000000000000000e+01,1.022724852947949792e+00
5.166750000000000000e+03,2.300000000000000000e+01,1.022326411622921150e+00
5.166750000000000000e+03,2.400000000000000000e+01,1.021928664977856727e+00
5.166750000000000000e+03,2.500000000000000000e+01,1.021532665107541149e+00
5.166750000000000000e+03,2.600000000000000000e+01,1.021139350488152076e+00
5.166750000000000000e+03,2.700000000000000000e+01,1.020749549768884989e+00
5.166750000000000000e+03,2.800000000000000000e+01,1.020363986819303292e+00
5.166750000000000000e+03,2.900000000000000000e+01,1.019983286709226888e+00
5.166750000000000000e+03,3.000000000000000000e+01,1.019607982327398688e+00
5.333250000000000000e+03,-3.000000000000000000e+01,1.019607982327398688e+00
5.333250000000000000e+03,-2.900000000000000000e+01,1.019983286709221559e+00
5.333250000000000000e+03,-2.800000000000000000e+01,1.020363986819296187e+00
5.333250000000000000e+03,-2.700000000000000000e+01,1.020749549768879660e+00
5.333250000000000000e+03,-2.600000000000000000e+01,1.021139350488150299e+00
5.333250000000000000e+03,-2.500000000000000000e+01,1.021532665107548254e+00
5.333250000000000000e+03,-2.400000000000000000e+01,1.021928664977872714e+00
5.333250000000000000e+03,-2.300000000000000000e+01,1.022326411622909603e+00
5.333250000000000000e+03,-2.200000000000000000e+01,1.022724852947953345e+00
5.333250000000000000e+03,-2.100000000000000000e+01,1.023122821044976760e+00
5.333250000000000000e+03,-2.000000000000000000e+01,1.023519031940249846e+00
5.333250000000000000e+03,-1.900000000000000000e+01,1.023912087612558253e+00
5.333250000000000000e+03,-1.800000000000000000e+01,1.024300480574002137e+00
5.333250000000000000e+03,-1.700000000000000000e+01,1.024682601243423363e+00
5.333250000000000000e+03,-1.600000000000000000e+01,1.025056748258263983e+00
5.333250000000000000e+03,-1.500000000000000000e+01,1.025421141767817623e+00
5.333250000000000000e+03,-1.400000000000000000e+01,1.025773939633233045e+00
5.333250000000000000e+03,-1.300000000000000000e+01,1.026113256337499724e+00
5.333250000000000000e+03,-1.200000000000000000e+01,1.026437184289819449e+00
5.333250000000000000e+03,-1.100000000000000000e+01,1.026743817101904543e+00
5.333250000000000000e+03,-1.000000000000000000e+01,1.027031274327599997e+00
5.333250000000000000e+03,-9.000000000000000000e+00,1.027297727095253688e+00
5.333250000000000000e+03,-8.000000000000000000e+00,1.027541424027518246e+00
5.333250000000000000e+03,-7.000000000000000000e+00,1.027760716834884125e+00
5.333250000000000000e+03,-6.000000000000000000e+00,1.027954084983863980e+00
5.333250000000000000e+03,-5.000000000000000000e+00,1.028120158874693324e+00
5.333250000000000000e+03,-4.000000000000000000e+00,1.028257741011805670e+00
5.333250000000000000e+03,-3.000000000000000000e+00,1.028365824708715737e+00
5.333250000000000000e+03,-2.000000000000000000e+00,1.028443609934033276e+00
5.333250000000000000e+03,-1.000000000000000000e+00,1.028490515974257891e+00
5.333250000000000000e+03,0.000000000000000000e+00,1.028506190659992159e+00
5.333250000000000000e+03,1.000000000000000000e+00,1.028490515974257669e+00
5.333250000000000000e+03,2.000000000000000000e+00,1.028443609934033276e+00
5.333250000000000000e+03,3.000000000000000000e+00,1.028365824708715959e+00
5.333250000000000000e+03,4.000000000000000000e+00,1.028257741011806115e+00
5.333250000000000000e+03,5.000000000000000000e+00,1.028120158874692436e+00
5.333250000000000000e+03,6.000000000000000000e+00,1.027954084983862870e+00
5.333250000000000000e+03,7.000000000000000000e+00,1.027760716834885235e+00
5.333250000000000000e+03,8.000000000000000000e+00,1.027541424027518469e+00
5.333250000000000000e+03,9.000000000000000000e+00,1.027297727095252800e+00
5.333250000000000000e+03,1.000000000000000000e+01,1.027031274327601551e+00
5.333250000000000000e+03,1.100000000000000000e+01,1.026743817101902323e+00
5.333250000000000000e+03,1.200000000000000000e+01,1.026437184289819449e+00
5.333250000000000000e+03,1.300000000000000000e+01,1.026113256337501944e+00
5.333250000000000000e+03,1.400000000000000000e+01,1.025773939633231269e+00
5.333250000000000000e+03,1.500000000000000000e+01,1.025421141767826061e+00
5.333250000000000000e+03,1.600000000000000000e+01,1.025056748258263539e+00
5.333250000000000000e+03,1.700000000000000000e+01,1.024682601243414481e+00
5.333250000000000000e+03,1.800000000000000000e+01,1.024300480574012795e+00
5.333250000000000000e+03,1.900000000000000000e+01,1.023912087612549371e+00
5.333250000000000000e+03,2.000000000000000000e+01,1.023519031940254287e+00
5.333250000000000000e+03,2.100000000000000000e+01,1.023122821044978537e+00
5.333250000000000000e+03,2.200000000000000000e+01,1.022724852947949792e+00
5.333250000000000000e+03,2.300000000000000000e+01,1.022326411622921150e+00
5.333250000000000000e+03,2.400000000000000000e+01,1.021928664977856727e+00
5.333250000000000000e+03,2.500000000000000000e+01,1.021532665107541149e+00
5.333250000000000000e+03,2.600000000000000000e+01,1.021139350488152076e+00
5.333250000000000000e+03,2.700000000000000000e+01,1.020749549768884989e+00
5.333250000000000000e+03,2.800000000000000000e+01,1.020363986819303292e+00
5.333250000000000000e+03,2.900000000000000000e+01,1.019983286709226888e+00
5.333250000000000000e+03,3.000000000000000000e+01,1.019607982327398688e+00
5.500000000000000000e+03,-3.000000000000000000e+01,1.019607982327398688e+00
5.500000000000000000e+03,-2.900000000000000000e+01,1.019983286709221559e+00
5.500000000000000000e+03,-2.800000000000000000e+01,1.020363986819296187e+00
5.500000000000000000e+03,-2.700000000000000000e+01,1.020749549768879660e+00
5.500000000000000000e+03,-2.600000000000000000e+01,1.021139350488150299e+00
5.500000000000000000e+03,-2.500000000000000000e+01,1.021532665107548254e+00
5.500000000000000000e+03,-2.400000000000000000e+01,1.021928664977872714e+00
5.500000000000000000e+03,-2.300000000000000000e+01,1.022326411622909603e+00
5.500000000000000000e+03,-2.200000000000000000e+01,1.022724852947953345e+00
5.500000000000000000e+03,-2.100000000000000000e+01,1.023122821044976760e+00
5.500000000000000000e+03,-2.000000000000000000e+01,1.023519031940249846e+00
5.500000000000000000e+03,-1.900000000000000000e+01,1.023912087612558253e+00
5.500000000000000000e+03,-1.800000000000000000e+01,1.024300480574002137e+00
5.500000000000000000e+03,-1.700000000000000000e+01,1.024682601243423363e+00
5.500000000000000000e+03,-1.600000000000000000e+01,1.025056748258263983e+00
5.500000000000000000e+03,-1.500000000000000000e+01,1.025421141767817623e+00
5.500000000000000000e+03,-1.400000000000000000e+01,1.025773939633233045e+00
5.500000000000000000e+03,-1.300000000000000000e+01,1.026113256337499724e+00
5.500000000000000000e+03,-1.200000000000000000e+01,1.026437184289819449e+00
5.500000000000000000e+03,-1.100000000000000000e+01,1.026743817101904543e+00
5.500000000000000000e+03,-1.000000000000000000e+01,1.027031274327599997e+00
5.500000000000000000e+03,-9.000000000000000000e+00,1.027297727095253688e+00
5.500000000000000000e+03,-8.000000000000000000e+00,1.027541424027518246e+00
5.500000000000000000e+03,-7.000000000000000000e+00,1.027760716834884125e+00
5.500000000000000000e+03,-6.000000000000000000e+00,1.027954084983863980e+00
5.500000000000000000e+03,-5.000000000000000000e+00,1.028120158874693324e+00
5.500000000000000000e+03,-4.000000000000000000e+00,1.028257741011805670e+00
5.500000000000000000e+03,-3.000000000000000000e+00,1.028365824708715737e+00
5.500000000000000000e+03,-2.000000000000000000e+00,1.028443609934033276e+00
5.500000000000000000e+03,-1.000000000000000000e+00,1.028490515974257891e+00
5.500000000000000000e+03,0.000000000000000000e+00,1.028506190659992159e+00
5.500000000000000000e+03,1.000000000000000000e+00,1.028490515974257669e+00
5.500000000000000000e+03,2.000000000000000000e+00,1.028443609934033276e+00
5.500000000000000000e+03,3.000000000000000000e+00,1.028365824708715959e+00
5.500000000000000000e+03,4.000000000000000000e+00,1.028257741011806115e+00
5.500000000000000000e+03,5.000000000000000000e+00,1.028120158874692436e+00
5.500000000000000000e+03,6.000000000000000000e+00,1.027954084983862870e+00
5.500000000000000000e+03,7.000000000000000000e+00,1.027760716834885235e+00
5.500000000000000000e+03,8.000000000000000000e+00,1.027541424027518469e+00
5.500000000000000000e+03,9.000000000000000000e+00,1.027297727095252800e+00
5.500000000000000000e+03,1.000000000000000000e+01,1.027031274327601551e+00
5.500000000000000000e+03,1.100000000000000000e+01,1.026743817101902323e+00
5.500000000000000000e+03,1.200000000000000000e+01,1.026437184289819449e+00
5.500000000000000000e+03,1.300000000000000000e+01,1.026113256337501944e+00
5.500000000000000000e+03,1.400000000000000000e+01,1.025773939633231269e+00
5.500000000000000000e+03,1.500000000000000000e+01,1.025421141767826061e+00
5.500000000000000000e+03,1.600000000000000000e+01,1.025056748258263539e+00
5.500000000000000000e+03,1.700000000000000000e+01,1.024682601243414481e+00
5.500000000000000000e+03,1.800000000000000000e+01,1.024300480574012795e+00
5.500000000000000000e+03,1.900000000000000000e+01,1.023912087612549371e+00
5.500000000000000000e+03,2.000000000000000000e+01,1.023519031940254287e+00
5.500000000000000000e+03,2.100000000000000000e+01,1.023122821044978537e+00
5.500000000000000000e+03,2.200000000000000000e+01,1.022724852947949792e+00
5.500000000000000000e+03,2.300000000000000000e+01,1.022326411622921150e+00
5.500000000000000000e+03,2.400000000000000000e+01,1.021928664977856727e+00
5.500000000000000000e+03,2.500000000000000000e+01,1.021532665107541149e+00
5.500000000000000000e+03,2.600000000000000000e+01,1.021139350488152076e+00
5.500000000000000000e+03,2.700000000000000000e+01,1.020749549768884989e+00
5.500000000000000000e+03,2.800000000000000000e+01,1.020363986819303292e+00
5.500000000000000000e+03,2.900000000000000000e+01,1.019983286709226888e+00
5.500000000000000000e+03,3.000000000000000000e+01,1.019607982327398688e+00
5.666750000000000000e+03,-3.000000000000000000e+01,1.019607982327398688e+00
5.666750000000000000e+03,-2.900000000000000000e+01,1.019983286709221559e+00
5.666750000000000000e+03,-2.800000000000000000e+01,1.020363986819296187e+00
5.666750000000000000e+03,-2.700000000000000000e+01,1.020749549768879660e+00
5.666750000000000000e+03,-2.600000000000000000e+01,1.021139350488150299e+00
5.666750000000000000e+03,-2.500000000000000000e+01,1.021532665107548254e+00
5.666750000000000000e+03,-2.400000000000000000e+01,1.021928664977872714e+00
5.666750000000000000e+03,-2.300000000000000000e+01,1.022326411622909603e+00
5.666750000000000000e+03,-2.200000000000000000e+01,1.022724852947953345e+00
5.666750000000000000e+03,-2.100000000000000000e+01,1.023122821044976760e+00
5.666750000000000000e+03,-2.000000000000000000e+01,1.023519031940249846e+00
5.666750000000000000e+03,-1.900000000000000000e+01,1.023912087612558253e+00
5.666750000000000000e+03,-1.800000000000000000e+01,1.024300480574002137e+00
5.666750000000000000e+03,-1.700000000000000000e+01,1.024682601243423363e+00
5.666750000000000000e+03,-1.600000000000000000e+01,1.025056748258263983e+00
5.666750000000000000e+03,-1.500000000000000000e+01,1.025421141767817623e+00
5.666750000000000000e+03,-1.400000000000000000e+01,1.025773939633233045e+00
5.666750000000000000e+03,-1.300000000000000000e+01,1.026113256337499724e+00
5.666750000000000000e+03,-1.200000000000000000e+01,1.026437184289819449e+00
5.666750000000000000e+03,-1.100000000000000000e+01,1.026743817101904543e+00
5.666750000000000000e+03,-1.000000000000000000e+01,1.027031274327599997e+00
5.666750000000000000e+03,-9.000000000000000000e+00,1.027297727095253688e+00
5.666750000000000000e+03,-8.000000000000000000e+00,1.027541424027518246e+00
5.666750000000000000e+03,-7.000000000000000000e+00,1.027760716834884125e+00
5.666750000000000000e+03,-6.000000000000000000e+00,1.027954084983863980e+00
5.666750000000000000e+03,-5.000000000000000000e+00,1.028120158874693324e+00
5.666750000000000000e+03,-4.000000000000000000e+00,1.028257741011805670e+00
5.666750000000000000e+03,-3.000000000000000000e+00,1.028365824708715737e+00
5.666750000000000000e+03,-2.000000000000000000e+00,1.028443609934033276e+00
5.666750000000000000e+03,-1.000000000000000000e+00,1.028490515974257891e+00
5.666750000000000000e+03,0.000000000000000000e+00,1.028506190659992159e+00
5.666750000000000000e+03,1.000000000000000000e+00,1.028490515974257669e+00
5.666750000000000000e+03,2.000000000000000000e+00,1.028443609934033276e+00
5.666750000000000000e+03,3.000000000000000000e+00,1.028365824708715959e+00
5.666750000000000000e+03,4.000000000000000000e+00,1.028257741011806115e+00
5.666750000000000000e+03,5.000000000000000000e+00,1.028120158874692436e+00
5.666750000000000000e+03,6.000000000000000000e+00,1.027954084983862870e+00
5.666750000000000000e+03,7.000000000000000000e+00,1.027760716834885235e+00
5.666750000000000000e+03,8.000000000000000000e+00,1.027541424027518469e+00
5.666750000000000000e+03,9.000000000000000000e+00,1.027297727095252800e+00
5.666750000000000000e+03,1.000000000000000000e+01,1.027031274327601551e+00
5.666750000000000000e+03,1.100000000000000000e+01,1.026743817101902323e+00
5.666750000000000000e+03,1.200000000000000000e+01,1.026437184289819449e+00
5.666750000000000000e+03,1.300000000000000000e+01,1.026113256337501944e+00
5.666750000000000000e+03,1.400000000000000000e+01,1.025773939633231269e+00
5.666750000000000000e+03,1.500000000000000000e+01,1.025421141767826061e+00
5.666750000000000000e+03,1.600000000000000000e+01,1.025056748258263539e+00
5.666750000000000000e+03,1.700000000000000000e+01,1.024682601243414481e+00
5.666750000000000000e+03,1.800000000000000000e+01,1.024300480574012795e+00
5.666750000000000000e+03,1.900000000000000000e+01,1.023912087612549371e+00
5.666750000000000000e+03,2.000000000000000000e+01,1.023519031940254287e+00
5.666750000000000000e+03,2.100000000000000000e+01,1.023122821044978537e+00
5.666750000000000000e+03,2.200000000000000000e+01,1.022724852947949792e+00
5.666750000000000000e+03,2.300000000000000000e+01,1.022326411622921150e+00
5.666750000000000000e+03,2.400000000000000000e+01,1.021928664977856727e+00
5.666750000000000000e+03,2.500000000000000000e+01,1.021532665107541149e+00
5.666750000000000000e+03,2.600000000000000000e+01,1.021139350488152076e+00
5.666750000000000000e+03,2.700000000000000000e+01,1.020749549768884989e+00
5.666750000000000000e+03,2.800000000000000000e+01,1.020363986819303292e+00
5.666750000000000000e+03,2.900000000000000000e+01,1.019983286709226888e+00
5.666750000000000000e+03,3.000000000000000000e+01,1.019607982327398688e+00
5.833250000000000000e+03,-3.000000000000000000e+01,1.019607982327398688e+00
5.833250000000000000e+03,-2.900000000000000000e+01,1.019983286709221559e+00
5.833250000000000000e+03,-2.800000000000000000e+01,1.020363986819296187e+00
5.833250000000000000e+03,-2.700000000000000000e+01,1.020749549768879660e+00
5.833250000000000000e+03,-2.600000000000000000e+01,1.021139350488150299e+00
5.833250000000000000e+03,-2.500000000000000000e+01,1.021532665107548254e+00
5.833250000000000000e+03,-2.400000000000000000e+01,1.021928664977872714e+00
5.833250000000000000e+03,-2.300000000000000000e+01,1.022326411622909603e+00
5.833250000000000000e+03,-2.200000000000000000e+01,1.022724852947953345e+00
5.833250000000000000e+03,-2.100000000000000000e+01,1.023122821044976760e+00
5.833250000000000000e+03,-2.000000000000000000e+01,1.023519031940249846e+00
5.833250000000000000e+03,-1.900000000000000000e+01,1.023912087612558253e+00
5.833250000000000000e+03,-1.800000000000000000e+01,1.024300480574002137e+00
5.833250000000000000e+03,-1.700000000000000000e+01,1.024682601243423363e+00
5.833250000000000000e+03,-1.600000000000000000e+01,1.025056748258263983e+00
5.833250000000000000e+03,-1.500000000000000000e+01,1.025421141767817623e+00
5.833250000000000000e+03,-1.400000000000000000e+01,1.025773939633233045e+00
5.833250000000000000e+03,-1.300000000000000000e+01,1.026113256337499724e+00
5.833250000000000000e+03,-1.200000000000000000e+01,1.026437184289819449e+00
5.833250000000000000e+03,-1.100000000000000000e+01,1.026743817101904543e+00
5.833250000000000000e+03,-1.000000000000000000e+01,1.027031274327599997e+00
5.833250000000000000e+03,-9.000000000000000000e+00,1.027297727095253688e+00
5.833250000000000000e+03,-8.000000000000000000e+00,1.027541424027518246e+00
5.833250000000000000e+03,-7.000000000000000000e+00,1.027760716834884125e+00
5.833250000000000000e+03,-6.000000000000000000e+00,1.027954084983863980e+00
5.833250000000000000e+03,-5.000000000000000000e+00,1.028120158874693324e+00
5.833250000000000000e+03,-4.000000000000000000e+00,1.028257741011805670e+00
5.833250000000000000e+03,-3.000000000000000000e+00,1.028365824708715737e+00
5.833250000000000000e+03,-2.000000000000000000e+00,1.028443609934033276e+00
5.833250000000000000e+03,-1.000000000000000000e+00,1.028490515974257891e+00
5.833250000000000000e+03,0.000000000000000000e+00,1.028506190659992159e+00
5.833250000000000000e+03,1.000000000000000000e+00,1.028490515974257669e+00
5.833250000000000000e+03,2.000000000000000000e+00,1.028443609934033276e+00
5.833250000000000000e+03,3.000000000000000000e+00,1.028365824708715959e+00
5.833250000000000000e+03,4.000000000000000000e+00,1.028257741011806115e+00
5.833250000000000000e+03,5.000000000000000000e+00,1.028120158874692436e+00
5.833250000000000000e+03,6.000000000000000000e+00,1.027954084983862870e+00
5.833250000000000000e+03,7.000000000000000000e+00,1.027760716834885235e+00
5.833250000000000000e+03,8.000000000000000000e+00,1.027541424027518469e+00
5.833250000000000000e+03,9.000000000000000000e+00,1.027297727095252800e+00
5.833250000000000000e+03,1.000000000000000000e+01,1.027031274327601551e+00
5.833250000000000000e+03,1.100000000000000000e+01,1.026743817101902323e+00
5.833250000000000000e+03,1.200000000000000000e+01,1.026437184289819449e+00
5.833250000000000000e+03,1.300000000000000000e+01,1.026113256337501944e+00
5.833250000000000000e+03,1.400000000000000000e+01,1.025773939633231269e+00
5.833250000000000000e+03,1.500000000000000000e+01,1.025421141767826061e+00
5.833250000000000000e+03,1.600000000000000000e+01,1.025056748258263539e+00
5.833250000000000000e+03,1.700000000000000000e+01,1.024682601243414481e+00
5.833250000000000000e+03,1.800000000000000000e+01,1.024300480574012795e+00
5.833250000000000000e+03,1.900000000000000000e+01,1.023912087612549371e+00
5.833250000000000000e+03,2.000000000000000000e+01,1.023519031940254287e+00
5.833250000000000000e+03,2.100000000000000000e+01,1.023122821044978537e+00
5.833250000000000000e+03,2.200000000000000000e+01,1.022724852947949792e+00
5.833250000000000000e+03,2.300000000000000000e+01,1.022326411622921150e+00
5.833250000000000000e+03,2.400000000000000000e+01,1.021928664977856727e+00
5.833250000000000000e+03,2.500000000000000000e+01,1.021532665107541149e+00
5.833250000000000000e+03,2.600000000000000000e+01,1.021139350488152076e+00
5.833250000000000000e+03,2.700000000000000000e+01,1.020749549768884989e+00
5.833250000000000000e+03,2.800000000000000000e+01,1.020363986819303292e+00
5.833250000000000000e+03,2.900000000000000000e+01,1.019983286709226888e+00
5.833250000000000000e+03,3.000000000000000000e+01,1.019607982327398688e+00
6.000000000000000000e+03,-3.000000000000000000e+01,1.019607982327398688e+00
6.000000000000000000e+03,-2.900000000000000000e+01,1.019983286709221559e+00
6.000000000000000000e+03,-2.800000000000000000e+01,1.020363986819296187e+00
6.000000000000000000e+03,-2.700000000000000000e+01,1.020749549768879660e+00
6.000000000000000000e+03,-2.600000000000000000e+01,1.021139350488150299e+00
6.000000000000000000e+03,-2.500000000000000000e+01,1.021532665107548254e+00
6.000000000000000000e+03,-2.400000000000000000e+01,1.021928664977872714e+00
6.000000000000000000e+03,-2.300000000000000000e+01,1.022326411622909603e+00
6.000000000000000000e+03,-2.200000000000000000e+01,1.022724852947953345e+00
6.000000000000000000e+03,-2.100000000000000000e+01,1.023122821044976760e+00
6.000000000000000000e+03,-2.000000000000000000e+01,1.023519031940249846e+00
6.000000000000000000e+03,-1.900000000000000000e+01,1.023912087612558253e+00
6.000000000000000000e+03,-1.800000000000000000e+01,1.024300480574002137e+00
6.000000000000000000e+03,-1.700000000000000000e+01,1.024682601243423363e+00
6.000000000000000000e+03,-1.600000000000000000e+01,1.025056748258263983e+00
6.000000000000000000e+03,-1.500000000000000000e+01,1.025421141767817623e+00
6.000000000000000000e+03,-1.400000000000000000e+01,1.025773939633233045e+00
6.000000000000000000e+03,-1.300000000000000000e+01,1.026113256337499724e+00
6.000000000000000000e+03,-1.200000000000000000e+01,1.026437184289819449e+00
6.000000000000000000e+03,-1.100000000000000000e+01,1.026743817101904543e+00
6.000000000000000000e+03,-1.000000000000000000e+01,1.027031274327599997e+00
6.000000000000000000e+03,-9.000000000000000000e+00,1.027297727095253688e+00
6.000000000000000000e+03,-8.000000000000000000e+00,1.027541424027518246e+00
6.000000000000000000e+03,-7.000000000000000000e+00,1.027760716834884125e+00
6.000000000000000000e+03,-6.000000000000000000e+00,1.027954084983863980e+00
6.000000000000000000e+03,-5.000000000000000000e+00,1.028120158874693324e+00
6.000000000000000000e+03,-4.000000000000000000e+00,1.028257741011805670e+00
6.000000000000000000e+03,-3.000000000000000000e+00,1.028365824708715737e+00
6.000000000000000000e+03,-2.000000000000000000e+00,1.028443609934033276e+00
6.000000000000000000e+03,-1.000000000000000000e+00,1.028490515974257891e+00
6.000000000000000000e+03,0.000000000000000000e+00,1.028506190659992159e+00
6.000000000000000000e+03,1.000000000000000000e+00,1.028490515974257669e+00
6.000000000000000000e+03,2.000000000000000000e+00,1.028443609934033276e+00
6.000000000000000000e+03,3.000000000000000000e+00,1.028365824708715959e+00
6.000000000000000000e+03,4.000000000000000000e+00,1.028257741011806115e+00
6.000000000000000000e+03,5.000000000000000000e+00,1.028120158874692436e+00
6.000000000000000000e+03,6.000000000000000000e+00,1.027954084983862870e+00
6.000000000000000000e+03,7.000000000000000000e+00,1.027760716834885235e+00
6.000000000000000000e+03,8.000000000000000000e+00,1.027541424027518469e+00
6.000000000000000000e+03,9.000000000000000000e+00,1.027297727095252800e+00
6.000000000000000000e+03,1.000000000000000000e+01,1.027031274327601551e+00
6.000000000000000000e+03,1.100000000000000000e+01,1.026743817101902323e+00
6.000000000000000000e+03,1.200000000000000000e+01,1.026437184289819449e+00
6.000000000000000000e+03,1.300000000000000000e+01,1.026113256337501944e+00
6.000000000000000000e+03,1.400000000000000000e+01,1.025773939633231269e+00
6.000000000000000000e+03,1.500000000000000000e+01,1.025421141767826061e+00
6.000000000000000000e+03,1.600000000000000000e+01,1.025056748258263539e+00
6.000000000000000000e+03,1.700000000000000000e+01,1.024682601243414481e+00
6.000000000000000000e+03,1.800000000000000000e+01,1.024300480574012795e+00
6.000000000000000000e+03,1.900000000000000000e+01,1.023912087612549371e+00
6.000000000000000000e+03,2.000000000000000000e+01,1.023519031940254287e+00
6.000000000000000000e+03,2.100000000000000000e+01,1.023122821044978537e+00
6.000000000000000000e+03,2.200000000000000000e+01,1.022724852947949792e+00
6.000000000000000000e+03,2.300000000000000000e+01,1.022326411622921150e+00
6.000000000000000000e+03,2.400000000000000000e+01,1.021928664977856727e+00
6.000000000000000000e+03,2.500000000000000000e+01,1.021532665107541149e+00
6.000000000000000000e+03,2.600000000000000000e+01,1.021139350488152076e+00
6.000000000000000000e+03,2.700000000000000000e+01,1.020749549768884989e+00
6.000000000000000000e+03,2.800000000000000000e+01,1.020363986819303292e+00
6.000000000000000000e+03,2.900000000000000000e+01,1.019983286709226888e+00
6.000000000000000000e+03,3.000000000000000000e+01,1.019607982327398688e+00
6.166750000000000000e+03,-3.000000000000000000e+01,1.019607982327398688e+00
6.166750000000000000e+03,-2.900000000000000000e+01,1.019983286709221559e+00
6.166750000000000000e+03,-2.800000000000000000e+01,1.020363986819296187e+00
6.166750000000000000e+03,-2.700000000000000000e+01,1.020749549768879660e+00
6.166750000000000000e+03,-2.600000000000000000e+01,1.021139350488150299e+00
6.166750000000000000e+03,-2.500000000000000000e+01,1.021532665107548254e+00
6.166750000000000000e+03,-2.400000000000000000e+01,1.021928664977872714e+00
6.166750000000000000e+03,-2.300000000000000000e+01,1.022326411622909603e+00
6.166750000000000000e+03,-2.200000000000000000e+01,1.022724852947953345e+00
6.166750000000000000e+03,-2.100000000000000000e+01,1.023122821044976760e+00
6.166750000000000000e+03,-2.000000000000000000e+01,1.023519031940249846e+00
6.166750000000000000e+03,-1.900000000000000000e+01,1.023912087612558253e+00
6.166750000000000000e+03,-1.800000000000000000e+01,1.024300480574002137e+00
6.166750000000000000e+03,-1.700000000000000000e+01,1.024682601243423363e+00
6.166750000000000000e+03,-1.600000000000000000e+01,1.025056748258263983e+00
6.166750000000000000e+03,-1.500000000000000000e+01,1.025421141767817623e+00
6.166750000000000000e+03,-1.400000000000000000e+01,1.025773939633233045e+00
6.166750000000000000e+03,-1.300000000000000000e+01,1.026113256337499724e+00
6.166750000000000000e+03,-1.200000000000000000e+01,1.026437184289819449e+00
6.166750000000000000e+03,-1.100000000000000000e+01,1.026743817101904543e+00
6.166750000000000000e+03,-1.000000000000000000e+01,1.027031274327599997e+00
6.166750000000000000e+03,-9.000000000000000000e+00,1.027297727095253688e+00
6.166750000000000000e+03,-8.000000000000000000e+00,1.027541424027518246e+00
6.166750000000000000e+03,-7.000000000000000000e+00,1.027760716834884125e+00
6.166750000000000000e+03,-6.000000000000000000e+00,1.027954084983863980e+00
6.166750000000000000e+03,-5.000000000000000000e+00,1.028120158874693324e+00
6.166750000000000000e+03,-4.000000000000000000e+00,1.028257741011805670e+00
6.166750000000000000e+03,-3.000000000000000000e+00,1.028365824708715737e+00
6.166750000000000000e+03,-2.000000000000000000e+00,1.028443609934033276e+00
6.166750000000000000e+03,-1.000000000000000000e+00,1.028490515974257891e+00
6.166750000000000000e+03,0.000000000000000000e+00,1.028506190659992159e+00
6.166750000000000000e+03,1.000000000000000000e+00,1.028490515974257669e+00
6.166750000000000000e+03,2.000000000000000000e+00,1.028443609934033276e+00
6.166750000000000000e+03,3.000000000000000000e+00,1.028365824708715959e+00
6.166750000000000000e+03,4.000000000000000000e+00,1.028257741011806115e+00
6.166750000000000000e+03,5.000000000000000000e+00,1.028120158874692436e+00
6.166750000000000000e+03,6.000000000000000000e+00,1.027954084983862870e+00
6.166750000000000000e+03,7.000000000000000000e+00,1.027760716834885235e+00
6.166750000000000000e+03,8.000000000000000000e+00,1.027541424027518469e+00
6.166750000000000000e+03,9.000000000000000000e+00,1.027297727095252800e+00
6.166750000000000000e+03,1.000000000000000000e+01,1.027031274327601551e+00
6.166750000000000000e+03,1.100000000000000000e+01,1.026743817101902323e+00
6.166750000000000000e+03,1.200000000000000000e+01,1.026437184289819449e+00
6.166750000000000000e+03,1.300000000000000000e+01,1.026113256337501944e+00
6.166750000000000000e+03,1.400000000000000000e+01,1.025773939633231269e+00
6.166750000000000000e+03,1.500000000000000000e+01,1.025421141767826061e+00
6.166750000000000000e+03,1.600000000000000000e+01,1.025056748258263539e+00
6.166750000000000000e+03,1.700000000000000000e+01,1.024682601243414481e+00
6.166750000000000000e+03,1.800000000000000000e+01,1.024300480574012795e+00
6.166750000000000000e+03,1.900000000000000000e+01,1.023912087612549371e+00
6.166750000000000000e+03,2.000000000000000000e+01,1.023519031940254287e+00
6.166750000000000000e+03,2.100000000000000000e+01,1.023122821044978537e+00
6.166750000000000000e+03,2.200000000000000000e+01,1.022724852947949792e+00
6.166750000000000000e+03,2.300000000000000000e+01,1.022326411622921150e+00
6.166750000000000000e+03,2.400000000000000000e+01,1.021928664977856727e+00
6.166750000000000000e+03,2.500000000000000000e+01,1.021532665107541149e+00
6.166750000000000000e+03,2.600000000000000000e+01,1.021139350488152076e+00
6.166750000000000000e+03,2.700000000000000000e+01,1.020749549768884989e+00
6.166750000000000000e+03,2.800000000000000000e+01,1.020363986819303292e+00
6.166750000000000000e+03,2.900000000000000000e+01,1.019983286709226888e+00
6.166750000000000000e+03,3.000000000000000000e+01,1.019607982327398688e+00
6.333250000000000000e+03,-3.000000000000000000e+01,1.019607982327398688e+00
6.333250000000000000e+03,-2.900000000000000000e+01,1.019983286709221559e+00
6.333250000000000000e+03,-2.800000000000000000e+01,1.020363986819296187e+00
6.333250000000000000e+03,-2.700000000000000000e+01,1.020749549768879660e+00
6.333250000000000000e+03,-2.600000000000000000e+01,1.021139350488150299e+00
6.333250000000000000e+03,-2.500000000000000000e+01,1.021532665107548254e+00
6.333250000000000000e+03,-2.400000000000000000e+01,1.021928664977872714e+00
6.333250000000000000e+03,-2.300000000000000000e+01,1.022326411622909603e+00
6.333250000000000000e+03,-2.200000000000000000e+01,1.022724852947953345e+00
6.333250000000000000e+03,-2.100000000000000000e+01,1.023122821044976760e+00
6.333250000000000000e+03,-2.000000000000000000e+01,1.023519031940249846e+00
6.333250000000000000e+03,-1.900000000000000000e+01,1.023912087612558253e+00
6.333250000000000000e+03,-1.800000000000000000e+01,1.024300480574002137e+00
6.333250000000000000e+03,-1.700000000000000000e+01,1.024682601243423363e+00
6.333250000000000000e+03,-1.600000000000000000e+01,1.025056748258263983e+00
6.333250000000000000e+03,-1.500000000000000000e+01,1.025421141767817623e+00
6.333250000000000000e+03,-1.400000000000000000e+01,1.025773939633233045e+00
6.333250000000000000e+03,-1.300000000000000000e+01,1.026113256337499724e+00
6.333250000000000000e+03,-1.200000000000000000e+01,1.026437184289819449e+00
6.333250000000000000e+03,-1.100000000000000000e+01,1.026743817101904543e+00
6.333250000000000000e+03,-1.000000000000000000e+01,1.027031274327599997e+00
6.333250000000000000e+03,-9.000000000000000000e+00,1.027297727095253688e+00
6.333250000000000000e+03,-8.000000000000000000e+00,1.027541424027518246e+00
6.333250000000000000e+03,-7.000000000000000000e+00,1.027760716834884125e+00
6.333250000000000000e+03,-6.000000000000000000e+00,1.027954084983863980e+00
6.333250000000000000e+03,-5.000000000000000000e+00,1.028120158874693324e+00
6.333250000000000000e+03,-4.000000000000000000e+00,1.028257741011805670e+00
6.333250000000000000e+03,-3.000000000000000000e+00,1.028365824708715737e+00
6.333250000000000000e+03,-2.000000000000000000e+00,1.028443609934033276e+00
6.333250000000000000e+03,-1.000000000000000000e+00,1.028490515974257891e+00
6.333250000000000000e+03,0.000000000000000000e+00,1.028506190659992159e+00
6.333250000000000000e+03,1.000000000000000000e+00,1.028490515974257669e+00
6.333250000000000000e+03,2.000000000000000000e+00,1.028443609934033276e+00
6.333250000000000000e+03,3.000000000000000000e+00,1.028365824708715959e+00
6.333250000000000000e+03,4.000000000000000000e+00,1.028257741011806115e+00
6.333250000000000000e+03,5.000000000000000000e+00,1.028120158874692436e+00
6.333250000000000000e+03,6.000000000000000000e+00,1.027954084983862870e+00
6.333250000000000000e+03,7.000000000000000000e+00,1.027760716834885235e+00
6.333250000000000000e+03,8.000000000000000000e+00,1.027541424027518469e+00
6.333250000000000000e+03,9.000000000000000000e+00,1.027297727095252800e+00
6.333250000000000000e+03,1.000000000000000000e+01,1.027031274327601551e+00
6.333250000000000000e+03,1.100000000000000000e+01,1.026743817101902323e+00
6.333250000000000000e+03,1.200000000000000000e+01,1.026437184289819449e+00
6.333250000000000000e+03,1.300000000000000000e+01,1.026113256337501944e+00
6.333250000000000000e+03,1.400000000000000000e+01,1.025773939633231269e+00
6.333250000000000000e+03,1.500000000000000000e+01,1.025421141767826061e+00
6.333250000000000000e+03,1.600000000000000000e+01,1.025056748258263539e+00
6.333250000000000000e+03,1.700000000000000000e+01,1.024682601243414481e+00
6.333250000000000000e+03,1.800000000000000000e+01,1.024300480574012795e+00
6.333250000000000000e+03,1.900000000000000000e+01,1.023912087612549371e+00
6.333250000000000000e+03,2.000000000000000000e+01,1.023519031940254287e+00
6.333250000000000000e+03,2.100000000000000000e+01,1.023122821044978537e+00
6.333250000000000000e+03,2.200000000000000000e+01,1.022724852947949792e+00
6.333250000000000000e+03,2.300000000000000000e+01,1.022326411622921150e+00
6.333250000000000000e+03,2.400000000000000000e+01,1.021928664977856727e+00
6.333250000000000000e+03,2.500000000000000000e+01,1.021532665107541149e+00
6.333250000000000000e+03,2.600000000000000000e+01,1.021139350488152076e+00
6.333250000000000000e+03,2.700000000000000000e+01,1.020749549768884989e+00
6.333250000000000000e+03,2.800000000000000000e+01,1.020363986819303292e+00
6.333250000000000000e+03,2.900000000000000000e+01,1.019983286709226888e+00
6.333250000000000000e+03,3.000000000000000000e+01,1.019607982327398688e+00
6.500000000000000000e+03,-3.000000000000000000e+01,1.019607982327398688e+00
6.500000000000000000e+03,-2.900000000000000000e+01,1.019983286709221559e+00
6.500000000000000000e+03,-2.800000000000000000e+01,1.020363986819296187e+00
6.500000000000000000e+03,-2.700000000000000000e+01,1.020749549768879660e+00
6.500000000000000000e+03,-2.600000000000000000e+01,1.021139350488150299e+00
6.500000000000000000e+03,-2.500000000000000000e+01,1.021532665107548254e+00
6.500000000000000000e+03,-2.400000000000000000e+01,1.021928664977872714e+00
6.500000000000000000e+03,-2.300000000000000000e+01,1.022326411622909603e+00
6.500000000000000000e+03,-2.200000000000000000e+01,1.022724852947953345e+00
6.500000000000000000e+03,-2.100000000000000000e+01,1.023122821044976760e+00
6.500000000000000000e+03,-2.000000000000000000e+01,1.023519031940249846e+00
6.500000000000000000e+03,-1.900000000000000000e+01,1.023912087612558253e+00
6.500000000000000000e+03,-1.800000000000000000e+01,1.024300480574002137e+00
6.500000000000000000e+03,-1.700000000000000000e+01,1.024682601243423363e+00
6.500000000000000000e+03,-1.600000000000000000e+01,1.025056748258263983e+00
6.500000000000000000e+03,-1.500000000000000000e+01,1.025421141767817623e+00
6.500000000000000000e+03,-1.400000000000000000e+01,1.025773939633233045e+00
6.500000000000000000e+03,-1.300000000000000000e+01,1.026113256337499724e+00
6.500000000000000000e+03,-1.200000000000000000e+01,1.026437184289819449e+00
6.500000000000000000e+03,-1.100000000000000000e+01,1.026743817101904543e+00
6.500000000000000000e+03,-1.000000000000000000e+01,1.027031274327599997e+00
6.500000000000000000e+03,-9.000000000000000000e+00,1.027297727095253688e+00
6.500000000000000000e+03,-8.000000000000000000e+00,1.027541424027518246e+00
6.500000000000000000e+03,-7.000000000000000000e+00,1.027760716834884125e+00
6.500000000000000000e+03,-6.000000000000000000e+00,1.027954084983863980e+00
6.500000000000000000e+03,-5.000000000000000000e+00,1.028120158874693324e+00
6.500000000000000000e+03,-4.000000000000000000e+00,1.028257741011805670e+00
6.500000000000000000e+03,-3.000000000000000000e+00,1.028365824708715737e+00
6.500000000000000000e+03,-2.000000000000000000e+00,1.028443609934033276e+00
6.500000000000000000e+03,-1.000000000000000000e+00,1.028490515974257891e+00
6.500000000000000000e+03,0.000000000000000000e+00,1.028506190659992159e+00
6.500000000000000000e+03,1.000000000000000000e+00,1.028490515974257669e+00
6.500000000000000000e+03,2.000000000000000000e+00,1.028443609934033276e+00
6.500000000000000000e+03,3.000000000000000000e+00,1.028365824708715959e+00
6.500000000000000000e+03,4.000000000000000000e+00,1.028257741011806115e+00
6.500000000000000000e+03,5.000000000000000000e+00,1.028120158874692436e+00
6.500000000000000000e+03,6.000000000000000000e+00,1.027954084983862870e+00
6.500000000000000000e+03,7.000000000000000000e+00,1.027760716834885235e+00
6.500000000000000000e+03,8.000000000000000000e+00,1.027541424027518469e+00
6.500000000000000000e+03,9.000000000000000000e+00,1.027297727095252800e+00
6.500000000000000000e+03,1.000000000000000000e+01,1.027031274327601551e+00
6.500000000000000000e+03,1.100000000000000000e+01,1.026743817101902323e+00
6.500000000000000000e+03,1.200000000000000000e+01,1.026437184289819449e+00
6.500000000000000000e+03,1.300000000000000000e+01,1.026113256337501944e+00
6.500000000000000000e+03,1.400000000000000000e+01,1.025773939633231269e+00
6.500000000000000000e+03,1.500000000000000000e+01,1.025421141767826061e+00
6.500000000000000000e+03,1.600000000000000000e+01,1.025056748258263539e+00
6.500000000000000000e+03,1.700000000000000000e+01,1.024682601243414481e+00
6.500000000000000000e+03,1.800000000000000000e+01,1.024300480574012795e+00
6.500000000000000000e+03,1.900000000000000000e+01,1.023912087612549371e+00
6.500000000000000000e+03,2.000000000000000000e+01,1.023519031940254287e+00
6.500000000000000000e+03,2.100000000000000000e+01,1.023122821044978537e+00
6.500000000000000000e+03,2.200000000000000000e+01,1.022724852947949792e+00
6.500000000000000000e+03,2.300000000000000000e+01,1.022326411622921150e+00
6.500000000000000000e+03,2.400000000000000000e+01,1.021928664977856727e+00
6.500000000000000000e+03,2.500000000000000000e+01,1.021532665107541149e+00
6.500000000000000000e+03,2.600000000000000000e+01,1.021139350488152076e+00
6.500000000000000000e+03,2.700000000000000000e+01,1.020749549768884989e+00
6.500000000000000000e+03,2.800000000000000000e+01,1.020363986819303292e+00
6.500000000000000000e+03,2.900000000000000000e+01,1.019983286709226888e+00
6.500000000000000000e+03,3.000000000000000000e+01,1.019607982327398688e+00
6.666750000000000000e+03,-3.000000000000000000e+01,1.019607982327398688e+00
6.666750000000000000e+03,-2.900000000000000000e+01,1.019983286709221559e+00
6.666750000000000000e+03,-2.800000000000000000e+01,1.020363986819296187e+00
6.666750000000000000e+03,-2.700000000000000000e+01,1.020749549768879660e+00
6.666750000000000000e+03,-2.600000000000000000e+01,1.021139350488150299e+00
6.666750000000000000e+03,-2.500000000000000000e+01,1.021532665107548254e+00
6.666750000000000000e+03,-2.400000000000000000e+01,1.021928664977872714e+00
6.666750000000000000e+03,-2.300000000000000000e+01,1.022326411622909603e+00
6.666750000000000000e+03,-2.200000000000000000e+01,1.022724852947953345e+00
6.666750000000000000e+03,-2.100000000000000000e+01,1.023122821044976760e+00
6.666750000000000000e+03,-2.000000000000000000e+01,1.023519031940249846e+00
6.666750000000000000e+03,-1.900000000000000000e+01,1.023912087612558253e+00
6.666750000000000000e+03,-1.800000000000000000e+01,1.024300480574002137e+00
6.666750000000000000e+03,-1.700000000000000000e+01,1.024682601243423363e+00
6.666750000000000000e+03,-1.600000000000000000e+01,1.025056748258263983e+00
6.666750000000000000e+03,-1.500000000000000000e+01,1.025421141767817623e+00
6.666750000000000000e+03,-1.400000000000000000e+01,1.025773939633233045e+00
6.666750000000000000e+03,-1.300000000000000000e+01,1.026113256337499724e+00
6.666750000000000000e+03,-1.200000000000000000e+01,1.026437184289819449e+00
6.666750000000000000e+03,-1.100000000000000000e+01,1.026743817101904543e+00
6.666750000000000000e+03,-1.000000000000000000e+01,1.027031274327599997e+00
6.666750000000000000e+03,-9.000000000000000000e+00,1.027297727095253688e+00
6.666750000000000000e+03,-8.000000000000000000e+00,1.027541424027518246e+00
6.666750000000000000e+03,-7.000000000000000000e+00,1.027760716834884125e+00
6.666750000000000000e+03,-6.000000000000000000e+00,1.027954084983863980e+00
6.666750000000000000e+03,-5.000000000000000000e+00,1.028120158874693324e+00
6.666750000000000000e+03,-4.000000000000000000e+00,1.028257741011805670e+00
6.666750000000000000e+03,-3.000000000000000000e+00,1.028365824708715737e+00
6.666750000000000000e+03,-2.000000000000000000e+00,1.028443609934033276e+00
6.666750000000000000e+03,-1.000000000000000000e+00,1.028490515974257891e+00
6.666750000000000000e+03,0.000000000000000000e+00,1.028506190659992159e+00
6.666750000000000000e+03,1.000000000000000000e+00,1.028490515974257669e+00
6.666750000000000000e+03,2.000000000000000000e+00,1.028443609934033276e+00
6.666750000000000000e+03,3.000000000000000000e+00,1.028365824708715959e+00
6.666750000000000000e+03,4.000000000000000000e+00,1.028257741011806115e+00
6.666750000000000000e+03,5.000000000000000000e+00,1.028120158874692436e+00
6.666750000000000000e+03,6.000000000000000000e+00,1.027954084983862870e+00
6.666750000000000000e+03,7.000000000000000000e+00,1.027760716834885235e+00
6.666750000000000000e+03,8.000000000000000000e+00,1.027541424027518469e+00
6.666750000000000000e+03,9.000000000000000000e+00,1.027297727095252800e+00
6.666750000000000000e+03,1.000000000000000000e+01,1.027031274327601551e+00
6.666750000000000000e+03,1.100000000000000000e+01,1.026743817101902323e+00
6.666750000000000000e+03,1.200000000000000000e+01,1.026437184289819449e+00
6.666750000000000000e+03,1.300000000000000000e+01,1.026113256337501944e+00
6.666750000000000000e+03,1.400000000000000000e+01,1.025773939633231269e+00
6.666750000000000000e+03,1.500000000000000000e+01,1.025421141767826061e+00
6.666750000000000000e+03,1.600000000000000000e+01,1.025056748258263539e+00
6.666750000000000000e+03,1.700000000000000000e+01,1.024682601243414481e+00
6.666750000000000000e+03,1.800000000000000000e+01,1.024300480574012795e+00
6.666750000000000000e+03,1.900000000000000000e+01,1.023912087612549371e+00
6.666750000000000000e+03,2.000000000000000000e+01,1.023519031940254287e+00
6.666750000000000000e+03,2.100000000000000000e+01,1.023122821044978537e+00
6.666750000000000000e+03,2.200000000000000000e+01,1.022724852947949792e+00
6.666750000000000000e+03,2.300000000000000000e+01,1.022326411622921150e+00
6.666750000000000000e+03,2.400000000000000000e+01,1.021928664977856727e+00
6.666750000000000000e+03,2.500000000000000000e+01,1.021532665107541149e+00
6.666750000000000000e+03,2.600000000000000000e+01,1.021139350488152076e+00
6.666750000000000000e+03,2.700000000000000000e+01,1.020749549768884989e+00
6.666750000000000000e+03,2.800000000000000000e+01,1.020363986819303292e+00
6.666750000000000000e+03,2.900000000000000000e+01,1.019983286709226888e+00
6.666750000000000000e+03,3.000000000000000000e+01,1.019607982327398688e+00
6.833250000000000000e+03,-3.000000000000000000e+01,1.019607982327398688e+00
6.833250000000000000e+03,-2.900000000000000000e+01,1.019983286709221559e+00
6.833250000000000000e+03,-2.800000000000000000e+01,1.020363986819296187e+00
6.833250000000000000e+03,-2.700000000000000000e+01,1.020749549768879660e+00
6.833250000000000000e+03,-2.600000000000000000e+01,1.021139350488150299e+00
6.833250000000000000e+03,-2.500000000000000000e+01,1.021532665107548254e+00
6.833250000000000000e+03,-2.400000000000000000e+01,1.021928664977872714e+00
6.833250000000000000e+03,-2.300000000000000000e+01,1.022326411622909603e+00
6.833250000000000000e+03,-2.200000000000000000e+01,1.022724852947953345e+00
6.833250000000000000e+03,-2.100000000000000000e+01,1.023122821044976760e+00
6.833250000000000000e+03,-2.000000000000000000e+01,1.023519031940249846e+00
6.833250000000000000e+03,-1.900000000000000000e+01,1.023912087612558253e+00
6.833250000000000000e+03,-1.800000000000000000e+01,1.024300480574002137e+00
6.833250000000000000e+03,-1.700000000000000000e+01,1.024682601243423363e+00
6.833250000000000000e+03,-1.600000000000000000e+01,1.025056748258263983e+00
6.833250000000000000e+03,-1.500000000000000000e+01,1.025421141767817623e+00
6.833250000000000000e+03,-1.400000000000000000e+01,1.025773939633233045e+00
6.833250000000000000e+03,-1.300000000000000000e+01,1.026113256337499724e+00
6.833250000000000000e+03,-1.200000000000000000e+01,1.026437184289819449e+00
6.833250000000000000e+03,-1.100000000000000000e+01,1.026743817101904543e+00
6.833250000000000000e+03,-1.000000000000000000e+01,1.027031274327599997e+00
6.833250000000000000e+03,-9.000000000000000000e+00,1.027297727095253688e+00
6.833250000000000000e+03,-8.000000000000000000e+00,1.027541424027518246e+00
6.833250000000000000e+03,-7.000000000000000000e+00,1.027760716834884125e+00
6.833250000000000000e+03,-6.000000000000000000e+00,1.027954084983863980e+00
6.833250000000000000e+03,-5.000000000000000000e+00,1.028120158874693324e+00
6.833250000000000000e+03,-4.000000000000000000e+00,1.028257741011805670e+00
6.833250000000000000e+03,-3.000000000000000000e+00,1.028365824708715737e+00
6.833250000000000000e+03,-2.000000000000000000e+00,1.028443609934033276e+00
6.833250000000000000e+03,-1.000000000000000000e+00,1.028490515974257891e+00
6.833250000000000000e+03,0.000000000000000000e+00,1.028506190659992159e+00
6.833250000000000000e+03,1.000000000000000000e+00,1.028490515974257669e+00
6.833250000000000000e+03,2.000000000000000000e+00,1.028443609934033276e+00
6.833250000000000000e+03,3.000000000000000000e+00,1.028365824708715959e+00
6.833250000000000000e+03,4.000000000000000000e+00,1.028257741011806115e+00
6.833250000000000000e+03,5.000000000000000000e+00,1.028120158874692436e+00
6.833250000000000000e+03,6.000000000000000000e+00,1.027954084983862870e+00
6.833250000000000000e+03,7.000000000000000000e+00,1.027760716834885235e+00
6.833250000000000000e+03,8.000000000000000000e+00,1.027541424027518469e+00
6.833250000000000000e+03,9.000000000000000000e+00,1.027297727095252800e+00
6.833250000000000000e+03,1.000000000000000000e+01,1.027031274327601551e+00
6.833250000000000000e+03,1.100000000000000000e+01,1.026743817101902323e+00
6.833250000000000000e+03,1.200000000000000000e+01,1.026437184289819449e+00
6.833250000000000000e+03,1.300000000000000000e+01,1.026113256337501944e+00
6.833250000000000000e+03,1.400000000000000000e+01,1.025773939633231269e+00
6.833250000000000000e+03,1.500000000000000000e+01,1.025421141767826061e+00
6.833250000000000000e+03,1.600000000000000000e+01,1.025056748258263539e+00
6.833250000000000000e+03,1.700000000000000000e+01,1.024682601243414481e+00
6.833250000000000000e+03,1.800000000000000000e+01,1.024300480574012795e+00
6.833250000000000000e+03,1.900000000000000000e+01,1.023912087612549371e+00
6.833250000000000000e+03,2.000000000000000000e+01,1.023519031940254287e+00
6.833250000000000000e+03,2.100000000000000000e+01,1.023122821044978537e+00
6.833250000000000000e+03,2.200000000000000000e+01,1.022724852947949792e+00
6.833250000000000000e+03,2.300000000000000000e+01,1.022326411622921150e+00
6.833250000000000000e+03,2.400000000000000000e+01,1.021928664977856727e+00
6.833250000000000000e+03,2.500000000000000000e+01,1.021532665107541149e+00
6.833250000000000000e+03,2.600000000000000000e+01,1.021139350488152076e+00
6.833250000000000000e+03,2.700000000000000000e+01,1.020749549768884989e+00
6.833250000000000000e+03,2.800000000000000000e+01,1.020363986819303292e+00
6.833250000000000000e+03,2.900000000000000000e+01,1.019983286709226888e+00
6.833250000000000000e+03,3.000000000000000000e+01,1.019607982327398688e+00
7.000000000000000000e+03,-3.000000000000000000e+01,1.019607982327398688e+00
7.000000000000000000e+03,-2.900000000000000000e+01,1.019983286709221559e+00
7.000000000000000000e+03,-2.800000000000000000e+01,1.020363986819296187e+00
7.000000000000000000e+03,-2.700000000000000000e+01,1.020749549768879660e+00
7.000000000000000000e+03,-2.600000000000000000e+01,1.021139350488150299e+00
7.000000000000000000e+03,-2.500000000000000000e+01,1.021532665107548254e+00
7.000000000000000000e+03,-2.400000000000000000e+01,1.021928664977872714e+00
7.000000000000000000e+03,-2.300000000000000000e+01,1.022326411622909603e+00
7.000000000000000000e+03,-2.200000000000000000e+01,1.022724852947953345e+00
7.000000000000000000e+03,-2.100000000000000000e+01,1.023122821044976760e+00
7.000000000000000000e+03,-2.000000000000000000e+01,1.023519031940249846e+00
7.000000000000000000e+03,-1.900000000000000000e+01,1.023912087612558253e+00
7.000000000000000000e+03,-1.800000000000000000e+01,1.024300480574002137e+00
7.000000000000000000e+03,-1.700000000000000000e+01,1.024682601243423363e+00
7.000000000000000000e+03,-1.600000000000000000e+01,1.025056748258263983e+00
7.000000000000000000e+03,-1.500000000000000000e+01,1.025421141767817623e+00
7.000000000000000000e+03,-1.400000000000000000e+01,1.025773939633233045e+00
7.000000000000000000e+03,-1.300000000000000000e+01,1.026113256337499724e+00
7.000000000000000000e+03,-1.200000000000000000e+01,1.026437184289819449e+00
7.000000000000000000e+03,-1.100000000000000000e+01,1.026743817101904543e+00
7.000000000000000000e+03,-1.000000000000000000e+01,1.027031274327599997e+00
7.000000000000000000e+03,-9.000000000000000000e+00,1.027297727095253688e+00
7.000000000000000000e+03,-8.000000000000000000e+00,1.027541424027518246e+00
7.000000000000000000e+03,-7.000000000000000000e+00,1.027760716834884125e+00
7.000000000000000000e+03,-6.000000000000000000e+00,1.027954084983863980e+00
7.000000000000000000e+03,-5.000000000000000000e+00,1.028120158874693324e+00
7.000000000000000000e+03,-4.000000000000000000e+00,1.028257741011805670e+00
7.000000000000000000e+03,-3.000000000000000000e+00,1.028365824708715737e+00
7.000000000000000000e+03,-2.000000000000000000e+00,1.028443609934033276e+00
7.000000000000000000e+03,-1.000000000000000000e+00,1.028490515974257891e+00
7.000000000000000000e+03,0.000000000000000000e+00,1.028506190659992159e+00
7.000000000000000000e+03,1.000000000000000000e+00,1.028490515974257669e+00
7.000000000000000000e+03,2.000000000000000000e+00,1.028443609934033276e+00
7.000000000000000000e+03,3.000000000000000000e+00,1.028365824708715959e+00
7.000000000000000000e+03,4.000000000000000000e+00,1.028257741011806115e+00
7.000000000000000000e+03,5.000000000000000000e+00,1.028120158874692436e+00
7.000000000000000000e+03,6.000000000000000000e+00,1.027954084983862870e+00
7.000000000000000000e+03,7.000000000000000000e+00,1.027760716834885235e+00
7.000000000000000000e+03,8.000000000000000000e+00,1.027541424027518469e+00
7.000000000000000000e+03,9.000000000000000000e+00,1.027297727095252800e+00
7.000000000000000000e+03,1.000000000000000000e+01,1.027031274327601551e+00
7.000000000000000000e+03,1.100000000000000000e+01,1.026743817101902323e+00
7.000000000000000000e+03,1.200000000000000000e+01,1.026437184289819449e+00
7.000000000000000000e+03,1.300000000000000000e+01,1.026113256337501944e+00
7.000000000000000000e+03,1.400000000000000000e+01,1.025773939633231269e+00
7.000000000000000000e+03,1.500000000000000000e+01,1.025421141767826061e+00
7.000000000000000000e+03,1.600000000000000000e+01,1.025056748258263539e+00
7.000000000000000000e+03,1.700000000000000000e+01,1.024682601243414481e+00
7.000000000000000000e+03,1.800000000000000000e+01,1.024300480574012795e+00
7.000000000000000000e+03,1.900000000000000000e+01,1.023912087612549371e+00
7.000000000000000000e+03,2.000000000000000000e+01,1.023519031940254287e+00
7.000000000000000000e+03,2.100000000000000000e+01,1.023122821044978537e+00
7.000000000000000000e+03,2.200000000000000000e+01,1.022724852947949792e+00
7.000000000000000000e+03,2.300000000000000000e+01,1.022326411622921150e+00
7.000000000000000000e+03,2.400000000000000000e+01,1.021928664977856727e+00
7.000000000000000000e+03,2.500000000000000000e+01,1.021532665107541149e+00
7.000000000000000000e+03,2.600000000000000000e+01,1.021139350488152076e+00
7.000000000000000000e+03,2.700000000000000000e+01,1.020749549768884989e+00
7.000000000000000000e+03,2.800000000000000000e+01,1.020363986819303292e+00
7.000000000000000000e+03,2.900000000000000000e+01,1.019983286709226888e+00
7.000000000000000000e+03,3.000000000000000000e+01,1.019607982327398688e+00
7.166750000000000000e+03,-3.000000000000000000e+01,1.019607982327398688e+00
7.166750000000000000e+03,-2.900000000000000000e+01,1.019983286709221559e+00
7.166750000000000000e+03,-2.800000000000000000e+01,1.020363986819296187e+00
7.166750000000000000e+03,-2.700000000000000000e+01,1.020749549768879660e+00
7.166750000000000000e+03,-2.600000000000000000e+01,1.021139350488150299e+00
7.166750000000000000e+03,-2.500000000000000000e+01,1.021532665107548254e+00
7.166750000000000000e+03,-2.400000000000000000e+01,1.021928664977872714e+00
7.166750000000000000e+03,-2.300000000000000000e+01,1.022326411622909603e+00
7.166750000000000000e+03,-2.200000000000000000e+01,1.022724852947953345e+00
7.166750000000000000e+03,-2.100000000000000000e+01,1.023122821044976760e+00
7.166750000000000000e+03,-2.000000000000000000e+01,1.023519031940249846e+00
7.166750000000000000e+03,-1.900000000000000000e+01,1.023912087612558253e+00
7.166750000000000000e+03,-1.800000000000000000e+01,1.024300480574002137e+00
7.166750000000000000e+03,-1.700000000000000000e+01,1.024682601243423363e+00
7.166750000000000000e+03,-1.600000000000000000e+01,1.025056748258263983e+00
7.166750000000000000e+03,-1.500000000000000000e+01,1.025421141767817623e+00
7.166750000000000000e+03,-1.400000000000000000e+01,1.025773939633233045e+00
7.166750000000000000e+03,-1.300000000000000000e+01,1.026113256337499724e+00
7.166750000000000000e+03,-1.200000000000000000e+01,1.026437184289819449e+00
7.166750000000000000e+03,-1.100000000000000000e+01,1.026743817101904543e+00
7.166750000000000000e+03,-1.000000000000000000e+01,1.027031274327599997e+00
7.166750000000000000e+03,-9.000000000000000000e+00,1.027297727095253688e+00
7.166750000000000000e+03,-8.000000000000000000e+00,1.027541424027518246e+00
7.166750000000000000e+03,-7.000000000000000000e+00,1.027760716834884125e+00
7.166750000000000000e+03,-6.000000000000000000e+00,1.027954084983863980e+00
7.166750000000000000e+03,-5.000000000000000000e+00,1.028120158874693324e+00
7.166750000000000000e+03,-4.000000000000000000e+00,1.028257741011805670e+00
7.166750000000000000e+03,-3.000000000000000000e+00,1.028365824708715737e+00
7.166750000000000000e+03,-2.000000000000000000e+00,1.028443609934033276e+00
7.166750000000000000e+03,-1.000000000000000000e+00,1.028490515974257891e+00
7.166750000000000000e+03,0.000000000000000000e+00,1.028506190659992159e+00
7.166750000000000000e+03,1.000000000000000000e+00,1.028490515974257669e+00
7.166750000000000000e+03,2.000000000000000000e+00,1.028443609934033276e+00
7.166750000000000000e+03,3.000000000000000000e+00,1.028365824708715959e+00
7.166750000000000000e+03,4.000000000000000000e+00,1.028257741011806115e+00
7.166750000000000000e+03,5.000000000000000000e+00,1.028120158874692436e+00
7.166750000000000000e+03,6.000000000000000000e+00,1.027954084983862870e+00
7.166750000000000000e+03,7.000000000000000000e+00,1.027760716834885235e+00
7.166750000000000000e+03,8.000000000000000000e+00,1.027541424027518469e+00
7.166750000000000000e+03,9.000000000000000000e+00,1.027297727095252800e+00
7.166750000000000000e+03,1.000000000000000000e+01,1.027031274327601551e+00
7.166750000000000000e+03,1.100000000000000000e+01,1.026743817101902323e+00
7.166750000000000000e+03,1.200000000000000000e+01,1.026437184289819449e+00
7.166750000000000000e+03,1.300000000000000000e+01,1.026113256337501944e+00
7.166750000000000000e+03,1.400000000000000000e+01,1.025773939633231269e+00
7.166750000000000000e+03,1.500000000000000000e+01,1.025421141767826061e+00
7.166750000000000000e+03,1.600000000000000000e+01,1.025056748258263539e+00
7.166750000000000000e+03,1.700000000000000000e+01,1.024682601243414481e+00
7.166750000000000000e+03,1.800000000000000000e+01,1.024300480574012795e+00
7.166750000000000000e+03,1.900000000000000000e+01,1.023912087612549371e+00
7.166750000000000000e+03,2.000000000000000000e+01,1.023519031940254287e+00
7.166750000000000000e+03,2.100000000000000000e+01,1.023122821044978537e+00
7.166750000000000000e+03,2.200000000000000000e+01,1.022724852947949792e+00
7.166750000000000000e+03,2.300000000000000000e+01,1.022326411622921150e+00
7.166750000000000000e+03,2.400000000000000000e+01,1.021928664977856727e+00
7.166750000000000000e+03,2.500000000000000000e+01,1.021532665107541149e+00
7.166750000000000000e+03,2.600000000000000000e+01,1.021139350488152076e+00
7.166750000000000000e+03,2.700000000000000000e+01,1.020749549768884989e+00
7.166750000000000000e+03,2.800000000000000000e+01,1.020363986819303292e+00
7.166750000000000000e+03,2.900000000000000000e+01,1.019983286709226888e+00
7.166750000000000000e+03,3.000000000000000000e+01,1.019607982327398688e+00
7.333250000000000000e+03,-3.000000000000000000e+01,1.019607982327398688e+00
7.333250000000000000e+03,-2.900000000000000000e+01,1.019983286709221559e+00
7.333250000000000000e+03,-2.800000000000000000e+01,1.020363986819296187e+00
7.333250000000000000e+03,-2.700000000000000000e+01,1.020749549768879660e+00
7.333250000000000000e+03,-2.600000000000000000e+01,1.021139350488150299e+00
7.333250000000000000e+03,-2.500000000000000000e+01,1.021532665107548254e+00
7.333250000000000000e+03,-2.400000000000000000e+01,1.021928664977872714e+00
7.333250000000000000e+03,-2.300000000000000000e+01,1.022326411622909603e+00
7.333250000000000000e+03,-2.200000000000000000e+01,1.022724852947953345e+00
7.333250000000000000e+03,-2.100000000000000000e+01,1.023122821044976760e+00
7.333250000000000000e+03,-2.000000000000000000e+01,1.023519031940249846e+00
7.333250000000000000e+03,-1.900000000000000000e+01,1.023912087612558253e+00
7.333250000000000000e+03,-1.800000000000000000e+01,1.024300480574002137e+00
7.333250000000000000e+03,-1.700000000000000000e+01,1.024682601243423363e+00
7.333250000000000000e+03,-1.600000000000000000e+01,1.025056748258263983e+00
7.333250000000000000e+03,-1.500000000000000000e+01,1.025421141767817623e+00
7.333250000000000000e+03,-1.400000000000000000e+01,1.025773939633233045e+00
7.333250000000000000e+03,-1.300000000000000000e+01,1.026113256337499724e+00
7.333250000000000000e+03,-1.200000000000000000e+01,1.026437184289819449e+00
7.333250000000000000e+03,-1.100000000000000000e+01,1.026743817101904543e+00
7.333250000000000000e+03,-1.000000000000000000e+01,1.027031274327599997e+00
7.333250000000000000e+03,-9.000000000000000000e+00,1.027297727095253688e+00
7.333250000000000000e+03,-8.000000000000000000e+00,1.027541424027518246e+00
7.333250000000000000e+03,-7.000000000000000000e+00,1.027760716834884125e+00
7.333250000000000000e+03,-6.000000000000000000e+00,1.027954084983863980e+00
7.333250000000000000e+03,-5.000000000000000000e+00,1.028120158874693324e+00
7.333250000000000000e+03,-4.000000000000000000e+00,1.028257741011805670e+00
7.333250000000000000e+03,-3.000000000000000000e+00,1.028365824708715737e+00
7.333250000000000000e+03,-2.000000000000000000e+00,1.028443609934033276e+00
7.333250000000000000e+03,-1.000000000000000000e+00,1.028490515974257891e+00
7.333250000000000000e+03,0.000000000000000000e+00,1.028506190659992159e+00
7.333250000000000000e+03,1.000000000000000000e+00,1.028490515974257669e+00
7.333250000000000000e+03,2.000000000000000000e+00,1.028443609934033276e+00
7.333250000000000000e+03,3.000000000000000000e+00,1.028365824708715959e+00
7.333250000000000000e+03,4.000000000000000000e+00,1.028257741011806115e+00
7.333250000000000000e+03,5.000000000000000000e+00,1.028120158874692436e+00
7.333250000000000000e+03,6.000000000000000000e+00,1.027954084983862870e+00
7.333250000000000000e+03,7.000000000000000000e+00,1.027760716834885235e+00
7.333250000000000000e+03,8.000000000000000000e+00,1.027541424027518469e+00
7.333250000000000000e+03,9.000000000000000000e+00,1.027297727095252800e+00
7.333250000000000000e+03,1.000000000000000000e+01,1.027031274327601551e+00
7.333250000000000000e+03,1.100000000000000000e+01,1.026743817101902323e+00
7.333250000000000000e+03,1.200000000000000000e+01,1.026437184289819449e+00
7.333250000000000000e+03,1.300000000000000000e+01,1.026113256337501944e+00
7.333250000000000000e+03,1.400000000000000000e+01,1.025773939633231269e+00
7.333250000000000000e+03,1.500000000000000000e+01,1.025421141767826061e+00
7.333250000000000000e+03,1.600000000000000000e+01,1.025056748258263539e+00
7.333250000000000000e+03,1.700000000000000000e+01,1.024682601243414481e+00
7.333250000000000000e+03,1.800000000000000000e+01,1.024300480574012795e+00
7.333250000000000000e+03,1.900000000000000000e+01,1.023912087612549371e+00
7.333250000000000000e+03,2.000000000000000000e+01,1.023519031940254287e+00
7.333250000000000000e+03,2.100000000000000000e+01,1.023122821044978537e+00
7.333250000000000000e+03,2.200000000000000000e+01,1.022724852947949792e+00
7.333250000000000000e+03,2.300000000000000000e+01,1.022326411622921150e+00
7.333250000000000000e+03,2.400000000000000000e+01,1.021928664977856727e+00
7.333250000000000000e+03,2.500000000000000000e+01,1.021532665107541149e+00
7.333250000000000000e+03,2.600000000000000000e+01,1.021139350488152076e+00
7.333250000000000000e+03,2.700000000000000000e+01,1.020749549768884989e+00
7.333250000000000000e+03,2.800000000000000000e+01,1.020363986819303292e+00
7.333250000000000000e+03,2.900000000000000000e+01,1.019983286709226888e+00
7.333250000000000000e+03,3.000000000000000000e+01,1.019607982327398688e+00
7.500000000000000000e+03,-3.000000000000000000e+01,1.019607982327398688e+00
7.500000000000000000e+03,-2.900000000000000000e+01,1.019983286709221559e+00
7.500000000000000000e+03,-2.800000000000000000e+01,1.020363986819296187e+00
7.500000000000000000e+03,-2.700000000000000000e+01,1.020749549768879660e+00
7.500000000000000000e+03,-2.600000000000000000e+01,1.021139350488150299e+00
7.500000000000000000e+03,-2.500000000000000000e+01,1.021532665107548254e+00
7.500000000000000000e+03,-2.400000000000000000e+01,1.021928664977872714e+00
7.500000000000000000e+03,-2.300000000000000000e+01,1.022326411622909603e+00
7.500000000000000000e+03,-2.200000000000000000e+01,1.022724852947953345e+00
7.500000000000000000e+03,-2.100000000000000000e+01,1.023122821044976760e+00
7.500000000000000000e+03,-2.000000000000000000e+01,1.023519031940249846e+00
7.500000000000000000e+03,-1.900000000000000000e+01,1.023912087612558253e+00
7.500000000000000000e+03,-1.800000000000000000e+01,1.024300480574002137e+00
7.500000000000000000e+03,-1.700000000000000000e+01,1.024682601243423363e+00
7.500000000000000000e+03,-1.600000000000000000e+01,1.025056748258263983e+00
7.500000000000000000e+03,-1.500000000000000000e+01,1.025421141767817623e+00
7.500000000000000000e+03,-1.400000000000000000e+01,1.025773939633233045e+00
7.500000000000000000e+03,-1.300000000000000000e+01,1.026113256337499724e+00
7.500000000000000000e+03,-1.200000000000000000e+01,1.026437184289819449e+00
7.500000000000000000e+03,-1.100000000000000000e+01,1.026743817101904543e+00
7.500000000000000000e+03,-1.000000000000000000e+01,1.027031274327599997e+00
7.500000000000000000e+03,-9.000000000000000000e+00,1.027297727095253688e+00
7.500000000000000000e+03,-8.000000000000000000e+00,1.027541424027518246e+00
7.500000000000000000e+03,-7.000000000000000000e+00,1.027760716834884125e+00
7.500000000000000000e+03,-6.000000000000000000e+00,1.027954084983863980e+00
7.500000000000000000e+03,-5.000000000000000000e+00,1.028120158874693324e+00
7.500000000000000000e+03,-4.000000000000000000e+00,1.028257741011805670e+00
7.500000000000000000e+03,-3.000000000000000000e+00,1.028365824708715737e+00
7.500000000000000000e+03,-2.000000000000000000e+00,1.028443609934033276e+00
7.500000000000000000e+03,-1.000000000000000000e+00,1.028490515974257891e+00
7.500000000000000000e+03,0.000000000000000000e+00,1.028506190659992159e+00
7.500000000000000000e+03,1.000000000000000000e+00,1.028490515974257669e+00
7.500000000000000000e+03,2.000000000000000000e+00,1.028443609934033276e+00
7.500000000000000000e+03,3.000000000000000000e+00,1.028365824708715959e+00
7.500000000000000000e+03,4.000000000000000000e+00,1.028257741011806115e+00
7.500000000000000000e+03,5.000000000000000000e+00,1.028120158874692436e+00
7.500000000000000000e+03,6.000000000000000000e+00,1.027954084983862870e+00
7.500000000000000000e+03,7.000000000000000000e+00,1.027760716834885235e+00
7.500000000000000000e+03,8.000000000000000000e+00,1.027541424027518469e+00
7.500000000000000000e+03,9.000000000000000000e+00,1.027297727095252800e+00
7.500000000000000000e+03,1.000000000000000000e+01,1.027031274327601551e+00
7.500000000000000000e+03,1.100000000000000000e+01,1.026743817101902323e+00
7.500000000000000000e+03,1.200000000000000000e+01,1.026437184289819449e+00
7.500000000000000000e+03,1.300000000000000000e+01,1.026113256337501944e+00
7.500000000000000000e+03,1.400000000000000000e+01,1.025773939633231269e+00
7.500000000000000000e+03,1.500000000000000000e+01,1.025421141767826061e+00
7.500000000000000000e+03,1.600000000000000000e+01,1.025056748258263539e+00
7.500000000000000000e+03,1.700000000000000000e+01,1.024682601243414481e+00
7.500000000000000000e+03,1.800000000000000000e+01,1.024300480574012795e+00
7.500000000000000000e+03,1.900000000000000000e+01,1.023912087612549371e+00
7.500000000000000000e+03,2.000000000000000000e+01,1.023519031940254287e+00
7.500000000000000000e+03,2.100000000000000000e+01,1.023122821044978537e+00
7.500000000000000000e+03,2.200000000000000000e+01,1.022724852947949792e+00
7.500000000000000000e+03,2.300000000000000000e+01,1.022326411622921150e+00
7.500000000000000000e+03,2.400000000000000000e+01,1.021928664977856727e+00
7.500000000000000000e+03,2.500000000000000000e+01,1.021532665107541149e+00
7.500000000000000000e+03,2.600000000000000000e+01,1.021139350488152076e+00
7.500000000000000000e+03,2.700000000000000000e+01,1.020749549768884989e+00
7.500000000000000000e+03,2.800000000000000000e+01,1.020363986819303292e+00
7.500000000000000000e+03,2.900000000000000000e+01,1.019983286709226888e+00
7.500000000000000000e+03,3.000000000000000000e+01,1.019607982327398688e+00
7.666750000000000000e+03,-3.000000000000000000e+01,1.019607982327398688e+00
7.666750000000000000e+03,-2.900000000000000000e+01,1.019983286709221559e+00
7.666750000000000000e+03,-2.800000000000000000e+01,1.020363986819296187e+00
7.666750000000000000e+03,-2.700000000000000000e+01,1.020749549768879660e+00
7.666750000000000000e+03,-2.600000000000000000e+01,1.021139350488150299e+00
7.666750000000000000e+03,-2.500000000000000000e+01,1.021532665107548254e+00
7.666750000000000000e+03,-2.400000000000000000e+01,1.021928664977872714e+00
7.666750000000000000e+03,-2.300000000000000000e+01,1.022326411622909603e+00
7.666750000000000000e+03,-2.200000000000000000e+01,1.022724852947953345e+00
7.666750000000000000e+03,-2.100000000000000000e+01,1.023122821044976760e+00
7.666750000000000000e+03,-2.000000000000000000e+01,1.023519031940249846e+00
7.666750000000000000e+03,-1.900000000000000000e+01,1.023912087612558253e+00
7.666750000000000000e+03,-1.800000000000000000e+01,1.024300480574002137e+00
7.666750000000000000e+03,-1.700000000000000000e+01,1.024682601243423363e+00
7.666750000000000000e+03,-1.600000000000000000e+01,1.025056748258263983e+00
7.666750000000000000e+03,-1.500000000000000000e+01,1.025421141767817623e+00
7.666750000000000000e+03,-1.400000000000000000e+01,1.025773939633233045e+00
7.666750000000000000e+03,-1.300000000000000000e+01,1.026113256337499724e+00
7.666750000000000000e+03,-1.200000000000000000e+01,1.026437184289819449e+00
7.666750000000000000e+03,-1.100000000000000000e+01,1.026743817101904543e+00
7.666750000000000000e+03,-1.000000000000000000e+01,1.027031274327599997e+00
7.666750000000000000e+03,-9.000000000000000000e+00,1.027297727095253688e+00
7.666750000000000000e+03,-8.000000000000000000e+00,1.027541424027518246e+00
7.666750000000000000e+03,-7.000000000000000000e+00,1.027760716834884125e+00
7.666750000000000000e+03,-6.000000000000000000e+00,1.027954084983863980e+00
7.666750000000000000e+03,-5.000000000000000000e+00,1.028120158874693324e+00
7.666750000000000000e+03,-4.000000000000000000e+00,1.028257741011805670e+00
7.666750000000000000e+03,-3.000000000000000000e+00,1.028365824708715737e+00
7.666750000000000000e+03,-2.000000000000000000e+00,1.028443609934033276e+00
7.666750000000000000e+03,-1.000000000000000000e+00,1.028490515974257891e+00
7.666750000000000000e+03,0.000000000000000000e+00,1.028506190659992159e+00
7.666750000000000000e+03,1.000000000000000000e+00,1.028490515974257669e+00
7.666750000000000000e+03,2.000000000000000000e+00,1.028443609934033276e+00
7.666750000000000000e+03,3.000000000000000000e+00,1.028365824708715959e+00
7.666750000000000000e+03,4.000000000000000000e+00,1.028257741011806115e+00
7.666750000000000000e+03,5.000000000000000000e+00,1.028120158874692436e+00
7.666750000000000000e+03,6.000000000000000000e+00,1.027954084983862870e+00
7.666750000000000000e+03,7.000000000000000000e+00,1.027760716834885235e+00
7.666750000000000000e+03,8.000000000000000000e+00,1.027541424027518469e+00
7.666750000000000000e+03,9.000000000000000000e+00,1.027297727095252800e+00
7.666750000000000000e+03,1.000000000000000000e+01,1.027031274327601551e+00
7.666750000000000000e+03,1.100000000000000000e+01,1.026743817101902323e+00
7.666750000000000000e+03,1.200000000000000000e+01,1.026437184289819449e+00
7.666750000000000000e+03,1.300000000000000000e+01,1.026113256337501944e+00
7.666750000000000000e+03,1.400000000000000000e+01,1.025773939633231269e+00
7.666750000000000000e+03,1.500000000000000000e+01,1.025421141767826061e+00
7.666750000000000000e+03,1.600000000000000000e+01,1.025056748258263539e+00
7.666750000000000000e+03,1.700000000000000000e+01,1.024682601243414481e+00
7.666750000000000000e+03,1.800000000000000000e+01,1.024300480574012795e+00
7.666750000000000000e+03,1.900000000000000000e+01,1.023912087612549371e+00
7.666750000000000000e+03,2.000000000000000000e+01,1.023519031940254287e+00
7.666750000000000000e+03,2.100000000000000000e+01,1.023122821044978537e+00
7.666750000000000000e+03,2.200000000000000000e+01,1.022724852947949792e+00
7.666750000000000000e+03,2.300000000000000000e+01,1.022326411622921150e+00
7.666750000000000000e+03,2.400000000000000000e+01,1.021928664977856727e+00
7.666750000000000000e+03,2.500000000000000000e+01,1.021532665107541149e+00
7.666750000000000000e+03,2.600000000000000000e+01,1.021139350488152076e+00
7.666750000000000000e+03,2.700000000000000000e+01,1.020749549768884989e+00
7.666750000000000000e+03,2.800000000000000000e+01,1.020363986819303292e+00
7.666750000000000000e+03,2.900000000000000000e+01,1.019983286709226888e+00
7.666750000000000000e+03,3.000000000000000000e+01,1.019607982327398688e+00
7.833250000000000000e+03,-3.000000000000000000e+01,1.019607982327398688e+00
7.833250000000000000e+03,-2.900000000000000000e+01,1.019983286709221559e+00
7.833250000000000000e+03,-2.800000000000000000e+01,1.020363986819296187e+00
7.833250000000000000e+03,-2.700000000000000000e+01,1.020749549768879660e+00
7.833250000000000000e+03,-2.600000000000000000e+01,1.021139350488150299e+00
7.833250000000000000e+03,-2.500000000000000000e+01,1.021532665107548254e+00
7.833250000000000000e+03,-2.400000000000000000e+01,1.021928664977872714e+00
7.833250000000000000e+03,-2.300000000000000000e+01,1.022326411622909603e+00
7.833250000000000000e+03,-2.200000000000000000e+01,1.022724852947953345e+00
7.833250000000000000e+03,-2.100000000000000000e+01,1.023122821044976760e+00
7.833250000000000000e+03,-2.000000000000000000e+01,1.023519031940249846e+00
7.833250000000000000e+03,-1.900000000000000000e+01,1.023912087612558253e+00
7.833250000000000000e+03,-1.800000000000000000e+01,1.024300480574002137e+00
7.833250000000000000e+03,-1.700000000000000000e+01,1.024682601243423363e+00
7.833250000000000000e+03,-1.600000000000000000e+01,1.025056748258263983e+00
7.833250000000000000e+03,-1.500000000000000000e+01,1.025421141767817623e+00
7.833250000000000000e+03,-1.400000000000000000e+01,1.025773939633233045e+00
7.833250000000000000e+03,-1.300000000000000000e+01,1.026113256337499724e+00
7.833250000000000000e+03,-1.200000000000000000e+01,1.026437184289819449e+00
7.833250000000000000e+03,-1.100000000000000000e+01,1.026743817101904543e+00
7.833250000000000000e+03,-1.000000000000000000e+01,1.027031274327599997e+00
7.833250000000000000e+03,-9.000000000000000000e+00,1.027297727095253688e+00
7.833250000000000000e+03,-8.000000000000000000e+00,1.027541424027518246e+00
7.833250000000000000e+03,-7.000000000000000000e+00,1.027760716834884125e+00
7.833250000000000000e+03,-6.000000000000000000e+00,1.027954084983863980e+00
7.833250000000000000e+03,-5.000000000000000000e+00,1.028120158874693324e+00
7.833250000000000000e+03,-4.000000000000000000e+00,1.028257741011805670e+00
7.833250000000000000e+03,-3.000000000000000000e+00,1.028365824708715737e+00
7.833250000000000000e+03,-2.000000000000000000e+00,1.028443609934033276e+00
7.833250000000000000e+03,-1.000000000000000000e+00,1.028490515974257891e+00
7.833250000000000000e+03,0.000000000000000000e+00,1.028506190659992159e+00
7.833250000000000000e+03,1.000000000000000000e+00,1.028490515974257669e+00
7.833250000000000000e+03,2.000000000000000000e+00,1.028443609934033276e+00
7.833250000000000000e+03,3.000000000000000000e+00,1.028365824708715959e+00
7.833250000000000000e+03,4.000000000000000000e+00,1.028257741011806115e+00
7.833250000000000000e+03,5.000000000000000000e+00,1.028120158874692436e+00
7.833250000000000000e+03,6.000000000000000000e+00,1.027954084983862870e+00
7.833250000000000000e+03,7.000000000000000000e+00,1.027760716834885235e+00
7.833250000000000000e+03,8.000000000000000000e+00,1.027541424027518469e+00
7.833250000000000000e+03,9.000000000000000000e+00,1.027297727095252800e+00
7.833250000000000000e+03,1.000000000000000000e+01,1.027031274327601551e+00
7.833250000000000000e+03,1.100000000000000000e+01,1.026743817101902323e+00
7.833250000000000000e+03,1.200000000000000000e+01,1.026437184289819449e+00
7.833250000000000000e+03,1.300000000000000000e+01,1.026113256337501944e+00
7.833250000000000000e+03,1.400000000000000000e+01,1.025773939633231269e+00
7.833250000000000000e+03,1.500000000000000000e+01,1.025421141767826061e+00
7.833250000000000000e+03,1.600000000000000000e+01,1.025056748258263539e+00
7.833250000000000000e+03,1.700000000000000000e+01,1.024682601243414481e+00
7.833250000000000000e+03,1.800000000000000000e+01,1.024300480574012795e+00
7.833250000000000000e+03,1.900000000000000000e+01,1.023912087612549371e+00
7.833250000000000000e+03,2.000000000000000000e+01,1.023519031940254287e+00
7.833250000000000000e+03,2.100000000000000000e+01,1.023122821044978537e+00
7.833250000000000000e+03,2.200000000000000000e+01,1.022724852947949792e+00
7.833250000000000000e+03,2.300000000000000000e+01,1.022326411622921150e+00
7.833250000000000000e+03,2.400000000000000000e+01,1.021928664977856727e+00
7.833250000000000000e+03,2.500000000000000000e+01,1.021532665107541149e+00
7.833250000000000000e+03,2.600000000000000000e+01,1.021139350488152076e+00
7.833250000000000000e+03,2.700000000000000000e+01,1.020749549768884989e+00
7.833250000000000000e+03,2.800000000000000000e+01,1.020363986819303292e+00
7.833250000000000000e+03,2.900000000000000000e+01,1.019983286709226888e+00
7.833250000000000000e+03,3.000000000000000000e+01,1.019607982327398688e+00
8.000000000000000000e+03,-3.000000000000000000e+01,1.019607982327398688e+00
8.000000000000000000e+03,-2.900000000000000000e+01,1.019983286709221559e+00
8.000000000000000000e+03,-2.800000000000000000e+01,1.020363986819296187e+00
8.000000000000000000e+03,-2.700000000000000000e+01,1.020749549768879660e+00
8.000000000000000000e+03,-2.600000000000000000e+01,1.021139350488150299e+00
8.000000000000000000e+03,-2.500000000000000000e+01,1.021532665107548254e+00
8.000000000000000000e+03,-2.400000000000000000e+01,1.021928664977872714e+00
8.000000000000000000e+03,-2.300000000000000000e+01,1.022326411622909603e+00
8.000000000000000000e+03,-2.200000000000000000e+01,1.022724852947953345e+00
8.000000000000000000e+03,-2.100000000000000000e+01,1.023122821044976760e+00
8.000000000000000000e+03,-2.000000000000000000e+01,1.023519031940249846e+00
8.000000000000000000e+03,-1.900000000000000000e+01,1.023912087612558253e+00
8.000000000000000000e+03,-1.800000000000000000e+01,1.024300480574002137e+00
8.000000000000000000e+03,-1.700000000000000000e+01,1.024682601243423363e+00
8.000000000000000000e+03,-1.600000000000000000e+01,1.025056748258263983e+00
8.000000000000000000e+03,-1.500000000000000000e+01,1.025421141767817623e+00
8.000000000000000000e+03,-1.400000000000000000e+01,1.025773939633233045e+00
8.000000000000000000e+03,-1.300000000000000000e+01,1.026113256337499724e+00
8.000000000000000000e+03,-1.200000000000000000e+01,1.026437184289819449e+00
8.000000000000000000e+03,-1.100000000000000000e+01,1.026743817101904543e+00
8.000000000000000000e+03,-1.000000000000000000e+01,1.027031274327599997e+00
8.000000000000000000e+03,-9.000000000000000000e+00,1.027297727095253688e+00
8.000000000000000000e+03,-8.000000000000000000e+00,1.027541424027518246e+00
8.000000000000000000e+03,-7.000000000000000000e+00,1.027760716834884125e+00
8.000000000000000000e+03,-6.000000000000000000e+00,1.027954084983863980e+00
8.000000000000000000e+03,-5.000000000000000000e+00,1.028120158874693324e+00
8.000000000000000000e+03,-4.000000000000000000e+00,1.028257741011805670e+00
8.000000000000000000e+03,-3.000000000000000000e+00,1.028365824708715737e+00
8.000000000000000000e+03,-2.000000000000000000e+00,1.028443609934033276e+00
8.000000000000000000e+03,-1.000000000000000000e+00,1.028490515974257891e+00
8.000000000000000000e+03,0.000000000000000000e+00,1.028506190659992159e+00
8.000000000000000000e+03,1.000000000000000000e+00,1.028490515974257669e+00
8.000000000000000000e+03,2.000000000000000000e+00,1.028443609934033276e+00
8.000000000000000000e+03,3.000000000000000000e+00,1.028365824708715959e+00
8.000000000000000000e+03,4.000000000000000000e+00,1.028257741011806115e+00
8.000000000000000000e+03,5.000000000000000000e+00,1.028120158874692436e+00
8.000000000000000000e+03,6.000000000000000000e+00,1.027954084983862870e+00
8.000000000000000000e+03,7.000000000000000000e+00,1.027760716834885235e+00
8.000000000000000000e+03,8.000000000000000000e+00,1.027541424027518469e+00
8.000000000000000000e+03,9.000000000000000000e+00,1.027297727095252800e+00
8.000000000000000000e+03,1.000000000000000000e+01,1.027031274327601551e+00
8.000000000000000000e+03,1.100000000000000000e+01,1.026743817101902323e+00
8.000000000000000000e+03,1.200000000000000000e+01,1.026437184289819449e+00
8.000000000000000000e+03,1.300000000000000000e+01,1.026113256337501944e+00
8.000000000000000000e+03,1.400000000000000000e+01,1.025773939633231269e+00
8.000000000000000000e+03,1.500000000000000000e+01,1.025421141767826061e+00
8.000000000000000000e+03,1.600000000000000000e+01,1.025056748258263539e+00
8.000000000000000000e+03,1.700000000000000000e+01,1.024682601243414481e+00
8.000000000000000000e+03,1.800000000000000000e+01,1.024300480574012795e+00
8.000000000000000000e+03,1.900000000000000000e+01,1.023912087612549371e+00
8.000000000000000000e+03,2.000000000000000000e+01,1.023519031940254287e+00
8.000000000000000000e+03,2.100000000000000000e+01,1.023122821044978537e+00
8.000000000000000000e+03,2.200000000000000000e+01,1.022724852947949792e+00
8.000000000000000000e+03,2.300000000000000000e+01,1.022326411622921150e+00
8.000000000000000000e+03,2.400000000000000000e+01,1.021928664977856727e+00
8.000000000000000000e+03,2.500000000000000000e+01,1.021532665107541149e+00
8.000000000000000000e+03,2.600000000000000000e+01,1.021139350488152076e+00
8.000000000000000000e+03,2.700000000000000000e+01,1.020749549768884989e+00
8.000000000000000000e+03,2.800000000000000000e+01,1.020363986819303292e+00
8.000000000000000000e+03,2.900000000000000000e+01,1.019983286709226888e+00
8.000000000000000000e+03,3.000000000000000000e+01,1.019607982327398688e+00
8.166750000000000000e+03,-3.000000000000000000e+01,1.019607982327398688e+00
8.166750000000000000e+03,-2.900000000000000000e+01,1.019983286709221559e+00
8.166750000000000000e+03,-2.800000000000000000e+01,1.020363986819296187e+00
8.166750000000000000e+03,-2.700000000000000000e+01,1.020749549768879660e+00
8.166750000000000000e+03,-2.600000000000000000e+01,1.021139350488150299e+00
8.166750000000000000e+03,-2.500000000000000000e+01,1.021532665107548254e+00
8.166750000000000000e+03,-2.400000000000000000e+01,1.021928664977872714e+00
8.166750000000000000e+03,-2.300000000000000000e+01,1.022326411622909603e+00
8.166750000000000000e+03,-2.200000000000000000e+01,1.022724852947953345e+00
8.166750000000000000e+03,-2.100000000000000000e+01,1.023122821044976760e+00
8.166750000000000000e+03,-2.000000000000000000e+01,1.023519031940249846e+00
8.166750000000000000e+03,-1.900000000000000000e+01,1.023912087612558253e+00
8.166750000000000000e+03,-1.800000000000000000e+01,1.024300480574002137e+00
8.166750000000000000e+03,-1.700000000000000000e+01,1.024682601243423363e+00
8.166750000000000000e+03,-1.600000000000000000e+01,1.025056748258263983e+00
8.166750000000000000e+03,-1.500000000000000000e+01,1.025421141767817623e+00
8.166750000000000000e+03,-1.400000000000000000e+01,1.025773939633233045e+00
8.166750000000000000e+03,-1.300000000000000000e+01,1.026113256337499724e+00
8.166750000000000000e+03,-1.200000000000000000e+01,1.026437184289819449e+00
8.166750000000000000e+03,-1.100000000000000000e+01,1.026743817101904543e+00
8.166750000000000000e+03,-1.000000000000000000e+01,1.027031274327599997e+00
8.166750000000000000e+03,-9.000000000000000000e+00,1.027297727095253688e+00
8.166750000000000000e+03,-8.000000000000000000e+00,1.027541424027518246e+00
8.166750000000000000e+03,-7.000000000000000000e+00,1.027760716834884125e+00
8.166750000000000000e+03,-6.000000000000000000e+00,1.027954084983863980e+00
8.166750000000000000e+03,-5.000000000000000000e+00,1.028120158874693324e+00
8.166750000000000000e+03,-4.000000000000000000e+00,1.028257741011805670e+00
8.166750000000000000e+03,-3.000000000000000000e+00,1.028365824708715737e+00
8.166750000000000000e+03,-2.000000000000000000e+00,1.028443609934033276e+00
8.166750000000000000e+03,-1.000000000000000000e+00,1.028490515974257891e+00
8.166750000000000000e+03,0.000000000000000000e+00,1.028506190659992159e+00
8.166750000000000000e+03,1.000000000000000000e+00,1.028490515974257669e+00
8.166750000000000000e+03,2.000000000000000000e+00,1.028443609934033276e+00
8.166750000000000000e+03,3.000000000000000000e+00,1.028365824708715959e+00
8.166750000000000000e+03,4.000000000000000000e+00,1.028257741011806115e+00
8.166750000000000000e+03,5.000000000000000000e+00,1.028120158874692436e+00
8.166750000000000000e+03,6.000000000000000000e+00,1.027954084983862870e+00
8.166750000000000000e+03,7.000000000000000000e+00,1.027760716834885235e+00
8.166750000000000000e+03,8.000000000000000000e+00,1.027541424027518469e+00
8.166750000000000000e+03,9.000000000000000000e+00,1.027297727095252800e+00
8.166750000000000000e+03,1.000000000000000000e+01,1.027031274327601551e+00
8.166750000000000000e+03,1.100000000000000000e+01,1.026743817101902323e+00
8.166750000000000000e+03,1.200000000000000000e+01,1.026437184289819449e+00
8.166750000000000000e+03,1.300000000000000000e+01,1.026113256337501944e+00
8.166750000000000000e+03,1.400000000000000000e+01,1.025773939633231269e+00
8.166750000000000000e+03,1.500000000000000000e+01,1.025421141767826061e+00
8.166750000000000000e+03,1.600000000000000000e+01,1.025056748258263539e+00
8.166750000000000000e+03,1.700000000000000000e+01,1.024682601243414481e+00
8.166750000000000000e+03,1.800000000000000000e+01,1.024300480574012795e+00
8.166750000000000000e+03,1.900000000000000000e+01,1.023912087612549371e+00
8.166750000000000000e+03,2.000000000000000000e+01,1.023519031940254287e+00
8.166750000000000000e+03,2.100000000000000000e+01,1.023122821044978537e+00
8.166750000000000000e+03,2.200000000000000000e+01,1.022724852947949792e+00
8.166750000000000000e+03,2.300000000000000000e+01,1.022326411622921150e+00
8.166750000000000000e+03,2.400000000000000000e+01,1.021928664977856727e+00
8.166750000000000000e+03,2.500000000000000000e+01,1.021532665107541149e+00
8.166750000000000000e+03,2.600000000000000000e+01,1.021139350488152076e+00
8.166750000000000000e+03,2.700000000000000000e+01,1.020749549768884989e+00
8.166750000000000000e+03,2.800000000000000000e+01,1.020363986819303292e+00
8.166750000000000000e+03,2.900000000000000000e+01,1.019983286709226888e+00
8.166750000000000000e+03,3.000000000000000000e+01,1.019607982327398688e+00
8.333250000000000000e+03,-3.000000000000000000e+01,1.019607982327398688e+00
8.333250000000000000e+03,-2.900000000000000000e+01,1.019983286709221559e+00
8.333250000000000000e+03,-2.800000000000000000e+01,1.020363986819296187e+00
8.333250000000000000e+03,-2.700000000000000000e+01,1.020749549768879660e+00
8.333250000000000000e+03,-2.600000000000000000e+01,1.021139350488150299e+00
8.333250000000000000e+03,-2.500000000000000000e+01,1.021532665107548254e+00
8.333250000000000000e+03,-2.400000000000000000e+01,1.021928664977872714e+00
8.333250000000000000e+03,-2.300000000000000000e+01,1.022326411622909603e+00
8.333250000000000000e+03,-2.200000000000000000e+01,1.022724852947953345e+00
8.333250000000000000e+03,-2.100000000000000000e+01,1.023122821044976760e+00
8.333250000000000000e+03,-2.000000000000000000e+01,1.023519031940249846e+00
8.333250000000000000e+03,-1.900000000000000000e+01,1.023912087612558253e+00
8.333250000000000000e+03,-1.800000000000000000e+01,1.024300480574002137e+00
8.333250000000000000e+03,-1.700000000000000000e+01,1.024682601243423363e+00
8.333250000000000000e+03,-1.600000000000000000e+01,1.025056748258263983e+00
8.333250000000000000e+03,-1.500000000000000000e+01,1.025421141767817623e+00
8.333250000000000000e+03,-1.400000000000000000e+01,1.025773939633233045e+00
8.333250000000000000e+03,-1.300000000000000000e+01,1.026113256337499724e+00
8.333250000000000000e+03,-1.200000000000000000e+01,1.026437184289819449e+00
8.333250000000000000e+03,-1.100000000000000000e+01,1.026743817101904543e+00
8.333250000000000000e+03,-1.000000000000000000e+01,1.027031274327599997e+00
8.333250000000000000e+03,-9.000000000000000000e+00,1.027297727095253688e+00
8.333250000000000000e+03,-8.000000000000000000e+00,1.027541424027518246e+00
8.333250000000000000e+03,-7.000000000000000000e+00,1.027760716834884125e+00
8.333250000000000000e+03,-6.000000000000000000e+00,1.027954084983863980e+00
8.333250000000000000e+03,-5.000000000000000000e+00,1.028120158874693324e+00
8.333250000000000000e+03,-4.000000000000000000e+00,1.028257741011805670e+00
8.333250000000000000e+03,-3.000000000000000000e+00,1.028365824708715737e+00
8.333250000000000000e+03,-2.000000000000000000e+00,1.028443609934033276e+00
8.333250000000000000e+03,-1.000000000000000000e+00,1.028490515974257891e+00
8.333250000000000000e+03,0.000000000000000000e+00,1.028506190659992159e+00
8.333250000000000000e+03,1.000000000000000000e+00,1.028490515974257669e+00
8.333250000000000000e+03,2.000000000000000000e+00,1.028443609934033276e+00
8.333250000000000000e+03,3.000000000000000000e+00,1.028365824708715959e+00
8.333250000000000000e+03,4.000000000000000000e+00,1.028257741011806115e+00
8.333250000000000000e+03,5.000000000000000000e+00,1.028120158874692436e+00
8.333250000000000000e+03,6.000000000000000000e+00,1.027954084983862870e+00
8.333250000000000000e+03,7.000000000000000000e+00,1.027760716834885235e+00
8.333250000000000000e+03,8.000000000000000000e+00,1.027541424027518469e+00
8.333250000000000000e+03,9.000000000000000000e+00,1.027297727095252800e+00
8.333250000000000000e+03,1.000000000000000000e+01,1.027031274327601551e+00
8.333250000000000000e+03,1.100000000000000000e+01,1.026743817101902323e+00
8.333250000000000000e+03,1.200000000000000000e+01,1.026437184289819449e+00
8.333250000000000000e+03,1.300000000000000000e+01,1.026113256337501944e+00
8.333250000000000000e+03,1.400000000000000000e+01,1.025773939633231269e+00
8.333250000000000000e+03,1.500000000000000000e+01,1.025421141767826061e+00
8.333250000000000000e+03,1.600000000000000000e+01,1.025056748258263539e+00
8.333250000000000000e+03,1.700000000000000000e+01,1.024682601243414481e+00
8.333250000000000000e+03,1.800000000000000000e+01,1.024300480574012795e+00
8.333250000000000000e+03,1.900000000000000000e+01,1.023912087612549371e+00
8.333250000000000000e+03,2.000000000000000000e+01,1.023519031940254287e+00
8.333250000000000000e+03,2.100000000000000000e+01,1.023122821044978537e+00
8.333250000000000000e+03,2.200000000000000000e+01,1.022724852947949792e+00
8.333250000000000000e+03,2.300000000000000000e+01,1.022326411622921150e+00
8.333250000000000000e+03,2.400000000000000000e+01,1.021928664977856727e+00
8.333250000000000000e+03,2.500000000000000000e+01,1.021532665107541149e+00
8.333250000000000000e+03,2.600000000000000000e+01,1.021139350488152076e+00
8.333250000000000000e+03,2.700000000000000000e+01,1.020749549768884989e+00
8.333250000000000000e+03,2.800000000000000000e+01,1.020363986819303292e+00
8.333250000000000000e+03,2.900000000000000000e+01,1.019983286709226888e+00
8.333250000000000000e+03,3.000000000000000000e+01,1.019607982327398688e+00
8.500000000000000000e+03,-3.000000000000000000e+01,1.019607982327398688e+00
8.500000000000000000e+03,-2.900000000000000000e+01,1.019983286709221559e+00
8.500000000000000000e+03,-2.800000000000000000e+01,1.020363986819296187e+00
8.500000000000000000e+03,-2.700000000000000000e+01,1.020749549768879660e+00
8.500000000000000000e+03,-2.600000000000000000e+01,1.021139350488150299e+00
8.500000000000000000e+03,-2.500000000000000000e+01,1.021532665107548254e+00
8.500000000000000000e+03,-2.400000000000000000e+01,1.021928664977872714e+00
8.500000000000000000e+03,-2.300000000000000000e+01,1.022326411622909603e+00
8.500000000000000000e+03,-2.200000000000000000e+01,1.022724852947953345e+00
8.500000000000000000e+03,-2.100000000000000000e+01,1.023122821044976760e+00
8.500000000000000000e+03,-2.000000000000000000e+01,1.023519031940249846e+00
8.500000000000000000e+03,-1.900000000000000000e+01,1.023912087612558253e+00
8.500000000000000000e+03,-1.800000000000000000e+01,1.024300480574002137e+00
8.500000000000000000e+03,-1.700000000000000000e+01,1.024682601243423363e+00
8.500000000000000000e+03,-1.600000000000000000e+01,1.025056748258263983e+00
8.500000000000000000e+03,-1.500000000000000000e+01,1.025421141767817623e+00
8.500000000000000000e+03,-1.400000000000000000e+01,1.025773939633233045e+00
8.500000000000000000e+03,-1.300000000000000000e+01,1.026113256337499724e+00
8.500000000000000000e+03,-1.200000000000000000e+01,1.026437184289819449e+00
8.500000000000000000e+03,-1.100000000000000000e+01,1.026743817101904543e+00
8.500000000000000000e+03,-1.000000000000000000e+01,1.027031274327599997e+00
8.500000000000000000e+03,-9.000000000000000000e+00,1.027297727095253688e+00
8.500000000000000000e+03,-8.000000000000000000e+00,1.027541424027518246e+00
8.500000000000000000e+03,-7.000000000000000000e+00,1.027760716834884125e+00
8.500000000000000000e+03,-6.000000000000000000e+00,1.027954084983863980e+00
8.500000000000000000e+03,-5.000000000000000000e+00,1.028120158874693324e+00
8.500000000000000000e+03,-4.000000000000000000e+00,1.028257741011805670e+00
8.500000000000000000e+03,-3.000000000000000000e+00,1.028365824708715737e+00
8.500000000000000000e+03,-2.000000000000000000e+00,1.028443609934033276e+00
8.500000000000000000e+03,-1.000000000000000000e+00,1.028490515974257891e+00
8.500000000000000000e+03,0.000000000000000000e+00,1.028506190659992159e+00
8.500000000000000000e+03,1.000000000000000000e+00,1.028490515974257669e+00
8.500000000000000000e+03,2.000000000000000000e+00,1.028443609934033276e+00
8.500000000000000000e+03,3.000000000000000000e+00,1.028365824708715959e+00
8.500000000000000000e+03,4.000000000000000000e+00,1.028257741011806115e+00
8.500000000000000000e+03,5.000000000000000000e+00,1.028120158874692436e+00
8.500000000000000000e+03,6.000000000000000000e+00,1.027954084983862870e+00
8.500000000000000000e+03,7.000000000000000000e+00,1.027760716834885235e+00
8.500000000000000000e+03,8.000000000000000000e+00,1.027541424027518469e+00
8.500000000000000000e+03,9.000000000000000000e+00,1.027297727095252800e+00
8.500000000000000000e+03,1.000000000000000000e+01,1.027031274327601551e+00
8.500000000000000000e+03,1.100000000000000000e+01,1.026743817101902323e+00
8.500000000000000000e+03,1.200000000000000000e+01,1.026437184289819449e+00
8.500000000000000000e+03,1.300000000000000000e+01,1.026113256337501944e+00
8.500000000000000000e+03,1.400000000000000000e+01,1.025773939633231269e+00
8.500000000000000000e+03,1.500000000000000000e+01,1.025421141767826061e+00
8.500000000000000000e+03,1.600000000000000000e+01,1.025056748258263539e+00
8.500000000000000000e+03,1.700000000000000000e+01,1.024682601243414481e+00
8.500000000000000000e+03,1.800000000000000000e+01,1.024300480574012795e+00
8.500000000000000000e+03,1.900000000000000000e+01,1.023912087612549371e+00
8.500000000000000000e+03,2.000000000000000000e+01,1.023519031940254287e+00
8.500000000000000000e+03,2.100000000000000000e+01,1.023122821044978537e+00
8.500000000000000000e+03,2.200000000000000000e+01,1.022724852947949792e+00
8.500000000000000000e+03,2.300000000000000000e+01,1.022326411622921150e+00
8.500000000000000000e+03,2.400000000000000000e+01,1.021928664977856727e+00
8.500000000000000000e+03,2.500000000000000000e+01,1.021532665107541149e+00
8.500000000000000000e+03,2.600000000000000000e+01,1.021139350488152076e+00
8.500000000000000000e+03,2.700000000000000000e+01,1.020749549768884989e+00
8.500000000000000000e+03,2.800000000000000000e+01,1.020363986819303292e+00
8.500000000000000000e+03,2.900000000000000000e+01,1.019983286709226888e+00
8.500000000000000000e+03,3.000000000000000000e+01,1.019607982327398688e+00
8.666750000000000000e+03,-3.000000000000000000e+01,1.019607982327398688e+00
8.666750000000000000e+03,-2.900000000000000000e+01,1.019983286709221559e+00
8.666750000000000000e+03,-2.800000000000000000e+01,1.020363986819296187e+00
8.666750000000000000e+03,-2.700000000000000000e+01,1.020749549768879660e+00
8.666750000000000000e+03,-2.600000000000000000e+01,1.021139350488150299e+00
8.666750000000000000e+03,-2.500000000000000000e+01,1.021532665107548254e+00
8.666750000000000000e+03,-2.400000000000000000e+01,1.021928664977872714e+00
8.666750000000000000e+03,-2.300000000000000000e+01,1.022326411622909603e+00
8.666750000000000000e+03,-2.200000000000000000e+01,1.022724852947953345e+00
8.666750000000000000e+03,-2.100000000000000000e+01,1.023122821044976760e+00
8.666750000000000000e+03,-2.000000000000000000e+01,1.023519031940249846e+00
8.666750000000000000e+03,-1.900000000000000000e+01,1.023912087612558253e+00
8.666750000000000000e+03,-1.800000000000000000e+01,1.024300480574002137e+00
8.666750000000000000e+03,-1.700000000000000000e+01,1.024682601243423363e+00
8.666750000000000000e+03,-1.600000000000000000e+01,1.025056748258263983e+00
8.666750000000000000e+03,-1.500000000000000000e+01,1.025421141767817623e+00
8.666750000000000000e+03,-1.400000000000000000e+01,1.025773939633233045e+00
8.666750000000000000e+03,-1.300000000000000000e+01,1.026113256337499724e+00
8.666750000000000000e+03,-1.200000000000000000e+01,1.026437184289819449e+00
8.666750000000000000e+03,-1.100000000000000000e+01,1.026743817101904543e+00
8.666750000000000000e+03,-1.000000000000000000e+01,1.027031274327599997e+00
8.666750000000000000e+03,-9.000000000000000000e+00,1.027297727095253688e+00
8.666750000000000000e+03,-8.000000000000000000e+00,1.027541424027518246e+00
8.666750000000000000e+03,-7.000000000000000000e+00,1.027760716834884125e+00
8.666750000000000000e+03,-6.000000000000000000e+00,1.027954084983863980e+00
8.666750000000000000e+03,-5.000000000000000000e+00,1.028120158874693324e+00
8.666750000000000000e+03,-4.000000000000000000e+00,1.028257741011805670e+00
8.666750000000000000e+03,-3.000000000000000000e+00,1.028365824708715737e+00
8.666750000000000000e+03,-2.000000000000000000e+00,1.028443609934033276e+00
8.666750000000000000e+03,-1.000000000000000000e+00,1.028490515974257891e+00
8.666750000000000000e+03,0.000000000000000000e+00,1.028506190659992159e+00
8.666750000000000000e+03,1.000000000000000000e+00,1.028490515974257669e+00
8.666750000000000000e+03,2.000000000000000000e+00,1.028443609934033276e+00
8.666750000000000000e+03,3.000000000000000000e+00,1.028365824708715959e+00
8.666750000000000000e+03,4.000000000000000000e+00,1.028257741011806115e+00
8.666750000000000000e+03,5.000000000000000000e+00,1.028120158874692436e+00
8.666750000000000000e+03,6.000000000000000000e+00,1.027954084983862870e+00
8.666750000000000000e+03,7.000000000000000000e+00,1.027760716834885235e+00
8.666750000000000000e+03,8.000000000000000000e+00,1.027541424027518469e+00
8.666750000000000000e+03,9.000000000000000000e+00,1.027297727095252800e+00
8.666750000000000000e+03,1.000000000000000000e+01,1.027031274327601551e+00
8.666750000000000000e+03,1.100000000000000000e+01,1.026743817101902323e+00
8.666750000000000000e+03,1.200000000000000000e+01,1.026437184289819449e+00
8.666750000000000000e+03,1.300000000000000000e+01,1.026113256337501944e+00
8.666750000000000000e+03,1.400000000000000000e+01,1.025773939633231269e+00
8.666750000000000000e+03,1.500000000000000000e+01,1.025421141767826061e+00
8.666750000000000000e+03,1.600000000000000000e+01,1.025056748258263539e+00
8.666750000000000000e+03,1.700000000000000000e+01,1.024682601243414481e+00
8.666750000000000000e+03,1.800000000000000000e+01,1.024300480574012795e+00
8.666750000000000000e+03,1.900000000000000000e+01,1.023912087612549371e+00
8.666750000000000000e+03,2.000000000000000000e+01,1.023519031940254287e+00
8.666750000000000000e+03,2.100000000000000000e+01,1.023122821044978537e+00
8.666750000000000000e+03,2.200000000000000000e+01,1.022724852947949792e+00
8.666750000000000000e+03,2.300000000000000000e+01,1.022326411622921150e+00
8.666750000000000000e+03,2.400000000000000000e+01,1.021928664977856727e+00
8.666750000000000000e+03,2.500000000000000000e+01,1.021532665107541149e+00
8.666750000000000000e+03,2.600000000000000000e+01,1.021139350488152076e+00
8.666750000000000000e+03,2.700000000000000000e+01,1.020749549768884989e+00
8.666750000000000000e+03,2.800000000000000000e+01,1.020363986819303292e+00
8.666750000000000000e+03,2.900000000000000000e+01,1.019983286709226888e+00
8.666750000000000000e+03,3.000000000000000000e+01,1.019607982327398688e+00
8.833250000000000000e+03,-3.000000000000000000e+01,1.019607982327398688e+00
8.833250000000000000e+03,-2.900000000000000000e+01,1.019983286709221559e+00
8.833250000000000000e+03,-2.800000000000000000e+01,1.020363986819296187e+00
8.833250000000000000e+03,-2.700000000000000000e+01,1.020749549768879660e+00
8.833250000000000000e+03,-2.600000000000000000e+01,1.021139350488150299e+00
8.833250000000000000e+03,-2.500000000000000000e+01,1.021532665107548254e+00
8.833250000000000000e+03,-2.400000000000000000e+01,1.021928664977872714e+00
8.833250000000000000e+03,-2.300000000000000000e+01,1.022326411622909603e+00
8.833250000000000000e+03,-2.200000000000000000e+01,1.022724852947953345e+00
8.833250000000000000e+03,-2.100000000000000000e+01,1.023122821044976760e+00
8.833250000000000000e+03,-2.000000000000000000e+01,1.023519031940249846e+00
8.833250000000000000e+03,-1.900000000000000000e+01,1.023912087612558253e+00
8.833250000000000000e+03,-1.800000000000000000e+01,1.024300480574002137e+00
8.833250000000000000e+03,-1.700000000000000000e+01,1.024682601243423363e+00
8.833250000000000000e+03,-1.600000000000000000e+01,1.025056748258263983e+00
8.833250000000000000e+03,-1.500000000000000000e+01,1.025421141767817623e+00
8.833250000000000000e+03,-1.400000000000000000e+01,1.025773939633233045e+00
8.833250000000000000e+03,-1.300000000000000000e+01,1.026113256337499724e+00
8.833250000000000000e+03,-1.200000000000000000e+01,1.026437184289819449e+00
8.833250000000000000e+03,-1.100000000000000000e+01,1.026743817101904543e+00
8.833250000000000000e+03,-1.000000000000000000e+01,1.027031274327599997e+00
8.833250000000000000e+03,-9.000000000000000000e+00,1.027297727095253688e+00
8.833250000000000000e+03,-8.000000000000000000e+00,1.027541424027518246e+00
8.833250000000000000e+03,-7.000000000000000000e+00,1.027760716834884125e+00
8.833250000000000000e+03,-6.000000000000000000e+00,1.027954084983863980e+00
8.833250000000000000e+03,-5.000000000000000000e+00,1.028120158874693324e+00
8.833250000000000000e+03,-4.000000000000000000e+00,1.028257741011805670e+00
8.833250000000000000e+03,-3.000000000000000000e+00,1.028365824708715737e+00
8.833250000000000000e+03,-2.000000000000000000e+00,1.028443609934033276e+00
8.833250000000000000e+03,-1.000000000000000000e+00,1.028490515974257891e+00
8.833250000000000000e+03,0.000000000000000000e+00,1.028506190659992159e+00
8.833250000000000000e+03,1.000000000000000000e+00,1.028490515974257669e+00
8.833250000000000000e+03,2.000000000000000000e+00,1.028443609934033276e+00
8.833250000000000000e+03,3.000000000000000000e+00,1.028365824708715959e+00
8.833250000000000000e+03,4.000000000000000000e+00,1.028257741011806115e+00
8.833250000000000000e+03,5.000000000000000000e+00,1.028120158874692436e+00
8.833250000000000000e+03,6.000000000000000000e+00,1.027954084983862870e+00
8.833250000000000000e+03,7.000000000000000000e+00,1.027760716834885235e+00
8.833250000000000000e+03,8.000000000000000000e+00,1.027541424027518469e+00
8.833250000000000000e+03,9.000000000000000000e+00,1.027297727095252800e+00
8.833250000000000000e+03,1.000000000000000000e+01,1.027031274327601551e+00
8.833250000000000000e+03,1.100000000000000000e+01,1.026743817101902323e+00
8.833250000000000000e+03,1.200000000000000000e+01,1.026437184289819449e+00
8.833250000000000000e+03,1.300000000000000000e+01,1.026113256337501944e+00
8.833250000000000000e+03,1.400000000000000000e+01,1.025773939633231269e+00
8.833250000000000000e+03,1.500000000000000000e+01,1.025421141767826061e+00
8.833250000000000000e+03,1.600000000000000000e+01,1.025056748258263539e+00
8.833250000000000000e+03,1.700000000000000000e+01,1.024682601243414481e+00
8.833250000000000000e+03,1.800000000000000000e+01,1.024300480574012795e+00
8.833250000000000000e+03,1.900000000000000000e+01,1.023912087612549371e+00
8.833250000000000000e+03,2.000000000000000000e+01,1.023519031940254287e+00
8.833250000000000000e+03,2.100000000000000000e+01,1.023122821044978537e+00
8.833250000000000000e+03,2.200000000000000000e+01,1.022724852947949792e+00
8.833250000000000000e+03,2.300000000000000000e+01,1.022326411622921150e+00
8.833250000000000000e+03,2.400000000000000000e+01,1.021928664977856727e+00
8.833250000000000000e+03,2.500000000000000000e+01,1.021532665107541149e+00
8.833250000000000000e+03,2.600000000000000000e+01,1.021139350488152076e+00
8.833250000000000000e+03,2.700000000000000000e+01,1.020749549768884989e+00
8.833250000000000000e+03,2.800000000000000000e+01,1.020363986819303292e+00
8.833250000000000000e+03,2.900000000000000000e+01,1.019983286709226888e+00
8.833250000000000000e+03,3.000000000000000000e+01,1.019607982327398688e+00
9.000000000000000000e+03,-3.000000000000000000e+01,1.019607982327398688e+00
9.000000000000000000e+03,-2.900000000000000000e+01,1.019983286709221559e+00
9.000000000000000000e+03,-2.800000000000000000e+01,1.020363986819296187e+00
9.000000000000000000e+03,-2.700000000000000000e+01,1.020749549768879660e+00
9.000000000000000000e+03,-2.600000000000000000e+01,1.021139350488150299e+00
9.000000000000000000e+03,-2.500000000000000000e+01,1.021532665107548254e+00
9.000000000000000000e+03,-2.400000000000000000e+01,1.021928664977872714e+00
9.000000000000000000e+03,-2.300000000000000000e+01,1.022326411622909603e+00
9.000000000000000000e+03,-2.200000000000000000e+01,1.022724852947953345e+00
9.000000000000000000e+03,-2.100000000000000000e+01,1.023122821044976760e+00
9.000000000000000000e+03,-2.000000000000000000e+01,1.023519031940249846e+00
9.000000000000000000e+03,-1.900000000000000000e+01,1.023912087612558253e+00
9.000000000000000000e+03,-1.800000000000000000e+01,1.024300480574002137e+00
9.000000000000000000e+03,-1.700000000000000000e+01,1.024682601243423363e+00
9.000000000000000000e+03,-1.600000000000000000e+01,1.025056748258263983e+00
9.000000000000000000e+03,-1.500000000000000000e+01,1.025421141767817623e+00
9.000000000000000000e+03,-1.400000000000000000e+01,1.025773939633233045e+00
9.000000000000000000e+03,-1.300000000000000000e+01,1.026113256337499724e+00
9.000000000000000000e+03,-1.200000000000000000e+01,1.026437184289819449e+00
9.000000000000000000e+03,-1.100000000000000000e+01,1.026743817101904543e+00
9.000000000000000000e+03,-1.000000000000000000e+01,1.027031274327599997e+00
9.000000000000000000e+03,-9.000000000000000000e+00,1.027297727095253688e+00
9.000000000000000000e+03,-8.000000000000000000e+00,1.027541424027518246e+00
9.000000000000000000e+03,-7.000000000000000000e+00,1.027760716834884125e+00
9.000000000000000000e+03,-6.000000000000000000e+00,1.027954084983863980e+00
9.000000000000000000e+03,-5.000000000000000000e+00,1.028120158874693324e+00
9.000000000000000000e+03,-4.000000000000000000e+00,1.028257741011805670e+00
9.000000000000000000e+03,-3.000000000000000000e+00,1.028365824708715737e+00
9.000000000000000000e+03,-2.000000000000000000e+00,1.028443609934033276e+00
9.000000000000000000e+03,-1.000000000000000000e+00,1.028490515974257891e+00
9.000000000000000000e+03,0.000000000000000000e+00,1.028506190659992159e+00
9.000000000000000000e+03,1.000000000000000000e+00,1.028490515974257669e+00
9.000000000000000000e+03,2.000000000000000000e+00,1.028443609934033276e+00
9.000000000000000000e+03,3.000000000000000000e+00,1.028365824708715959e+00
9.000000000000000000e+03,4.000000000000000000e+00,1.028257741011806115e+00
9.000000000000000000e+03,5.000000000000000000e+00,1.028120158874692436e+00
9.000000000000000000e+03,6.000000000000000000e+00,1.027954084983862870e+00
9.000000000000000000e+03,7.000000000000000000e+00,1.027760716834885235e+00
9.000000000000000000e+03,8.000000000000000000e+00,1.027541424027518469e+00
9.000000000000000000e+03,9.000000000000000000e+00,1.027297727095252800e+00
9.000000000000000000e+03,1.000000000000000000e+01,1.027031274327601551e+00
9.000000000000000000e+03,1.100000000000000000e+01,1.026743817101902323e+00
9.000000000000000000e+03,1.200000000000000000e+01,1.026437184289819449e+00
9.000000000000000000e+03,1.300000000000000000e+01,1.026113256337501944e+00
9.000000000000000000e+03,1.400000000000000000e+01,1.025773939633231269e+00
9.000000000000000000e+03,1.500000000000000000e+01,1.025421141767826061e+00
9.000000000000000000e+03,1.600000000000000000e+01,1.025056748258263539e+00
9.000000000000000000e+03,1.700000000000000000e+01,1.024682601243414481e+00
9.000000000000000000e+03,1.800000000000000000e+01,1.024300480574012795e+00
9.000000000000000000e+03,1.900000000000000000e+01,1.023912087612549371e+00
9.000000000000000000e+03,2.000000000000000000e+01,1.023519031940254287e+00
9.000000000000000000e+03,2.100000000000000000e+01,1.023122821044978537e+00
9.000000000000000000e+03,2.200000000000000000e+01,1.022724852947949792e+00
9.000000000000000000e+03,2.300000000000000000e+01,1.022326411622921150e+00
9.000000000000000000e+03,2.400000000000000000e+01,1.021928664977856727e+00
9.000000000000000000e+03,2.500000000000000000e+01,1.021532665107541149e+00
9.000000000000000000e+03,2.600000000000000000e+01,1.021139350488152076e+00
9.000000000000000000e+03,2.700000000000000000e+01,1.020749549768884989e+00
9.000000000000000000e+03,2.800000000000000000e+01,1.020363986819303292e+00
9.000000000000000000e+03,2.900000000000000000e+01,1.019983286709226888e+00
9.000000000000000000e+03,3.000000000000000000e+01,1.019607982327398688e+00
9.166750000000000000e+03,-3.000000000000000000e+01,1.019607982327398688e+00
9.166750000000000000e+03,-2.900000000000000000e+01,1.019983286709221559e+00
9.166750000000000000e+03,-2.800000000000000000e+01,1.020363986819296187e+00
9.166750000000000000e+03,-2.700000000000000000e+01,1.020749549768879660e+00
9.166750000000000000e+03,-2.600000000000000000e+01,1.021139350488150299e+00
9.166750000000000000e+03,-2.500000000000000000e+01,1.021532665107548254e+00
9.166750000000000000e+03,-2.400000000000000000e+01,1.021928664977872714e+00
9.166750000000000000e+03,-2.300000000000000000e+01,1.022326411622909603e+00
9.166750000000000000e+03,-2.200000000000000000e+01,1.022724852947953345e+00
9.166750000000000000e+03,-2.100000000000000000e+01,1.023122821044976760e+00
9.166750000000000000e+03,-2.000000000000000000e+01,1.023519031940249846e+00
9.166750000000000000e+03,-1.900000000000000000e+01,1.023912087612558253e+00
9.166750000000000000e+03,-1.800000000000000000e+01,1.024300480574002137e+00
9.166750000000000000e+03,-1.700000000000000000e+01,1.024682601243423363e+00
9.166750000000000000e+03,-1.600000000000000000e+01,1.025056748258263983e+00
9.166750000000000000e+03,-1.500000000000000000e+01,1.025421141767817623e+00
9.166750000000000000e+03,-1.400000000000000000e+01,1.025773939633233045e+00
9.166750000000000000e+03,-1.300000000000000000e+01,1.026113256337499724e+00
9.166750000000000000e+03,-1.200000000000000000e+01,1.026437184289819449e+00
9.166750000000000000e+03,-1.100000000000000000e+01,1.026743817101904543e+00
9.166750000000000000e+03,-1.000000000000000000e+01,1.027031274327599997e+00
9.166750000000000000e+03,-9.000000000000000000e+00,1.027297727095253688e+00
9.166750000000000000e+03,-8.000000000000000000e+00,1.027541424027518246e+00
9.166750000000000000e+03,-7.000000000000000000e+00,1.027760716834884125e+00
9.166750000000000000e+03,-6.000000000000000000e+00,1.027954084983863980e+00
9.166750000000000000e+03,-5.000000000000000000e+00,1.028120158874693324e+00
9.166750000000000000e+03,-4.000000000000000000e+00,1.028257741011805670e+00
9.166750000000000000e+03,-3.000000000000000000e+00,1.028365824708715737e+00
9.166750000000000000e+03,-2.000000000000000000e+00,1.028443609934033276e+00
9.166750000000000000e+03,-1.000000000000000000e+00,1.028490515974257891e+00
9.166750000000000000e+03,0.000000000000000000e+00,1.028506190659992159e+00
9.166750000000000000e+03,1.000000000000000000e+00,1.028490515974257669e+00
9.166750000000000000e+03,2.000000000000000000e+00,1.028443609934033276e+00
9.166750000000000000e+03,3.000000000000000000e+00,1.028365824708715959e+00
9.166750000000000000e+03,4.000000000000000000e+00,1.028257741011806115e+00
9.166750000000000000e+03,5.000000000000000000e+00,1.028120158874692436e+00
9.166750000000000000e+03,6.000000000000000000e+00,1.027954084983862870e+00
9.166750000000000000e+03,7.000000000000000000e+00,1.027760716834885235e+00
9.166750000000000000e+03,8.000000000000000000e+00,1.027541424027518469e+00
9.166750000000000000e+03,9.000000000000000000e+00,1.027297727095252800e+00
9.166750000000000000e+03,1.000000000000000000e+01,1.027031274327601551e+00
9.166750000000000000e+03,1.100000000000000000e+01,1.026743817101902323e+00
9.166750000000000000e+03,1.200000000000000000e+01,1.026437184289819449e+00
9.166750000000000000e+03,1.300000000000000000e+01,1.026113256337501944e+00
9.166750000000000000e+03,1.400000000000000000e+01,1.025773939633231269e+00
9.166750000000000000e+03,1.500000000000000000e+01,1.025421141767826061e+00
9.166750000000000000e+03,1.600000000000000000e+01,1.025056748258263539e+00
9.166750000000000000e+03,1.700000000000000000e+01,1.024682601243414481e+00
9.166750000000000000e+03,1.800000000000000000e+01,1.024300480574012795e+00
9.166750000000000000e+03,1.900000000000000000e+01,1.023912087612549371e+00
9.166750000000000000e+03,2.000000000000000000e+01,1.023519031940254287e+00
9.166750000000000000e+03,2.100000000000000000e+01,1.023122821044978537e+00
9.166750000000000000e+03,2.200000000000000000e+01,1.022724852947949792e+00
9.166750000000000000e+03,2.300000000000000000e+01,1.022326411622921150e+00
9.166750000000000000e+03,2.400000000000000000e+01,1.021928664977856727e+00
9.166750000000000000e+03,2.500000000000000000e+01,1.021532665107541149e+00
9.166750000000000000e+03,2.600000000000000000e+01,1.021139350488152076e+00
9.166750000000000000e+03,2.700000000000000000e+01,1.020749549768884989e+00
9.166750000000000000e+03,2.800000000000000000e+01,1.020363986819303292e+00
9.166750000000000000e+03,2.900000000000000000e+01,1.019983286709226888e+00
9.166750000000000000e+03,3.000000000000000000e+01,1.019607982327398688e+00
9.333250000000000000e+03,-3.000000000000000000e+01,1.019607982327398688e+00
9.333250000000000000e+03,-2.900000000000000000e+01,1.019983286709221559e+00
9.333250000000000000e+03,-2.800000000000000000e+01,1.020363986819296187e+00
9.333250000000000000e+03,-2.700000000000000000e+01,1.020749549768879660e+00
9.333250000000000000e+03,-2.600000000000000000e+01,1.021139350488150299e+00
9.333250000000000000e+03,-2.500000000000000000e+01,1.021532665107548254e+00
9.333250000000000000e+03,-2.400000000000000000e+01,1.021928664977872714e+00
9.333250000000000000e+03,-2.300000000000000000e+01,1.022326411622909603e+00
9.333250000000000000e+03,-2.200000000000000000e+01,1.022724852947953345e+00
9.333250000000000000e+03,-2.100000000000000000e+01,1.023122821044976760e+00
9.333250000000000000e+03,-2.000000000000000000e+01,1.023519031940249846e+00
9.333250000000000000e+03,-1.900000000000000000e+01,1.023912087612558253e+00
9.333250000000000000e+03,-1.800000000000000000e+01,1.024300480574002137e+00
9.333250000000000000e+03,-1.700000000000000000e+01,1.024682601243423363e+00
9.333250000000000000e+03,-1.600000000000000000e+01,1.025056748258263983e+00
9.333250000000000000e+03,-1.500000000000000000e+01,1.025421141767817623e+00
9.333250000000000000e+03,-1.400000000000000000e+01,1.025773939633233045e+00
9.333250000000000000e+03,-1.300000000000000000e+01,1.026113256337499724e+00
9.333250000000000000e+03,-1.200000000000000000e+01,1.026437184289819449e+00
9.333250000000000000e+03,-1.100000000000000000e+01,1.026743817101904543e+00
9.333250000000000000e+03,-1.000000000000000000e+01,1.027031274327599997e+00
9.333250000000000000e+03,-9.000000000000000000e+00,1.027297727095253688e+00
9.333250000000000000e+03,-8.000000000000000000e+00,1.027541424027518246e+00
9.333250000000000000e+03,-7.000000000000000000e+00,1.027760716834884125e+00
9.333250000000000000e+03,-6.000000000000000000e+00,1.027954084983863980e+00
9.333250000000000000e+03,-5.000000000000000000e+00,1.028120158874693324e+00
9.333250000000000000e+03,-4.000000000000000000e+00,1.028257741011805670e+00
9.333250000000000000e+03,-3.000000000000000000e+00,1.028365824708715737e+00
9.333250000000000000e+03,-2.000000000000000000e+00,1.028443609934033276e+00
9.333250000000000000e+03,-1.000000000000000000e+00,1.028490515974257891e+00
9.333250000000000000e+03,0.000000000000000000e+00,1.028506190659992159e+00
9.333250000000000000e+03,1.000000000000000000e+00,1.028490515974257669e+00
9.333250000000000000e+03,2.000000000000000000e+00,1.028443609934033276e+00
9.333250000000000000e+03,3.000000000000000000e+00,1.028365824708715959e+00
9.333250000000000000e+03,4.000000000000000000e+00,1.028257741011806115e+00
9.333250000000000000e+03,5.000000000000000000e+00,1.028120158874692436e+00
9.333250000000000000e+03,6.000000000000000000e+00,1.027954084983862870e+00
9.333250000000000000e+03,7.000000000000000000e+00,1.027760716834885235e+00
9.333250000000000000e+03,8.000000000000000000e+00,1.027541424027518469e+00
9.333250000000000000e+03,9.000000000000000000e+00,1.027297727095252800e+00
9.333250000000000000e+03,1.000000000000000000e+01,1.027031274327601551e+00
9.333250000000000000e+03,1.100000000000000000e+01,1.026743817101902323e+00
9.333250000000000000e+03,1.200000000000000000e+01,1.026437184289819449e+00
9.333250000000000000e+03,1.300000000000000000e+01,1.026113256337501944e+00
9.333250000000000000e+03,1.400000000000000000e+01,1.025773939633231269e+00
9.333250000000000000e+03,1.500000000000000000e+01,1.025421141767826061e+00
9.333250000000000000e+03,1.600000000000000000e+01,1.025056748258263539e+00
9.333250000000000000e+03,1.700000000000000000e+01,1.024682601243414481e+00
9.333250000000000000e+03,1.800000000000000000e+01,1.024300480574012795e+00
9.333250000000000000e+03,1.900000000000000000e+01,1.023912087612549371e+00
9.333250000000000000e+03,2.000000000000000000e+01,1.023519031940254287e+00
9.333250000000000000e+03,2.100000000000000000e+01,1.023122821044978537e+00
9.333250000000000000e+03,2.200000000000000000e+01,1.022724852947949792e+00
9.333250000000000000e+03,2.300000000000000000e+01,1.022326411622921150e+00
9.333250000000000000e+03,2.400000000000000000e+01,1.021928664977856727e+00
9.333250000000000000e+03,2.500000000000000000e+01,1.021532665107541149e+00
9.333250000000000000e+03,2.600000000000000000e+01,1.021139350488152076e+00
9.333250000000000000e+03,2.700000000000000000e+01,1.020749549768884989e+00
9.333250000000000000e+03,2.800000000000000000e+01,1.020363986819303292e+00
9.333250000000000000e+03,2.900000000000000000e+01,1.019983286709226888e+00
9.333250000000000000e+03,3.000000000000000000e+01,1.019607982327398688e+00
9.500000000000000000e+03,-3.000000000000000000e+01,1.019607982327398688e+00
9.500000000000000000e+03,-2.900000000000000000e+01,1.019983286709221559e+00
9.500000000000000000e+03,-2.800000000000000000e+01,1.020363986819296187e+00
9.500000000000000000e+03,-2.700000000000000000e+01,1.020749549768879660e+00
9.500000000000000000e+03,-2.600000000000000000e+01,1.021139350488150299e+00
9.500000000000000000e+03,-2.500000000000000000e+01,1.021532665107548254e+00
9.500000000000000000e+03,-2.400000000000000000e+01,1.021928664977872714e+00
9.500000000000000000e+03,-2.300000000000000000e+01,1.022326411622909603e+00
9.500000000000000000e+03,-2.200000000000000000e+01,1.022724852947953345e+00
9.500000000000000000e+03,-2.100000000000000000e+01,1.023122821044976760e+00
9.500000000000000000e+03,-2.000000000000000000e+01,1.023519031940249846e+00
9.500000000000000000e+03,-1.900000000000000000e+01,1.023912087612558253e+00
9.500000000000000000e+03,-1.800000000000000000e+01,1.024300480574002137e+00
9.500000000000000000e+03,-1.700000000000000000e+01,1.024682601243423363e+00
9.500000000000000000e+03,-1.600000000000000000e+01,1.025056748258263983e+00
9.500000000000000000e+03,-1.500000000000000000e+01,1.025421141767817623e+00
9.500000000000000000e+03,-1.400000000000000000e+01,1.025773939633233045e+00
9.500000000000000000e+03,-1.300000000000000000e+01,1.026113256337499724e+00
9.500000000000000000e+03,-1.200000000000000000e+01,1.026437184289819449e+00
9.500000000000000000e+03,-1.100000000000000000e+01,1.026743817101904543e+00
9.500000000000000000e+03,-1.000000000000000000e+01,1.027031274327599997e+00
9.500000000000000000e+03,-9.000000000000000000e+00,1.027297727095253688e+00
9.500000000000000000e+03,-8.000000000000000000e+00,1.027541424027518246e+00
9.500000000000000000e+03,-7.000000000000000000e+00,1.027760716834884125e+00
9.500000000000000000e+03,-6.000000000000000000e+00,1.027954084983863980e+00
9.500000000000000000e+03,-5.000000000000000000e+00,1.028120158874693324e+00
9.500000000000000000e+03,-4.000000000000000000e+00,1.028257741011805670e+00
9.500000000000000000e+03,-3.000000000000000000e+00,1.028365824708715737e+00
9.500000000000000000e+03,-2.000000000000000000e+00,1.028443609934033276e+00
9.500000000000000000e+03,-1.000000000000000000e+00,1.028490515974257891e+00
9.500000000000000000e+03,0.000000000000000000e+00,1.028506190659992159e+00
9.500000000000000000e+03,1.000000000000000000e+00,1.028490515974257669e+00
9.500000000000000000e+03,2.000000000000000000e+00,1.028443609934033276e+00
9.500000000000000000e+03,3.000000000000000000e+00,1.028365824708715959e+00
9.500000000000000000e+03,4.000000000000000000e+00,1.028257741011806115e+00
9.500000000000000000e+03,5.000000000000000000e+00,1.028120158874692436e+00
9.500000000000000000e+03,6.000000000000000000e+00,1.027954084983862870e+00
9.500000000000000000e+03,7.000000000000000000e+00,1.027760716834885235e+00
9.500000000000000000e+03,8.000000000000000000e+00,1.027541424027518469e+00
9.500000000000000000e+03,9.000000000000000000e+00,1.027297727095252800e+00
9.500000000000000000e+03,1.000000000000000000e+01,1.027031274327601551e+00
9.500000000000000000e+03,1.100000000000000000e+01,1.026743817101902323e+00
9.500000000000000000e+03,1.200000000000000000e+01,1.026437184289819449e+00
9.500000000000000000e+03,1.300000000000000000e+01,1.026113256337501944e+00
9.500000000000000000e+03,1.400000000000000000e+01,1.025773939633231269e+00
9.500000000000000000e+03,1.500000000000000000e+01,1.025421141767826061e+00
9.500000000000000000e+03,1.600000000000000000e+01,1.025056748258263539e+00
9.500000000000000000e+03,1.700000000000000000e+01,1.024682601243414481e+00
9.500000000000000000e+03,1.800000000000000000e+01,1.024300480574012795e+00
9.500000000000000000e+03,1.900000000000000000e+01,1.023912087612549371e+00
9.500000000000000000e+03,2.000000000000000000e+01,1.023519031940254287e+00
9.500000000000000000e+03,2.100000000000000000e+01,1.023122821044978537e+00
9.500000000000000000e+03,2.200000000000000000e+01,1.022724852947949792e+00
9.500000000000000000e+03,2.300000000000000000e+01,1.022326411622921150e+00
9.500000000000000000e+03,2.400000000000000000e+01,1.021928664977856727e+00
9.500000000000000000e+03,2.500000000000000000e+01,1.021532665107541149e+00
9.500000000000000000e+03,2.600000000000000000e+01,1.021139350488152076e+00
9.500000000000000000e+03,2.700000000000000000e+01,1.020749549768884989e+00
9.500000000000000000e+03,2.800000000000000000e+01,1.020363986819303292e+00
9.500000000000000000e+03,2.900000000000000000e+01,1.019983286709226888e+00
9.500000000000000000e+03,3.000000000000000000e+01,1.019607982327398688e+00
9.666750000000000000e+03,-3.000000000000000000e+01,1.019607982327398688e+00
9.666750000000000000e+03,-2.900000000000000000e+01,1.019983286709221559e+00
9.666750000000000000e+03,-2.800000000000000000e+01,1.020363986819296187e+00
9.666750000000000000e+03,-2.700000000000000000e+01,1.020749549768879660e+00
9.666750000000000000e+03,-2.600000000000000000e+01,1.021139350488150299e+00
9.666750000000000000e+03,-2.500000000000000000e+01,1.021532665107548254e+00
9.666750000000000000e+03,-2.400000000000000000e+01,1.021928664977872714e+00
9.666750000000000000e+03,-2.300000000000000000e+01,1.022326411622909603e+00
9.666750000000000000e+03,-2.200000000000000000e+01,1.022724852947953345e+00
9.666750000000000000e+03,-2.100000000000000000e+01,1.023122821044976760e+00
9.666750000000000000e+03,-2.000000000000000000e+01,1.023519031940249846e+00
9.666750000000000000e+03,-1.900000000000000000e+01,1.023912087612558253e+00
9.666750000000000000e+03,-1.800000000000000000e+01,1.024300480574002137e+00
9.666750000000000000e+03,-1.700000000000000000e+01,1.024682601243423363e+00
9.666750000000000000e+03,-1.600000000000000000e+01,1.025056748258263983e+00
9.666750000000000000e+03,-1.500000000000000000e+01,1.025421141767817623e+00
9.666750000000000000e+03,-1.400000000000000000e+01,1.025773939633233045e+00
9.666750000000000000e+03,-1.300000000000000000e+01,1.026113256337499724e+00
9.666750000000000000e+03,-1.200000000000000000e+01,1.026437184289819449e+00
9.666750000000000000e+03,-1.100000000000000000e+01,1.026743817101904543e+00
9.666750000000000000e+03,-1.000000000000000000e+01,1.027031274327599997e+00
9.666750000000000000e+03,-9.000000000000000000e+00,1.027297727095253688e+00
9.666750000000000000e+03,-8.000000000000000000e+00,1.027541424027518246e+00
9.666750000000000000e+03,-7.000000000000000000e+00,1.027760716834884125e+00
9.666750000000000000e+03,-6.000000000000000000e+00,1.027954084983863980e+00
9.666750000000000000e+03,-5.000000000000000000e+00,1.028120158874693324e+00
9.666750000000000000e+03,-4.000000000000000000e+00,1.028257741011805670e+00
9.666750000000000000e+03,-3.000000000000000000e+00,1.028365824708715737e+00
9.666750000000000000e+03,-2.000000000000000000e+00,1.028443609934033276e+00
9.666750000000000000e+03,-1.000000000000000000e+00,1.028490515974257891e+00
9.666750000000000000e+03,0.000000000000000000e+00,1.028506190659992159e+00
9.666750000000000000e+03,1.000000000000000000e+00,1.028490515974257669e+00
9.666750000000000000e+03,2.000000000000000000e+00,1.028443609934033276e+00
9.666750000000000000e+03,3.000000000000000000e+00,1.028365824708715959e+00
9.666750000000000000e+03,4.000000000000000000e+00,1.028257741011806115e+00
9.666750000000000000e+03,5.000000000000000000e+00,1.028120158874692436e+00
9.666750000000000000e+03,6.000000000000000000e+00,1.027954084983862870e+00
9.666750000000000000e+03,7.000000000000000000e+00,1.027760716834885235e+00
9.666750000000000000e+03,8.000000000000000000e+00,1.027541424027518469e+00
9.666750000000000000e+03,9.000000000000000000e+00,1.027297727095252800e+00
9.666750000000000000e+03,1.000000000000000000e+01,1.027031274327601551e+00
9.666750000000000000e+03,1.100000000000000000e+01,1.026743817101902323e+00
9.666750000000000000e+03,1.200000000000000000e+01,1.026437184289819449e+00
9.666750000000000000e+03,1.300000000000000000e+01,1.026113256337501944e+00
9.666750000000000000e+03,1.400000000000000000e+01,1.025773939633231269e+00
9.666750000000000000e+03,1.500000000000000000e+01,1.025421141767826061e+00
9.666750000000000000e+03,1.600000000000000000e+01,1.025056748258263539e+00
9.666750000000000000e+03,1.700000000000000000e+01,1.024682601243414481e+00
9.666750000000000000e+03,1.800000000000000000e+01,1.024300480574012795e+00
9.666750000000000000e+03,1.900000000000000000e+01,1.023912087612549371e+00
9.666750000000000000e+03,2.000000000000000000e+01,1.023519031940254287e+00
9.666750000000000000e+03,2.100000000000000000e+01,1.023122821044978537e+00
9.666750000000000000e+03,2.200000000000000000e+01,1.022724852947949792e+00
9.666750000000000000e+03,2.300000000000000000e+01,1.022326411622921150e+00
9.666750000000000000e+03,2.400000000000000000e+01,1.021928664977856727e+00
9.666750000000000000e+03,2.500000000000000000e+01,1.021532665107541149e+00
9.666750000000000000e+03,2.600000000000000000e+01,1.021139350488152076e+00
9.666750000000000000e+03,2.700000000000000000e+01,1.020749549768884989e+00
9.666750000000000000e+03,2.800000000000000000e+01,1.020363986819303292e+00
9.666750000000000000e+03,2.900000000000000000e+01,1.019983286709226888e+00
9.666750000000000000e+03,3.000000000000000000e+01,1.019607982327398688e+00
9.833250000000000000e+03,-3.000000000000000000e+01,1.019607982327398688e+00
9.833250000000000000e+03,-2.900000000000000000e+01,1.019983286709221559e+00
9.833250000000000000e+03,-2.800000000000000000e+01,1.020363986819296187e+00
9.833250000000000000e+03,-2.700000000000000000e+01,1.020749549768879660e+00
9.833250000000000000e+03,-2.600000000000000000e+01,1.021139350488150299e+00
9.833250000000000000e+03,-2.500000000000000000e+01,1.021532665107548254e+00
9.833250000000000000e+03,-2.400000000000000000e+01,1.021928664977872714e+00
9.833250000000000000e+03,-2.300000000000000000e+01,1.022326411622909603e+00
9.833250000000000000e+03,-2.200000000000000000e+01,1.022724852947953345e+00
9.833250000000000000e+03,-2.100000000000000000e+01,1.023122821044976760e+00
9.833250000000000000e+03,-2.000000000000000000e+01,1.023519031940249846e+00
9.833250000000000000e+03,-1.900000000000000000e+01,1.023912087612558253e+00
9.833250000000000000e+03,-1.800000000000000000e+01,1.024300480574002137e+00
9.833250000000000000e+03,-1.700000000000000000e+01,1.024682601243423363e+00
9.833250000000000000e+03,-1.600000000000000000e+01,1.025056748258263983e+00
9.833250000000000000e+03,-1.500000000000000000e+01,1.025421141767817623e+00
9.833250000000000000e+03,-1.400000000000000000e+01,1.025773939633233045e+00
9.833250000000000000e+03,-1.300000000000000000e+01,1.026113256337499724e+00
9.833250000000000000e+03,-1.200000000000000000e+01,1.026437184289819449e+00
9.833250000000000000e+03,-1.100000000000000000e+01,1.026743817101904543e+00
9.833250000000000000e+03,-1.000000000000000000e+01,1.027031274327599997e+00
9.833250000000000000e+03,-9.000000000000000000e+00,1.027297727095253688e+00
9.833250000000000000e+03,-8.000000000000000000e+00,1.027541424027518246e+00
9.833250000000000000e+03,-7.000000000000000000e+00,1.027760716834884125e+00
9.833250000000000000e+03,-6.000000000000000000e+00,1.027954084983863980e+00
9.833250000000000000e+03,-5.000000000000000000e+00,1.028120158874693324e+00
9.833250000000000000e+03,-4.000000000000000000e+00,1.028257741011805670e+00
9.833250000000000000e+03,-3.000000000000000000e+00,1.028365824708715737e+00
9.833250000000000000e+03,-2.000000000000000000e+00,1.028443609934033276e+00
9.833250000000000000e+03,-1.000000000000000000e+00,1.028490515974257891e+00
9.833250000000000000e+03,0.000000000000000000e+00,1.028506190659992159e+00
9.833250000000000000e+03,1.000000000000000000e+00,1.028490515974257669e+00
9.833250000000000000e+03,2.000000000000000000e+00,1.028443609934033276e+00
9.833250000000000000e+03,3.000000000000000000e+00,1.028365824708715959e+00
9.833250000000000000e+03,4.000000000000000000e+00,1.028257741011806115e+00
9.833250000000000000e+03,5.000000000000000000e+00,1.028120158874692436e+00
9.833250000000000000e+03,6.000000000000000000e+00,1.027954084983862870e+00
9.833250000000000000e+03,7.000000000000000000e+00,1.027760716834885235e+00
9.833250000000000000e+03,8.000000000000000000e+00,1.027541424027518469e+00
9.833250000000000000e+03,9.000000000000000000e+00,1.027297727095252800e+00
9.833250000000000000e+03,1.000000000000000000e+01,1.027031274327601551e+00
9.833250000000000000e+03,1.100000000000000000e+01,1.026743817101902323e+00
9.833250000000000000e+03,1.200000000000000000e+01,1.026437184289819449e+00
9.833250000000000000e+03,1.300000000000000000e+01,1.026113256337501944e+00
9.833250000000000000e+03,1.400000000000000000e+01,1.025773939633231269e+00
9.833250000000000000e+03,1.500000000000000000e+01,1.025421141767826061e+00
9.833250000000000000e+03,1.600000000000000000e+01,1.025056748258263539e+00
9.833250000000000000e+03,1.700000000000000000e+01,1.024682601243414481e+00
9.833250000000000000e+03,1.800000000000000000e+01,1.024300480574012795e+00
9.833250000000000000e+03,1.900000000000000000e+01,1.023912087612549371e+00
9.833250000000000000e+03,2.000000000000000000e+01,1.023519031940254287e+00
9.833250000000000000e+03,2.100000000000000000e+01,1.023122821044978537e+00
9.833250000000000000e+03,2.200000000000000000e+01,1.022724852947949792e+00
9.833250000000000000e+03,2.300000000000000000e+01,1.022326411622921150e+00
9.833250000000000000e+03,2.400000000000000000e+01,1.021928664977856727e+00
9.833250000000000000e+03,2.500000000000000000e+01,1.021532665107541149e+00
9.833250000000000000e+03,2.600000000000000000e+01,1.021139350488152076e+00
9.833250000000000000e+03,2.700000000000000000e+01,1.020749549768884989e+00
9.833250000000000000e+03,2.800000000000000000e+01,1.020363986819303292e+00
9.833250000000000000e+03,2.900000000000000000e+01,1.019983286709226888e+00
9.833250000000000000e+03,3.000000000000000000e+01,1.019607982327398688e+00
1.000000000000000000e+04,-3.000000000000000000e+01,1.019607982327398688e+00
1.000000000000000000e+04,-2.900000000000000000e+01,1.019983286709221559e+00
1.000000000000000000e+04,-2.800000000000000000e+01,1.020363986819296187e+00
1.000000000000000000e+04,-2.700000000000000000e+01,1.020749549768879660e+00
1.000000000000000000e+04,-2.600000000000000000e+01,1.021139350488150299e+00
1.000000000000000000e+04,-2.500000000000000000e+01,1.021532665107548254e+00
1.000000000000000000e+04,-2.400000000000000000e+01,1.021928664977872714e+00
1.000000000000000000e+04,-2.300000000000000000e+01,1.022326411622909603e+00
1.000000000000000000e+04,-2.200000000000000000e+01,1.022724852947953345e+00
1.000000000000000000e+04,-2.100000000000000000e+01,1.023122821044976760e+00
1.000000000000000000e+04,-2.000000000000000000e+01,1.023519031940249846e+00
1.000000000000000000e+04,-1.900000000000000000e+01,1.023912087612558253e+00
1.000000000000000000e+04,-1.800000000000000000e+01,1.024300480574002137e+00
1.000000000000000000e+04,-1.700000000000000000e+01,1.024682601243423363e+00
1.000000000000000000e+04,-1.600000000000000000e+01,1.025056748258263983e+00
1.000000000000000000e+04,-1.500000000000000000e+01,1.025421141767817623e+00
1.000000000000000000e+04,-1.400000000000000000e+01,1.025773939633233045e+00
1.000000000000000000e+04,-1.300000000000000000e+01,1.026113256337499724e+00
1.000000000000000000e+04,-1.200000000000000000e+01,1.026437184289819449e+00
1.000000000000000000e+04,-1.100000000000000000e+01,1.026743817101904543e+00
1.000000000000000000e+04,-1.000000000000000000e+01,1.027031274327599997e+00
1.000000000000000000e+04,-9.000000000000000000e+00,1.027297727095253688e+00
1.000000000000000000e+04,-8.000000000000000000e+00,1.027541424027518246e+00
1.000000000000000000e+04,-7.000000000000000000e+00,1.027760716834884125e+00
1.000000000000000000e+04,-6.000000000000000000e+00,1.027954084983863980e+00
1.000000000000000000e+04,-5.000000000000000000e+00,1.028120158874693324e+00
1.000000000000000000e+04,-4.000000000000000000e+00,1.028257741011805670e+00
1.000000000000000000e+04,-3.000000000000000000e+00,1.028365824708715737e+00
1.000000000000000000e+04,-2.000000000000000000e+00,1.028443609934033276e+00
1.000000000000000000e+04,-1.000000000000000000e+00,1.028490515974257891e+00
1.000000000000000000e+04,0.000000000000000000e+00,1.028506190659992159e+00
1.000000000000000000e+04,1.000000000000000000e+00,1.028490515974257669e+00
1.000000000000000000e+04,2.000000000000000000e+00,1.028443609934033276e+00
1.000000000000000000e+04,3.000000000000000000e+00,1.028365824708715959e+00
1.000000000000000000e+04,4.000000000000000000e+00,1.028257741011806115e+00
1.000000000000000000e+04,5.000000000000000000e+00,1.028120158874692436e+00
1.000000000000000000e+04,6.000000000000000000e+00,1.027954084983862870e+00
1.000000000000000000e+04,7.000000000000000000e+00,1.027760716834885235e+00
1.000000000000000000e+04,8.000000000000000000e+00,1.027541424027518469e+00
1.000000000000000000e+04,9.000000000000000000e+00,1.027297727095252800e+00
1.000000000000000000e+04,1.000000000000000000e+01,1.027031274327601551e+00
1.000000000000000000e+04,1.100000000000000000e+01,1.026743817101902323e+00
1.000000000000000000e+04,1.200000000000000000e+01,1.026437184289819449e+00
1.000000000000000000e+04,1.300000000000000000e+01,1.026113256337501944e+00
1.000000000000000000e+04,1.400000000000000000e+01,1.025773939633231269e+00
1.000000000000000000e+04,1.500000000000000000e+01,1.025421141767826061e+00
1.000000000000000000e+04,1.600000000000000000e+01,1.025056748258263539e+00
1.000000000000000000e+04,1.700000000000000000e+01,1.024682601243414481e+00
1.000000000000000000e+04,1.800000000000000000e+01,1.024300480574012795e+00
1.000000000000000000e+04,1.900000000000000000e+01,1.023912087612549371e+00
1.000000000000000000e+04,2.000000000000000000e+01,1.023519031940254287e+00
1.000000000000000000e+04,2.100000000000000000e+01,1.023122821044978537e+00
1.000000000000000000e+04,2.200000000000000000e+01,1.022724852947949792e+00
1.000000000000000000e+04,2.300000000000000000e+01,1.022326411622921150e+00
1.000000000000000000e+04,2.400000000000000000e+01,1.021928664977856727e+00
1.000000000000000000e+04,2.500000000000000000e+01,1.021532665107541149e+00
1.000000000000000000e+04,2.600000000000000000e+01,1.021139350488152076e+00
1.000000000000000000e+04,2.700000000000000000e+01,1.020749549768884989e+00
1.000000000000000000e+04,2.800000000000000000e+01,1.020363986819303292e+00
1.000000000000000000e+04,2.900000000000000000e+01,1.019983286709226888e+00
1.000000000000000000e+04,3.000000000000000000e+01,1.019607982327398688e+00
