tau,q,ask_depth
0.000000000000000000e+00,-3.000000000000000000e+01,4.987541511039093600e-01
0.000000000000000000e+00,-2.900000000000000000e+01,4.987541511039016995e-01
0.000000000000000000e+00,-2.800000000000000000e+01,4.987541511039065845e-01
0.000000000000000000e+00,-2.700000000000000000e+01,4.987541511039135789e-01
0.000000000000000000e+00,-2.600000000000000000e+01,4.987541511039086939e-01
0.000000000000000000e+00,-2.500000000000000000e+01,4.987541511039002562e-01
0.000000000000000000e+00,-2.400000000000000000e+01,4.987541511039086939e-01
0.000000000000000000e+00,-2.300000000000000000e+01,4.987541511039129127e-01
0.000000000000000000e+00,-2.200000000000000000e+01,4.987541511039012554e-01
0.000000000000000000e+00,-2.100000000000000000e+01,4.987541511039064179e-01
0.000000000000000000e+00,-2.000000000000000000e+01,4.987541511039191300e-01
0.000000000000000000e+00,-1.900000000000000000e+01,4.987541511038997011e-01
0.000000000000000000e+00,-1.800000000000000000e+01,4.987541511039010889e-01
0.000000000000000000e+00,-1.700000000000000000e+01,4.987541511039216835e-01
0.000000000000000000e+00,-1.600000000000000000e+01,4.987541511038957598e-01
0.000000000000000000e+00,-1.500000000000000000e+01,4.987541511039039754e-01
0.000000000000000000e+00,-1.400000000000000000e+01,4.987541511039279007e-01
0.000000000000000000e+00,-1.300000000000000000e+01,4.987541511038902087e-01
0.000000000000000000e+00,-1.200000000000000000e+01,4.987541511039080278e-01
0.000000000000000000e+00,-1.100000000000000000e+01,4.987541511039089159e-01
0.000000000000000000e+00,-1.000000000000000000e+01,4.987541511039076947e-01
0.000000000000000000e+00,-9.000000000000000000e+00,4.987541511039174646e-01
0.000000000000000000e+00,-8.000000000000000000e+00,4.987541511038890985e-01
0.000000000000000000e+00,-7.000000000000000000e+00,4.987541511039256803e-01
0.000000000000000000e+00,-6.000000000000000000e+00,4.987541511038927622e-01
0.000000000000000000e+00,-5.000000000000000000e+00,4.987541511039177977e-01
0.000000000000000000e+00,-4.000000000000000000e+00,4.987541511038974251e-01
0.000000000000000000e+00,-3.000000000000000000e+00,4.987541511039200182e-01
0.000000000000000000e+00,-2.000000000000000000e+00,4.987541511038919850e-01
0.000000000000000000e+00,-1.000000000000000000e+00,4.987541511039227937e-01
0.000000000000000000e+00,0.000000000000000000e+00,4.987541511038990349e-01
0.000000000000000000e+00,1.000000000000000000e+00,4.987541511039043085e-01
0.000000000000000000e+00,2.000000000000000000e+00,4.987541511039155773e-01
0.000000000000000000e+00,3.000000000000000000e+00,4.987541511039028097e-01
0.000000000000000000e+00,4.000000000000000000e+00,4.987541511039091380e-01
0.000000000000000000e+00,5.000000000000000000e+00,4.987541511039016995e-01
0.000000000000000000e+00,6.000000000000000000e+00,4.987541511039212394e-01
0.000000000000000000e+00,7.000000000000000000e+00,4.987541511038866004e-01
0.000000000000000000e+00,8.000000000000000000e+00,4.987541511039311204e-01
0.000000000000000000e+00,9.000000000000000000e+00,4.987541511038838804e-01
0.000000000000000000e+00,1.000000000000000000e+01,4.987541511039181308e-01
0.000000000000000000e+00,1.100000000000000000e+01,4.987541511039094710e-01
0.000000000000000000e+00,1.200000000000000000e+01,4.987541511039101372e-01
0.000000000000000000e+00,1.300000000000000000e+01,4.987541511039054742e-01
0.000000000000000000e+00,1.400000000000000000e+01,4.987541511038923736e-01
0.000000000000000000e+00,1.500000000000000000e+01,4.987541511039264575e-01
0.000000000000000000e+00,1.600000000000000000e+01,4.987541511039031428e-01
0.000000000000000000e+00,1.700000000000000000e+01,4.987541511038989794e-01
0.000000000000000000e+00,1.800000000000000000e+01,4.987541511039190190e-01
0.000000000000000000e+00,1.900000000000000000e+01,4.987541511039001452e-01
0.000000000000000000e+00,2.000000000000000000e+01,4.987541511039065845e-01
0.000000000000000000e+00,2.100000000000000000e+01,4.987541511039171316e-01
0.000000000000000000e+00,2.200000000000000000e+01,4.987541511038989239e-01
0.000000000000000000e+00,2.300000000000000000e+01,4.987541511039015329e-01
0.000000000000000000e+00,2.400000000000000000e+01,4.987541511039157993e-01
0.000000000000000000e+00,2.500000000000000000e+01,4.987541511039073616e-01
0.000000000000000000e+00,2.600000000000000000e+01,4.987541511039036424e-01
0.000000000000000000e+00,2.700000000000000000e+01,4.987541511039128017e-01
0.000000000000000000e+00,2.800000000000000000e+01,4.987541511039110254e-01
0.000000000000000000e+00,2.900000000000000000e+01,4.987541511038977582e-01
0.000000000000000000e+00,3.000000000000000000e+01,4.987541511038987019e-01
1.666666666666666572e+02,-3.000000000000000000e+01,1.233351572554679754e+00
1.666666666666666572e+02,-2.900000000000000000e+01,1.212752891713807513e+00
1.666666666666666572e+02,-2.800000000000000000e+01,1.191887179749534731e+00
1.666666666666666572e+02,-2.700000000000000000e+01,1.170753272338950657e+00
1.666666666666666572e+02,-2.600000000000000000e+01,1.149350424397599602e+00
1.666666666666666572e+02,-2.500000000000000000e+01,1.127678352888967339e+00
1.666666666666666572e+02,-2.400000000000000000e+01,1.105737281266959915e+00
1.666666666666666572e+02,-2.300000000000000000e+01,1.083527985238753599e+00
1.666666666666666572e+02,-2.200000000000000000e+01,1.061051839454095980e+00
1.666666666666666572e+02,-2.100000000000000000e+01,1.038310864639059750e+00
1.666666666666666572e+02,-2.000000000000000000e+01,1.015307774598745327e+00
1.666666666666666572e+02,-1.900000000000000000e+01,9.920460224165652541e-01
1.666666666666666572e+02,-1.800000000000000000e+01,9.685298450803099257e-01
1.666666666666666572e+02,-1.700000000000000000e+01,9.447643056707785147e-01
1.666666666666666572e+02,-1.600000000000000000e+01,9.207553321615113973e-01
1.666666666666666572e+02,-1.500000000000000000e+01,8.965097518032294488e-01
1.666666666666666572e+02,-1.400000000000000000e+01,8.720353200095114499e-01
1.666666666666666572e+02,-1.300000000000000000e+01,8.473407426268603215e-01
1.666666666666666572e+02,-1.200000000000000000e+01,8.224356904690119929e-01
1.666666666666666572e+02,-1.100000000000000000e+01,7.973308050275613734e-01
1.666666666666666572e+02,-1.000000000000000000e+01,7.720376943440823148e-01
1.666666666666666572e+02,-9.000000000000000000e+00,7.465689181465249291e-01
1.666666666666666572e+02,-8.000000000000000000e+00,7.209379615168017841e-01
1.666666666666666572e+02,-7.000000000000000000e+00,6.951591965670209650e-01
1.666666666666666572e+02,-6.000000000000000000e+00,6.692478318554027084e-01
1.666666666666666572e+02,-5.000000000000000000e+00,6.432198495639314118e-01
1.666666666666666572e+02,-4.000000000000000000e+00,6.170919307787676722e-01
1.666666666666666572e+02,-3.000000000000000000e+00,5.908813695498743579e-01
1.666666666666666572e+02,-2.000000000000000000e+00,5.646059767435124277e-01
1.666666666666666572e+02,-1.000000000000000000e+00,5.382839750249043265e-01
1.666666666666666572e+02,0.000000000000000000e+00,5.119338866016586165e-01
1.666666666666666572e+02,1.000000000000000000e+00,4.855744156061555517e-01
1.666666666666666572e+02,2.000000000000000000e+00,4.592243271829108409e-01
1.666666666666666572e+02,3.000000000000000000e+00,4.329023254643017404e-01
1.666666666666666572e+02,4.000000000000000000e+00,4.066269326579394772e-01
1.666666666666666572e+02,5.000000000000000000e+00,3.804163714290469400e-01
1.666666666666666572e+02,6.000000000000000000e+00,3.542884526438847548e-01
1.666666666666666572e+02,7.000000000000000000e+00,3.282604703524119039e-01
1.666666666666666572e+02,8.000000000000000000e+00,3.023491056407949795e-01
1.666666666666666572e+02,9.000000000000000000e+00,2.765703406910116624e-01
1.666666666666666572e+02,1.000000000000000000e+01,2.509393840612903492e-01
1.666666666666666572e+02,1.100000000000000000e+01,2.254706078637312427e-01
1.666666666666666572e+02,1.200000000000000000e+01,2.001774971802534608e-01
1.666666666666666572e+02,1.300000000000000000e+01,1.750726117388022862e-01
1.666666666666666572e+02,1.400000000000000000e+01,1.501675595809545682e-01
1.666666666666666572e+02,1.500000000000000000e+01,1.254729821983028848e-01
1.666666666666666572e+02,1.600000000000000000e+01,1.009985504045858296e-01
1.666666666666666572e+02,1.700000000000000000e+01,7.675297004630321496e-02
1.666666666666666572e+02,1.800000000000000000e+01,5.274399653703493174e-02
1.666666666666666572e+02,1.900000000000000000e+01,2.897845712750529712e-02
1.666666666666666572e+02,2.000000000000000000e+01,5.462279791249358141e-03
1.666666666666666572e+02,2.100000000000000000e+01,-1.779947239093099265e-02
1.666666666666666572e+02,2.200000000000000000e+01,-4.080256243124552595e-02
1.666666666666666572e+02,2.300000000000000000e+01,-6.354353724628164501e-02
1.666666666666666572e+02,2.400000000000000000e+01,-8.601968303093882051e-02
1.666666666666666572e+02,2.500000000000000000e+01,-1.082289790591433598e-01
1.666666666666666572e+02,2.600000000000000000e+01,-1.301700506811521163e-01
1.666666666666666572e+02,2.700000000000000000e+01,-1.518421221897861551e-01
1.666666666666666572e+02,2.800000000000000000e+01,-1.732449701311353230e-01
1.666666666666666572e+02,2.900000000000000000e+01,-1.943788775417200632e-01
1.666666666666666572e+02,3.000000000000000000e+01,-2.152445895059920677e-01
3.333333333333333144e+02,-3.000000000000000000e+01,1.233362491195885591e+00
3.333333333333333144e+02,-2.900000000000000000e+01,1.212763749805785274e+00
3.333333333333333144e+02,-2.800000000000000000e+01,1.191897962083993123e+00
3.333333333333333144e+02,-2.700000000000000000e+01,1.170763962783286871e+00
3.333333333333333144e+02,-2.600000000000000000e+01,1.149361005890148224e+00
3.333333333333333144e+02,-2.500000000000000000e+01,1.127688807442243979e+00
3.333333333333333144e+02,-2.400000000000000000e+01,1.105747589980110135e+00
3.333333333333333144e+02,-2.300000000000000000e+01,1.083538128320463256e+00
3.333333333333333144e+02,-2.200000000000000000e+01,1.061061796257225964e+00
3.333333333333333144e+02,-2.100000000000000000e+01,1.038320613708252349e+00
3.333333333333333144e+02,-2.000000000000000000e+01,1.015317293732181714e+00
3.333333333333333144e+02,-1.900000000000000000e+01,9.920552887429551214e-01
3.333333333333333144e+02,-1.800000000000000000e+01,9.685388351520149985e-01
3.333333333333333144e+02,-1.700000000000000000e+01,9.447729955737609320e-01
3.333333333333333144e+02,-1.600000000000000000e+01,9.207636976424968811e-01
3.333333333333333144e+02,-1.500000000000000000e+01,8.965177684141213410e-01
3.333333333333333144e+02,-1.400000000000000000e+01,8.720429632686670374e-01
3.333333333333333144e+02,-1.300000000000000000e+01,8.473479881963554838e-01
3.333333333333333144e+02,-1.200000000000000000e+01,8.224425143464856314e-01
3.333333333333333144e+02,-1.100000000000000000e+01,7.973371837506524340e-01
3.333333333333333144e+02,-1.000000000000000000e+01,7.720436052048920139e-01
3.333333333333333144e+02,-9.000000000000000000e+00,7.465743394129498167e-01
3.333333333333333144e+02,-8.000000000000000000e+00,7.209428726570392687e-01
3.333333333333333144e+02,-7.000000000000000000e+00,6.951635784730803014e-01
3.333333333333333144e+02,-6.000000000000000000e+00,6.692516670610761942e-01
3.333333333333333144e+02,-5.000000000000000000e+00,6.432231224524437296e-01
3.333333333333333144e+02,-4.000000000000000000e+00,6.170946277752435982e-01
3.333333333333333144e+02,-3.000000000000000000e+00,5.908834792938640890e-01
3.333333333333333144e+02,-2.000000000000000000e+00,5.646074902371099880e-01
3.333333333333333144e+02,-1.000000000000000000e+00,5.382848857524805686e-01
3.333333333333333144e+02,0.000000000000000000e+00,5.119341906178996870e-01
3.333333333333333144e+02,1.000000000000000000e+00,4.855741115899146476e-01
3.333333333333333144e+02,2.000000000000000000e+00,4.592234164553344877e-01
3.333333333333333144e+02,3.000000000000000000e+00,4.329008119707042912e-01
3.333333333333333144e+02,4.000000000000000000e+00,4.066248229139496351e-01
3.333333333333333144e+02,5.000000000000000000e+00,3.804136744325709585e-01
3.333333333333333144e+02,6.000000000000000000e+00,3.542851797553726589e-01
3.333333333333333144e+02,7.000000000000000000e+00,3.282566351467384180e-01
3.333333333333333144e+02,8.000000000000000000e+00,3.023447237347357541e-01
3.333333333333333144e+02,9.000000000000000000e+00,2.765654295507741778e-01
3.333333333333333144e+02,1.000000000000000000e+01,2.509339627948654616e-01
3.333333333333333144e+02,1.100000000000000000e+01,2.254646970029214881e-01
3.333333333333333144e+02,1.200000000000000000e+01,2.001711184571624003e-01
3.333333333333333144e+02,1.300000000000000000e+01,1.750657878613285923e-01
3.333333333333333144e+02,1.400000000000000000e+01,1.501603140114592949e-01
3.333333333333333144e+02,1.500000000000000000e+01,1.254653389391474083e-01
3.333333333333333144e+02,1.600000000000000000e+01,1.009905337936941039e-01
3.333333333333333144e+02,1.700000000000000000e+01,7.674460456531756458e-02
3.333333333333333144e+02,1.800000000000000000e+01,5.273530663405251451e-02
3.333333333333333144e+02,1.900000000000000000e+01,2.896946705580033532e-02
3.333333333333333144e+02,2.000000000000000000e+01,5.453013464859490789e-03
3.333333333333333144e+02,2.100000000000000000e+01,-1.780899152436737909e-02
3.333333333333333144e+02,2.200000000000000000e+01,-4.081231150043801437e-02
3.333333333333333144e+02,2.300000000000000000e+01,-6.355349404941162961e-02
3.333333333333333144e+02,2.400000000000000000e+01,-8.602982611264869961e-02
3.333333333333333144e+02,2.500000000000000000e+01,-1.082392877722934688e-01
3.333333333333333144e+02,2.600000000000000000e+01,-1.301805052344287561e-01
3.333333333333333144e+02,2.700000000000000000e+01,-1.518527036823347776e-01
3.333333333333333144e+02,2.800000000000000000e+01,-1.732556605754715373e-01
3.333333333333333144e+02,2.900000000000000000e+01,-1.943896598761784555e-01
3.333333333333333144e+02,3.000000000000000000e+01,-2.152554475979697179e-01
5.000000000000000000e+02,-3.000000000000000000e+01,1.233362491320562082e+00
5.000000000000000000e+02,-2.900000000000000000e+01,1.212763749929770984e+00
5.000000000000000000e+02,-2.800000000000000000e+01,1.191897962207114192e+00
5.000000000000000000e+02,-2.700000000000000000e+01,1.170763962905359001e+00
5.000000000000000000e+02,-2.600000000000000000e+01,1.149361006010976904e+00
5.000000000000000000e+02,-2.500000000000000000e+01,1.127688807561623596e+00
5.000000000000000000e+02,-2.400000000000000000e+01,1.105747590097824862e+00
5.000000000000000000e+02,-2.300000000000000000e+01,1.083538128436287051e+00
5.000000000000000000e+02,-2.200000000000000000e+01,1.061061796370923238e+00
5.000000000000000000e+02,-2.100000000000000000e+01,1.038320613819577520e+00
5.000000000000000000e+02,-2.000000000000000000e+01,1.015317293840881874e+00
5.000000000000000000e+02,-1.900000000000000000e+01,9.920552888487687015e-01
5.000000000000000000e+02,-1.800000000000000000e+01,9.685388352546744350e-01
5.000000000000000000e+02,-1.700000000000000000e+01,9.447729956729928880e-01
5.000000000000000000e+02,-1.600000000000000000e+01,9.207636977380246890e-01
5.000000000000000000e+02,-1.500000000000000000e+01,8.965177685056653356e-01
5.000000000000000000e+02,-1.400000000000000000e+01,8.720429633559479976e-01
5.000000000000000000e+02,-1.300000000000000000e+01,8.473479882790954099e-01
5.000000000000000000e+02,-1.200000000000000000e+01,8.224425144244102981e-01
5.000000000000000000e+02,-1.100000000000000000e+01,7.973371838234937226e-01
5.000000000000000000e+02,-1.000000000000000000e+01,7.720436052723909093e-01
5.000000000000000000e+02,-9.000000000000000000e+00,7.465743394748578510e-01
5.000000000000000000e+02,-8.000000000000000000e+00,7.209428727131220738e-01
5.000000000000000000e+02,-7.000000000000000000e+00,6.951635785231196074e-01
5.000000000000000000e+02,-6.000000000000000000e+00,6.692516671048724941e-01
5.000000000000000000e+02,-5.000000000000000000e+00,6.432231224898187216e-01
5.000000000000000000e+02,-4.000000000000000000e+00,6.170946278060422951e-01
5.000000000000000000e+02,-3.000000000000000000e+00,5.908834793179563727e-01
5.000000000000000000e+02,-2.000000000000000000e+00,5.646074902543934959e-01
5.000000000000000000e+02,-1.000000000000000000e+00,5.382848857628808048e-01
5.000000000000000000e+02,0.000000000000000000e+00,5.119341906213713544e-01
5.000000000000000000e+02,1.000000000000000000e+00,4.855741115864428692e-01
5.000000000000000000e+02,2.000000000000000000e+00,4.592234164449343625e-01
5.000000000000000000e+02,3.000000000000000000e+00,4.329008119534207832e-01
5.000000000000000000e+02,4.000000000000000000e+00,4.066248228898572403e-01
5.000000000000000000e+02,5.000000000000000000e+00,3.804136744017723171e-01
5.000000000000000000e+02,6.000000000000000000e+00,3.542851797179976669e-01
5.000000000000000000e+02,7.000000000000000000e+00,3.282566351029420626e-01
5.000000000000000000e+02,8.000000000000000000e+00,3.023447236846963371e-01
5.000000000000000000e+02,9.000000000000000000e+00,2.765654294946912617e-01
5.000000000000000000e+02,1.000000000000000000e+01,2.509339627329574274e-01
5.000000000000000000e+02,1.100000000000000000e+01,2.254646969354225372e-01
5.000000000000000000e+02,1.200000000000000000e+01,2.001711183843210007e-01
5.000000000000000000e+02,1.300000000000000000e+01,1.750657877834039255e-01
5.000000000000000000e+02,1.400000000000000000e+01,1.501603139287193689e-01
5.000000000000000000e+02,1.500000000000000000e+01,1.254653388518665036e-01
5.000000000000000000e+02,1.600000000000000000e+01,1.009905337021499983e-01
5.000000000000000000e+02,1.700000000000000000e+01,7.674460446978992323e-02
5.000000000000000000e+02,1.800000000000000000e+01,5.273530653482033648e-02
5.000000000000000000e+02,1.900000000000000000e+01,2.896946695314089881e-02
5.000000000000000000e+02,2.000000000000000000e+01,5.453013359045855157e-03
5.000000000000000000e+02,2.100000000000000000e+01,-1.780899163306753907e-02
5.000000000000000000e+02,2.200000000000000000e+01,-4.081231161176340771e-02
5.000000000000000000e+02,2.300000000000000000e+01,-6.355349416310868138e-02
5.000000000000000000e+02,2.400000000000000000e+01,-8.602982622847227256e-02
5.000000000000000000e+02,2.500000000000000000e+01,-1.082392878900080846e-01
5.000000000000000000e+02,2.600000000000000000e+01,-1.301805053538083734e-01
5.000000000000000000e+02,2.700000000000000000e+01,-1.518527038031634580e-01
5.000000000000000000e+02,2.800000000000000000e+01,-1.732556606975437785e-01
5.000000000000000000e+02,2.900000000000000000e+01,-1.943896599992995244e-01
5.000000000000000000e+02,3.000000000000000000e+01,-2.152554477219554285e-01
6.666666666666666288e+02,-3.000000000000000000e+01,1.233362491320563636e+00
6.666666666666666288e+02,-2.900000000000000000e+01,1.212763749929772539e+00
6.666666666666666288e+02,-2.800000000000000000e+01,1.191897962207115524e+00
6.666666666666666288e+02,-2.700000000000000000e+01,1.170763962905360556e+00
6.666666666666666288e+02,-2.600000000000000000e+01,1.149361006010978237e+00
6.666666666666666288e+02,-2.500000000000000000e+01,1.127688807561625151e+00
6.666666666666666288e+02,-2.400000000000000000e+01,1.105747590097826194e+00
6.666666666666666288e+02,-2.300000000000000000e+01,1.083538128436288384e+00
6.666666666666666288e+02,-2.200000000000000000e+01,1.061061796370924348e+00
6.666666666666666288e+02,-2.100000000000000000e+01,1.038320613819578853e+00
6.666666666666666288e+02,-2.000000000000000000e+01,1.015317293840883206e+00
6.666666666666666288e+02,-1.900000000000000000e+01,9.920552888487700338e-01
6.666666666666666288e+02,-1.800000000000000000e+01,9.685388352546754342e-01
6.666666666666666288e+02,-1.700000000000000000e+01,9.447729956729942202e-01
6.666666666666666288e+02,-1.600000000000000000e+01,9.207636977380256882e-01
6.666666666666666288e+02,-1.500000000000000000e+01,8.965177685056664458e-01
6.666666666666666288e+02,-1.400000000000000000e+01,8.720429633559489968e-01
6.666666666666666288e+02,-1.300000000000000000e+01,8.473479882790965201e-01
6.666666666666666288e+02,-1.200000000000000000e+01,8.224425144244111863e-01
6.666666666666666288e+02,-1.100000000000000000e+01,7.973371838234948328e-01
6.666666666666666288e+02,-1.000000000000000000e+01,7.720436052723916864e-01
6.666666666666666288e+02,-9.000000000000000000e+00,7.465743394748586281e-01
6.666666666666666288e+02,-8.000000000000000000e+00,7.209428727131227399e-01
6.666666666666666288e+02,-7.000000000000000000e+00,6.951635785231201625e-01
6.666666666666666288e+02,-6.000000000000000000e+00,6.692516671048729382e-01
6.666666666666666288e+02,-5.000000000000000000e+00,6.432231224898191657e-01
6.666666666666666288e+02,-4.000000000000000000e+00,6.170946278060426282e-01
6.666666666666666288e+02,-3.000000000000000000e+00,5.908834793179568168e-01
6.666666666666666288e+02,-2.000000000000000000e+00,5.646074902543936069e-01
6.666666666666666288e+02,-1.000000000000000000e+00,5.382848857628808048e-01
6.666666666666666288e+02,0.000000000000000000e+00,5.119341906213714655e-01
6.666666666666666288e+02,1.000000000000000000e+00,4.855741115864428692e-01
6.666666666666666288e+02,2.000000000000000000e+00,4.592234164449341405e-01
6.666666666666666288e+02,3.000000000000000000e+00,4.329008119534207277e-01
6.666666666666666288e+02,4.000000000000000000e+00,4.066248228898569628e-01
6.666666666666666288e+02,5.000000000000000000e+00,3.804136744017719840e-01
6.666666666666666288e+02,6.000000000000000000e+00,3.542851797179971118e-01
6.666666666666666288e+02,7.000000000000000000e+00,3.282566351029416740e-01
6.666666666666666288e+02,8.000000000000000000e+00,3.023447236846957820e-01
6.666666666666666288e+02,9.000000000000000000e+00,2.765654294946906511e-01
6.666666666666666288e+02,1.000000000000000000e+01,2.509339627329566502e-01
6.666666666666666288e+02,1.100000000000000000e+01,2.254646969354217600e-01
6.666666666666666288e+02,1.200000000000000000e+01,2.001711183843200570e-01
6.666666666666666288e+02,1.300000000000000000e+01,1.750657877834032039e-01
6.666666666666666288e+02,1.400000000000000000e+01,1.501603139287183142e-01
6.666666666666666288e+02,1.500000000000000000e+01,1.254653388518655599e-01
6.666666666666666288e+02,1.600000000000000000e+01,1.009905337021487215e-01
6.666666666666666288e+02,1.700000000000000000e+01,7.674460446978892403e-02
6.666666666666666288e+02,1.800000000000000000e+01,5.273530653481922625e-02
6.666666666666666288e+02,1.900000000000000000e+01,2.896946695313989961e-02
6.666666666666666288e+02,2.000000000000000000e+01,5.453013359044578401e-03
6.666666666666666288e+02,2.100000000000000000e+01,-1.780899163306864930e-02
6.666666666666666288e+02,2.200000000000000000e+01,-4.081231161176462896e-02
6.666666666666666288e+02,2.300000000000000000e+01,-6.355349416311012467e-02
6.666666666666666288e+02,2.400000000000000000e+01,-8.602982622847360483e-02
6.666666666666666288e+02,2.500000000000000000e+01,-1.082392878900095279e-01
6.666666666666666288e+02,2.600000000000000000e+01,-1.301805053538097057e-01
6.666666666666666288e+02,2.700000000000000000e+01,-1.518527038031649012e-01
6.666666666666666288e+02,2.800000000000000000e+01,-1.732556606975451108e-01
6.666666666666666288e+02,2.900000000000000000e+01,-1.943896599993009677e-01
6.666666666666666288e+02,3.000000000000000000e+01,-2.152554477219568718e-01
8.333333333333332575e+02,-3.000000000000000000e+01,1.233362491320563636e+00
8.333333333333332575e+02,-2.900000000000000000e+01,1.212763749929772539e+00
8.333333333333332575e+02,-2.800000000000000000e+01,1.191897962207115524e+00
8.333333333333332575e+02,-2.700000000000000000e+01,1.170763962905360556e+00
8.333333333333332575e+02,-2.600000000000000000e+01,1.149361006010978237e+00
8.333333333333332575e+02,-2.500000000000000000e+01,1.127688807561625151e+00
8.333333333333332575e+02,-2.400000000000000000e+01,1.105747590097826194e+00
8.333333333333332575e+02,-2.300000000000000000e+01,1.083538128436288384e+00
8.333333333333332575e+02,-2.200000000000000000e+01,1.061061796370924348e+00
8.333333333333332575e+02,-2.100000000000000000e+01,1.038320613819578853e+00
8.333333333333332575e+02,-2.000000000000000000e+01,1.015317293840883206e+00
8.333333333333332575e+02,-1.900000000000000000e+01,9.920552888487700338e-01
8.333333333333332575e+02,-1.800000000000000000e+01,9.685388352546754342e-01
8.333333333333332575e+02,-1.700000000000000000e+01,9.447729956729942202e-01
8.333333333333332575e+02,-1.600000000000000000e+01,9.207636977380256882e-01
8.333333333333332575e+02,-1.500000000000000000e+01,8.965177685056664458e-01
8.333333333333332575e+02,-1.400000000000000000e+01,8.720429633559489968e-01
8.333333333333332575e+02,-1.300000000000000000e+01,8.473479882790965201e-01
8.333333333333332575e+02,-1.200000000000000000e+01,8.224425144244111863e-01
8.333333333333332575e+02,-1.100000000000000000e+01,7.973371838234948328e-01
8.333333333333332575e+02,-1.000000000000000000e+01,7.720436052723916864e-01
8.333333333333332575e+02,-9.000000000000000000e+00,7.465743394748586281e-01
8.333333333333332575e+02,-8.000000000000000000e+00,7.209428727131227399e-01
8.333333333333332575e+02,-7.000000000000000000e+00,6.951635785231201625e-01
8.333333333333332575e+02,-6.000000000000000000e+00,6.692516671048729382e-01
8.333333333333332575e+02,-5.000000000000000000e+00,6.432231224898191657e-01
8.333333333333332575e+02,-4.000000000000000000e+00,6.170946278060426282e-01
8.333333333333332575e+02,-3.000000000000000000e+00,5.908834793179568168e-01
8.333333333333332575e+02,-2.000000000000000000e+00,5.646074902543936069e-01
8.333333333333332575e+02,-1.000000000000000000e+00,5.382848857628808048e-01
8.333333333333332575e+02,0.000000000000000000e+00,5.119341906213714655e-01
8.333333333333332575e+02,1.000000000000000000e+00,4.855741115864428692e-01
8.333333333333332575e+02,2.000000000000000000e+00,4.592234164449341405e-01
8.333333333333332575e+02,3.000000000000000000e+00,4.329008119534207277e-01
8.333333333333332575e+02,4.000000000000000000e+00,4.066248228898569628e-01
8.333333333333332575e+02,5.000000000000000000e+00,3.804136744017719840e-01
8.333333333333332575e+02,6.000000000000000000e+00,3.542851797179971118e-01
8.333333333333332575e+02,7.000000000000000000e+00,3.282566351029416740e-01
8.333333333333332575e+02,8.000000000000000000e+00,3.023447236846957820e-01
8.333333333333332575e+02,9.000000000000000000e+00,2.765654294946906511e-01
8.333333333333332575e+02,1.000000000000000000e+01,2.509339627329566502e-01
8.333333333333332575e+02,1.100000000000000000e+01,2.254646969354217600e-01
8.333333333333332575e+02,1.200000000000000000e+01,2.001711183843200570e-01
8.333333333333332575e+02,1.300000000000000000e+01,1.750657877834032039e-01
8.333333333333332575e+02,1.400000000000000000e+01,1.501603139287183142e-01
8.333333333333332575e+02,1.500000000000000000e+01,1.254653388518655599e-01
8.333333333333332575e+02,1.600000000000000000e+01,1.009905337021487215e-01
8.333333333333332575e+02,1.700000000000000000e+01,7.674460446978892403e-02
8.333333333333332575e+02,1.800000000000000000e+01,5.273530653481922625e-02
8.333333333333332575e+02,1.900000000000000000e+01,2.896946695313989961e-02
8.333333333333332575e+02,2.000000000000000000e+01,5.453013359044578401e-03
8.333333333333332575e+02,2.100000000000000000e+01,-1.780899163306864930e-02
8.333333333333332575e+02,2.200000000000000000e+01,-4.081231161176462896e-02
8.333333333333332575e+02,2.300000000000000000e+01,-6.355349416311012467e-02
8.333333333333332575e+02,2.400000000000000000e+01,-8.602982622847360483e-02
8.333333333333332575e+02,2.500000000000000000e+01,-1.082392878900095279e-01
8.333333333333332575e+02,2.600000000000000000e+01,-1.301805053538097057e-01
8.333333333333332575e+02,2.700000000000000000e+01,-1.518527038031649012e-01
8.333333333333332575e+02,2.800000000000000000e+01,-1.732556606975451108e-01
8.333333333333332575e+02,2.900000000000000000e+01,-1.943896599993009677e-01
8.333333333333332575e+02,3.000000000000000000e+01,-2.152554477219568718e-01
1.000000000000000000e+03,-3.000000000000000000e+01,1.233362491320563636e+00
1.000000000000000000e+03,-2.900000000000000000e+01,1.212763749929772539e+00
1.000000000000000000e+03,-2.800000000000000000e+01,1.191897962207115524e+00
1.000000000000000000e+03,-2.700000000000000000e+01,1.170763962905360556e+00
1.000000000000000000e+03,-2.600000000000000000e+01,1.149361006010978237e+00
1.000000000000000000e+03,-2.500000000000000000e+01,1.127688807561625151e+00
1.000000000000000000e+03,-2.400000000000000000e+01,1.105747590097826194e+00
1.000000000000000000e+03,-2.300000000000000000e+01,1.083538128436288384e+00
1.000000000000000000e+03,-2.200000000000000000e+01,1.061061796370924348e+00
1.000000000000000000e+03,-2.100000000000000000e+01,1.038320613819578853e+00
1.000000000000000000e+03,-2.000000000000000000e+01,1.015317293840883206e+00
1.000000000000000000e+03,-1.900000000000000000e+01,9.920552888487700338e-01
1.000000000000000000e+03,-1.800000000000000000e+01,9.685388352546754342e-01
1.000000000000000000e+03,-1.700000000000000000e+01,9.447729956729942202e-01
1.000000000000000000e+03,-1.600000000000000000e+01,9.207636977380256882e-01
1.000000000000000000e+03,-1.500000000000000000e+01,8.965177685056664458e-01
1.000000000000000000e+03,-1.400000000000000000e+01,8.720429633559489968e-01
1.000000000000000000e+03,-1.300000000000000000e+01,8.473479882790965201e-01
1.000000000000000000e+03,-1.200000000000000000e+01,8.224425144244111863e-01
1.000000000000000000e+03,-1.100000000000000000e+01,7.973371838234948328e-01
1.000000000000000000e+03,-1.000000000000000000e+01,7.720436052723916864e-01
1.000000000000000000e+03,-9.000000000000000000e+00,7.465743394748586281e-01
1.000000000000000000e+03,-8.000000000000000000e+00,7.209428727131227399e-01
1.000000000000000000e+03,-7.000000000000000000e+00,6.951635785231201625e-01
1.000000000000000000e+03,-6.000000000000000000e+00,6.692516671048729382e-01
1.000000000000000000e+03,-5.000000000000000000e+00,6.432231224898191657e-01
1.000000000000000000e+03,-4.000000000000000000e+00,6.170946278060426282e-01
1.000000000000000000e+03,-3.000000000000000000e+00,5.908834793179568168e-01
1.000000000000000000e+03,-2.000000000000000000e+00,5.646074902543936069e-01
1.000000000000000000e+03,-1.000000000000000000e+00,5.382848857628808048e-01
1.000000000000000000e+03,0.000000000000000000e+00,5.119341906213714655e-01
1.000000000000000000e+03,1.000000000000000000e+00,4.855741115864428692e-01
1.000000000000000000e+03,2.000000000000000000e+00,4.592234164449341405e-01
1.000000000000000000e+03,3.000000000000000000e+00,4.329008119534207277e-01
1.000000000000000000e+03,4.000000000000000000e+00,4.066248228898569628e-01
1.000000000000000000e+03,5.000000000000000000e+00,3.804136744017719840e-01
1.000000000000000000e+03,6.000000000000000000e+00,3.542851797179971118e-01
1.000000000000000000e+03,7.000000000000000000e+00,3.282566351029416740e-01
1.000000000000000000e+03,8.000000000000000000e+00,3.023447236846957820e-01
1.000000000000000000e+03,9.000000000000000000e+00,2.765654294946906511e-01
1.000000000000000000e+03,1.000000000000000000e+01,2.509339627329566502e-01
1.000000000000000000e+03,1.100000000000000000e+01,2.254646969354217600e-01
1.000000000000000000e+03,1.200000000000000000e+01,2.001711183843200570e-01
1.000000000000000000e+03,1.300000000000000000e+01,1.750657877834032039e-01
1.000000000000000000e+03,1.400000000000000000e+01,1.501603139287183142e-01
1.000000000000000000e+03,1.500000000000000000e+01,1.254653388518655599e-01
1.000000000000000000e+03,1.600000000000000000e+01,1.009905337021487215e-01
1.000000000000000000e+03,1.700000000000000000e+01,7.674460446978892403e-02
1.000000000000000000e+03,1.800000000000000000e+01,5.273530653481922625e-02
1.000000000000000000e+03,1.900000000000000000e+01,2.896946695313989961e-02
1.000000000000000000e+03,2.000000000000000000e+01,5.453013359044578401e-03
1.000000000000000000e+03,2.100000000000000000e+01,-1.780899163306864930e-02
1.000000000000000000e+03,2.200000000000000000e+01,-4.081231161176462896e-02
1.000000000000000000e+03,2.300000000000000000e+01,-6.355349416311012467e-02
1.000000000000000000e+03,2.400000000000000000e+01,-8.602982622847360483e-02
1.000000000000000000e+03,2.500000000000000000e+01,-1.082392878900095279e-01
1.000000000000000000e+03,2.600000000000000000e+01,-1.301805053538097057e-01
1.000000000000000000e+03,2.700000000000000000e+01,-1.518527038031649012e-01
1.000000000000000000e+03,2.800000000000000000e+01,-1.732556606975451108e-01
1.000000000000000000e+03,2.900000000000000000e+01,-1.943896599993009677e-01
1.000000000000000000e+03,3.000000000000000000e+01,-2.152554477219568718e-01
1.166666666666666515e+03,-3.000000000000000000e+01,1.233362491320563636e+00
1.166666666666666515e+03,-2.900000000000000000e+01,1.212763749929772539e+00
1.166666666666666515e+03,-2.800000000000000000e+01,1.191897962207115524e+00
1.166666666666666515e+03,-2.700000000000000000e+01,1.170763962905360556e+00
1.166666666666666515e+03,-2.600000000000000000e+01,1.149361006010978237e+00
1.166666666666666515e+03,-2.500000000000000000e+01,1.127688807561625151e+00
1.166666666666666515e+03,-2.400000000000000000e+01,1.105747590097826194e+00
1.166666666666666515e+03,-2.300000000000000000e+01,1.083538128436288384e+00
1.166666666666666515e+03,-2.200000000000000000e+01,1.061061796370924348e+00
1.166666666666666515e+03,-2.100000000000000000e+01,1.038320613819578853e+00
1.166666666666666515e+03,-2.000000000000000000e+01,1.015317293840883206e+00
1.166666666666666515e+03,-1.900000000000000000e+01,9.920552888487700338e-01
1.166666666666666515e+03,-1.800000000000000000e+01,9.685388352546754342e-01
1.166666666666666515e+03,-1.700000000000000000e+01,9.447729956729942202e-01
1.166666666666666515e+03,-1.600000000000000000e+01,9.207636977380256882e-01
1.166666666666666515e+03,-1.500000000000000000e+01,8.965177685056664458e-01
1.166666666666666515e+03,-1.400000000000000000e+01,8.720429633559489968e-01
1.166666666666666515e+03,-1.300000000000000000e+01,8.473479882790965201e-01
1.166666666666666515e+03,-1.200000000000000000e+01,8.224425144244111863e-01
1.166666666666666515e+03,-1.100000000000000000e+01,7.973371838234948328e-01
1.166666666666666515e+03,-1.000000000000000000e+01,7.720436052723916864e-01
1.166666666666666515e+03,-9.000000000000000000e+00,7.465743394748586281e-01
1.166666666666666515e+03,-8.000000000000000000e+00,7.209428727131227399e-01
1.166666666666666515e+03,-7.000000000000000000e+00,6.951635785231201625e-01
1.166666666666666515e+03,-6.000000000000000000e+00,6.692516671048729382e-01
1.166666666666666515e+03,-5.000000000000000000e+00,6.432231224898191657e-01
1.166666666666666515e+03,-4.000000000000000000e+00,6.170946278060426282e-01
1.166666666666666515e+03,-3.000000000000000000e+00,5.908834793179568168e-01
1.166666666666666515e+03,-2.000000000000000000e+00,5.646074902543936069e-01
1.166666666666666515e+03,-1.000000000000000000e+00,5.382848857628808048e-01
1.166666666666666515e+03,0.000000000000000000e+00,5.119341906213714655e-01
1.166666666666666515e+03,1.000000000000000000e+00,4.855741115864428692e-01
1.166666666666666515e+03,2.000000000000000000e+00,4.592234164449341405e-01
1.166666666666666515e+03,3.000000000000000000e+00,4.329008119534207277e-01
1.166666666666666515e+03,4.000000000000000000e+00,4.066248228898569628e-01
1.166666666666666515e+03,5.000000000000000000e+00,3.804136744017719840e-01
1.166666666666666515e+03,6.000000000000000000e+00,3.542851797179971118e-01
1.166666666666666515e+03,7.000000000000000000e+00,3.282566351029416740e-01
1.166666666666666515e+03,8.000000000000000000e+00,3.023447236846957820e-01
1.166666666666666515e+03,9.000000000000000000e+00,2.765654294946906511e-01
1.166666666666666515e+03,1.000000000000000000e+01,2.509339627329566502e-01
1.166666666666666515e+03,1.100000000000000000e+01,2.254646969354217600e-01
1.166666666666666515e+03,1.200000000000000000e+01,2.001711183843200570e-01
1.166666666666666515e+03,1.300000000000000000e+01,1.750657877834032039e-01
1.166666666666666515e+03,1.400000000000000000e+01,1.501603139287183142e-01
1.166666666666666515e+03,1.500000000000000000e+01,1.254653388518655599e-01
1.166666666666666515e+03,1.600000000000000000e+01,1.009905337021487215e-01
1.166666666666666515e+03,1.700000000000000000e+01,7.674460446978892403e-02
1.166666666666666515e+03,1.800000000000000000e+01,5.273530653481922625e-02
1.166666666666666515e+03,1.900000000000000000e+01,2.896946695313989961e-02
1.166666666666666515e+03,2.000000000000000000e+01,5.453013359044578401e-03
1.166666666666666515e+03,2.100000000000000000e+01,-1.780899163306864930e-02
1.166666666666666515e+03,2.200000000000000000e+01,-4.081231161176462896e-02
1.166666666666666515e+03,2.300000000000000000e+01,-6.355349416311012467e-02
1.166666666666666515e+03,2.400000000000000000e+01,-8.602982622847360483e-02
1.166666666666666515e+03,2.500000000000000000e+01,-1.082392878900095279e-01
1.166666666666666515e+03,2.600000000000000000e+01,-1.301805053538097057e-01
1.166666666666666515e+03,2.700000000000000000e+01,-1.518527038031649012e-01
1.166666666666666515e+03,2.800000000000000000e+01,-1.732556606975451108e-01
1.166666666666666515e+03,2.900000000000000000e+01,-1.943896599993009677e-01
1.166666666666666515e+03,3.000000000000000000e+01,-2.152554477219568718e-01
1.333333333333333258e+03,-3.000000000000000000e+01,1.233362491320563636e+00
1.333333333333333258e+03,-2.900000000000000000e+01,1.212763749929772539e+00
1.333333333333333258e+03,-2.800000000000000000e+01,1.191897962207115524e+00
1.333333333333333258e+03,-2.700000000000000000e+01,1.170763962905360556e+00
1.333333333333333258e+03,-2.600000000000000000e+01,1.149361006010978237e+00
1.333333333333333258e+03,-2.500000000000000000e+01,1.127688807561625151e+00
1.333333333333333258e+03,-2.400000000000000000e+01,1.105747590097826194e+00
1.333333333333333258e+03,-2.300000000000000000e+01,1.083538128436288384e+00
1.333333333333333258e+03,-2.200000000000000000e+01,1.061061796370924348e+00
1.333333333333333258e+03,-2.100000000000000000e+01,1.038320613819578853e+00
1.333333333333333258e+03,-2.000000000000000000e+01,1.015317293840883206e+00
1.333333333333333258e+03,-1.900000000000000000e+01,9.920552888487700338e-01
1.333333333333333258e+03,-1.800000000000000000e+01,9.685388352546754342e-01
1.333333333333333258e+03,-1.700000000000000000e+01,9.447729956729942202e-01
1.333333333333333258e+03,-1.600000000000000000e+01,9.207636977380256882e-01
1.333333333333333258e+03,-1.500000000000000000e+01,8.965177685056664458e-01
1.333333333333333258e+03,-1.400000000000000000e+01,8.720429633559489968e-01
1.333333333333333258e+03,-1.300000000000000000e+01,8.473479882790965201e-01
1.333333333333333258e+03,-1.200000000000000000e+01,8.224425144244111863e-01
1.333333333333333258e+03,-1.100000000000000000e+01,7.973371838234948328e-01
1.333333333333333258e+03,-1.000000000000000000e+01,7.720436052723916864e-01
1.333333333333333258e+03,-9.000000000000000000e+00,7.465743394748586281e-01
1.333333333333333258e+03,-8.000000000000000000e+00,7.209428727131227399e-01
1.333333333333333258e+03,-7.000000000000000000e+00,6.951635785231201625e-01
1.333333333333333258e+03,-6.000000000000000000e+00,6.692516671048729382e-01
1.333333333333333258e+03,-5.000000000000000000e+00,6.432231224898191657e-01
1.333333333333333258e+03,-4.000000000000000000e+00,6.170946278060426282e-01
1.333333333333333258e+03,-3.000000000000000000e+00,5.908834793179568168e-01
1.333333333333333258e+03,-2.000000000000000000e+00,5.646074902543936069e-01
1.333333333333333258e+03,-1.000000000000000000e+00,5.382848857628808048e-01
1.333333333333333258e+03,0.000000000000000000e+00,5.119341906213714655e-01
1.333333333333333258e+03,1.000000000000000000e+00,4.855741115864428692e-01
1.333333333333333258e+03,2.000000000000000000e+00,4.592234164449341405e-01
1.333333333333333258e+03,3.000000000000000000e+00,4.329008119534207277e-01
1.333333333333333258e+03,4.000000000000000000e+00,4.066248228898569628e-01
1.333333333333333258e+03,5.000000000000000000e+00,3.804136744017719840e-01
1.333333333333333258e+03,6.000000000000000000e+00,3.542851797179971118e-01
1.333333333333333258e+03,7.000000000000000000e+00,3.282566351029416740e-01
1.333333333333333258e+03,8.000000000000000000e+00,3.023447236846957820e-01
1.333333333333333258e+03,9.000000000000000000e+00,2.765654294946906511e-01
1.333333333333333258e+03,1.000000000000000000e+01,2.509339627329566502e-01
1.333333333333333258e+03,1.100000000000000000e+01,2.254646969354217600e-01
1.333333333333333258e+03,1.200000000000000000e+01,2.001711183843200570e-01
1.333333333333333258e+03,1.300000000000000000e+01,1.750657877834032039e-01
1.333333333333333258e+03,1.400000000000000000e+01,1.501603139287183142e-01
1.333333333333333258e+03,1.500000000000000000e+01,1.254653388518655599e-01
1.333333333333333258e+03,1.600000000000000000e+01,1.009905337021487215e-01
1.333333333333333258e+03,1.700000000000000000e+01,7.674460446978892403e-02
1.333333333333333258e+03,1.800000000000000000e+01,5.273530653481922625e-02
1.333333333333333258e+03,1.900000000000000000e+01,2.896946695313989961e-02
1.333333333333333258e+03,2.000000000000000000e+01,5.453013359044578401e-03
1.333333333333333258e+03,2.100000000000000000e+01,-1.780899163306864930e-02
1.333333333333333258e+03,2.200000000000000000e+01,-4.081231161176462896e-02
1.333333333333333258e+03,2.300000000000000000e+01,-6.355349416311012467e-02
1.333333333333333258e+03,2.400000000000000000e+01,-8.602982622847360483e-02
1.333333333333333258e+03,2.500000000000000000e+01,-1.082392878900095279e-01
1.333333333333333258e+03,2.600000000000000000e+01,-1.301805053538097057e-01
1.333333333333333258e+03,2.700000000000000000e+01,-1.518527038031649012e-01
1.333333333333333258e+03,2.800000000000000000e+01,-1.732556606975451108e-01
1.333333333333333258e+03,2.900000000000000000e+01,-1.943896599993009677e-01
1.333333333333333258e+03,3.000000000000000000e+01,-2.152554477219568718e-01
1.500000000000000000e+03,-3.000000000000000000e+01,1.233362491320563636e+00
1.500000000000000000e+03,-2.900000000000000000e+01,1.212763749929772539e+00
1.500000000000000000e+03,-2.800000000000000000e+01,1.191897962207115524e+00
1.500000000000000000e+03,-2.700000000000000000e+01,1.170763962905360556e+00
1.500000000000000000e+03,-2.600000000000000000e+01,1.149361006010978237e+00
1.500000000000000000e+03,-2.500000000000000000e+01,1.127688807561625151e+00
1.500000000000000000e+03,-2.400000000000000000e+01,1.105747590097826194e+00
1.500000000000000000e+03,-2.300000000000000000e+01,1.083538128436288384e+00
1.500000000000000000e+03,-2.200000000000000000e+01,1.061061796370924348e+00
1.500000000000000000e+03,-2.100000000000000000e+01,1.038320613819578853e+00
1.500000000000000000e+03,-2.000000000000000000e+01,1.015317293840883206e+00
1.500000000000000000e+03,-1.900000000000000000e+01,9.920552888487700338e-01
1.500000000000000000e+03,-1.800000000000000000e+01,9.685388352546754342e-01
1.500000000000000000e+03,-1.700000000000000000e+01,9.447729956729942202e-01
1.500000000000000000e+03,-1.600000000000000000e+01,9.207636977380256882e-01
1.500000000000000000e+03,-1.500000000000000000e+01,8.965177685056664458e-01
1.500000000000000000e+03,-1.400000000000000000e+01,8.720429633559489968e-01
1.500000000000000000e+03,-1.300000000000000000e+01,8.473479882790965201e-01
1.500000000000000000e+03,-1.200000000000000000e+01,8.224425144244111863e-01
1.500000000000000000e+03,-1.100000000000000000e+01,7.973371838234948328e-01
1.500000000000000000e+03,-1.000000000000000000e+01,7.720436052723916864e-01
1.500000000000000000e+03,-9.000000000000000000e+00,7.465743394748586281e-01
1.500000000000000000e+03,-8.000000000000000000e+00,7.209428727131227399e-01
1.500000000000000000e+03,-7.000000000000000000e+00,6.951635785231201625e-01
1.500000000000000000e+03,-6.000000000000000000e+00,6.692516671048729382e-01
1.500000000000000000e+03,-5.000000000000000000e+00,6.432231224898191657e-01
1.500000000000000000e+03,-4.000000000000000000e+00,6.170946278060426282e-01
1.500000000000000000e+03,-3.000000000000000000e+00,5.908834793179568168e-01
1.500000000000000000e+03,-2.000000000000000000e+00,5.646074902543936069e-01
1.500000000000000000e+03,-1.000000000000000000e+00,5.382848857628808048e-01
1.500000000000000000e+03,0.000000000000000000e+00,5.119341906213714655e-01
1.500000000000000000e+03,1.000000000000000000e+00,4.855741115864428692e-01
1.500000000000000000e+03,2.000000000000000000e+00,4.592234164449341405e-01
1.500000000000000000e+03,3.000000000000000000e+00,4.329008119534207277e-01
1.500000000000000000e+03,4.000000000000000000e+00,4.066248228898569628e-01
1.500000000000000000e+03,5.000000000000000000e+00,3.804136744017719840e-01
1.500000000000000000e+03,6.000000000000000000e+00,3.542851797179971118e-01
1.500000000000000000e+03,7.000000000000000000e+00,3.282566351029416740e-01
1.500000000000000000e+03,8.000000000000000000e+00,3.023447236846957820e-01
1.500000000000000000e+03,9.000000000000000000e+00,2.765654294946906511e-01
1.500000000000000000e+03,1.000000000000000000e+01,2.509339627329566502e-01
1.500000000000000000e+03,1.100000000000000000e+01,2.254646969354217600e-01
1.500000000000000000e+03,1.200000000000000000e+01,2.001711183843200570e-01
1.500000000000000000e+03,1.300000000000000000e+01,1.750657877834032039e-01
1.500000000000000000e+03,1.400000000000000000e+01,1.501603139287183142e-01
1.500000000000000000e+03,1.500000000000000000e+01,1.254653388518655599e-01
1.500000000000000000e+03,1.600000000000000000e+01,1.009905337021487215e-01
1.500000000000000000e+03,1.700000000000000000e+01,7.674460446978892403e-02
1.500000000000000000e+03,1.800000000000000000e+01,5.273530653481922625e-02
1.500000000000000000e+03,1.900000000000000000e+01,2.896946695313989961e-02
1.500000000000000000e+03,2.000000000000000000e+01,5.453013359044578401e-03
1.500000000000000000e+03,2.100000000000000000e+01,-1.780899163306864930e-02
1.500000000000000000e+03,2.200000000000000000e+01,-4.081231161176462896e-02
1.500000000000000000e+03,2.300000000000000000e+01,-6.355349416311012467e-02
1.500000000000000000e+03,2.400000000000000000e+01,-8.602982622847360483e-02
1.500000000000000000e+03,2.500000000000000000e+01,-1.082392878900095279e-01
1.500000000000000000e+03,2.600000000000000000e+01,-1.301805053538097057e-01
1.500000000000000000e+03,2.700000000000000000e+01,-1.518527038031649012e-01
1.500000000000000000e+03,2.800000000000000000e+01,-1.732556606975451108e-01
1.500000000000000000e+03,2.900000000000000000e+01,-1.943896599993009677e-01
1.500000000000000000e+03,3.000000000000000000e+01,-2.152554477219568718e-01
1.666666666666666515e+03,-3.000000000000000000e+01,1.233362491320563636e+00
1.666666666666666515e+03,-2.900000000000000000e+01,1.212763749929772539e+00
1.666666666666666515e+03,-2.800000000000000000e+01,1.191897962207115524e+00
1.666666666666666515e+03,-2.700000000000000000e+01,1.170763962905360556e+00
1.666666666666666515e+03,-2.600000000000000000e+01,1.149361006010978237e+00
1.666666666666666515e+03,-2.500000000000000000e+01,1.127688807561625151e+00
1.666666666666666515e+03,-2.400000000000000000e+01,1.105747590097826194e+00
1.666666666666666515e+03,-2.300000000000000000e+01,1.083538128436288384e+00
1.666666666666666515e+03,-2.200000000000000000e+01,1.061061796370924348e+00
1.666666666666666515e+03,-2.100000000000000000e+01,1.038320613819578853e+00
1.666666666666666515e+03,-2.000000000000000000e+01,1.015317293840883206e+00
1.666666666666666515e+03,-1.900000000000000000e+01,9.920552888487700338e-01
1.666666666666666515e+03,-1.800000000000000000e+01,9.685388352546754342e-01
1.666666666666666515e+03,-1.700000000000000000e+01,9.447729956729942202e-01
1.666666666666666515e+03,-1.600000000000000000e+01,9.207636977380256882e-01
1.666666666666666515e+03,-1.500000000000000000e+01,8.965177685056664458e-01
1.666666666666666515e+03,-1.400000000000000000e+01,8.720429633559489968e-01
1.666666666666666515e+03,-1.300000000000000000e+01,8.473479882790965201e-01
1.666666666666666515e+03,-1.200000000000000000e+01,8.224425144244111863e-01
1.666666666666666515e+03,-1.100000000000000000e+01,7.973371838234948328e-01
1.666666666666666515e+03,-1.000000000000000000e+01,7.720436052723916864e-01
1.666666666666666515e+03,-9.000000000000000000e+00,7.465743394748586281e-01
1.666666666666666515e+03,-8.000000000000000000e+00,7.209428727131227399e-01
1.666666666666666515e+03,-7.000000000000000000e+00,6.951635785231201625e-01
1.666666666666666515e+03,-6.000000000000000000e+00,6.692516671048729382e-01
1.666666666666666515e+03,-5.000000000000000000e+00,6.432231224898191657e-01
1.666666666666666515e+03,-4.000000000000000000e+00,6.170946278060426282e-01
1.666666666666666515e+03,-3.000000000000000000e+00,5.908834793179568168e-01
1.666666666666666515e+03,-2.000000000000000000e+00,5.646074902543936069e-01
1.666666666666666515e+03,-1.000000000000000000e+00,5.382848857628808048e-01
1.666666666666666515e+03,0.000000000000000000e+00,5.119341906213714655e-01
1.666666666666666515e+03,1.000000000000000000e+00,4.855741115864428692e-01
1.666666666666666515e+03,2.000000000000000000e+00,4.592234164449341405e-01
1.666666666666666515e+03,3.000000000000000000e+00,4.329008119534207277e-01
1.666666666666666515e+03,4.000000000000000000e+00,4.066248228898569628e-01
1.666666666666666515e+03,5.000000000000000000e+00,3.804136744017719840e-01
1.666666666666666515e+03,6.000000000000000000e+00,3.542851797179971118e-01
1.666666666666666515e+03,7.000000000000000000e+00,3.282566351029416740e-01
1.666666666666666515e+03,8.000000000000000000e+00,3.023447236846957820e-01
1.666666666666666515e+03,9.000000000000000000e+00,2.765654294946906511e-01
1.666666666666666515e+03,1.000000000000000000e+01,2.509339627329566502e-01
1.666666666666666515e+03,1.100000000000000000e+01,2.254646969354217600e-01
1.666666666666666515e+03,1.200000000000000000e+01,2.001711183843200570e-01
1.666666666666666515e+03,1.300000000000000000e+01,1.750657877834032039e-01
1.666666666666666515e+03,1.400000000000000000e+01,1.501603139287183142e-01
1.666666666666666515e+03,1.500000000000000000e+01,1.254653388518655599e-01
1.666666666666666515e+03,1.600000000000000000e+01,1.009905337021487215e-01
1.666666666666666515e+03,1.700000000000000000e+01,7.674460446978892403e-02
1.666666666666666515e+03,1.800000000000000000e+01,5.273530653481922625e-02
1.666666666666666515e+03,1.900000000000000000e+01,2.896946695313989961e-02
1.666666666666666515e+03,2.000000000000000000e+01,5.453013359044578401e-03
1.666666666666666515e+03,2.100000000000000000e+01,-1.780899163306864930e-02
1.666666666666666515e+03,2.200000000000000000e+01,-4.081231161176462896e-02
1.666666666666666515e+03,2.300000000000000000e+01,-6.355349416311012467e-02
1.666666666666666515e+03,2.400000000000000000e+01,-8.602982622847360483e-02
1.666666666666666515e+03,2.500000000000000000e+01,-1.082392878900095279e-01
1.666666666666666515e+03,2.600000000000000000e+01,-1.301805053538097057e-01
1.666666666666666515e+03,2.700000000000000000e+01,-1.518527038031649012e-01
1.666666666666666515e+03,2.800000000000000000e+01,-1.732556606975451108e-01
1.666666666666666515e+03,2.900000000000000000e+01,-1.943896599993009677e-01
1.666666666666666515e+03,3.000000000000000000e+01,-2.152554477219568718e-01
1.833333333333333258e+03,-3.000000000000000000e+01,1.233362491320563636e+00
1.833333333333333258e+03,-2.900000000000000000e+01,1.212763749929772539e+00
1.833333333333333258e+03,-2.800000000000000000e+01,1.191897962207115524e+00
1.833333333333333258e+03,-2.700000000000000000e+01,1.170763962905360556e+00
1.833333333333333258e+03,-2.600000000000000000e+01,1.149361006010978237e+00
1.833333333333333258e+03,-2.500000000000000000e+01,1.127688807561625151e+00
1.833333333333333258e+03,-2.400000000000000000e+01,1.105747590097826194e+00
1.833333333333333258e+03,-2.300000000000000000e+01,1.083538128436288384e+00
1.833333333333333258e+03,-2.200000000000000000e+01,1.061061796370924348e+00
1.833333333333333258e+03,-2.100000000000000000e+01,1.038320613819578853e+00
1.833333333333333258e+03,-2.000000000000000000e+01,1.015317293840883206e+00
1.833333333333333258e+03,-1.900000000000000000e+01,9.920552888487700338e-01
1.833333333333333258e+03,-1.800000000000000000e+01,9.685388352546754342e-01
1.833333333333333258e+03,-1.700000000000000000e+01,9.447729956729942202e-01
1.833333333333333258e+03,-1.600000000000000000e+01,9.207636977380256882e-01
1.833333333333333258e+03,-1.500000000000000000e+01,8.965177685056664458e-01
1.833333333333333258e+03,-1.400000000000000000e+01,8.720429633559489968e-01
1.833333333333333258e+03,-1.300000000000000000e+01,8.473479882790965201e-01
1.833333333333333258e+03,-1.200000000000000000e+01,8.224425144244111863e-01
1.833333333333333258e+03,-1.100000000000000000e+01,7.973371838234948328e-01
1.833333333333333258e+03,-1.000000000000000000e+01,7.720436052723916864e-01
1.833333333333333258e+03,-9.000000000000000000e+00,7.465743394748586281e-01
1.833333333333333258e+03,-8.000000000000000000e+00,7.209428727131227399e-01
1.833333333333333258e+03,-7.000000000000000000e+00,6.951635785231201625e-01
1.833333333333333258e+03,-6.000000000000000000e+00,6.692516671048729382e-01
1.833333333333333258e+03,-5.000000000000000000e+00,6.432231224898191657e-01
1.833333333333333258e+03,-4.000000000000000000e+00,6.170946278060426282e-01
1.833333333333333258e+03,-3.000000000000000000e+00,5.908834793179568168e-01
1.833333333333333258e+03,-2.000000000000000000e+00,5.646074902543936069e-01
1.833333333333333258e+03,-1.000000000000000000e+00,5.382848857628808048e-01
1.833333333333333258e+03,0.000000000000000000e+00,5.119341906213714655e-01
1.833333333333333258e+03,1.000000000000000000e+00,4.855741115864428692e-01
1.833333333333333258e+03,2.000000000000000000e+00,4.592234164449341405e-01
1.833333333333333258e+03,3.000000000000000000e+00,4.329008119534207277e-01
1.833333333333333258e+03,4.000000000000000000e+00,4.066248228898569628e-01
1.833333333333333258e+03,5.000000000000000000e+00,3.804136744017719840e-01
1.833333333333333258e+03,6.000000000000000000e+00,3.542851797179971118e-01
1.833333333333333258e+03,7.000000000000000000e+00,3.282566351029416740e-01
1.833333333333333258e+03,8.000000000000000000e+00,3.023447236846957820e-01
1.833333333333333258e+03,9.000000000000000000e+00,2.765654294946906511e-01
1.833333333333333258e+03,1.000000000000000000e+01,2.509339627329566502e-01
1.833333333333333258e+03,1.100000000000000000e+01,2.254646969354217600e-01
1.833333333333333258e+03,1.200000000000000000e+01,2.001711183843200570e-01
1.833333333333333258e+03,1.300000000000000000e+01,1.750657877834032039e-01
1.833333333333333258e+03,1.400000000000000000e+01,1.501603139287183142e-01
1.833333333333333258e+03,1.500000000000000000e+01,1.254653388518655599e-01
1.833333333333333258e+03,1.600000000000000000e+01,1.009905337021487215e-01
1.833333333333333258e+03,1.700000000000000000e+01,7.674460446978892403e-02
1.833333333333333258e+03,1.800000000000000000e+01,5.273530653481922625e-02
1.833333333333333258e+03,1.900000000000000000e+01,2.896946695313989961e-02
1.833333333333333258e+03,2.000000000000000000e+01,5.453013359044578401e-03
1.833333333333333258e+03,2.100000000000000000e+01,-1.780899163306864930e-02
1.833333333333333258e+03,2.200000000000000000e+01,-4.081231161176462896e-02
1.833333333333333258e+03,2.300000000000000000e+01,-6.355349416311012467e-02
1.833333333333333258e+03,2.400000000000000000e+01,-8.602982622847360483e-02
1.833333333333333258e+03,2.500000000000000000e+01,-1.082392878900095279e-01
1.833333333333333258e+03,2.600000000000000000e+01,-1.301805053538097057e-01
1.833333333333333258e+03,2.700000000000000000e+01,-1.518527038031649012e-01
1.833333333333333258e+03,2.800000000000000000e+01,-1.732556606975451108e-01
1.833333333333333258e+03,2.900000000000000000e+01,-1.943896599993009677e-01
1.833333333333333258e+03,3.000000000000000000e+01,-2.152554477219568718e-01
2.000000000000000000e+03,-3.000000000000000000e+01,1.233362491320563636e+00
2.000000000000000000e+03,-2.900000000000000000e+01,1.212763749929772539e+00
2.000000000000000000e+03,-2.800000000000000000e+01,1.191897962207115524e+00
2.000000000000000000e+03,-2.700000000000000000e+01,1.170763962905360556e+00
2.000000000000000000e+03,-2.600000000000000000e+01,1.149361006010978237e+00
2.000000000000000000e+03,-2.500000000000000000e+01,1.127688807561625151e+00
2.000000000000000000e+03,-2.400000000000000000e+01,1.105747590097826194e+00
2.000000000000000000e+03,-2.300000000000000000e+01,1.083538128436288384e+00
2.000000000000000000e+03,-2.200000000000000000e+01,1.061061796370924348e+00
2.000000000000000000e+03,-2.100000000000000000e+01,1.038320613819578853e+00
2.000000000000000000e+03,-2.000000000000000000e+01,1.015317293840883206e+00
2.000000000000000000e+03,-1.900000000000000000e+01,9.920552888487700338e-01
2.000000000000000000e+03,-1.800000000000000000e+01,9.685388352546754342e-01
2.000000000000000000e+03,-1.700000000000000000e+01,9.447729956729942202e-01
2.000000000000000000e+03,-1.600000000000000000e+01,9.207636977380256882e-01
2.000000000000000000e+03,-1.500000000000000000e+01,8.965177685056664458e-01
2.000000000000000000e+03,-1.400000000000000000e+01,8.720429633559489968e-01
2.000000000000000000e+03,-1.300000000000000000e+01,8.473479882790965201e-01
2.000000000000000000e+03,-1.200000000000000000e+01,8.224425144244111863e-01
2.000000000000000000e+03,-1.100000000000000000e+01,7.973371838234948328e-01
2.000000000000000000e+03,-1.000000000000000000e+01,7.720436052723916864e-01
2.000000000000000000e+03,-9.000000000000000000e+00,7.465743394748586281e-01
2.000000000000000000e+03,-8.000000000000000000e+00,7.209428727131227399e-01
2.000000000000000000e+03,-7.000000000000000000e+00,6.951635785231201625e-01
2.000000000000000000e+03,-6.000000000000000000e+00,6.692516671048729382e-01
2.000000000000000000e+03,-5.000000000000000000e+00,6.432231224898191657e-01
2.000000000000000000e+03,-4.000000000000000000e+00,6.170946278060426282e-01
2.000000000000000000e+03,-3.000000000000000000e+00,5.908834793179568168e-01
2.000000000000000000e+03,-2.000000000000000000e+00,5.646074902543936069e-01
2.000000000000000000e+03,-1.000000000000000000e+00,5.382848857628808048e-01
2.000000000000000000e+03,0.000000000000000000e+00,5.119341906213714655e-01
2.000000000000000000e+03,1.000000000000000000e+00,4.855741115864428692e-01
2.000000000000000000e+03,2.000000000000000000e+00,4.592234164449341405e-01
2.000000000000000000e+03,3.000000000000000000e+00,4.329008119534207277e-01
2.000000000000000000e+03,4.000000000000000000e+00,4.066248228898569628e-01
2.000000000000000000e+03,5.000000000000000000e+00,3.804136744017719840e-01
2.000000000000000000e+03,6.000000000000000000e+00,3.542851797179971118e-01
2.000000000000000000e+03,7.000000000000000000e+00,3.282566351029416740e-01
2.000000000000000000e+03,8.000000000000000000e+00,3.023447236846957820e-01
2.000000000000000000e+03,9.000000000000000000e+00,2.765654294946906511e-01
2.000000000000000000e+03,1.000000000000000000e+01,2.509339627329566502e-01
2.000000000000000000e+03,1.100000000000000000e+01,2.254646969354217600e-01
2.000000000000000000e+03,1.200000000000000000e+01,2.001711183843200570e-01
2.000000000000000000e+03,1.300000000000000000e+01,1.750657877834032039e-01
2.000000000000000000e+03,1.400000000000000000e+01,1.501603139287183142e-01
2.000000000000000000e+03,1.500000000000000000e+01,1.254653388518655599e-01
2.000000000000000000e+03,1.600000000000000000e+01,1.009905337021487215e-01
2.000000000000000000e+03,1.700000000000000000e+01,7.674460446978892403e-02
2.000000000000000000e+03,1.800000000000000000e+01,5.273530653481922625e-02
2.000000000000000000e+03,1.900000000000000000e+01,2.896946695313989961e-02
2.000000000000000000e+03,2.000000000000000000e+01,5.453013359044578401e-03
2.000000000000000000e+03,2.100000000000000000e+01,-1.780899163306864930e-02
2.000000000000000000e+03,2.200000000000000000e+01,-4.081231161176462896e-02
2.000000000000000000e+03,2.300000000000000000e+01,-6.355349416311012467e-02
2.000000000000000000e+03,2.400000000000000000e+01,-8.602982622847360483e-02
2.000000000000000000e+03,2.500000000000000000e+01,-1.082392878900095279e-01
2.000000000000000000e+03,2.600000000000000000e+01,-1.301805053538097057e-01
2.000000000000000000e+03,2.700000000000000000e+01,-1.518527038031649012e-01
2.000000000000000000e+03,2.800000000000000000e+01,-1.732556606975451108e-01
2.000000000000000000e+03,2.900000000000000000e+01,-1.943896599993009677e-01
2.000000000000000000e+03,3.000000000000000000e+01,-2.152554477219568718e-01
2.166666666666666515e+03,-3.000000000000000000e+01,1.233362491320563636e+00
2.166666666666666515e+03,-2.900000000000000000e+01,1.212763749929772539e+00
2.166666666666666515e+03,-2.800000000000000000e+01,1.191897962207115524e+00
2.166666666666666515e+03,-2.700000000000000000e+01,1.170763962905360556e+00
2.166666666666666515e+03,-2.600000000000000000e+01,1.149361006010978237e+00
2.166666666666666515e+03,-2.500000000000000000e+01,1.127688807561625151e+00
2.166666666666666515e+03,-2.400000000000000000e+01,1.105747590097826194e+00
2.166666666666666515e+03,-2.300000000000000000e+01,1.083538128436288384e+00
2.166666666666666515e+03,-2.200000000000000000e+01,1.061061796370924348e+00
2.166666666666666515e+03,-2.100000000000000000e+01,1.038320613819578853e+00
2.166666666666666515e+03,-2.000000000000000000e+01,1.015317293840883206e+00
2.166666666666666515e+03,-1.900000000000000000e+01,9.920552888487700338e-01
2.166666666666666515e+03,-1.800000000000000000e+01,9.685388352546754342e-01
2.166666666666666515e+03,-1.700000000000000000e+01,9.447729956729942202e-01
2.166666666666666515e+03,-1.600000000000000000e+01,9.207636977380256882e-01
2.166666666666666515e+03,-1.500000000000000000e+01,8.965177685056664458e-01
2.166666666666666515e+03,-1.400000000000000000e+01,8.720429633559489968e-01
2.166666666666666515e+03,-1.300000000000000000e+01,8.473479882790965201e-01
2.166666666666666515e+03,-1.200000000000000000e+01,8.224425144244111863e-01
2.166666666666666515e+03,-1.100000000000000000e+01,7.973371838234948328e-01
2.166666666666666515e+03,-1.000000000000000000e+01,7.720436052723916864e-01
2.166666666666666515e+03,-9.000000000000000000e+00,7.465743394748586281e-01
2.166666666666666515e+03,-8.000000000000000000e+00,7.209428727131227399e-01
2.166666666666666515e+03,-7.000000000000000000e+00,6.951635785231201625e-01
2.166666666666666515e+03,-6.000000000000000000e+00,6.692516671048729382e-01
2.166666666666666515e+03,-5.000000000000000000e+00,6.432231224898191657e-01
2.166666666666666515e+03,-4.000000000000000000e+00,6.170946278060426282e-01
2.166666666666666515e+03,-3.000000000000000000e+00,5.908834793179568168e-01
2.166666666666666515e+03,-2.000000000000000000e+00,5.646074902543936069e-01
2.166666666666666515e+03,-1.000000000000000000e+00,5.382848857628808048e-01
2.166666666666666515e+03,0.000000000000000000e+00,5.119341906213714655e-01
2.166666666666666515e+03,1.000000000000000000e+00,4.855741115864428692e-01
2.166666666666666515e+03,2.000000000000000000e+00,4.592234164449341405e-01
2.166666666666666515e+03,3.000000000000000000e+00,4.329008119534207277e-01
2.166666666666666515e+03,4.000000000000000000e+00,4.066248228898569628e-01
2.166666666666666515e+03,5.000000000000000000e+00,3.804136744017719840e-01
2.166666666666666515e+03,6.000000000000000000e+00,3.542851797179971118e-01
2.166666666666666515e+03,7.000000000000000000e+00,3.282566351029416740e-01
2.166666666666666515e+03,8.000000000000000000e+00,3.023447236846957820e-01
2.166666666666666515e+03,9.000000000000000000e+00,2.765654294946906511e-01
2.166666666666666515e+03,1.000000000000000000e+01,2.509339627329566502e-01
2.166666666666666515e+03,1.100000000000000000e+01,2.254646969354217600e-01
2.166666666666666515e+03,1.200000000000000000e+01,2.001711183843200570e-01
2.166666666666666515e+03,1.300000000000000000e+01,1.750657877834032039e-01
2.166666666666666515e+03,1.400000000000000000e+01,1.501603139287183142e-01
2.166666666666666515e+03,1.500000000000000000e+01,1.254653388518655599e-01
2.166666666666666515e+03,1.600000000000000000e+01,1.009905337021487215e-01
2.166666666666666515e+03,1.700000000000000000e+01,7.674460446978892403e-02
2.166666666666666515e+03,1.800000000000000000e+01,5.273530653481922625e-02
2.166666666666666515e+03,1.900000000000000000e+01,2.896946695313989961e-02
2.166666666666666515e+03,2.000000000000000000e+01,5.453013359044578401e-03
2.166666666666666515e+03,2.100000000000000000e+01,-1.780899163306864930e-02
2.166666666666666515e+03,2.200000000000000000e+01,-4.081231161176462896e-02
2.166666666666666515e+03,2.300000000000000000e+01,-6.355349416311012467e-02
2.166666666666666515e+03,2.400000000000000000e+01,-8.602982622847360483e-02
2.166666666666666515e+03,2.500000000000000000e+01,-1.082392878900095279e-01
2.166666666666666515e+03,2.600000000000000000e+01,-1.301805053538097057e-01
2.166666666666666515e+03,2.700000000000000000e+01,-1.518527038031649012e-01
2.166666666666666515e+03,2.800000000000000000e+01,-1.732556606975451108e-01
2.166666666666666515e+03,2.900000000000000000e+01,-1.943896599993009677e-01
2.166666666666666515e+03,3.000000000000000000e+01,-2.152554477219568718e-01
2.333333333333333030e+03,-3.000000000000000000e+01,1.233362491320563636e+00
2.333333333333333030e+03,-2.900000000000000000e+01,1.212763749929772539e+00
2.333333333333333030e+03,-2.800000000000000000e+01,1.191897962207115524e+00
2.333333333333333030e+03,-2.700000000000000000e+01,1.170763962905360556e+00
2.333333333333333030e+03,-2.600000000000000000e+01,1.149361006010978237e+00
2.333333333333333030e+03,-2.500000000000000000e+01,1.127688807561625151e+00
2.333333333333333030e+03,-2.400000000000000000e+01,1.105747590097826194e+00
2.333333333333333030e+03,-2.300000000000000000e+01,1.083538128436288384e+00
2.333333333333333030e+03,-2.200000000000000000e+01,1.061061796370924348e+00
2.333333333333333030e+03,-2.100000000000000000e+01,1.038320613819578853e+00
2.333333333333333030e+03,-2.000000000000000000e+01,1.015317293840883206e+00
2.333333333333333030e+03,-1.900000000000000000e+01,9.920552888487700338e-01
2.333333333333333030e+03,-1.800000000000000000e+01,9.685388352546754342e-01
2.333333333333333030e+03,-1.700000000000000000e+01,9.447729956729942202e-01
2.333333333333333030e+03,-1.600000000000000000e+01,9.207636977380256882e-01
2.333333333333333030e+03,-1.500000000000000000e+01,8.965177685056664458e-01
2.333333333333333030e+03,-1.400000000000000000e+01,8.720429633559489968e-01
2.333333333333333030e+03,-1.300000000000000000e+01,8.473479882790965201e-01
2.333333333333333030e+03,-1.200000000000000000e+01,8.224425144244111863e-01
2.333333333333333030e+03,-1.100000000000000000e+01,7.973371838234948328e-01
2.333333333333333030e+03,-1.000000000000000000e+01,7.720436052723916864e-01
2.333333333333333030e+03,-9.000000000000000000e+00,7.465743394748586281e-01
2.333333333333333030e+03,-8.000000000000000000e+00,7.209428727131227399e-01
2.333333333333333030e+03,-7.000000000000000000e+00,6.951635785231201625e-01
2.333333333333333030e+03,-6.000000000000000000e+00,6.692516671048729382e-01
2.333333333333333030e+03,-5.000000000000000000e+00,6.432231224898191657e-01
2.333333333333333030e+03,-4.000000000000000000e+00,6.170946278060426282e-01
2.333333333333333030e+03,-3.000000000000000000e+00,5.908834793179568168e-01
2.333333333333333030e+03,-2.000000000000000000e+00,5.646074902543936069e-01
2.333333333333333030e+03,-1.000000000000000000e+00,5.382848857628808048e-01
2.333333333333333030e+03,0.000000000000000000e+00,5.119341906213714655e-01
2.333333333333333030e+03,1.000000000000000000e+00,4.855741115864428692e-01
2.333333333333333030e+03,2.000000000000000000e+00,4.592234164449341405e-01
2.333333333333333030e+03,3.000000000000000000e+00,4.329008119534207277e-01
2.333333333333333030e+03,4.000000000000000000e+00,4.066248228898569628e-01
2.333333333333333030e+03,5.000000000000000000e+00,3.804136744017719840e-01
2.333333333333333030e+03,6.000000000000000000e+00,3.542851797179971118e-01
2.333333333333333030e+03,7.000000000000000000e+00,3.282566351029416740e-01
2.333333333333333030e+03,8.000000000000000000e+00,3.023447236846957820e-01
2.333333333333333030e+03,9.000000000000000000e+00,2.765654294946906511e-01
2.333333333333333030e+03,1.000000000000000000e+01,2.509339627329566502e-01
2.333333333333333030e+03,1.100000000000000000e+01,2.254646969354217600e-01
2.333333333333333030e+03,1.200000000000000000e+01,2.001711183843200570e-01
2.333333333333333030e+03,1.300000000000000000e+01,1.750657877834032039e-01
2.333333333333333030e+03,1.400000000000000000e+01,1.501603139287183142e-01
2.333333333333333030e+03,1.500000000000000000e+01,1.254653388518655599e-01
2.333333333333333030e+03,1.600000000000000000e+01,1.009905337021487215e-01
2.333333333333333030e+03,1.700000000000000000e+01,7.674460446978892403e-02
2.333333333333333030e+03,1.800000000000000000e+01,5.273530653481922625e-02
2.333333333333333030e+03,1.900000000000000000e+01,2.896946695313989961e-02
2.333333333333333030e+03,2.000000000000000000e+01,5.453013359044578401e-03
2.333333333333333030e+03,2.100000000000000000e+01,-1.780899163306864930e-02
2.333333333333333030e+03,2.200000000000000000e+01,-4.081231161176462896e-02
2.333333333333333030e+03,2.300000000000000000e+01,-6.355349416311012467e-02
2.333333333333333030e+03,2.400000000000000000e+01,-8.602982622847360483e-02
2.333333333333333030e+03,2.500000000000000000e+01,-1.082392878900095279e-01
2.333333333333333030e+03,2.600000000000000000e+01,-1.301805053538097057e-01
2.333333333333333030e+03,2.700000000000000000e+01,-1.518527038031649012e-01
2.333333333333333030e+03,2.800000000000000000e+01,-1.732556606975451108e-01
2.333333333333333030e+03,2.900000000000000000e+01,-1.943896599993009677e-01
2.333333333333333030e+03,3.000000000000000000e+01,-2.152554477219568718e-01
2.500000000000000000e+03,-3.000000000000000000e+01,1.233362491320563636e+00
2.500000000000000000e+03,-2.900000000000000000e+01,1.212763749929772539e+00
2.500000000000000000e+03,-2.800000000000000000e+01,1.191897962207115524e+00
2.500000000000000000e+03,-2.700000000000000000e+01,1.170763962905360556e+00
2.500000000000000000e+03,-2.600000000000000000e+01,1.149361006010978237e+00
2.500000000000000000e+03,-2.500000000000000000e+01,1.127688807561625151e+00
2.500000000000000000e+03,-2.400000000000000000e+01,1.105747590097826194e+00
2.500000000000000000e+03,-2.300000000000000000e+01,1.083538128436288384e+00
2.500000000000000000e+03,-2.200000000000000000e+01,1.061061796370924348e+00
2.500000000000000000e+03,-2.100000000000000000e+01,1.038320613819578853e+00
2.500000000000000000e+03,-2.000000000000000000e+01,1.015317293840883206e+00
2.500000000000000000e+03,-1.900000000000000000e+01,9.920552888487700338e-01
2.500000000000000000e+03,-1.800000000000000000e+01,9.685388352546754342e-01
2.500000000000000000e+03,-1.700000000000000000e+01,9.447729956729942202e-01
2.500000000000000000e+03,-1.600000000000000000e+01,9.207636977380256882e-01
2.500000000000000000e+03,-1.500000000000000000e+01,8.965177685056664458e-01
2.500000000000000000e+03,-1.400000000000000000e+01,8.720429633559489968e-01
2.500000000000000000e+03,-1.300000000000000000e+01,8.473479882790965201e-01
2.500000000000000000e+03,-1.200000000000000000e+01,8.224425144244111863e-01
2.500000000000000000e+03,-1.100000000000000000e+01,7.973371838234948328e-01
2.500000000000000000e+03,-1.000000000000000000e+01,7.720436052723916864e-01
2.500000000000000000e+03,-9.000000000000000000e+00,7.465743394748586281e-01
2.500000000000000000e+03,-8.000000000000000000e+00,7.209428727131227399e-01
2.500000000000000000e+03,-7.000000000000000000e+00,6.951635785231201625e-01
2.500000000000000000e+03,-6.000000000000000000e+00,6.692516671048729382e-01
2.500000000000000000e+03,-5.000000000000000000e+00,6.432231224898191657e-01
2.500000000000000000e+03,-4.000000000000000000e+00,6.170946278060426282e-01
2.500000000000000000e+03,-3.000000000000000000e+00,5.908834793179568168e-01
2.500000000000000000e+03,-2.000000000000000000e+00,5.646074902543936069e-01
2.500000000000000000e+03,-1.000000000000000000e+00,5.382848857628808048e-01
2.500000000000000000e+03,0.000000000000000000e+00,5.119341906213714655e-01
2.500000000000000000e+03,1.000000000000000000e+00,4.855741115864428692e-01
2.500000000000000000e+03,2.000000000000000000e+00,4.592234164449341405e-01
2.500000000000000000e+03,3.000000000000000000e+00,4.329008119534207277e-01
2.500000000000000000e+03,4.000000000000000000e+00,4.066248228898569628e-01
2.500000000000000000e+03,5.000000000000000000e+00,3.804136744017719840e-01
2.500000000000000000e+03,6.000000000000000000e+00,3.542851797179971118e-01
2.500000000000000000e+03,7.000000000000000000e+00,3.282566351029416740e-01
2.500000000000000000e+03,8.000000000000000000e+00,3.023447236846957820e-01
2.500000000000000000e+03,9.000000000000000000e+00,2.765654294946906511e-01
2.500000000000000000e+03,1.000000000000000000e+01,2.509339627329566502e-01
2.500000000000000000e+03,1.100000000000000000e+01,2.254646969354217600e-01
2.500000000000000000e+03,1.200000000000000000e+01,2.001711183843200570e-01
2.500000000000000000e+03,1.300000000000000000e+01,1.750657877834032039e-01
2.500000000000000000e+03,1.400000000000000000e+01,1.501603139287183142e-01
2.500000000000000000e+03,1.500000000000000000e+01,1.254653388518655599e-01
2.500000000000000000e+03,1.600000000000000000e+01,1.009905337021487215e-01
2.500000000000000000e+03,1.700000000000000000e+01,7.674460446978892403e-02
2.500000000000000000e+03,1.800000000000000000e+01,5.273530653481922625e-02
2.500000000000000000e+03,1.900000000000000000e+01,2.896946695313989961e-02
2.500000000000000000e+03,2.000000000000000000e+01,5.453013359044578401e-03
2.500000000000000000e+03,2.100000000000000000e+01,-1.780899163306864930e-02
2.500000000000000000e+03,2.200000000000000000e+01,-4.081231161176462896e-02
2.500000000000000000e+03,2.300000000000000000e+01,-6.355349416311012467e-02
2.500000000000000000e+03,2.400000000000000000e+01,-8.602982622847360483e-02
2.500000000000000000e+03,2.500000000000000000e+01,-1.082392878900095279e-01
2.500000000000000000e+03,2.600000000000000000e+01,-1.301805053538097057e-01
2.500000000000000000e+03,2.700000000000000000e+01,-1.518527038031649012e-01
2.500000000000000000e+03,2.800000000000000000e+01,-1.732556606975451108e-01
2.500000000000000000e+03,2.900000000000000000e+01,-1.943896599993009677e-01
2.500000000000000000e+03,3.000000000000000000e+01,-2.152554477219568718e-01
2.666666666666666515e+03,-3.000000000000000000e+01,1.233362491320563636e+00
2.666666666666666515e+03,-2.900000000000000000e+01,1.212763749929772539e+00
2.666666666666666515e+03,-2.800000000000000000e+01,1.191897962207115524e+00
2.666666666666666515e+03,-2.700000000000000000e+01,1.170763962905360556e+00
2.666666666666666515e+03,-2.600000000000000000e+01,1.149361006010978237e+00
2.666666666666666515e+03,-2.500000000000000000e+01,1.127688807561625151e+00
2.666666666666666515e+03,-2.400000000000000000e+01,1.105747590097826194e+00
2.666666666666666515e+03,-2.300000000000000000e+01,1.083538128436288384e+00
2.666666666666666515e+03,-2.200000000000000000e+01,1.061061796370924348e+00
2.666666666666666515e+03,-2.100000000000000000e+01,1.038320613819578853e+00
2.666666666666666515e+03,-2.000000000000000000e+01,1.015317293840883206e+00
2.666666666666666515e+03,-1.900000000000000000e+01,9.920552888487700338e-01
2.666666666666666515e+03,-1.800000000000000000e+01,9.685388352546754342e-01
2.666666666666666515e+03,-1.700000000000000000e+01,9.447729956729942202e-01
2.666666666666666515e+03,-1.600000000000000000e+01,9.207636977380256882e-01
2.666666666666666515e+03,-1.500000000000000000e+01,8.965177685056664458e-01
2.666666666666666515e+03,-1.400000000000000000e+01,8.720429633559489968e-01
2.666666666666666515e+03,-1.300000000000000000e+01,8.473479882790965201e-01
2.666666666666666515e+03,-1.200000000000000000e+01,8.224425144244111863e-01
2.666666666666666515e+03,-1.100000000000000000e+01,7.973371838234948328e-01
2.666666666666666515e+03,-1.000000000000000000e+01,7.720436052723916864e-01
2.666666666666666515e+03,-9.000000000000000000e+00,7.465743394748586281e-01
2.666666666666666515e+03,-8.000000000000000000e+00,7.209428727131227399e-01
2.666666666666666515e+03,-7.000000000000000000e+00,6.951635785231201625e-01
2.666666666666666515e+03,-6.000000000000000000e+00,6.692516671048729382e-01
2.666666666666666515e+03,-5.000000000000000000e+00,6.432231224898191657e-01
2.666666666666666515e+03,-4.000000000000000000e+00,6.170946278060426282e-01
2.666666666666666515e+03,-3.000000000000000000e+00,5.908834793179568168e-01
2.666666666666666515e+03,-2.000000000000000000e+00,5.646074902543936069e-01
2.666666666666666515e+03,-1.000000000000000000e+00,5.382848857628808048e-01
2.666666666666666515e+03,0.000000000000000000e+00,5.119341906213714655e-01
2.666666666666666515e+03,1.000000000000000000e+00,4.855741115864428692e-01
2.666666666666666515e+03,2.000000000000000000e+00,4.592234164449341405e-01
2.666666666666666515e+03,3.000000000000000000e+00,4.329008119534207277e-01
2.666666666666666515e+03,4.000000000000000000e+00,4.066248228898569628e-01
2.666666666666666515e+03,5.000000000000000000e+00,3.804136744017719840e-01
2.666666666666666515e+03,6.000000000000000000e+00,3.542851797179971118e-01
2.666666666666666515e+03,7.000000000000000000e+00,3.282566351029416740e-01
2.666666666666666515e+03,8.000000000000000000e+00,3.023447236846957820e-01
2.666666666666666515e+03,9.000000000000000000e+00,2.765654294946906511e-01
2.666666666666666515e+03,1.000000000000000000e+01,2.509339627329566502e-01
2.666666666666666515e+03,1.100000000000000000e+01,2.254646969354217600e-01
2.666666666666666515e+03,1.200000000000000000e+01,2.001711183843200570e-01
2.666666666666666515e+03,1.300000000000000000e+01,1.750657877834032039e-01
2.666666666666666515e+03,1.400000000000000000e+01,1.501603139287183142e-01
2.666666666666666515e+03,1.500000000000000000e+01,1.254653388518655599e-01
2.666666666666666515e+03,1.600000000000000000e+01,1.009905337021487215e-01
2.666666666666666515e+03,1.700000000000000000e+01,7.674460446978892403e-02
2.666666666666666515e+03,1.800000000000000000e+01,5.273530653481922625e-02
2.666666666666666515e+03,1.900000000000000000e+01,2.896946695313989961e-02
2.666666666666666515e+03,2.000000000000000000e+01,5.453013359044578401e-03
2.666666666666666515e+03,2.100000000000000000e+01,-1.780899163306864930e-02
2.666666666666666515e+03,2.200000000000000000e+01,-4.081231161176462896e-02
2.666666666666666515e+03,2.300000000000000000e+01,-6.355349416311012467e-02
2.666666666666666515e+03,2.400000000000000000e+01,-8.602982622847360483e-02
2.666666666666666515e+03,2.500000000000000000e+01,-1.082392878900095279e-01
2.666666666666666515e+03,2.600000000000000000e+01,-1.301805053538097057e-01
2.666666666666666515e+03,2.700000000000000000e+01,-1.518527038031649012e-01
2.666666666666666515e+03,2.800000000000000000e+01,-1.732556606975451108e-01
2.666666666666666515e+03,2.900000000000000000e+01,-1.943896599993009677e-01
2.666666666666666515e+03,3.000000000000000000e+01,-2.152554477219568718e-01
2.833333333333333030e+03,-3.000000000000000000e+01,1.233362491320563636e+00
2.833333333333333030e+03,-2.900000000000000000e+01,1.212763749929772539e+00
2.833333333333333030e+03,-2.800000000000000000e+01,1.191897962207115524e+00
2.833333333333333030e+03,-2.700000000000000000e+01,1.170763962905360556e+00
2.833333333333333030e+03,-2.600000000000000000e+01,1.149361006010978237e+00
2.833333333333333030e+03,-2.500000000000000000e+01,1.127688807561625151e+00
2.833333333333333030e+03,-2.400000000000000000e+01,1.105747590097826194e+00
2.833333333333333030e+03,-2.300000000000000000e+01,1.083538128436288384e+00
2.833333333333333030e+03,-2.200000000000000000e+01,1.061061796370924348e+00
2.833333333333333030e+03,-2.100000000000000000e+01,1.038320613819578853e+00
2.833333333333333030e+03,-2.000000000000000000e+01,1.015317293840883206e+00
2.833333333333333030e+03,-1.900000000000000000e+01,9.920552888487700338e-01
2.833333333333333030e+03,-1.800000000000000000e+01,9.685388352546754342e-01
2.833333333333333030e+03,-1.700000000000000000e+01,9.447729956729942202e-01
2.833333333333333030e+03,-1.600000000000000000e+01,9.207636977380256882e-01
2.833333333333333030e+03,-1.500000000000000000e+01,8.965177685056664458e-01
2.833333333333333030e+03,-1.400000000000000000e+01,8.720429633559489968e-01
2.833333333333333030e+03,-1.300000000000000000e+01,8.473479882790965201e-01
2.833333333333333030e+03,-1.200000000000000000e+01,8.224425144244111863e-01
2.833333333333333030e+03,-1.100000000000000000e+01,7.973371838234948328e-01
2.833333333333333030e+03,-1.000000000000000000e+01,7.720436052723916864e-01
2.833333333333333030e+03,-9.000000000000000000e+00,7.465743394748586281e-01
2.833333333333333030e+03,-8.000000000000000000e+00,7.209428727131227399e-01
2.833333333333333030e+03,-7.000000000000000000e+00,6.951635785231201625e-01
2.833333333333333030e+03,-6.000000000000000000e+00,6.692516671048729382e-01
2.833333333333333030e+03,-5.000000000000000000e+00,6.432231224898191657e-01
2.833333333333333030e+03,-4.000000000000000000e+00,6.170946278060426282e-01
2.833333333333333030e+03,-3.000000000000000000e+00,5.908834793179568168e-01
2.833333333333333030e+03,-2.000000000000000000e+00,5.646074902543936069e-01
2.833333333333333030e+03,-1.000000000000000000e+00,5.382848857628808048e-01
2.833333333333333030e+03,0.000000000000000000e+00,5.119341906213714655e-01
2.833333333333333030e+03,1.000000000000000000e+00,4.855741115864428692e-01
2.833333333333333030e+03,2.000000000000000000e+00,4.592234164449341405e-01
2.833333333333333030e+03,3.000000000000000000e+00,4.329008119534207277e-01
2.833333333333333030e+03,4.000000000000000000e+00,4.066248228898569628e-01
2.833333333333333030e+03,5.000000000000000000e+00,3.804136744017719840e-01
2.833333333333333030e+03,6.000000000000000000e+00,3.542851797179971118e-01
2.833333333333333030e+03,7.000000000000000000e+00,3.282566351029416740e-01
2.833333333333333030e+03,8.000000000000000000e+00,3.023447236846957820e-01
2.833333333333333030e+03,9.000000000000000000e+00,2.765654294946906511e-01
2.833333333333333030e+03,1.000000000000000000e+01,2.509339627329566502e-01
2.833333333333333030e+03,1.100000000000000000e+01,2.254646969354217600e-01
2.833333333333333030e+03,1.200000000000000000e+01,2.001711183843200570e-01
2.833333333333333030e+03,1.300000000000000000e+01,1.750657877834032039e-01
2.833333333333333030e+03,1.400000000000000000e+01,1.501603139287183142e-01
2.833333333333333030e+03,1.500000000000000000e+01,1.254653388518655599e-01
2.833333333333333030e+03,1.600000000000000000e+01,1.009905337021487215e-01
2.833333333333333030e+03,1.700000000000000000e+01,7.674460446978892403e-02
2.833333333333333030e+03,1.800000000000000000e+01,5.273530653481922625e-02
2.833333333333333030e+03,1.900000000000000000e+01,2.896946695313989961e-02
2.833333333333333030e+03,2.000000000000000000e+01,5.453013359044578401e-03
2.833333333333333030e+03,2.100000000000000000e+01,-1.780899163306864930e-02
2.833333333333333030e+03,2.200000000000000000e+01,-4.081231161176462896e-02
2.833333333333333030e+03,2.300000000000000000e+01,-6.355349416311012467e-02
2.833333333333333030e+03,2.400000000000000000e+01,-8.602982622847360483e-02
2.833333333333333030e+03,2.500000000000000000e+01,-1.082392878900095279e-01
2.833333333333333030e+03,2.600000000000000000e+01,-1.301805053538097057e-01
2.833333333333333030e+03,2.700000000000000000e+01,-1.518527038031649012e-01
2.833333333333333030e+03,2.800000000000000000e+01,-1.732556606975451108e-01
2.833333333333333030e+03,2.900000000000000000e+01,-1.943896599993009677e-01
2.833333333333333030e+03,3.000000000000000000e+01,-2.152554477219568718e-01
3.000000000000000000e+03,-3.000000000000000000e+01,1.233362491320563636e+00
3.000000000000000000e+03,-2.900000000000000000e+01,1.212763749929772539e+00
3.000000000000000000e+03,-2.800000000000000000e+01,1.191897962207115524e+00
3.000000000000000000e+03,-2.700000000000000000e+01,1.170763962905360556e+00
3.000000000000000000e+03,-2.600000000000000000e+01,1.149361006010978237e+00
3.000000000000000000e+03,-2.500000000000000000e+01,1.127688807561625151e+00
3.000000000000000000e+03,-2.400000000000000000e+01,1.105747590097826194e+00
3.000000000000000000e+03,-2.300000000000000000e+01,1.083538128436288384e+00
3.000000000000000000e+03,-2.200000000000000000e+01,1.061061796370924348e+00
3.000000000000000000e+03,-2.100000000000000000e+01,1.038320613819578853e+00
3.000000000000000000e+03,-2.000000000000000000e+01,1.015317293840883206e+00
3.000000000000000000e+03,-1.900000000000000000e+01,9.920552888487700338e-01
3.000000000000000000e+03,-1.800000000000000000e+01,9.685388352546754342e-01
3.000000000000000000e+03,-1.700000000000000000e+01,9.447729956729942202e-01
3.000000000000000000e+03,-1.600000000000000000e+01,9.207636977380256882e-01
3.000000000000000000e+03,-1.500000000000000000e+01,8.965177685056664458e-01
3.000000000000000000e+03,-1.400000000000000000e+01,8.720429633559489968e-01
3.000000000000000000e+03,-1.300000000000000000e+01,8.473479882790965201e-01
3.000000000000000000e+03,-1.200000000000000000e+01,8.224425144244111863e-01
3.000000000000000000e+03,-1.100000000000000000e+01,7.973371838234948328e-01
3.000000000000000000e+03,-1.000000000000000000e+01,7.720436052723916864e-01
3.000000000000000000e+03,-9.000000000000000000e+00,7.465743394748586281e-01
3.000000000000000000e+03,-8.000000000000000000e+00,7.209428727131227399e-01
3.000000000000000000e+03,-7.000000000000000000e+00,6.951635785231201625e-01
3.000000000000000000e+03,-6.000000000000000000e+00,6.692516671048729382e-01
3.000000000000000000e+03,-5.000000000000000000e+00,6.432231224898191657e-01
3.000000000000000000e+03,-4.000000000000000000e+00,6.170946278060426282e-01
3.000000000000000000e+03,-3.000000000000000000e+00,5.908834793179568168e-01
3.000000000000000000e+03,-2.000000000000000000e+00,5.646074902543936069e-01
3.000000000000000000e+03,-1.000000000000000000e+00,5.382848857628808048e-01
3.000000000000000000e+03,0.000000000000000000e+00,5.119341906213714655e-01
3.000000000000000000e+03,1.000000000000000000e+00,4.855741115864428692e-01
3.000000000000000000e+03,2.000000000000000000e+00,4.592234164449341405e-01
3.000000000000000000e+03,3.000000000000000000e+00,4.329008119534207277e-01
3.000000000000000000e+03,4.000000000000000000e+00,4.066248228898569628e-01
3.000000000000000000e+03,5.000000000000000000e+00,3.804136744017719840e-01
3.000000000000000000e+03,6.000000000000000000e+00,3.542851797179971118e-01
3.000000000000000000e+03,7.000000000000000000e+00,3.282566351029416740e-01
3.000000000000000000e+03,8.000000000000000000e+00,3.023447236846957820e-01
3.000000000000000000e+03,9.000000000000000000e+00,2.765654294946906511e-01
3.000000000000000000e+03,1.000000000000000000e+01,2.509339627329566502e-01
3.000000000000000000e+03,1.100000000000000000e+01,2.254646969354217600e-01
3.000000000000000000e+03,1.200000000000000000e+01,2.001711183843200570e-01
3.000000000000000000e+03,1.300000000000000000e+01,1.750657877834032039e-01
3.000000000000000000e+03,1.400000000000000000e+01,1.501603139287183142e-01
3.000000000000000000e+03,1.500000000000000000e+01,1.254653388518655599e-01
3.000000000000000000e+03,1.600000000000000000e+01,1.009905337021487215e-01
3.000000000000000000e+03,1.700000000000000000e+01,7.674460446978892403e-02
3.000000000000000000e+03,1.800000000000000000e+01,5.273530653481922625e-02
3.000000000000000000e+03,1.900000000000000000e+01,2.896946695313989961e-02
3.000000000000000000e+03,2.000000000000000000e+01,5.453013359044578401e-03
3.000000000000000000e+03,2.100000000000000000e+01,-1.780899163306864930e-02
3.000000000000000000e+03,2.200000000000000000e+01,-4.081231161176462896e-02
3.000000000000000000e+03,2.300000000000000000e+01,-6.355349416311012467e-02
3.000000000000000000e+03,2.400000000000000000e+01,-8.602982622847360483e-02
3.000000000000000000e+03,2.500000000000000000e+01,-1.082392878900095279e-01
3.000000000000000000e+03,2.600000000000000000e+01,-1.301805053538097057e-01
3.000000000000000000e+03,2.700000000000000000e+01,-1.518527038031649012e-01
3.000000000000000000e+03,2.800000000000000000e+01,-1.732556606975451108e-01
3.000000000000000000e+03,2.900000000000000000e+01,-1.943896599993009677e-01
3.000000000000000000e+03,3.000000000000000000e+01,-2.152554477219568718e-01
3.166666666666666515e+03,-3.000000000000000000e+01,1.233362491320563636e+00
3.166666666666666515e+03,-2.900000000000000000e+01,1.212763749929772539e+00
3.166666666666666515e+03,-2.800000000000000000e+01,1.191897962207115524e+00
3.166666666666666515e+03,-2.700000000000000000e+01,1.170763962905360556e+00
3.166666666666666515e+03,-2.600000000000000000e+01,1.149361006010978237e+00
3.166666666666666515e+03,-2.500000000000000000e+01,1.127688807561625151e+00
3.166666666666666515e+03,-2.400000000000000000e+01,1.105747590097826194e+00
3.166666666666666515e+03,-2.300000000000000000e+01,1.083538128436288384e+00
3.166666666666666515e+03,-2.200000000000000000e+01,1.061061796370924348e+00
3.166666666666666515e+03,-2.100000000000000000e+01,1.038320613819578853e+00
3.166666666666666515e+03,-2.000000000000000000e+01,1.015317293840883206e+00
3.166666666666666515e+03,-1.900000000000000000e+01,9.920552888487700338e-01
3.166666666666666515e+03,-1.800000000000000000e+01,9.685388352546754342e-01
3.166666666666666515e+03,-1.700000000000000000e+01,9.447729956729942202e-01
3.166666666666666515e+03,-1.600000000000000000e+01,9.207636977380256882e-01
3.166666666666666515e+03,-1.500000000000000000e+01,8.965177685056664458e-01
3.166666666666666515e+03,-1.400000000000000000e+01,8.720429633559489968e-01
3.166666666666666515e+03,-1.300000000000000000e+01,8.473479882790965201e-01
3.166666666666666515e+03,-1.200000000000000000e+01,8.224425144244111863e-01
3.166666666666666515e+03,-1.100000000000000000e+01,7.973371838234948328e-01
3.166666666666666515e+03,-1.000000000000000000e+01,7.720436052723916864e-01
3.166666666666666515e+03,-9.000000000000000000e+00,7.465743394748586281e-01
3.166666666666666515e+03,-8.000000000000000000e+00,7.209428727131227399e-01
3.166666666666666515e+03,-7.000000000000000000e+00,6.951635785231201625e-01
3.166666666666666515e+03,-6.000000000000000000e+00,6.692516671048729382e-01
3.166666666666666515e+03,-5.000000000000000000e+00,6.432231224898191657e-01
3.166666666666666515e+03,-4.000000000000000000e+00,6.170946278060426282e-01
3.166666666666666515e+03,-3.000000000000000000e+00,5.908834793179568168e-01
3.166666666666666515e+03,-2.000000000000000000e+00,5.646074902543936069e-01
3.166666666666666515e+03,-1.000000000000000000e+00,5.382848857628808048e-01
3.166666666666666515e+03,0.000000000000000000e+00,5.119341906213714655e-01
3.166666666666666515e+03,1.000000000000000000e+00,4.855741115864428692e-01
3.166666666666666515e+03,2.000000000000000000e+00,4.592234164449341405e-01
3.166666666666666515e+03,3.000000000000000000e+00,4.329008119534207277e-01
3.166666666666666515e+03,4.000000000000000000e+00,4.066248228898569628e-01
3.166666666666666515e+03,5.000000000000000000e+00,3.804136744017719840e-01
3.166666666666666515e+03,6.000000000000000000e+00,3.542851797179971118e-01
3.166666666666666515e+03,7.000000000000000000e+00,3.282566351029416740e-01
3.166666666666666515e+03,8.000000000000000000e+00,3.023447236846957820e-01
3.166666666666666515e+03,9.000000000000000000e+00,2.765654294946906511e-01
3.166666666666666515e+03,1.000000000000000000e+01,2.509339627329566502e-01
3.166666666666666515e+03,1.100000000000000000e+01,2.254646969354217600e-01
3.166666666666666515e+03,1.200000000000000000e+01,2.001711183843200570e-01
3.166666666666666515e+03,1.300000000000000000e+01,1.750657877834032039e-01
3.166666666666666515e+03,1.400000000000000000e+01,1.501603139287183142e-01
3.166666666666666515e+03,1.500000000000000000e+01,1.254653388518655599e-01
3.166666666666666515e+03,1.600000000000000000e+01,1.009905337021487215e-01
3.166666666666666515e+03,1.700000000000000000e+01,7.674460446978892403e-02
3.166666666666666515e+03,1.800000000000000000e+01,5.273530653481922625e-02
3.166666666666666515e+03,1.900000000000000000e+01,2.896946695313989961e-02
3.166666666666666515e+03,2.000000000000000000e+01,5.453013359044578401e-03
3.166666666666666515e+03,2.100000000000000000e+01,-1.780899163306864930e-02
3.166666666666666515e+03,2.200000000000000000e+01,-4.081231161176462896e-02
3.166666666666666515e+03,2.300000000000000000e+01,-6.355349416311012467e-02
3.166666666666666515e+03,2.400000000000000000e+01,-8.602982622847360483e-02
3.166666666666666515e+03,2.500000000000000000e+01,-1.082392878900095279e-01
3.166666666666666515e+03,2.600000000000000000e+01,-1.301805053538097057e-01
3.166666666666666515e+03,2.700000000000000000e+01,-1.518527038031649012e-01
3.166666666666666515e+03,2.800000000000000000e+01,-1.732556606975451108e-01
3.166666666666666515e+03,2.900000000000000000e+01,-1.943896599993009677e-01
3.166666666666666515e+03,3.000000000000000000e+01,-2.152554477219568718e-01
3.333333333333333030e+03,-3.000000000000000000e+01,1.233362491320563636e+00
3.333333333333333030e+03,-2.900000000000000000e+01,1.212763749929772539e+00
3.333333333333333030e+03,-2.800000000000000000e+01,1.191897962207115524e+00
3.333333333333333030e+03,-2.700000000000000000e+01,1.170763962905360556e+00
3.333333333333333030e+03,-2.600000000000000000e+01,1.149361006010978237e+00
3.333333333333333030e+03,-2.500000000000000000e+01,1.127688807561625151e+00
3.333333333333333030e+03,-2.400000000000000000e+01,1.105747590097826194e+00
3.333333333333333030e+03,-2.300000000000000000e+01,1.083538128436288384e+00
3.333333333333333030e+03,-2.200000000000000000e+01,1.061061796370924348e+00
3.333333333333333030e+03,-2.100000000000000000e+01,1.038320613819578853e+00
3.333333333333333030e+03,-2.000000000000000000e+01,1.015317293840883206e+00
3.333333333333333030e+03,-1.900000000000000000e+01,9.920552888487700338e-01
3.333333333333333030e+03,-1.800000000000000000e+01,9.685388352546754342e-01
3.333333333333333030e+03,-1.700000000000000000e+01,9.447729956729942202e-01
3.333333333333333030e+03,-1.600000000000000000e+01,9.207636977380256882e-01
3.333333333333333030e+03,-1.500000000000000000e+01,8.965177685056664458e-01
3.333333333333333030e+03,-1.400000000000000000e+01,8.720429633559489968e-01
3.333333333333333030e+03,-1.300000000000000000e+01,8.473479882790965201e-01
3.333333333333333030e+03,-1.200000000000000000e+01,8.224425144244111863e-01
3.333333333333333030e+03,-1.100000000000000000e+01,7.973371838234948328e-01
3.333333333333333030e+03,-1.000000000000000000e+01,7.720436052723916864e-01
3.333333333333333030e+03,-9.000000000000000000e+00,7.465743394748586281e-01
3.333333333333333030e+03,-8.000000000000000000e+00,7.209428727131227399e-01
3.333333333333333030e+03,-7.000000000000000000e+00,6.951635785231201625e-01
3.333333333333333030e+03,-6.000000000000000000e+00,6.692516671048729382e-01
3.333333333333333030e+03,-5.000000000000000000e+00,6.432231224898191657e-01
3.333333333333333030e+03,-4.000000000000000000e+00,6.170946278060426282e-01
3.333333333333333030e+03,-3.000000000000000000e+00,5.908834793179568168e-01
3.333333333333333030e+03,-2.000000000000000000e+00,5.646074902543936069e-01
3.333333333333333030e+03,-1.000000000000000000e+00,5.382848857628808048e-01
3.333333333333333030e+03,0.000000000000000000e+00,5.119341906213714655e-01
3.333333333333333030e+03,1.000000000000000000e+00,4.855741115864428692e-01
3.333333333333333030e+03,2.000000000000000000e+00,4.592234164449341405e-01
3.333333333333333030e+03,3.000000000000000000e+00,4.329008119534207277e-01
3.333333333333333030e+03,4.000000000000000000e+00,4.066248228898569628e-01
3.333333333333333030e+03,5.000000000000000000e+00,3.804136744017719840e-01
3.333333333333333030e+03,6.000000000000000000e+00,3.542851797179971118e-01
3.333333333333333030e+03,7.000000000000000000e+00,3.282566351029416740e-01
3.333333333333333030e+03,8.000000000000000000e+00,3.023447236846957820e-01
3.333333333333333030e+03,9.000000000000000000e+00,2.765654294946906511e-01
3.333333333333333030e+03,1.000000000000000000e+01,2.509339627329566502e-01
3.333333333333333030e+03,1.100000000000000000e+01,2.254646969354217600e-01
3.333333333333333030e+03,1.200000000000000000e+01,2.001711183843200570e-01
3.333333333333333030e+03,1.300000000000000000e+01,1.750657877834032039e-01
3.333333333333333030e+03,1.400000000000000000e+01,1.501603139287183142e-01
3.333333333333333030e+03,1.500000000000000000e+01,1.254653388518655599e-01
3.333333333333333030e+03,1.600000000000000000e+01,1.009905337021487215e-01
3.333333333333333030e+03,1.700000000000000000e+01,7.674460446978892403e-02
3.333333333333333030e+03,1.800000000000000000e+01,5.273530653481922625e-02
3.333333333333333030e+03,1.900000000000000000e+01,2.896946695313989961e-02
3.333333333333333030e+03,2.000000000000000000e+01,5.453013359044578401e-03
3.333333333333333030e+03,2.100000000000000000e+01,-1.780899163306864930e-02
3.333333333333333030e+03,2.200000000000000000e+01,-4.081231161176462896e-02
3.333333333333333030e+03,2.300000000000000000e+01,-6.355349416311012467e-02
3.333333333333333030e+03,2.400000000000000000e+01,-8.602982622847360483e-02
3.333333333333333030e+03,2.500000000000000000e+01,-1.082392878900095279e-01
3.333333333333333030e+03,2.600000000000000000e+01,-1.301805053538097057e-01
3.333333333333333030e+03,2.700000000000000000e+01,-1.518527038031649012e-01
3.333333333333333030e+03,2.800000000000000000e+01,-1.732556606975451108e-01
3.333333333333333030e+03,2.900000000000000000e+01,-1.943896599993009677e-01
3.333333333333333030e+03,3.000000000000000000e+01,-2.152554477219568718e-01
3.500000000000000000e+03,-3.000000000000000000e+01,1.233362491320563636e+00
3.500000000000000000e+03,-2.900000000000000000e+01,1.212763749929772539e+00
3.500000000000000000e+03,-2.800000000000000000e+01,1.191897962207115524e+00
3.500000000000000000e+03,-2.700000000000000000e+01,1.170763962905360556e+00
3.500000000000000000e+03,-2.600000000000000000e+01,1.149361006010978237e+00
3.500000000000000000e+03,-2.500000000000000000e+01,1.127688807561625151e+00
3.500000000000000000e+03,-2.400000000000000000e+01,1.105747590097826194e+00
3.500000000000000000e+03,-2.300000000000000000e+01,1.083538128436288384e+00
3.500000000000000000e+03,-2.200000000000000000e+01,1.061061796370924348e+00
3.500000000000000000e+03,-2.100000000000000000e+01,1.038320613819578853e+00
3.500000000000000000e+03,-2.000000000000000000e+01,1.015317293840883206e+00
3.500000000000000000e+03,-1.900000000000000000e+01,9.920552888487700338e-01
3.500000000000000000e+03,-1.800000000000000000e+01,9.685388352546754342e-01
3.500000000000000000e+03,-1.700000000000000000e+01,9.447729956729942202e-01
3.500000000000000000e+03,-1.600000000000000000e+01,9.207636977380256882e-01
3.500000000000000000e+03,-1.500000000000000000e+01,8.965177685056664458e-01
3.500000000000000000e+03,-1.400000000000000000e+01,8.720429633559489968e-01
3.500000000000000000e+03,-1.300000000000000000e+01,8.473479882790965201e-01
3.500000000000000000e+03,-1.200000000000000000e+01,8.224425144244111863e-01
3.500000000000000000e+03,-1.100000000000000000e+01,7.973371838234948328e-01
3.500000000000000000e+03,-1.000000000000000000e+01,7.720436052723916864e-01
3.500000000000000000e+03,-9.000000000000000000e+00,7.465743394748586281e-01
3.500000000000000000e+03,-8.000000000000000000e+00,7.209428727131227399e-01
3.500000000000000000e+03,-7.000000000000000000e+00,6.951635785231201625e-01
3.500000000000000000e+03,-6.000000000000000000e+00,6.692516671048729382e-01
3.500000000000000000e+03,-5.000000000000000000e+00,6.432231224898191657e-01
3.500000000000000000e+03,-4.000000000000000000e+00,6.170946278060426282e-01
3.500000000000000000e+03,-3.000000000000000000e+00,5.908834793179568168e-01
3.500000000000000000e+03,-2.000000000000000000e+00,5.646074902543936069e-01
3.500000000000000000e+03,-1.000000000000000000e+00,5.382848857628808048e-01
3.500000000000000000e+03,0.000000000000000000e+00,5.119341906213714655e-01
3.500000000000000000e+03,1.000000000000000000e+00,4.855741115864428692e-01
3.500000000000000000e+03,2.000000000000000000e+00,4.592234164449341405e-01
3.500000000000000000e+03,3.000000000000000000e+00,4.329008119534207277e-01
3.500000000000000000e+03,4.000000000000000000e+00,4.066248228898569628e-01
3.500000000000000000e+03,5.000000000000000000e+00,3.804136744017719840e-01
3.500000000000000000e+03,6.000000000000000000e+00,3.542851797179971118e-01
3.500000000000000000e+03,7.000000000000000000e+00,3.282566351029416740e-01
3.500000000000000000e+03,8.000000000000000000e+00,3.023447236846957820e-01
3.500000000000000000e+03,9.000000000000000000e+00,2.765654294946906511e-01
3.500000000000000000e+03,1.000000000000000000e+01,2.509339627329566502e-01
3.500000000000000000e+03,1.100000000000000000e+01,2.254646969354217600e-01
3.500000000000000000e+03,1.200000000000000000e+01,2.001711183843200570e-01
3.500000000000000000e+03,1.300000000000000000e+01,1.750657877834032039e-01
3.500000000000000000e+03,1.400000000000000000e+01,1.501603139287183142e-01
3.500000000000000000e+03,1.500000000000000000e+01,1.254653388518655599e-01
3.500000000000000000e+03,1.600000000000000000e+01,1.009905337021487215e-01
3.500000000000000000e+03,1.700000000000000000e+01,7.674460446978892403e-02
3.500000000000000000e+03,1.800000000000000000e+01,5.273530653481922625e-02
3.500000000000000000e+03,1.900000000000000000e+01,2.896946695313989961e-02
3.500000000000000000e+03,2.000000000000000000e+01,5.453013359044578401e-03
3.500000000000000000e+03,2.100000000000000000e+01,-1.780899163306864930e-02
3.500000000000000000e+03,2.200000000000000000e+01,-4.081231161176462896e-02
3.500000000000000000e+03,2.300000000000000000e+01,-6.355349416311012467e-02
3.500000000000000000e+03,2.400000000000000000e+01,-8.602982622847360483e-02
3.500000000000000000e+03,2.500000000000000000e+01,-1.082392878900095279e-01
3.500000000000000000e+03,2.600000000000000000e+01,-1.301805053538097057e-01
3.500000000000000000e+03,2.700000000000000000e+01,-1.518527038031649012e-01
3.500000000000000000e+03,2.800000000000000000e+01,-1.732556606975451108e-01
3.500000000000000000e+03,2.900000000000000000e+01,-1.943896599993009677e-01
3.500000000000000000e+03,3.000000000000000000e+01,-2.152554477219568718e-01
3.666666666666666515e+03,-3.000000000000000000e+01,1.233362491320563636e+00
3.666666666666666515e+03,-2.900000000000000000e+01,1.212763749929772539e+00
3.666666666666666515e+03,-2.800000000000000000e+01,1.191897962207115524e+00
3.666666666666666515e+03,-2.700000000000000000e+01,1.170763962905360556e+00
3.666666666666666515e+03,-2.600000000000000000e+01,1.149361006010978237e+00
3.666666666666666515e+03,-2.500000000000000000e+01,1.127688807561625151e+00
3.666666666666666515e+03,-2.400000000000000000e+01,1.105747590097826194e+00
3.666666666666666515e+03,-2.300000000000000000e+01,1.083538128436288384e+00
3.666666666666666515e+03,-2.200000000000000000e+01,1.061061796370924348e+00
3.666666666666666515e+03,-2.100000000000000000e+01,1.038320613819578853e+00
3.666666666666666515e+03,-2.000000000000000000e+01,1.015317293840883206e+00
3.666666666666666515e+03,-1.900000000000000000e+01,9.920552888487700338e-01
3.666666666666666515e+03,-1.800000000000000000e+01,9.685388352546754342e-01
3.666666666666666515e+03,-1.700000000000000000e+01,9.447729956729942202e-01
3.666666666666666515e+03,-1.600000000000000000e+01,9.207636977380256882e-01
3.666666666666666515e+03,-1.500000000000000000e+01,8.965177685056664458e-01
3.666666666666666515e+03,-1.400000000000000000e+01,8.720429633559489968e-01
3.666666666666666515e+03,-1.300000000000000000e+01,8.473479882790965201e-01
3.666666666666666515e+03,-1.200000000000000000e+01,8.224425144244111863e-01
3.666666666666666515e+03,-1.100000000000000000e+01,7.973371838234948328e-01
3.666666666666666515e+03,-1.000000000000000000e+01,7.720436052723916864e-01
3.666666666666666515e+03,-9.000000000000000000e+00,7.465743394748586281e-01
3.666666666666666515e+03,-8.000000000000000000e+00,7.209428727131227399e-01
3.666666666666666515e+03,-7.000000000000000000e+00,6.951635785231201625e-01
3.666666666666666515e+03,-6.000000000000000000e+00,6.692516671048729382e-01
3.666666666666666515e+03,-5.000000000000000000e+00,6.432231224898191657e-01
3.666666666666666515e+03,-4.000000000000000000e+00,6.170946278060426282e-01
3.666666666666666515e+03,-3.000000000000000000e+00,5.908834793179568168e-01
3.666666666666666515e+03,-2.000000000000000000e+00,5.646074902543936069e-01
3.666666666666666515e+03,-1.000000000000000000e+00,5.382848857628808048e-01
3.666666666666666515e+03,0.000000000000000000e+00,5.119341906213714655e-01
3.666666666666666515e+03,1.000000000000000000e+00,4.855741115864428692e-01
3.666666666666666515e+03,2.000000000000000000e+00,4.592234164449341405e-01
3.666666666666666515e+03,3.000000000000000000e+00,4.329008119534207277e-01
3.666666666666666515e+03,4.000000000000000000e+00,4.066248228898569628e-01
3.666666666666666515e+03,5.000000000000000000e+00,3.804136744017719840e-01
3.666666666666666515e+03,6.000000000000000000e+00,3.542851797179971118e-01
3.666666666666666515e+03,7.000000000000000000e+00,3.282566351029416740e-01
3.666666666666666515e+03,8.000000000000000000e+00,3.023447236846957820e-01
3.666666666666666515e+03,9.000000000000000000e+00,2.765654294946906511e-01
3.666666666666666515e+03,1.000000000000000000e+01,2.509339627329566502e-01
3.666666666666666515e+03,1.100000000000000000e+01,2.254646969354217600e-01
3.666666666666666515e+03,1.200000000000000000e+01,2.001711183843200570e-01
3.666666666666666515e+03,1.300000000000000000e+01,1.750657877834032039e-01
3.666666666666666515e+03,1.400000000000000000e+01,1.501603139287183142e-01
3.666666666666666515e+03,1.500000000000000000e+01,1.254653388518655599e-01
3.666666666666666515e+03,1.600000000000000000e+01,1.009905337021487215e-01
3.666666666666666515e+03,1.700000000000000000e+01,7.674460446978892403e-02
3.666666666666666515e+03,1.800000000000000000e+01,5.273530653481922625e-02
3.666666666666666515e+03,1.900000000000000000e+01,2.896946695313989961e-02
3.666666666666666515e+03,2.000000000000000000e+01,5.453013359044578401e-03
3.666666666666666515e+03,2.100000000000000000e+01,-1.780899163306864930e-02
3.666666666666666515e+03,2.200000000000000000e+01,-4.081231161176462896e-02
3.666666666666666515e+03,2.300000000000000000e+01,-6.355349416311012467e-02
3.666666666666666515e+03,2.400000000000000000e+01,-8.602982622847360483e-02
3.666666666666666515e+03,2.500000000000000000e+01,-1.082392878900095279e-01
3.666666666666666515e+03,2.600000000000000000e+01,-1.301805053538097057e-01
3.666666666666666515e+03,2.700000000000000000e+01,-1.518527038031649012e-01
3.666666666666666515e+03,2.800000000000000000e+01,-1.732556606975451108e-01
3.666666666666666515e+03,2.900000000000000000e+01,-1.943896599993009677e-01
3.666666666666666515e+03,3.000000000000000000e+01,-2.152554477219568718e-01
3.833333333333333030e+03,-3.000000000000000000e+01,1.233362491320563636e+00
3.833333333333333030e+03,-2.900000000000000000e+01,1.212763749929772539e+00
3.833333333333333030e+03,-2.800000000000000000e+01,1.191897962207115524e+00
3.833333333333333030e+03,-2.700000000000000000e+01,1.170763962905360556e+00
3.833333333333333030e+03,-2.600000000000000000e+01,1.149361006010978237e+00
3.833333333333333030e+03,-2.500000000000000000e+01,1.127688807561625151e+00
3.833333333333333030e+03,-2.400000000000000000e+01,1.105747590097826194e+00
3.833333333333333030e+03,-2.300000000000000000e+01,1.083538128436288384e+00
3.833333333333333030e+03,-2.200000000000000000e+01,1.061061796370924348e+00
3.833333333333333030e+03,-2.100000000000000000e+01,1.038320613819578853e+00
3.833333333333333030e+03,-2.000000000000000000e+01,1.015317293840883206e+00
3.833333333333333030e+03,-1.900000000000000000e+01,9.920552888487700338e-01
3.833333333333333030e+03,-1.800000000000000000e+01,9.685388352546754342e-01
3.833333333333333030e+03,-1.700000000000000000e+01,9.447729956729942202e-01
3.833333333333333030e+03,-1.600000000000000000e+01,9.207636977380256882e-01
3.833333333333333030e+03,-1.500000000000000000e+01,8.965177685056664458e-01
3.833333333333333030e+03,-1.400000000000000000e+01,8.720429633559489968e-01
3.833333333333333030e+03,-1.300000000000000000e+01,8.473479882790965201e-01
3.833333333333333030e+03,-1.200000000000000000e+01,8.224425144244111863e-01
3.833333333333333030e+03,-1.100000000000000000e+01,7.973371838234948328e-01
3.833333333333333030e+03,-1.000000000000000000e+01,7.720436052723916864e-01
3.833333333333333030e+03,-9.000000000000000000e+00,7.465743394748586281e-01
3.833333333333333030e+03,-8.000000000000000000e+00,7.209428727131227399e-01
3.833333333333333030e+03,-7.000000000000000000e+00,6.951635785231201625e-01
3.833333333333333030e+03,-6.000000000000000000e+00,6.692516671048729382e-01
3.833333333333333030e+03,-5.000000000000000000e+00,6.432231224898191657e-01
3.833333333333333030e+03,-4.000000000000000000e+00,6.170946278060426282e-01
3.833333333333333030e+03,-3.000000000000000000e+00,5.908834793179568168e-01
3.833333333333333030e+03,-2.000000000000000000e+00,5.646074902543936069e-01
3.833333333333333030e+03,-1.000000000000000000e+00,5.382848857628808048e-01
3.833333333333333030e+03,0.000000000000000000e+00,5.119341906213714655e-01
3.833333333333333030e+03,1.000000000000000000e+00,4.855741115864428692e-01
3.833333333333333030e+03,2.000000000000000000e+00,4.592234164449341405e-01
3.833333333333333030e+03,3.000000000000000000e+00,4.329008119534207277e-01
3.833333333333333030e+03,4.000000000000000000e+00,4.066248228898569628e-01
3.833333333333333030e+03,5.000000000000000000e+00,3.804136744017719840e-01
3.833333333333333030e+03,6.000000000000000000e+00,3.542851797179971118e-01
3.833333333333333030e+03,7.000000000000000000e+00,3.282566351029416740e-01
3.833333333333333030e+03,8.000000000000000000e+00,3.023447236846957820e-01
3.833333333333333030e+03,9.000000000000000000e+00,2.765654294946906511e-01
3.833333333333333030e+03,1.000000000000000000e+01,2.509339627329566502e-01
3.833333333333333030e+03,1.100000000000000000e+01,2.254646969354217600e-01
3.833333333333333030e+03,1.200000000000000000e+01,2.001711183843200570e-01
3.833333333333333030e+03,1.300000000000000000e+01,1.750657877834032039e-01
3.833333333333333030e+03,1.400000000000000000e+01,1.501603139287183142e-01
3.833333333333333030e+03,1.500000000000000000e+01,1.254653388518655599e-01
3.833333333333333030e+03,1.600000000000000000e+01,1.009905337021487215e-01
3.833333333333333030e+03,1.700000000000000000e+01,7.674460446978892403e-02
3.833333333333333030e+03,1.800000000000000000e+01,5.273530653481922625e-02
3.833333333333333030e+03,1.900000000000000000e+01,2.896946695313989961e-02
3.833333333333333030e+03,2.000000000000000000e+01,5.453013359044578401e-03
3.833333333333333030e+03,2.100000000000000000e+01,-1.780899163306864930e-02
3.833333333333333030e+03,2.200000000000000000e+01,-4.081231161176462896e-02
3.833333333333333030e+03,2.300000000000000000e+01,-6.355349416311012467e-02
3.833333333333333030e+03,2.400000000000000000e+01,-8.602982622847360483e-02
3.833333333333333030e+03,2.500000000000000000e+01,-1.082392878900095279e-01
3.833333333333333030e+03,2.600000000000000000e+01,-1.301805053538097057e-01
3.833333333333333030e+03,2.700000000000000000e+01,-1.518527038031649012e-01
3.833333333333333030e+03,2.800000000000000000e+01,-1.732556606975451108e-01
3.833333333333333030e+03,2.900000000000000000e+01,-1.943896599993009677e-01
3.833333333333333030e+03,3.000000000000000000e+01,-2.152554477219568718e-01
4.000000000000000000e+03,-3.000000000000000000e+01,1.233362491320563636e+00
4.000000000000000000e+03,-2.900000000000000000e+01,1.212763749929772539e+00
4.000000000000000000e+03,-2.800000000000000000e+01,1.191897962207115524e+00
4.000000000000000000e+03,-2.700000000000000000e+01,1.170763962905360556e+00
4.000000000000000000e+03,-2.600000000000000000e+01,1.149361006010978237e+00
4.000000000000000000e+03,-2.500000000000000000e+01,1.127688807561625151e+00
4.000000000000000000e+03,-2.400000000000000000e+01,1.105747590097826194e+00
4.000000000000000000e+03,-2.300000000000000000e+01,1.083538128436288384e+00
4.000000000000000000e+03,-2.200000000000000000e+01,1.061061796370924348e+00
4.000000000000000000e+03,-2.100000000000000000e+01,1.038320613819578853e+00
4.000000000000000000e+03,-2.000000000000000000e+01,1.015317293840883206e+00
4.000000000000000000e+03,-1.900000000000000000e+01,9.920552888487700338e-01
4.000000000000000000e+03,-1.800000000000000000e+01,9.685388352546754342e-01
4.000000000000000000e+03,-1.700000000000000000e+01,9.447729956729942202e-01
4.000000000000000000e+03,-1.600000000000000000e+01,9.207636977380256882e-01
4.000000000000000000e+03,-1.500000000000000000e+01,8.965177685056664458e-01
4.000000000000000000e+03,-1.400000000000000000e+01,8.720429633559489968e-01
4.000000000000000000e+03,-1.300000000000000000e+01,8.473479882790965201e-01
4.000000000000000000e+03,-1.200000000000000000e+01,8.224425144244111863e-01
4.000000000000000000e+03,-1.100000000000000000e+01,7.973371838234948328e-01
4.000000000000000000e+03,-1.000000000000000000e+01,7.720436052723916864e-01
4.000000000000000000e+03,-9.000000000000000000e+00,7.465743394748586281e-01
4.000000000000000000e+03,-8.000000000000000000e+00,7.209428727131227399e-01
4.000000000000000000e+03,-7.000000000000000000e+00,6.951635785231201625e-01
4.000000000000000000e+03,-6.000000000000000000e+00,6.692516671048729382e-01
4.000000000000000000e+03,-5.000000000000000000e+00,6.432231224898191657e-01
4.000000000000000000e+03,-4.000000000000000000e+00,6.170946278060426282e-01
4.000000000000000000e+03,-3.000000000000000000e+00,5.908834793179568168e-01
4.000000000000000000e+03,-2.000000000000000000e+00,5.646074902543936069e-01
4.000000000000000000e+03,-1.000000000000000000e+00,5.382848857628808048e-01
4.000000000000000000e+03,0.000000000000000000e+00,5.119341906213714655e-01
4.000000000000000000e+03,1.000000000000000000e+00,4.855741115864428692e-01
4.000000000000000000e+03,2.000000000000000000e+00,4.592234164449341405e-01
4.000000000000000000e+03,3.000000000000000000e+00,4.329008119534207277e-01
4.000000000000000000e+03,4.000000000000000000e+00,4.066248228898569628e-01
4.000000000000000000e+03,5.000000000000000000e+00,3.804136744017719840e-01
4.000000000000000000e+03,6.000000000000000000e+00,3.542851797179971118e-01
4.000000000000000000e+03,7.000000000000000000e+00,3.282566351029416740e-01
4.000000000000000000e+03,8.000000000000000000e+00,3.023447236846957820e-01
4.000000000000000000e+03,9.000000000000000000e+00,2.765654294946906511e-01
4.000000000000000000e+03,1.000000000000000000e+01,2.509339627329566502e-01
4.000000000000000000e+03,1.100000000000000000e+01,2.254646969354217600e-01
4.000000000000000000e+03,1.200000000000000000e+01,2.001711183843200570e-01
4.000000000000000000e+03,1.300000000000000000e+01,1.750657877834032039e-01
4.000000000000000000e+03,1.400000000000000000e+01,1.501603139287183142e-01
4.000000000000000000e+03,1.500000000000000000e+01,1.254653388518655599e-01
4.000000000000000000e+03,1.600000000000000000e+01,1.009905337021487215e-01
4.000000000000000000e+03,1.700000000000000000e+01,7.674460446978892403e-02
4.000000000000000000e+03,1.800000000000000000e+01,5.273530653481922625e-02
4.000000000000000000e+03,1.900000000000000000e+01,2.896946695313989961e-02
4.000000000000000000e+03,2.000000000000000000e+01,5.453013359044578401e-03
4.000000000000000000e+03,2.100000000000000000e+01,-1.780899163306864930e-02
4.000000000000000000e+03,2.200000000000000000e+01,-4.081231161176462896e-02
4.000000000000000000e+03,2.300000000000000000e+01,-6.355349416311012467e-02
4.000000000000000000e+03,2.400000000000000000e+01,-8.602982622847360483e-02
4.000000000000000000e+03,2.500000000000000000e+01,-1.082392878900095279e-01
4.000000000000000000e+03,2.600000000000000000e+01,-1.301805053538097057e-01
4.000000000000000000e+03,2.700000000000000000e+01,-1.518527038031649012e-01
4.000000000000000000e+03,2.800000000000000000e+01,-1.732556606975451108e-01
4.000000000000000000e+03,2.900000000000000000e+01,-1.943896599993009677e-01
4.000000000000000000e+03,3.000000000000000000e+01,-2.152554477219568718e-01
4.166666666666666060e+03,-3.000000000000000000e+01,1.233362491320563636e+00
4.166666666666666060e+03,-2.900000000000000000e+01,1.212763749929772539e+00
4.166666666666666060e+03,-2.800000000000000000e+01,1.191897962207115524e+00
4.166666666666666060e+03,-2.700000000000000000e+01,1.170763962905360556e+00
4.166666666666666060e+03,-2.600000000000000000e+01,1.149361006010978237e+00
4.166666666666666060e+03,-2.500000000000000000e+01,1.127688807561625151e+00
4.166666666666666060e+03,-2.400000000000000000e+01,1.105747590097826194e+00
4.166666666666666060e+03,-2.300000000000000000e+01,1.083538128436288384e+00
4.166666666666666060e+03,-2.200000000000000000e+01,1.061061796370924348e+00
4.166666666666666060e+03,-2.100000000000000000e+01,1.038320613819578853e+00
4.166666666666666060e+03,-2.000000000000000000e+01,1.015317293840883206e+00
4.166666666666666060e+03,-1.900000000000000000e+01,9.920552888487700338e-01
4.166666666666666060e+03,-1.800000000000000000e+01,9.685388352546754342e-01
4.166666666666666060e+03,-1.700000000000000000e+01,9.447729956729942202e-01
4.166666666666666060e+03,-1.600000000000000000e+01,9.207636977380256882e-01
4.166666666666666060e+03,-1.500000000000000000e+01,8.965177685056664458e-01
4.166666666666666060e+03,-1.400000000000000000e+01,8.720429633559489968e-01
4.166666666666666060e+03,-1.300000000000000000e+01,8.473479882790965201e-01
4.166666666666666060e+03,-1.200000000000000000e+01,8.224425144244111863e-01
4.166666666666666060e+03,-1.100000000000000000e+01,7.973371838234948328e-01
4.166666666666666060e+03,-1.000000000000000000e+01,7.720436052723916864e-01
4.166666666666666060e+03,-9.000000000000000000e+00,7.465743394748586281e-01
4.166666666666666060e+03,-8.000000000000000000e+00,7.209428727131227399e-01
4.166666666666666060e+03,-7.000000000000000000e+00,6.951635785231201625e-01
4.166666666666666060e+03,-6.000000000000000000e+00,6.692516671048729382e-01
4.166666666666666060e+03,-5.000000000000000000e+00,6.432231224898191657e-01
4.166666666666666060e+03,-4.000000000000000000e+00,6.170946278060426282e-01
4.166666666666666060e+03,-3.000000000000000000e+00,5.908834793179568168e-01
4.166666666666666060e+03,-2.000000000000000000e+00,5.646074902543936069e-01
4.166666666666666060e+03,-1.000000000000000000e+00,5.382848857628808048e-01
4.166666666666666060e+03,0.000000000000000000e+00,5.119341906213714655e-01
4.166666666666666060e+03,1.000000000000000000e+00,4.855741115864428692e-01
4.166666666666666060e+03,2.000000000000000000e+00,4.592234164449341405e-01
4.166666666666666060e+03,3.000000000000000000e+00,4.329008119534207277e-01
4.166666666666666060e+03,4.000000000000000000e+00,4.066248228898569628e-01
4.166666666666666060e+03,5.000000000000000000e+00,3.804136744017719840e-01
4.166666666666666060e+03,6.000000000000000000e+00,3.542851797179971118e-01
4.166666666666666060e+03,7.000000000000000000e+00,3.282566351029416740e-01
4.166666666666666060e+03,8.000000000000000000e+00,3.023447236846957820e-01
4.166666666666666060e+03,9.000000000000000000e+00,2.765654294946906511e-01
4.166666666666666060e+03,1.000000000000000000e+01,2.509339627329566502e-01
4.166666666666666060e+03,1.100000000000000000e+01,2.254646969354217600e-01
4.166666666666666060e+03,1.200000000000000000e+01,2.001711183843200570e-01
4.166666666666666060e+03,1.300000000000000000e+01,1.750657877834032039e-01
4.166666666666666060e+03,1.400000000000000000e+01,1.501603139287183142e-01
4.166666666666666060e+03,1.500000000000000000e+01,1.254653388518655599e-01
4.166666666666666060e+03,1.600000000000000000e+01,1.009905337021487215e-01
4.166666666666666060e+03,1.700000000000000000e+01,7.674460446978892403e-02
4.166666666666666060e+03,1.800000000000000000e+01,5.273530653481922625e-02
4.166666666666666060e+03,1.900000000000000000e+01,2.896946695313989961e-02
4.166666666666666060e+03,2.000000000000000000e+01,5.453013359044578401e-03
4.166666666666666060e+03,2.100000000000000000e+01,-1.780899163306864930e-02
4.166666666666666060e+03,2.200000000000000000e+01,-4.081231161176462896e-02
4.166666666666666060e+03,2.300000000000000000e+01,-6.355349416311012467e-02
4.166666666666666060e+03,2.400000000000000000e+01,-8.602982622847360483e-02
4.166666666666666060e+03,2.500000000000000000e+01,-1.082392878900095279e-01
4.166666666666666060e+03,2.600000000000000000e+01,-1.301805053538097057e-01
4.166666666666666060e+03,2.700000000000000000e+01,-1.518527038031649012e-01
4.166666666666666060e+03,2.800000000000000000e+01,-1.732556606975451108e-01
4.166666666666666060e+03,2.900000000000000000e+01,-1.943896599993009677e-01
4.166666666666666060e+03,3.000000000000000000e+01,-2.152554477219568718e-01
4.333333333333333030e+03,-3.000000000000000000e+01,1.233362491320563636e+00
4.333333333333333030e+03,-2.900000000000000000e+01,1.212763749929772539e+00
4.333333333333333030e+03,-2.800000000000000000e+01,1.191897962207115524e+00
4.333333333333333030e+03,-2.700000000000000000e+01,1.170763962905360556e+00
4.333333333333333030e+03,-2.600000000000000000e+01,1.149361006010978237e+00
4.333333333333333030e+03,-2.500000000000000000e+01,1.127688807561625151e+00
4.333333333333333030e+03,-2.400000000000000000e+01,1.105747590097826194e+00
4.333333333333333030e+03,-2.300000000000000000e+01,1.083538128436288384e+00
4.333333333333333030e+03,-2.200000000000000000e+01,1.061061796370924348e+00
4.333333333333333030e+03,-2.100000000000000000e+01,1.038320613819578853e+00
4.333333333333333030e+03,-2.000000000000000000e+01,1.015317293840883206e+00
4.333333333333333030e+03,-1.900000000000000000e+01,9.920552888487700338e-01
4.333333333333333030e+03,-1.800000000000000000e+01,9.685388352546754342e-01
4.333333333333333030e+03,-1.700000000000000000e+01,9.447729956729942202e-01
4.333333333333333030e+03,-1.600000000000000000e+01,9.207636977380256882e-01
4.333333333333333030e+03,-1.500000000000000000e+01,8.965177685056664458e-01
4.333333333333333030e+03,-1.400000000000000000e+01,8.720429633559489968e-01
4.333333333333333030e+03,-1.300000000000000000e+01,8.473479882790965201e-01
4.333333333333333030e+03,-1.200000000000000000e+01,8.224425144244111863e-01
4.333333333333333030e+03,-1.100000000000000000e+01,7.973371838234948328e-01
4.333333333333333030e+03,-1.000000000000000000e+01,7.720436052723916864e-01
4.333333333333333030e+03,-9.000000000000000000e+00,7.465743394748586281e-01
4.333333333333333030e+03,-8.000000000000000000e+00,7.209428727131227399e-01
4.333333333333333030e+03,-7.000000000000000000e+00,6.951635785231201625e-01
4.333333333333333030e+03,-6.000000000000000000e+00,6.692516671048729382e-01
4.333333333333333030e+03,-5.000000000000000000e+00,6.432231224898191657e-01
4.333333333333333030e+03,-4.000000000000000000e+00,6.170946278060426282e-01
4.333333333333333030e+03,-3.000000000000000000e+00,5.908834793179568168e-01
4.333333333333333030e+03,-2.000000000000000000e+00,5.646074902543936069e-01
4.333333333333333030e+03,-1.000000000000000000e+00,5.382848857628808048e-01
4.333333333333333030e+03,0.000000000000000000e+00,5.119341906213714655e-01
4.333333333333333030e+03,1.000000000000000000e+00,4.855741115864428692e-01
4.333333333333333030e+03,2.000000000000000000e+00,4.592234164449341405e-01
4.333333333333333030e+03,3.000000000000000000e+00,4.329008119534207277e-01
4.333333333333333030e+03,4.000000000000000000e+00,4.066248228898569628e-01
4.333333333333333030e+03,5.000000000000000000e+00,3.804136744017719840e-01
4.333333333333333030e+03,6.000000000000000000e+00,3.542851797179971118e-01
4.333333333333333030e+03,7.000000000000000000e+00,3.282566351029416740e-01
4.333333333333333030e+03,8.000000000000000000e+00,3.023447236846957820e-01
4.333333333333333030e+03,9.000000000000000000e+00,2.765654294946906511e-01
4.333333333333333030e+03,1.000000000000000000e+01,2.509339627329566502e-01
4.333333333333333030e+03,1.100000000000000000e+01,2.254646969354217600e-01
4.333333333333333030e+03,1.200000000000000000e+01,2.001711183843200570e-01
4.333333333333333030e+03,1.300000000000000000e+01,1.750657877834032039e-01
4.333333333333333030e+03,1.400000000000000000e+01,1.501603139287183142e-01
4.333333333333333030e+03,1.500000000000000000e+01,1.254653388518655599e-01
4.333333333333333030e+03,1.600000000000000000e+01,1.009905337021487215e-01
4.333333333333333030e+03,1.700000000000000000e+01,7.674460446978892403e-02
4.333333333333333030e+03,1.800000000000000000e+01,5.273530653481922625e-02
4.333333333333333030e+03,1.900000000000000000e+01,2.896946695313989961e-02
4.333333333333333030e+03,2.000000000000000000e+01,5.453013359044578401e-03
4.333333333333333030e+03,2.100000000000000000e+01,-1.780899163306864930e-02
4.333333333333333030e+03,2.200000000000000000e+01,-4.081231161176462896e-02
4.333333333333333030e+03,2.300000000000000000e+01,-6.355349416311012467e-02
4.333333333333333030e+03,2.400000000000000000e+01,-8.602982622847360483e-02
4.333333333333333030e+03,2.500000000000000000e+01,-1.082392878900095279e-01
4.333333333333333030e+03,2.600000000000000000e+01,-1.301805053538097057e-01
4.333333333333333030e+03,2.700000000000000000e+01,-1.518527038031649012e-01
4.333333333333333030e+03,2.800000000000000000e+01,-1.732556606975451108e-01
4.333333333333333030e+03,2.900000000000000000e+01,-1.943896599993009677e-01
4.333333333333333030e+03,3.000000000000000000e+01,-2.152554477219568718e-01
4.500000000000000000e+03,-3.000000000000000000e+01,1.233362491320563636e+00
4.500000000000000000e+03,-2.900000000000000000e+01,1.212763749929772539e+00
4.500000000000000000e+03,-2.800000000000000000e+01,1.191897962207115524e+00
4.500000000000000000e+03,-2.700000000000000000e+01,1.170763962905360556e+00
4.500000000000000000e+03,-2.600000000000000000e+01,1.149361006010978237e+00
4.500000000000000000e+03,-2.500000000000000000e+01,1.127688807561625151e+00
4.500000000000000000e+03,-2.400000000000000000e+01,1.105747590097826194e+00
4.500000000000000000e+03,-2.300000000000000000e+01,1.083538128436288384e+00
4.500000000000000000e+03,-2.200000000000000000e+01,1.061061796370924348e+00
4.500000000000000000e+03,-2.100000000000000000e+01,1.038320613819578853e+00
4.500000000000000000e+03,-2.000000000000000000e+01,1.015317293840883206e+00
4.500000000000000000e+03,-1.900000000000000000e+01,9.920552888487700338e-01
4.500000000000000000e+03,-1.800000000000000000e+01,9.685388352546754342e-01
4.500000000000000000e+03,-1.700000000000000000e+01,9.447729956729942202e-01
4.500000000000000000e+03,-1.600000000000000000e+01,9.207636977380256882e-01
4.500000000000000000e+03,-1.500000000000000000e+01,8.965177685056664458e-01
4.500000000000000000e+03,-1.400000000000000000e+01,8.720429633559489968e-01
4.500000000000000000e+03,-1.300000000000000000e+01,8.473479882790965201e-01
4.500000000000000000e+03,-1.200000000000000000e+01,8.224425144244111863e-01
4.500000000000000000e+03,-1.100000000000000000e+01,7.973371838234948328e-01
4.500000000000000000e+03,-1.000000000000000000e+01,7.720436052723916864e-01
4.500000000000000000e+03,-9.000000000000000000e+00,7.465743394748586281e-01
4.500000000000000000e+03,-8.000000000000000000e+00,7.209428727131227399e-01
4.500000000000000000e+03,-7.000000000000000000e+00,6.951635785231201625e-01
4.500000000000000000e+03,-6.000000000000000000e+00,6.692516671048729382e-01
4.500000000000000000e+03,-5.000000000000000000e+00,6.432231224898191657e-01
4.500000000000000000e+03,-4.000000000000000000e+00,6.170946278060426282e-01
4.500000000000000000e+03,-3.000000000000000000e+00,5.908834793179568168e-01
4.500000000000000000e+03,-2.000000000000000000e+00,5.646074902543936069e-01
4.500000000000000000e+03,-1.000000000000000000e+00,5.382848857628808048e-01
4.500000000000000000e+03,0.000000000000000000e+00,5.119341906213714655e-01
4.500000000000000000e+03,1.000000000000000000e+00,4.855741115864428692e-01
4.500000000000000000e+03,2.000000000000000000e+00,4.592234164449341405e-01
4.500000000000000000e+03,3.000000000000000000e+00,4.329008119534207277e-01
4.500000000000000000e+03,4.000000000000000000e+00,4.066248228898569628e-01
4.500000000000000000e+03,5.000000000000000000e+00,3.804136744017719840e-01
4.500000000000000000e+03,6.000000000000000000e+00,3.542851797179971118e-01
4.500000000000000000e+03,7.000000000000000000e+00,3.282566351029416740e-01
4.500000000000000000e+03,8.000000000000000000e+00,3.023447236846957820e-01
4.500000000000000000e+03,9.000000000000000000e+00,2.765654294946906511e-01
4.500000000000000000e+03,1.000000000000000000e+01,2.509339627329566502e-01
4.500000000000000000e+03,1.100000000000000000e+01,2.254646969354217600e-01
4.500000000000000000e+03,1.200000000000000000e+01,2.001711183843200570e-01
4.500000000000000000e+03,1.300000000000000000e+01,1.750657877834032039e-01
4.500000000000000000e+03,1.400000000000000000e+01,1.501603139287183142e-01
4.500000000000000000e+03,1.500000000000000000e+01,1.254653388518655599e-01
4.500000000000000000e+03,1.600000000000000000e+01,1.009905337021487215e-01
4.500000000000000000e+03,1.700000000000000000e+01,7.674460446978892403e-02
4.500000000000000000e+03,1.800000000000000000e+01,5.273530653481922625e-02
4.500000000000000000e+03,1.900000000000000000e+01,2.896946695313989961e-02
4.500000000000000000e+03,2.000000000000000000e+01,5.453013359044578401e-03
4.500000000000000000e+03,2.100000000000000000e+01,-1.780899163306864930e-02
4.500000000000000000e+03,2.200000000000000000e+01,-4.081231161176462896e-02
4.500000000000000000e+03,2.300000000000000000e+01,-6.355349416311012467e-02
4.500000000000000000e+03,2.400000000000000000e+01,-8.602982622847360483e-02
4.500000000000000000e+03,2.500000000000000000e+01,-1.082392878900095279e-01
4.500000000000000000e+03,2.600000000000000000e+01,-1.301805053538097057e-01
4.500000000000000000e+03,2.700000000000000000e+01,-1.518527038031649012e-01
4.500000000000000000e+03,2.800000000000000000e+01,-1.732556606975451108e-01
4.500000000000000000e+03,2.900000000000000000e+01,-1.943896599993009677e-01
4.500000000000000000e+03,3.000000000000000000e+01,-2.152554477219568718e-01
4.666666666666666060e+03,-3.000000000000000000e+01,1.233362491320563636e+00
4.666666666666666060e+03,-2.900000000000000000e+01,1.212763749929772539e+00
4.666666666666666060e+03,-2.800000000000000000e+01,1.191897962207115524e+00
4.666666666666666060e+03,-2.700000000000000000e+01,1.170763962905360556e+00
4.666666666666666060e+03,-2.600000000000000000e+01,1.149361006010978237e+00
4.666666666666666060e+03,-2.500000000000000000e+01,1.127688807561625151e+00
4.666666666666666060e+03,-2.400000000000000000e+01,1.105747590097826194e+00
4.666666666666666060e+03,-2.300000000000000000e+01,1.083538128436288384e+00
4.666666666666666060e+03,-2.200000000000000000e+01,1.061061796370924348e+00
4.666666666666666060e+03,-2.100000000000000000e+01,1.038320613819578853e+00
4.666666666666666060e+03,-2.000000000000000000e+01,1.015317293840883206e+00
4.666666666666666060e+03,-1.900000000000000000e+01,9.920552888487700338e-01
4.666666666666666060e+03,-1.800000000000000000e+01,9.685388352546754342e-01
4.666666666666666060e+03,-1.700000000000000000e+01,9.447729956729942202e-01
4.666666666666666060e+03,-1.600000000000000000e+01,9.207636977380256882e-01
4.666666666666666060e+03,-1.500000000000000000e+01,8.965177685056664458e-01
4.666666666666666060e+03,-1.400000000000000000e+01,8.720429633559489968e-01
4.666666666666666060e+03,-1.300000000000000000e+01,8.473479882790965201e-01
4.666666666666666060e+03,-1.200000000000000000e+01,8.224425144244111863e-01
4.666666666666666060e+03,-1.100000000000000000e+01,7.973371838234948328e-01
4.666666666666666060e+03,-1.000000000000000000e+01,7.720436052723916864e-01
4.666666666666666060e+03,-9.000000000000000000e+00,7.465743394748586281e-01
4.666666666666666060e+03,-8.000000000000000000e+00,7.209428727131227399e-01
4.666666666666666060e+03,-7.000000000000000000e+00,6.951635785231201625e-01
4.666666666666666060e+03,-6.000000000000000000e+00,6.692516671048729382e-01
4.666666666666666060e+03,-5.000000000000000000e+00,6.432231224898191657e-01
4.666666666666666060e+03,-4.000000000000000000e+00,6.170946278060426282e-01
4.666666666666666060e+03,-3.000000000000000000e+00,5.908834793179568168e-01
4.666666666666666060e+03,-2.000000000000000000e+00,5.646074902543936069e-01
4.666666666666666060e+03,-1.000000000000000000e+00,5.382848857628808048e-01
4.666666666666666060e+03,0.000000000000000000e+00,5.119341906213714655e-01
4.666666666666666060e+03,1.000000000000000000e+00,4.855741115864428692e-01
4.666666666666666060e+03,2.000000000000000000e+00,4.592234164449341405e-01
4.666666666666666060e+03,3.000000000000000000e+00,4.329008119534207277e-01
4.666666666666666060e+03,4.000000000000000000e+00,4.066248228898569628e-01
4.666666666666666060e+03,5.000000000000000000e+00,3.804136744017719840e-01
4.666666666666666060e+03,6.000000000000000000e+00,3.542851797179971118e-01
4.666666666666666060e+03,7.000000000000000000e+00,3.282566351029416740e-01
4.666666666666666060e+03,8.000000000000000000e+00,3.023447236846957820e-01
4.666666666666666060e+03,9.000000000000000000e+00,2.765654294946906511e-01
4.666666666666666060e+03,1.000000000000000000e+01,2.509339627329566502e-01
4.666666666666666060e+03,1.100000000000000000e+01,2.254646969354217600e-01
4.666666666666666060e+03,1.200000000000000000e+01,2.001711183843200570e-01
4.666666666666666060e+03,1.300000000000000000e+01,1.750657877834032039e-01
4.666666666666666060e+03,1.400000000000000000e+01,1.501603139287183142e-01
4.666666666666666060e+03,1.500000000000000000e+01,1.254653388518655599e-01
4.666666666666666060e+03,1.600000000000000000e+01,1.009905337021487215e-01
4.666666666666666060e+03,1.700000000000000000e+01,7.674460446978892403e-02
4.666666666666666060e+03,1.800000000000000000e+01,5.273530653481922625e-02
4.666666666666666060e+03,1.900000000000000000e+01,2.896946695313989961e-02
4.666666666666666060e+03,2.000000000000000000e+01,5.453013359044578401e-03
4.666666666666666060e+03,2.100000000000000000e+01,-1.780899163306864930e-02
4.666666666666666060e+03,2.200000000000000000e+01,-4.081231161176462896e-02
4.666666666666666060e+03,2.300000000000000000e+01,-6.355349416311012467e-02
4.666666666666666060e+03,2.400000000000000000e+01,-8.602982622847360483e-02
4.666666666666666060e+03,2.500000000000000000e+01,-1.082392878900095279e-01
4.666666666666666060e+03,2.600000000000000000e+01,-1.301805053538097057e-01
4.666666666666666060e+03,2.700000000000000000e+01,-1.518527038031649012e-01
4.666666666666666060e+03,2.800000000000000000e+01,-1.732556606975451108e-01
4.666666666666666060e+03,2.900000000000000000e+01,-1.943896599993009677e-01
4.666666666666666060e+03,3.000000000000000000e+01,-2.152554477219568718e-01
4.833333333333333030e+03,-3.000000000000000000e+01,1.233362491320563636e+00
4.833333333333333030e+03,-2.900000000000000000e+01,1.212763749929772539e+00
4.833333333333333030e+03,-2.800000000000000000e+01,1.191897962207115524e+00
4.833333333333333030e+03,-2.700000000000000000e+01,1.170763962905360556e+00
4.833333333333333030e+03,-2.600000000000000000e+01,1.149361006010978237e+00
4.833333333333333030e+03,-2.500000000000000000e+01,1.127688807561625151e+00
4.833333333333333030e+03,-2.400000000000000000e+01,1.105747590097826194e+00
4.833333333333333030e+03,-2.300000000000000000e+01,1.083538128436288384e+00
4.833333333333333030e+03,-2.200000000000000000e+01,1.061061796370924348e+00
4.833333333333333030e+03,-2.100000000000000000e+01,1.038320613819578853e+00
4.833333333333333030e+03,-2.000000000000000000e+01,1.015317293840883206e+00
4.833333333333333030e+03,-1.900000000000000000e+01,9.920552888487700338e-01
4.833333333333333030e+03,-1.800000000000000000e+01,9.685388352546754342e-01
4.833333333333333030e+03,-1.700000000000000000e+01,9.447729956729942202e-01
4.833333333333333030e+03,-1.600000000000000000e+01,9.207636977380256882e-01
4.833333333333333030e+03,-1.500000000000000000e+01,8.965177685056664458e-01
4.833333333333333030e+03,-1.400000000000000000e+01,8.720429633559489968e-01
4.833333333333333030e+03,-1.300000000000000000e+01,8.473479882790965201e-01
4.833333333333333030e+03,-1.200000000000000000e+01,8.224425144244111863e-01
4.833333333333333030e+03,-1.100000000000000000e+01,7.973371838234948328e-01
4.833333333333333030e+03,-1.000000000000000000e+01,7.720436052723916864e-01
4.833333333333333030e+03,-9.000000000000000000e+00,7.465743394748586281e-01
4.833333333333333030e+03,-8.000000000000000000e+00,7.209428727131227399e-01
4.833333333333333030e+03,-7.000000000000000000e+00,6.951635785231201625e-01
4.833333333333333030e+03,-6.000000000000000000e+00,6.692516671048729382e-01
4.833333333333333030e+03,-5.000000000000000000e+00,6.432231224898191657e-01
4.833333333333333030e+03,-4.000000000000000000e+00,6.170946278060426282e-01
4.833333333333333030e+03,-3.000000000000000000e+00,5.908834793179568168e-01
4.833333333333333030e+03,-2.000000000000000000e+00,5.646074902543936069e-01
4.833333333333333030e+03,-1.000000000000000000e+00,5.382848857628808048e-01
4.833333333333333030e+03,0.000000000000000000e+00,5.119341906213714655e-01
4.833333333333333030e+03,1.000000000000000000e+00,4.855741115864428692e-01
4.833333333333333030e+03,2.000000000000000000e+00,4.592234164449341405e-01
4.833333333333333030e+03,3.000000000000000000e+00,4.329008119534207277e-01
4.833333333333333030e+03,4.000000000000000000e+00,4.066248228898569628e-01
4.833333333333333030e+03,5.000000000000000000e+00,3.804136744017719840e-01
4.833333333333333030e+03,6.000000000000000000e+00,3.542851797179971118e-01
4.833333333333333030e+03,7.000000000000000000e+00,3.282566351029416740e-01
4.833333333333333030e+03,8.000000000000000000e+00,3.023447236846957820e-01
4.833333333333333030e+03,9.000000000000000000e+00,2.765654294946906511e-01
4.833333333333333030e+03,1.000000000000000000e+01,2.509339627329566502e-01
4.833333333333333030e+03,1.100000000000000000e+01,2.254646969354217600e-01
4.833333333333333030e+03,1.200000000000000000e+01,2.001711183843200570e-01
4.833333333333333030e+03,1.300000000000000000e+01,1.750657877834032039e-01
4.833333333333333030e+03,1.400000000000000000e+01,1.501603139287183142e-01
4.833333333333333030e+03,1.500000000000000000e+01,1.254653388518655599e-01
4.833333333333333030e+03,1.600000000000000000e+01,1.009905337021487215e-01
4.833333333333333030e+03,1.700000000000000000e+01,7.674460446978892403e-02
4.833333333333333030e+03,1.800000000000000000e+01,5.273530653481922625e-02
4.833333333333333030e+03,1.900000000000000000e+01,2.896946695313989961e-02
4.833333333333333030e+03,2.000000000000000000e+01,5.453013359044578401e-03
4.833333333333333030e+03,2.100000000000000000e+01,-1.780899163306864930e-02
4.833333333333333030e+03,2.200000000000000000e+01,-4.081231161176462896e-02
4.833333333333333030e+03,2.300000000000000000e+01,-6.355349416311012467e-02
4.833333333333333030e+03,2.400000000000000000e+01,-8.602982622847360483e-02
4.833333333333333030e+03,2.500000000000000000e+01,-1.082392878900095279e-01
4.833333333333333030e+03,2.600000000000000000e+01,-1.301805053538097057e-01
4.833333333333333030e+03,2.700000000000000000e+01,-1.518527038031649012e-01
4.833333333333333030e+03,2.800000000000000000e+01,-1.732556606975451108e-01
4.833333333333333030e+03,2.900000000000000000e+01,-1.943896599993009677e-01
4.833333333333333030e+03,3.000000000000000000e+01,-2.152554477219568718e-01
5.000000000000000000e+03,-3.000000000000000000e+01,1.233362491320563636e+00
5.000000000000000000e+03,-2.900000000000000000e+01,1.212763749929772539e+00
5.000000000000000000e+03,-2.800000000000000000e+01,1.191897962207115524e+00
5.000000000000000000e+03,-2.700000000000000000e+01,1.170763962905360556e+00
5.000000000000000000e+03,-2.600000000000000000e+01,1.149361006010978237e+00
5.000000000000000000e+03,-2.500000000000000000e+01,1.127688807561625151e+00
5.000000000000000000e+03,-2.400000000000000000e+01,1.105747590097826194e+00
5.000000000000000000e+03,-2.300000000000000000e+01,1.083538128436288384e+00
5.000000000000000000e+03,-2.200000000000000000e+01,1.061061796370924348e+00
5.000000000000000000e+03,-2.100000000000000000e+01,1.038320613819578853e+00
5.000000000000000000e+03,-2.000000000000000000e+01,1.015317293840883206e+00
5.000000000000000000e+03,-1.900000000000000000e+01,9.920552888487700338e-01
5.000000000000000000e+03,-1.800000000000000000e+01,9.685388352546754342e-01
5.000000000000000000e+03,-1.700000000000000000e+01,9.447729956729942202e-01
5.000000000000000000e+03,-1.600000000000000000e+01,9.207636977380256882e-01
5.000000000000000000e+03,-1.500000000000000000e+01,8.965177685056664458e-01
5.000000000000000000e+03,-1.400000000000000000e+01,8.720429633559489968e-01
5.000000000000000000e+03,-1.300000000000000000e+01,8.473479882790965201e-01
5.000000000000000000e+03,-1.200000000000000000e+01,8.224425144244111863e-01
5.000000000000000000e+03,-1.100000000000000000e+01,7.973371838234948328e-01
5.000000000000000000e+03,-1.000000000000000000e+01,7.720436052723916864e-01
5.000000000000000000e+03,-9.000000000000000000e+00,7.465743394748586281e-01
5.000000000000000000e+03,-8.000000000000000000e+00,7.209428727131227399e-01
5.000000000000000000e+03,-7.000000000000000000e+00,6.951635785231201625e-01
5.000000000000000000e+03,-6.000000000000000000e+00,6.692516671048729382e-01
5.000000000000000000e+03,-5.000000000000000000e+00,6.432231224898191657e-01
5.000000000000000000e+03,-4.000000000000000000e+00,6.170946278060426282e-01
5.000000000000000000e+03,-3.000000000000000000e+00,5.908834793179568168e-01
5.000000000000000000e+03,-2.000000000000000000e+00,5.646074902543936069e-01
5.000000000000000000e+03,-1.000000000000000000e+00,5.382848857628808048e-01
5.000000000000000000e+03,0.000000000000000000e+00,5.119341906213714655e-01
5.000000000000000000e+03,1.000000000000000000e+00,4.855741115864428692e-01
5.000000000000000000e+03,2.000000000000000000e+00,4.592234164449341405e-01
5.000000000000000000e+03,3.000000000000000000e+00,4.329008119534207277e-01
5.000000000000000000e+03,4.000000000000000000e+00,4.066248228898569628e-01
5.000000000000000000e+03,5.000000000000000000e+00,3.804136744017719840e-01
5.000000000000000000e+03,6.000000000000000000e+00,3.542851797179971118e-01
5.000000000000000000e+03,7.000000000000000000e+00,3.282566351029416740e-01
5.000000000000000000e+03,8.000000000000000000e+00,3.023447236846957820e-01
5.000000000000000000e+03,9.000000000000000000e+00,2.765654294946906511e-01
5.000000000000000000e+03,1.000000000000000000e+01,2.509339627329566502e-01
5.000000000000000000e+03,1.100000000000000000e+01,2.254646969354217600e-01
5.000000000000000000e+03,1.200000000000000000e+01,2.001711183843200570e-01
5.000000000000000000e+03,1.300000000000000000e+01,1.750657877834032039e-01
5.000000000000000000e+03,1.400000000000000000e+01,1.501603139287183142e-01
5.000000000000000000e+03,1.500000000000000000e+01,1.254653388518655599e-01
5.000000000000000000e+03,1.600000000000000000e+01,1.009905337021487215e-01
5.000000000000000000e+03,1.700000000000000000e+01,7.674460446978892403e-02
5.000000000000000000e+03,1.800000000000000000e+01,5.273530653481922625e-02
5.000000000000000000e+03,1.900000000000000000e+01,2.896946695313989961e-02
5.000000000000000000e+03,2.000000000000000000e+01,5.453013359044578401e-03
5.000000000000000000e+03,2.100000000000000000e+01,-1.780899163306864930e-02
5.000000000000000000e+03,2.200000000000000000e+01,-4.081231161176462896e-02
5.000000000000000000e+03,2.300000000000000000e+01,-6.355349416311012467e-02
5.000000000000000000e+03,2.400000000000000000e+01,-8.602982622847360483e-02
5.000000000000000000e+03,2.500000000000000000e+01,-1.082392878900095279e-01
5.000000000000000000e+03,2.600000000000000000e+01,-1.301805053538097057e-01
5.000000000000000000e+03,2.700000000000000000e+01,-1.518527038031649012e-01
5.000000000000000000e+03,2.800000000000000000e+01,-1.732556606975451108e-01
5.000000000000000000e+03,2.900000000000000000e+01,-1.943896599993009677e-01
5.000000000000000000e+03,3.000000000000000000e+01,-2.152554477219568718e-01
5.166666666666666060e+03,-3.000000000000000000e+01,1.233362491320563636e+00
5.166666666666666060e+03,-2.900000000000000000e+01,1.212763749929772539e+00
5.166666666666666060e+03,-2.800000000000000000e+01,1.191897962207115524e+00
5.166666666666666060e+03,-2.700000000000000000e+01,1.170763962905360556e+00
5.166666666666666060e+03,-2.600000000000000000e+01,1.149361006010978237e+00
5.166666666666666060e+03,-2.500000000000000000e+01,1.127688807561625151e+00
5.166666666666666060e+03,-2.400000000000000000e+01,1.105747590097826194e+00
5.166666666666666060e+03,-2.300000000000000000e+01,1.083538128436288384e+00
5.166666666666666060e+03,-2.200000000000000000e+01,1.061061796370924348e+00
5.166666666666666060e+03,-2.100000000000000000e+01,1.038320613819578853e+00
5.166666666666666060e+03,-2.000000000000000000e+01,1.015317293840883206e+00
5.166666666666666060e+03,-1.900000000000000000e+01,9.920552888487700338e-01
5.166666666666666060e+03,-1.800000000000000000e+01,9.685388352546754342e-01
5.166666666666666060e+03,-1.700000000000000000e+01,9.447729956729942202e-01
5.166666666666666060e+03,-1.600000000000000000e+01,9.207636977380256882e-01
5.166666666666666060e+03,-1.500000000000000000e+01,8.965177685056664458e-01
5.166666666666666060e+03,-1.400000000000000000e+01,8.720429633559489968e-01
5.166666666666666060e+03,-1.300000000000000000e+01,8.473479882790965201e-01
5.166666666666666060e+03,-1.200000000000000000e+01,8.224425144244111863e-01
5.166666666666666060e+03,-1.100000000000000000e+01,7.973371838234948328e-01
5.166666666666666060e+03,-1.000000000000000000e+01,7.720436052723916864e-01
5.166666666666666060e+03,-9.000000000000000000e+00,7.465743394748586281e-01
5.166666666666666060e+03,-8.000000000000000000e+00,7.209428727131227399e-01
5.166666666666666060e+03,-7.000000000000000000e+00,6.951635785231201625e-01
5.166666666666666060e+03,-6.000000000000000000e+00,6.692516671048729382e-01
5.166666666666666060e+03,-5.000000000000000000e+00,6.432231224898191657e-01
5.166666666666666060e+03,-4.000000000000000000e+00,6.170946278060426282e-01
5.166666666666666060e+03,-3.000000000000000000e+00,5.908834793179568168e-01
5.166666666666666060e+03,-2.000000000000000000e+00,5.646074902543936069e-01
5.166666666666666060e+03,-1.000000000000000000e+00,5.382848857628808048e-01
5.166666666666666060e+03,0.000000000000000000e+00,5.119341906213714655e-01
5.166666666666666060e+03,1.000000000000000000e+00,4.855741115864428692e-01
5.166666666666666060e+03,2.000000000000000000e+00,4.592234164449341405e-01
5.166666666666666060e+03,3.000000000000000000e+00,4.329008119534207277e-01
5.166666666666666060e+03,4.000000000000000000e+00,4.066248228898569628e-01
5.166666666666666060e+03,5.000000000000000000e+00,3.804136744017719840e-01
5.166666666666666060e+03,6.000000000000000000e+00,3.542851797179971118e-01
5.166666666666666060e+03,7.000000000000000000e+00,3.282566351029416740e-01
5.166666666666666060e+03,8.000000000000000000e+00,3.023447236846957820e-01
5.166666666666666060e+03,9.000000000000000000e+00,2.765654294946906511e-01
5.166666666666666060e+03,1.000000000000000000e+01,2.509339627329566502e-01
5.166666666666666060e+03,1.100000000000000000e+01,2.254646969354217600e-01
5.166666666666666060e+03,1.200000000000000000e+01,2.001711183843200570e-01
5.166666666666666060e+03,1.300000000000000000e+01,1.750657877834032039e-01
5.166666666666666060e+03,1.400000000000000000e+01,1.501603139287183142e-01
5.166666666666666060e+03,1.500000000000000000e+01,1.254653388518655599e-01
5.166666666666666060e+03,1.600000000000000000e+01,1.009905337021487215e-01
5.166666666666666060e+03,1.700000000000000000e+01,7.674460446978892403e-02
5.166666666666666060e+03,1.800000000000000000e+01,5.273530653481922625e-02
5.166666666666666060e+03,1.900000000000000000e+01,2.896946695313989961e-02
5.166666666666666060e+03,2.000000000000000000e+01,5.453013359044578401e-03
5.166666666666666060e+03,2.100000000000000000e+01,-1.780899163306864930e-02
5.166666666666666060e+03,2.200000000000000000e+01,-4.081231161176462896e-02
5.166666666666666060e+03,2.300000000000000000e+01,-6.355349416311012467e-02
5.166666666666666060e+03,2.400000000000000000e+01,-8.602982622847360483e-02
5.166666666666666060e+03,2.500000000000000000e+01,-1.082392878900095279e-01
5.166666666666666060e+03,2.600000000000000000e+01,-1.301805053538097057e-01
5.166666666666666060e+03,2.700000000000000000e+01,-1.518527038031649012e-01
5.166666666666666060e+03,2.800000000000000000e+01,-1.732556606975451108e-01
5.166666666666666060e+03,2.900000000000000000e+01,-1.943896599993009677e-01
5.166666666666666060e+03,3.000000000000000000e+01,-2.152554477219568718e-01
5.333333333333333030e+03,-3.000000000000000000e+01,1.233362491320563636e+00
5.333333333333333030e+03,-2.900000000000000000e+01,1.212763749929772539e+00
5.333333333333333030e+03,-2.800000000000000000e+01,1.191897962207115524e+00
5.333333333333333030e+03,-2.700000000000000000e+01,1.170763962905360556e+00
5.333333333333333030e+03,-2.600000000000000000e+01,1.149361006010978237e+00
5.333333333333333030e+03,-2.500000000000000000e+01,1.127688807561625151e+00
5.333333333333333030e+03,-2.400000000000000000e+01,1.105747590097826194e+00
5.333333333333333030e+03,-2.300000000000000000e+01,1.083538128436288384e+00
5.333333333333333030e+03,-2.200000000000000000e+01,1.061061796370924348e+00
5.333333333333333030e+03,-2.100000000000000000e+01,1.038320613819578853e+00
5.333333333333333030e+03,-2.000000000000000000e+01,1.015317293840883206e+00
5.333333333333333030e+03,-1.900000000000000000e+01,9.920552888487700338e-01
5.333333333333333030e+03,-1.800000000000000000e+01,9.685388352546754342e-01
5.333333333333333030e+03,-1.700000000000000000e+01,9.447729956729942202e-01
5.333333333333333030e+03,-1.600000000000000000e+01,9.207636977380256882e-01
5.333333333333333030e+03,-1.500000000000000000e+01,8.965177685056664458e-01
5.333333333333333030e+03,-1.400000000000000000e+01,8.720429633559489968e-01
5.333333333333333030e+03,-1.300000000000000000e+01,8.473479882790965201e-01
5.333333333333333030e+03,-1.200000000000000000e+01,8.224425144244111863e-01
5.333333333333333030e+03,-1.100000000000000000e+01,7.973371838234948328e-01
5.333333333333333030e+03,-1.000000000000000000e+01,7.720436052723916864e-01
5.333333333333333030e+03,-9.000000000000000000e+00,7.465743394748586281e-01
5.333333333333333030e+03,-8.000000000000000000e+00,7.209428727131227399e-01
5.333333333333333030e+03,-7.000000000000000000e+00,6.951635785231201625e-01
5.333333333333333030e+03,-6.000000000000000000e+00,6.692516671048729382e-01
5.333333333333333030e+03,-5.000000000000000000e+00,6.432231224898191657e-01
5.333333333333333030e+03,-4.000000000000000000e+00,6.170946278060426282e-01
5.333333333333333030e+03,-3.000000000000000000e+00,5.908834793179568168e-01
5.333333333333333030e+03,-2.000000000000000000e+00,5.646074902543936069e-01
5.333333333333333030e+03,-1.000000000000000000e+00,5.382848857628808048e-01
5.333333333333333030e+03,0.000000000000000000e+00,5.119341906213714655e-01
5.333333333333333030e+03,1.000000000000000000e+00,4.855741115864428692e-01
5.333333333333333030e+03,2.000000000000000000e+00,4.592234164449341405e-01
5.333333333333333030e+03,3.000000000000000000e+00,4.329008119534207277e-01
5.333333333333333030e+03,4.000000000000000000e+00,4.066248228898569628e-01
5.333333333333333030e+03,5.000000000000000000e+00,3.804136744017719840e-01
5.333333333333333030e+03,6.000000000000000000e+00,3.542851797179971118e-01
5.333333333333333030e+03,7.000000000000000000e+00,3.282566351029416740e-01
5.333333333333333030e+03,8.000000000000000000e+00,3.023447236846957820e-01
5.333333333333333030e+03,9.000000000000000000e+00,2.765654294946906511e-01
5.333333333333333030e+03,1.000000000000000000e+01,2.509339627329566502e-01
5.333333333333333030e+03,1.100000000000000000e+01,2.254646969354217600e-01
5.333333333333333030e+03,1.200000000000000000e+01,2.001711183843200570e-01
5.333333333333333030e+03,1.300000000000000000e+01,1.750657877834032039e-01
5.333333333333333030e+03,1.400000000000000000e+01,1.501603139287183142e-01
5.333333333333333030e+03,1.500000000000000000e+01,1.254653388518655599e-01
5.333333333333333030e+03,1.600000000000000000e+01,1.009905337021487215e-01
5.333333333333333030e+03,1.700000000000000000e+01,7.674460446978892403e-02
5.333333333333333030e+03,1.800000000000000000e+01,5.273530653481922625e-02
5.333333333333333030e+03,1.900000000000000000e+01,2.896946695313989961e-02
5.333333333333333030e+03,2.000000000000000000e+01,5.453013359044578401e-03
5.333333333333333030e+03,2.100000000000000000e+01,-1.780899163306864930e-02
5.333333333333333030e+03,2.200000000000000000e+01,-4.081231161176462896e-02
5.333333333333333030e+03,2.300000000000000000e+01,-6.355349416311012467e-02
5.333333333333333030e+03,2.400000000000000000e+01,-8.602982622847360483e-02
5.333333333333333030e+03,2.500000000000000000e+01,-1.082392878900095279e-01
5.333333333333333030e+03,2.600000000000000000e+01,-1.301805053538097057e-01
5.333333333333333030e+03,2.700000000000000000e+01,-1.518527038031649012e-01
5.333333333333333030e+03,2.800000000000000000e+01,-1.732556606975451108e-01
5.333333333333333030e+03,2.900000000000000000e+01,-1.943896599993009677e-01
5.333333333333333030e+03,3.000000000000000000e+01,-2.152554477219568718e-01
5.500000000000000000e+03,-3.000000000000000000e+01,1.233362491320563636e+00
5.500000000000000000e+03,-2.900000000000000000e+01,1.212763749929772539e+00
5.500000000000000000e+03,-2.800000000000000000e+01,1.191897962207115524e+00
5.500000000000000000e+03,-2.700000000000000000e+01,1.170763962905360556e+00
5.500000000000000000e+03,-2.600000000000000000e+01,1.149361006010978237e+00
5.500000000000000000e+03,-2.500000000000000000e+01,1.127688807561625151e+00
5.500000000000000000e+03,-2.400000000000000000e+01,1.105747590097826194e+00
5.500000000000000000e+03,-2.300000000000000000e+01,1.083538128436288384e+00
5.500000000000000000e+03,-2.200000000000000000e+01,1.061061796370924348e+00
5.500000000000000000e+03,-2.100000000000000000e+01,1.038320613819578853e+00
5.500000000000000000e+03,-2.000000000000000000e+01,1.015317293840883206e+00
5.500000000000000000e+03,-1.900000000000000000e+01,9.920552888487700338e-01
5.500000000000000000e+03,-1.800000000000000000e+01,9.685388352546754342e-01
5.500000000000000000e+03,-1.700000000000000000e+01,9.447729956729942202e-01
5.500000000000000000e+03,-1.600000000000000000e+01,9.207636977380256882e-01
5.500000000000000000e+03,-1.500000000000000000e+01,8.965177685056664458e-01
5.500000000000000000e+03,-1.400000000000000000e+01,8.720429633559489968e-01
5.500000000000000000e+03,-1.300000000000000000e+01,8.473479882790965201e-01
5.500000000000000000e+03,-1.200000000000000000e+01,8.224425144244111863e-01
5.500000000000000000e+03,-1.100000000000000000e+01,7.973371838234948328e-01
5.500000000000000000e+03,-1.000000000000000000e+01,7.720436052723916864e-01
5.500000000000000000e+03,-9.000000000000000000e+00,7.465743394748586281e-01
5.500000000000000000e+03,-8.000000000000000000e+00,7.209428727131227399e-01
5.500000000000000000e+03,-7.000000000000000000e+00,6.951635785231201625e-01
5.500000000000000000e+03,-6.000000000000000000e+00,6.692516671048729382e-01
5.500000000000000000e+03,-5.000000000000000000e+00,6.432231224898191657e-01
5.500000000000000000e+03,-4.000000000000000000e+00,6.170946278060426282e-01
5.500000000000000000e+03,-3.000000000000000000e+00,5.908834793179568168e-01
5.500000000000000000e+03,-2.000000000000000000e+00,5.646074902543936069e-01
5.500000000000000000e+03,-1.000000000000000000e+00,5.382848857628808048e-01
5.500000000000000000e+03,0.000000000000000000e+00,5.119341906213714655e-01
5.500000000000000000e+03,1.000000000000000000e+00,4.855741115864428692e-01
5.500000000000000000e+03,2.000000000000000000e+00,4.592234164449341405e-01
5.500000000000000000e+03,3.000000000000000000e+00,4.329008119534207277e-01
5.500000000000000000e+03,4.000000000000000000e+00,4.066248228898569628e-01
5.500000000000000000e+03,5.000000000000000000e+00,3.804136744017719840e-01
5.500000000000000000e+03,6.000000000000000000e+00,3.542851797179971118e-01
5.500000000000000000e+03,7.000000000000000000e+00,3.282566351029416740e-01
5.500000000000000000e+03,8.000000000000000000e+00,3.023447236846957820e-01
5.500000000000000000e+03,9.000000000000000000e+00,2.765654294946906511e-01
5.500000000000000000e+03,1.000000000000000000e+01,2.509339627329566502e-01
5.500000000000000000e+03,1.100000000000000000e+01,2.254646969354217600e-01
5.500000000000000000e+03,1.200000000000000000e+01,2.001711183843200570e-01
5.500000000000000000e+03,1.300000000000000000e+01,1.750657877834032039e-01
5.500000000000000000e+03,1.400000000000000000e+01,1.501603139287183142e-01
5.500000000000000000e+03,1.500000000000000000e+01,1.254653388518655599e-01
5.500000000000000000e+03,1.600000000000000000e+01,1.009905337021487215e-01
5.500000000000000000e+03,1.700000000000000000e+01,7.674460446978892403e-02
5.500000000000000000e+03,1.800000000000000000e+01,5.273530653481922625e-02
5.500000000000000000e+03,1.900000000000000000e+01,2.896946695313989961e-02
5.500000000000000000e+03,2.000000000000000000e+01,5.453013359044578401e-03
5.500000000000000000e+03,2.100000000000000000e+01,-1.780899163306864930e-02
5.500000000000000000e+03,2.200000000000000000e+01,-4.081231161176462896e-02
5.500000000000000000e+03,2.300000000000000000e+01,-6.355349416311012467e-02
5.500000000000000000e+03,2.400000000000000000e+01,-8.602982622847360483e-02
5.500000000000000000e+03,2.500000000000000000e+01,-1.082392878900095279e-01
5.500000000000000000e+03,2.600000000000000000e+01,-1.301805053538097057e-01
5.500000000000000000e+03,2.700000000000000000e+01,-1.518527038031649012e-01
5.500000000000000000e+03,2.800000000000000000e+01,-1.732556606975451108e-01
5.500000000000000000e+03,2.900000000000000000e+01,-1.943896599993009677e-01
5.500000000000000000e+03,3.000000000000000000e+01,-2.152554477219568718e-01
5.666666666666666060e+03,-3.000000000000000000e+01,1.233362491320563636e+00
5.666666666666666060e+03,-2.900000000000000000e+01,1.212763749929772539e+00
5.666666666666666060e+03,-2.800000000000000000e+01,1.191897962207115524e+00
5.666666666666666060e+03,-2.700000000000000000e+01,1.170763962905360556e+00
5.666666666666666060e+03,-2.600000000000000000e+01,1.149361006010978237e+00
5.666666666666666060e+03,-2.500000000000000000e+01,1.127688807561625151e+00
5.666666666666666060e+03,-2.400000000000000000e+01,1.105747590097826194e+00
5.666666666666666060e+03,-2.300000000000000000e+01,1.083538128436288384e+00
5.666666666666666060e+03,-2.200000000000000000e+01,1.061061796370924348e+00
5.666666666666666060e+03,-2.100000000000000000e+01,1.038320613819578853e+00
5.666666666666666060e+03,-2.000000000000000000e+01,1.015317293840883206e+00
5.666666666666666060e+03,-1.900000000000000000e+01,9.920552888487700338e-01
5.666666666666666060e+03,-1.800000000000000000e+01,9.685388352546754342e-01
5.666666666666666060e+03,-1.700000000000000000e+01,9.447729956729942202e-01
5.666666666666666060e+03,-1.600000000000000000e+01,9.207636977380256882e-01
5.666666666666666060e+03,-1.500000000000000000e+01,8.965177685056664458e-01
5.666666666666666060e+03,-1.400000000000000000e+01,8.720429633559489968e-01
5.666666666666666060e+03,-1.300000000000000000e+01,8.473479882790965201e-01
5.666666666666666060e+03,-1.200000000000000000e+01,8.224425144244111863e-01
5.666666666666666060e+03,-1.100000000000000000e+01,7.973371838234948328e-01
5.666666666666666060e+03,-1.000000000000000000e+01,7.720436052723916864e-01
5.666666666666666060e+03,-9.000000000000000000e+00,7.465743394748586281e-01
5.666666666666666060e+03,-8.000000000000000000e+00,7.209428727131227399e-01
5.666666666666666060e+03,-7.000000000000000000e+00,6.951635785231201625e-01
5.666666666666666060e+03,-6.000000000000000000e+00,6.692516671048729382e-01
5.666666666666666060e+03,-5.000000000000000000e+00,6.432231224898191657e-01
5.666666666666666060e+03,-4.000000000000000000e+00,6.170946278060426282e-01
5.666666666666666060e+03,-3.000000000000000000e+00,5.908834793179568168e-01
5.666666666666666060e+03,-2.000000000000000000e+00,5.646074902543936069e-01
5.666666666666666060e+03,-1.000000000000000000e+00,5.382848857628808048e-01
5.666666666666666060e+03,0.000000000000000000e+00,5.119341906213714655e-01
5.666666666666666060e+03,1.000000000000000000e+00,4.855741115864428692e-01
5.666666666666666060e+03,2.000000000000000000e+00,4.592234164449341405e-01
5.666666666666666060e+03,3.000000000000000000e+00,4.329008119534207277e-01
5.666666666666666060e+03,4.000000000000000000e+00,4.066248228898569628e-01
5.666666666666666060e+03,5.000000000000000000e+00,3.804136744017719840e-01
5.666666666666666060e+03,6.000000000000000000e+00,3.542851797179971118e-01
5.666666666666666060e+03,7.000000000000000000e+00,3.282566351029416740e-01
5.666666666666666060e+03,8.000000000000000000e+00,3.023447236846957820e-01
5.666666666666666060e+03,9.000000000000000000e+00,2.765654294946906511e-01
5.666666666666666060e+03,1.000000000000000000e+01,2.509339627329566502e-01
5.666666666666666060e+03,1.100000000000000000e+01,2.254646969354217600e-01
5.666666666666666060e+03,1.200000000000000000e+01,2.001711183843200570e-01
5.666666666666666060e+03,1.300000000000000000e+01,1.750657877834032039e-01
5.666666666666666060e+03,1.400000000000000000e+01,1.501603139287183142e-01
5.666666666666666060e+03,1.500000000000000000e+01,1.254653388518655599e-01
5.666666666666666060e+03,1.600000000000000000e+01,1.009905337021487215e-01
5.666666666666666060e+03,1.700000000000000000e+01,7.674460446978892403e-02
5.666666666666666060e+03,1.800000000000000000e+01,5.273530653481922625e-02
5.666666666666666060e+03,1.900000000000000000e+01,2.896946695313989961e-02
5.666666666666666060e+03,2.000000000000000000e+01,5.453013359044578401e-03
5.666666666666666060e+03,2.100000000000000000e+01,-1.780899163306864930e-02
5.666666666666666060e+03,2.200000000000000000e+01,-4.081231161176462896e-02
5.666666666666666060e+03,2.300000000000000000e+01,-6.355349416311012467e-02
5.666666666666666060e+03,2.400000000000000000e+01,-8.602982622847360483e-02
5.666666666666666060e+03,2.500000000000000000e+01,-1.082392878900095279e-01
5.666666666666666060e+03,2.600000000000000000e+01,-1.301805053538097057e-01
5.666666666666666060e+03,2.700000000000000000e+01,-1.518527038031649012e-01
5.666666666666666060e+03,2.800000000000000000e+01,-1.732556606975451108e-01
5.666666666666666060e+03,2.900000000000000000e+01,-1.943896599993009677e-01
5.666666666666666060e+03,3.000000000000000000e+01,-2.152554477219568718e-01
5.833333333333333030e+03,-3.000000000000000000e+01,1.233362491320563636e+00
5.833333333333333030e+03,-2.900000000000000000e+01,1.212763749929772539e+00
5.833333333333333030e+03,-2.800000000000000000e+01,1.191897962207115524e+00
5.833333333333333030e+03,-2.700000000000000000e+01,1.170763962905360556e+00
5.833333333333333030e+03,-2.600000000000000000e+01,1.149361006010978237e+00
5.833333333333333030e+03,-2.500000000000000000e+01,1.127688807561625151e+00
5.833333333333333030e+03,-2.400000000000000000e+01,1.105747590097826194e+00
5.833333333333333030e+03,-2.300000000000000000e+01,1.083538128436288384e+00
5.833333333333333030e+03,-2.200000000000000000e+01,1.061061796370924348e+00
5.833333333333333030e+03,-2.100000000000000000e+01,1.038320613819578853e+00
5.833333333333333030e+03,-2.000000000000000000e+01,1.015317293840883206e+00
5.833333333333333030e+03,-1.900000000000000000e+01,9.920552888487700338e-01
5.833333333333333030e+03,-1.800000000000000000e+01,9.685388352546754342e-01
5.833333333333333030e+03,-1.700000000000000000e+01,9.447729956729942202e-01
5.833333333333333030e+03,-1.600000000000000000e+01,9.207636977380256882e-01
5.833333333333333030e+03,-1.500000000000000000e+01,8.965177685056664458e-01
5.833333333333333030e+03,-1.400000000000000000e+01,8.720429633559489968e-01
5.833333333333333030e+03,-1.300000000000000000e+01,8.473479882790965201e-01
5.833333333333333030e+03,-1.200000000000000000e+01,8.224425144244111863e-01
5.833333333333333030e+03,-1.100000000000000000e+01,7.973371838234948328e-01
5.833333333333333030e+03,-1.000000000000000000e+01,7.720436052723916864e-01
5.833333333333333030e+03,-9.000000000000000000e+00,7.465743394748586281e-01
5.833333333333333030e+03,-8.000000000000000000e+00,7.209428727131227399e-01
5.833333333333333030e+03,-7.000000000000000000e+00,6.951635785231201625e-01
5.833333333333333030e+03,-6.000000000000000000e+00,6.692516671048729382e-01
5.833333333333333030e+03,-5.000000000000000000e+00,6.432231224898191657e-01
5.833333333333333030e+03,-4.000000000000000000e+00,6.170946278060426282e-01
5.833333333333333030e+03,-3.000000000000000000e+00,5.908834793179568168e-01
5.833333333333333030e+03,-2.000000000000000000e+00,5.646074902543936069e-01
5.833333333333333030e+03,-1.000000000000000000e+00,5.382848857628808048e-01
5.833333333333333030e+03,0.000000000000000000e+00,5.119341906213714655e-01
5.833333333333333030e+03,1.000000000000000000e+00,4.855741115864428692e-01
5.833333333333333030e+03,2.000000000000000000e+00,4.592234164449341405e-01
5.833333333333333030e+03,3.000000000000000000e+00,4.329008119534207277e-01
5.833333333333333030e+03,4.000000000000000000e+00,4.066248228898569628e-01
5.833333333333333030e+03,5.000000000000000000e+00,3.804136744017719840e-01
5.833333333333333030e+03,6.000000000000000000e+00,3.542851797179971118e-01
5.833333333333333030e+03,7.000000000000000000e+00,3.282566351029416740e-01
5.833333333333333030e+03,8.000000000000000000e+00,3.023447236846957820e-01
5.833333333333333030e+03,9.000000000000000000e+00,2.765654294946906511e-01
5.833333333333333030e+03,1.000000000000000000e+01,2.509339627329566502e-01
5.833333333333333030e+03,1.100000000000000000e+01,2.254646969354217600e-01
5.833333333333333030e+03,1.200000000000000000e+01,2.001711183843200570e-01
5.833333333333333030e+03,1.300000000000000000e+01,1.750657877834032039e-01
5.833333333333333030e+03,1.400000000000000000e+01,1.501603139287183142e-01
5.833333333333333030e+03,1.500000000000000000e+01,1.254653388518655599e-01
5.833333333333333030e+03,1.600000000000000000e+01,1.009905337021487215e-01
5.833333333333333030e+03,1.700000000000000000e+01,7.674460446978892403e-02
5.833333333333333030e+03,1.800000000000000000e+01,5.273530653481922625e-02
5.833333333333333030e+03,1.900000000000000000e+01,2.896946695313989961e-02
5.833333333333333030e+03,2.000000000000000000e+01,5.453013359044578401e-03
5.833333333333333030e+03,2.100000000000000000e+01,-1.780899163306864930e-02
5.833333333333333030e+03,2.200000000000000000e+01,-4.081231161176462896e-02
5.833333333333333030e+03,2.300000000000000000e+01,-6.355349416311012467e-02
5.833333333333333030e+03,2.400000000000000000e+01,-8.602982622847360483e-02
5.833333333333333030e+03,2.500000000000000000e+01,-1.082392878900095279e-01
5.833333333333333030e+03,2.600000000000000000e+01,-1.301805053538097057e-01
5.833333333333333030e+03,2.700000000000000000e+01,-1.518527038031649012e-01
5.833333333333333030e+03,2.800000000000000000e+01,-1.732556606975451108e-01
5.833333333333333030e+03,2.900000000000000000e+01,-1.943896599993009677e-01
5.833333333333333030e+03,3.000000000000000000e+01,-2.152554477219568718e-01
6.000000000000000000e+03,-3.000000000000000000e+01,1.233362491320563636e+00
6.000000000000000000e+03,-2.900000000000000000e+01,1.212763749929772539e+00
6.000000000000000000e+03,-2.800000000000000000e+01,1.191897962207115524e+00
6.000000000000000000e+03,-2.700000000000000000e+01,1.170763962905360556e+00
6.000000000000000000e+03,-2.600000000000000000e+01,1.149361006010978237e+00
6.000000000000000000e+03,-2.500000000000000000e+01,1.127688807561625151e+00
6.000000000000000000e+03,-2.400000000000000000e+01,1.105747590097826194e+00
6.000000000000000000e+03,-2.300000000000000000e+01,1.083538128436288384e+00
6.000000000000000000e+03,-2.200000000000000000e+01,1.061061796370924348e+00
6.000000000000000000e+03,-2.100000000000000000e+01,1.038320613819578853e+00
6.000000000000000000e+03,-2.000000000000000000e+01,1.015317293840883206e+00
6.000000000000000000e+03,-1.900000000000000000e+01,9.920552888487700338e-01
6.000000000000000000e+03,-1.800000000000000000e+01,9.685388352546754342e-01
6.000000000000000000e+03,-1.700000000000000000e+01,9.447729956729942202e-01
6.000000000000000000e+03,-1.600000000000000000e+01,9.207636977380256882e-01
6.000000000000000000e+03,-1.500000000000000000e+01,8.965177685056664458e-01
6.000000000000000000e+03,-1.400000000000000000e+01,8.720429633559489968e-01
6.000000000000000000e+03,-1.300000000000000000e+01,8.473479882790965201e-01
6.000000000000000000e+03,-1.200000000000000000e+01,8.224425144244111863e-01
6.000000000000000000e+03,-1.100000000000000000e+01,7.973371838234948328e-01
6.000000000000000000e+03,-1.000000000000000000e+01,7.720436052723916864e-01
6.000000000000000000e+03,-9.000000000000000000e+00,7.465743394748586281e-01
6.000000000000000000e+03,-8.000000000000000000e+00,7.209428727131227399e-01
6.000000000000000000e+03,-7.000000000000000000e+00,6.951635785231201625e-01
6.000000000000000000e+03,-6.000000000000000000e+00,6.692516671048729382e-01
6.000000000000000000e+03,-5.000000000000000000e+00,6.432231224898191657e-01
6.000000000000000000e+03,-4.000000000000000000e+00,6.170946278060426282e-01
6.000000000000000000e+03,-3.000000000000000000e+00,5.908834793179568168e-01
6.000000000000000000e+03,-2.000000000000000000e+00,5.646074902543936069e-01
6.000000000000000000e+03,-1.000000000000000000e+00,5.382848857628808048e-01
6.000000000000000000e+03,0.000000000000000000e+00,5.119341906213714655e-01
6.000000000000000000e+03,1.000000000000000000e+00,4.855741115864428692e-01
6.000000000000000000e+03,2.000000000000000000e+00,4.592234164449341405e-01
6.000000000000000000e+03,3.000000000000000000e+00,4.329008119534207277e-01
6.000000000000000000e+03,4.000000000000000000e+00,4.066248228898569628e-01
6.000000000000000000e+03,5.000000000000000000e+00,3.804136744017719840e-01
6.000000000000000000e+03,6.000000000000000000e+00,3.542851797179971118e-01
6.000000000000000000e+03,7.000000000000000000e+00,3.282566351029416740e-01
6.000000000000000000e+03,8.000000000000000000e+00,3.023447236846957820e-01
6.000000000000000000e+03,9.000000000000000000e+00,2.765654294946906511e-01
6.000000000000000000e+03,1.000000000000000000e+01,2.509339627329566502e-01
6.000000000000000000e+03,1.100000000000000000e+01,2.254646969354217600e-01
6.000000000000000000e+03,1.200000000000000000e+01,2.001711183843200570e-01
6.000000000000000000e+03,1.300000000000000000e+01,1.750657877834032039e-01
6.000000000000000000e+03,1.400000000000000000e+01,1.501603139287183142e-01
6.000000000000000000e+03,1.500000000000000000e+01,1.254653388518655599e-01
6.000000000000000000e+03,1.600000000000000000e+01,1.009905337021487215e-01
6.000000000000000000e+03,1.700000000000000000e+01,7.674460446978892403e-02
6.000000000000000000e+03,1.800000000000000000e+01,5.273530653481922625e-02
6.000000000000000000e+03,1.900000000000000000e+01,2.896946695313989961e-02
6.000000000000000000e+03,2.000000000000000000e+01,5.453013359044578401e-03
6.000000000000000000e+03,2.100000000000000000e+01,-1.780899163306864930e-02
6.000000000000000000e+03,2.200000000000000000e+01,-4.081231161176462896e-02
6.000000000000000000e+03,2.300000000000000000e+01,-6.355349416311012467e-02
6.000000000000000000e+03,2.400000000000000000e+01,-8.602982622847360483e-02
6.000000000000000000e+03,2.500000000000000000e+01,-1.082392878900095279e-01
6.000000000000000000e+03,2.600000000000000000e+01,-1.301805053538097057e-01
6.000000000000000000e+03,2.700000000000000000e+01,-1.518527038031649012e-01
6.000000000000000000e+03,2.800000000000000000e+01,-1.732556606975451108e-01
6.000000000000000000e+03,2.900000000000000000e+01,-1.943896599993009677e-01
6.000000000000000000e+03,3.000000000000000000e+01,-2.152554477219568718e-01
6.166666666666666060e+03,-3.000000000000000000e+01,1.233362491320563636e+00
6.166666666666666060e+03,-2.900000000000000000e+01,1.212763749929772539e+00
6.166666666666666060e+03,-2.800000000000000000e+01,1.191897962207115524e+00
6.166666666666666060e+03,-2.700000000000000000e+01,1.170763962905360556e+00
6.166666666666666060e+03,-2.600000000000000000e+01,1.149361006010978237e+00
6.166666666666666060e+03,-2.500000000000000000e+01,1.127688807561625151e+00
6.166666666666666060e+03,-2.400000000000000000e+01,1.105747590097826194e+00
6.166666666666666060e+03,-2.300000000000000000e+01,1.083538128436288384e+00
6.166666666666666060e+03,-2.200000000000000000e+01,1.061061796370924348e+00
6.166666666666666060e+03,-2.100000000000000000e+01,1.038320613819578853e+00
6.166666666666666060e+03,-2.000000000000000000e+01,1.015317293840883206e+00
6.166666666666666060e+03,-1.900000000000000000e+01,9.920552888487700338e-01
6.166666666666666060e+03,-1.800000000000000000e+01,9.685388352546754342e-01
6.166666666666666060e+03,-1.700000000000000000e+01,9.447729956729942202e-01
6.166666666666666060e+03,-1.600000000000000000e+01,9.207636977380256882e-01
6.166666666666666060e+03,-1.500000000000000000e+01,8.965177685056664458e-01
6.166666666666666060e+03,-1.400000000000000000e+01,8.720429633559489968e-01
6.166666666666666060e+03,-1.300000000000000000e+01,8.473479882790965201e-01
6.166666666666666060e+03,-1.200000000000000000e+01,8.224425144244111863e-01
6.166666666666666060e+03,-1.100000000000000000e+01,7.973371838234948328e-01
6.166666666666666060e+03,-1.000000000000000000e+01,7.720436052723916864e-01
6.166666666666666060e+03,-9.000000000000000000e+00,7.465743394748586281e-01
6.166666666666666060e+03,-8.000000000000000000e+00,7.209428727131227399e-01
6.166666666666666060e+03,-7.000000000000000000e+00,6.951635785231201625e-01
6.166666666666666060e+03,-6.000000000000000000e+00,6.692516671048729382e-01
6.166666666666666060e+03,-5.000000000000000000e+00,6.432231224898191657e-01
6.166666666666666060e+03,-4.000000000000000000e+00,6.170946278060426282e-01
6.166666666666666060e+03,-3.000000000000000000e+00,5.908834793179568168e-01
6.166666666666666060e+03,-2.000000000000000000e+00,5.646074902543936069e-01
6.166666666666666060e+03,-1.000000000000000000e+00,5.382848857628808048e-01
6.166666666666666060e+03,0.000000000000000000e+00,5.119341906213714655e-01
6.166666666666666060e+03,1.000000000000000000e+00,4.855741115864428692e-01
6.166666666666666060e+03,2.000000000000000000e+00,4.592234164449341405e-01
6.166666666666666060e+03,3.000000000000000000e+00,4.329008119534207277e-01
6.166666666666666060e+03,4.000000000000000000e+00,4.066248228898569628e-01
6.166666666666666060e+03,5.000000000000000000e+00,3.804136744017719840e-01
6.166666666666666060e+03,6.000000000000000000e+00,3.542851797179971118e-01
6.166666666666666060e+03,7.000000000000000000e+00,3.282566351029416740e-01
6.166666666666666060e+03,8.000000000000000000e+00,3.023447236846957820e-01
6.166666666666666060e+03,9.000000000000000000e+00,2.765654294946906511e-01
6.166666666666666060e+03,1.000000000000000000e+01,2.509339627329566502e-01
6.166666666666666060e+03,1.100000000000000000e+01,2.254646969354217600e-01
6.166666666666666060e+03,1.200000000000000000e+01,2.001711183843200570e-01
6.166666666666666060e+03,1.300000000000000000e+01,1.750657877834032039e-01
6.166666666666666060e+03,1.400000000000000000e+01,1.501603139287183142e-01
6.166666666666666060e+03,1.500000000000000000e+01,1.254653388518655599e-01
6.166666666666666060e+03,1.600000000000000000e+01,1.009905337021487215e-01
6.166666666666666060e+03,1.700000000000000000e+01,7.674460446978892403e-02
6.166666666666666060e+03,1.800000000000000000e+01,5.273530653481922625e-02
6.166666666666666060e+03,1.900000000000000000e+01,2.896946695313989961e-02
6.166666666666666060e+03,2.000000000000000000e+01,5.453013359044578401e-03
6.166666666666666060e+03,2.100000000000000000e+01,-1.780899163306864930e-02
6.166666666666666060e+03,2.200000000000000000e+01,-4.081231161176462896e-02
6.166666666666666060e+03,2.300000000000000000e+01,-6.355349416311012467e-02
6.166666666666666060e+03,2.400000000000000000e+01,-8.602982622847360483e-02
6.166666666666666060e+03,2.500000000000000000e+01,-1.082392878900095279e-01
6.166666666666666060e+03,2.600000000000000000e+01,-1.301805053538097057e-01
6.166666666666666060e+03,2.700000000000000000e+01,-1.518527038031649012e-01
6.166666666666666060e+03,2.800000000000000000e+01,-1.732556606975451108e-01
6.166666666666666060e+03,2.900000000000000000e+01,-1.943896599993009677e-01
6.166666666666666060e+03,3.000000000000000000e+01,-2.152554477219568718e-01
6.333333333333333030e+03,-3.000000000000000000e+01,1.233362491320563636e+00
6.333333333333333030e+03,-2.900000000000000000e+01,1.212763749929772539e+00
6.333333333333333030e+03,-2.800000000000000000e+01,1.191897962207115524e+00
6.333333333333333030e+03,-2.700000000000000000e+01,1.170763962905360556e+00
6.333333333333333030e+03,-2.600000000000000000e+01,1.149361006010978237e+00
6.333333333333333030e+03,-2.500000000000000000e+01,1.127688807561625151e+00
6.333333333333333030e+03,-2.400000000000000000e+01,1.105747590097826194e+00
6.333333333333333030e+03,-2.300000000000000000e+01,1.083538128436288384e+00
6.333333333333333030e+03,-2.200000000000000000e+01,1.061061796370924348e+00
6.333333333333333030e+03,-2.100000000000000000e+01,1.038320613819578853e+00
6.333333333333333030e+03,-2.000000000000000000e+01,1.015317293840883206e+00
6.333333333333333030e+03,-1.900000000000000000e+01,9.920552888487700338e-01
6.333333333333333030e+03,-1.800000000000000000e+01,9.685388352546754342e-01
6.333333333333333030e+03,-1.700000000000000000e+01,9.447729956729942202e-01
6.333333333333333030e+03,-1.600000000000000000e+01,9.207636977380256882e-01
6.333333333333333030e+03,-1.500000000000000000e+01,8.965177685056664458e-01
6.333333333333333030e+03,-1.400000000000000000e+01,8.720429633559489968e-01
6.333333333333333030e+03,-1.300000000000000000e+01,8.473479882790965201e-01
6.333333333333333030e+03,-1.200000000000000000e+01,8.224425144244111863e-01
6.333333333333333030e+03,-1.100000000000000000e+01,7.973371838234948328e-01
6.333333333333333030e+03,-1.000000000000000000e+01,7.720436052723916864e-01
6.333333333333333030e+03,-9.000000000000000000e+00,7.465743394748586281e-01
6.333333333333333030e+03,-8.000000000000000000e+00,7.209428727131227399e-01
6.333333333333333030e+03,-7.000000000000000000e+00,6.951635785231201625e-01
6.333333333333333030e+03,-6.000000000000000000e+00,6.692516671048729382e-01
6.333333333333333030e+03,-5.000000000000000000e+00,6.432231224898191657e-01
6.333333333333333030e+03,-4.000000000000000000e+00,6.170946278060426282e-01
6.333333333333333030e+03,-3.000000000000000000e+00,5.908834793179568168e-01
6.333333333333333030e+03,-2.000000000000000000e+00,5.646074902543936069e-01
6.333333333333333030e+03,-1.000000000000000000e+00,5.382848857628808048e-01
6.333333333333333030e+03,0.000000000000000000e+00,5.119341906213714655e-01
6.333333333333333030e+03,1.000000000000000000e+00,4.855741115864428692e-01
6.333333333333333030e+03,2.000000000000000000e+00,4.592234164449341405e-01
6.333333333333333030e+03,3.000000000000000000e+00,4.329008119534207277e-01
6.333333333333333030e+03,4.000000000000000000e+00,4.066248228898569628e-01
6.333333333333333030e+03,5.000000000000000000e+00,3.804136744017719840e-01
6.333333333333333030e+03,6.000000000000000000e+00,3.542851797179971118e-01
6.333333333333333030e+03,7.000000000000000000e+00,3.282566351029416740e-01
6.333333333333333030e+03,8.000000000000000000e+00,3.023447236846957820e-01
6.333333333333333030e+03,9.000000000000000000e+00,2.765654294946906511e-01
6.333333333333333030e+03,1.000000000000000000e+01,2.509339627329566502e-01
6.333333333333333030e+03,1.100000000000000000e+01,2.254646969354217600e-01
6.333333333333333030e+03,1.200000000000000000e+01,2.001711183843200570e-01
6.333333333333333030e+03,1.300000000000000000e+01,1.750657877834032039e-01
6.333333333333333030e+03,1.400000000000000000e+01,1.501603139287183142e-01
6.333333333333333030e+03,1.500000000000000000e+01,1.254653388518655599e-01
6.333333333333333030e+03,1.600000000000000000e+01,1.009905337021487215e-01
6.333333333333333030e+03,1.700000000000000000e+01,7.674460446978892403e-02
6.333333333333333030e+03,1.800000000000000000e+01,5.273530653481922625e-02
6.333333333333333030e+03,1.900000000000000000e+01,2.896946695313989961e-02
6.333333333333333030e+03,2.000000000000000000e+01,5.453013359044578401e-03
6.333333333333333030e+03,2.100000000000000000e+01,-1.780899163306864930e-02
6.333333333333333030e+03,2.200000000000000000e+01,-4.081231161176462896e-02
6.333333333333333030e+03,2.300000000000000000e+01,-6.355349416311012467e-02
6.333333333333333030e+03,2.400000000000000000e+01,-8.602982622847360483e-02
6.333333333333333030e+03,2.500000000000000000e+01,-1.082392878900095279e-01
6.333333333333333030e+03,2.600000000000000000e+01,-1.301805053538097057e-01
6.333333333333333030e+03,2.700000000000000000e+01,-1.518527038031649012e-01
6.333333333333333030e+03,2.800000000000000000e+01,-1.732556606975451108e-01
6.333333333333333030e+03,2.900000000000000000e+01,-1.943896599993009677e-01
6.333333333333333030e+03,3.000000000000000000e+01,-2.152554477219568718e-01
6.500000000000000000e+03,-3.000000000000000000e+01,1.233362491320563636e+00
6.500000000000000000e+03,-2.900000000000000000e+01,1.212763749929772539e+00
6.500000000000000000e+03,-2.800000000000000000e+01,1.191897962207115524e+00
6.500000000000000000e+03,-2.700000000000000000e+01,1.170763962905360556e+00
6.500000000000000000e+03,-2.600000000000000000e+01,1.149361006010978237e+00
6.500000000000000000e+03,-2.500000000000000000e+01,1.127688807561625151e+00
6.500000000000000000e+03,-2.400000000000000000e+01,1.105747590097826194e+00
6.500000000000000000e+03,-2.300000000000000000e+01,1.083538128436288384e+00
6.500000000000000000e+03,-2.200000000000000000e+01,1.061061796370924348e+00
6.500000000000000000e+03,-2.100000000000000000e+01,1.038320613819578853e+00
6.500000000000000000e+03,-2.000000000000000000e+01,1.015317293840883206e+00
6.500000000000000000e+03,-1.900000000000000000e+01,9.920552888487700338e-01
6.500000000000000000e+03,-1.800000000000000000e+01,9.685388352546754342e-01
6.500000000000000000e+03,-1.700000000000000000e+01,9.447729956729942202e-01
6.500000000000000000e+03,-1.600000000000000000e+01,9.207636977380256882e-01
6.500000000000000000e+03,-1.500000000000000000e+01,8.965177685056664458e-01
6.500000000000000000e+03,-1.400000000000000000e+01,8.720429633559489968e-01
6.500000000000000000e+03,-1.300000000000000000e+01,8.473479882790965201e-01
6.500000000000000000e+03,-1.200000000000000000e+01,8.224425144244111863e-01
6.500000000000000000e+03,-1.100000000000000000e+01,7.973371838234948328e-01
6.500000000000000000e+03,-1.000000000000000000e+01,7.720436052723916864e-01
6.500000000000000000e+03,-9.000000000000000000e+00,7.465743394748586281e-01
6.500000000000000000e+03,-8.000000000000000000e+00,7.209428727131227399e-01
6.500000000000000000e+03,-7.000000000000000000e+00,6.951635785231201625e-01
6.500000000000000000e+03,-6.000000000000000000e+00,6.692516671048729382e-01
6.500000000000000000e+03,-5.000000000000000000e+00,6.432231224898191657e-01
6.500000000000000000e+03,-4.000000000000000000e+00,6.170946278060426282e-01
6.500000000000000000e+03,-3.000000000000000000e+00,5.908834793179568168e-01
6.500000000000000000e+03,-2.000000000000000000e+00,5.646074902543936069e-01
6.500000000000000000e+03,-1.000000000000000000e+00,5.382848857628808048e-01
6.500000000000000000e+03,0.000000000000000000e+00,5.119341906213714655e-01
6.500000000000000000e+03,1.000000000000000000e+00,4.855741115864428692e-01
6.500000000000000000e+03,2.000000000000000000e+00,4.592234164449341405e-01
6.500000000000000000e+03,3.000000000000000000e+00,4.329008119534207277e-01
6.500000000000000000e+03,4.000000000000000000e+00,4.066248228898569628e-01
6.500000000000000000e+03,5.000000000000000000e+00,3.804136744017719840e-01
6.500000000000000000e+03,6.000000000000000000e+00,3.542851797179971118e-01
6.500000000000000000e+03,7.000000000000000000e+00,3.282566351029416740e-01
6.500000000000000000e+03,8.000000000000000000e+00,3.023447236846957820e-01
6.500000000000000000e+03,9.000000000000000000e+00,2.765654294946906511e-01
6.500000000000000000e+03,1.000000000000000000e+01,2.509339627329566502e-01
6.500000000000000000e+03,1.100000000000000000e+01,2.254646969354217600e-01
6.500000000000000000e+03,1.200000000000000000e+01,2.001711183843200570e-01
6.500000000000000000e+03,1.300000000000000000e+01,1.750657877834032039e-01
6.500000000000000000e+03,1.400000000000000000e+01,1.501603139287183142e-01
6.500000000000000000e+03,1.500000000000000000e+01,1.254653388518655599e-01
6.500000000000000000e+03,1.600000000000000000e+01,1.009905337021487215e-01
6.500000000000000000e+03,1.700000000000000000e+01,7.674460446978892403e-02
6.500000000000000000e+03,1.800000000000000000e+01,5.273530653481922625e-02
6.500000000000000000e+03,1.900000000000000000e+01,2.896946695313989961e-02
6.500000000000000000e+03,2.000000000000000000e+01,5.453013359044578401e-03
6.500000000000000000e+03,2.100000000000000000e+01,-1.780899163306864930e-02
6.500000000000000000e+03,2.200000000000000000e+01,-4.081231161176462896e-02
6.500000000000000000e+03,2.300000000000000000e+01,-6.355349416311012467e-02
6.500000000000000000e+03,2.400000000000000000e+01,-8.602982622847360483e-02
6.500000000000000000e+03,2.500000000000000000e+01,-1.082392878900095279e-01
6.500000000000000000e+03,2.600000000000000000e+01,-1.301805053538097057e-01
6.500000000000000000e+03,2.700000000000000000e+01,-1.518527038031649012e-01
6.500000000000000000e+03,2.800000000000000000e+01,-1.732556606975451108e-01
6.500000000000000000e+03,2.900000000000000000e+01,-1.943896599993009677e-01
6.500000000000000000e+03,3.000000000000000000e+01,-2.152554477219568718e-01
6.666666666666666060e+03,-3.000000000000000000e+01,1.233362491320563636e+00
6.666666666666666060e+03,-2.900000000000000000e+01,1.212763749929772539e+00
6.666666666666666060e+03,-2.800000000000000000e+01,1.191897962207115524e+00
6.666666666666666060e+03,-2.700000000000000000e+01,1.170763962905360556e+00
6.666666666666666060e+03,-2.600000000000000000e+01,1.149361006010978237e+00
6.666666666666666060e+03,-2.500000000000000000e+01,1.127688807561625151e+00
6.666666666666666060e+03,-2.400000000000000000e+01,1.105747590097826194e+00
6.666666666666666060e+03,-2.300000000000000000e+01,1.083538128436288384e+00
6.666666666666666060e+03,-2.200000000000000000e+01,1.061061796370924348e+00
6.666666666666666060e+03,-2.100000000000000000e+01,1.038320613819578853e+00
6.666666666666666060e+03,-2.000000000000000000e+01,1.015317293840883206e+00
6.666666666666666060e+03,-1.900000000000000000e+01,9.920552888487700338e-01
6.666666666666666060e+03,-1.800000000000000000e+01,9.685388352546754342e-01
6.666666666666666060e+03,-1.700000000000000000e+01,9.447729956729942202e-01
6.666666666666666060e+03,-1.600000000000000000e+01,9.207636977380256882e-01
6.666666666666666060e+03,-1.500000000000000000e+01,8.965177685056664458e-01
6.666666666666666060e+03,-1.400000000000000000e+01,8.720429633559489968e-01
6.666666666666666060e+03,-1.300000000000000000e+01,8.473479882790965201e-01
6.666666666666666060e+03,-1.200000000000000000e+01,8.224425144244111863e-01
6.666666666666666060e+03,-1.100000000000000000e+01,7.973371838234948328e-01
6.666666666666666060e+03,-1.000000000000000000e+01,7.720436052723916864e-01
6.666666666666666060e+03,-9.000000000000000000e+00,7.465743394748586281e-01
6.666666666666666060e+03,-8.000000000000000000e+00,7.209428727131227399e-01
6.666666666666666060e+03,-7.000000000000000000e+00,6.951635785231201625e-01
6.666666666666666060e+03,-6.000000000000000000e+00,6.692516671048729382e-01
6.666666666666666060e+03,-5.000000000000000000e+00,6.432231224898191657e-01
6.666666666666666060e+03,-4.000000000000000000e+00,6.170946278060426282e-01
6.666666666666666060e+03,-3.000000000000000000e+00,5.908834793179568168e-01
6.666666666666666060e+03,-2.000000000000000000e+00,5.646074902543936069e-01
6.666666666666666060e+03,-1.000000000000000000e+00,5.382848857628808048e-01
6.666666666666666060e+03,0.000000000000000000e+00,5.119341906213714655e-01
6.666666666666666060e+03,1.000000000000000000e+00,4.855741115864428692e-01
6.666666666666666060e+03,2.000000000000000000e+00,4.592234164449341405e-01
6.666666666666666060e+03,3.000000000000000000e+00,4.329008119534207277e-01
6.666666666666666060e+03,4.000000000000000000e+00,4.066248228898569628e-01
6.666666666666666060e+03,5.000000000000000000e+00,3.804136744017719840e-01
6.666666666666666060e+03,6.000000000000000000e+00,3.542851797179971118e-01
6.666666666666666060e+03,7.000000000000000000e+00,3.282566351029416740e-01
6.666666666666666060e+03,8.000000000000000000e+00,3.023447236846957820e-01
6.666666666666666060e+03,9.000000000000000000e+00,2.765654294946906511e-01
6.666666666666666060e+03,1.000000000000000000e+01,2.509339627329566502e-01
6.666666666666666060e+03,1.100000000000000000e+01,2.254646969354217600e-01
6.666666666666666060e+03,1.200000000000000000e+01,2.001711183843200570e-01
6.666666666666666060e+03,1.300000000000000000e+01,1.750657877834032039e-01
6.666666666666666060e+03,1.400000000000000000e+01,1.501603139287183142e-01
6.666666666666666060e+03,1.500000000000000000e+01,1.254653388518655599e-01
6.666666666666666060e+03,1.600000000000000000e+01,1.009905337021487215e-01
6.666666666666666060e+03,1.700000000000000000e+01,7.674460446978892403e-02
6.666666666666666060e+03,1.800000000000000000e+01,5.273530653481922625e-02
6.666666666666666060e+03,1.900000000000000000e+01,2.896946695313989961e-02
6.666666666666666060e+03,2.000000000000000000e+01,5.453013359044578401e-03
6.666666666666666060e+03,2.100000000000000000e+01,-1.780899163306864930e-02
6.666666666666666060e+03,2.200000000000000000e+01,-4.081231161176462896e-02
6.666666666666666060e+03,2.300000000000000000e+01,-6.355349416311012467e-02
6.666666666666666060e+03,2.400000000000000000e+01,-8.602982622847360483e-02
6.666666666666666060e+03,2.500000000000000000e+01,-1.082392878900095279e-01
6.666666666666666060e+03,2.600000000000000000e+01,-1.301805053538097057e-01
6.666666666666666060e+03,2.700000000000000000e+01,-1.518527038031649012e-01
6.666666666666666060e+03,2.800000000000000000e+01,-1.732556606975451108e-01
6.666666666666666060e+03,2.900000000000000000e+01,-1.943896599993009677e-01
6.666666666666666060e+03,3.000000000000000000e+01,-2.152554477219568718e-01
6.833333333333333030e+03,-3.000000000000000000e+01,1.233362491320563636e+00
6.833333333333333030e+03,-2.900000000000000000e+01,1.212763749929772539e+00
6.833333333333333030e+03,-2.800000000000000000e+01,1.191897962207115524e+00
6.833333333333333030e+03,-2.700000000000000000e+01,1.170763962905360556e+00
6.833333333333333030e+03,-2.600000000000000000e+01,1.149361006010978237e+00
6.833333333333333030e+03,-2.500000000000000000e+01,1.127688807561625151e+00
6.833333333333333030e+03,-2.400000000000000000e+01,1.105747590097826194e+00
6.833333333333333030e+03,-2.300000000000000000e+01,1.083538128436288384e+00
6.833333333333333030e+03,-2.200000000000000000e+01,1.061061796370924348e+00
6.833333333333333030e+03,-2.100000000000000000e+01,1.038320613819578853e+00
6.833333333333333030e+03,-2.000000000000000000e+01,1.015317293840883206e+00
6.833333333333333030e+03,-1.900000000000000000e+01,9.920552888487700338e-01
6.833333333333333030e+03,-1.800000000000000000e+01,9.685388352546754342e-01
6.833333333333333030e+03,-1.700000000000000000e+01,9.447729956729942202e-01
6.833333333333333030e+03,-1.600000000000000000e+01,9.207636977380256882e-01
6.833333333333333030e+03,-1.500000000000000000e+01,8.965177685056664458e-01
6.833333333333333030e+03,-1.400000000000000000e+01,8.720429633559489968e-01
6.833333333333333030e+03,-1.300000000000000000e+01,8.473479882790965201e-01
6.833333333333333030e+03,-1.200000000000000000e+01,8.224425144244111863e-01
6.833333333333333030e+03,-1.100000000000000000e+01,7.973371838234948328e-01
6.833333333333333030e+03,-1.000000000000000000e+01,7.720436052723916864e-01
6.833333333333333030e+03,-9.000000000000000000e+00,7.465743394748586281e-01
6.833333333333333030e+03,-8.000000000000000000e+00,7.209428727131227399e-01
6.833333333333333030e+03,-7.000000000000000000e+00,6.951635785231201625e-01
6.833333333333333030e+03,-6.000000000000000000e+00,6.692516671048729382e-01
6.833333333333333030e+03,-5.000000000000000000e+00,6.432231224898191657e-01
6.833333333333333030e+03,-4.000000000000000000e+00,6.170946278060426282e-01
6.833333333333333030e+03,-3.000000000000000000e+00,5.908834793179568168e-01
6.833333333333333030e+03,-2.000000000000000000e+00,5.646074902543936069e-01
6.833333333333333030e+03,-1.000000000000000000e+00,5.382848857628808048e-01
6.833333333333333030e+03,0.000000000000000000e+00,5.119341906213714655e-01
6.833333333333333030e+03,1.000000000000000000e+00,4.855741115864428692e-01
6.833333333333333030e+03,2.000000000000000000e+00,4.592234164449341405e-01
6.833333333333333030e+03,3.000000000000000000e+00,4.329008119534207277e-01
6.833333333333333030e+03,4.000000000000000000e+00,4.066248228898569628e-01
6.833333333333333030e+03,5.000000000000000000e+00,3.804136744017719840e-01
6.833333333333333030e+03,6.000000000000000000e+00,3.542851797179971118e-01
6.833333333333333030e+03,7.000000000000000000e+00,3.282566351029416740e-01
6.833333333333333030e+03,8.000000000000000000e+00,3.023447236846957820e-01
6.833333333333333030e+03,9.000000000000000000e+00,2.765654294946906511e-01
6.833333333333333030e+03,1.000000000000000000e+01,2.509339627329566502e-01
6.833333333333333030e+03,1.100000000000000000e+01,2.254646969354217600e-01
6.833333333333333030e+03,1.200000000000000000e+01,2.001711183843200570e-01
6.833333333333333030e+03,1.300000000000000000e+01,1.750657877834032039e-01
6.833333333333333030e+03,1.400000000000000000e+01,1.501603139287183142e-01
6.833333333333333030e+03,1.500000000000000000e+01,1.254653388518655599e-01
6.833333333333333030e+03,1.600000000000000000e+01,1.009905337021487215e-01
6.833333333333333030e+03,1.700000000000000000e+01,7.674460446978892403e-02
6.833333333333333030e+03,1.800000000000000000e+01,5.273530653481922625e-02
6.833333333333333030e+03,1.900000000000000000e+01,2.896946695313989961e-02
6.833333333333333030e+03,2.000000000000000000e+01,5.453013359044578401e-03
6.833333333333333030e+03,2.100000000000000000e+01,-1.780899163306864930e-02
6.833333333333333030e+03,2.200000000000000000e+01,-4.081231161176462896e-02
6.833333333333333030e+03,2.300000000000000000e+01,-6.355349416311012467e-02
6.833333333333333030e+03,2.400000000000000000e+01,-8.602982622847360483e-02
6.833333333333333030e+03,2.500000000000000000e+01,-1.082392878900095279e-01
6.833333333333333030e+03,2.600000000000000000e+01,-1.301805053538097057e-01
6.833333333333333030e+03,2.700000000000000000e+01,-1.518527038031649012e-01
6.833333333333333030e+03,2.800000000000000000e+01,-1.732556606975451108e-01
6.833333333333333030e+03,2.900000000000000000e+01,-1.943896599993009677e-01
6.833333333333333030e+03,3.000000000000000000e+01,-2.152554477219568718e-01
7.000000000000000000e+03,-3.000000000000000000e+01,1.233362491320563636e+00
7.000000000000000000e+03,-2.900000000000000000e+01,1.212763749929772539e+00
7.000000000000000000e+03,-2.800000000000000000e+01,1.191897962207115524e+00
7.000000000000000000e+03,-2.700000000000000000e+01,1.170763962905360556e+00
7.000000000000000000e+03,-2.600000000000000000e+01,1.149361006010978237e+00
7.000000000000000000e+03,-2.500000000000000000e+01,1.127688807561625151e+00
7.000000000000000000e+03,-2.400000000000000000e+01,1.105747590097826194e+00
7.000000000000000000e+03,-2.300000000000000000e+01,1.083538128436288384e+00
7.000000000000000000e+03,-2.200000000000000000e+01,1.061061796370924348e+00
7.000000000000000000e+03,-2.100000000000000000e+01,1.038320613819578853e+00
7.000000000000000000e+03,-2.000000000000000000e+01,1.015317293840883206e+00
7.000000000000000000e+03,-1.900000000000000000e+01,9.920552888487700338e-01
7.000000000000000000e+03,-1.800000000000000000e+01,9.685388352546754342e-01
7.000000000000000000e+03,-1.700000000000000000e+01,9.447729956729942202e-01
7.000000000000000000e+03,-1.600000000000000000e+01,9.207636977380256882e-01
7.000000000000000000e+03,-1.500000000000000000e+01,8.965177685056664458e-01
7.000000000000000000e+03,-1.400000000000000000e+01,8.720429633559489968e-01
7.000000000000000000e+03,-1.300000000000000000e+01,8.473479882790965201e-01
7.000000000000000000e+03,-1.200000000000000000e+01,8.224425144244111863e-01
7.000000000000000000e+03,-1.100000000000000000e+01,7.973371838234948328e-01
7.000000000000000000e+03,-1.000000000000000000e+01,7.720436052723916864e-01
7.000000000000000000e+03,-9.000000000000000000e+00,7.465743394748586281e-01
7.000000000000000000e+03,-8.000000000000000000e+00,7.209428727131227399e-01
7.000000000000000000e+03,-7.000000000000000000e+00,6.951635785231201625e-01
7.000000000000000000e+03,-6.000000000000000000e+00,6.692516671048729382e-01
7.000000000000000000e+03,-5.000000000000000000e+00,6.432231224898191657e-01
7.000000000000000000e+03,-4.000000000000000000e+00,6.170946278060426282e-01
7.000000000000000000e+03,-3.000000000000000000e+00,5.908834793179568168e-01
7.000000000000000000e+03,-2.000000000000000000e+00,5.646074902543936069e-01
7.000000000000000000e+03,-1.000000000000000000e+00,5.382848857628808048e-01
7.000000000000000000e+03,0.000000000000000000e+00,5.119341906213714655e-01
7.000000000000000000e+03,1.000000000000000000e+00,4.855741115864428692e-01
7.000000000000000000e+03,2.000000000000000000e+00,4.592234164449341405e-01
7.000000000000000000e+03,3.000000000000000000e+00,4.329008119534207277e-01
7.000000000000000000e+03,4.000000000000000000e+00,4.066248228898569628e-01
7.000000000000000000e+03,5.000000000000000000e+00,3.804136744017719840e-01
7.000000000000000000e+03,6.000000000000000000e+00,3.542851797179971118e-01
7.000000000000000000e+03,7.000000000000000000e+00,3.282566351029416740e-01
7.000000000000000000e+03,8.000000000000000000e+00,3.023447236846957820e-01
7.000000000000000000e+03,9.000000000000000000e+00,2.765654294946906511e-01
7.000000000000000000e+03,1.000000000000000000e+01,2.509339627329566502e-01
7.000000000000000000e+03,1.100000000000000000e+01,2.254646969354217600e-01
7.000000000000000000e+03,1.200000000000000000e+01,2.001711183843200570e-01
7.000000000000000000e+03,1.300000000000000000e+01,1.750657877834032039e-01
7.000000000000000000e+03,1.400000000000000000e+01,1.501603139287183142e-01
7.000000000000000000e+03,1.500000000000000000e+01,1.254653388518655599e-01
7.000000000000000000e+03,1.600000000000000000e+01,1.009905337021487215e-01
7.000000000000000000e+03,1.700000000000000000e+01,7.674460446978892403e-02
7.000000000000000000e+03,1.800000000000000000e+01,5.273530653481922625e-02
7.000000000000000000e+03,1.900000000000000000e+01,2.896946695313989961e-02
7.000000000000000000e+03,2.000000000000000000e+01,5.453013359044578401e-03
7.000000000000000000e+03,2.100000000000000000e+01,-1.780899163306864930e-02
7.000000000000000000e+03,2.200000000000000000e+01,-4.081231161176462896e-02
7.000000000000000000e+03,2.300000000000000000e+01,-6.355349416311012467e-02
7.000000000000000000e+03,2.400000000000000000e+01,-8.602982622847360483e-02
7.000000000000000000e+03,2.500000000000000000e+01,-1.082392878900095279e-01
7.000000000000000000e+03,2.600000000000000000e+01,-1.301805053538097057e-01
7.000000000000000000e+03,2.700000000000000000e+01,-1.518527038031649012e-01
7.000000000000000000e+03,2.800000000000000000e+01,-1.732556606975451108e-01
7.000000000000000000e+03,2.900000000000000000e+01,-1.943896599993009677e-01
7.000000000000000000e+03,3.000000000000000000e+01,-2.152554477219568718e-01
7.166666666666666060e+03,-3.000000000000000000e+01,1.233362491320563636e+00
7.166666666666666060e+03,-2.900000000000000000e+01,1.212763749929772539e+00
7.166666666666666060e+03,-2.800000000000000000e+01,1.191897962207115524e+00
7.166666666666666060e+03,-2.700000000000000000e+01,1.170763962905360556e+00
7.166666666666666060e+03,-2.600000000000000000e+01,1.149361006010978237e+00
7.166666666666666060e+03,-2.500000000000000000e+01,1.127688807561625151e+00
7.166666666666666060e+03,-2.400000000000000000e+01,1.105747590097826194e+00
7.166666666666666060e+03,-2.300000000000000000e+01,1.083538128436288384e+00
7.166666666666666060e+03,-2.200000000000000000e+01,1.061061796370924348e+00
7.166666666666666060e+03,-2.100000000000000000e+01,1.038320613819578853e+00
7.166666666666666060e+03,-2.000000000000000000e+01,1.015317293840883206e+00
7.166666666666666060e+03,-1.900000000000000000e+01,9.920552888487700338e-01
7.166666666666666060e+03,-1.800000000000000000e+01,9.685388352546754342e-01
7.166666666666666060e+03,-1.700000000000000000e+01,9.447729956729942202e-01
7.166666666666666060e+03,-1.600000000000000000e+01,9.207636977380256882e-01
7.166666666666666060e+03,-1.500000000000000000e+01,8.965177685056664458e-01
7.166666666666666060e+03,-1.400000000000000000e+01,8.720429633559489968e-01
7.166666666666666060e+03,-1.300000000000000000e+01,8.473479882790965201e-01
7.166666666666666060e+03,-1.200000000000000000e+01,8.224425144244111863e-01
7.166666666666666060e+03,-1.100000000000000000e+01,7.973371838234948328e-01
7.166666666666666060e+03,-1.000000000000000000e+01,7.720436052723916864e-01
7.166666666666666060e+03,-9.000000000000000000e+00,7.465743394748586281e-01
7.166666666666666060e+03,-8.000000000000000000e+00,7.209428727131227399e-01
7.166666666666666060e+03,-7.000000000000000000e+00,6.951635785231201625e-01
7.166666666666666060e+03,-6.000000000000000000e+00,6.692516671048729382e-01
7.166666666666666060e+03,-5.000000000000000000e+00,6.432231224898191657e-01
7.166666666666666060e+03,-4.000000000000000000e+00,6.170946278060426282e-01
7.166666666666666060e+03,-3.000000000000000000e+00,5.908834793179568168e-01
7.166666666666666060e+03,-2.000000000000000000e+00,5.646074902543936069e-01
7.166666666666666060e+03,-1.000000000000000000e+00,5.382848857628808048e-01
7.166666666666666060e+03,0.000000000000000000e+00,5.119341906213714655e-01
7.166666666666666060e+03,1.000000000000000000e+00,4.855741115864428692e-01
7.166666666666666060e+03,2.000000000000000000e+00,4.592234164449341405e-01
7.166666666666666060e+03,3.000000000000000000e+00,4.329008119534207277e-01
7.166666666666666060e+03,4.000000000000000000e+00,4.066248228898569628e-01
7.166666666666666060e+03,5.000000000000000000e+00,3.804136744017719840e-01
7.166666666666666060e+03,6.000000000000000000e+00,3.542851797179971118e-01
7.166666666666666060e+03,7.000000000000000000e+00,3.282566351029416740e-01
7.166666666666666060e+03,8.000000000000000000e+00,3.023447236846957820e-01
7.166666666666666060e+03,9.000000000000000000e+00,2.765654294946906511e-01
7.166666666666666060e+03,1.000000000000000000e+01,2.509339627329566502e-01
7.166666666666666060e+03,1.100000000000000000e+01,2.254646969354217600e-01
7.166666666666666060e+03,1.200000000000000000e+01,2.001711183843200570e-01
7.166666666666666060e+03,1.300000000000000000e+01,1.750657877834032039e-01
7.166666666666666060e+03,1.400000000000000000e+01,1.501603139287183142e-01
7.166666666666666060e+03,1.500000000000000000e+01,1.254653388518655599e-01
7.166666666666666060e+03,1.600000000000000000e+01,1.009905337021487215e-01
7.166666666666666060e+03,1.700000000000000000e+01,7.674460446978892403e-02
7.166666666666666060e+03,1.800000000000000000e+01,5.273530653481922625e-02
7.166666666666666060e+03,1.900000000000000000e+01,2.896946695313989961e-02
7.166666666666666060e+03,2.000000000000000000e+01,5.453013359044578401e-03
7.166666666666666060e+03,2.100000000000000000e+01,-1.780899163306864930e-02
7.166666666666666060e+03,2.200000000000000000e+01,-4.081231161176462896e-02
7.166666666666666060e+03,2.300000000000000000e+01,-6.355349416311012467e-02
7.166666666666666060e+03,2.400000000000000000e+01,-8.602982622847360483e-02
7.166666666666666060e+03,2.500000000000000000e+01,-1.082392878900095279e-01
7.166666666666666060e+03,2.600000000000000000e+01,-1.301805053538097057e-01
7.166666666666666060e+03,2.700000000000000000e+01,-1.518527038031649012e-01
7.166666666666666060e+03,2.800000000000000000e+01,-1.732556606975451108e-01
7.166666666666666060e+03,2.900000000000000000e+01,-1.943896599993009677e-01
7.166666666666666060e+03,3.000000000000000000e+01,-2.152554477219568718e-01
7.333333333333333030e+03,-3.000000000000000000e+01,1.233362491320563636e+00
7.333333333333333030e+03,-2.900000000000000000e+01,1.212763749929772539e+00
7.333333333333333030e+03,-2.800000000000000000e+01,1.191897962207115524e+00
7.333333333333333030e+03,-2.700000000000000000e+01,1.170763962905360556e+00
7.333333333333333030e+03,-2.600000000000000000e+01,1.149361006010978237e+00
7.333333333333333030e+03,-2.500000000000000000e+01,1.127688807561625151e+00
7.333333333333333030e+03,-2.400000000000000000e+01,1.105747590097826194e+00
7.333333333333333030e+03,-2.300000000000000000e+01,1.083538128436288384e+00
7.333333333333333030e+03,-2.200000000000000000e+01,1.061061796370924348e+00
7.333333333333333030e+03,-2.100000000000000000e+01,1.038320613819578853e+00
7.333333333333333030e+03,-2.000000000000000000e+01,1.015317293840883206e+00
7.333333333333333030e+03,-1.900000000000000000e+01,9.920552888487700338e-01
7.333333333333333030e+03,-1.800000000000000000e+01,9.685388352546754342e-01
7.333333333333333030e+03,-1.700000000000000000e+01,9.447729956729942202e-01
7.333333333333333030e+03,-1.600000000000000000e+01,9.207636977380256882e-01
7.333333333333333030e+03,-1.500000000000000000e+01,8.965177685056664458e-01
7.333333333333333030e+03,-1.400000000000000000e+01,8.720429633559489968e-01
7.333333333333333030e+03,-1.300000000000000000e+01,8.473479882790965201e-01
7.333333333333333030e+03,-1.200000000000000000e+01,8.224425144244111863e-01
7.333333333333333030e+03,-1.100000000000000000e+01,7.973371838234948328e-01
7.333333333333333030e+03,-1.000000000000000000e+01,7.720436052723916864e-01
7.333333333333333030e+03,-9.000000000000000000e+00,7.465743394748586281e-01
7.333333333333333030e+03,-8.000000000000000000e+00,7.209428727131227399e-01
7.333333333333333030e+03,-7.000000000000000000e+00,6.951635785231201625e-01
7.333333333333333030e+03,-6.000000000000000000e+00,6.692516671048729382e-01
7.333333333333333030e+03,-5.000000000000000000e+00,6.432231224898191657e-01
7.333333333333333030e+03,-4.000000000000000000e+00,6.170946278060426282e-01
7.333333333333333030e+03,-3.000000000000000000e+00,5.908834793179568168e-01
7.333333333333333030e+03,-2.000000000000000000e+00,5.646074902543936069e-01
7.333333333333333030e+03,-1.000000000000000000e+00,5.382848857628808048e-01
7.333333333333333030e+03,0.000000000000000000e+00,5.119341906213714655e-01
7.333333333333333030e+03,1.000000000000000000e+00,4.855741115864428692e-01
7.333333333333333030e+03,2.000000000000000000e+00,4.592234164449341405e-01
7.333333333333333030e+03,3.000000000000000000e+00,4.329008119534207277e-01
7.333333333333333030e+03,4.000000000000000000e+00,4.066248228898569628e-01
7.333333333333333030e+03,5.000000000000000000e+00,3.804136744017719840e-01
7.333333333333333030e+03,6.000000000000000000e+00,3.542851797179971118e-01
7.333333333333333030e+03,7.000000000000000000e+00,3.282566351029416740e-01
7.333333333333333030e+03,8.000000000000000000e+00,3.023447236846957820e-01
7.333333333333333030e+03,9.000000000000000000e+00,2.765654294946906511e-01
7.333333333333333030e+03,1.000000000000000000e+01,2.509339627329566502e-01
7.333333333333333030e+03,1.100000000000000000e+01,2.254646969354217600e-01
7.333333333333333030e+03,1.200000000000000000e+01,2.001711183843200570e-01
7.333333333333333030e+03,1.300000000000000000e+01,1.750657877834032039e-01
7.333333333333333030e+03,1.400000000000000000e+01,1.501603139287183142e-01
7.333333333333333030e+03,1.500000000000000000e+01,1.254653388518655599e-01
7.333333333333333030e+03,1.600000000000000000e+01,1.009905337021487215e-01
7.333333333333333030e+03,1.700000000000000000e+01,7.674460446978892403e-02
7.333333333333333030e+03,1.800000000000000000e+01,5.273530653481922625e-02
7.333333333333333030e+03,1.900000000000000000e+01,2.896946695313989961e-02
7.333333333333333030e+03,2.000000000000000000e+01,5.453013359044578401e-03
7.333333333333333030e+03,2.100000000000000000e+01,-1.780899163306864930e-02
7.333333333333333030e+03,2.200000000000000000e+01,-4.081231161176462896e-02
7.333333333333333030e+03,2.300000000000000000e+01,-6.355349416311012467e-02
7.333333333333333030e+03,2.400000000000000000e+01,-8.602982622847360483e-02
7.333333333333333030e+03,2.500000000000000000e+01,-1.082392878900095279e-01
7.333333333333333030e+03,2.600000000000000000e+01,-1.301805053538097057e-01
7.333333333333333030e+03,2.700000000000000000e+01,-1.518527038031649012e-01
7.333333333333333030e+03,2.800000000000000000e+01,-1.732556606975451108e-01
7.333333333333333030e+03,2.900000000000000000e+01,-1.943896599993009677e-01
7.333333333333333030e+03,3.000000000000000000e+01,-2.152554477219568718e-01
7.500000000000000000e+03,-3.000000000000000000e+01,1.233362491320563636e+00
7.500000000000000000e+03,-2.900000000000000000e+01,1.212763749929772539e+00
7.500000000000000000e+03,-2.800000000000000000e+01,1.191897962207115524e+00
7.500000000000000000e+03,-2.700000000000000000e+01,1.170763962905360556e+00
7.500000000000000000e+03,-2.600000000000000000e+01,1.149361006010978237e+00
7.500000000000000000e+03,-2.500000000000000000e+01,1.127688807561625151e+00
7.500000000000000000e+03,-2.400000000000000000e+01,1.105747590097826194e+00
7.500000000000000000e+03,-2.300000000000000000e+01,1.083538128436288384e+00
7.500000000000000000e+03,-2.200000000000000000e+01,1.061061796370924348e+00
7.500000000000000000e+03,-2.100000000000000000e+01,1.038320613819578853e+00
7.500000000000000000e+03,-2.000000000000000000e+01,1.015317293840883206e+00
7.500000000000000000e+03,-1.900000000000000000e+01,9.920552888487700338e-01
7.500000000000000000e+03,-1.800000000000000000e+01,9.685388352546754342e-01
7.500000000000000000e+03,-1.700000000000000000e+01,9.447729956729942202e-01
7.500000000000000000e+03,-1.600000000000000000e+01,9.207636977380256882e-01
7.500000000000000000e+03,-1.500000000000000000e+01,8.965177685056664458e-01
7.500000000000000000e+03,-1.400000000000000000e+01,8.720429633559489968e-01
7.500000000000000000e+03,-1.300000000000000000e+01,8.473479882790965201e-01
7.500000000000000000e+03,-1.200000000000000000e+01,8.224425144244111863e-01
7.500000000000000000e+03,-1.100000000000000000e+01,7.973371838234948328e-01
7.500000000000000000e+03,-1.000000000000000000e+01,7.720436052723916864e-01
7.500000000000000000e+03,-9.000000000000000000e+00,7.465743394748586281e-01
7.500000000000000000e+03,-8.000000000000000000e+00,7.209428727131227399e-01
7.500000000000000000e+03,-7.000000000000000000e+00,6.951635785231201625e-01
7.500000000000000000e+03,-6.000000000000000000e+00,6.692516671048729382e-01
7.500000000000000000e+03,-5.000000000000000000e+00,6.432231224898191657e-01
7.500000000000000000e+03,-4.000000000000000000e+00,6.170946278060426282e-01
7.500000000000000000e+03,-3.000000000000000000e+00,5.908834793179568168e-01
7.500000000000000000e+03,-2.000000000000000000e+00,5.646074902543936069e-01
7.500000000000000000e+03,-1.000000000000000000e+00,5.382848857628808048e-01
7.500000000000000000e+03,0.000000000000000000e+00,5.119341906213714655e-01
7.500000000000000000e+03,1.000000000000000000e+00,4.855741115864428692e-01
7.500000000000000000e+03,2.000000000000000000e+00,4.592234164449341405e-01
7.500000000000000000e+03,3.000000000000000000e+00,4.329008119534207277e-01
7.500000000000000000e+03,4.000000000000000000e+00,4.066248228898569628e-01
7.500000000000000000e+03,5.000000000000000000e+00,3.804136744017719840e-01
7.500000000000000000e+03,6.000000000000000000e+00,3.542851797179971118e-01
7.500000000000000000e+03,7.000000000000000000e+00,3.282566351029416740e-01
7.500000000000000000e+03,8.000000000000000000e+00,3.023447236846957820e-01
7.500000000000000000e+03,9.000000000000000000e+00,2.765654294946906511e-01
7.500000000000000000e+03,1.000000000000000000e+01,2.509339627329566502e-01
7.500000000000000000e+03,1.100000000000000000e+01,2.254646969354217600e-01
7.500000000000000000e+03,1.200000000000000000e+01,2.001711183843200570e-01
7.500000000000000000e+03,1.300000000000000000e+01,1.750657877834032039e-01
7.500000000000000000e+03,1.400000000000000000e+01,1.501603139287183142e-01
7.500000000000000000e+03,1.500000000000000000e+01,1.254653388518655599e-01
7.500000000000000000e+03,1.600000000000000000e+01,1.009905337021487215e-01
7.500000000000000000e+03,1.700000000000000000e+01,7.674460446978892403e-02
7.500000000000000000e+03,1.800000000000000000e+01,5.273530653481922625e-02
7.500000000000000000e+03,1.900000000000000000e+01,2.896946695313989961e-02
7.500000000000000000e+03,2.000000000000000000e+01,5.453013359044578401e-03
7.500000000000000000e+03,2.100000000000000000e+01,-1.780899163306864930e-02
7.500000000000000000e+03,2.200000000000000000e+01,-4.081231161176462896e-02
7.500000000000000000e+03,2.300000000000000000e+01,-6.355349416311012467e-02
7.500000000000000000e+03,2.400000000000000000e+01,-8.602982622847360483e-02
7.500000000000000000e+03,2.500000000000000000e+01,-1.082392878900095279e-01
7.500000000000000000e+03,2.600000000000000000e+01,-1.301805053538097057e-01
7.500000000000000000e+03,2.700000000000000000e+01,-1.518527038031649012e-01
7.500000000000000000e+03,2.800000000000000000e+01,-1.732556606975451108e-01
7.500000000000000000e+03,2.900000000000000000e+01,-1.943896599993009677e-01
7.500000000000000000e+03,3.000000000000000000e+01,-2.152554477219568718e-01
7.666666666666666060e+03,-3.000000000000000000e+01,1.233362491320563636e+00
7.666666666666666060e+03,-2.900000000000000000e+01,1.212763749929772539e+00
7.666666666666666060e+03,-2.800000000000000000e+01,1.191897962207115524e+00
7.666666666666666060e+03,-2.700000000000000000e+01,1.170763962905360556e+00
7.666666666666666060e+03,-2.600000000000000000e+01,1.149361006010978237e+00
7.666666666666666060e+03,-2.500000000000000000e+01,1.127688807561625151e+00
7.666666666666666060e+03,-2.400000000000000000e+01,1.105747590097826194e+00
7.666666666666666060e+03,-2.300000000000000000e+01,1.083538128436288384e+00
7.666666666666666060e+03,-2.200000000000000000e+01,1.061061796370924348e+00
7.666666666666666060e+03,-2.100000000000000000e+01,1.038320613819578853e+00
7.666666666666666060e+03,-2.000000000000000000e+01,1.015317293840883206e+00
7.666666666666666060e+03,-1.900000000000000000e+01,9.920552888487700338e-01
7.666666666666666060e+03,-1.800000000000000000e+01,9.685388352546754342e-01
7.666666666666666060e+03,-1.700000000000000000e+01,9.447729956729942202e-01
7.666666666666666060e+03,-1.600000000000000000e+01,9.207636977380256882e-01
7.666666666666666060e+03,-1.500000000000000000e+01,8.965177685056664458e-01
7.666666666666666060e+03,-1.400000000000000000e+01,8.720429633559489968e-01
7.666666666666666060e+03,-1.300000000000000000e+01,8.473479882790965201e-01
7.666666666666666060e+03,-1.200000000000000000e+01,8.224425144244111863e-01
7.666666666666666060e+03,-1.100000000000000000e+01,7.973371838234948328e-01
7.666666666666666060e+03,-1.000000000000000000e+01,7.720436052723916864e-01
7.666666666666666060e+03,-9.000000000000000000e+00,7.465743394748586281e-01
7.666666666666666060e+03,-8.000000000000000000e+00,7.209428727131227399e-01
7.666666666666666060e+03,-7.000000000000000000e+00,6.951635785231201625e-01
7.666666666666666060e+03,-6.000000000000000000e+00,6.692516671048729382e-01
7.666666666666666060e+03,-5.000000000000000000e+00,6.432231224898191657e-01
7.666666666666666060e+03,-4.000000000000000000e+00,6.170946278060426282e-01
7.666666666666666060e+03,-3.000000000000000000e+00,5.908834793179568168e-01
7.666666666666666060e+03,-2.000000000000000000e+00,5.646074902543936069e-01
7.666666666666666060e+03,-1.000000000000000000e+00,5.382848857628808048e-01
7.666666666666666060e+03,0.000000000000000000e+00,5.119341906213714655e-01
7.666666666666666060e+03,1.000000000000000000e+00,4.855741115864428692e-01
7.666666666666666060e+03,2.000000000000000000e+00,4.592234164449341405e-01
7.666666666666666060e+03,3.000000000000000000e+00,4.329008119534207277e-01
7.666666666666666060e+03,4.000000000000000000e+00,4.066248228898569628e-01
7.666666666666666060e+03,5.000000000000000000e+00,3.804136744017719840e-01
7.666666666666666060e+03,6.000000000000000000e+00,3.542851797179971118e-01
7.666666666666666060e+03,7.000000000000000000e+00,3.282566351029416740e-01
7.666666666666666060e+03,8.000000000000000000e+00,3.023447236846957820e-01
7.666666666666666060e+03,9.000000000000000000e+00,2.765654294946906511e-01
7.666666666666666060e+03,1.000000000000000000e+01,2.509339627329566502e-01
7.666666666666666060e+03,1.100000000000000000e+01,2.254646969354217600e-01
7.666666666666666060e+03,1.200000000000000000e+01,2.001711183843200570e-01
7.666666666666666060e+03,1.300000000000000000e+01,1.750657877834032039e-01
7.666666666666666060e+03,1.400000000000000000e+01,1.501603139287183142e-01
7.666666666666666060e+03,1.500000000000000000e+01,1.254653388518655599e-01
7.666666666666666060e+03,1.600000000000000000e+01,1.009905337021487215e-01
7.666666666666666060e+03,1.700000000000000000e+01,7.674460446978892403e-02
7.666666666666666060e+03,1.800000000000000000e+01,5.273530653481922625e-02
7.666666666666666060e+03,1.900000000000000000e+01,2.896946695313989961e-02
7.666666666666666060e+03,2.000000000000000000e+01,5.453013359044578401e-03
7.666666666666666060e+03,2.100000000000000000e+01,-1.780899163306864930e-02
7.666666666666666060e+03,2.200000000000000000e+01,-4.081231161176462896e-02
7.666666666666666060e+03,2.300000000000000000e+01,-6.355349416311012467e-02
7.666666666666666060e+03,2.400000000000000000e+01,-8.602982622847360483e-02
7.666666666666666060e+03,2.500000000000000000e+01,-1.082392878900095279e-01
7.666666666666666060e+03,2.600000000000000000e+01,-1.301805053538097057e-01
7.666666666666666060e+03,2.700000000000000000e+01,-1.518527038031649012e-01
7.666666666666666060e+03,2.800000000000000000e+01,-1.732556606975451108e-01
7.666666666666666060e+03,2.900000000000000000e+01,-1.943896599993009677e-01
7.666666666666666060e+03,3.000000000000000000e+01,-2.152554477219568718e-01
7.833333333333333030e+03,-3.000000000000000000e+01,1.233362491320563636e+00
7.833333333333333030e+03,-2.900000000000000000e+01,1.212763749929772539e+00
7.833333333333333030e+03,-2.800000000000000000e+01,1.191897962207115524e+00
7.833333333333333030e+03,-2.700000000000000000e+01,1.170763962905360556e+00
7.833333333333333030e+03,-2.600000000000000000e+01,1.149361006010978237e+00
7.833333333333333030e+03,-2.500000000000000000e+01,1.127688807561625151e+00
7.833333333333333030e+03,-2.400000000000000000e+01,1.105747590097826194e+00
7.833333333333333030e+03,-2.300000000000000000e+01,1.083538128436288384e+00
7.833333333333333030e+03,-2.200000000000000000e+01,1.061061796370924348e+00
7.833333333333333030e+03,-2.100000000000000000e+01,1.038320613819578853e+00
7.833333333333333030e+03,-2.000000000000000000e+01,1.015317293840883206e+00
7.833333333333333030e+03,-1.900000000000000000e+01,9.920552888487700338e-01
7.833333333333333030e+03,-1.800000000000000000e+01,9.685388352546754342e-01
7.833333333333333030e+03,-1.700000000000000000e+01,9.447729956729942202e-01
7.833333333333333030e+03,-1.600000000000000000e+01,9.207636977380256882e-01
7.833333333333333030e+03,-1.500000000000000000e+01,8.965177685056664458e-01
7.833333333333333030e+03,-1.400000000000000000e+01,8.720429633559489968e-01
7.833333333333333030e+03,-1.300000000000000000e+01,8.473479882790965201e-01
7.833333333333333030e+03,-1.200000000000000000e+01,8.224425144244111863e-01
7.833333333333333030e+03,-1.100000000000000000e+01,7.973371838234948328e-01
7.833333333333333030e+03,-1.000000000000000000e+01,7.720436052723916864e-01
7.833333333333333030e+03,-9.000000000000000000e+00,7.465743394748586281e-01
7.833333333333333030e+03,-8.000000000000000000e+00,7.209428727131227399e-01
7.833333333333333030e+03,-7.000000000000000000e+00,6.951635785231201625e-01
7.833333333333333030e+03,-6.000000000000000000e+00,6.692516671048729382e-01
7.833333333333333030e+03,-5.000000000000000000e+00,6.432231224898191657e-01
7.833333333333333030e+03,-4.000000000000000000e+00,6.170946278060426282e-01
7.833333333333333030e+03,-3.000000000000000000e+00,5.908834793179568168e-01
7.833333333333333030e+03,-2.000000000000000000e+00,5.646074902543936069e-01
7.833333333333333030e+03,-1.000000000000000000e+00,5.382848857628808048e-01
7.833333333333333030e+03,0.000000000000000000e+00,5.119341906213714655e-01
7.833333333333333030e+03,1.000000000000000000e+00,4.855741115864428692e-01
7.833333333333333030e+03,2.000000000000000000e+00,4.592234164449341405e-01
7.833333333333333030e+03,3.000000000000000000e+00,4.329008119534207277e-01
7.833333333333333030e+03,4.000000000000000000e+00,4.066248228898569628e-01
7.833333333333333030e+03,5.000000000000000000e+00,3.804136744017719840e-01
7.833333333333333030e+03,6.000000000000000000e+00,3.542851797179971118e-01
7.833333333333333030e+03,7.000000000000000000e+00,3.282566351029416740e-01
7.833333333333333030e+03,8.000000000000000000e+00,3.023447236846957820e-01
7.833333333333333030e+03,9.000000000000000000e+00,2.765654294946906511e-01
7.833333333333333030e+03,1.000000000000000000e+01,2.509339627329566502e-01
7.833333333333333030e+03,1.100000000000000000e+01,2.254646969354217600e-01
7.833333333333333030e+03,1.200000000000000000e+01,2.001711183843200570e-01
7.833333333333333030e+03,1.300000000000000000e+01,1.750657877834032039e-01
7.833333333333333030e+03,1.400000000000000000e+01,1.501603139287183142e-01
7.833333333333333030e+03,1.500000000000000000e+01,1.254653388518655599e-01
7.833333333333333030e+03,1.600000000000000000e+01,1.009905337021487215e-01
7.833333333333333030e+03,1.700000000000000000e+01,7.674460446978892403e-02
7.833333333333333030e+03,1.800000000000000000e+01,5.273530653481922625e-02
7.833333333333333030e+03,1.900000000000000000e+01,2.896946695313989961e-02
7.833333333333333030e+03,2.000000000000000000e+01,5.453013359044578401e-03
7.833333333333333030e+03,2.100000000000000000e+01,-1.780899163306864930e-02
7.833333333333333030e+03,2.200000000000000000e+01,-4.081231161176462896e-02
7.833333333333333030e+03,2.300000000000000000e+01,-6.355349416311012467e-02
7.833333333333333030e+03,2.400000000000000000e+01,-8.602982622847360483e-02
7.833333333333333030e+03,2.500000000000000000e+01,-1.082392878900095279e-01
7.833333333333333030e+03,2.600000000000000000e+01,-1.301805053538097057e-01
7.833333333333333030e+03,2.700000000000000000e+01,-1.518527038031649012e-01
7.833333333333333030e+03,2.800000000000000000e+01,-1.732556606975451108e-01
7.833333333333333030e+03,2.900000000000000000e+01,-1.943896599993009677e-01
7.833333333333333030e+03,3.000000000000000000e+01,-2.152554477219568718e-01
8.000000000000000000e+03,-3.000000000000000000e+01,1.233362491320563636e+00
8.000000000000000000e+03,-2.900000000000000000e+01,1.212763749929772539e+00
8.000000000000000000e+03,-2.800000000000000000e+01,1.191897962207115524e+00
8.000000000000000000e+03,-2.700000000000000000e+01,1.170763962905360556e+00
8.000000000000000000e+03,-2.600000000000000000e+01,1.149361006010978237e+00
8.000000000000000000e+03,-2.500000000000000000e+01,1.127688807561625151e+00
8.000000000000000000e+03,-2.400000000000000000e+01,1.105747590097826194e+00
8.000000000000000000e+03,-2.300000000000000000e+01,1.083538128436288384e+00
8.000000000000000000e+03,-2.200000000000000000e+01,1.061061796370924348e+00
8.000000000000000000e+03,-2.100000000000000000e+01,1.038320613819578853e+00
8.000000000000000000e+03,-2.000000000000000000e+01,1.015317293840883206e+00
8.000000000000000000e+03,-1.900000000000000000e+01,9.920552888487700338e-01
8.000000000000000000e+03,-1.800000000000000000e+01,9.685388352546754342e-01
8.000000000000000000e+03,-1.700000000000000000e+01,9.447729956729942202e-01
8.000000000000000000e+03,-1.600000000000000000e+01,9.207636977380256882e-01
8.000000000000000000e+03,-1.500000000000000000e+01,8.965177685056664458e-01
8.000000000000000000e+03,-1.400000000000000000e+01,8.720429633559489968e-01
8.000000000000000000e+03,-1.300000000000000000e+01,8.473479882790965201e-01
8.000000000000000000e+03,-1.200000000000000000e+01,8.224425144244111863e-01
8.000000000000000000e+03,-1.100000000000000000e+01,7.973371838234948328e-01
8.000000000000000000e+03,-1.000000000000000000e+01,7.720436052723916864e-01
8.000000000000000000e+03,-9.000000000000000000e+00,7.465743394748586281e-01
8.000000000000000000e+03,-8.000000000000000000e+00,7.209428727131227399e-01
8.000000000000000000e+03,-7.000000000000000000e+00,6.951635785231201625e-01
8.000000000000000000e+03,-6.000000000000000000e+00,6.692516671048729382e-01
8.000000000000000000e+03,-5.000000000000000000e+00,6.432231224898191657e-01
8.000000000000000000e+03,-4.000000000000000000e+00,6.170946278060426282e-01
8.000000000000000000e+03,-3.000000000000000000e+00,5.908834793179568168e-01
8.000000000000000000e+03,-2.000000000000000000e+00,5.646074902543936069e-01
8.000000000000000000e+03,-1.000000000000000000e+00,5.382848857628808048e-01
8.000000000000000000e+03,0.000000000000000000e+00,5.119341906213714655e-01
8.000000000000000000e+03,1.000000000000000000e+00,4.855741115864428692e-01
8.000000000000000000e+03,2.000000000000000000e+00,4.592234164449341405e-01
8.000000000000000000e+03,3.000000000000000000e+00,4.329008119534207277e-01
8.000000000000000000e+03,4.000000000000000000e+00,4.066248228898569628e-01
8.000000000000000000e+03,5.000000000000000000e+00,3.804136744017719840e-01
8.000000000000000000e+03,6.000000000000000000e+00,3.542851797179971118e-01
8.000000000000000000e+03,7.000000000000000000e+00,3.282566351029416740e-01
8.000000000000000000e+03,8.000000000000000000e+00,3.023447236846957820e-01
8.000000000000000000e+03,9.000000000000000000e+00,2.765654294946906511e-01
8.000000000000000000e+03,1.000000000000000000e+01,2.509339627329566502e-01
8.000000000000000000e+03,1.100000000000000000e+01,2.254646969354217600e-01
8.000000000000000000e+03,1.200000000000000000e+01,2.001711183843200570e-01
8.000000000000000000e+03,1.300000000000000000e+01,1.750657877834032039e-01
8.000000000000000000e+03,1.400000000000000000e+01,1.501603139287183142e-01
8.000000000000000000e+03,1.500000000000000000e+01,1.254653388518655599e-01
8.000000000000000000e+03,1.600000000000000000e+01,1.009905337021487215e-01
8.000000000000000000e+03,1.700000000000000000e+01,7.674460446978892403e-02
8.000000000000000000e+03,1.800000000000000000e+01,5.273530653481922625e-02
8.000000000000000000e+03,1.900000000000000000e+01,2.896946695313989961e-02
8.000000000000000000e+03,2.000000000000000000e+01,5.453013359044578401e-03
8.000000000000000000e+03,2.100000000000000000e+01,-1.780899163306864930e-02
8.000000000000000000e+03,2.200000000000000000e+01,-4.081231161176462896e-02
8.000000000000000000e+03,2.300000000000000000e+01,-6.355349416311012467e-02
8.000000000000000000e+03,2.400000000000000000e+01,-8.602982622847360483e-02
8.000000000000000000e+03,2.500000000000000000e+01,-1.082392878900095279e-01
8.000000000000000000e+03,2.600000000000000000e+01,-1.301805053538097057e-01
8.000000000000000000e+03,2.700000000000000000e+01,-1.518527038031649012e-01
8.000000000000000000e+03,2.800000000000000000e+01,-1.732556606975451108e-01
8.000000000000000000e+03,2.900000000000000000e+01,-1.943896599993009677e-01
8.000000000000000000e+03,3.000000000000000000e+01,-2.152554477219568718e-01
8.166666666666666060e+03,-3.000000000000000000e+01,1.233362491320563636e+00
8.166666666666666060e+03,-2.900000000000000000e+01,1.212763749929772539e+00
8.166666666666666060e+03,-2.800000000000000000e+01,1.191897962207115524e+00
8.166666666666666060e+03,-2.700000000000000000e+01,1.170763962905360556e+00
8.166666666666666060e+03,-2.600000000000000000e+01,1.149361006010978237e+00
8.166666666666666060e+03,-2.500000000000000000e+01,1.127688807561625151e+00
8.166666666666666060e+03,-2.400000000000000000e+01,1.105747590097826194e+00
8.166666666666666060e+03,-2.300000000000000000e+01,1.083538128436288384e+00
8.166666666666666060e+03,-2.200000000000000000e+01,1.061061796370924348e+00
8.166666666666666060e+03,-2.100000000000000000e+01,1.038320613819578853e+00
8.166666666666666060e+03,-2.000000000000000000e+01,1.015317293840883206e+00
8.166666666666666060e+03,-1.900000000000000000e+01,9.920552888487700338e-01
8.166666666666666060e+03,-1.800000000000000000e+01,9.685388352546754342e-01
8.166666666666666060e+03,-1.700000000000000000e+01,9.447729956729942202e-01
8.166666666666666060e+03,-1.600000000000000000e+01,9.207636977380256882e-01
8.166666666666666060e+03,-1.500000000000000000e+01,8.965177685056664458e-01
8.166666666666666060e+03,-1.400000000000000000e+01,8.720429633559489968e-01
8.166666666666666060e+03,-1.300000000000000000e+01,8.473479882790965201e-01
8.166666666666666060e+03,-1.200000000000000000e+01,8.224425144244111863e-01
8.166666666666666060e+03,-1.100000000000000000e+01,7.973371838234948328e-01
8.166666666666666060e+03,-1.000000000000000000e+01,7.720436052723916864e-01
8.166666666666666060e+03,-9.000000000000000000e+00,7.465743394748586281e-01
8.166666666666666060e+03,-8.000000000000000000e+00,7.209428727131227399e-01
8.166666666666666060e+03,-7.000000000000000000e+00,6.951635785231201625e-01
8.166666666666666060e+03,-6.000000000000000000e+00,6.692516671048729382e-01
8.166666666666666060e+03,-5.000000000000000000e+00,6.432231224898191657e-01
8.166666666666666060e+03,-4.000000000000000000e+00,6.170946278060426282e-01
8.166666666666666060e+03,-3.000000000000000000e+00,5.908834793179568168e-01
8.166666666666666060e+03,-2.000000000000000000e+00,5.646074902543936069e-01
8.166666666666666060e+03,-1.000000000000000000e+00,5.382848857628808048e-01
8.166666666666666060e+03,0.000000000000000000e+00,5.119341906213714655e-01
8.166666666666666060e+03,1.000000000000000000e+00,4.855741115864428692e-01
8.166666666666666060e+03,2.000000000000000000e+00,4.592234164449341405e-01
8.166666666666666060e+03,3.000000000000000000e+00,4.329008119534207277e-01
8.166666666666666060e+03,4.000000000000000000e+00,4.066248228898569628e-01
8.166666666666666060e+03,5.000000000000000000e+00,3.804136744017719840e-01
8.166666666666666060e+03,6.000000000000000000e+00,3.542851797179971118e-01
8.166666666666666060e+03,7.000000000000000000e+00,3.282566351029416740e-01
8.166666666666666060e+03,8.000000000000000000e+00,3.023447236846957820e-01
8.166666666666666060e+03,9.000000000000000000e+00,2.765654294946906511e-01
8.166666666666666060e+03,1.000000000000000000e+01,2.509339627329566502e-01
8.166666666666666060e+03,1.100000000000000000e+01,2.254646969354217600e-01
8.166666666666666060e+03,1.200000000000000000e+01,2.001711183843200570e-01
8.166666666666666060e+03,1.300000000000000000e+01,1.750657877834032039e-01
8.166666666666666060e+03,1.400000000000000000e+01,1.501603139287183142e-01
8.166666666666666060e+03,1.500000000000000000e+01,1.254653388518655599e-01
8.166666666666666060e+03,1.600000000000000000e+01,1.009905337021487215e-01
8.166666666666666060e+03,1.700000000000000000e+01,7.674460446978892403e-02
8.166666666666666060e+03,1.800000000000000000e+01,5.273530653481922625e-02
8.166666666666666060e+03,1.900000000000000000e+01,2.896946695313989961e-02
8.166666666666666060e+03,2.000000000000000000e+01,5.453013359044578401e-03
8.166666666666666060e+03,2.100000000000000000e+01,-1.780899163306864930e-02
8.166666666666666060e+03,2.200000000000000000e+01,-4.081231161176462896e-02
8.166666666666666060e+03,2.300000000000000000e+01,-6.355349416311012467e-02
8.166666666666666060e+03,2.400000000000000000e+01,-8.602982622847360483e-02
8.166666666666666060e+03,2.500000000000000000e+01,-1.082392878900095279e-01
8.166666666666666060e+03,2.600000000000000000e+01,-1.301805053538097057e-01
8.166666666666666060e+03,2.700000000000000000e+01,-1.518527038031649012e-01
8.166666666666666060e+03,2.800000000000000000e+01,-1.732556606975451108e-01
8.166666666666666060e+03,2.900000000000000000e+01,-1.943896599993009677e-01
8.166666666666666060e+03,3.000000000000000000e+01,-2.152554477219568718e-01
8.333333333333332121e+03,-3.000000000000000000e+01,1.233362491320563636e+00
8.333333333333332121e+03,-2.900000000000000000e+01,1.212763749929772539e+00
8.333333333333332121e+03,-2.800000000000000000e+01,1.191897962207115524e+00
8.333333333333332121e+03,-2.700000000000000000e+01,1.170763962905360556e+00
8.333333333333332121e+03,-2.600000000000000000e+01,1.149361006010978237e+00
8.333333333333332121e+03,-2.500000000000000000e+01,1.127688807561625151e+00
8.333333333333332121e+03,-2.400000000000000000e+01,1.105747590097826194e+00
8.333333333333332121e+03,-2.300000000000000000e+01,1.083538128436288384e+00
8.333333333333332121e+03,-2.200000000000000000e+01,1.061061796370924348e+00
8.333333333333332121e+03,-2.100000000000000000e+01,1.038320613819578853e+00
8.333333333333332121e+03,-2.000000000000000000e+01,1.015317293840883206e+00
8.333333333333332121e+03,-1.900000000000000000e+01,9.920552888487700338e-01
8.333333333333332121e+03,-1.800000000000000000e+01,9.685388352546754342e-01
8.333333333333332121e+03,-1.700000000000000000e+01,9.447729956729942202e-01
8.333333333333332121e+03,-1.600000000000000000e+01,9.207636977380256882e-01
8.333333333333332121e+03,-1.500000000000000000e+01,8.965177685056664458e-01
8.333333333333332121e+03,-1.400000000000000000e+01,8.720429633559489968e-01
8.333333333333332121e+03,-1.300000000000000000e+01,8.473479882790965201e-01
8.333333333333332121e+03,-1.200000000000000000e+01,8.224425144244111863e-01
8.333333333333332121e+03,-1.100000000000000000e+01,7.973371838234948328e-01
8.333333333333332121e+03,-1.000000000000000000e+01,7.720436052723916864e-01
8.333333333333332121e+03,-9.000000000000000000e+00,7.465743394748586281e-01
8.333333333333332121e+03,-8.000000000000000000e+00,7.209428727131227399e-01
8.333333333333332121e+03,-7.000000000000000000e+00,6.951635785231201625e-01
8.333333333333332121e+03,-6.000000000000000000e+00,6.692516671048729382e-01
8.333333333333332121e+03,-5.000000000000000000e+00,6.432231224898191657e-01
8.333333333333332121e+03,-4.000000000000000000e+00,6.170946278060426282e-01
8.333333333333332121e+03,-3.000000000000000000e+00,5.908834793179568168e-01
8.333333333333332121e+03,-2.000000000000000000e+00,5.646074902543936069e-01
8.333333333333332121e+03,-1.000000000000000000e+00,5.382848857628808048e-01
8.333333333333332121e+03,0.000000000000000000e+00,5.119341906213714655e-01
8.333333333333332121e+03,1.000000000000000000e+00,4.855741115864428692e-01
8.333333333333332121e+03,2.000000000000000000e+00,4.592234164449341405e-01
8.333333333333332121e+03,3.000000000000000000e+00,4.329008119534207277e-01
8.333333333333332121e+03,4.000000000000000000e+00,4.066248228898569628e-01
8.333333333333332121e+03,5.000000000000000000e+00,3.804136744017719840e-01
8.333333333333332121e+03,6.000000000000000000e+00,3.542851797179971118e-01
8.333333333333332121e+03,7.000000000000000000e+00,3.282566351029416740e-01
8.333333333333332121e+03,8.000000000000000000e+00,3.023447236846957820e-01
8.333333333333332121e+03,9.000000000000000000e+00,2.765654294946906511e-01
8.333333333333332121e+03,1.000000000000000000e+01,2.509339627329566502e-01
8.333333333333332121e+03,1.100000000000000000e+01,2.254646969354217600e-01
8.333333333333332121e+03,1.200000000000000000e+01,2.001711183843200570e-01
8.333333333333332121e+03,1.300000000000000000e+01,1.750657877834032039e-01
8.333333333333332121e+03,1.400000000000000000e+01,1.501603139287183142e-01
8.333333333333332121e+03,1.500000000000000000e+01,1.254653388518655599e-01
8.333333333333332121e+03,1.600000000000000000e+01,1.009905337021487215e-01
8.333333333333332121e+03,1.700000000000000000e+01,7.674460446978892403e-02
8.333333333333332121e+03,1.800000000000000000e+01,5.273530653481922625e-02
8.333333333333332121e+03,1.900000000000000000e+01,2.896946695313989961e-02
8.333333333333332121e+03,2.000000000000000000e+01,5.453013359044578401e-03
8.333333333333332121e+03,2.100000000000000000e+01,-1.780899163306864930e-02
8.333333333333332121e+03,2.200000000000000000e+01,-4.081231161176462896e-02
8.333333333333332121e+03,2.300000000000000000e+01,-6.355349416311012467e-02
8.333333333333332121e+03,2.400000000000000000e+01,-8.602982622847360483e-02
8.333333333333332121e+03,2.500000000000000000e+01,-1.082392878900095279e-01
8.333333333333332121e+03,2.600000000000000000e+01,-1.301805053538097057e-01
8.333333333333332121e+03,2.700000000000000000e+01,-1.518527038031649012e-01
8.333333333333332121e+03,2.800000000000000000e+01,-1.732556606975451108e-01
8.333333333333332121e+03,2.900000000000000000e+01,-1.943896599993009677e-01
8.333333333333332121e+03,3.000000000000000000e+01,-2.152554477219568718e-01
8.500000000000000000e+03,-3.000000000000000000e+01,1.233362491320563636e+00
8.500000000000000000e+03,-2.900000000000000000e+01,1.212763749929772539e+00
8.500000000000000000e+03,-2.800000000000000000e+01,1.191897962207115524e+00
8.500000000000000000e+03,-2.700000000000000000e+01,1.170763962905360556e+00
8.500000000000000000e+03,-2.600000000000000000e+01,1.149361006010978237e+00
8.500000000000000000e+03,-2.500000000000000000e+01,1.127688807561625151e+00
8.500000000000000000e+03,-2.400000000000000000e+01,1.105747590097826194e+00
8.500000000000000000e+03,-2.300000000000000000e+01,1.083538128436288384e+00
8.500000000000000000e+03,-2.200000000000000000e+01,1.061061796370924348e+00
8.500000000000000000e+03,-2.100000000000000000e+01,1.038320613819578853e+00
8.500000000000000000e+03,-2.000000000000000000e+01,1.015317293840883206e+00
8.500000000000000000e+03,-1.900000000000000000e+01,9.920552888487700338e-01
8.500000000000000000e+03,-1.800000000000000000e+01,9.685388352546754342e-01
8.500000000000000000e+03,-1.700000000000000000e+01,9.447729956729942202e-01
8.500000000000000000e+03,-1.600000000000000000e+01,9.207636977380256882e-01
8.500000000000000000e+03,-1.500000000000000000e+01,8.965177685056664458e-01
8.500000000000000000e+03,-1.400000000000000000e+01,8.720429633559489968e-01
8.500000000000000000e+03,-1.300000000000000000e+01,8.473479882790965201e-01
8.500000000000000000e+03,-1.200000000000000000e+01,8.224425144244111863e-01
8.500000000000000000e+03,-1.100000000000000000e+01,7.973371838234948328e-01
8.500000000000000000e+03,-1.000000000000000000e+01,7.720436052723916864e-01
8.500000000000000000e+03,-9.000000000000000000e+00,7.465743394748586281e-01
8.500000000000000000e+03,-8.000000000000000000e+00,7.209428727131227399e-01
8.500000000000000000e+03,-7.000000000000000000e+00,6.951635785231201625e-01
8.500000000000000000e+03,-6.000000000000000000e+00,6.692516671048729382e-01
8.500000000000000000e+03,-5.000000000000000000e+00,6.432231224898191657e-01
8.500000000000000000e+03,-4.000000000000000000e+00,6.170946278060426282e-01
8.500000000000000000e+03,-3.000000000000000000e+00,5.908834793179568168e-01
8.500000000000000000e+03,-2.000000000000000000e+00,5.646074902543936069e-01
8.500000000000000000e+03,-1.000000000000000000e+00,5.382848857628808048e-01
8.500000000000000000e+03,0.000000000000000000e+00,5.119341906213714655e-01
8.500000000000000000e+03,1.000000000000000000e+00,4.855741115864428692e-01
8.500000000000000000e+03,2.000000000000000000e+00,4.592234164449341405e-01
8.500000000000000000e+03,3.000000000000000000e+00,4.329008119534207277e-01
8.500000000000000000e+03,4.000000000000000000e+00,4.066248228898569628e-01
8.500000000000000000e+03,5.000000000000000000e+00,3.804136744017719840e-01
8.500000000000000000e+03,6.000000000000000000e+00,3.542851797179971118e-01
8.500000000000000000e+03,7.000000000000000000e+00,3.282566351029416740e-01
8.500000000000000000e+03,8.000000000000000000e+00,3.023447236846957820e-01
8.500000000000000000e+03,9.000000000000000000e+00,2.765654294946906511e-01
8.500000000000000000e+03,1.000000000000000000e+01,2.509339627329566502e-01
8.500000000000000000e+03,1.100000000000000000e+01,2.254646969354217600e-01
8.500000000000000000e+03,1.200000000000000000e+01,2.001711183843200570e-01
8.500000000000000000e+03,1.300000000000000000e+01,1.750657877834032039e-01
8.500000000000000000e+03,1.400000000000000000e+01,1.501603139287183142e-01
8.500000000000000000e+03,1.500000000000000000e+01,1.254653388518655599e-01
8.500000000000000000e+03,1.600000000000000000e+01,1.009905337021487215e-01
8.500000000000000000e+03,1.700000000000000000e+01,7.674460446978892403e-02
8.500000000000000000e+03,1.800000000000000000e+01,5.273530653481922625e-02
8.500000000000000000e+03,1.900000000000000000e+01,2.896946695313989961e-02
8.500000000000000000e+03,2.000000000000000000e+01,5.453013359044578401e-03
8.500000000000000000e+03,2.100000000000000000e+01,-1.780899163306864930e-02
8.500000000000000000e+03,2.200000000000000000e+01,-4.081231161176462896e-02
8.500000000000000000e+03,2.300000000000000000e+01,-6.355349416311012467e-02
8.500000000000000000e+03,2.400000000000000000e+01,-8.602982622847360483e-02
8.500000000000000000e+03,2.500000000000000000e+01,-1.082392878900095279e-01
8.500000000000000000e+03,2.600000000000000000e+01,-1.301805053538097057e-01
8.500000000000000000e+03,2.700000000000000000e+01,-1.518527038031649012e-01
8.500000000000000000e+03,2.800000000000000000e+01,-1.732556606975451108e-01
8.500000000000000000e+03,2.900000000000000000e+01,-1.943896599993009677e-01
8.500000000000000000e+03,3.000000000000000000e+01,-2.152554477219568718e-01
8.666666666666666060e+03,-3.000000000000000000e+01,1.233362491320563636e+00
8.666666666666666060e+03,-2.900000000000000000e+01,1.212763749929772539e+00
8.666666666666666060e+03,-2.800000000000000000e+01,1.191897962207115524e+00
8.666666666666666060e+03,-2.700000000000000000e+01,1.170763962905360556e+00
8.666666666666666060e+03,-2.600000000000000000e+01,1.149361006010978237e+00
8.666666666666666060e+03,-2.500000000000000000e+01,1.127688807561625151e+00
8.666666666666666060e+03,-2.400000000000000000e+01,1.105747590097826194e+00
8.666666666666666060e+03,-2.300000000000000000e+01,1.083538128436288384e+00
8.666666666666666060e+03,-2.200000000000000000e+01,1.061061796370924348e+00
8.666666666666666060e+03,-2.100000000000000000e+01,1.038320613819578853e+00
8.666666666666666060e+03,-2.000000000000000000e+01,1.015317293840883206e+00
8.666666666666666060e+03,-1.900000000000000000e+01,9.920552888487700338e-01
8.666666666666666060e+03,-1.800000000000000000e+01,9.685388352546754342e-01
8.666666666666666060e+03,-1.700000000000000000e+01,9.447729956729942202e-01
8.666666666666666060e+03,-1.600000000000000000e+01,9.207636977380256882e-01
8.666666666666666060e+03,-1.500000000000000000e+01,8.965177685056664458e-01
8.666666666666666060e+03,-1.400000000000000000e+01,8.720429633559489968e-01
8.666666666666666060e+03,-1.300000000000000000e+01,8.473479882790965201e-01
8.666666666666666060e+03,-1.200000000000000000e+01,8.224425144244111863e-01
8.666666666666666060e+03,-1.100000000000000000e+01,7.973371838234948328e-01
8.666666666666666060e+03,-1.000000000000000000e+01,7.720436052723916864e-01
8.666666666666666060e+03,-9.000000000000000000e+00,7.465743394748586281e-01
8.666666666666666060e+03,-8.000000000000000000e+00,7.209428727131227399e-01
8.666666666666666060e+03,-7.000000000000000000e+00,6.951635785231201625e-01
8.666666666666666060e+03,-6.000000000000000000e+00,6.692516671048729382e-01
8.666666666666666060e+03,-5.000000000000000000e+00,6.432231224898191657e-01
8.666666666666666060e+03,-4.000000000000000000e+00,6.170946278060426282e-01
8.666666666666666060e+03,-3.000000000000000000e+00,5.908834793179568168e-01
8.666666666666666060e+03,-2.000000000000000000e+00,5.646074902543936069e-01
8.666666666666666060e+03,-1.000000000000000000e+00,5.382848857628808048e-01
8.666666666666666060e+03,0.000000000000000000e+00,5.119341906213714655e-01
8.666666666666666060e+03,1.000000000000000000e+00,4.855741115864428692e-01
8.666666666666666060e+03,2.000000000000000000e+00,4.592234164449341405e-01
8.666666666666666060e+03,3.000000000000000000e+00,4.329008119534207277e-01
8.666666666666666060e+03,4.000000000000000000e+00,4.066248228898569628e-01
8.666666666666666060e+03,5.000000000000000000e+00,3.804136744017719840e-01
8.666666666666666060e+03,6.000000000000000000e+00,3.542851797179971118e-01
8.666666666666666060e+03,7.000000000000000000e+00,3.282566351029416740e-01
8.666666666666666060e+03,8.000000000000000000e+00,3.023447236846957820e-01
8.666666666666666060e+03,9.000000000000000000e+00,2.765654294946906511e-01
8.666666666666666060e+03,1.000000000000000000e+01,2.509339627329566502e-01
8.666666666666666060e+03,1.100000000000000000e+01,2.254646969354217600e-01
8.666666666666666060e+03,1.200000000000000000e+01,2.001711183843200570e-01
8.666666666666666060e+03,1.300000000000000000e+01,1.750657877834032039e-01
8.666666666666666060e+03,1.400000000000000000e+01,1.501603139287183142e-01
8.666666666666666060e+03,1.500000000000000000e+01,1.254653388518655599e-01
8.666666666666666060e+03,1.600000000000000000e+01,1.009905337021487215e-01
8.666666666666666060e+03,1.700000000000000000e+01,7.674460446978892403e-02
8.666666666666666060e+03,1.800000000000000000e+01,5.273530653481922625e-02
8.666666666666666060e+03,1.900000000000000000e+01,2.896946695313989961e-02
8.666666666666666060e+03,2.000000000000000000e+01,5.453013359044578401e-03
8.666666666666666060e+03,2.100000000000000000e+01,-1.780899163306864930e-02
8.666666666666666060e+03,2.200000000000000000e+01,-4.081231161176462896e-02
8.666666666666666060e+03,2.300000000000000000e+01,-6.355349416311012467e-02
8.666666666666666060e+03,2.400000000000000000e+01,-8.602982622847360483e-02
8.666666666666666060e+03,2.500000000000000000e+01,-1.082392878900095279e-01
8.666666666666666060e+03,2.600000000000000000e+01,-1.301805053538097057e-01
8.666666666666666060e+03,2.700000000000000000e+01,-1.518527038031649012e-01
8.666666666666666060e+03,2.800000000000000000e+01,-1.732556606975451108e-01
8.666666666666666060e+03,2.900000000000000000e+01,-1.943896599993009677e-01
8.666666666666666060e+03,3.000000000000000000e+01,-2.152554477219568718e-01
8.833333333333332121e+03,-3.000000000000000000e+01,1.233362491320563636e+00
8.833333333333332121e+03,-2.900000000000000000e+01,1.212763749929772539e+00
8.833333333333332121e+03,-2.800000000000000000e+01,1.191897962207115524e+00
8.833333333333332121e+03,-2.700000000000000000e+01,1.170763962905360556e+00
8.833333333333332121e+03,-2.600000000000000000e+01,1.149361006010978237e+00
8.833333333333332121e+03,-2.500000000000000000e+01,1.127688807561625151e+00
8.833333333333332121e+03,-2.400000000000000000e+01,1.105747590097826194e+00
8.833333333333332121e+03,-2.300000000000000000e+01,1.083538128436288384e+00
8.833333333333332121e+03,-2.200000000000000000e+01,1.061061796370924348e+00
8.833333333333332121e+03,-2.100000000000000000e+01,1.038320613819578853e+00
8.833333333333332121e+03,-2.000000000000000000e+01,1.015317293840883206e+00
8.833333333333332121e+03,-1.900000000000000000e+01,9.920552888487700338e-01
8.833333333333332121e+03,-1.800000000000000000e+01,9.685388352546754342e-01
8.833333333333332121e+03,-1.700000000000000000e+01,9.447729956729942202e-01
8.833333333333332121e+03,-1.600000000000000000e+01,9.207636977380256882e-01
8.833333333333332121e+03,-1.500000000000000000e+01,8.965177685056664458e-01
8.833333333333332121e+03,-1.400000000000000000e+01,8.720429633559489968e-01
8.833333333333332121e+03,-1.300000000000000000e+01,8.473479882790965201e-01
8.833333333333332121e+03,-1.200000000000000000e+01,8.224425144244111863e-01
8.833333333333332121e+03,-1.100000000000000000e+01,7.973371838234948328e-01
8.833333333333332121e+03,-1.000000000000000000e+01,7.720436052723916864e-01
8.833333333333332121e+03,-9.000000000000000000e+00,7.465743394748586281e-01
8.833333333333332121e+03,-8.000000000000000000e+00,7.209428727131227399e-01
8.833333333333332121e+03,-7.000000000000000000e+00,6.951635785231201625e-01
8.833333333333332121e+03,-6.000000000000000000e+00,6.692516671048729382e-01
8.833333333333332121e+03,-5.000000000000000000e+00,6.432231224898191657e-01
8.833333333333332121e+03,-4.000000000000000000e+00,6.170946278060426282e-01
8.833333333333332121e+03,-3.000000000000000000e+00,5.908834793179568168e-01
8.833333333333332121e+03,-2.000000000000000000e+00,5.646074902543936069e-01
8.833333333333332121e+03,-1.000000000000000000e+00,5.382848857628808048e-01
8.833333333333332121e+03,0.000000000000000000e+00,5.119341906213714655e-01
8.833333333333332121e+03,1.000000000000000000e+00,4.855741115864428692e-01
8.833333333333332121e+03,2.000000000000000000e+00,4.592234164449341405e-01
8.833333333333332121e+03,3.000000000000000000e+00,4.329008119534207277e-01
8.833333333333332121e+03,4.000000000000000000e+00,4.066248228898569628e-01
8.833333333333332121e+03,5.000000000000000000e+00,3.804136744017719840e-01
8.833333333333332121e+03,6.000000000000000000e+00,3.542851797179971118e-01
8.833333333333332121e+03,7.000000000000000000e+00,3.282566351029416740e-01
8.833333333333332121e+03,8.000000000000000000e+00,3.023447236846957820e-01
8.833333333333332121e+03,9.000000000000000000e+00,2.765654294946906511e-01
8.833333333333332121e+03,1.000000000000000000e+01,2.509339627329566502e-01
8.833333333333332121e+03,1.100000000000000000e+01,2.254646969354217600e-01
8.833333333333332121e+03,1.200000000000000000e+01,2.001711183843200570e-01
8.833333333333332121e+03,1.300000000000000000e+01,1.750657877834032039e-01
8.833333333333332121e+03,1.400000000000000000e+01,1.501603139287183142e-01
8.833333333333332121e+03,1.500000000000000000e+01,1.254653388518655599e-01
8.833333333333332121e+03,1.600000000000000000e+01,1.009905337021487215e-01
8.833333333333332121e+03,1.700000000000000000e+01,7.674460446978892403e-02
8.833333333333332121e+03,1.800000000000000000e+01,5.273530653481922625e-02
8.833333333333332121e+03,1.900000000000000000e+01,2.896946695313989961e-02
8.833333333333332121e+03,2.000000000000000000e+01,5.453013359044578401e-03
8.833333333333332121e+03,2.100000000000000000e+01,-1.780899163306864930e-02
8.833333333333332121e+03,2.200000000000000000e+01,-4.081231161176462896e-02
8.833333333333332121e+03,2.300000000000000000e+01,-6.355349416311012467e-02
8.833333333333332121e+03,2.400000000000000000e+01,-8.602982622847360483e-02
8.833333333333332121e+03,2.500000000000000000e+01,-1.082392878900095279e-01
8.833333333333332121e+03,2.600000000000000000e+01,-1.301805053538097057e-01
8.833333333333332121e+03,2.700000000000000000e+01,-1.518527038031649012e-01
8.833333333333332121e+03,2.800000000000000000e+01,-1.732556606975451108e-01
8.833333333333332121e+03,2.900000000000000000e+01,-1.943896599993009677e-01
8.833333333333332121e+03,3.000000000000000000e+01,-2.152554477219568718e-01
9.000000000000000000e+03,-3.000000000000000000e+01,1.233362491320563636e+00
9.000000000000000000e+03,-2.900000000000000000e+01,1.212763749929772539e+00
9.000000000000000000e+03,-2.800000000000000000e+01,1.191897962207115524e+00
9.000000000000000000e+03,-2.700000000000000000e+01,1.170763962905360556e+00
9.000000000000000000e+03,-2.600000000000000000e+01,1.149361006010978237e+00
9.000000000000000000e+03,-2.500000000000000000e+01,1.127688807561625151e+00
9.000000000000000000e+03,-2.400000000000000000e+01,1.105747590097826194e+00
9.000000000000000000e+03,-2.300000000000000000e+01,1.083538128436288384e+00
9.000000000000000000e+03,-2.200000000000000000e+01,1.061061796370924348e+00
9.000000000000000000e+03,-2.100000000000000000e+01,1.038320613819578853e+00
9.000000000000000000e+03,-2.000000000000000000e+01,1.015317293840883206e+00
9.000000000000000000e+03,-1.900000000000000000e+01,9.920552888487700338e-01
9.000000000000000000e+03,-1.800000000000000000e+01,9.685388352546754342e-01
9.000000000000000000e+03,-1.700000000000000000e+01,9.447729956729942202e-01
9.000000000000000000e+03,-1.600000000000000000e+01,9.207636977380256882e-01
9.000000000000000000e+03,-1.500000000000000000e+01,8.965177685056664458e-01
9.000000000000000000e+03,-1.400000000000000000e+01,8.720429633559489968e-01
9.000000000000000000e+03,-1.300000000000000000e+01,8.473479882790965201e-01
9.000000000000000000e+03,-1.200000000000000000e+01,8.224425144244111863e-01
9.000000000000000000e+03,-1.100000000000000000e+01,7.973371838234948328e-01
9.000000000000000000e+03,-1.000000000000000000e+01,7.720436052723916864e-01
9.000000000000000000e+03,-9.000000000000000000e+00,7.465743394748586281e-01
9.000000000000000000e+03,-8.000000000000000000e+00,7.209428727131227399e-01
9.000000000000000000e+03,-7.000000000000000000e+00,6.951635785231201625e-01
9.000000000000000000e+03,-6.000000000000000000e+00,6.692516671048729382e-01
9.000000000000000000e+03,-5.000000000000000000e+00,6.432231224898191657e-01
9.000000000000000000e+03,-4.000000000000000000e+00,6.170946278060426282e-01
9.000000000000000000e+03,-3.000000000000000000e+00,5.908834793179568168e-01
9.000000000000000000e+03,-2.000000000000000000e+00,5.646074902543936069e-01
9.000000000000000000e+03,-1.000000000000000000e+00,5.382848857628808048e-01
9.000000000000000000e+03,0.000000000000000000e+00,5.119341906213714655e-01
9.000000000000000000e+03,1.000000000000000000e+00,4.855741115864428692e-01
9.000000000000000000e+03,2.000000000000000000e+00,4.592234164449341405e-01
9.000000000000000000e+03,3.000000000000000000e+00,4.329008119534207277e-01
9.000000000000000000e+03,4.000000000000000000e+00,4.066248228898569628e-01
9.000000000000000000e+03,5.000000000000000000e+00,3.804136744017719840e-01
9.000000000000000000e+03,6.000000000000000000e+00,3.542851797179971118e-01
9.000000000000000000e+03,7.000000000000000000e+00,3.282566351029416740e-01
9.000000000000000000e+03,8.000000000000000000e+00,3.023447236846957820e-01
9.000000000000000000e+03,9.000000000000000000e+00,2.765654294946906511e-01
9.000000000000000000e+03,1.000000000000000000e+01,2.509339627329566502e-01
9.000000000000000000e+03,1.100000000000000000e+01,2.254646969354217600e-01
9.000000000000000000e+03,1.200000000000000000e+01,2.001711183843200570e-01
9.000000000000000000e+03,1.300000000000000000e+01,1.750657877834032039e-01
9.000000000000000000e+03,1.400000000000000000e+01,1.501603139287183142e-01
9.000000000000000000e+03,1.500000000000000000e+01,1.254653388518655599e-01
9.000000000000000000e+03,1.600000000000000000e+01,1.009905337021487215e-01
9.000000000000000000e+03,1.700000000000000000e+01,7.674460446978892403e-02
9.000000000000000000e+03,1.800000000000000000e+01,5.273530653481922625e-02
9.000000000000000000e+03,1.900000000000000000e+01,2.896946695313989961e-02
9.000000000000000000e+03,2.000000000000000000e+01,5.453013359044578401e-03
9.000000000000000000e+03,2.100000000000000000e+01,-1.780899163306864930e-02
9.000000000000000000e+03,2.200000000000000000e+01,-4.081231161176462896e-02
9.000000000000000000e+03,2.300000000000000000e+01,-6.355349416311012467e-02
9.000000000000000000e+03,2.400000000000000000e+01,-8.602982622847360483e-02
9.000000000000000000e+03,2.500000000000000000e+01,-1.082392878900095279e-01
9.000000000000000000e+03,2.600000000000000000e+01,-1.301805053538097057e-01
9.000000000000000000e+03,2.700000000000000000e+01,-1.518527038031649012e-01
9.000000000000000000e+03,2.800000000000000000e+01,-1.732556606975451108e-01
9.000000000000000000e+03,2.900000000000000000e+01,-1.943896599993009677e-01
9.000000000000000000e+03,3.000000000000000000e+01,-2.152554477219568718e-01
9.166666666666666060e+03,-3.000000000000000000e+01,1.233362491320563636e+00
9.166666666666666060e+03,-2.900000000000000000e+01,1.212763749929772539e+00
9.166666666666666060e+03,-2.800000000000000000e+01,1.191897962207115524e+00
9.166666666666666060e+03,-2.700000000000000000e+01,1.170763962905360556e+00
9.166666666666666060e+03,-2.600000000000000000e+01,1.149361006010978237e+00
9.166666666666666060e+03,-2.500000000000000000e+01,1.127688807561625151e+00
9.166666666666666060e+03,-2.400000000000000000e+01,1.105747590097826194e+00
9.166666666666666060e+03,-2.300000000000000000e+01,1.083538128436288384e+00
9.166666666666666060e+03,-2.200000000000000000e+01,1.061061796370924348e+00
9.166666666666666060e+03,-2.100000000000000000e+01,1.038320613819578853e+00
9.166666666666666060e+03,-2.000000000000000000e+01,1.015317293840883206e+00
9.166666666666666060e+03,-1.900000000000000000e+01,9.920552888487700338e-01
9.166666666666666060e+03,-1.800000000000000000e+01,9.685388352546754342e-01
9.166666666666666060e+03,-1.700000000000000000e+01,9.447729956729942202e-01
9.166666666666666060e+03,-1.600000000000000000e+01,9.207636977380256882e-01
9.166666666666666060e+03,-1.500000000000000000e+01,8.965177685056664458e-01
9.166666666666666060e+03,-1.400000000000000000e+01,8.720429633559489968e-01
9.166666666666666060e+03,-1.300000000000000000e+01,8.473479882790965201e-01
9.166666666666666060e+03,-1.200000000000000000e+01,8.224425144244111863e-01
9.166666666666666060e+03,-1.100000000000000000e+01,7.973371838234948328e-01
9.166666666666666060e+03,-1.000000000000000000e+01,7.720436052723916864e-01
9.166666666666666060e+03,-9.000000000000000000e+00,7.465743394748586281e-01
9.166666666666666060e+03,-8.000000000000000000e+00,7.209428727131227399e-01
9.166666666666666060e+03,-7.000000000000000000e+00,6.951635785231201625e-01
9.166666666666666060e+03,-6.000000000000000000e+00,6.692516671048729382e-01
9.166666666666666060e+03,-5.000000000000000000e+00,6.432231224898191657e-01
9.166666666666666060e+03,-4.000000000000000000e+00,6.170946278060426282e-01
9.166666666666666060e+03,-3.000000000000000000e+00,5.908834793179568168e-01
9.166666666666666060e+03,-2.000000000000000000e+00,5.646074902543936069e-01
9.166666666666666060e+03,-1.000000000000000000e+00,5.382848857628808048e-01
9.166666666666666060e+03,0.000000000000000000e+00,5.119341906213714655e-01
9.166666666666666060e+03,1.000000000000000000e+00,4.855741115864428692e-01
9.166666666666666060e+03,2.000000000000000000e+00,4.592234164449341405e-01
9.166666666666666060e+03,3.000000000000000000e+00,4.329008119534207277e-01
9.166666666666666060e+03,4.000000000000000000e+00,4.066248228898569628e-01
9.166666666666666060e+03,5.000000000000000000e+00,3.804136744017719840e-01
9.166666666666666060e+03,6.000000000000000000e+00,3.542851797179971118e-01
9.166666666666666060e+03,7.000000000000000000e+00,3.282566351029416740e-01
9.166666666666666060e+03,8.000000000000000000e+00,3.023447236846957820e-01
9.166666666666666060e+03,9.000000000000000000e+00,2.765654294946906511e-01
9.166666666666666060e+03,1.000000000000000000e+01,2.509339627329566502e-01
9.166666666666666060e+03,1.100000000000000000e+01,2.254646969354217600e-01
9.166666666666666060e+03,1.200000000000000000e+01,2.001711183843200570e-01
9.166666666666666060e+03,1.300000000000000000e+01,1.750657877834032039e-01
9.166666666666666060e+03,1.400000000000000000e+01,1.501603139287183142e-01
9.166666666666666060e+03,1.500000000000000000e+01,1.254653388518655599e-01
9.166666666666666060e+03,1.600000000000000000e+01,1.009905337021487215e-01
9.166666666666666060e+03,1.700000000000000000e+01,7.674460446978892403e-02
9.166666666666666060e+03,1.800000000000000000e+01,5.273530653481922625e-02
9.166666666666666060e+03,1.900000000000000000e+01,2.896946695313989961e-02
9.166666666666666060e+03,2.000000000000000000e+01,5.453013359044578401e-03
9.166666666666666060e+03,2.100000000000000000e+01,-1.780899163306864930e-02
9.166666666666666060e+03,2.200000000000000000e+01,-4.081231161176462896e-02
9.166666666666666060e+03,2.300000000000000000e+01,-6.355349416311012467e-02
9.166666666666666060e+03,2.400000000000000000e+01,-8.602982622847360483e-02
9.166666666666666060e+03,2.500000000000000000e+01,-1.082392878900095279e-01
9.166666666666666060e+03,2.600000000000000000e+01,-1.301805053538097057e-01
9.166666666666666060e+03,2.700000000000000000e+01,-1.518527038031649012e-01
9.166666666666666060e+03,2.800000000000000000e+01,-1.732556606975451108e-01
9.166666666666666060e+03,2.900000000000000000e+01,-1.943896599993009677e-01
9.166666666666666060e+03,3.000000000000000000e+01,-2.152554477219568718e-01
9.333333333333332121e+03,-3.000000000000000000e+01,1.233362491320563636e+00
9.333333333333332121e+03,-2.900000000000000000e+01,1.212763749929772539e+00
9.333333333333332121e+03,-2.800000000000000000e+01,1.191897962207115524e+00
9.333333333333332121e+03,-2.700000000000000000e+01,1.170763962905360556e+00
9.333333333333332121e+03,-2.600000000000000000e+01,1.149361006010978237e+00
9.333333333333332121e+03,-2.500000000000000000e+01,1.127688807561625151e+00
9.333333333333332121e+03,-2.400000000000000000e+01,1.105747590097826194e+00
9.333333333333332121e+03,-2.300000000000000000e+01,1.083538128436288384e+00
9.333333333333332121e+03,-2.200000000000000000e+01,1.061061796370924348e+00
9.333333333333332121e+03,-2.100000000000000000e+01,1.038320613819578853e+00
9.333333333333332121e+03,-2.000000000000000000e+01,1.015317293840883206e+00
9.333333333333332121e+03,-1.900000000000000000e+01,9.920552888487700338e-01
9.333333333333332121e+03,-1.800000000000000000e+01,9.685388352546754342e-01
9.333333333333332121e+03,-1.700000000000000000e+01,9.447729956729942202e-01
9.333333333333332121e+03,-1.600000000000000000e+01,9.207636977380256882e-01
9.333333333333332121e+03,-1.500000000000000000e+01,8.965177685056664458e-01
9.333333333333332121e+03,-1.400000000000000000e+01,8.720429633559489968e-01
9.333333333333332121e+03,-1.300000000000000000e+01,8.473479882790965201e-01
9.333333333333332121e+03,-1.200000000000000000e+01,8.224425144244111863e-01
9.333333333333332121e+03,-1.100000000000000000e+01,7.973371838234948328e-01
9.333333333333332121e+03,-1.000000000000000000e+01,7.720436052723916864e-01
9.333333333333332121e+03,-9.000000000000000000e+00,7.465743394748586281e-01
9.333333333333332121e+03,-8.000000000000000000e+00,7.209428727131227399e-01
9.333333333333332121e+03,-7.000000000000000000e+00,6.951635785231201625e-01
9.333333333333332121e+03,-6.000000000000000000e+00,6.692516671048729382e-01
9.333333333333332121e+03,-5.000000000000000000e+00,6.432231224898191657e-01
9.333333333333332121e+03,-4.000000000000000000e+00,6.170946278060426282e-01
9.333333333333332121e+03,-3.000000000000000000e+00,5.908834793179568168e-01
9.333333333333332121e+03,-2.000000000000000000e+00,5.646074902543936069e-01
9.333333333333332121e+03,-1.000000000000000000e+00,5.382848857628808048e-01
9.333333333333332121e+03,0.000000000000000000e+00,5.119341906213714655e-01
9.333333333333332121e+03,1.000000000000000000e+00,4.855741115864428692e-01
9.333333333333332121e+03,2.000000000000000000e+00,4.592234164449341405e-01
9.333333333333332121e+03,3.000000000000000000e+00,4.329008119534207277e-01
9.333333333333332121e+03,4.000000000000000000e+00,4.066248228898569628e-01
9.333333333333332121e+03,5.000000000000000000e+00,3.804136744017719840e-01
9.333333333333332121e+03,6.000000000000000000e+00,3.542851797179971118e-01
9.333333333333332121e+03,7.000000000000000000e+00,3.282566351029416740e-01
9.333333333333332121e+03,8.000000000000000000e+00,3.023447236846957820e-01
9.333333333333332121e+03,9.000000000000000000e+00,2.765654294946906511e-01
9.333333333333332121e+03,1.000000000000000000e+01,2.509339627329566502e-01
9.333333333333332121e+03,1.100000000000000000e+01,2.254646969354217600e-01
9.333333333333332121e+03,1.200000000000000000e+01,2.001711183843200570e-01
9.333333333333332121e+03,1.300000000000000000e+01,1.750657877834032039e-01
9.333333333333332121e+03,1.400000000000000000e+01,1.501603139287183142e-01
9.333333333333332121e+03,1.500000000000000000e+01,1.254653388518655599e-01
9.333333333333332121e+03,1.600000000000000000e+01,1.009905337021487215e-01
9.333333333333332121e+03,1.700000000000000000e+01,7.674460446978892403e-02
9.333333333333332121e+03,1.800000000000000000e+01,5.273530653481922625e-02
9.333333333333332121e+03,1.900000000000000000e+01,2.896946695313989961e-02
9.333333333333332121e+03,2.000000000000000000e+01,5.453013359044578401e-03
9.333333333333332121e+03,2.100000000000000000e+01,-1.780899163306864930e-02
9.333333333333332121e+03,2.200000000000000000e+01,-4.081231161176462896e-02
9.333333333333332121e+03,2.300000000000000000e+01,-6.355349416311012467e-02
9.333333333333332121e+03,2.400000000000000000e+01,-8.602982622847360483e-02
9.333333333333332121e+03,2.500000000000000000e+01,-1.082392878900095279e-01
9.333333333333332121e+03,2.600000000000000000e+01,-1.301805053538097057e-01
9.333333333333332121e+03,2.700000000000000000e+01,-1.518527038031649012e-01
9.333333333333332121e+03,2.800000000000000000e+01,-1.732556606975451108e-01
9.333333333333332121e+03,2.900000000000000000e+01,-1.943896599993009677e-01
9.333333333333332121e+03,3.000000000000000000e+01,-2.152554477219568718e-01
9.500000000000000000e+03,-3.000000000000000000e+01,1.233362491320563636e+00
9.500000000000000000e+03,-2.900000000000000000e+01,1.212763749929772539e+00
9.500000000000000000e+03,-2.800000000000000000e+01,1.191897962207115524e+00
9.500000000000000000e+03,-2.700000000000000000e+01,1.170763962905360556e+00
9.500000000000000000e+03,-2.600000000000000000e+01,1.149361006010978237e+00
9.500000000000000000e+03,-2.500000000000000000e+01,1.127688807561625151e+00
9.500000000000000000e+03,-2.400000000000000000e+01,1.105747590097826194e+00
9.500000000000000000e+03,-2.300000000000000000e+01,1.083538128436288384e+00
9.500000000000000000e+03,-2.200000000000000000e+01,1.061061796370924348e+00
9.500000000000000000e+03,-2.100000000000000000e+01,1.038320613819578853e+00
9.500000000000000000e+03,-2.000000000000000000e+01,1.015317293840883206e+00
9.500000000000000000e+03,-1.900000000000000000e+01,9.920552888487700338e-01
9.500000000000000000e+03,-1.800000000000000000e+01,9.685388352546754342e-01
9.500000000000000000e+03,-1.700000000000000000e+01,9.447729956729942202e-01
9.500000000000000000e+03,-1.600000000000000000e+01,9.207636977380256882e-01
9.500000000000000000e+03,-1.500000000000000000e+01,8.965177685056664458e-01
9.500000000000000000e+03,-1.400000000000000000e+01,8.720429633559489968e-01
9.500000000000000000e+03,-1.300000000000000000e+01,8.473479882790965201e-01
9.500000000000000000e+03,-1.200000000000000000e+01,8.224425144244111863e-01
9.500000000000000000e+03,-1.100000000000000000e+01,7.973371838234948328e-01
9.500000000000000000e+03,-1.000000000000000000e+01,7.720436052723916864e-01
9.500000000000000000e+03,-9.000000000000000000e+00,7.465743394748586281e-01
9.500000000000000000e+03,-8.000000000000000000e+00,7.209428727131227399e-01
9.500000000000000000e+03,-7.000000000000000000e+00,6.951635785231201625e-01
9.500000000000000000e+03,-6.000000000000000000e+00,6.692516671048729382e-01
9.500000000000000000e+03,-5.000000000000000000e+00,6.432231224898191657e-01
9.500000000000000000e+03,-4.000000000000000000e+00,6.170946278060426282e-01
9.500000000000000000e+03,-3.000000000000000000e+00,5.908834793179568168e-01
9.500000000000000000e+03,-2.000000000000000000e+00,5.646074902543936069e-01
9.500000000000000000e+03,-1.000000000000000000e+00,5.382848857628808048e-01
9.500000000000000000e+03,0.000000000000000000e+00,5.119341906213714655e-01
9.500000000000000000e+03,1.000000000000000000e+00,4.855741115864428692e-01
9.500000000000000000e+03,2.000000000000000000e+00,4.592234164449341405e-01
9.500000000000000000e+03,3.000000000000000000e+00,4.329008119534207277e-01
9.500000000000000000e+03,4.000000000000000000e+00,4.066248228898569628e-01
9.500000000000000000e+03,5.000000000000000000e+00,3.804136744017719840e-01
9.500000000000000000e+03,6.000000000000000000e+00,3.542851797179971118e-01
9.500000000000000000e+03,7.000000000000000000e+00,3.282566351029416740e-01
9.500000000000000000e+03,8.000000000000000000e+00,3.023447236846957820e-01
9.500000000000000000e+03,9.000000000000000000e+00,2.765654294946906511e-01
9.500000000000000000e+03,1.000000000000000000e+01,2.509339627329566502e-01
9.500000000000000000e+03,1.100000000000000000e+01,2.254646969354217600e-01
9.500000000000000000e+03,1.200000000000000000e+01,2.001711183843200570e-01
9.500000000000000000e+03,1.300000000000000000e+01,1.750657877834032039e-01
9.500000000000000000e+03,1.400000000000000000e+01,1.501603139287183142e-01
9.500000000000000000e+03,1.500000000000000000e+01,1.254653388518655599e-01
9.500000000000000000e+03,1.600000000000000000e+01,1.009905337021487215e-01
9.500000000000000000e+03,1.700000000000000000e+01,7.674460446978892403e-02
9.500000000000000000e+03,1.800000000000000000e+01,5.273530653481922625e-02
9.500000000000000000e+03,1.900000000000000000e+01,2.896946695313989961e-02
9.500000000000000000e+03,2.000000000000000000e+01,5.453013359044578401e-03
9.500000000000000000e+03,2.100000000000000000e+01,-1.780899163306864930e-02
9.500000000000000000e+03,2.200000000000000000e+01,-4.081231161176462896e-02
9.500000000000000000e+03,2.300000000000000000e+01,-6.355349416311012467e-02
9.500000000000000000e+03,2.400000000000000000e+01,-8.602982622847360483e-02
9.500000000000000000e+03,2.500000000000000000e+01,-1.082392878900095279e-01
9.500000000000000000e+03,2.600000000000000000e+01,-1.301805053538097057e-01
9.500000000000000000e+03,2.700000000000000000e+01,-1.518527038031649012e-01
9.500000000000000000e+03,2.800000000000000000e+01,-1.732556606975451108e-01
9.500000000000000000e+03,2.900000000000000000e+01,-1.943896599993009677e-01
9.500000000000000000e+03,3.000000000000000000e+01,-2.152554477219568718e-01
9.666666666666666060e+03,-3.000000000000000000e+01,1.233362491320563636e+00
9.666666666666666060e+03,-2.900000000000000000e+01,1.212763749929772539e+00
9.666666666666666060e+03,-2.800000000000000000e+01,1.191897962207115524e+00
9.666666666666666060e+03,-2.700000000000000000e+01,1.170763962905360556e+00
9.666666666666666060e+03,-2.600000000000000000e+01,1.149361006010978237e+00
9.666666666666666060e+03,-2.500000000000000000e+01,1.127688807561625151e+00
9.666666666666666060e+03,-2.400000000000000000e+01,1.105747590097826194e+00
9.666666666666666060e+03,-2.300000000000000000e+01,1.083538128436288384e+00
9.666666666666666060e+03,-2.200000000000000000e+01,1.061061796370924348e+00
9.666666666666666060e+03,-2.100000000000000000e+01,1.038320613819578853e+00
9.666666666666666060e+03,-2.000000000000000000e+01,1.015317293840883206e+00
9.666666666666666060e+03,-1.900000000000000000e+01,9.920552888487700338e-01
9.666666666666666060e+03,-1.800000000000000000e+01,9.685388352546754342e-01
9.666666666666666060e+03,-1.700000000000000000e+01,9.447729956729942202e-01
9.666666666666666060e+03,-1.600000000000000000e+01,9.207636977380256882e-01
9.666666666666666060e+03,-1.500000000000000000e+01,8.965177685056664458e-01
9.666666666666666060e+03,-1.400000000000000000e+01,8.720429633559489968e-01
9.666666666666666060e+03,-1.300000000000000000e+01,8.473479882790965201e-01
9.666666666666666060e+03,-1.200000000000000000e+01,8.224425144244111863e-01
9.666666666666666060e+03,-1.100000000000000000e+01,7.973371838234948328e-01
9.666666666666666060e+03,-1.000000000000000000e+01,7.720436052723916864e-01
9.666666666666666060e+03,-9.000000000000000000e+00,7.465743394748586281e-01
9.666666666666666060e+03,-8.000000000000000000e+00,7.209428727131227399e-01
9.666666666666666060e+03,-7.000000000000000000e+00,6.951635785231201625e-01
9.666666666666666060e+03,-6.000000000000000000e+00,6.692516671048729382e-01
9.666666666666666060e+03,-5.000000000000000000e+00,6.432231224898191657e-01
9.666666666666666060e+03,-4.000000000000000000e+00,6.170946278060426282e-01
9.666666666666666060e+03,-3.000000000000000000e+00,5.908834793179568168e-01
9.666666666666666060e+03,-2.000000000000000000e+00,5.646074902543936069e-01
9.666666666666666060e+03,-1.000000000000000000e+00,5.382848857628808048e-01
9.666666666666666060e+03,0.000000000000000000e+00,5.119341906213714655e-01
9.666666666666666060e+03,1.000000000000000000e+00,4.855741115864428692e-01
9.666666666666666060e+03,2.000000000000000000e+00,4.592234164449341405e-01
9.666666666666666060e+03,3.000000000000000000e+00,4.329008119534207277e-01
9.666666666666666060e+03,4.000000000000000000e+00,4.066248228898569628e-01
9.666666666666666060e+03,5.000000000000000000e+00,3.804136744017719840e-01
9.666666666666666060e+03,6.000000000000000000e+00,3.542851797179971118e-01
9.666666666666666060e+03,7.000000000000000000e+00,3.282566351029416740e-01
9.666666666666666060e+03,8.000000000000000000e+00,3.023447236846957820e-01
9.666666666666666060e+03,9.000000000000000000e+00,2.765654294946906511e-01
9.666666666666666060e+03,1.000000000000000000e+01,2.509339627329566502e-01
9.666666666666666060e+03,1.100000000000000000e+01,2.254646969354217600e-01
9.666666666666666060e+03,1.200000000000000000e+01,2.001711183843200570e-01
9.666666666666666060e+03,1.300000000000000000e+01,1.750657877834032039e-01
9.666666666666666060e+03,1.400000000000000000e+01,1.501603139287183142e-01
9.666666666666666060e+03,1.500000000000000000e+01,1.254653388518655599e-01
9.666666666666666060e+03,1.600000000000000000e+01,1.009905337021487215e-01
9.666666666666666060e+03,1.700000000000000000e+01,7.674460446978892403e-02
9.666666666666666060e+03,1.800000000000000000e+01,5.273530653481922625e-02
9.666666666666666060e+03,1.900000000000000000e+01,2.896946695313989961e-02
9.666666666666666060e+03,2.000000000000000000e+01,5.453013359044578401e-03
9.666666666666666060e+03,2.100000000000000000e+01,-1.780899163306864930e-02
9.666666666666666060e+03,2.200000000000000000e+01,-4.081231161176462896e-02
9.666666666666666060e+03,2.300000000000000000e+01,-6.355349416311012467e-02
9.666666666666666060e+03,2.400000000000000000e+01,-8.602982622847360483e-02
9.666666666666666060e+03,2.500000000000000000e+01,-1.082392878900095279e-01
9.666666666666666060e+03,2.600000000000000000e+01,-1.301805053538097057e-01
9.666666666666666060e+03,2.700000000000000000e+01,-1.518527038031649012e-01
9.666666666666666060e+03,2.800000000000000000e+01,-1.732556606975451108e-01
9.666666666666666060e+03,2.900000000000000000e+01,-1.943896599993009677e-01
9.666666666666666060e+03,3.000000000000000000e+01,-2.152554477219568718e-01
9.833333333333332121e+03,-3.000000000000000000e+01,1.233362491320563636e+00
9.833333333333332121e+03,-2.900000000000000000e+01,1.212763749929772539e+00
9.833333333333332121e+03,-2.800000000000000000e+01,1.191897962207115524e+00
9.833333333333332121e+03,-2.700000000000000000e+01,1.170763962905360556e+00
9.833333333333332121e+03,-2.600000000000000000e+01,1.149361006010978237e+00
9.833333333333332121e+03,-2.500000000000000000e+01,1.127688807561625151e+00
9.833333333333332121e+03,-2.400000000000000000e+01,1.105747590097826194e+00
9.833333333333332121e+03,-2.300000000000000000e+01,1.083538128436288384e+00
9.833333333333332121e+03,-2.200000000000000000e+01,1.061061796370924348e+00
9.833333333333332121e+03,-2.100000000000000000e+01,1.038320613819578853e+00
9.833333333333332121e+03,-2.000000000000000000e+01,1.015317293840883206e+00
9.833333333333332121e+03,-1.900000000000000000e+01,9.920552888487700338e-01
9.833333333333332121e+03,-1.800000000000000000e+01,9.685388352546754342e-01
9.833333333333332121e+03,-1.700000000000000000e+01,9.447729956729942202e-01
9.833333333333332121e+03,-1.600000000000000000e+01,9.207636977380256882e-01
9.833333333333332121e+03,-1.500000000000000000e+01,8.965177685056664458e-01
9.833333333333332121e+03,-1.400000000000000000e+01,8.720429633559489968e-01
9.833333333333332121e+03,-1.300000000000000000e+01,8.473479882790965201e-01
9.833333333333332121e+03,-1.200000000000000000e+01,8.224425144244111863e-01
9.833333333333332121e+03,-1.100000000000000000e+01,7.973371838234948328e-01
9.833333333333332121e+03,-1.000000000000000000e+01,7.720436052723916864e-01
9.833333333333332121e+03,-9.000000000000000000e+00,7.465743394748586281e-01
9.833333333333332121e+03,-8.000000000000000000e+00,7.209428727131227399e-01
9.833333333333332121e+03,-7.000000000000000000e+00,6.951635785231201625e-01
9.833333333333332121e+03,-6.000000000000000000e+00,6.692516671048729382e-01
9.833333333333332121e+03,-5.000000000000000000e+00,6.432231224898191657e-01
9.833333333333332121e+03,-4.000000000000000000e+00,6.170946278060426282e-01
9.833333333333332121e+03,-3.000000000000000000e+00,5.908834793179568168e-01
9.833333333333332121e+03,-2.000000000000000000e+00,5.646074902543936069e-01
9.833333333333332121e+03,-1.000000000000000000e+00,5.382848857628808048e-01
9.833333333333332121e+03,0.000000000000000000e+00,5.119341906213714655e-01
9.833333333333332121e+03,1.000000000000000000e+00,4.855741115864428692e-01
9.833333333333332121e+03,2.000000000000000000e+00,4.592234164449341405e-01
9.833333333333332121e+03,3.000000000000000000e+00,4.329008119534207277e-01
9.833333333333332121e+03,4.000000000000000000e+00,4.066248228898569628e-01
9.833333333333332121e+03,5.000000000000000000e+00,3.804136744017719840e-01
9.833333333333332121e+03,6.000000000000000000e+00,3.542851797179971118e-01
9.833333333333332121e+03,7.000000000000000000e+00,3.282566351029416740e-01
9.833333333333332121e+03,8.000000000000000000e+00,3.023447236846957820e-01
9.833333333333332121e+03,9.000000000000000000e+00,2.765654294946906511e-01
9.833333333333332121e+03,1.000000000000000000e+01,2.509339627329566502e-01
9.833333333333332121e+03,1.100000000000000000e+01,2.254646969354217600e-01
9.833333333333332121e+03,1.200000000000000000e+01,2.001711183843200570e-01
9.833333333333332121e+03,1.300000000000000000e+01,1.750657877834032039e-01
9.833333333333332121e+03,1.400000000000000000e+01,1.501603139287183142e-01
9.833333333333332121e+03,1.500000000000000000e+01,1.254653388518655599e-01
9.833333333333332121e+03,1.600000000000000000e+01,1.009905337021487215e-01
9.833333333333332121e+03,1.700000000000000000e+01,7.674460446978892403e-02
9.833333333333332121e+03,1.800000000000000000e+01,5.273530653481922625e-02
9.833333333333332121e+03,1.900000000000000000e+01,2.896946695313989961e-02
9.833333333333332121e+03,2.000000000000000000e+01,5.453013359044578401e-03
9.833333333333332121e+03,2.100000000000000000e+01,-1.780899163306864930e-02
9.833333333333332121e+03,2.200000000000000000e+01,-4.081231161176462896e-02
9.833333333333332121e+03,2.300000000000000000e+01,-6.355349416311012467e-02
9.833333333333332121e+03,2.400000000000000000e+01,-8.602982622847360483e-02
9.833333333333332121e+03,2.500000000000000000e+01,-1.082392878900095279e-01
9.833333333333332121e+03,2.600000000000000000e+01,-1.301805053538097057e-01
9.833333333333332121e+03,2.700000000000000000e+01,-1.518527038031649012e-01
9.833333333333332121e+03,2.800000000000000000e+01,-1.732556606975451108e-01
9.833333333333332121e+03,2.900000000000000000e+01,-1.943896599993009677e-01
9.833333333333332121e+03,3.000000000000000000e+01,-2.152554477219568718e-01
1.000000000000000000e+04,-3.000000000000000000e+01,1.233362491320563636e+00
1.000000000000000000e+04,-2.900000000000000000e+01,1.212763749929772539e+00
1.000000000000000000e+04,-2.800000000000000000e+01,1.191897962207115524e+00
1.000000000000000000e+04,-2.700000000000000000e+01,1.170763962905360556e+00
1.000000000000000000e+04,-2.600000000000000000e+01,1.149361006010978237e+00
1.000000000000000000e+04,-2.500000000000000000e+01,1.127688807561625151e+00
1.000000000000000000e+04,-2.400000000000000000e+01,1.105747590097826194e+00
1.000000000000000000e+04,-2.300000000000000000e+01,1.083538128436288384e+00
1.000000000000000000e+04,-2.200000000000000000e+01,1.061061796370924348e+00
1.000000000000000000e+04,-2.100000000000000000e+01,1.038320613819578853e+00
1.000000000000000000e+04,-2.000000000000000000e+01,1.015317293840883206e+00
1.000000000000000000e+04,-1.900000000000000000e+01,9.920552888487700338e-01
1.000000000000000000e+04,-1.800000000000000000e+01,9.685388352546754342e-01
1.000000000000000000e+04,-1.700000000000000000e+01,9.447729956729942202e-01
1.000000000000000000e+04,-1.600000000000000000e+01,9.207636977380256882e-01
1.000000000000000000e+04,-1.500000000000000000e+01,8.965177685056664458e-01
1.000000000000000000e+04,-1.400000000000000000e+01,8.720429633559489968e-01
1.000000000000000000e+04,-1.300000000000000000e+01,8.473479882790965201e-01
1.000000000000000000e+04,-1.200000000000000000e+01,8.224425144244111863e-01
1.000000000000000000e+04,-1.100000000000000000e+01,7.973371838234948328e-01
1.000000000000000000e+04,-1.000000000000000000e+01,7.720436052723916864e-01
1.000000000000000000e+04,-9.000000000000000000e+00,7.465743394748586281e-01
1.000000000000000000e+04,-8.000000000000000000e+00,7.209428727131227399e-01
1.000000000000000000e+04,-7.000000000000000000e+00,6.951635785231201625e-01
1.000000000000000000e+04,-6.000000000000000000e+00,6.692516671048729382e-01
1.000000000000000000e+04,-5.000000000000000000e+00,6.432231224898191657e-01
1.000000000000000000e+04,-4.000000000000000000e+00,6.170946278060426282e-01
1.000000000000000000e+04,-3.000000000000000000e+00,5.908834793179568168e-01
1.000000000000000000e+04,-2.000000000000000000e+00,5.646074902543936069e-01
1.000000000000000000e+04,-1.000000000000000000e+00,5.382848857628808048e-01
1.000000000000000000e+04,0.000000000000000000e+00,5.119341906213714655e-01
1.000000000000000000e+04,1.000000000000000000e+00,4.855741115864428692e-01
1.000000000000000000e+04,2.000000000000000000e+00,4.592234164449341405e-01
1.000000000000000000e+04,3.000000000000000000e+00,4.329008119534207277e-01
1.000000000000000000e+04,4.000000000000000000e+00,4.066248228898569628e-01
1.000000000000000000e+04,5.000000000000000000e+00,3.804136744017719840e-01
1.000000000000000000e+04,6.000000000000000000e+00,3.542851797179971118e-01
1.000000000000000000e+04,7.000000000000000000e+00,3.282566351029416740e-01
1.000000000000000000e+04,8.000000000000000000e+00,3.023447236846957820e-01
1.000000000000000000e+04,9.000000000000000000e+00,2.765654294946906511e-01
1.000000000000000000e+04,1.000000000000000000e+01,2.509339627329566502e-01
1.000000000000000000e+04,1.100000000000000000e+01,2.254646969354217600e-01
1.000000000000000000e+04,1.200000000000000000e+01,2.001711183843200570e-01
1.000000000000000000e+04,1.300000000000000000e+01,1.750657877834032039e-01
1.000000000000000000e+04,1.400000000000000000e+01,1.501603139287183142e-01
1.000000000000000000e+04,1.500000000000000000e+01,1.254653388518655599e-01
1.000000000000000000e+04,1.600000000000000000e+01,1.009905337021487215e-01
1.000000000000000000e+04,1.700000000000000000e+01,7.674460446978892403e-02
1.000000000000000000e+04,1.800000000000000000e+01,5.273530653481922625e-02
1.000000000000000000e+04,1.900000000000000000e+01,2.896946695313989961e-02
1.000000000000000000e+04,2.000000000000000000e+01,5.453013359044578401e-03
1.000000000000000000e+04,2.100000000000000000e+01,-1.780899163306864930e-02
1.000000000000000000e+04,2.200000000000000000e+01,-4.081231161176462896e-02
1.000000000000000000e+04,2.300000000000000000e+01,-6.355349416311012467e-02
1.000000000000000000e+04,2.400000000000000000e+01,-8.602982622847360483e-02
1.000000000000000000e+04,2.500000000000000000e+01,-1.082392878900095279e-01
1.000000000000000000e+04,2.600000000000000000e+01,-1.301805053538097057e-01
1.000000000000000000e+04,2.700000000000000000e+01,-1.518527038031649012e-01
1.000000000000000000e+04,2.800000000000000000e+01,-1.732556606975451108e-01
1.000000000000000000e+04,2.900000000000000000e+01,-1.943896599993009677e-01
1.000000000000000000e+04,3.000000000000000000e+01,-2.152554477219568718e-01
