tau,q,spread
0.000000000000000000e+00,-3.000000000000000000e+01,9.975083022078147232e-01
0.000000000000000000e+00,-2.900000000000000000e+01,9.975083022078147232e-01
0.000000000000000000e+00,-2.800000000000000000e+01,9.975083022078147232e-01
0.000000000000000000e+00,-2.700000000000000000e+01,9.975083022078147232e-01
0.000000000000000000e+00,-2.600000000000000000e+01,9.975083022078147232e-01
0.000000000000000000e+00,-2.500000000000000000e+01,9.975083022078147232e-01
0.000000000000000000e+00,-2.400000000000000000e+01,9.975083022078147232e-01
0.000000000000000000e+00,-2.300000000000000000e+01,9.975083022078147232e-01
0.000000000000000000e+00,-2.200000000000000000e+01,9.975083022078147232e-01
0.000000000000000000e+00,-2.100000000000000000e+01,9.975083022078147232e-01
0.000000000000000000e+00,-2.000000000000000000e+01,9.975083022078147232e-01
0.000000000000000000e+00,-1.900000000000000000e+01,9.975083022078147232e-01
0.000000000000000000e+00,-1.800000000000000000e+01,9.975083022078147232e-01
0.000000000000000000e+00,-1.700000000000000000e+01,9.975083022078147232e-01
0.000000000000000000e+00,-1.600000000000000000e+01,9.975083022078147232e-01
0.000000000000000000e+00,-1.500000000000000000e+01,9.975083022078147232e-01
0.000000000000000000e+00,-1.400000000000000000e+01,9.975083022078147232e-01
0.000000000000000000e+00,-1.300000000000000000e+01,9.975083022078147232e-01
0.000000000000000000e+00,-1.200000000000000000e+01,9.975083022078147232e-01
0.000000000000000000e+00,-1.100000000000000000e+01,9.975083022078147232e-01
0.000000000000000000e+00,-1.000000000000000000e+01,9.975083022078147232e-01
0.000000000000000000e+00,-9.000000000000000000e+00,9.975083022078147232e-01
0.000000000000000000e+00,-8.000000000000000000e+00,9.975083022078147232e-01
0.000000000000000000e+00,-7.000000000000000000e+00,9.975083022078147232e-01
0.000000000000000000e+00,-6.000000000000000000e+00,9.975083022078147232e-01
0.000000000000000000e+00,-5.000000000000000000e+00,9.975083022078147232e-01
0.000000000000000000e+00,-4.000000000000000000e+00,9.975083022078147232e-01
0.000000000000000000e+00,-3.000000000000000000e+00,9.975083022078147232e-01
0.000000000000000000e+00,-2.000000000000000000e+00,9.975083022078147232e-01
0.000000000000000000e+00,-1.000000000000000000e+00,9.975083022078147232e-01
0.000000000000000000e+00,0.000000000000000000e+00,9.975083022078147232e-01
0.000000000000000000e+00,1.000000000000000000e+00,9.975083022078147232e-01
0.000000000000000000e+00,2.000000000000000000e+00,9.975083022078147232e-01
0.000000000000000000e+00,3.000000000000000000e+00,9.975083022078147232e-01
0.000000000000000000e+00,4.000000000000000000e+00,9.975083022078147232e-01
0.000000000000000000e+00,5.000000000000000000e+00,9.975083022078147232e-01
0.000000000000000000e+00,6.000000000000000000e+00,9.975083022078147232e-01
0.000000000000000000e+00,7.000000000000000000e+00,9.975083022078147232e-01
0.000000000000000000e+00,8.000000000000000000e+00,9.975083022078147232e-01
0.000000000000000000e+00,9.000000000000000000e+00,9.975083022078147232e-01
0.000000000000000000e+00,1.000000000000000000e+01,9.975083022078147232e-01
0.000000000000000000e+00,1.100000000000000000e+01,9.975083022078147232e-01
0.000000000000000000e+00,1.200000000000000000e+01,9.975083022078147232e-01
0.000000000000000000e+00,1.300000000000000000e+01,9.975083022078147232e-01
0.000000000000000000e+00,1.400000000000000000e+01,9.975083022078147232e-01
0.000000000000000000e+00,1.500000000000000000e+01,9.975083022078147232e-01
0.000000000000000000e+00,1.600000000000000000e+01,9.975083022078147232e-01
0.000000000000000000e+00,1.700000000000000000e+01,9.975083022078147232e-01
0.000000000000000000e+00,1.800000000000000000e+01,9.975083022078147232e-01
0.000000000000000000e+00,1.900000000000000000e+01,9.975083022078147232e-01
0.000000000000000000e+00,2.000000000000000000e+01,9.975083022078147232e-01
0.000000000000000000e+00,2.100000000000000000e+01,9.975083022078147232e-01
0.000000000000000000e+00,2.200000000000000000e+01,9.975083022078147232e-01
0.000000000000000000e+00,2.300000000000000000e+01,9.975083022078147232e-01
0.000000000000000000e+00,2.400000000000000000e+01,9.975083022078147232e-01
0.000000000000000000e+00,2.500000000000000000e+01,9.975083022078147232e-01
0.000000000000000000e+00,2.600000000000000000e+01,9.975083022078147232e-01
0.000000000000000000e+00,2.700000000000000000e+01,9.975083022078147232e-01
0.000000000000000000e+00,2.800000000000000000e+01,9.975083022078147232e-01
0.000000000000000000e+00,2.900000000000000000e+01,9.975083022078147232e-01
0.000000000000000000e+00,3.000000000000000000e+01,9.975083022078147232e-01
1.667500000000000000e+02,-3.000000000000000000e+01,1.019626579963684776e+00
1.667500000000000000e+02,-2.900000000000000000e+01,1.019988941919669045e+00
1.667500000000000000e+02,-2.800000000000000000e+01,1.020355353554124989e+00
1.667500000000000000e+02,-2.700000000000000000e+01,1.020725207665993395e+00
1.667500000000000000e+02,-2.600000000000000000e+01,1.021097811050408311e+00
1.667500000000000000e+02,-2.500000000000000000e+01,1.021472380564686588e+00
1.667500000000000000e+02,-2.400000000000000000e+01,1.021848040207258279e+00
1.667500000000000000e+02,-2.300000000000000000e+01,1.022223819479536999e+00
1.667500000000000000e+02,-2.200000000000000000e+01,1.022598653303910865e+00
1.667500000000000000e+02,-2.100000000000000000e+01,1.022971383760272523e+00
1.667500000000000000e+02,-2.000000000000000000e+01,1.023340763872687909e+00
1.667500000000000000e+02,-1.900000000000000000e+01,1.023705463627279322e+00
1.667500000000000000e+02,-1.800000000000000000e+01,1.024064078329816496e+00
1.667500000000000000e+02,-1.700000000000000000e+01,1.024415139317824242e+00
1.667500000000000000e+02,-1.600000000000000000e+01,1.024757126933834250e+00
1.667500000000000000e+02,-1.500000000000000000e+01,1.025088485547040129e+00
1.667500000000000000e+02,-1.400000000000000000e+01,1.025407640293482192e+00
1.667500000000000000e+02,-1.300000000000000000e+01,1.025713015098073555e+00
1.667500000000000000e+02,-1.200000000000000000e+01,1.026003051459293491e+00
1.667500000000000000e+02,-1.100000000000000000e+01,1.026276227428249754e+00
1.667500000000000000e+02,-1.000000000000000000e+01,1.026531076205943638e+00
1.667500000000000000e+02,-9.000000000000000000e+00,1.026766203818319179e+00
1.667500000000000000e+02,-8.000000000000000000e+00,1.026980305405297278e+00
1.667500000000000000e+02,-7.000000000000000000e+00,1.027172179769145322e+00
1.667500000000000000e+02,-6.000000000000000000e+00,1.027340741957168957e+00
1.667500000000000000e+02,-5.000000000000000000e+00,1.027485033788408941e+00
1.667500000000000000e+02,-4.000000000000000000e+00,1.027604232359360825e+00
1.667500000000000000e+02,-3.000000000000000000e+00,1.027697656665990555e+00
1.667500000000000000e+02,-2.000000000000000000e+00,1.027764772549295769e+00
1.667500000000000000e+02,-1.000000000000000000e+00,1.027805196204055083e+00
1.667500000000000000e+02,0.000000000000000000e+00,1.027818696484877892e+00
1.667500000000000000e+02,1.000000000000000000e+00,1.027805196204055083e+00
1.667500000000000000e+02,2.000000000000000000e+00,1.027764772549295769e+00
1.667500000000000000e+02,3.000000000000000000e+00,1.027697656665990777e+00
1.667500000000000000e+02,4.000000000000000000e+00,1.027604232359360381e+00
1.667500000000000000e+02,5.000000000000000000e+00,1.027485033788409385e+00
1.667500000000000000e+02,6.000000000000000000e+00,1.027340741957169179e+00
1.667500000000000000e+02,7.000000000000000000e+00,1.027172179769145322e+00
1.667500000000000000e+02,8.000000000000000000e+00,1.026980305405295724e+00
1.667500000000000000e+02,9.000000000000000000e+00,1.026766203818319179e+00
1.667500000000000000e+02,1.000000000000000000e+01,1.026531076205941417e+00
1.667500000000000000e+02,1.100000000000000000e+01,1.026276227428252419e+00
1.667500000000000000e+02,1.200000000000000000e+01,1.026003051459291271e+00
1.667500000000000000e+02,1.300000000000000000e+01,1.025713015098075775e+00
1.667500000000000000e+02,1.400000000000000000e+01,1.025407640293480860e+00
1.667500000000000000e+02,1.500000000000000000e+01,1.025088485547041461e+00
1.667500000000000000e+02,1.600000000000000000e+01,1.024757126933837803e+00
1.667500000000000000e+02,1.700000000000000000e+01,1.024415139317824242e+00
1.667500000000000000e+02,1.800000000000000000e+01,1.024064078329809391e+00
1.667500000000000000e+02,1.900000000000000000e+01,1.023705463627283763e+00
1.667500000000000000e+02,2.000000000000000000e+01,1.023340763872679915e+00
1.667500000000000000e+02,2.100000000000000000e+01,1.022971383760281405e+00
1.667500000000000000e+02,2.200000000000000000e+01,1.022598653303909089e+00
1.667500000000000000e+02,2.300000000000000000e+01,1.022223819479531670e+00
1.667500000000000000e+02,2.400000000000000000e+01,1.021848040207265385e+00
1.667500000000000000e+02,2.500000000000000000e+01,1.021472380564684812e+00
1.667500000000000000e+02,2.600000000000000000e+01,1.021097811050404758e+00
1.667500000000000000e+02,2.700000000000000000e+01,1.020725207665995171e+00
1.667500000000000000e+02,2.800000000000000000e+01,1.020355353554130318e+00
1.667500000000000000e+02,2.900000000000000000e+01,1.019988941919654835e+00
1.667500000000000000e+02,3.000000000000000000e+01,1.019626579963686552e+00
3.332500000000000000e+02,-3.000000000000000000e+01,1.019672654952385571e+00
3.332500000000000000e+02,-2.900000000000000000e+01,1.020033698987418802e+00
3.332500000000000000e+02,-2.800000000000000000e+01,1.020398304651109811e+00
3.332500000000000000e+02,-2.700000000000000000e+01,1.020765805254047365e+00
3.332500000000000000e+02,-2.600000000000000000e+01,1.021135447006667363e+00
3.332500000000000000e+02,-2.500000000000000000e+01,1.021506386628225016e+00
3.332500000000000000e+02,-2.400000000000000000e+01,1.021877690361566948e+00
3.332500000000000000e+02,-2.300000000000000000e+01,1.022248334669676240e+00
3.332500000000000000e+02,-2.200000000000000000e+01,1.022617208864235572e+00
3.332500000000000000e+02,-2.100000000000000000e+01,1.022983119868468904e+00
3.332500000000000000e+02,-2.000000000000000000e+01,1.023344799244148007e+00
3.332500000000000000e+02,-1.900000000000000000e+01,1.023700912515207229e+00
3.332500000000000000e+02,-1.800000000000000000e+01,1.024050070704638493e+00
3.332500000000000000e+02,-1.700000000000000000e+01,1.024390843872895474e+00
3.332500000000000000e+02,-1.600000000000000000e+01,1.024721776318087585e+00
3.332500000000000000e+02,-1.500000000000000000e+01,1.025041402982922012e+00
3.332500000000000000e+02,-1.400000000000000000e+01,1.025348266526185714e+00
3.332500000000000000e+02,-1.300000000000000000e+01,1.025640934468274423e+00
3.332500000000000000e+02,-1.200000000000000000e+01,1.025918015819460738e+00
3.332500000000000000e+02,-1.100000000000000000e+01,1.026178176648181894e+00
3.332500000000000000e+02,-1.000000000000000000e+01,1.026420154138475649e+00
3.332500000000000000e+02,-9.000000000000000000e+00,1.026642768811258932e+00
3.332500000000000000e+02,-8.000000000000000000e+00,1.026844934727129122e+00
3.332500000000000000e+02,-7.000000000000000000e+00,1.027025667633331585e+00
3.332500000000000000e+02,-6.000000000000000000e+00,1.027184091148619860e+00
3.332500000000000000e+02,-5.000000000000000000e+00,1.027319441186171245e+00
3.332500000000000000e+02,-4.000000000000000000e+00,1.027431068888766008e+00
3.332500000000000000e+02,-3.000000000000000000e+00,1.027518442390453757e+00
3.332500000000000000e+02,-2.000000000000000000e+00,1.027581147725833866e+00
3.332500000000000000e+02,-1.000000000000000000e+00,1.027618889186618478e+00
3.332500000000000000e+02,0.000000000000000000e+00,1.027631489380608443e+00
3.332500000000000000e+02,1.000000000000000000e+00,1.027618889186618922e+00
3.332500000000000000e+02,2.000000000000000000e+00,1.027581147725834310e+00
3.332500000000000000e+02,3.000000000000000000e+00,1.027518442390455089e+00
3.332500000000000000e+02,4.000000000000000000e+00,1.027431068888765564e+00
3.332500000000000000e+02,5.000000000000000000e+00,1.027319441186170801e+00
3.332500000000000000e+02,6.000000000000000000e+00,1.027184091148620304e+00
3.332500000000000000e+02,7.000000000000000000e+00,1.027025667633332029e+00
3.332500000000000000e+02,8.000000000000000000e+00,1.026844934727127345e+00
3.332500000000000000e+02,9.000000000000000000e+00,1.026642768811257822e+00
3.332500000000000000e+02,1.000000000000000000e+01,1.026420154138478091e+00
3.332500000000000000e+02,1.100000000000000000e+01,1.026178176648180784e+00
3.332500000000000000e+02,1.200000000000000000e+01,1.025918015819459850e+00
3.332500000000000000e+02,1.300000000000000000e+01,1.025640934468275312e+00
3.332500000000000000e+02,1.400000000000000000e+01,1.025348266526190155e+00
3.332500000000000000e+02,1.500000000000000000e+01,1.025041402982918015e+00
3.332500000000000000e+02,1.600000000000000000e+01,1.024721776318087585e+00
3.332500000000000000e+02,1.700000000000000000e+01,1.024390843872895474e+00
3.332500000000000000e+02,1.800000000000000000e+01,1.024050070704633164e+00
3.332500000000000000e+02,1.900000000000000000e+01,1.023700912515211670e+00
3.332500000000000000e+02,2.000000000000000000e+01,1.023344799244145342e+00
3.332500000000000000e+02,2.100000000000000000e+01,1.022983119868474233e+00
3.332500000000000000e+02,2.200000000000000000e+01,1.022617208864228466e+00
3.332500000000000000e+02,2.300000000000000000e+01,1.022248334669685121e+00
3.332500000000000000e+02,2.400000000000000000e+01,1.021877690361561619e+00
3.332500000000000000e+02,2.500000000000000000e+01,1.021506386628221463e+00
3.332500000000000000e+02,2.600000000000000000e+01,1.021135447006669139e+00
3.332500000000000000e+02,2.700000000000000000e+01,1.020765805254036707e+00
3.332500000000000000e+02,2.800000000000000000e+01,1.020398304651116916e+00
3.332500000000000000e+02,2.900000000000000000e+01,1.020033698987420578e+00
3.332500000000000000e+02,3.000000000000000000e+01,1.019672654952390900e+00
5.000000000000000000e+02,-3.000000000000000000e+01,1.019674331489840213e+00
5.000000000000000000e+02,-2.900000000000000000e+01,1.020035268384424043e+00
5.000000000000000000e+02,-2.800000000000000000e+01,1.020399743417442551e+00
5.000000000000000000e+02,-2.700000000000000000e+01,1.020767087680161112e+00
5.000000000000000000e+02,-2.600000000000000000e+01,1.021136545243114924e+00
5.000000000000000000e+02,-2.500000000000000000e+01,1.021507270848143634e+00
5.000000000000000000e+02,-2.400000000000000000e+01,1.021878329020820431e+00
5.000000000000000000e+02,-2.300000000000000000e+01,1.022248694876819464e+00
5.000000000000000000e+02,-2.200000000000000000e+01,1.022617256868477043e+00
5.000000000000000000e+02,-2.100000000000000000e+01,1.022982821668915854e+00
5.000000000000000000e+02,-2.000000000000000000e+01,1.023344121315017397e+00
5.000000000000000000e+02,-1.900000000000000000e+01,1.023699822633470369e+00
5.000000000000000000e+02,-1.800000000000000000e+01,1.024048538855799606e+00
5.000000000000000000e+02,-1.700000000000000000e+01,1.024388843201298194e+00
5.000000000000000000e+02,-1.600000000000000000e+01,1.024719284079190107e+00
5.000000000000000000e+02,-1.500000000000000000e+01,1.025038401450072190e+00
5.000000000000000000e+02,-1.400000000000000000e+01,1.025344743802490743e+00
5.000000000000000000e+02,-1.300000000000000000e+01,1.025636885157943379e+00
5.000000000000000000e+02,-1.200000000000000000e+01,1.025913441521252523e+00
5.000000000000000000e+02,-1.100000000000000000e+01,1.026173086245661503e+00
5.000000000000000000e+02,-1.000000000000000000e+01,1.026414563876819619e+00
5.000000000000000000e+02,-9.000000000000000000e+00,1.026636702165182102e+00
5.000000000000000000e+02,-8.000000000000000000e+00,1.026838422078319546e+00
5.000000000000000000e+02,-7.000000000000000000e+00,1.027018745785889253e+00
5.000000000000000000e+02,-6.000000000000000000e+00,1.027176802717109316e+00
5.000000000000000000e+02,-5.000000000000000000e+00,1.027311833892363691e+00
5.000000000000000000e+02,-4.000000000000000000e+00,1.027423194800645811e+00
5.000000000000000000e+02,-3.000000000000000000e+00,1.027510357131405261e+00
5.000000000000000000e+02,-2.000000000000000000e+00,1.027572909674545620e+00
5.000000000000000000e+02,-1.000000000000000000e+00,1.027610558680221997e+00
5.000000000000000000e+02,0.000000000000000000e+00,1.027623127926176938e+00
5.000000000000000000e+02,1.000000000000000000e+00,1.027610558680221997e+00
5.000000000000000000e+02,2.000000000000000000e+00,1.027572909674545842e+00
5.000000000000000000e+02,3.000000000000000000e+00,1.027510357131406149e+00
5.000000000000000000e+02,4.000000000000000000e+00,1.027423194800646034e+00
5.000000000000000000e+02,5.000000000000000000e+00,1.027311833892364579e+00
5.000000000000000000e+02,6.000000000000000000e+00,1.027176802717109982e+00
5.000000000000000000e+02,7.000000000000000000e+00,1.027018745785889031e+00
5.000000000000000000e+02,8.000000000000000000e+00,1.026838422078319768e+00
5.000000000000000000e+02,9.000000000000000000e+00,1.026636702165178994e+00
5.000000000000000000e+02,1.000000000000000000e+01,1.026414563876820063e+00
5.000000000000000000e+02,1.100000000000000000e+01,1.026173086245661059e+00
5.000000000000000000e+02,1.200000000000000000e+01,1.025913441521249858e+00
5.000000000000000000e+02,1.300000000000000000e+01,1.025636885157949596e+00
5.000000000000000000e+02,1.400000000000000000e+01,1.025344743802492076e+00
5.000000000000000000e+02,1.500000000000000000e+01,1.025038401450071301e+00
5.000000000000000000e+02,1.600000000000000000e+01,1.024719284079186998e+00
5.000000000000000000e+02,1.700000000000000000e+01,1.024388843201293753e+00
5.000000000000000000e+02,1.800000000000000000e+01,1.024048538855802271e+00
5.000000000000000000e+02,1.900000000000000000e+01,1.023699822633473033e+00
5.000000000000000000e+02,2.000000000000000000e+01,1.023344121315021837e+00
5.000000000000000000e+02,2.100000000000000000e+01,1.022982821668905196e+00
5.000000000000000000e+02,2.200000000000000000e+01,1.022617256868484148e+00
5.000000000000000000e+02,2.300000000000000000e+01,1.022248694876810582e+00
5.000000000000000000e+02,2.400000000000000000e+01,1.021878329020825760e+00
5.000000000000000000e+02,2.500000000000000000e+01,1.021507270848138305e+00
5.000000000000000000e+02,2.600000000000000000e+01,1.021136545243116700e+00
5.000000000000000000e+02,2.700000000000000000e+01,1.020767087680152230e+00
5.000000000000000000e+02,2.800000000000000000e+01,1.020399743417444327e+00
5.000000000000000000e+02,2.900000000000000000e+01,1.020035268384431149e+00
5.000000000000000000e+02,3.000000000000000000e+01,1.019674331489834884e+00
6.667500000000000000e+02,-3.000000000000000000e+01,1.019674384571823467e+00
6.667500000000000000e+02,-2.900000000000000000e+01,1.020035317323753077e+00
6.667500000000000000e+02,-2.800000000000000000e+01,1.020399787401672143e+00
6.667500000000000000e+02,-2.700000000000000000e+01,1.020767125827964250e+00
6.667500000000000000e+02,-2.600000000000000000e+01,1.021136576608679292e+00
6.667500000000000000e+02,-2.500000000000000000e+01,1.021507294428433354e+00
6.667500000000000000e+02,-2.400000000000000000e+01,1.021878343766310593e+00
6.667500000000000000e+02,-2.300000000000000000e+01,1.022248699705802011e+00
6.667500000000000000e+02,-2.200000000000000000e+01,1.022617250685325274e+00
6.667500000000000000e+02,-2.100000000000000000e+01,1.022982803385878547e+00
6.667500000000000000e+02,-2.000000000000000000e+01,1.023344089877650909e+00
6.667500000000000000e+02,-1.900000000000000000e+01,1.023699777048564741e+00
6.667500000000000000e+02,-1.800000000000000000e+01,1.024048478221247116e+00
6.667500000000000000e+02,-1.700000000000000000e+01,1.024388766736134215e+00
6.667500000000000000e+02,-1.600000000000000000e+01,1.024719191152729802e+00
6.667500000000000000e+02,-1.500000000000000000e+01,1.025038291608234786e+00
6.667500000000000000e+02,-1.400000000000000000e+01,1.025344616789879204e+00
6.667500000000000000e+02,-1.300000000000000000e+01,1.025636740934426250e+00
6.667500000000000000e+02,-1.200000000000000000e+01,1.025913280272040762e+00
6.667500000000000000e+02,-1.100000000000000000e+01,1.026172908384572313e+00
6.667500000000000000e+02,-1.000000000000000000e+01,1.026414370042723956e+00
6.667500000000000000e+02,-9.000000000000000000e+00,1.026636493212361279e+00
6.667500000000000000e+02,-8.000000000000000000e+00,1.026838199061618218e+00
6.667500000000000000e+02,-7.000000000000000000e+00,1.027018509941934443e+00
6.667500000000000000e+02,-6.000000000000000000e+00,1.027176555442912420e+00
6.667500000000000000e+02,-5.000000000000000000e+00,1.027311576722506281e+00
6.667500000000000000e+02,-4.000000000000000000e+00,1.027422929384104844e+00
6.667500000000000000e+02,-3.000000000000000000e+00,1.027510085208772406e+00
6.667500000000000000e+02,-2.000000000000000000e+00,1.027572633056111240e+00
6.667500000000000000e+02,-1.000000000000000000e+00,1.027610279225086076e+00
6.667500000000000000e+02,0.000000000000000000e+00,1.027622847522293714e+00
6.667500000000000000e+02,1.000000000000000000e+00,1.027610279225086742e+00
6.667500000000000000e+02,2.000000000000000000e+00,1.027572633056111240e+00
6.667500000000000000e+02,3.000000000000000000e+00,1.027510085208773072e+00
6.667500000000000000e+02,4.000000000000000000e+00,1.027422929384103956e+00
6.667500000000000000e+02,5.000000000000000000e+00,1.027311576722506947e+00
6.667500000000000000e+02,6.000000000000000000e+00,1.027176555442913086e+00
6.667500000000000000e+02,7.000000000000000000e+00,1.027018509941933555e+00
6.667500000000000000e+02,8.000000000000000000e+00,1.026838199061618218e+00
6.667500000000000000e+02,9.000000000000000000e+00,1.026636493212360168e+00
6.667500000000000000e+02,1.000000000000000000e+01,1.026414370042723734e+00
6.667500000000000000e+02,1.100000000000000000e+01,1.026172908384571647e+00
6.667500000000000000e+02,1.200000000000000000e+01,1.025913280272040762e+00
6.667500000000000000e+02,1.300000000000000000e+01,1.025636740934426694e+00
6.667500000000000000e+02,1.400000000000000000e+01,1.025344616789883201e+00
6.667500000000000000e+02,1.500000000000000000e+01,1.025038291608230789e+00
6.667500000000000000e+02,1.600000000000000000e+01,1.024719191152732911e+00
6.667500000000000000e+02,1.700000000000000000e+01,1.024388766736136880e+00
6.667500000000000000e+02,1.800000000000000000e+01,1.024048478221235570e+00
6.667500000000000000e+02,1.900000000000000000e+01,1.023699777048580728e+00
6.667500000000000000e+02,2.000000000000000000e+01,1.023344089877642027e+00
6.667500000000000000e+02,2.100000000000000000e+01,1.022982803385878547e+00
6.667500000000000000e+02,2.200000000000000000e+01,1.022617250685324386e+00
6.667500000000000000e+02,2.300000000000000000e+01,1.022248699705805564e+00
6.667500000000000000e+02,2.400000000000000000e+01,1.021878343766310593e+00
6.667500000000000000e+02,2.500000000000000000e+01,1.021507294428420920e+00
6.667500000000000000e+02,2.600000000000000000e+01,1.021136576608679292e+00
6.667500000000000000e+02,2.700000000000000000e+01,1.020767125827966026e+00
6.667500000000000000e+02,2.800000000000000000e+01,1.020399787401673919e+00
6.667500000000000000e+02,2.900000000000000000e+01,1.020035317323754853e+00
6.667500000000000000e+02,3.000000000000000000e+01,1.019674384571816361e+00
8.332500000000000000e+02,-3.000000000000000000e+01,1.019674386258731857e+00
8.332500000000000000e+02,-2.900000000000000000e+01,1.020035318869496166e+00
8.332500000000000000e+02,-2.800000000000000000e+01,1.020399788779606354e+00
8.332500000000000000e+02,-2.700000000000000000e+01,1.020767127009278852e+00
8.332500000000000000e+02,-2.600000000000000000e+01,1.021136577562511860e+00
8.332500000000000000e+02,-2.500000000000000000e+01,1.021507295122241032e+00
8.332500000000000000e+02,-2.400000000000000000e+01,1.021878344166150754e+00
8.332500000000000000e+02,-2.300000000000000000e+01,1.022248699776854508e+00
8.332500000000000000e+02,-2.200000000000000000e+01,1.022617250392471533e+00
8.332500000000000000e+02,-2.100000000000000000e+01,1.022982802694477833e+00
8.332500000000000000e+02,-2.000000000000000000e+01,1.023344088754312153e+00
8.332500000000000000e+02,-1.900000000000000000e+01,1.023699775462120876e+00
8.332500000000000000e+02,-1.800000000000000000e+01,1.024048476143621933e+00
8.332500000000000000e+02,-1.700000000000000000e+01,1.024388764143383312e+00
8.332500000000000000e+02,-1.600000000000000000e+01,1.024719188025893235e+00
8.332500000000000000e+02,-1.500000000000000000e+01,1.025038287934137760e+00
8.332500000000000000e+02,-1.400000000000000000e+01,1.025344612561834623e+00
8.332500000000000000e+02,-1.300000000000000000e+01,1.025636736152655271e+00
8.332500000000000000e+02,-1.200000000000000000e+01,1.025913274943962783e+00
8.332500000000000000e+02,-1.100000000000000000e+01,1.026172902524824737e+00
8.332500000000000000e+02,-1.000000000000000000e+01,1.026414363673004315e+00
8.332500000000000000e+02,-9.000000000000000000e+00,1.026636486361051093e+00
8.332500000000000000e+02,-8.000000000000000000e+00,1.026838191763268293e+00
8.332500000000000000e+02,-7.000000000000000000e+00,1.027018502236650477e+00
8.332500000000000000e+02,-6.000000000000000000e+00,1.027176547375648452e+00
8.332500000000000000e+02,-5.000000000000000000e+00,1.027311568342340609e+00
8.332500000000000000e+02,-4.000000000000000000e+00,1.027422920743515933e+00
8.332500000000000000e+02,-3.000000000000000000e+00,1.027510076362943670e+00
8.332500000000000000e+02,-2.000000000000000000e+00,1.027572624062268014e+00
8.332500000000000000e+02,-1.000000000000000000e+00,1.027610270141876780e+00
8.332500000000000000e+02,0.000000000000000000e+00,1.027622838409202988e+00
8.332500000000000000e+02,1.000000000000000000e+00,1.027610270141877002e+00
8.332500000000000000e+02,2.000000000000000000e+00,1.027572624062268236e+00
8.332500000000000000e+02,3.000000000000000000e+00,1.027510076362944336e+00
8.332500000000000000e+02,4.000000000000000000e+00,1.027422920743515267e+00
8.332500000000000000e+02,5.000000000000000000e+00,1.027311568342341719e+00
8.332500000000000000e+02,6.000000000000000000e+00,1.027176547375648674e+00
8.332500000000000000e+02,7.000000000000000000e+00,1.027018502236650033e+00
8.332500000000000000e+02,8.000000000000000000e+00,1.026838191763268515e+00
8.332500000000000000e+02,9.000000000000000000e+00,1.026636486361048428e+00
8.332500000000000000e+02,1.000000000000000000e+01,1.026414363673003871e+00
8.332500000000000000e+02,1.100000000000000000e+01,1.026172902524826513e+00
8.332500000000000000e+02,1.200000000000000000e+01,1.025913274943961895e+00
8.332500000000000000e+02,1.300000000000000000e+01,1.025636736152657935e+00
8.332500000000000000e+02,1.400000000000000000e+01,1.025344612561836399e+00
8.332500000000000000e+02,1.500000000000000000e+01,1.025038287934137315e+00
8.332500000000000000e+02,1.600000000000000000e+01,1.024719188025889682e+00
8.332500000000000000e+02,1.700000000000000000e+01,1.024388764143380648e+00
8.332500000000000000e+02,1.800000000000000000e+01,1.024048476143624598e+00
8.332500000000000000e+02,1.900000000000000000e+01,1.023699775462124428e+00
8.332500000000000000e+02,2.000000000000000000e+01,1.023344088754314818e+00
8.332500000000000000e+02,2.100000000000000000e+01,1.022982802694473392e+00
8.332500000000000000e+02,2.200000000000000000e+01,1.022617250392473309e+00
8.332500000000000000e+02,2.300000000000000000e+01,1.022248699776852732e+00
8.332500000000000000e+02,2.400000000000000000e+01,1.021878344166150754e+00
8.332500000000000000e+02,2.500000000000000000e+01,1.021507295122241032e+00
8.332500000000000000e+02,2.600000000000000000e+01,1.021136577562510084e+00
8.332500000000000000e+02,2.700000000000000000e+01,1.020767127009268194e+00
8.332500000000000000e+02,2.800000000000000000e+01,1.020399788779609906e+00
8.332500000000000000e+02,2.900000000000000000e+01,1.020035318869497942e+00
8.332500000000000000e+02,3.000000000000000000e+01,1.019674386258733634e+00
1.000000000000000000e+03,-3.000000000000000000e+01,1.019674386313088377e+00
1.000000000000000000e+03,-2.900000000000000000e+01,1.020035318919182643e+00
1.000000000000000000e+03,-2.800000000000000000e+01,1.020399788823766585e+00
1.000000000000000000e+03,-2.700000000000000000e+01,1.020767127046976697e+00
1.000000000000000000e+03,-2.600000000000000000e+01,1.021136577592738348e+00
1.000000000000000000e+03,-2.500000000000000000e+01,1.021507295143951666e+00
1.000000000000000000e+03,-2.400000000000000000e+01,1.021878344178224651e+00
1.000000000000000000e+03,-2.300000000000000000e+01,1.022248699778181447e+00
1.000000000000000000e+03,-2.200000000000000000e+01,1.022617250381913756e+00
1.000000000000000000e+03,-2.100000000000000000e+01,1.022982802670920677e+00
1.000000000000000000e+03,-2.000000000000000000e+01,1.023344088716672040e+00
1.000000000000000000e+03,-1.900000000000000000e+01,1.023699775409405710e+00
1.000000000000000000e+03,-1.800000000000000000e+01,1.024048476074935543e+00
1.000000000000000000e+03,-1.700000000000000000e+01,1.024388764057960088e+00
1.000000000000000000e+03,-1.600000000000000000e+01,1.024719187923130104e+00
1.000000000000000000e+03,-1.500000000000000000e+01,1.025038287813632820e+00
1.000000000000000000e+03,-1.400000000000000000e+01,1.025344612423388035e+00
1.000000000000000000e+03,-1.300000000000000000e+01,1.025636735996285687e+00
1.000000000000000000e+03,-1.200000000000000000e+01,1.025913274769929551e+00
1.000000000000000000e+03,-1.100000000000000000e+01,1.026172902333615244e+00
1.000000000000000000e+03,-1.000000000000000000e+01,1.026414363465333102e+00
1.000000000000000000e+03,-9.000000000000000000e+00,1.026636486137844972e+00
1.000000000000000000e+03,-8.000000000000000000e+00,1.026838191525655253e+00
1.000000000000000000e+03,-7.000000000000000000e+00,1.027018501985929699e+00
1.000000000000000000e+03,-6.000000000000000000e+00,1.027176547113273442e+00
1.000000000000000000e+03,-5.000000000000000000e+00,1.027311568069897429e+00
1.000000000000000000e+03,-4.000000000000000000e+00,1.027422920462696343e+00
1.000000000000000000e+03,-3.000000000000000000e+00,1.027510076075525358e+00
1.000000000000000000e+03,-2.000000000000000000e+00,1.027572623770091953e+00
1.000000000000000000e+03,-1.000000000000000000e+00,1.027610269846828128e+00
1.000000000000000000e+03,0.000000000000000000e+00,1.027622838113194437e+00
1.000000000000000000e+03,1.000000000000000000e+00,1.027610269846828794e+00
1.000000000000000000e+03,2.000000000000000000e+00,1.027572623770092175e+00
1.000000000000000000e+03,3.000000000000000000e+00,1.027510076075526246e+00
1.000000000000000000e+03,4.000000000000000000e+00,1.027422920462695899e+00
1.000000000000000000e+03,5.000000000000000000e+00,1.027311568069897652e+00
1.000000000000000000e+03,6.000000000000000000e+00,1.027176547113273886e+00
1.000000000000000000e+03,7.000000000000000000e+00,1.027018501985929699e+00
1.000000000000000000e+03,8.000000000000000000e+00,1.026838191525654143e+00
1.000000000000000000e+03,9.000000000000000000e+00,1.026636486137844306e+00
1.000000000000000000e+03,1.000000000000000000e+01,1.026414363465332880e+00
1.000000000000000000e+03,1.100000000000000000e+01,1.026172902333615911e+00
1.000000000000000000e+03,1.200000000000000000e+01,1.025913274769931327e+00
1.000000000000000000e+03,1.300000000000000000e+01,1.025636735996287907e+00
1.000000000000000000e+03,1.400000000000000000e+01,1.025344612423386703e+00
1.000000000000000000e+03,1.500000000000000000e+01,1.025038287813632376e+00
1.000000000000000000e+03,1.600000000000000000e+01,1.024719187923133656e+00
1.000000000000000000e+03,1.700000000000000000e+01,1.024388764057953871e+00
1.000000000000000000e+03,1.800000000000000000e+01,1.024048476074934655e+00
1.000000000000000000e+03,1.900000000000000000e+01,1.023699775409412815e+00
1.000000000000000000e+03,2.000000000000000000e+01,1.023344088716672928e+00
1.000000000000000000e+03,2.100000000000000000e+01,1.022982802670913571e+00
1.000000000000000000e+03,2.200000000000000000e+01,1.022617250381913756e+00
1.000000000000000000e+03,2.300000000000000000e+01,1.022248699778181447e+00
1.000000000000000000e+03,2.400000000000000000e+01,1.021878344178229980e+00
1.000000000000000000e+03,2.500000000000000000e+01,1.021507295143941008e+00
1.000000000000000000e+03,2.600000000000000000e+01,1.021136577592745454e+00
1.000000000000000000e+03,2.700000000000000000e+01,1.020767127046958933e+00
1.000000000000000000e+03,2.800000000000000000e+01,1.020399788823770137e+00
1.000000000000000000e+03,2.900000000000000000e+01,1.020035318919200407e+00
1.000000000000000000e+03,3.000000000000000000e+01,1.019674386313075942e+00
1.166750000000000000e+03,-3.000000000000000000e+01,1.019674386314827430e+00
1.166750000000000000e+03,-2.900000000000000000e+01,1.020035318920792022e+00
1.166750000000000000e+03,-2.800000000000000000e+01,1.020399788825173459e+00
1.166750000000000000e+03,-2.700000000000000000e+01,1.020767127048186396e+00
1.166750000000000000e+03,-2.600000000000000000e+01,1.021136577593711792e+00
1.166750000000000000e+03,-2.500000000000000000e+01,1.021507295144640892e+00
1.166750000000000000e+03,-2.400000000000000000e+01,1.021878344178603015e+00
1.166750000000000000e+03,-2.300000000000000000e+01,1.022248699778215197e+00
1.166750000000000000e+03,-2.200000000000000000e+01,1.022617250381560261e+00
1.166750000000000000e+03,-2.100000000000000000e+01,1.022982802670147073e+00
1.166750000000000000e+03,-2.000000000000000000e+01,1.023344088715443689e+00
1.166750000000000000e+03,-1.900000000000000000e+01,1.023699775407692414e+00
1.166750000000000000e+03,-1.800000000000000000e+01,1.024048476072709768e+00
1.166750000000000000e+03,-1.700000000000000000e+01,1.024388764055184531e+00
1.166750000000000000e+03,-1.600000000000000000e+01,1.024719187919803876e+00
1.166750000000000000e+03,-1.500000000000000000e+01,1.025038287809733273e+00
1.166750000000000000e+03,-1.400000000000000000e+01,1.025344612418908952e+00
1.166750000000000000e+03,-1.300000000000000000e+01,1.025636735991229731e+00
1.166750000000000000e+03,-1.200000000000000000e+01,1.025913274764305161e+00
1.166750000000000000e+03,-1.100000000000000000e+01,1.026172902327436409e+00
1.166750000000000000e+03,-1.000000000000000000e+01,1.026414363458626910e+00
1.166750000000000000e+03,-9.000000000000000000e+00,1.026636486130637627e+00
1.166750000000000000e+03,-8.000000000000000000e+00,1.026838191517983168e+00
1.166750000000000000e+03,-7.000000000000000000e+00,1.027018501977836840e+00
1.166750000000000000e+03,-6.000000000000000000e+00,1.027176547104804216e+00
1.166750000000000000e+03,-5.000000000000000000e+00,1.027311568061107350e+00
1.166750000000000000e+03,-4.000000000000000000e+00,1.027422920453635147e+00
1.166750000000000000e+03,-3.000000000000000000e+00,1.027510076066252775e+00
1.166750000000000000e+03,-2.000000000000000000e+00,1.027572623760665715e+00
1.166750000000000000e+03,-1.000000000000000000e+00,1.027610269837309964e+00
1.166750000000000000e+03,0.000000000000000000e+00,1.027622838103645186e+00
1.166750000000000000e+03,1.000000000000000000e+00,1.027610269837310408e+00
1.166750000000000000e+03,2.000000000000000000e+00,1.027572623760666159e+00
1.166750000000000000e+03,3.000000000000000000e+00,1.027510076066253220e+00
1.166750000000000000e+03,4.000000000000000000e+00,1.027422920453634259e+00
1.166750000000000000e+03,5.000000000000000000e+00,1.027311568061106462e+00
1.166750000000000000e+03,6.000000000000000000e+00,1.027176547104806215e+00
1.166750000000000000e+03,7.000000000000000000e+00,1.027018501977836618e+00
1.166750000000000000e+03,8.000000000000000000e+00,1.026838191517983168e+00
1.166750000000000000e+03,9.000000000000000000e+00,1.026636486130635850e+00
1.166750000000000000e+03,1.000000000000000000e+01,1.026414363458625134e+00
1.166750000000000000e+03,1.100000000000000000e+01,1.026172902327438408e+00
1.166750000000000000e+03,1.200000000000000000e+01,1.025913274764303385e+00
1.166750000000000000e+03,1.300000000000000000e+01,1.025636735991233284e+00
1.166750000000000000e+03,1.400000000000000000e+01,1.025344612418910728e+00
1.166750000000000000e+03,1.500000000000000000e+01,1.025038287809733717e+00
1.166750000000000000e+03,1.600000000000000000e+01,1.024719187919802099e+00
1.166750000000000000e+03,1.700000000000000000e+01,1.024388764055187195e+00
1.166750000000000000e+03,1.800000000000000000e+01,1.024048476072705327e+00
1.166750000000000000e+03,1.900000000000000000e+01,1.023699775407695078e+00
1.166750000000000000e+03,2.000000000000000000e+01,1.023344088715452571e+00
1.166750000000000000e+03,2.100000000000000000e+01,1.022982802670138192e+00
1.166750000000000000e+03,2.200000000000000000e+01,1.022617250381562926e+00
1.166750000000000000e+03,2.300000000000000000e+01,1.022248699778214309e+00
1.166750000000000000e+03,2.400000000000000000e+01,1.021878344178603015e+00
1.166750000000000000e+03,2.500000000000000000e+01,1.021507295144644445e+00
1.166750000000000000e+03,2.600000000000000000e+01,1.021136577593695804e+00
1.166750000000000000e+03,2.700000000000000000e+01,1.020767127048175738e+00
1.166750000000000000e+03,2.800000000000000000e+01,1.020399788825191223e+00
1.166750000000000000e+03,2.900000000000000000e+01,1.020035318920784917e+00
1.166750000000000000e+03,3.000000000000000000e+01,1.019674386314832759e+00
1.333250000000000000e+03,-3.000000000000000000e+01,1.019674386314882497e+00
1.333250000000000000e+03,-2.900000000000000000e+01,1.020035318920847089e+00
1.333250000000000000e+03,-2.800000000000000000e+01,1.020399788825219645e+00
1.333250000000000000e+03,-2.700000000000000000e+01,1.020767127048229028e+00
1.333250000000000000e+03,-2.600000000000000000e+01,1.021136577593733108e+00
1.333250000000000000e+03,-2.500000000000000000e+01,1.021507295144662208e+00
1.333250000000000000e+03,-2.400000000000000000e+01,1.021878344178620779e+00
1.333250000000000000e+03,-2.300000000000000000e+01,1.022248699778215197e+00
1.333250000000000000e+03,-2.200000000000000000e+01,1.022617250381551379e+00
1.333250000000000000e+03,-2.100000000000000000e+01,1.022982802670117763e+00
1.333250000000000000e+03,-2.000000000000000000e+01,1.023344088715405498e+00
1.333250000000000000e+03,-1.900000000000000000e+01,1.023699775407636459e+00
1.333250000000000000e+03,-1.800000000000000000e+01,1.024048476072636049e+00
1.333250000000000000e+03,-1.700000000000000000e+01,1.024388764055097489e+00
1.333250000000000000e+03,-1.600000000000000000e+01,1.024719187919697738e+00
1.333250000000000000e+03,-1.500000000000000000e+01,1.025038287809607152e+00
1.333250000000000000e+03,-1.400000000000000000e+01,1.025344612418761514e+00
1.333250000000000000e+03,-1.300000000000000000e+01,1.025636735991069859e+00
1.333250000000000000e+03,-1.200000000000000000e+01,1.025913274764122196e+00
1.333250000000000000e+03,-1.100000000000000000e+01,1.026172902327237901e+00
1.333250000000000000e+03,-1.000000000000000000e+01,1.026414363458412193e+00
1.333250000000000000e+03,-9.000000000000000000e+00,1.026636486130403592e+00
1.333250000000000000e+03,-8.000000000000000000e+00,1.026838191517736254e+00
1.333250000000000000e+03,-7.000000000000000000e+00,1.027018501977575049e+00
1.333250000000000000e+03,-6.000000000000000000e+00,1.027176547104531101e+00
1.333250000000000000e+03,-5.000000000000000000e+00,1.027311568060822911e+00
1.333250000000000000e+03,-4.000000000000000000e+00,1.027422920453343380e+00
1.333250000000000000e+03,-3.000000000000000000e+00,1.027510076065953903e+00
1.333250000000000000e+03,-2.000000000000000000e+00,1.027572623760362180e+00
1.333250000000000000e+03,-1.000000000000000000e+00,1.027610269837003099e+00
1.333250000000000000e+03,0.000000000000000000e+00,1.027622838103337433e+00
1.333250000000000000e+03,1.000000000000000000e+00,1.027610269837003765e+00
1.333250000000000000e+03,2.000000000000000000e+00,1.027572623760362402e+00
1.333250000000000000e+03,3.000000000000000000e+00,1.027510076065953903e+00
1.333250000000000000e+03,4.000000000000000000e+00,1.027422920453342270e+00
1.333250000000000000e+03,5.000000000000000000e+00,1.027311568060822466e+00
1.333250000000000000e+03,6.000000000000000000e+00,1.027176547104533322e+00
1.333250000000000000e+03,7.000000000000000000e+00,1.027018501977575715e+00
1.333250000000000000e+03,8.000000000000000000e+00,1.026838191517736032e+00
1.333250000000000000e+03,9.000000000000000000e+00,1.026636486130402925e+00
1.333250000000000000e+03,1.000000000000000000e+01,1.026414363458407752e+00
1.333250000000000000e+03,1.100000000000000000e+01,1.026172902327239900e+00
1.333250000000000000e+03,1.200000000000000000e+01,1.025913274764120864e+00
1.333250000000000000e+03,1.300000000000000000e+01,1.025636735991070747e+00
1.333250000000000000e+03,1.400000000000000000e+01,1.025344612418764623e+00
1.333250000000000000e+03,1.500000000000000000e+01,1.025038287809607596e+00
1.333250000000000000e+03,1.600000000000000000e+01,1.024719187919697294e+00
1.333250000000000000e+03,1.700000000000000000e+01,1.024388764055097489e+00
1.333250000000000000e+03,1.800000000000000000e+01,1.024048476072635161e+00
1.333250000000000000e+03,1.900000000000000000e+01,1.023699775407641788e+00
1.333250000000000000e+03,2.000000000000000000e+01,1.023344088715409050e+00
1.333250000000000000e+03,2.100000000000000000e+01,1.022982802670113323e+00
1.333250000000000000e+03,2.200000000000000000e+01,1.022617250381552267e+00
1.333250000000000000e+03,2.300000000000000000e+01,1.022248699778211645e+00
1.333250000000000000e+03,2.400000000000000000e+01,1.021878344178622555e+00
1.333250000000000000e+03,2.500000000000000000e+01,1.021507295144651550e+00
1.333250000000000000e+03,2.600000000000000000e+01,1.021136577593738437e+00
1.333250000000000000e+03,2.700000000000000000e+01,1.020767127048214817e+00
1.333250000000000000e+03,2.800000000000000000e+01,1.020399788825232079e+00
1.333250000000000000e+03,2.900000000000000000e+01,1.020035318920841760e+00
1.333250000000000000e+03,3.000000000000000000e+01,1.019674386314887826e+00
1.500000000000000000e+03,-3.000000000000000000e+01,1.019674386314889603e+00
1.500000000000000000e+03,-2.900000000000000000e+01,1.020035318920841760e+00
1.500000000000000000e+03,-2.800000000000000000e+01,1.020399788825223197e+00
1.500000000000000000e+03,-2.700000000000000000e+01,1.020767127048227252e+00
1.500000000000000000e+03,-2.600000000000000000e+01,1.021136577593736661e+00
1.500000000000000000e+03,-2.500000000000000000e+01,1.021507295144663985e+00
1.500000000000000000e+03,-2.400000000000000000e+01,1.021878344178622555e+00
1.500000000000000000e+03,-2.300000000000000000e+01,1.022248699778210757e+00
1.500000000000000000e+03,-2.200000000000000000e+01,1.022617250381552267e+00
1.500000000000000000e+03,-2.100000000000000000e+01,1.022982802670116875e+00
1.500000000000000000e+03,-2.000000000000000000e+01,1.023344088715406386e+00
1.500000000000000000e+03,-1.900000000000000000e+01,1.023699775407631130e+00
1.500000000000000000e+03,-1.800000000000000000e+01,1.024048476072634273e+00
1.500000000000000000e+03,-1.700000000000000000e+01,1.024388764055095713e+00
1.500000000000000000e+03,-1.600000000000000000e+01,1.024719187919691077e+00
1.500000000000000000e+03,-1.500000000000000000e+01,1.025038287809605819e+00
1.500000000000000000e+03,-1.400000000000000000e+01,1.025344612418758850e+00
1.500000000000000000e+03,-1.300000000000000000e+01,1.025636735991063642e+00
1.500000000000000000e+03,-1.200000000000000000e+01,1.025913274764118199e+00
1.500000000000000000e+03,-1.100000000000000000e+01,1.026172902327232572e+00
1.500000000000000000e+03,-1.000000000000000000e+01,1.026414363458403756e+00
1.500000000000000000e+03,-9.000000000000000000e+00,1.026636486130396486e+00
1.500000000000000000e+03,-8.000000000000000000e+00,1.026838191517727816e+00
1.500000000000000000e+03,-7.000000000000000000e+00,1.027018501977566611e+00
1.500000000000000000e+03,-6.000000000000000000e+00,1.027176547104522442e+00
1.500000000000000000e+03,-5.000000000000000000e+00,1.027311568060813363e+00
1.500000000000000000e+03,-4.000000000000000000e+00,1.027422920453333832e+00
1.500000000000000000e+03,-3.000000000000000000e+00,1.027510076065943911e+00
1.500000000000000000e+03,-2.000000000000000000e+00,1.027572623760351744e+00
1.500000000000000000e+03,-1.000000000000000000e+00,1.027610269836993329e+00
1.500000000000000000e+03,0.000000000000000000e+00,1.027622838103327663e+00
1.500000000000000000e+03,1.000000000000000000e+00,1.027610269836993773e+00
1.500000000000000000e+03,2.000000000000000000e+00,1.027572623760352633e+00
1.500000000000000000e+03,3.000000000000000000e+00,1.027510076065944578e+00
1.500000000000000000e+03,4.000000000000000000e+00,1.027422920453332056e+00
1.500000000000000000e+03,5.000000000000000000e+00,1.027311568060813363e+00
1.500000000000000000e+03,6.000000000000000000e+00,1.027176547104524440e+00
1.500000000000000000e+03,7.000000000000000000e+00,1.027018501977566833e+00
1.500000000000000000e+03,8.000000000000000000e+00,1.026838191517727816e+00
1.500000000000000000e+03,9.000000000000000000e+00,1.026636486130395820e+00
1.500000000000000000e+03,1.000000000000000000e+01,1.026414363458399537e+00
1.500000000000000000e+03,1.100000000000000000e+01,1.026172902327236569e+00
1.500000000000000000e+03,1.200000000000000000e+01,1.025913274764114647e+00
1.500000000000000000e+03,1.300000000000000000e+01,1.025636735991066750e+00
1.500000000000000000e+03,1.400000000000000000e+01,1.025344612418758850e+00
1.500000000000000000e+03,1.500000000000000000e+01,1.025038287809602267e+00
1.500000000000000000e+03,1.600000000000000000e+01,1.024719187919695074e+00
1.500000000000000000e+03,1.700000000000000000e+01,1.024388764055093048e+00
1.500000000000000000e+03,1.800000000000000000e+01,1.024048476072632496e+00
1.500000000000000000e+03,1.900000000000000000e+01,1.023699775407641788e+00
1.500000000000000000e+03,2.000000000000000000e+01,1.023344088715403721e+00
1.500000000000000000e+03,2.100000000000000000e+01,1.022982802670114211e+00
1.500000000000000000e+03,2.200000000000000000e+01,1.022617250381552267e+00
1.500000000000000000e+03,2.300000000000000000e+01,1.022248699778214309e+00
1.500000000000000000e+03,2.400000000000000000e+01,1.021878344178613673e+00
1.500000000000000000e+03,2.500000000000000000e+01,1.021507295144667538e+00
1.500000000000000000e+03,2.600000000000000000e+01,1.021136577593738437e+00
1.500000000000000000e+03,2.700000000000000000e+01,1.020767127048200607e+00
1.500000000000000000e+03,2.800000000000000000e+01,1.020399788825242737e+00
1.500000000000000000e+03,2.900000000000000000e+01,1.020035318920836431e+00
1.500000000000000000e+03,3.000000000000000000e+01,1.019674386314894932e+00
1.666750000000000000e+03,-3.000000000000000000e+01,1.019674386314889603e+00
1.666750000000000000e+03,-2.900000000000000000e+01,1.020035318920839984e+00
1.666750000000000000e+03,-2.800000000000000000e+01,1.020399788825226750e+00
1.666750000000000000e+03,-2.700000000000000000e+01,1.020767127048227252e+00
1.666750000000000000e+03,-2.600000000000000000e+01,1.021136577593734884e+00
1.666750000000000000e+03,-2.500000000000000000e+01,1.021507295144665761e+00
1.666750000000000000e+03,-2.400000000000000000e+01,1.021878344178622555e+00
1.666750000000000000e+03,-2.300000000000000000e+01,1.022248699778208980e+00
1.666750000000000000e+03,-2.200000000000000000e+01,1.022617250381550491e+00
1.666750000000000000e+03,-2.100000000000000000e+01,1.022982802670119540e+00
1.666750000000000000e+03,-2.000000000000000000e+01,1.023344088715403721e+00
1.666750000000000000e+03,-1.900000000000000000e+01,1.023699775407635570e+00
1.666750000000000000e+03,-1.800000000000000000e+01,1.024048476072633385e+00
1.666750000000000000e+03,-1.700000000000000000e+01,1.024388764055095713e+00
1.666750000000000000e+03,-1.600000000000000000e+01,1.024719187919690633e+00
1.666750000000000000e+03,-1.500000000000000000e+01,1.025038287809604931e+00
1.666750000000000000e+03,-1.400000000000000000e+01,1.025344612418760182e+00
1.666750000000000000e+03,-1.300000000000000000e+01,1.025636735991062753e+00
1.666750000000000000e+03,-1.200000000000000000e+01,1.025913274764117311e+00
1.666750000000000000e+03,-1.100000000000000000e+01,1.026172902327231906e+00
1.666750000000000000e+03,-1.000000000000000000e+01,1.026414363458403090e+00
1.666750000000000000e+03,-9.000000000000000000e+00,1.026636486130396486e+00
1.666750000000000000e+03,-8.000000000000000000e+00,1.026838191517727594e+00
1.666750000000000000e+03,-7.000000000000000000e+00,1.027018501977566611e+00
1.666750000000000000e+03,-6.000000000000000000e+00,1.027176547104522886e+00
1.666750000000000000e+03,-5.000000000000000000e+00,1.027311568060813807e+00
1.666750000000000000e+03,-4.000000000000000000e+00,1.027422920453332722e+00
1.666750000000000000e+03,-3.000000000000000000e+00,1.027510076065943689e+00
1.666750000000000000e+03,-2.000000000000000000e+00,1.027572623760351300e+00
1.666750000000000000e+03,-1.000000000000000000e+00,1.027610269836992440e+00
1.666750000000000000e+03,0.000000000000000000e+00,1.027622838103327219e+00
1.666750000000000000e+03,1.000000000000000000e+00,1.027610269836992885e+00
1.666750000000000000e+03,2.000000000000000000e+00,1.027572623760351966e+00
1.666750000000000000e+03,3.000000000000000000e+00,1.027510076065943911e+00
1.666750000000000000e+03,4.000000000000000000e+00,1.027422920453332500e+00
1.666750000000000000e+03,5.000000000000000000e+00,1.027311568060812697e+00
1.666750000000000000e+03,6.000000000000000000e+00,1.027176547104523996e+00
1.666750000000000000e+03,7.000000000000000000e+00,1.027018501977567722e+00
1.666750000000000000e+03,8.000000000000000000e+00,1.026838191517726928e+00
1.666750000000000000e+03,9.000000000000000000e+00,1.026636486130396486e+00
1.666750000000000000e+03,1.000000000000000000e+01,1.026414363458401535e+00
1.666750000000000000e+03,1.100000000000000000e+01,1.026172902327234571e+00
1.666750000000000000e+03,1.200000000000000000e+01,1.025913274764115535e+00
1.666750000000000000e+03,1.300000000000000000e+01,1.025636735991064530e+00
1.666750000000000000e+03,1.400000000000000000e+01,1.025344612418759294e+00
1.666750000000000000e+03,1.500000000000000000e+01,1.025038287809600490e+00
1.666750000000000000e+03,1.600000000000000000e+01,1.024719187919698626e+00
1.666750000000000000e+03,1.700000000000000000e+01,1.024388764055092160e+00
1.666750000000000000e+03,1.800000000000000000e+01,1.024048476072631608e+00
1.666750000000000000e+03,1.900000000000000000e+01,1.023699775407639123e+00
1.666750000000000000e+03,2.000000000000000000e+01,1.023344088715404610e+00
1.666750000000000000e+03,2.100000000000000000e+01,1.022982802670115099e+00
1.666750000000000000e+03,2.200000000000000000e+01,1.022617250381553156e+00
1.666750000000000000e+03,2.300000000000000000e+01,1.022248699778210757e+00
1.666750000000000000e+03,2.400000000000000000e+01,1.021878344178617226e+00
1.666750000000000000e+03,2.500000000000000000e+01,1.021507295144660432e+00
1.666750000000000000e+03,2.600000000000000000e+01,1.021136577593740213e+00
1.666750000000000000e+03,2.700000000000000000e+01,1.020767127048209488e+00
1.666750000000000000e+03,2.800000000000000000e+01,1.020399788825237408e+00
1.666750000000000000e+03,2.900000000000000000e+01,1.020035318920843537e+00
1.666750000000000000e+03,3.000000000000000000e+01,1.019674386314889603e+00
1.833250000000000000e+03,-3.000000000000000000e+01,1.019674386314889603e+00
1.833250000000000000e+03,-2.900000000000000000e+01,1.020035318920839984e+00
1.833250000000000000e+03,-2.800000000000000000e+01,1.020399788825226750e+00
1.833250000000000000e+03,-2.700000000000000000e+01,1.020767127048227252e+00
1.833250000000000000e+03,-2.600000000000000000e+01,1.021136577593734884e+00
1.833250000000000000e+03,-2.500000000000000000e+01,1.021507295144665761e+00
1.833250000000000000e+03,-2.400000000000000000e+01,1.021878344178622555e+00
1.833250000000000000e+03,-2.300000000000000000e+01,1.022248699778208980e+00
1.833250000000000000e+03,-2.200000000000000000e+01,1.022617250381550491e+00
1.833250000000000000e+03,-2.100000000000000000e+01,1.022982802670119540e+00
1.833250000000000000e+03,-2.000000000000000000e+01,1.023344088715403721e+00
1.833250000000000000e+03,-1.900000000000000000e+01,1.023699775407635570e+00
1.833250000000000000e+03,-1.800000000000000000e+01,1.024048476072633385e+00
1.833250000000000000e+03,-1.700000000000000000e+01,1.024388764055095713e+00
1.833250000000000000e+03,-1.600000000000000000e+01,1.024719187919690633e+00
1.833250000000000000e+03,-1.500000000000000000e+01,1.025038287809604931e+00
1.833250000000000000e+03,-1.400000000000000000e+01,1.025344612418760182e+00
1.833250000000000000e+03,-1.300000000000000000e+01,1.025636735991062753e+00
1.833250000000000000e+03,-1.200000000000000000e+01,1.025913274764117311e+00
1.833250000000000000e+03,-1.100000000000000000e+01,1.026172902327231906e+00
1.833250000000000000e+03,-1.000000000000000000e+01,1.026414363458403090e+00
1.833250000000000000e+03,-9.000000000000000000e+00,1.026636486130396486e+00
1.833250000000000000e+03,-8.000000000000000000e+00,1.026838191517727594e+00
1.833250000000000000e+03,-7.000000000000000000e+00,1.027018501977566611e+00
1.833250000000000000e+03,-6.000000000000000000e+00,1.027176547104522886e+00
1.833250000000000000e+03,-5.000000000000000000e+00,1.027311568060813807e+00
1.833250000000000000e+03,-4.000000000000000000e+00,1.027422920453332722e+00
1.833250000000000000e+03,-3.000000000000000000e+00,1.027510076065943689e+00
1.833250000000000000e+03,-2.000000000000000000e+00,1.027572623760351300e+00
1.833250000000000000e+03,-1.000000000000000000e+00,1.027610269836992440e+00
1.833250000000000000e+03,0.000000000000000000e+00,1.027622838103327219e+00
1.833250000000000000e+03,1.000000000000000000e+00,1.027610269836992885e+00
1.833250000000000000e+03,2.000000000000000000e+00,1.027572623760351966e+00
1.833250000000000000e+03,3.000000000000000000e+00,1.027510076065943911e+00
1.833250000000000000e+03,4.000000000000000000e+00,1.027422920453332500e+00
1.833250000000000000e+03,5.000000000000000000e+00,1.027311568060812697e+00
1.833250000000000000e+03,6.000000000000000000e+00,1.027176547104523996e+00
1.833250000000000000e+03,7.000000000000000000e+00,1.027018501977567722e+00
1.833250000000000000e+03,8.000000000000000000e+00,1.026838191517726928e+00
1.833250000000000000e+03,9.000000000000000000e+00,1.026636486130396486e+00
1.833250000000000000e+03,1.000000000000000000e+01,1.026414363458401535e+00
1.833250000000000000e+03,1.100000000000000000e+01,1.026172902327234571e+00
1.833250000000000000e+03,1.200000000000000000e+01,1.025913274764115535e+00
1.833250000000000000e+03,1.300000000000000000e+01,1.025636735991064530e+00
1.833250000000000000e+03,1.400000000000000000e+01,1.025344612418759294e+00
1.833250000000000000e+03,1.500000000000000000e+01,1.025038287809600490e+00
1.833250000000000000e+03,1.600000000000000000e+01,1.024719187919698626e+00
1.833250000000000000e+03,1.700000000000000000e+01,1.024388764055092160e+00
1.833250000000000000e+03,1.800000000000000000e+01,1.024048476072631608e+00
1.833250000000000000e+03,1.900000000000000000e+01,1.023699775407639123e+00
1.833250000000000000e+03,2.000000000000000000e+01,1.023344088715404610e+00
1.833250000000000000e+03,2.100000000000000000e+01,1.022982802670115099e+00
1.833250000000000000e+03,2.200000000000000000e+01,1.022617250381553156e+00
1.833250000000000000e+03,2.300000000000000000e+01,1.022248699778210757e+00
1.833250000000000000e+03,2.400000000000000000e+01,1.021878344178617226e+00
1.833250000000000000e+03,2.500000000000000000e+01,1.021507295144660432e+00
1.833250000000000000e+03,2.600000000000000000e+01,1.021136577593740213e+00
1.833250000000000000e+03,2.700000000000000000e+01,1.020767127048209488e+00
1.833250000000000000e+03,2.800000000000000000e+01,1.020399788825237408e+00
1.833250000000000000e+03,2.900000000000000000e+01,1.020035318920843537e+00
1.833250000000000000e+03,3.000000000000000000e+01,1.019674386314889603e+00
2.000000000000000000e+03,-3.000000000000000000e+01,1.019674386314889603e+00
2.000000000000000000e+03,-2.900000000000000000e+01,1.020035318920839984e+00
2.000000000000000000e+03,-2.800000000000000000e+01,1.020399788825226750e+00
2.000000000000000000e+03,-2.700000000000000000e+01,1.020767127048227252e+00
2.000000000000000000e+03,-2.600000000000000000e+01,1.021136577593734884e+00
2.000000000000000000e+03,-2.500000000000000000e+01,1.021507295144665761e+00
2.000000000000000000e+03,-2.400000000000000000e+01,1.021878344178622555e+00
2.000000000000000000e+03,-2.300000000000000000e+01,1.022248699778208980e+00
2.000000000000000000e+03,-2.200000000000000000e+01,1.022617250381550491e+00
2.000000000000000000e+03,-2.100000000000000000e+01,1.022982802670119540e+00
2.000000000000000000e+03,-2.000000000000000000e+01,1.023344088715403721e+00
2.000000000000000000e+03,-1.900000000000000000e+01,1.023699775407635570e+00
2.000000000000000000e+03,-1.800000000000000000e+01,1.024048476072633385e+00
2.000000000000000000e+03,-1.700000000000000000e+01,1.024388764055095713e+00
2.000000000000000000e+03,-1.600000000000000000e+01,1.024719187919690633e+00
2.000000000000000000e+03,-1.500000000000000000e+01,1.025038287809604931e+00
2.000000000000000000e+03,-1.400000000000000000e+01,1.025344612418760182e+00
2.000000000000000000e+03,-1.300000000000000000e+01,1.025636735991062753e+00
2.000000000000000000e+03,-1.200000000000000000e+01,1.025913274764117311e+00
2.000000000000000000e+03,-1.100000000000000000e+01,1.026172902327231906e+00
2.000000000000000000e+03,-1.000000000000000000e+01,1.026414363458403090e+00
2.000000000000000000e+03,-9.000000000000000000e+00,1.026636486130396486e+00
2.000000000000000000e+03,-8.000000000000000000e+00,1.026838191517727594e+00
2.000000000000000000e+03,-7.000000000000000000e+00,1.027018501977566611e+00
2.000000000000000000e+03,-6.000000000000000000e+00,1.027176547104522886e+00
2.000000000000000000e+03,-5.000000000000000000e+00,1.027311568060813585e+00
2.000000000000000000e+03,-4.000000000000000000e+00,1.027422920453332722e+00
2.000000000000000000e+03,-3.000000000000000000e+00,1.027510076065943689e+00
2.000000000000000000e+03,-2.000000000000000000e+00,1.027572623760351300e+00
2.000000000000000000e+03,-1.000000000000000000e+00,1.027610269836992440e+00
2.000000000000000000e+03,0.000000000000000000e+00,1.027622838103327219e+00
2.000000000000000000e+03,1.000000000000000000e+00,1.027610269836992885e+00
2.000000000000000000e+03,2.000000000000000000e+00,1.027572623760351966e+00
2.000000000000000000e+03,3.000000000000000000e+00,1.027510076065943911e+00
2.000000000000000000e+03,4.000000000000000000e+00,1.027422920453332500e+00
2.000000000000000000e+03,5.000000000000000000e+00,1.027311568060812919e+00
2.000000000000000000e+03,6.000000000000000000e+00,1.027176547104523774e+00
2.000000000000000000e+03,7.000000000000000000e+00,1.027018501977567944e+00
2.000000000000000000e+03,8.000000000000000000e+00,1.026838191517726928e+00
2.000000000000000000e+03,9.000000000000000000e+00,1.026636486130396486e+00
2.000000000000000000e+03,1.000000000000000000e+01,1.026414363458401535e+00
2.000000000000000000e+03,1.100000000000000000e+01,1.026172902327234571e+00
2.000000000000000000e+03,1.200000000000000000e+01,1.025913274764115535e+00
2.000000000000000000e+03,1.300000000000000000e+01,1.025636735991064530e+00
2.000000000000000000e+03,1.400000000000000000e+01,1.025344612418759294e+00
2.000000000000000000e+03,1.500000000000000000e+01,1.025038287809600490e+00
2.000000000000000000e+03,1.600000000000000000e+01,1.024719187919698626e+00
2.000000000000000000e+03,1.700000000000000000e+01,1.024388764055092160e+00
2.000000000000000000e+03,1.800000000000000000e+01,1.024048476072631608e+00
2.000000000000000000e+03,1.900000000000000000e+01,1.023699775407639123e+00
2.000000000000000000e+03,2.000000000000000000e+01,1.023344088715404610e+00
2.000000000000000000e+03,2.100000000000000000e+01,1.022982802670115099e+00
2.000000000000000000e+03,2.200000000000000000e+01,1.022617250381553156e+00
2.000000000000000000e+03,2.300000000000000000e+01,1.022248699778210757e+00
2.000000000000000000e+03,2.400000000000000000e+01,1.021878344178617226e+00
2.000000000000000000e+03,2.500000000000000000e+01,1.021507295144660432e+00
2.000000000000000000e+03,2.600000000000000000e+01,1.021136577593740213e+00
2.000000000000000000e+03,2.700000000000000000e+01,1.020767127048209488e+00
2.000000000000000000e+03,2.800000000000000000e+01,1.020399788825237408e+00
2.000000000000000000e+03,2.900000000000000000e+01,1.020035318920843537e+00
2.000000000000000000e+03,3.000000000000000000e+01,1.019674386314889603e+00
2.166750000000000000e+03,-3.000000000000000000e+01,1.019674386314889603e+00
2.166750000000000000e+03,-2.900000000000000000e+01,1.020035318920839984e+00
2.166750000000000000e+03,-2.800000000000000000e+01,1.020399788825226750e+00
2.166750000000000000e+03,-2.700000000000000000e+01,1.020767127048227252e+00
2.166750000000000000e+03,-2.600000000000000000e+01,1.021136577593734884e+00
2.166750000000000000e+03,-2.500000000000000000e+01,1.021507295144665761e+00
2.166750000000000000e+03,-2.400000000000000000e+01,1.021878344178622555e+00
2.166750000000000000e+03,-2.300000000000000000e+01,1.022248699778208980e+00
2.166750000000000000e+03,-2.200000000000000000e+01,1.022617250381550491e+00
2.166750000000000000e+03,-2.100000000000000000e+01,1.022982802670119540e+00
2.166750000000000000e+03,-2.000000000000000000e+01,1.023344088715403721e+00
2.166750000000000000e+03,-1.900000000000000000e+01,1.023699775407635570e+00
2.166750000000000000e+03,-1.800000000000000000e+01,1.024048476072633385e+00
2.166750000000000000e+03,-1.700000000000000000e+01,1.024388764055095713e+00
2.166750000000000000e+03,-1.600000000000000000e+01,1.024719187919690633e+00
2.166750000000000000e+03,-1.500000000000000000e+01,1.025038287809604931e+00
2.166750000000000000e+03,-1.400000000000000000e+01,1.025344612418760182e+00
2.166750000000000000e+03,-1.300000000000000000e+01,1.025636735991062753e+00
2.166750000000000000e+03,-1.200000000000000000e+01,1.025913274764117311e+00
2.166750000000000000e+03,-1.100000000000000000e+01,1.026172902327231906e+00
2.166750000000000000e+03,-1.000000000000000000e+01,1.026414363458403090e+00
2.166750000000000000e+03,-9.000000000000000000e+00,1.026636486130396486e+00
2.166750000000000000e+03,-8.000000000000000000e+00,1.026838191517727594e+00
2.166750000000000000e+03,-7.000000000000000000e+00,1.027018501977566611e+00
2.166750000000000000e+03,-6.000000000000000000e+00,1.027176547104522886e+00
2.166750000000000000e+03,-5.000000000000000000e+00,1.027311568060813807e+00
2.166750000000000000e+03,-4.000000000000000000e+00,1.027422920453332722e+00
2.166750000000000000e+03,-3.000000000000000000e+00,1.027510076065943689e+00
2.166750000000000000e+03,-2.000000000000000000e+00,1.027572623760351300e+00
2.166750000000000000e+03,-1.000000000000000000e+00,1.027610269836992440e+00
2.166750000000000000e+03,0.000000000000000000e+00,1.027622838103327219e+00
2.166750000000000000e+03,1.000000000000000000e+00,1.027610269836992885e+00
2.166750000000000000e+03,2.000000000000000000e+00,1.027572623760351966e+00
2.166750000000000000e+03,3.000000000000000000e+00,1.027510076065943911e+00
2.166750000000000000e+03,4.000000000000000000e+00,1.027422920453332500e+00
2.166750000000000000e+03,5.000000000000000000e+00,1.027311568060812697e+00
2.166750000000000000e+03,6.000000000000000000e+00,1.027176547104523996e+00
2.166750000000000000e+03,7.000000000000000000e+00,1.027018501977567722e+00
2.166750000000000000e+03,8.000000000000000000e+00,1.026838191517726928e+00
2.166750000000000000e+03,9.000000000000000000e+00,1.026636486130396486e+00
2.166750000000000000e+03,1.000000000000000000e+01,1.026414363458401535e+00
2.166750000000000000e+03,1.100000000000000000e+01,1.026172902327234571e+00
2.166750000000000000e+03,1.200000000000000000e+01,1.025913274764115535e+00
2.166750000000000000e+03,1.300000000000000000e+01,1.025636735991064530e+00
2.166750000000000000e+03,1.400000000000000000e+01,1.025344612418759294e+00
2.166750000000000000e+03,1.500000000000000000e+01,1.025038287809600490e+00
2.166750000000000000e+03,1.600000000000000000e+01,1.024719187919698626e+00
2.166750000000000000e+03,1.700000000000000000e+01,1.024388764055092160e+00
2.166750000000000000e+03,1.800000000000000000e+01,1.024048476072631608e+00
2.166750000000000000e+03,1.900000000000000000e+01,1.023699775407639123e+00
2.166750000000000000e+03,2.000000000000000000e+01,1.023344088715404610e+00
2.166750000000000000e+03,2.100000000000000000e+01,1.022982802670115099e+00
2.166750000000000000e+03,2.200000000000000000e+01,1.022617250381553156e+00
2.166750000000000000e+03,2.300000000000000000e+01,1.022248699778210757e+00
2.166750000000000000e+03,2.400000000000000000e+01,1.021878344178617226e+00
2.166750000000000000e+03,2.500000000000000000e+01,1.021507295144660432e+00
2.166750000000000000e+03,2.600000000000000000e+01,1.021136577593740213e+00
2.166750000000000000e+03,2.700000000000000000e+01,1.020767127048209488e+00
2.166750000000000000e+03,2.800000000000000000e+01,1.020399788825237408e+00
2.166750000000000000e+03,2.900000000000000000e+01,1.020035318920843537e+00
2.166750000000000000e+03,3.000000000000000000e+01,1.019674386314889603e+00
2.333250000000000000e+03,-3.000000000000000000e+01,1.019674386314889603e+00
2.333250000000000000e+03,-2.900000000000000000e+01,1.020035318920839984e+00
2.333250000000000000e+03,-2.800000000000000000e+01,1.020399788825226750e+00
2.333250000000000000e+03,-2.700000000000000000e+01,1.020767127048227252e+00
2.333250000000000000e+03,-2.600000000000000000e+01,1.021136577593734884e+00
2.333250000000000000e+03,-2.500000000000000000e+01,1.021507295144665761e+00
2.333250000000000000e+03,-2.400000000000000000e+01,1.021878344178622555e+00
2.333250000000000000e+03,-2.300000000000000000e+01,1.022248699778208980e+00
2.333250000000000000e+03,-2.200000000000000000e+01,1.022617250381550491e+00
2.333250000000000000e+03,-2.100000000000000000e+01,1.022982802670119540e+00
2.333250000000000000e+03,-2.000000000000000000e+01,1.023344088715403721e+00
2.333250000000000000e+03,-1.900000000000000000e+01,1.023699775407635570e+00
2.333250000000000000e+03,-1.800000000000000000e+01,1.024048476072633385e+00
2.333250000000000000e+03,-1.700000000000000000e+01,1.024388764055095713e+00
2.333250000000000000e+03,-1.600000000000000000e+01,1.024719187919690633e+00
2.333250000000000000e+03,-1.500000000000000000e+01,1.025038287809604931e+00
2.333250000000000000e+03,-1.400000000000000000e+01,1.025344612418760182e+00
2.333250000000000000e+03,-1.300000000000000000e+01,1.025636735991062753e+00
2.333250000000000000e+03,-1.200000000000000000e+01,1.025913274764117311e+00
2.333250000000000000e+03,-1.100000000000000000e+01,1.026172902327231906e+00
2.333250000000000000e+03,-1.000000000000000000e+01,1.026414363458403090e+00
2.333250000000000000e+03,-9.000000000000000000e+00,1.026636486130396486e+00
2.333250000000000000e+03,-8.000000000000000000e+00,1.026838191517727594e+00
2.333250000000000000e+03,-7.000000000000000000e+00,1.027018501977566611e+00
2.333250000000000000e+03,-6.000000000000000000e+00,1.027176547104522886e+00
2.333250000000000000e+03,-5.000000000000000000e+00,1.027311568060813807e+00
2.333250000000000000e+03,-4.000000000000000000e+00,1.027422920453332722e+00
2.333250000000000000e+03,-3.000000000000000000e+00,1.027510076065943689e+00
2.333250000000000000e+03,-2.000000000000000000e+00,1.027572623760351300e+00
2.333250000000000000e+03,-1.000000000000000000e+00,1.027610269836992440e+00
2.333250000000000000e+03,0.000000000000000000e+00,1.027622838103327219e+00
2.333250000000000000e+03,1.000000000000000000e+00,1.027610269836992885e+00
2.333250000000000000e+03,2.000000000000000000e+00,1.027572623760351966e+00
2.333250000000000000e+03,3.000000000000000000e+00,1.027510076065943911e+00
2.333250000000000000e+03,4.000000000000000000e+00,1.027422920453332500e+00
2.333250000000000000e+03,5.000000000000000000e+00,1.027311568060812697e+00
2.333250000000000000e+03,6.000000000000000000e+00,1.027176547104523996e+00
2.333250000000000000e+03,7.000000000000000000e+00,1.027018501977567722e+00
2.333250000000000000e+03,8.000000000000000000e+00,1.026838191517726928e+00
2.333250000000000000e+03,9.000000000000000000e+00,1.026636486130396486e+00
2.333250000000000000e+03,1.000000000000000000e+01,1.026414363458401535e+00
2.333250000000000000e+03,1.100000000000000000e+01,1.026172902327234571e+00
2.333250000000000000e+03,1.200000000000000000e+01,1.025913274764115535e+00
2.333250000000000000e+03,1.300000000000000000e+01,1.025636735991064530e+00
2.333250000000000000e+03,1.400000000000000000e+01,1.025344612418759294e+00
2.333250000000000000e+03,1.500000000000000000e+01,1.025038287809600490e+00
2.333250000000000000e+03,1.600000000000000000e+01,1.024719187919698626e+00
2.333250000000000000e+03,1.700000000000000000e+01,1.024388764055092160e+00
2.333250000000000000e+03,1.800000000000000000e+01,1.024048476072631608e+00
2.333250000000000000e+03,1.900000000000000000e+01,1.023699775407639123e+00
2.333250000000000000e+03,2.000000000000000000e+01,1.023344088715404610e+00
2.333250000000000000e+03,2.100000000000000000e+01,1.022982802670115099e+00
2.333250000000000000e+03,2.200000000000000000e+01,1.022617250381553156e+00
2.333250000000000000e+03,2.300000000000000000e+01,1.022248699778210757e+00
2.333250000000000000e+03,2.400000000000000000e+01,1.021878344178617226e+00
2.333250000000000000e+03,2.500000000000000000e+01,1.021507295144660432e+00
2.333250000000000000e+03,2.600000000000000000e+01,1.021136577593740213e+00
2.333250000000000000e+03,2.700000000000000000e+01,1.020767127048209488e+00
2.333250000000000000e+03,2.800000000000000000e+01,1.020399788825237408e+00
2.333250000000000000e+03,2.900000000000000000e+01,1.020035318920843537e+00
2.333250000000000000e+03,3.000000000000000000e+01,1.019674386314889603e+00
2.500000000000000000e+03,-3.000000000000000000e+01,1.019674386314889603e+00
2.500000000000000000e+03,-2.900000000000000000e+01,1.020035318920839984e+00
2.500000000000000000e+03,-2.800000000000000000e+01,1.020399788825226750e+00
2.500000000000000000e+03,-2.700000000000000000e+01,1.020767127048227252e+00
2.500000000000000000e+03,-2.600000000000000000e+01,1.021136577593734884e+00
2.500000000000000000e+03,-2.500000000000000000e+01,1.021507295144665761e+00
2.500000000000000000e+03,-2.400000000000000000e+01,1.021878344178622555e+00
2.500000000000000000e+03,-2.300000000000000000e+01,1.022248699778208980e+00
2.500000000000000000e+03,-2.200000000000000000e+01,1.022617250381550491e+00
2.500000000000000000e+03,-2.100000000000000000e+01,1.022982802670119540e+00
2.500000000000000000e+03,-2.000000000000000000e+01,1.023344088715403721e+00
2.500000000000000000e+03,-1.900000000000000000e+01,1.023699775407635570e+00
2.500000000000000000e+03,-1.800000000000000000e+01,1.024048476072633385e+00
2.500000000000000000e+03,-1.700000000000000000e+01,1.024388764055095713e+00
2.500000000000000000e+03,-1.600000000000000000e+01,1.024719187919690633e+00
2.500000000000000000e+03,-1.500000000000000000e+01,1.025038287809604931e+00
2.500000000000000000e+03,-1.400000000000000000e+01,1.025344612418760182e+00
2.500000000000000000e+03,-1.300000000000000000e+01,1.025636735991062753e+00
2.500000000000000000e+03,-1.200000000000000000e+01,1.025913274764117311e+00
2.500000000000000000e+03,-1.100000000000000000e+01,1.026172902327231906e+00
2.500000000000000000e+03,-1.000000000000000000e+01,1.026414363458403090e+00
2.500000000000000000e+03,-9.000000000000000000e+00,1.026636486130396486e+00
2.500000000000000000e+03,-8.000000000000000000e+00,1.026838191517727594e+00
2.500000000000000000e+03,-7.000000000000000000e+00,1.027018501977566611e+00
2.500000000000000000e+03,-6.000000000000000000e+00,1.027176547104522886e+00
2.500000000000000000e+03,-5.000000000000000000e+00,1.027311568060813585e+00
2.500000000000000000e+03,-4.000000000000000000e+00,1.027422920453332722e+00
2.500000000000000000e+03,-3.000000000000000000e+00,1.027510076065943689e+00
2.500000000000000000e+03,-2.000000000000000000e+00,1.027572623760351300e+00
2.500000000000000000e+03,-1.000000000000000000e+00,1.027610269836992440e+00
2.500000000000000000e+03,0.000000000000000000e+00,1.027622838103327219e+00
2.500000000000000000e+03,1.000000000000000000e+00,1.027610269836992885e+00
2.500000000000000000e+03,2.000000000000000000e+00,1.027572623760351966e+00
2.500000000000000000e+03,3.000000000000000000e+00,1.027510076065943911e+00
2.500000000000000000e+03,4.000000000000000000e+00,1.027422920453332500e+00
2.500000000000000000e+03,5.000000000000000000e+00,1.027311568060812919e+00
2.500000000000000000e+03,6.000000000000000000e+00,1.027176547104523774e+00
2.500000000000000000e+03,7.000000000000000000e+00,1.027018501977567944e+00
2.500000000000000000e+03,8.000000000000000000e+00,1.026838191517726928e+00
2.500000000000000000e+03,9.000000000000000000e+00,1.026636486130396486e+00
2.500000000000000000e+03,1.000000000000000000e+01,1.026414363458401535e+00
2.500000000000000000e+03,1.100000000000000000e+01,1.026172902327234571e+00
2.500000000000000000e+03,1.200000000000000000e+01,1.025913274764115535e+00
2.500000000000000000e+03,1.300000000000000000e+01,1.025636735991064530e+00
2.500000000000000000e+03,1.400000000000000000e+01,1.025344612418759294e+00
2.500000000000000000e+03,1.500000000000000000e+01,1.025038287809600490e+00
2.500000000000000000e+03,1.600000000000000000e+01,1.024719187919698626e+00
2.500000000000000000e+03,1.700000000000000000e+01,1.024388764055092160e+00
2.500000000000000000e+03,1.800000000000000000e+01,1.024048476072631608e+00
2.500000000000000000e+03,1.900000000000000000e+01,1.023699775407639123e+00
2.500000000000000000e+03,2.000000000000000000e+01,1.023344088715404610e+00
2.500000000000000000e+03,2.100000000000000000e+01,1.022982802670115099e+00
2.500000000000000000e+03,2.200000000000000000e+01,1.022617250381553156e+00
2.500000000000000000e+03,2.300000000000000000e+01,1.022248699778210757e+00
2.500000000000000000e+03,2.400000000000000000e+01,1.021878344178617226e+00
2.500000000000000000e+03,2.500000000000000000e+01,1.021507295144660432e+00
2.500000000000000000e+03,2.600000000000000000e+01,1.021136577593740213e+00
2.500000000000000000e+03,2.700000000000000000e+01,1.020767127048209488e+00
2.500000000000000000e+03,2.800000000000000000e+01,1.020399788825237408e+00
2.500000000000000000e+03,2.900000000000000000e+01,1.020035318920843537e+00
2.500000000000000000e+03,3.000000000000000000e+01,1.019674386314889603e+00
2.666750000000000000e+03,-3.000000000000000000e+01,1.019674386314889603e+00
2.666750000000000000e+03,-2.900000000000000000e+01,1.020035318920839984e+00
2.666750000000000000e+03,-2.800000000000000000e+01,1.020399788825226750e+00
2.666750000000000000e+03,-2.700000000000000000e+01,1.020767127048227252e+00
2.666750000000000000e+03,-2.600000000000000000e+01,1.021136577593734884e+00
2.666750000000000000e+03,-2.500000000000000000e+01,1.021507295144665761e+00
2.666750000000000000e+03,-2.400000000000000000e+01,1.021878344178622555e+00
2.666750000000000000e+03,-2.300000000000000000e+01,1.022248699778208980e+00
2.666750000000000000e+03,-2.200000000000000000e+01,1.022617250381550491e+00
2.666750000000000000e+03,-2.100000000000000000e+01,1.022982802670119540e+00
2.666750000000000000e+03,-2.000000000000000000e+01,1.023344088715403721e+00
2.666750000000000000e+03,-1.900000000000000000e+01,1.023699775407635570e+00
2.666750000000000000e+03,-1.800000000000000000e+01,1.024048476072633385e+00
2.666750000000000000e+03,-1.700000000000000000e+01,1.024388764055095713e+00
2.666750000000000000e+03,-1.600000000000000000e+01,1.024719187919690633e+00
2.666750000000000000e+03,-1.500000000000000000e+01,1.025038287809604931e+00
2.666750000000000000e+03,-1.400000000000000000e+01,1.025344612418760182e+00
2.666750000000000000e+03,-1.300000000000000000e+01,1.025636735991062753e+00
2.666750000000000000e+03,-1.200000000000000000e+01,1.025913274764117311e+00
2.666750000000000000e+03,-1.100000000000000000e+01,1.026172902327231906e+00
2.666750000000000000e+03,-1.000000000000000000e+01,1.026414363458403090e+00
2.666750000000000000e+03,-9.000000000000000000e+00,1.026636486130396486e+00
2.666750000000000000e+03,-8.000000000000000000e+00,1.026838191517727594e+00
2.666750000000000000e+03,-7.000000000000000000e+00,1.027018501977566611e+00
2.666750000000000000e+03,-6.000000000000000000e+00,1.027176547104522886e+00
2.666750000000000000e+03,-5.000000000000000000e+00,1.027311568060813807e+00
2.666750000000000000e+03,-4.000000000000000000e+00,1.027422920453332722e+00
2.666750000000000000e+03,-3.000000000000000000e+00,1.027510076065943689e+00
2.666750000000000000e+03,-2.000000000000000000e+00,1.027572623760351300e+00
2.666750000000000000e+03,-1.000000000000000000e+00,1.027610269836992440e+00
2.666750000000000000e+03,0.000000000000000000e+00,1.027622838103327219e+00
2.666750000000000000e+03,1.000000000000000000e+00,1.027610269836992885e+00
2.666750000000000000e+03,2.000000000000000000e+00,1.027572623760351966e+00
2.666750000000000000e+03,3.000000000000000000e+00,1.027510076065943911e+00
2.666750000000000000e+03,4.000000000000000000e+00,1.027422920453332500e+00
2.666750000000000000e+03,5.000000000000000000e+00,1.027311568060812697e+00
2.666750000000000000e+03,6.000000000000000000e+00,1.027176547104523996e+00
2.666750000000000000e+03,7.000000000000000000e+00,1.027018501977567722e+00
2.666750000000000000e+03,8.000000000000000000e+00,1.026838191517726928e+00
2.666750000000000000e+03,9.000000000000000000e+00,1.026636486130396486e+00
2.666750000000000000e+03,1.000000000000000000e+01,1.026414363458401535e+00
2.666750000000000000e+03,1.100000000000000000e+01,1.026172902327234571e+00
2.666750000000000000e+03,1.200000000000000000e+01,1.025913274764115535e+00
2.666750000000000000e+03,1.300000000000000000e+01,1.025636735991064530e+00
2.666750000000000000e+03,1.400000000000000000e+01,1.025344612418759294e+00
2.666750000000000000e+03,1.500000000000000000e+01,1.025038287809600490e+00
2.666750000000000000e+03,1.600000000000000000e+01,1.024719187919698626e+00
2.666750000000000000e+03,1.700000000000000000e+01,1.024388764055092160e+00
2.666750000000000000e+03,1.800000000000000000e+01,1.024048476072631608e+00
2.666750000000000000e+03,1.900000000000000000e+01,1.023699775407639123e+00
2.666750000000000000e+03,2.000000000000000000e+01,1.023344088715404610e+00
2.666750000000000000e+03,2.100000000000000000e+01,1.022982802670115099e+00
2.666750000000000000e+03,2.200000000000000000e+01,1.022617250381553156e+00
2.666750000000000000e+03,2.300000000000000000e+01,1.022248699778210757e+00
2.666750000000000000e+03,2.400000000000000000e+01,1.021878344178617226e+00
2.666750000000000000e+03,2.500000000000000000e+01,1.021507295144660432e+00
2.666750000000000000e+03,2.600000000000000000e+01,1.021136577593740213e+00
2.666750000000000000e+03,2.700000000000000000e+01,1.020767127048209488e+00
2.666750000000000000e+03,2.800000000000000000e+01,1.020399788825237408e+00
2.666750000000000000e+03,2.900000000000000000e+01,1.020035318920843537e+00
2.666750000000000000e+03,3.000000000000000000e+01,1.019674386314889603e+00
2.833250000000000000e+03,-3.000000000000000000e+01,1.019674386314889603e+00
2.833250000000000000e+03,-2.900000000000000000e+01,1.020035318920839984e+00
2.833250000000000000e+03,-2.800000000000000000e+01,1.020399788825226750e+00
2.833250000000000000e+03,-2.700000000000000000e+01,1.020767127048227252e+00
2.833250000000000000e+03,-2.600000000000000000e+01,1.021136577593734884e+00
2.833250000000000000e+03,-2.500000000000000000e+01,1.021507295144665761e+00
2.833250000000000000e+03,-2.400000000000000000e+01,1.021878344178622555e+00
2.833250000000000000e+03,-2.300000000000000000e+01,1.022248699778208980e+00
2.833250000000000000e+03,-2.200000000000000000e+01,1.022617250381550491e+00
2.833250000000000000e+03,-2.100000000000000000e+01,1.022982802670119540e+00
2.833250000000000000e+03,-2.000000000000000000e+01,1.023344088715403721e+00
2.833250000000000000e+03,-1.900000000000000000e+01,1.023699775407635570e+00
2.833250000000000000e+03,-1.800000000000000000e+01,1.024048476072633385e+00
2.833250000000000000e+03,-1.700000000000000000e+01,1.024388764055095713e+00
2.833250000000000000e+03,-1.600000000000000000e+01,1.024719187919690633e+00
2.833250000000000000e+03,-1.500000000000000000e+01,1.025038287809604931e+00
2.833250000000000000e+03,-1.400000000000000000e+01,1.025344612418760182e+00
2.833250000000000000e+03,-1.300000000000000000e+01,1.025636735991062753e+00
2.833250000000000000e+03,-1.200000000000000000e+01,1.025913274764117311e+00
2.833250000000000000e+03,-1.100000000000000000e+01,1.026172902327231906e+00
2.833250000000000000e+03,-1.000000000000000000e+01,1.026414363458403090e+00
2.833250000000000000e+03,-9.000000000000000000e+00,1.026636486130396486e+00
2.833250000000000000e+03,-8.000000000000000000e+00,1.026838191517727594e+00
2.833250000000000000e+03,-7.000000000000000000e+00,1.027018501977566611e+00
2.833250000000000000e+03,-6.000000000000000000e+00,1.027176547104522886e+00
2.833250000000000000e+03,-5.000000000000000000e+00,1.027311568060813807e+00
2.833250000000000000e+03,-4.000000000000000000e+00,1.027422920453332722e+00
2.833250000000000000e+03,-3.000000000000000000e+00,1.027510076065943689e+00
2.833250000000000000e+03,-2.000000000000000000e+00,1.027572623760351300e+00
2.833250000000000000e+03,-1.000000000000000000e+00,1.027610269836992440e+00
2.833250000000000000e+03,0.000000000000000000e+00,1.027622838103327219e+00
2.833250000000000000e+03,1.000000000000000000e+00,1.027610269836992885e+00
2.833250000000000000e+03,2.000000000000000000e+00,1.027572623760351966e+00
2.833250000000000000e+03,3.000000000000000000e+00,1.027510076065943911e+00
2.833250000000000000e+03,4.000000000000000000e+00,1.027422920453332500e+00
2.833250000000000000e+03,5.000000000000000000e+00,1.027311568060812697e+00
2.833250000000000000e+03,6.000000000000000000e+00,1.027176547104523996e+00
2.833250000000000000e+03,7.000000000000000000e+00,1.027018501977567722e+00
2.833250000000000000e+03,8.000000000000000000e+00,1.026838191517726928e+00
2.833250000000000000e+03,9.000000000000000000e+00,1.026636486130396486e+00
2.833250000000000000e+03,1.000000000000000000e+01,1.026414363458401535e+00
2.833250000000000000e+03,1.100000000000000000e+01,1.026172902327234571e+00
2.833250000000000000e+03,1.200000000000000000e+01,1.025913274764115535e+00
2.833250000000000000e+03,1.300000000000000000e+01,1.025636735991064530e+00
2.833250000000000000e+03,1.400000000000000000e+01,1.025344612418759294e+00
2.833250000000000000e+03,1.500000000000000000e+01,1.025038287809600490e+00
2.833250000000000000e+03,1.600000000000000000e+01,1.024719187919698626e+00
2.833250000000000000e+03,1.700000000000000000e+01,1.024388764055092160e+00
2.833250000000000000e+03,1.800000000000000000e+01,1.024048476072631608e+00
2.833250000000000000e+03,1.900000000000000000e+01,1.023699775407639123e+00
2.833250000000000000e+03,2.000000000000000000e+01,1.023344088715404610e+00
2.833250000000000000e+03,2.100000000000000000e+01,1.022982802670115099e+00
2.833250000000000000e+03,2.200000000000000000e+01,1.022617250381553156e+00
2.833250000000000000e+03,2.300000000000000000e+01,1.022248699778210757e+00
2.833250000000000000e+03,2.400000000000000000e+01,1.021878344178617226e+00
2.833250000000000000e+03,2.500000000000000000e+01,1.021507295144660432e+00
2.833250000000000000e+03,2.600000000000000000e+01,1.021136577593740213e+00
2.833250000000000000e+03,2.700000000000000000e+01,1.020767127048209488e+00
2.833250000000000000e+03,2.800000000000000000e+01,1.020399788825237408e+00
2.833250000000000000e+03,2.900000000000000000e+01,1.020035318920843537e+00
2.833250000000000000e+03,3.000000000000000000e+01,1.019674386314889603e+00
3.000000000000000000e+03,-3.000000000000000000e+01,1.019674386314889603e+00
3.000000000000000000e+03,-2.900000000000000000e+01,1.020035318920839984e+00
3.000000000000000000e+03,-2.800000000000000000e+01,1.020399788825226750e+00
3.000000000000000000e+03,-2.700000000000000000e+01,1.020767127048227252e+00
3.000000000000000000e+03,-2.600000000000000000e+01,1.021136577593734884e+00
3.000000000000000000e+03,-2.500000000000000000e+01,1.021507295144665761e+00
3.000000000000000000e+03,-2.400000000000000000e+01,1.021878344178622555e+00
3.000000000000000000e+03,-2.300000000000000000e+01,1.022248699778208980e+00
3.000000000000000000e+03,-2.200000000000000000e+01,1.022617250381550491e+00
3.000000000000000000e+03,-2.100000000000000000e+01,1.022982802670119540e+00
3.000000000000000000e+03,-2.000000000000000000e+01,1.023344088715403721e+00
3.000000000000000000e+03,-1.900000000000000000e+01,1.023699775407635570e+00
3.000000000000000000e+03,-1.800000000000000000e+01,1.024048476072633385e+00
3.000000000000000000e+03,-1.700000000000000000e+01,1.024388764055095713e+00
3.000000000000000000e+03,-1.600000000000000000e+01,1.024719187919690633e+00
3.000000000000000000e+03,-1.500000000000000000e+01,1.025038287809604931e+00
3.000000000000000000e+03,-1.400000000000000000e+01,1.025344612418760182e+00
3.000000000000000000e+03,-1.300000000000000000e+01,1.025636735991062753e+00
3.000000000000000000e+03,-1.200000000000000000e+01,1.025913274764117311e+00
3.000000000000000000e+03,-1.100000000000000000e+01,1.026172902327231906e+00
3.000000000000000000e+03,-1.000000000000000000e+01,1.026414363458403090e+00
3.000000000000000000e+03,-9.000000000000000000e+00,1.026636486130396486e+00
3.000000000000000000e+03,-8.000000000000000000e+00,1.026838191517727594e+00
3.000000000000000000e+03,-7.000000000000000000e+00,1.027018501977566611e+00
3.000000000000000000e+03,-6.000000000000000000e+00,1.027176547104522886e+00
3.000000000000000000e+03,-5.000000000000000000e+00,1.027311568060813585e+00
3.000000000000000000e+03,-4.000000000000000000e+00,1.027422920453332722e+00
3.000000000000000000e+03,-3.000000000000000000e+00,1.027510076065943689e+00
3.000000000000000000e+03,-2.000000000000000000e+00,1.027572623760351300e+00
3.000000000000000000e+03,-1.000000000000000000e+00,1.027610269836992440e+00
3.000000000000000000e+03,0.000000000000000000e+00,1.027622838103327219e+00
3.000000000000000000e+03,1.000000000000000000e+00,1.027610269836992885e+00
3.000000000000000000e+03,2.000000000000000000e+00,1.027572623760351966e+00
3.000000000000000000e+03,3.000000000000000000e+00,1.027510076065943911e+00
3.000000000000000000e+03,4.000000000000000000e+00,1.027422920453332500e+00
3.000000000000000000e+03,5.000000000000000000e+00,1.027311568060812919e+00
3.000000000000000000e+03,6.000000000000000000e+00,1.027176547104523774e+00
3.000000000000000000e+03,7.000000000000000000e+00,1.027018501977567944e+00
3.000000000000000000e+03,8.000000000000000000e+00,1.026838191517726928e+00
3.000000000000000000e+03,9.000000000000000000e+00,1.026636486130396486e+00
3.000000000000000000e+03,1.000000000000000000e+01,1.026414363458401535e+00
3.000000000000000000e+03,1.100000000000000000e+01,1.026172902327234571e+00
3.000000000000000000e+03,1.200000000000000000e+01,1.025913274764115535e+00
3.000000000000000000e+03,1.300000000000000000e+01,1.025636735991064530e+00
3.000000000000000000e+03,1.400000000000000000e+01,1.025344612418759294e+00
3.000000000000000000e+03,1.500000000000000000e+01,1.025038287809600490e+00
3.000000000000000000e+03,1.600000000000000000e+01,1.024719187919698626e+00
3.000000000000000000e+03,1.700000000000000000e+01,1.024388764055092160e+00
3.000000000000000000e+03,1.800000000000000000e+01,1.024048476072631608e+00
3.000000000000000000e+03,1.900000000000000000e+01,1.023699775407639123e+00
3.000000000000000000e+03,2.000000000000000000e+01,1.023344088715404610e+00
3.000000000000000000e+03,2.100000000000000000e+01,1.022982802670115099e+00
3.000000000000000000e+03,2.200000000000000000e+01,1.022617250381553156e+00
3.000000000000000000e+03,2.300000000000000000e+01,1.022248699778210757e+00
3.000000000000000000e+03,2.400000000000000000e+01,1.021878344178617226e+00
3.000000000000000000e+03,2.500000000000000000e+01,1.021507295144660432e+00
3.000000000000000000e+03,2.600000000000000000e+01,1.021136577593740213e+00
3.000000000000000000e+03,2.700000000000000000e+01,1.020767127048209488e+00
3.000000000000000000e+03,2.800000000000000000e+01,1.020399788825237408e+00
3.000000000000000000e+03,2.900000000000000000e+01,1.020035318920843537e+00
3.000000000000000000e+03,3.000000000000000000e+01,1.019674386314889603e+00
3.166750000000000000e+03,-3.000000000000000000e+01,1.019674386314889603e+00
3.166750000000000000e+03,-2.900000000000000000e+01,1.020035318920839984e+00
3.166750000000000000e+03,-2.800000000000000000e+01,1.020399788825226750e+00
3.166750000000000000e+03,-2.700000000000000000e+01,1.020767127048227252e+00
3.166750000000000000e+03,-2.600000000000000000e+01,1.021136577593734884e+00
3.166750000000000000e+03,-2.500000000000000000e+01,1.021507295144665761e+00
3.166750000000000000e+03,-2.400000000000000000e+01,1.021878344178622555e+00
3.166750000000000000e+03,-2.300000000000000000e+01,1.022248699778208980e+00
3.166750000000000000e+03,-2.200000000000000000e+01,1.022617250381550491e+00
3.166750000000000000e+03,-2.100000000000000000e+01,1.022982802670119540e+00
3.166750000000000000e+03,-2.000000000000000000e+01,1.023344088715403721e+00
3.166750000000000000e+03,-1.900000000000000000e+01,1.023699775407635570e+00
3.166750000000000000e+03,-1.800000000000000000e+01,1.024048476072633385e+00
3.166750000000000000e+03,-1.700000000000000000e+01,1.024388764055095713e+00
3.166750000000000000e+03,-1.600000000000000000e+01,1.024719187919690633e+00
3.166750000000000000e+03,-1.500000000000000000e+01,1.025038287809604931e+00
3.166750000000000000e+03,-1.400000000000000000e+01,1.025344612418760182e+00
3.166750000000000000e+03,-1.300000000000000000e+01,1.025636735991062753e+00
3.166750000000000000e+03,-1.200000000000000000e+01,1.025913274764117311e+00
3.166750000000000000e+03,-1.100000000000000000e+01,1.026172902327231906e+00
3.166750000000000000e+03,-1.000000000000000000e+01,1.026414363458403090e+00
3.166750000000000000e+03,-9.000000000000000000e+00,1.026636486130396486e+00
3.166750000000000000e+03,-8.000000000000000000e+00,1.026838191517727594e+00
3.166750000000000000e+03,-7.000000000000000000e+00,1.027018501977566611e+00
3.166750000000000000e+03,-6.000000000000000000e+00,1.027176547104522886e+00
3.166750000000000000e+03,-5.000000000000000000e+00,1.027311568060813807e+00
3.166750000000000000e+03,-4.000000000000000000e+00,1.027422920453332722e+00
3.166750000000000000e+03,-3.000000000000000000e+00,1.027510076065943689e+00
3.166750000000000000e+03,-2.000000000000000000e+00,1.027572623760351300e+00
3.166750000000000000e+03,-1.000000000000000000e+00,1.027610269836992440e+00
3.166750000000000000e+03,0.000000000000000000e+00,1.027622838103327219e+00
3.166750000000000000e+03,1.000000000000000000e+00,1.027610269836992885e+00
3.166750000000000000e+03,2.000000000000000000e+00,1.027572623760351966e+00
3.166750000000000000e+03,3.000000000000000000e+00,1.027510076065943911e+00
3.166750000000000000e+03,4.000000000000000000e+00,1.027422920453332500e+00
3.166750000000000000e+03,5.000000000000000000e+00,1.027311568060812697e+00
3.166750000000000000e+03,6.000000000000000000e+00,1.027176547104523996e+00
3.166750000000000000e+03,7.000000000000000000e+00,1.027018501977567722e+00
3.166750000000000000e+03,8.000000000000000000e+00,1.026838191517726928e+00
3.166750000000000000e+03,9.000000000000000000e+00,1.026636486130396486e+00
3.166750000000000000e+03,1.000000000000000000e+01,1.026414363458401535e+00
3.166750000000000000e+03,1.100000000000000000e+01,1.026172902327234571e+00
3.166750000000000000e+03,1.200000000000000000e+01,1.025913274764115535e+00
3.166750000000000000e+03,1.300000000000000000e+01,1.025636735991064530e+00
3.166750000000000000e+03,1.400000000000000000e+01,1.025344612418759294e+00
3.166750000000000000e+03,1.500000000000000000e+01,1.025038287809600490e+00
3.166750000000000000e+03,1.600000000000000000e+01,1.024719187919698626e+00
3.166750000000000000e+03,1.700000000000000000e+01,1.024388764055092160e+00
3.166750000000000000e+03,1.800000000000000000e+01,1.024048476072631608e+00
3.166750000000000000e+03,1.900000000000000000e+01,1.023699775407639123e+00
3.166750000000000000e+03,2.000000000000000000e+01,1.023344088715404610e+00
3.166750000000000000e+03,2.100000000000000000e+01,1.022982802670115099e+00
3.166750000000000000e+03,2.200000000000000000e+01,1.022617250381553156e+00
3.166750000000000000e+03,2.300000000000000000e+01,1.022248699778210757e+00
3.166750000000000000e+03,2.400000000000000000e+01,1.021878344178617226e+00
3.166750000000000000e+03,2.500000000000000000e+01,1.021507295144660432e+00
3.166750000000000000e+03,2.600000000000000000e+01,1.021136577593740213e+00
3.166750000000000000e+03,2.700000000000000000e+01,1.020767127048209488e+00
3.166750000000000000e+03,2.800000000000000000e+01,1.020399788825237408e+00
3.166750000000000000e+03,2.900000000000000000e+01,1.020035318920843537e+00
3.166750000000000000e+03,3.000000000000000000e+01,1.019674386314889603e+00
3.333250000000000000e+03,-3.000000000000000000e+01,1.019674386314889603e+00
3.333250000000000000e+03,-2.900000000000000000e+01,1.020035318920839984e+00
3.333250000000000000e+03,-2.800000000000000000e+01,1.020399788825226750e+00
3.333250000000000000e+03,-2.700000000000000000e+01,1.020767127048227252e+00
3.333250000000000000e+03,-2.600000000000000000e+01,1.021136577593734884e+00
3.333250000000000000e+03,-2.500000000000000000e+01,1.021507295144665761e+00
3.333250000000000000e+03,-2.400000000000000000e+01,1.021878344178622555e+00
3.333250000000000000e+03,-2.300000000000000000e+01,1.022248699778208980e+00
3.333250000000000000e+03,-2.200000000000000000e+01,1.022617250381550491e+00
3.333250000000000000e+03,-2.100000000000000000e+01,1.022982802670119540e+00
3.333250000000000000e+03,-2.000000000000000000e+01,1.023344088715403721e+00
3.333250000000000000e+03,-1.900000000000000000e+01,1.023699775407635570e+00
3.333250000000000000e+03,-1.800000000000000000e+01,1.024048476072633385e+00
3.333250000000000000e+03,-1.700000000000000000e+01,1.024388764055095713e+00
3.333250000000000000e+03,-1.600000000000000000e+01,1.024719187919690633e+00
3.333250000000000000e+03,-1.500000000000000000e+01,1.025038287809604931e+00
3.333250000000000000e+03,-1.400000000000000000e+01,1.025344612418760182e+00
3.333250000000000000e+03,-1.300000000000000000e+01,1.025636735991062753e+00
3.333250000000000000e+03,-1.200000000000000000e+01,1.025913274764117311e+00
3.333250000000000000e+03,-1.100000000000000000e+01,1.026172902327231906e+00
3.333250000000000000e+03,-1.000000000000000000e+01,1.026414363458403090e+00
3.333250000000000000e+03,-9.000000000000000000e+00,1.026636486130396486e+00
3.333250000000000000e+03,-8.000000000000000000e+00,1.026838191517727594e+00
3.333250000000000000e+03,-7.000000000000000000e+00,1.027018501977566611e+00
3.333250000000000000e+03,-6.000000000000000000e+00,1.027176547104522886e+00
3.333250000000000000e+03,-5.000000000000000000e+00,1.027311568060813807e+00
3.333250000000000000e+03,-4.000000000000000000e+00,1.027422920453332722e+00
3.333250000000000000e+03,-3.000000000000000000e+00,1.027510076065943689e+00
3.333250000000000000e+03,-2.000000000000000000e+00,1.027572623760351300e+00
3.333250000000000000e+03,-1.000000000000000000e+00,1.027610269836992440e+00
3.333250000000000000e+03,0.000000000000000000e+00,1.027622838103327219e+00
3.333250000000000000e+03,1.000000000000000000e+00,1.027610269836992885e+00
3.333250000000000000e+03,2.000000000000000000e+00,1.027572623760351966e+00
3.333250000000000000e+03,3.000000000000000000e+00,1.027510076065943911e+00
3.333250000000000000e+03,4.000000000000000000e+00,1.027422920453332500e+00
3.333250000000000000e+03,5.000000000000000000e+00,1.027311568060812697e+00
3.333250000000000000e+03,6.000000000000000000e+00,1.027176547104523996e+00
3.333250000000000000e+03,7.000000000000000000e+00,1.027018501977567722e+00
3.333250000000000000e+03,8.000000000000000000e+00,1.026838191517726928e+00
3.333250000000000000e+03,9.000000000000000000e+00,1.026636486130396486e+00
3.333250000000000000e+03,1.000000000000000000e+01,1.026414363458401535e+00
3.333250000000000000e+03,1.100000000000000000e+01,1.026172902327234571e+00
3.333250000000000000e+03,1.200000000000000000e+01,1.025913274764115535e+00
3.333250000000000000e+03,1.300000000000000000e+01,1.025636735991064530e+00
3.333250000000000000e+03,1.400000000000000000e+01,1.025344612418759294e+00
3.333250000000000000e+03,1.500000000000000000e+01,1.025038287809600490e+00
3.333250000000000000e+03,1.600000000000000000e+01,1.024719187919698626e+00
3.333250000000000000e+03,1.700000000000000000e+01,1.024388764055092160e+00
3.333250000000000000e+03,1.800000000000000000e+01,1.024048476072631608e+00
3.333250000000000000e+03,1.900000000000000000e+01,1.023699775407639123e+00
3.333250000000000000e+03,2.000000000000000000e+01,1.023344088715404610e+00
3.333250000000000000e+03,2.100000000000000000e+01,1.022982802670115099e+00
3.333250000000000000e+03,2.200000000000000000e+01,1.022617250381553156e+00
3.333250000000000000e+03,2.300000000000000000e+01,1.022248699778210757e+00
3.333250000000000000e+03,2.400000000000000000e+01,1.021878344178617226e+00
3.333250000000000000e+03,2.500000000000000000e+01,1.021507295144660432e+00
3.333250000000000000e+03,2.600000000000000000e+01,1.021136577593740213e+00
3.333250000000000000e+03,2.700000000000000000e+01,1.020767127048209488e+00
3.333250000000000000e+03,2.800000000000000000e+01,1.020399788825237408e+00
3.333250000000000000e+03,2.900000000000000000e+01,1.020035318920843537e+00
3.333250000000000000e+03,3.000000000000000000e+01,1.019674386314889603e+00
3.500000000000000000e+03,-3.000000000000000000e+01,1.019674386314889603e+00
3.500000000000000000e+03,-2.900000000000000000e+01,1.020035318920839984e+00
3.500000000000000000e+03,-2.800000000000000000e+01,1.020399788825226750e+00
3.500000000000000000e+03,-2.700000000000000000e+01,1.020767127048227252e+00
3.500000000000000000e+03,-2.600000000000000000e+01,1.021136577593734884e+00
3.500000000000000000e+03,-2.500000000000000000e+01,1.021507295144665761e+00
3.500000000000000000e+03,-2.400000000000000000e+01,1.021878344178622555e+00
3.500000000000000000e+03,-2.300000000000000000e+01,1.022248699778208980e+00
3.500000000000000000e+03,-2.200000000000000000e+01,1.022617250381550491e+00
3.500000000000000000e+03,-2.100000000000000000e+01,1.022982802670119540e+00
3.500000000000000000e+03,-2.000000000000000000e+01,1.023344088715403721e+00
3.500000000000000000e+03,-1.900000000000000000e+01,1.023699775407635570e+00
3.500000000000000000e+03,-1.800000000000000000e+01,1.024048476072633385e+00
3.500000000000000000e+03,-1.700000000000000000e+01,1.024388764055095713e+00
3.500000000000000000e+03,-1.600000000000000000e+01,1.024719187919690633e+00
3.500000000000000000e+03,-1.500000000000000000e+01,1.025038287809604931e+00
3.500000000000000000e+03,-1.400000000000000000e+01,1.025344612418760182e+00
3.500000000000000000e+03,-1.300000000000000000e+01,1.025636735991062753e+00
3.500000000000000000e+03,-1.200000000000000000e+01,1.025913274764117311e+00
3.500000000000000000e+03,-1.100000000000000000e+01,1.026172902327231906e+00
3.500000000000000000e+03,-1.000000000000000000e+01,1.026414363458403090e+00
3.500000000000000000e+03,-9.000000000000000000e+00,1.026636486130396486e+00
3.500000000000000000e+03,-8.000000000000000000e+00,1.026838191517727594e+00
3.500000000000000000e+03,-7.000000000000000000e+00,1.027018501977566611e+00
3.500000000000000000e+03,-6.000000000000000000e+00,1.027176547104522886e+00
3.500000000000000000e+03,-5.000000000000000000e+00,1.027311568060813585e+00
3.500000000000000000e+03,-4.000000000000000000e+00,1.027422920453332722e+00
3.500000000000000000e+03,-3.000000000000000000e+00,1.027510076065943689e+00
3.500000000000000000e+03,-2.000000000000000000e+00,1.027572623760351300e+00
3.500000000000000000e+03,-1.000000000000000000e+00,1.027610269836992440e+00
3.500000000000000000e+03,0.000000000000000000e+00,1.027622838103327219e+00
3.500000000000000000e+03,1.000000000000000000e+00,1.027610269836992885e+00
3.500000000000000000e+03,2.000000000000000000e+00,1.027572623760351966e+00
3.500000000000000000e+03,3.000000000000000000e+00,1.027510076065943911e+00
3.500000000000000000e+03,4.000000000000000000e+00,1.027422920453332500e+00
3.500000000000000000e+03,5.000000000000000000e+00,1.027311568060812919e+00
3.500000000000000000e+03,6.000000000000000000e+00,1.027176547104523774e+00
3.500000000000000000e+03,7.000000000000000000e+00,1.027018501977567944e+00
3.500000000000000000e+03,8.000000000000000000e+00,1.026838191517726928e+00
3.500000000000000000e+03,9.000000000000000000e+00,1.026636486130396486e+00
3.500000000000000000e+03,1.000000000000000000e+01,1.026414363458401535e+00
3.500000000000000000e+03,1.100000000000000000e+01,1.026172902327234571e+00
3.500000000000000000e+03,1.200000000000000000e+01,1.025913274764115535e+00
3.500000000000000000e+03,1.300000000000000000e+01,1.025636735991064530e+00
3.500000000000000000e+03,1.400000000000000000e+01,1.025344612418759294e+00
3.500000000000000000e+03,1.500000000000000000e+01,1.025038287809600490e+00
3.500000000000000000e+03,1.600000000000000000e+01,1.024719187919698626e+00
3.500000000000000000e+03,1.700000000000000000e+01,1.024388764055092160e+00
3.500000000000000000e+03,1.800000000000000000e+01,1.024048476072631608e+00
3.500000000000000000e+03,1.900000000000000000e+01,1.023699775407639123e+00
3.500000000000000000e+03,2.000000000000000000e+01,1.023344088715404610e+00
3.500000000000000000e+03,2.100000000000000000e+01,1.022982802670115099e+00
3.500000000000000000e+03,2.200000000000000000e+01,1.022617250381553156e+00
3.500000000000000000e+03,2.300000000000000000e+01,1.022248699778210757e+00
3.500000000000000000e+03,2.400000000000000000e+01,1.021878344178617226e+00
3.500000000000000000e+03,2.500000000000000000e+01,1.021507295144660432e+00
3.500000000000000000e+03,2.600000000000000000e+01,1.021136577593740213e+00
3.500000000000000000e+03,2.700000000000000000e+01,1.020767127048209488e+00
3.500000000000000000e+03,2.800000000000000000e+01,1.020399788825237408e+00
3.500000000000000000e+03,2.900000000000000000e+01,1.020035318920843537e+00
3.500000000000000000e+03,3.000000000000000000e+01,1.019674386314889603e+00
3.666750000000000000e+03,-3.000000000000000000e+01,1.019674386314889603e+00
3.666750000000000000e+03,-2.900000000000000000e+01,1.020035318920839984e+00
3.666750000000000000e+03,-2.800000000000000000e+01,1.020399788825226750e+00
3.666750000000000000e+03,-2.700000000000000000e+01,1.020767127048227252e+00
3.666750000000000000e+03,-2.600000000000000000e+01,1.021136577593734884e+00
3.666750000000000000e+03,-2.500000000000000000e+01,1.021507295144665761e+00
3.666750000000000000e+03,-2.400000000000000000e+01,1.021878344178622555e+00
3.666750000000000000e+03,-2.300000000000000000e+01,1.022248699778208980e+00
3.666750000000000000e+03,-2.200000000000000000e+01,1.022617250381550491e+00
3.666750000000000000e+03,-2.100000000000000000e+01,1.022982802670119540e+00
3.666750000000000000e+03,-2.000000000000000000e+01,1.023344088715403721e+00
3.666750000000000000e+03,-1.900000000000000000e+01,1.023699775407635570e+00
3.666750000000000000e+03,-1.800000000000000000e+01,1.024048476072633385e+00
3.666750000000000000e+03,-1.700000000000000000e+01,1.024388764055095713e+00
3.666750000000000000e+03,-1.600000000000000000e+01,1.024719187919690633e+00
3.666750000000000000e+03,-1.500000000000000000e+01,1.025038287809604931e+00
3.666750000000000000e+03,-1.400000000000000000e+01,1.025344612418760182e+00
3.666750000000000000e+03,-1.300000000000000000e+01,1.025636735991062753e+00
3.666750000000000000e+03,-1.200000000000000000e+01,1.025913274764117311e+00
3.666750000000000000e+03,-1.100000000000000000e+01,1.026172902327231906e+00
3.666750000000000000e+03,-1.000000000000000000e+01,1.026414363458403090e+00
3.666750000000000000e+03,-9.000000000000000000e+00,1.026636486130396486e+00
3.666750000000000000e+03,-8.000000000000000000e+00,1.026838191517727594e+00
3.666750000000000000e+03,-7.000000000000000000e+00,1.027018501977566611e+00
3.666750000000000000e+03,-6.000000000000000000e+00,1.027176547104522886e+00
3.666750000000000000e+03,-5.000000000000000000e+00,1.027311568060813807e+00
3.666750000000000000e+03,-4.000000000000000000e+00,1.027422920453332722e+00
3.666750000000000000e+03,-3.000000000000000000e+00,1.027510076065943689e+00
3.666750000000000000e+03,-2.000000000000000000e+00,1.027572623760351300e+00
3.666750000000000000e+03,-1.000000000000000000e+00,1.027610269836992440e+00
3.666750000000000000e+03,0.000000000000000000e+00,1.027622838103327219e+00
3.666750000000000000e+03,1.000000000000000000e+00,1.027610269836992885e+00
3.666750000000000000e+03,2.000000000000000000e+00,1.027572623760351966e+00
3.666750000000000000e+03,3.000000000000000000e+00,1.027510076065943911e+00
3.666750000000000000e+03,4.000000000000000000e+00,1.027422920453332500e+00
3.666750000000000000e+03,5.000000000000000000e+00,1.027311568060812697e+00
3.666750000000000000e+03,6.000000000000000000e+00,1.027176547104523996e+00
3.666750000000000000e+03,7.000000000000000000e+00,1.027018501977567722e+00
3.666750000000000000e+03,8.000000000000000000e+00,1.026838191517726928e+00
3.666750000000000000e+03,9.000000000000000000e+00,1.026636486130396486e+00
3.666750000000000000e+03,1.000000000000000000e+01,1.026414363458401535e+00
3.666750000000000000e+03,1.100000000000000000e+01,1.026172902327234571e+00
3.666750000000000000e+03,1.200000000000000000e+01,1.025913274764115535e+00
3.666750000000000000e+03,1.300000000000000000e+01,1.025636735991064530e+00
3.666750000000000000e+03,1.400000000000000000e+01,1.025344612418759294e+00
3.666750000000000000e+03,1.500000000000000000e+01,1.025038287809600490e+00
3.666750000000000000e+03,1.600000000000000000e+01,1.024719187919698626e+00
3.666750000000000000e+03,1.700000000000000000e+01,1.024388764055092160e+00
3.666750000000000000e+03,1.800000000000000000e+01,1.024048476072631608e+00
3.666750000000000000e+03,1.900000000000000000e+01,1.023699775407639123e+00
3.666750000000000000e+03,2.000000000000000000e+01,1.023344088715404610e+00
3.666750000000000000e+03,2.100000000000000000e+01,1.022982802670115099e+00
3.666750000000000000e+03,2.200000000000000000e+01,1.022617250381553156e+00
3.666750000000000000e+03,2.300000000000000000e+01,1.022248699778210757e+00
3.666750000000000000e+03,2.400000000000000000e+01,1.021878344178617226e+00
3.666750000000000000e+03,2.500000000000000000e+01,1.021507295144660432e+00
3.666750000000000000e+03,2.600000000000000000e+01,1.021136577593740213e+00
3.666750000000000000e+03,2.700000000000000000e+01,1.020767127048209488e+00
3.666750000000000000e+03,2.800000000000000000e+01,1.020399788825237408e+00
3.666750000000000000e+03,2.900000000000000000e+01,1.020035318920843537e+00
3.666750000000000000e+03,3.000000000000000000e+01,1.019674386314889603e+00
3.833250000000000000e+03,-3.000000000000000000e+01,1.019674386314889603e+00
3.833250000000000000e+03,-2.900000000000000000e+01,1.020035318920839984e+00
3.833250000000000000e+03,-2.800000000000000000e+01,1.020399788825226750e+00
3.833250000000000000e+03,-2.700000000000000000e+01,1.020767127048227252e+00
3.833250000000000000e+03,-2.600000000000000000e+01,1.021136577593734884e+00
3.833250000000000000e+03,-2.500000000000000000e+01,1.021507295144665761e+00
3.833250000000000000e+03,-2.400000000000000000e+01,1.021878344178622555e+00
3.833250000000000000e+03,-2.300000000000000000e+01,1.022248699778208980e+00
3.833250000000000000e+03,-2.200000000000000000e+01,1.022617250381550491e+00
3.833250000000000000e+03,-2.100000000000000000e+01,1.022982802670119540e+00
3.833250000000000000e+03,-2.000000000000000000e+01,1.023344088715403721e+00
3.833250000000000000e+03,-1.900000000000000000e+01,1.023699775407635570e+00
3.833250000000000000e+03,-1.800000000000000000e+01,1.024048476072633385e+00
3.833250000000000000e+03,-1.700000000000000000e+01,1.024388764055095713e+00
3.833250000000000000e+03,-1.600000000000000000e+01,1.024719187919690633e+00
3.833250000000000000e+03,-1.500000000000000000e+01,1.025038287809604931e+00
3.833250000000000000e+03,-1.400000000000000000e+01,1.025344612418760182e+00
3.833250000000000000e+03,-1.300000000000000000e+01,1.025636735991062753e+00
3.833250000000000000e+03,-1.200000000000000000e+01,1.025913274764117311e+00
3.833250000000000000e+03,-1.100000000000000000e+01,1.026172902327231906e+00
3.833250000000000000e+03,-1.000000000000000000e+01,1.026414363458403090e+00
3.833250000000000000e+03,-9.000000000000000000e+00,1.026636486130396486e+00
3.833250000000000000e+03,-8.000000000000000000e+00,1.026838191517727594e+00
3.833250000000000000e+03,-7.000000000000000000e+00,1.027018501977566611e+00
3.833250000000000000e+03,-6.000000000000000000e+00,1.027176547104522886e+00
3.833250000000000000e+03,-5.000000000000000000e+00,1.027311568060813807e+00
3.833250000000000000e+03,-4.000000000000000000e+00,1.027422920453332722e+00
3.833250000000000000e+03,-3.000000000000000000e+00,1.027510076065943689e+00
3.833250000000000000e+03,-2.000000000000000000e+00,1.027572623760351300e+00
3.833250000000000000e+03,-1.000000000000000000e+00,1.027610269836992440e+00
3.833250000000000000e+03,0.000000000000000000e+00,1.027622838103327219e+00
3.833250000000000000e+03,1.000000000000000000e+00,1.027610269836992885e+00
3.833250000000000000e+03,2.000000000000000000e+00,1.027572623760351966e+00
3.833250000000000000e+03,3.000000000000000000e+00,1.027510076065943911e+00
3.833250000000000000e+03,4.000000000000000000e+00,1.027422920453332500e+00
3.833250000000000000e+03,5.000000000000000000e+00,1.027311568060812697e+00
3.833250000000000000e+03,6.000000000000000000e+00,1.027176547104523996e+00
3.833250000000000000e+03,7.000000000000000000e+00,1.027018501977567722e+00
3.833250000000000000e+03,8.000000000000000000e+00,1.026838191517726928e+00
3.833250000000000000e+03,9.000000000000000000e+00,1.026636486130396486e+00
3.833250000000000000e+03,1.000000000000000000e+01,1.026414363458401535e+00
3.833250000000000000e+03,1.100000000000000000e+01,1.026172902327234571e+00
3.833250000000000000e+03,1.200000000000000000e+01,1.025913274764115535e+00
3.833250000000000000e+03,1.300000000000000000e+01,1.025636735991064530e+00
3.833250000000000000e+03,1.400000000000000000e+01,1.025344612418759294e+00
3.833250000000000000e+03,1.500000000000000000e+01,1.025038287809600490e+00
3.833250000000000000e+03,1.600000000000000000e+01,1.024719187919698626e+00
3.833250000000000000e+03,1.700000000000000000e+01,1.024388764055092160e+00
3.833250000000000000e+03,1.800000000000000000e+01,1.024048476072631608e+00
3.833250000000000000e+03,1.900000000000000000e+01,1.023699775407639123e+00
3.833250000000000000e+03,2.000000000000000000e+01,1.023344088715404610e+00
3.833250000000000000e+03,2.100000000000000000e+01,1.022982802670115099e+00
3.833250000000000000e+03,2.200000000000000000e+01,1.022617250381553156e+00
3.833250000000000000e+03,2.300000000000000000e+01,1.022248699778210757e+00
3.833250000000000000e+03,2.400000000000000000e+01,1.021878344178617226e+00
3.833250000000000000e+03,2.500000000000000000e+01,1.021507295144660432e+00
3.833250000000000000e+03,2.600000000000000000e+01,1.021136577593740213e+00
3.833250000000000000e+03,2.700000000000000000e+01,1.020767127048209488e+00
3.833250000000000000e+03,2.800000000000000000e+01,1.020399788825237408e+00
3.833250000000000000e+03,2.900000000000000000e+01,1.020035318920843537e+00
3.833250000000000000e+03,3.000000000000000000e+01,1.019674386314889603e+00
4.000000000000000000e+03,-3.000000000000000000e+01,1.019674386314889603e+00
4.000000000000000000e+03,-2.900000000000000000e+01,1.020035318920839984e+00
4.000000000000000000e+03,-2.800000000000000000e+01,1.020399788825226750e+00
4.000000000000000000e+03,-2.700000000000000000e+01,1.020767127048227252e+00
4.000000000000000000e+03,-2.600000000000000000e+01,1.021136577593734884e+00
4.000000000000000000e+03,-2.500000000000000000e+01,1.021507295144665761e+00
4.000000000000000000e+03,-2.400000000000000000e+01,1.021878344178622555e+00
4.000000000000000000e+03,-2.300000000000000000e+01,1.022248699778208980e+00
4.000000000000000000e+03,-2.200000000000000000e+01,1.022617250381550491e+00
4.000000000000000000e+03,-2.100000000000000000e+01,1.022982802670119540e+00
4.000000000000000000e+03,-2.000000000000000000e+01,1.023344088715403721e+00
4.000000000000000000e+03,-1.900000000000000000e+01,1.023699775407635570e+00
4.000000000000000000e+03,-1.800000000000000000e+01,1.024048476072633385e+00
4.000000000000000000e+03,-1.700000000000000000e+01,1.024388764055095713e+00
4.000000000000000000e+03,-1.600000000000000000e+01,1.024719187919690633e+00
4.000000000000000000e+03,-1.500000000000000000e+01,1.025038287809604931e+00
4.000000000000000000e+03,-1.400000000000000000e+01,1.025344612418760182e+00
4.000000000000000000e+03,-1.300000000000000000e+01,1.025636735991062753e+00
4.000000000000000000e+03,-1.200000000000000000e+01,1.025913274764117311e+00
4.000000000000000000e+03,-1.100000000000000000e+01,1.026172902327231906e+00
4.000000000000000000e+03,-1.000000000000000000e+01,1.026414363458403090e+00
4.000000000000000000e+03,-9.000000000000000000e+00,1.026636486130396486e+00
4.000000000000000000e+03,-8.000000000000000000e+00,1.026838191517727594e+00
4.000000000000000000e+03,-7.000000000000000000e+00,1.027018501977566611e+00
4.000000000000000000e+03,-6.000000000000000000e+00,1.027176547104522886e+00
4.000000000000000000e+03,-5.000000000000000000e+00,1.027311568060813585e+00
4.000000000000000000e+03,-4.000000000000000000e+00,1.027422920453332722e+00
4.000000000000000000e+03,-3.000000000000000000e+00,1.027510076065943689e+00
4.000000000000000000e+03,-2.000000000000000000e+00,1.027572623760351300e+00
4.000000000000000000e+03,-1.000000000000000000e+00,1.027610269836992440e+00
4.000000000000000000e+03,0.000000000000000000e+00,1.027622838103327219e+00
4.000000000000000000e+03,1.000000000000000000e+00,1.027610269836992885e+00
4.000000000000000000e+03,2.000000000000000000e+00,1.027572623760351966e+00
4.000000000000000000e+03,3.000000000000000000e+00,1.027510076065943911e+00
4.000000000000000000e+03,4.000000000000000000e+00,1.027422920453332500e+00
4.000000000000000000e+03,5.000000000000000000e+00,1.027311568060812919e+00
4.000000000000000000e+03,6.000000000000000000e+00,1.027176547104523774e+00
4.000000000000000000e+03,7.000000000000000000e+00,1.027018501977567944e+00
4.000000000000000000e+03,8.000000000000000000e+00,1.026838191517726928e+00
4.000000000000000000e+03,9.000000000000000000e+00,1.026636486130396486e+00
4.000000000000000000e+03,1.000000000000000000e+01,1.026414363458401535e+00
4.000000000000000000e+03,1.100000000000000000e+01,1.026172902327234571e+00
4.000000000000000000e+03,1.200000000000000000e+01,1.025913274764115535e+00
4.000000000000000000e+03,1.300000000000000000e+01,1.025636735991064530e+00
4.000000000000000000e+03,1.400000000000000000e+01,1.025344612418759294e+00
4.000000000000000000e+03,1.500000000000000000e+01,1.025038287809600490e+00
4.000000000000000000e+03,1.600000000000000000e+01,1.024719187919698626e+00
4.000000000000000000e+03,1.700000000000000000e+01,1.024388764055092160e+00
4.000000000000000000e+03,1.800000000000000000e+01,1.024048476072631608e+00
4.000000000000000000e+03,1.900000000000000000e+01,1.023699775407639123e+00
4.000000000000000000e+03,2.000000000000000000e+01,1.023344088715404610e+00
4.000000000000000000e+03,2.100000000000000000e+01,1.022982802670115099e+00
4.000000000000000000e+03,2.200000000000000000e+01,1.022617250381553156e+00
4.000000000000000000e+03,2.300000000000000000e+01,1.022248699778210757e+00
4.000000000000000000e+03,2.400000000000000000e+01,1.021878344178617226e+00
4.000000000000000000e+03,2.500000000000000000e+01,1.021507295144660432e+00
4.000000000000000000e+03,2.600000000000000000e+01,1.021136577593740213e+00
4.000000000000000000e+03,2.700000000000000000e+01,1.020767127048209488e+00
4.000000000000000000e+03,2.800000000000000000e+01,1.020399788825237408e+00
4.000000000000000000e+03,2.900000000000000000e+01,1.020035318920843537e+00
4.000000000000000000e+03,3.000000000000000000e+01,1.019674386314889603e+00
4.166750000000000000e+03,-3.000000000000000000e+01,1.019674386314889603e+00
4.166750000000000000e+03,-2.900000000000000000e+01,1.020035318920839984e+00
4.166750000000000000e+03,-2.800000000000000000e+01,1.020399788825226750e+00
4.166750000000000000e+03,-2.700000000000000000e+01,1.020767127048227252e+00
4.166750000000000000e+03,-2.600000000000000000e+01,1.021136577593734884e+00
4.166750000000000000e+03,-2.500000000000000000e+01,1.021507295144665761e+00
4.166750000000000000e+03,-2.400000000000000000e+01,1.021878344178622555e+00
4.166750000000000000e+03,-2.300000000000000000e+01,1.022248699778208980e+00
4.166750000000000000e+03,-2.200000000000000000e+01,1.022617250381550491e+00
4.166750000000000000e+03,-2.100000000000000000e+01,1.022982802670119540e+00
4.166750000000000000e+03,-2.000000000000000000e+01,1.023344088715403721e+00
4.166750000000000000e+03,-1.900000000000000000e+01,1.023699775407635570e+00
4.166750000000000000e+03,-1.800000000000000000e+01,1.024048476072633385e+00
4.166750000000000000e+03,-1.700000000000000000e+01,1.024388764055095713e+00
4.166750000000000000e+03,-1.600000000000000000e+01,1.024719187919690633e+00
4.166750000000000000e+03,-1.500000000000000000e+01,1.025038287809604931e+00
4.166750000000000000e+03,-1.400000000000000000e+01,1.025344612418760182e+00
4.166750000000000000e+03,-1.300000000000000000e+01,1.025636735991062753e+00
4.166750000000000000e+03,-1.200000000000000000e+01,1.025913274764117311e+00
4.166750000000000000e+03,-1.100000000000000000e+01,1.026172902327231906e+00
4.166750000000000000e+03,-1.000000000000000000e+01,1.026414363458403090e+00
4.166750000000000000e+03,-9.000000000000000000e+00,1.026636486130396486e+00
4.166750000000000000e+03,-8.000000000000000000e+00,1.026838191517727594e+00
4.166750000000000000e+03,-7.000000000000000000e+00,1.027018501977566611e+00
4.166750000000000000e+03,-6.000000000000000000e+00,1.027176547104522886e+00
4.166750000000000000e+03,-5.000000000000000000e+00,1.027311568060813807e+00
4.166750000000000000e+03,-4.000000000000000000e+00,1.027422920453332722e+00
4.166750000000000000e+03,-3.000000000000000000e+00,1.027510076065943689e+00
4.166750000000000000e+03,-2.000000000000000000e+00,1.027572623760351300e+00
4.166750000000000000e+03,-1.000000000000000000e+00,1.027610269836992440e+00
4.166750000000000000e+03,0.000000000000000000e+00,1.027622838103327219e+00
4.166750000000000000e+03,1.000000000000000000e+00,1.027610269836992885e+00
4.166750000000000000e+03,2.000000000000000000e+00,1.027572623760351966e+00
4.166750000000000000e+03,3.000000000000000000e+00,1.027510076065943911e+00
4.166750000000000000e+03,4.000000000000000000e+00,1.027422920453332500e+00
4.166750000000000000e+03,5.000000000000000000e+00,1.027311568060812697e+00
4.166750000000000000e+03,6.000000000000000000e+00,1.027176547104523996e+00
4.166750000000000000e+03,7.000000000000000000e+00,1.027018501977567722e+00
4.166750000000000000e+03,8.000000000000000000e+00,1.026838191517726928e+00
4.166750000000000000e+03,9.000000000000000000e+00,1.026636486130396486e+00
4.166750000000000000e+03,1.000000000000000000e+01,1.026414363458401535e+00
4.166750000000000000e+03,1.100000000000000000e+01,1.026172902327234571e+00
4.166750000000000000e+03,1.200000000000000000e+01,1.025913274764115535e+00
4.166750000000000000e+03,1.300000000000000000e+01,1.025636735991064530e+00
4.166750000000000000e+03,1.400000000000000000e+01,1.025344612418759294e+00
4.166750000000000000e+03,1.500000000000000000e+01,1.025038287809600490e+00
4.166750000000000000e+03,1.600000000000000000e+01,1.024719187919698626e+00
4.166750000000000000e+03,1.700000000000000000e+01,1.024388764055092160e+00
4.166750000000000000e+03,1.800000000000000000e+01,1.024048476072631608e+00
4.166750000000000000e+03,1.900000000000000000e+01,1.023699775407639123e+00
4.166750000000000000e+03,2.000000000000000000e+01,1.023344088715404610e+00
4.166750000000000000e+03,2.100000000000000000e+01,1.022982802670115099e+00
4.166750000000000000e+03,2.200000000000000000e+01,1.022617250381553156e+00
4.166750000000000000e+03,2.300000000000000000e+01,1.022248699778210757e+00
4.166750000000000000e+03,2.400000000000000000e+01,1.021878344178617226e+00
4.166750000000000000e+03,2.500000000000000000e+01,1.021507295144660432e+00
4.166750000000000000e+03,2.600000000000000000e+01,1.021136577593740213e+00
4.166750000000000000e+03,2.700000000000000000e+01,1.020767127048209488e+00
4.166750000000000000e+03,2.800000000000000000e+01,1.020399788825237408e+00
4.166750000000000000e+03,2.900000000000000000e+01,1.020035318920843537e+00
4.166750000000000000e+03,3.000000000000000000e+01,1.019674386314889603e+00
4.333250000000000000e+03,-3.000000000000000000e+01,1.019674386314889603e+00
4.333250000000000000e+03,-2.900000000000000000e+01,1.020035318920839984e+00
4.333250000000000000e+03,-2.800000000000000000e+01,1.020399788825226750e+00
4.333250000000000000e+03,-2.700000000000000000e+01,1.020767127048227252e+00
4.333250000000000000e+03,-2.600000000000000000e+01,1.021136577593734884e+00
4.333250000000000000e+03,-2.500000000000000000e+01,1.021507295144665761e+00
4.333250000000000000e+03,-2.400000000000000000e+01,1.021878344178622555e+00
4.333250000000000000e+03,-2.300000000000000000e+01,1.022248699778208980e+00
4.333250000000000000e+03,-2.200000000000000000e+01,1.022617250381550491e+00
4.333250000000000000e+03,-2.100000000000000000e+01,1.022982802670119540e+00
4.333250000000000000e+03,-2.000000000000000000e+01,1.023344088715403721e+00
4.333250000000000000e+03,-1.900000000000000000e+01,1.023699775407635570e+00
4.333250000000000000e+03,-1.800000000000000000e+01,1.024048476072633385e+00
4.333250000000000000e+03,-1.700000000000000000e+01,1.024388764055095713e+00
4.333250000000000000e+03,-1.600000000000000000e+01,1.024719187919690633e+00
4.333250000000000000e+03,-1.500000000000000000e+01,1.025038287809604931e+00
4.333250000000000000e+03,-1.400000000000000000e+01,1.025344612418760182e+00
4.333250000000000000e+03,-1.300000000000000000e+01,1.025636735991062753e+00
4.333250000000000000e+03,-1.200000000000000000e+01,1.025913274764117311e+00
4.333250000000000000e+03,-1.100000000000000000e+01,1.026172902327231906e+00
4.333250000000000000e+03,-1.000000000000000000e+01,1.026414363458403090e+00
4.333250000000000000e+03,-9.000000000000000000e+00,1.026636486130396486e+00
4.333250000000000000e+03,-8.000000000000000000e+00,1.026838191517727594e+00
4.333250000000000000e+03,-7.000000000000000000e+00,1.027018501977566611e+00
4.333250000000000000e+03,-6.000000000000000000e+00,1.027176547104522886e+00
4.333250000000000000e+03,-5.000000000000000000e+00,1.027311568060813807e+00
4.333250000000000000e+03,-4.000000000000000000e+00,1.027422920453332722e+00
4.333250000000000000e+03,-3.000000000000000000e+00,1.027510076065943689e+00
4.333250000000000000e+03,-2.000000000000000000e+00,1.027572623760351300e+00
4.333250000000000000e+03,-1.000000000000000000e+00,1.027610269836992440e+00
4.333250000000000000e+03,0.000000000000000000e+00,1.027622838103327219e+00
4.333250000000000000e+03,1.000000000000000000e+00,1.027610269836992885e+00
4.333250000000000000e+03,2.000000000000000000e+00,1.027572623760351966e+00
4.333250000000000000e+03,3.000000000000000000e+00,1.027510076065943911e+00
4.333250000000000000e+03,4.000000000000000000e+00,1.027422920453332500e+00
4.333250000000000000e+03,5.000000000000000000e+00,1.027311568060812697e+00
4.333250000000000000e+03,6.000000000000000000e+00,1.027176547104523996e+00
4.333250000000000000e+03,7.000000000000000000e+00,1.027018501977567722e+00
4.333250000000000000e+03,8.000000000000000000e+00,1.026838191517726928e+00
4.333250000000000000e+03,9.000000000000000000e+00,1.026636486130396486e+00
4.333250000000000000e+03,1.000000000000000000e+01,1.026414363458401535e+00
4.333250000000000000e+03,1.100000000000000000e+01,1.026172902327234571e+00
4.333250000000000000e+03,1.200000000000000000e+01,1.025913274764115535e+00
4.333250000000000000e+03,1.300000000000000000e+01,1.025636735991064530e+00
4.333250000000000000e+03,1.400000000000000000e+01,1.025344612418759294e+00
4.333250000000000000e+03,1.500000000000000000e+01,1.025038287809600490e+00
4.333250000000000000e+03,1.600000000000000000e+01,1.024719187919698626e+00
4.333250000000000000e+03,1.700000000000000000e+01,1.024388764055092160e+00
4.333250000000000000e+03,1.800000000000000000e+01,1.024048476072631608e+00
4.333250000000000000e+03,1.900000000000000000e+01,1.023699775407639123e+00
4.333250000000000000e+03,2.000000000000000000e+01,1.023344088715404610e+00
4.333250000000000000e+03,2.100000000000000000e+01,1.022982802670115099e+00
4.333250000000000000e+03,2.200000000000000000e+01,1.022617250381553156e+00
4.333250000000000000e+03,2.300000000000000000e+01,1.022248699778210757e+00
4.333250000000000000e+03,2.400000000000000000e+01,1.021878344178617226e+00
4.333250000000000000e+03,2.500000000000000000e+01,1.021507295144660432e+00
4.333250000000000000e+03,2.600000000000000000e+01,1.021136577593740213e+00
4.333250000000000000e+03,2.700000000000000000e+01,1.020767127048209488e+00
4.333250000000000000e+03,2.800000000000000000e+01,1.020399788825237408e+00
4.333250000000000000e+03,2.900000000000000000e+01,1.020035318920843537e+00
4.333250000000000000e+03,3.000000000000000000e+01,1.019674386314889603e+00
4.500000000000000000e+03,-3.000000000000000000e+01,1.019674386314889603e+00
4.500000000000000000e+03,-2.900000000000000000e+01,1.020035318920839984e+00
4.500000000000000000e+03,-2.800000000000000000e+01,1.020399788825226750e+00
4.500000000000000000e+03,-2.700000000000000000e+01,1.020767127048227252e+00
4.500000000000000000e+03,-2.600000000000000000e+01,1.021136577593734884e+00
4.500000000000000000e+03,-2.500000000000000000e+01,1.021507295144665761e+00
4.500000000000000000e+03,-2.400000000000000000e+01,1.021878344178622555e+00
4.500000000000000000e+03,-2.300000000000000000e+01,1.022248699778208980e+00
4.500000000000000000e+03,-2.200000000000000000e+01,1.022617250381550491e+00
4.500000000000000000e+03,-2.100000000000000000e+01,1.022982802670119540e+00
4.500000000000000000e+03,-2.000000000000000000e+01,1.023344088715403721e+00
4.500000000000000000e+03,-1.900000000000000000e+01,1.023699775407635570e+00
4.500000000000000000e+03,-1.800000000000000000e+01,1.024048476072633385e+00
4.500000000000000000e+03,-1.700000000000000000e+01,1.024388764055095713e+00
4.500000000000000000e+03,-1.600000000000000000e+01,1.024719187919690633e+00
4.500000000000000000e+03,-1.500000000000000000e+01,1.025038287809604931e+00
4.500000000000000000e+03,-1.400000000000000000e+01,1.025344612418760182e+00
4.500000000000000000e+03,-1.300000000000000000e+01,1.025636735991062753e+00
4.500000000000000000e+03,-1.200000000000000000e+01,1.025913274764117311e+00
4.500000000000000000e+03,-1.100000000000000000e+01,1.026172902327231906e+00
4.500000000000000000e+03,-1.000000000000000000e+01,1.026414363458403090e+00
4.500000000000000000e+03,-9.000000000000000000e+00,1.026636486130396486e+00
4.500000000000000000e+03,-8.000000000000000000e+00,1.026838191517727594e+00
4.500000000000000000e+03,-7.000000000000000000e+00,1.027018501977566611e+00
4.500000000000000000e+03,-6.000000000000000000e+00,1.027176547104522886e+00
4.500000000000000000e+03,-5.000000000000000000e+00,1.027311568060813585e+00
4.500000000000000000e+03,-4.000000000000000000e+00,1.027422920453332722e+00
4.500000000000000000e+03,-3.000000000000000000e+00,1.027510076065943689e+00
4.500000000000000000e+03,-2.000000000000000000e+00,1.027572623760351300e+00
4.500000000000000000e+03,-1.000000000000000000e+00,1.027610269836992440e+00
4.500000000000000000e+03,0.000000000000000000e+00,1.027622838103327219e+00
4.500000000000000000e+03,1.000000000000000000e+00,1.027610269836992885e+00
4.500000000000000000e+03,2.000000000000000000e+00,1.027572623760351966e+00
4.500000000000000000e+03,3.000000000000000000e+00,1.027510076065943911e+00
4.500000000000000000e+03,4.000000000000000000e+00,1.027422920453332500e+00
4.500000000000000000e+03,5.000000000000000000e+00,1.027311568060812919e+00
4.500000000000000000e+03,6.000000000000000000e+00,1.027176547104523774e+00
4.500000000000000000e+03,7.000000000000000000e+00,1.027018501977567944e+00
4.500000000000000000e+03,8.000000000000000000e+00,1.026838191517726928e+00
4.500000000000000000e+03,9.000000000000000000e+00,1.026636486130396486e+00
4.500000000000000000e+03,1.000000000000000000e+01,1.026414363458401535e+00
4.500000000000000000e+03,1.100000000000000000e+01,1.026172902327234571e+00
4.500000000000000000e+03,1.200000000000000000e+01,1.025913274764115535e+00
4.500000000000000000e+03,1.300000000000000000e+01,1.025636735991064530e+00
4.500000000000000000e+03,1.400000000000000000e+01,1.025344612418759294e+00
4.500000000000000000e+03,1.500000000000000000e+01,1.025038287809600490e+00
4.500000000000000000e+03,1.600000000000000000e+01,1.024719187919698626e+00
4.500000000000000000e+03,1.700000000000000000e+01,1.024388764055092160e+00
4.500000000000000000e+03,1.800000000000000000e+01,1.024048476072631608e+00
4.500000000000000000e+03,1.900000000000000000e+01,1.023699775407639123e+00
4.500000000000000000e+03,2.000000000000000000e+01,1.023344088715404610e+00
4.500000000000000000e+03,2.100000000000000000e+01,1.022982802670115099e+00
4.500000000000000000e+03,2.200000000000000000e+01,1.022617250381553156e+00
4.500000000000000000e+03,2.300000000000000000e+01,1.022248699778210757e+00
4.500000000000000000e+03,2.400000000000000000e+01,1.021878344178617226e+00
4.500000000000000000e+03,2.500000000000000000e+01,1.021507295144660432e+00
4.500000000000000000e+03,2.600000000000000000e+01,1.021136577593740213e+00
4.500000000000000000e+03,2.700000000000000000e+01,1.020767127048209488e+00
4.500000000000000000e+03,2.800000000000000000e+01,1.020399788825237408e+00
4.500000000000000000e+03,2.900000000000000000e+01,1.020035318920843537e+00
4.500000000000000000e+03,3.000000000000000000e+01,1.019674386314889603e+00
4.666750000000000000e+03,-3.000000000000000000e+01,1.019674386314889603e+00
4.666750000000000000e+03,-2.900000000000000000e+01,1.020035318920839984e+00
4.666750000000000000e+03,-2.800000000000000000e+01,1.020399788825226750e+00
4.666750000000000000e+03,-2.700000000000000000e+01,1.020767127048227252e+00
4.666750000000000000e+03,-2.600000000000000000e+01,1.021136577593734884e+00
4.666750000000000000e+03,-2.500000000000000000e+01,1.021507295144665761e+00
4.666750000000000000e+03,-2.400000000000000000e+01,1.021878344178622555e+00
4.666750000000000000e+03,-2.300000000000000000e+01,1.022248699778208980e+00
4.666750000000000000e+03,-2.200000000000000000e+01,1.022617250381550491e+00
4.666750000000000000e+03,-2.100000000000000000e+01,1.022982802670119540e+00
4.666750000000000000e+03,-2.000000000000000000e+01,1.023344088715403721e+00
4.666750000000000000e+03,-1.900000000000000000e+01,1.023699775407635570e+00
4.666750000000000000e+03,-1.800000000000000000e+01,1.024048476072633385e+00
4.666750000000000000e+03,-1.700000000000000000e+01,1.024388764055095713e+00
4.666750000000000000e+03,-1.600000000000000000e+01,1.024719187919690633e+00
4.666750000000000000e+03,-1.500000000000000000e+01,1.025038287809604931e+00
4.666750000000000000e+03,-1.400000000000000000e+01,1.025344612418760182e+00
4.666750000000000000e+03,-1.300000000000000000e+01,1.025636735991062753e+00
4.666750000000000000e+03,-1.200000000000000000e+01,1.025913274764117311e+00
4.666750000000000000e+03,-1.100000000000000000e+01,1.026172902327231906e+00
4.666750000000000000e+03,-1.000000000000000000e+01,1.026414363458403090e+00
4.666750000000000000e+03,-9.000000000000000000e+00,1.026636486130396486e+00
4.666750000000000000e+03,-8.000000000000000000e+00,1.026838191517727594e+00
4.666750000000000000e+03,-7.000000000000000000e+00,1.027018501977566611e+00
4.666750000000000000e+03,-6.000000000000000000e+00,1.027176547104522886e+00
4.666750000000000000e+03,-5.000000000000000000e+00,1.027311568060813807e+00
4.666750000000000000e+03,-4.000000000000000000e+00,1.027422920453332722e+00
4.666750000000000000e+03,-3.000000000000000000e+00,1.027510076065943689e+00
4.666750000000000000e+03,-2.000000000000000000e+00,1.027572623760351300e+00
4.666750000000000000e+03,-1.000000000000000000e+00,1.027610269836992440e+00
4.666750000000000000e+03,0.000000000000000000e+00,1.027622838103327219e+00
4.666750000000000000e+03,1.000000000000000000e+00,1.027610269836992885e+00
4.666750000000000000e+03,2.000000000000000000e+00,1.027572623760351966e+00
4.666750000000000000e+03,3.000000000000000000e+00,1.027510076065943911e+00
4.666750000000000000e+03,4.000000000000000000e+00,1.027422920453332500e+00
4.666750000000000000e+03,5.000000000000000000e+00,1.027311568060812697e+00
4.666750000000000000e+03,6.000000000000000000e+00,1.027176547104523996e+00
4.666750000000000000e+03,7.000000000000000000e+00,1.027018501977567722e+00
4.666750000000000000e+03,8.000000000000000000e+00,1.026838191517726928e+00
4.666750000000000000e+03,9.000000000000000000e+00,1.026636486130396486e+00
4.666750000000000000e+03,1.000000000000000000e+01,1.026414363458401535e+00
4.666750000000000000e+03,1.100000000000000000e+01,1.026172902327234571e+00
4.666750000000000000e+03,1.200000000000000000e+01,1.025913274764115535e+00
4.666750000000000000e+03,1.300000000000000000e+01,1.025636735991064530e+00
4.666750000000000000e+03,1.400000000000000000e+01,1.025344612418759294e+00
4.666750000000000000e+03,1.500000000000000000e+01,1.025038287809600490e+00
4.666750000000000000e+03,1.600000000000000000e+01,1.024719187919698626e+00
4.666750000000000000e+03,1.700000000000000000e+01,1.024388764055092160e+00
4.666750000000000000e+03,1.800000000000000000e+01,1.024048476072631608e+00
4.666750000000000000e+03,1.900000000000000000e+01,1.023699775407639123e+00
4.666750000000000000e+03,2.000000000000000000e+01,1.023344088715404610e+00
4.666750000000000000e+03,2.100000000000000000e+01,1.022982802670115099e+00
4.666750000000000000e+03,2.200000000000000000e+01,1.022617250381553156e+00
4.666750000000000000e+03,2.300000000000000000e+01,1.022248699778210757e+00
4.666750000000000000e+03,2.400000000000000000e+01,1.021878344178617226e+00
4.666750000000000000e+03,2.500000000000000000e+01,1.021507295144660432e+00
4.666750000000000000e+03,2.600000000000000000e+01,1.021136577593740213e+00
4.666750000000000000e+03,2.700000000000000000e+01,1.020767127048209488e+00
4.666750000000000000e+03,2.800000000000000000e+01,1.020399788825237408e+00
4.666750000000000000e+03,2.900000000000000000e+01,1.020035318920843537e+00
4.666750000000000000e+03,3.000000000000000000e+01,1.019674386314889603e+00
4.833250000000000000e+03,-3.000000000000000000e+01,1.019674386314889603e+00
4.833250000000000000e+03,-2.900000000000000000e+01,1.020035318920839984e+00
4.833250000000000000e+03,-2.800000000000000000e+01,1.020399788825226750e+00
4.833250000000000000e+03,-2.700000000000000000e+01,1.020767127048227252e+00
4.833250000000000000e+03,-2.600000000000000000e+01,1.021136577593734884e+00
4.833250000000000000e+03,-2.500000000000000000e+01,1.021507295144665761e+00
4.833250000000000000e+03,-2.400000000000000000e+01,1.021878344178622555e+00
4.833250000000000000e+03,-2.300000000000000000e+01,1.022248699778208980e+00
4.833250000000000000e+03,-2.200000000000000000e+01,1.022617250381550491e+00
4.833250000000000000e+03,-2.100000000000000000e+01,1.022982802670119540e+00
4.833250000000000000e+03,-2.000000000000000000e+01,1.023344088715403721e+00
4.833250000000000000e+03,-1.900000000000000000e+01,1.023699775407635570e+00
4.833250000000000000e+03,-1.800000000000000000e+01,1.024048476072633385e+00
4.833250000000000000e+03,-1.700000000000000000e+01,1.024388764055095713e+00
4.833250000000000000e+03,-1.600000000000000000e+01,1.024719187919690633e+00
4.833250000000000000e+03,-1.500000000000000000e+01,1.025038287809604931e+00
4.833250000000000000e+03,-1.400000000000000000e+01,1.025344612418760182e+00
4.833250000000000000e+03,-1.300000000000000000e+01,1.025636735991062753e+00
4.833250000000000000e+03,-1.200000000000000000e+01,1.025913274764117311e+00
4.833250000000000000e+03,-1.100000000000000000e+01,1.026172902327231906e+00
4.833250000000000000e+03,-1.000000000000000000e+01,1.026414363458403090e+00
4.833250000000000000e+03,-9.000000000000000000e+00,1.026636486130396486e+00
4.833250000000000000e+03,-8.000000000000000000e+00,1.026838191517727594e+00
4.833250000000000000e+03,-7.000000000000000000e+00,1.027018501977566611e+00
4.833250000000000000e+03,-6.000000000000000000e+00,1.027176547104522886e+00
4.833250000000000000e+03,-5.000000000000000000e+00,1.027311568060813807e+00
4.833250000000000000e+03,-4.000000000000000000e+00,1.027422920453332722e+00
4.833250000000000000e+03,-3.000000000000000000e+00,1.027510076065943689e+00
4.833250000000000000e+03,-2.000000000000000000e+00,1.027572623760351300e+00
4.833250000000000000e+03,-1.000000000000000000e+00,1.027610269836992440e+00
4.833250000000000000e+03,0.000000000000000000e+00,1.027622838103327219e+00
4.833250000000000000e+03,1.000000000000000000e+00,1.027610269836992885e+00
4.833250000000000000e+03,2.000000000000000000e+00,1.027572623760351966e+00
4.833250000000000000e+03,3.000000000000000000e+00,1.027510076065943911e+00
4.833250000000000000e+03,4.000000000000000000e+00,1.027422920453332500e+00
4.833250000000000000e+03,5.000000000000000000e+00,1.027311568060812697e+00
4.833250000000000000e+03,6.000000000000000000e+00,1.027176547104523996e+00
4.833250000000000000e+03,7.000000000000000000e+00,1.027018501977567722e+00
4.833250000000000000e+03,8.000000000000000000e+00,1.026838191517726928e+00
4.833250000000000000e+03,9.000000000000000000e+00,1.026636486130396486e+00
4.833250000000000000e+03,1.000000000000000000e+01,1.026414363458401535e+00
4.833250000000000000e+03,1.100000000000000000e+01,1.026172902327234571e+00
4.833250000000000000e+03,1.200000000000000000e+01,1.025913274764115535e+00
4.833250000000000000e+03,1.300000000000000000e+01,1.025636735991064530e+00
4.833250000000000000e+03,1.400000000000000000e+01,1.025344612418759294e+00
4.833250000000000000e+03,1.500000000000000000e+01,1.025038287809600490e+00
4.833250000000000000e+03,1.600000000000000000e+01,1.024719187919698626e+00
4.833250000000000000e+03,1.700000000000000000e+01,1.024388764055092160e+00
4.833250000000000000e+03,1.800000000000000000e+01,1.024048476072631608e+00
4.833250000000000000e+03,1.900000000000000000e+01,1.023699775407639123e+00
4.833250000000000000e+03,2.000000000000000000e+01,1.023344088715404610e+00
4.833250000000000000e+03,2.100000000000000000e+01,1.022982802670115099e+00
4.833250000000000000e+03,2.200000000000000000e+01,1.022617250381553156e+00
4.833250000000000000e+03,2.300000000000000000e+01,1.022248699778210757e+00
4.833250000000000000e+03,2.400000000000000000e+01,1.021878344178617226e+00
4.833250000000000000e+03,2.500000000000000000e+01,1.021507295144660432e+00
4.833250000000000000e+03,2.600000000000000000e+01,1.021136577593740213e+00
4.833250000000000000e+03,2.700000000000000000e+01,1.020767127048209488e+00
4.833250000000000000e+03,2.800000000000000000e+01,1.020399788825237408e+00
4.833250000000000000e+03,2.900000000000000000e+01,1.020035318920843537e+00
4.833250000000000000e+03,3.000000000000000000e+01,1.019674386314889603e+00
5.000000000000000000e+03,-3.000000000000000000e+01,1.019674386314889603e+00
5.000000000000000000e+03,-2.900000000000000000e+01,1.020035318920839984e+00
5.000000000000000000e+03,-2.800000000000000000e+01,1.020399788825226750e+00
5.000000000000000000e+03,-2.700000000000000000e+01,1.020767127048227252e+00
5.000000000000000000e+03,-2.600000000000000000e+01,1.021136577593734884e+00
5.000000000000000000e+03,-2.500000000000000000e+01,1.021507295144665761e+00
5.000000000000000000e+03,-2.400000000000000000e+01,1.021878344178622555e+00
5.000000000000000000e+03,-2.300000000000000000e+01,1.022248699778208980e+00
5.000000000000000000e+03,-2.200000000000000000e+01,1.022617250381550491e+00
5.000000000000000000e+03,-2.100000000000000000e+01,1.022982802670119540e+00
5.000000000000000000e+03,-2.000000000000000000e+01,1.023344088715403721e+00
5.000000000000000000e+03,-1.900000000000000000e+01,1.023699775407635570e+00
5.000000000000000000e+03,-1.800000000000000000e+01,1.024048476072633385e+00
5.000000000000000000e+03,-1.700000000000000000e+01,1.024388764055095713e+00
5.000000000000000000e+03,-1.600000000000000000e+01,1.024719187919690633e+00
5.000000000000000000e+03,-1.500000000000000000e+01,1.025038287809604931e+00
5.000000000000000000e+03,-1.400000000000000000e+01,1.025344612418760182e+00
5.000000000000000000e+03,-1.300000000000000000e+01,1.025636735991062753e+00
5.000000000000000000e+03,-1.200000000000000000e+01,1.025913274764117311e+00
5.000000000000000000e+03,-1.100000000000000000e+01,1.026172902327231906e+00
5.000000000000000000e+03,-1.000000000000000000e+01,1.026414363458403090e+00
5.000000000000000000e+03,-9.000000000000000000e+00,1.026636486130396486e+00
5.000000000000000000e+03,-8.000000000000000000e+00,1.026838191517727594e+00
5.000000000000000000e+03,-7.000000000000000000e+00,1.027018501977566611e+00
5.000000000000000000e+03,-6.000000000000000000e+00,1.027176547104522886e+00
5.000000000000000000e+03,-5.000000000000000000e+00,1.027311568060813585e+00
5.000000000000000000e+03,-4.000000000000000000e+00,1.027422920453332722e+00
5.000000000000000000e+03,-3.000000000000000000e+00,1.027510076065943689e+00
5.000000000000000000e+03,-2.000000000000000000e+00,1.027572623760351300e+00
5.000000000000000000e+03,-1.000000000000000000e+00,1.027610269836992440e+00
5.000000000000000000e+03,0.000000000000000000e+00,1.027622838103327219e+00
5.000000000000000000e+03,1.000000000000000000e+00,1.027610269836992885e+00
5.000000000000000000e+03,2.000000000000000000e+00,1.027572623760351966e+00
5.000000000000000000e+03,3.000000000000000000e+00,1.027510076065943911e+00
5.000000000000000000e+03,4.000000000000000000e+00,1.027422920453332500e+00
5.000000000000000000e+03,5.000000000000000000e+00,1.027311568060812919e+00
5.000000000000000000e+03,6.000000000000000000e+00,1.027176547104523774e+00
5.000000000000000000e+03,7.000000000000000000e+00,1.027018501977567944e+00
5.000000000000000000e+03,8.000000000000000000e+00,1.026838191517726928e+00
5.000000000000000000e+03,9.000000000000000000e+00,1.026636486130396486e+00
5.000000000000000000e+03,1.000000000000000000e+01,1.026414363458401535e+00
5.000000000000000000e+03,1.100000000000000000e+01,1.026172902327234571e+00
5.000000000000000000e+03,1.200000000000000000e+01,1.025913274764115535e+00
5.000000000000000000e+03,1.300000000000000000e+01,1.025636735991064530e+00
5.000000000000000000e+03,1.400000000000000000e+01,1.025344612418759294e+00
5.000000000000000000e+03,1.500000000000000000e+01,1.025038287809600490e+00
5.000000000000000000e+03,1.600000000000000000e+01,1.024719187919698626e+00
5.000000000000000000e+03,1.700000000000000000e+01,1.024388764055092160e+00
5.000000000000000000e+03,1.800000000000000000e+01,1.024048476072631608e+00
5.000000000000000000e+03,1.900000000000000000e+01,1.023699775407639123e+00
5.000000000000000000e+03,2.000000000000000000e+01,1.023344088715404610e+00
5.000000000000000000e+03,2.100000000000000000e+01,1.022982802670115099e+00
5.000000000000000000e+03,2.200000000000000000e+01,1.022617250381553156e+00
5.000000000000000000e+03,2.300000000000000000e+01,1.022248699778210757e+00
5.000000000000000000e+03,2.400000000000000000e+01,1.021878344178617226e+00
5.000000000000000000e+03,2.500000000000000000e+01,1.021507295144660432e+00
5.000000000000000000e+03,2.600000000000000000e+01,1.021136577593740213e+00
5.000000000000000000e+03,2.700000000000000000e+01,1.020767127048209488e+00
5.000000000000000000e+03,2.800000000000000000e+01,1.020399788825237408e+00
5.000000000000000000e+03,2.900000000000000000e+01,1.020035318920843537e+00
5.000000000000000000e+03,3.000000000000000000e+01,1.019674386314889603e+00
5.166750000000000000e+03,-3.000000000000000000e+01,1.019674386314889603e+00
5.166750000000000000e+03,-2.900000000000000000e+01,1.020035318920839984e+00
5.166750000000000000e+03,-2.800000000000000000e+01,1.020399788825226750e+00
5.166750000000000000e+03,-2.700000000000000000e+01,1.020767127048227252e+00
5.166750000000000000e+03,-2.600000000000000000e+01,1.021136577593734884e+00
5.166750000000000000e+03,-2.500000000000000000e+01,1.021507295144665761e+00
5.166750000000000000e+03,-2.400000000000000000e+01,1.021878344178622555e+00
5.166750000000000000e+03,-2.300000000000000000e+01,1.022248699778208980e+00
5.166750000000000000e+03,-2.200000000000000000e+01,1.022617250381550491e+00
5.166750000000000000e+03,-2.100000000000000000e+01,1.022982802670119540e+00
5.166750000000000000e+03,-2.000000000000000000e+01,1.023344088715403721e+00
5.166750000000000000e+03,-1.900000000000000000e+01,1.023699775407635570e+00
5.166750000000000000e+03,-1.800000000000000000e+01,1.024048476072633385e+00
5.166750000000000000e+03,-1.700000000000000000e+01,1.024388764055095713e+00
5.166750000000000000e+03,-1.600000000000000000e+01,1.024719187919690633e+00
5.166750000000000000e+03,-1.500000000000000000e+01,1.025038287809604931e+00
5.166750000000000000e+03,-1.400000000000000000e+01,1.025344612418760182e+00
5.166750000000000000e+03,-1.300000000000000000e+01,1.025636735991062753e+00
5.166750000000000000e+03,-1.200000000000000000e+01,1.025913274764117311e+00
5.166750000000000000e+03,-1.100000000000000000e+01,1.026172902327231906e+00
5.166750000000000000e+03,-1.000000000000000000e+01,1.026414363458403090e+00
5.166750000000000000e+03,-9.000000000000000000e+00,1.026636486130396486e+00
5.166750000000000000e+03,-8.000000000000000000e+00,1.026838191517727594e+00
5.166750000000000000e+03,-7.000000000000000000e+00,1.027018501977566611e+00
5.166750000000000000e+03,-6.000000000000000000e+00,1.027176547104522886e+00
5.166750000000000000e+03,-5.000000000000000000e+00,1.027311568060813807e+00
5.166750000000000000e+03,-4.000000000000000000e+00,1.027422920453332722e+00
5.166750000000000000e+03,-3.000000000000000000e+00,1.027510076065943689e+00
5.166750000000000000e+03,-2.000000000000000000e+00,1.027572623760351300e+00
5.166750000000000000e+03,-1.000000000000000000e+00,1.027610269836992440e+00
5.166750000000000000e+03,0.000000000000000000e+00,1.027622838103327219e+00
5.166750000000000000e+03,1.000000000000000000e+00,1.027610269836992885e+00
5.166750000000000000e+03,2.000000000000000000e+00,1.027572623760351966e+00
5.166750000000000000e+03,3.000000000000000000e+00,1.027510076065943911e+00
5.166750000000000000e+03,4.000000000000000000e+00,1.027422920453332500e+00
5.166750000000000000e+03,5.000000000000000000e+00,1.027311568060812697e+00
5.166750000000000000e+03,6.000000000000000000e+00,1.027176547104523996e+00
5.166750000000000000e+03,7.000000000000000000e+00,1.027018501977567722e+00
5.166750000000000000e+03,8.000000000000000000e+00,1.026838191517726928e+00
5.166750000000000000e+03,9.000000000000000000e+00,1.026636486130396486e+00
5.166750000000000000e+03,1.000000000000000000e+01,1.026414363458401535e+00
5.166750000000000000e+03,1.100000000000000000e+01,1.026172902327234571e+00
5.166750000000000000e+03,1.200000000000000000e+01,1.025913274764115535e+00
5.166750000000000000e+03,1.300000000000000000e+01,1.025636735991064530e+00
5.166750000000000000e+03,1.400000000000000000e+01,1.025344612418759294e+00
5.166750000000000000e+03,1.500000000000000000e+01,1.025038287809600490e+00
5.166750000000000000e+03,1.600000000000000000e+01,1.024719187919698626e+00
5.166750000000000000e+03,1.700000000000000000e+01,1.024388764055092160e+00
5.166750000000000000e+03,1.800000000000000000e+01,1.024048476072631608e+00
5.166750000000000000e+03,1.900000000000000000e+01,1.023699775407639123e+00
5.166750000000000000e+03,2.000000000000000000e+01,1.023344088715404610e+00
5.166750000000000000e+03,2.100000000000000000e+01,1.022982802670115099e+00
5.166750000000000000e+03,2.200000000000000000e+01,1.022617250381553156e+00
5.166750000000000000e+03,2.300000000000000000e+01,1.022248699778210757e+00
5.166750000000000000e+03,2.400000000000000000e+01,1.021878344178617226e+00
5.166750000000000000e+03,2.500000000000000000e+01,1.021507295144660432e+00
5.166750000000000000e+03,2.600000000000000000e+01,1.021136577593740213e+00
5.166750000000000000e+03,2.700000000000000000e+01,1.020767127048209488e+00
5.166750000000000000e+03,2.800000000000000000e+01,1.020399788825237408e+00
5.166750000000000000e+03,2.900000000000000000e+01,1.020035318920843537e+00
5.166750000000000000e+03,3.000000000000000000e+01,1.019674386314889603e+00
5.333250000000000000e+03,-3.000000000000000000e+01,1.019674386314889603e+00
5.333250000000000000e+03,-2.900000000000000000e+01,1.020035318920839984e+00
5.333250000000000000e+03,-2.800000000000000000e+01,1.020399788825226750e+00
5.333250000000000000e+03,-2.700000000000000000e+01,1.020767127048227252e+00
5.333250000000000000e+03,-2.600000000000000000e+01,1.021136577593734884e+00
5.333250000000000000e+03,-2.500000000000000000e+01,1.021507295144665761e+00
5.333250000000000000e+03,-2.400000000000000000e+01,1.021878344178622555e+00
5.333250000000000000e+03,-2.300000000000000000e+01,1.022248699778208980e+00
5.333250000000000000e+03,-2.200000000000000000e+01,1.022617250381550491e+00
5.333250000000000000e+03,-2.100000000000000000e+01,1.022982802670119540e+00
5.333250000000000000e+03,-2.000000000000000000e+01,1.023344088715403721e+00
5.333250000000000000e+03,-1.900000000000000000e+01,1.023699775407635570e+00
5.333250000000000000e+03,-1.800000000000000000e+01,1.024048476072633385e+00
5.333250000000000000e+03,-1.700000000000000000e+01,1.024388764055095713e+00
5.333250000000000000e+03,-1.600000000000000000e+01,1.024719187919690633e+00
5.333250000000000000e+03,-1.500000000000000000e+01,1.025038287809604931e+00
5.333250000000000000e+03,-1.400000000000000000e+01,1.025344612418760182e+00
5.333250000000000000e+03,-1.300000000000000000e+01,1.025636735991062753e+00
5.333250000000000000e+03,-1.200000000000000000e+01,1.025913274764117311e+00
5.333250000000000000e+03,-1.100000000000000000e+01,1.026172902327231906e+00
5.333250000000000000e+03,-1.000000000000000000e+01,1.026414363458403090e+00
5.333250000000000000e+03,-9.000000000000000000e+00,1.026636486130396486e+00
5.333250000000000000e+03,-8.000000000000000000e+00,1.026838191517727594e+00
5.333250000000000000e+03,-7.000000000000000000e+00,1.027018501977566611e+00
5.333250000000000000e+03,-6.000000000000000000e+00,1.027176547104522886e+00
5.333250000000000000e+03,-5.000000000000000000e+00,1.027311568060813807e+00
5.333250000000000000e+03,-4.000000000000000000e+00,1.027422920453332722e+00
5.333250000000000000e+03,-3.000000000000000000e+00,1.027510076065943689e+00
5.333250000000000000e+03,-2.000000000000000000e+00,1.027572623760351300e+00
5.333250000000000000e+03,-1.000000000000000000e+00,1.027610269836992440e+00
5.333250000000000000e+03,0.000000000000000000e+00,1.027622838103327219e+00
5.333250000000000000e+03,1.000000000000000000e+00,1.027610269836992885e+00
5.333250000000000000e+03,2.000000000000000000e+00,1.027572623760351966e+00
5.333250000000000000e+03,3.000000000000000000e+00,1.027510076065943911e+00
5.333250000000000000e+03,4.000000000000000000e+00,1.027422920453332500e+00
5.333250000000000000e+03,5.000000000000000000e+00,1.027311568060812697e+00
5.333250000000000000e+03,6.000000000000000000e+00,1.027176547104523996e+00
5.333250000000000000e+03,7.000000000000000000e+00,1.027018501977567722e+00
5.333250000000000000e+03,8.000000000000000000e+00,1.026838191517726928e+00
5.333250000000000000e+03,9.000000000000000000e+00,1.026636486130396486e+00
5.333250000000000000e+03,1.000000000000000000e+01,1.026414363458401535e+00
5.333250000000000000e+03,1.100000000000000000e+01,1.026172902327234571e+00
5.333250000000000000e+03,1.200000000000000000e+01,1.025913274764115535e+00
5.333250000000000000e+03,1.300000000000000000e+01,1.025636735991064530e+00
5.333250000000000000e+03,1.400000000000000000e+01,1.025344612418759294e+00
5.333250000000000000e+03,1.500000000000000000e+01,1.025038287809600490e+00
5.333250000000000000e+03,1.600000000000000000e+01,1.024719187919698626e+00
5.333250000000000000e+03,1.700000000000000000e+01,1.024388764055092160e+00
5.333250000000000000e+03,1.800000000000000000e+01,1.024048476072631608e+00
5.333250000000000000e+03,1.900000000000000000e+01,1.023699775407639123e+00
5.333250000000000000e+03,2.000000000000000000e+01,1.023344088715404610e+00
5.333250000000000000e+03,2.100000000000000000e+01,1.022982802670115099e+00
5.333250000000000000e+03,2.200000000000000000e+01,1.022617250381553156e+00
5.333250000000000000e+03,2.300000000000000000e+01,1.022248699778210757e+00
5.333250000000000000e+03,2.400000000000000000e+01,1.021878344178617226e+00
5.333250000000000000e+03,2.500000000000000000e+01,1.021507295144660432e+00
5.333250000000000000e+03,2.600000000000000000e+01,1.021136577593740213e+00
5.333250000000000000e+03,2.700000000000000000e+01,1.020767127048209488e+00
5.333250000000000000e+03,2.800000000000000000e+01,1.020399788825237408e+00
5.333250000000000000e+03,2.900000000000000000e+01,1.020035318920843537e+00
5.333250000000000000e+03,3.000000000000000000e+01,1.019674386314889603e+00
5.500000000000000000e+03,-3.000000000000000000e+01,1.019674386314889603e+00
5.500000000000000000e+03,-2.900000000000000000e+01,1.020035318920839984e+00
5.500000000000000000e+03,-2.800000000000000000e+01,1.020399788825226750e+00
5.500000000000000000e+03,-2.700000000000000000e+01,1.020767127048227252e+00
5.500000000000000000e+03,-2.600000000000000000e+01,1.021136577593734884e+00
5.500000000000000000e+03,-2.500000000000000000e+01,1.021507295144665761e+00
5.500000000000000000e+03,-2.400000000000000000e+01,1.021878344178622555e+00
5.500000000000000000e+03,-2.300000000000000000e+01,1.022248699778208980e+00
5.500000000000000000e+03,-2.200000000000000000e+01,1.022617250381550491e+00
5.500000000000000000e+03,-2.100000000000000000e+01,1.022982802670119540e+00
5.500000000000000000e+03,-2.000000000000000000e+01,1.023344088715403721e+00
5.500000000000000000e+03,-1.900000000000000000e+01,1.023699775407635570e+00
5.500000000000000000e+03,-1.800000000000000000e+01,1.024048476072633385e+00
5.500000000000000000e+03,-1.700000000000000000e+01,1.024388764055095713e+00
5.500000000000000000e+03,-1.600000000000000000e+01,1.024719187919690633e+00
5.500000000000000000e+03,-1.500000000000000000e+01,1.025038287809604931e+00
5.500000000000000000e+03,-1.400000000000000000e+01,1.025344612418760182e+00
5.500000000000000000e+03,-1.300000000000000000e+01,1.025636735991062753e+00
5.500000000000000000e+03,-1.200000000000000000e+01,1.025913274764117311e+00
5.500000000000000000e+03,-1.100000000000000000e+01,1.026172902327231906e+00
5.500000000000000000e+03,-1.000000000000000000e+01,1.026414363458403090e+00
5.500000000000000000e+03,-9.000000000000000000e+00,1.026636486130396486e+00
5.500000000000000000e+03,-8.000000000000000000e+00,1.026838191517727594e+00
5.500000000000000000e+03,-7.000000000000000000e+00,1.027018501977566611e+00
5.500000000000000000e+03,-6.000000000000000000e+00,1.027176547104522886e+00
5.500000000000000000e+03,-5.000000000000000000e+00,1.027311568060813585e+00
5.500000000000000000e+03,-4.000000000000000000e+00,1.027422920453332722e+00
5.500000000000000000e+03,-3.000000000000000000e+00,1.027510076065943689e+00
5.500000000000000000e+03,-2.000000000000000000e+00,1.027572623760351300e+00
5.500000000000000000e+03,-1.000000000000000000e+00,1.027610269836992440e+00
5.500000000000000000e+03,0.000000000000000000e+00,1.027622838103327219e+00
5.500000000000000000e+03,1.000000000000000000e+00,1.027610269836992885e+00
5.500000000000000000e+03,2.000000000000000000e+00,1.027572623760351966e+00
5.500000000000000000e+03,3.000000000000000000e+00,1.027510076065943911e+00
5.500000000000000000e+03,4.000000000000000000e+00,1.027422920453332500e+00
5.500000000000000000e+03,5.000000000000000000e+00,1.027311568060812919e+00
5.500000000000000000e+03,6.000000000000000000e+00,1.027176547104523774e+00
5.500000000000000000e+03,7.000000000000000000e+00,1.027018501977567944e+00
5.500000000000000000e+03,8.000000000000000000e+00,1.026838191517726928e+00
5.500000000000000000e+03,9.000000000000000000e+00,1.026636486130396486e+00
5.500000000000000000e+03,1.000000000000000000e+01,1.026414363458401535e+00
5.500000000000000000e+03,1.100000000000000000e+01,1.026172902327234571e+00
5.500000000000000000e+03,1.200000000000000000e+01,1.025913274764115535e+00
5.500000000000000000e+03,1.300000000000000000e+01,1.025636735991064530e+00
5.500000000000000000e+03,1.400000000000000000e+01,1.025344612418759294e+00
5.500000000000000000e+03,1.500000000000000000e+01,1.025038287809600490e+00
5.500000000000000000e+03,1.600000000000000000e+01,1.024719187919698626e+00
5.500000000000000000e+03,1.700000000000000000e+01,1.024388764055092160e+00
5.500000000000000000e+03,1.800000000000000000e+01,1.024048476072631608e+00
5.500000000000000000e+03,1.900000000000000000e+01,1.023699775407639123e+00
5.500000000000000000e+03,2.000000000000000000e+01,1.023344088715404610e+00
5.500000000000000000e+03,2.100000000000000000e+01,1.022982802670115099e+00
5.500000000000000000e+03,2.200000000000000000e+01,1.022617250381553156e+00
5.500000000000000000e+03,2.300000000000000000e+01,1.022248699778210757e+00
5.500000000000000000e+03,2.400000000000000000e+01,1.021878344178617226e+00
5.500000000000000000e+03,2.500000000000000000e+01,1.021507295144660432e+00
5.500000000000000000e+03,2.600000000000000000e+01,1.021136577593740213e+00
5.500000000000000000e+03,2.700000000000000000e+01,1.020767127048209488e+00
5.500000000000000000e+03,2.800000000000000000e+01,1.020399788825237408e+00
5.500000000000000000e+03,2.900000000000000000e+01,1.020035318920843537e+00
5.500000000000000000e+03,3.000000000000000000e+01,1.019674386314889603e+00
5.666750000000000000e+03,-3.000000000000000000e+01,1.019674386314889603e+00
5.666750000000000000e+03,-2.900000000000000000e+01,1.020035318920839984e+00
5.666750000000000000e+03,-2.800000000000000000e+01,1.020399788825226750e+00
5.666750000000000000e+03,-2.700000000000000000e+01,1.020767127048227252e+00
5.666750000000000000e+03,-2.600000000000000000e+01,1.021136577593734884e+00
5.666750000000000000e+03,-2.500000000000000000e+01,1.021507295144665761e+00
5.666750000000000000e+03,-2.400000000000000000e+01,1.021878344178622555e+00
5.666750000000000000e+03,-2.300000000000000000e+01,1.022248699778208980e+00
5.666750000000000000e+03,-2.200000000000000000e+01,1.022617250381550491e+00
5.666750000000000000e+03,-2.100000000000000000e+01,1.022982802670119540e+00
5.666750000000000000e+03,-2.000000000000000000e+01,1.023344088715403721e+00
5.666750000000000000e+03,-1.900000000000000000e+01,1.023699775407635570e+00
5.666750000000000000e+03,-1.800000000000000000e+01,1.024048476072633385e+00
5.666750000000000000e+03,-1.700000000000000000e+01,1.024388764055095713e+00
5.666750000000000000e+03,-1.600000000000000000e+01,1.024719187919690633e+00
5.666750000000000000e+03,-1.500000000000000000e+01,1.025038287809604931e+00
5.666750000000000000e+03,-1.400000000000000000e+01,1.025344612418760182e+00
5.666750000000000000e+03,-1.300000000000000000e+01,1.025636735991062753e+00
5.666750000000000000e+03,-1.200000000000000000e+01,1.025913274764117311e+00
5.666750000000000000e+03,-1.100000000000000000e+01,1.026172902327231906e+00
5.666750000000000000e+03,-1.000000000000000000e+01,1.026414363458403090e+00
5.666750000000000000e+03,-9.000000000000000000e+00,1.026636486130396486e+00
5.666750000000000000e+03,-8.000000000000000000e+00,1.026838191517727594e+00
5.666750000000000000e+03,-7.000000000000000000e+00,1.027018501977566611e+00
5.666750000000000000e+03,-6.000000000000000000e+00,1.027176547104522886e+00
5.666750000000000000e+03,-5.000000000000000000e+00,1.027311568060813807e+00
5.666750000000000000e+03,-4.000000000000000000e+00,1.027422920453332722e+00
5.666750000000000000e+03,-3.000000000000000000e+00,1.027510076065943689e+00
5.666750000000000000e+03,-2.000000000000000000e+00,1.027572623760351300e+00
5.666750000000000000e+03,-1.000000000000000000e+00,1.027610269836992440e+00
5.666750000000000000e+03,0.000000000000000000e+00,1.027622838103327219e+00
5.666750000000000000e+03,1.000000000000000000e+00,1.027610269836992885e+00
5.666750000000000000e+03,2.000000000000000000e+00,1.027572623760351966e+00
5.666750000000000000e+03,3.000000000000000000e+00,1.027510076065943911e+00
5.666750000000000000e+03,4.000000000000000000e+00,1.027422920453332500e+00
5.666750000000000000e+03,5.000000000000000000e+00,1.027311568060812697e+00
5.666750000000000000e+03,6.000000000000000000e+00,1.027176547104523996e+00
5.666750000000000000e+03,7.000000000000000000e+00,1.027018501977567722e+00
5.666750000000000000e+03,8.000000000000000000e+00,1.026838191517726928e+00
5.666750000000000000e+03,9.000000000000000000e+00,1.026636486130396486e+00
5.666750000000000000e+03,1.000000000000000000e+01,1.026414363458401535e+00
5.666750000000000000e+03,1.100000000000000000e+01,1.026172902327234571e+00
5.666750000000000000e+03,1.200000000000000000e+01,1.025913274764115535e+00
5.666750000000000000e+03,1.300000000000000000e+01,1.025636735991064530e+00
5.666750000000000000e+03,1.400000000000000000e+01,1.025344612418759294e+00
5.666750000000000000e+03,1.500000000000000000e+01,1.025038287809600490e+00
5.666750000000000000e+03,1.600000000000000000e+01,1.024719187919698626e+00
5.666750000000000000e+03,1.700000000000000000e+01,1.024388764055092160e+00
5.666750000000000000e+03,1.800000000000000000e+01,1.024048476072631608e+00
5.666750000000000000e+03,1.900000000000000000e+01,1.023699775407639123e+00
5.666750000000000000e+03,2.000000000000000000e+01,1.023344088715404610e+00
5.666750000000000000e+03,2.100000000000000000e+01,1.022982802670115099e+00
5.666750000000000000e+03,2.200000000000000000e+01,1.022617250381553156e+00
5.666750000000000000e+03,2.300000000000000000e+01,1.022248699778210757e+00
5.666750000000000000e+03,2.400000000000000000e+01,1.021878344178617226e+00
5.666750000000000000e+03,2.500000000000000000e+01,1.021507295144660432e+00
5.666750000000000000e+03,2.600000000000000000e+01,1.021136577593740213e+00
5.666750000000000000e+03,2.700000000000000000e+01,1.020767127048209488e+00
5.666750000000000000e+03,2.800000000000000000e+01,1.020399788825237408e+00
5.666750000000000000e+03,2.900000000000000000e+01,1.020035318920843537e+00
5.666750000000000000e+03,3.000000000000000000e+01,1.019674386314889603e+00
5.833250000000000000e+03,-3.000000000000000000e+01,1.019674386314889603e+00
5.833250000000000000e+03,-2.900000000000000000e+01,1.020035318920839984e+00
5.833250000000000000e+03,-2.800000000000000000e+01,1.020399788825226750e+00
5.833250000000000000e+03,-2.700000000000000000e+01,1.020767127048227252e+00
5.833250000000000000e+03,-2.600000000000000000e+01,1.021136577593734884e+00
5.833250000000000000e+03,-2.500000000000000000e+01,1.021507295144665761e+00
5.833250000000000000e+03,-2.400000000000000000e+01,1.021878344178622555e+00
5.833250000000000000e+03,-2.300000000000000000e+01,1.022248699778208980e+00
5.833250000000000000e+03,-2.200000000000000000e+01,1.022617250381550491e+00
5.833250000000000000e+03,-2.100000000000000000e+01,1.022982802670119540e+00
5.833250000000000000e+03,-2.000000000000000000e+01,1.023344088715403721e+00
5.833250000000000000e+03,-1.900000000000000000e+01,1.023699775407635570e+00
5.833250000000000000e+03,-1.800000000000000000e+01,1.024048476072633385e+00
5.833250000000000000e+03,-1.700000000000000000e+01,1.024388764055095713e+00
5.833250000000000000e+03,-1.600000000000000000e+01,1.024719187919690633e+00
5.833250000000000000e+03,-1.500000000000000000e+01,1.025038287809604931e+00
5.833250000000000000e+03,-1.400000000000000000e+01,1.025344612418760182e+00
5.833250000000000000e+03,-1.300000000000000000e+01,1.025636735991062753e+00
5.833250000000000000e+03,-1.200000000000000000e+01,1.025913274764117311e+00
5.833250000000000000e+03,-1.100000000000000000e+01,1.026172902327231906e+00
5.833250000000000000e+03,-1.000000000000000000e+01,1.026414363458403090e+00
5.833250000000000000e+03,-9.000000000000000000e+00,1.026636486130396486e+00
5.833250000000000000e+03,-8.000000000000000000e+00,1.026838191517727594e+00
5.833250000000000000e+03,-7.000000000000000000e+00,1.027018501977566611e+00
5.833250000000000000e+03,-6.000000000000000000e+00,1.027176547104522886e+00
5.833250000000000000e+03,-5.000000000000000000e+00,1.027311568060813807e+00
5.833250000000000000e+03,-4.000000000000000000e+00,1.027422920453332722e+00
5.833250000000000000e+03,-3.000000000000000000e+00,1.027510076065943689e+00
5.833250000000000000e+03,-2.000000000000000000e+00,1.027572623760351300e+00
5.833250000000000000e+03,-1.000000000000000000e+00,1.027610269836992440e+00
5.833250000000000000e+03,0.000000000000000000e+00,1.027622838103327219e+00
5.833250000000000000e+03,1.000000000000000000e+00,1.027610269836992885e+00
5.833250000000000000e+03,2.000000000000000000e+00,1.027572623760351966e+00
5.833250000000000000e+03,3.000000000000000000e+00,1.027510076065943911e+00
5.833250000000000000e+03,4.000000000000000000e+00,1.027422920453332500e+00
5.833250000000000000e+03,5.000000000000000000e+00,1.027311568060812697e+00
5.833250000000000000e+03,6.000000000000000000e+00,1.027176547104523996e+00
5.833250000000000000e+03,7.000000000000000000e+00,1.027018501977567722e+00
5.833250000000000000e+03,8.000000000000000000e+00,1.026838191517726928e+00
5.833250000000000000e+03,9.000000000000000000e+00,1.026636486130396486e+00
5.833250000000000000e+03,1.000000000000000000e+01,1.026414363458401535e+00
5.833250000000000000e+03,1.100000000000000000e+01,1.026172902327234571e+00
5.833250000000000000e+03,1.200000000000000000e+01,1.025913274764115535e+00
5.833250000000000000e+03,1.300000000000000000e+01,1.025636735991064530e+00
5.833250000000000000e+03,1.400000000000000000e+01,1.025344612418759294e+00
5.833250000000000000e+03,1.500000000000000000e+01,1.025038287809600490e+00
5.833250000000000000e+03,1.600000000000000000e+01,1.024719187919698626e+00
5.833250000000000000e+03,1.700000000000000000e+01,1.024388764055092160e+00
5.833250000000000000e+03,1.800000000000000000e+01,1.024048476072631608e+00
5.833250000000000000e+03,1.900000000000000000e+01,1.023699775407639123e+00
5.833250000000000000e+03,2.000000000000000000e+01,1.023344088715404610e+00
5.833250000000000000e+03,2.100000000000000000e+01,1.022982802670115099e+00
5.833250000000000000e+03,2.200000000000000000e+01,1.022617250381553156e+00
5.833250000000000000e+03,2.300000000000000000e+01,1.022248699778210757e+00
5.833250000000000000e+03,2.400000000000000000e+01,1.021878344178617226e+00
5.833250000000000000e+03,2.500000000000000000e+01,1.021507295144660432e+00
5.833250000000000000e+03,2.600000000000000000e+01,1.021136577593740213e+00
5.833250000000000000e+03,2.700000000000000000e+01,1.020767127048209488e+00
5.833250000000000000e+03,2.800000000000000000e+01,1.020399788825237408e+00
5.833250000000000000e+03,2.900000000000000000e+01,1.020035318920843537e+00
5.833250000000000000e+03,3.000000000000000000e+01,1.019674386314889603e+00
6.000000000000000000e+03,-3.000000000000000000e+01,1.019674386314889603e+00
6.000000000000000000e+03,-2.900000000000000000e+01,1.020035318920839984e+00
6.000000000000000000e+03,-2.800000000000000000e+01,1.020399788825226750e+00
6.000000000000000000e+03,-2.700000000000000000e+01,1.020767127048227252e+00
6.000000000000000000e+03,-2.600000000000000000e+01,1.021136577593734884e+00
6.000000000000000000e+03,-2.500000000000000000e+01,1.021507295144665761e+00
6.000000000000000000e+03,-2.400000000000000000e+01,1.021878344178622555e+00
6.000000000000000000e+03,-2.300000000000000000e+01,1.022248699778208980e+00
6.000000000000000000e+03,-2.200000000000000000e+01,1.022617250381550491e+00
6.000000000000000000e+03,-2.100000000000000000e+01,1.022982802670119540e+00
6.000000000000000000e+03,-2.000000000000000000e+01,1.023344088715403721e+00
6.000000000000000000e+03,-1.900000000000000000e+01,1.023699775407635570e+00
6.000000000000000000e+03,-1.800000000000000000e+01,1.024048476072633385e+00
6.000000000000000000e+03,-1.700000000000000000e+01,1.024388764055095713e+00
6.000000000000000000e+03,-1.600000000000000000e+01,1.024719187919690633e+00
6.000000000000000000e+03,-1.500000000000000000e+01,1.025038287809604931e+00
6.000000000000000000e+03,-1.400000000000000000e+01,1.025344612418760182e+00
6.000000000000000000e+03,-1.300000000000000000e+01,1.025636735991062753e+00
6.000000000000000000e+03,-1.200000000000000000e+01,1.025913274764117311e+00
6.000000000000000000e+03,-1.100000000000000000e+01,1.026172902327231906e+00
6.000000000000000000e+03,-1.000000000000000000e+01,1.026414363458403090e+00
6.000000000000000000e+03,-9.000000000000000000e+00,1.026636486130396486e+00
6.000000000000000000e+03,-8.000000000000000000e+00,1.026838191517727594e+00
6.000000000000000000e+03,-7.000000000000000000e+00,1.027018501977566611e+00
6.000000000000000000e+03,-6.000000000000000000e+00,1.027176547104522886e+00
6.000000000000000000e+03,-5.000000000000000000e+00,1.027311568060813585e+00
6.000000000000000000e+03,-4.000000000000000000e+00,1.027422920453332722e+00
6.000000000000000000e+03,-3.000000000000000000e+00,1.027510076065943689e+00
6.000000000000000000e+03,-2.000000000000000000e+00,1.027572623760351300e+00
6.000000000000000000e+03,-1.000000000000000000e+00,1.027610269836992440e+00
6.000000000000000000e+03,0.000000000000000000e+00,1.027622838103327219e+00
6.000000000000000000e+03,1.000000000000000000e+00,1.027610269836992885e+00
6.000000000000000000e+03,2.000000000000000000e+00,1.027572623760351966e+00
6.000000000000000000e+03,3.000000000000000000e+00,1.027510076065943911e+00
6.000000000000000000e+03,4.000000000000000000e+00,1.027422920453332500e+00
6.000000000000000000e+03,5.000000000000000000e+00,1.027311568060812919e+00
6.000000000000000000e+03,6.000000000000000000e+00,1.027176547104523774e+00
6.000000000000000000e+03,7.000000000000000000e+00,1.027018501977567944e+00
6.000000000000000000e+03,8.000000000000000000e+00,1.026838191517726928e+00
6.000000000000000000e+03,9.000000000000000000e+00,1.026636486130396486e+00
6.000000000000000000e+03,1.000000000000000000e+01,1.026414363458401535e+00
6.000000000000000000e+03,1.100000000000000000e+01,1.026172902327234571e+00
6.000000000000000000e+03,1.200000000000000000e+01,1.025913274764115535e+00
6.000000000000000000e+03,1.300000000000000000e+01,1.025636735991064530e+00
6.000000000000000000e+03,1.400000000000000000e+01,1.025344612418759294e+00
6.000000000000000000e+03,1.500000000000000000e+01,1.025038287809600490e+00
6.000000000000000000e+03,1.600000000000000000e+01,1.024719187919698626e+00
6.000000000000000000e+03,1.700000000000000000e+01,1.024388764055092160e+00
6.000000000000000000e+03,1.800000000000000000e+01,1.024048476072631608e+00
6.000000000000000000e+03,1.900000000000000000e+01,1.023699775407639123e+00
6.000000000000000000e+03,2.000000000000000000e+01,1.023344088715404610e+00
6.000000000000000000e+03,2.100000000000000000e+01,1.022982802670115099e+00
6.000000000000000000e+03,2.200000000000000000e+01,1.022617250381553156e+00
6.000000000000000000e+03,2.300000000000000000e+01,1.022248699778210757e+00
6.000000000000000000e+03,2.400000000000000000e+01,1.021878344178617226e+00
6.000000000000000000e+03,2.500000000000000000e+01,1.021507295144660432e+00
6.000000000000000000e+03,2.600000000000000000e+01,1.021136577593740213e+00
6.000000000000000000e+03,2.700000000000000000e+01,1.020767127048209488e+00
6.000000000000000000e+03,2.800000000000000000e+01,1.020399788825237408e+00
6.000000000000000000e+03,2.900000000000000000e+01,1.020035318920843537e+00
6.000000000000000000e+03,3.000000000000000000e+01,1.019674386314889603e+00
6.166750000000000000e+03,-3.000000000000000000e+01,1.019674386314889603e+00
6.166750000000000000e+03,-2.900000000000000000e+01,1.020035318920839984e+00
6.166750000000000000e+03,-2.800000000000000000e+01,1.020399788825226750e+00
6.166750000000000000e+03,-2.700000000000000000e+01,1.020767127048227252e+00
6.166750000000000000e+03,-2.600000000000000000e+01,1.021136577593734884e+00
6.166750000000000000e+03,-2.500000000000000000e+01,1.021507295144665761e+00
6.166750000000000000e+03,-2.400000000000000000e+01,1.021878344178622555e+00
6.166750000000000000e+03,-2.300000000000000000e+01,1.022248699778208980e+00
6.166750000000000000e+03,-2.200000000000000000e+01,1.022617250381550491e+00
6.166750000000000000e+03,-2.100000000000000000e+01,1.022982802670119540e+00
6.166750000000000000e+03,-2.000000000000000000e+01,1.023344088715403721e+00
6.166750000000000000e+03,-1.900000000000000000e+01,1.023699775407635570e+00
6.166750000000000000e+03,-1.800000000000000000e+01,1.024048476072633385e+00
6.166750000000000000e+03,-1.700000000000000000e+01,1.024388764055095713e+00
6.166750000000000000e+03,-1.600000000000000000e+01,1.024719187919690633e+00
6.166750000000000000e+03,-1.500000000000000000e+01,1.025038287809604931e+00
6.166750000000000000e+03,-1.400000000000000000e+01,1.025344612418760182e+00
6.166750000000000000e+03,-1.300000000000000000e+01,1.025636735991062753e+00
6.166750000000000000e+03,-1.200000000000000000e+01,1.025913274764117311e+00
6.166750000000000000e+03,-1.100000000000000000e+01,1.026172902327231906e+00
6.166750000000000000e+03,-1.000000000000000000e+01,1.026414363458403090e+00
6.166750000000000000e+03,-9.000000000000000000e+00,1.026636486130396486e+00
6.166750000000000000e+03,-8.000000000000000000e+00,1.026838191517727594e+00
6.166750000000000000e+03,-7.000000000000000000e+00,1.027018501977566611e+00
6.166750000000000000e+03,-6.000000000000000000e+00,1.027176547104522886e+00
6.166750000000000000e+03,-5.000000000000000000e+00,1.027311568060813807e+00
6.166750000000000000e+03,-4.000000000000000000e+00,1.027422920453332722e+00
6.166750000000000000e+03,-3.000000000000000000e+00,1.027510076065943689e+00
6.166750000000000000e+03,-2.000000000000000000e+00,1.027572623760351300e+00
6.166750000000000000e+03,-1.000000000000000000e+00,1.027610269836992440e+00
6.166750000000000000e+03,0.000000000000000000e+00,1.027622838103327219e+00
6.166750000000000000e+03,1.000000000000000000e+00,1.027610269836992885e+00
6.166750000000000000e+03,2.000000000000000000e+00,1.027572623760351966e+00
6.166750000000000000e+03,3.000000000000000000e+00,1.027510076065943911e+00
6.166750000000000000e+03,4.000000000000000000e+00,1.027422920453332500e+00
6.166750000000000000e+03,5.000000000000000000e+00,1.027311568060812697e+00
6.166750000000000000e+03,6.000000000000000000e+00,1.027176547104523996e+00
6.166750000000000000e+03,7.000000000000000000e+00,1.027018501977567722e+00
6.166750000000000000e+03,8.000000000000000000e+00,1.026838191517726928e+00
6.166750000000000000e+03,9.000000000000000000e+00,1.026636486130396486e+00
6.166750000000000000e+03,1.000000000000000000e+01,1.026414363458401535e+00
6.166750000000000000e+03,1.100000000000000000e+01,1.026172902327234571e+00
6.166750000000000000e+03,1.200000000000000000e+01,1.025913274764115535e+00
6.166750000000000000e+03,1.300000000000000000e+01,1.025636735991064530e+00
6.166750000000000000e+03,1.400000000000000000e+01,1.025344612418759294e+00
6.166750000000000000e+03,1.500000000000000000e+01,1.025038287809600490e+00
6.166750000000000000e+03,1.600000000000000000e+01,1.024719187919698626e+00
6.166750000000000000e+03,1.700000000000000000e+01,1.024388764055092160e+00
6.166750000000000000e+03,1.800000000000000000e+01,1.024048476072631608e+00
6.166750000000000000e+03,1.900000000000000000e+01,1.023699775407639123e+00
6.166750000000000000e+03,2.000000000000000000e+01,1.023344088715404610e+00
6.166750000000000000e+03,2.100000000000000000e+01,1.022982802670115099e+00
6.166750000000000000e+03,2.200000000000000000e+01,1.022617250381553156e+00
6.166750000000000000e+03,2.300000000000000000e+01,1.022248699778210757e+00
6.166750000000000000e+03,2.400000000000000000e+01,1.021878344178617226e+00
6.166750000000000000e+03,2.500000000000000000e+01,1.021507295144660432e+00
6.166750000000000000e+03,2.600000000000000000e+01,1.021136577593740213e+00
6.166750000000000000e+03,2.700000000000000000e+01,1.020767127048209488e+00
6.166750000000000000e+03,2.800000000000000000e+01,1.020399788825237408e+00
6.166750000000000000e+03,2.900000000000000000e+01,1.020035318920843537e+00
6.166750000000000000e+03,3.000000000000000000e+01,1.019674386314889603e+00
6.333250000000000000e+03,-3.000000000000000000e+01,1.019674386314889603e+00
6.333250000000000000e+03,-2.900000000000000000e+01,1.020035318920839984e+00
6.333250000000000000e+03,-2.800000000000000000e+01,1.020399788825226750e+00
6.333250000000000000e+03,-2.700000000000000000e+01,1.020767127048227252e+00
6.333250000000000000e+03,-2.600000000000000000e+01,1.021136577593734884e+00
6.333250000000000000e+03,-2.500000000000000000e+01,1.021507295144665761e+00
6.333250000000000000e+03,-2.400000000000000000e+01,1.021878344178622555e+00
6.333250000000000000e+03,-2.300000000000000000e+01,1.022248699778208980e+00
6.333250000000000000e+03,-2.200000000000000000e+01,1.022617250381550491e+00
6.333250000000000000e+03,-2.100000000000000000e+01,1.022982802670119540e+00
6.333250000000000000e+03,-2.000000000000000000e+01,1.023344088715403721e+00
6.333250000000000000e+03,-1.900000000000000000e+01,1.023699775407635570e+00
6.333250000000000000e+03,-1.800000000000000000e+01,1.024048476072633385e+00
6.333250000000000000e+03,-1.700000000000000000e+01,1.024388764055095713e+00
6.333250000000000000e+03,-1.600000000000000000e+01,1.024719187919690633e+00
6.333250000000000000e+03,-1.500000000000000000e+01,1.025038287809604931e+00
6.333250000000000000e+03,-1.400000000000000000e+01,1.025344612418760182e+00
6.333250000000000000e+03,-1.300000000000000000e+01,1.025636735991062753e+00
6.333250000000000000e+03,-1.200000000000000000e+01,1.025913274764117311e+00
6.333250000000000000e+03,-1.100000000000000000e+01,1.026172902327231906e+00
6.333250000000000000e+03,-1.000000000000000000e+01,1.026414363458403090e+00
6.333250000000000000e+03,-9.000000000000000000e+00,1.026636486130396486e+00
6.333250000000000000e+03,-8.000000000000000000e+00,1.026838191517727594e+00
6.333250000000000000e+03,-7.000000000000000000e+00,1.027018501977566611e+00
6.333250000000000000e+03,-6.000000000000000000e+00,1.027176547104522886e+00
6.333250000000000000e+03,-5.000000000000000000e+00,1.027311568060813807e+00
6.333250000000000000e+03,-4.000000000000000000e+00,1.027422920453332722e+00
6.333250000000000000e+03,-3.000000000000000000e+00,1.027510076065943689e+00
6.333250000000000000e+03,-2.000000000000000000e+00,1.027572623760351300e+00
6.333250000000000000e+03,-1.000000000000000000e+00,1.027610269836992440e+00
6.333250000000000000e+03,0.000000000000000000e+00,1.027622838103327219e+00
6.333250000000000000e+03,1.000000000000000000e+00,1.027610269836992885e+00
6.333250000000000000e+03,2.000000000000000000e+00,1.027572623760351966e+00
6.333250000000000000e+03,3.000000000000000000e+00,1.027510076065943911e+00
6.333250000000000000e+03,4.000000000000000000e+00,1.027422920453332500e+00
6.333250000000000000e+03,5.000000000000000000e+00,1.027311568060812697e+00
6.333250000000000000e+03,6.000000000000000000e+00,1.027176547104523996e+00
6.333250000000000000e+03,7.000000000000000000e+00,1.027018501977567722e+00
6.333250000000000000e+03,8.000000000000000000e+00,1.026838191517726928e+00
6.333250000000000000e+03,9.000000000000000000e+00,1.026636486130396486e+00
6.333250000000000000e+03,1.000000000000000000e+01,1.026414363458401535e+00
6.333250000000000000e+03,1.100000000000000000e+01,1.026172902327234571e+00
6.333250000000000000e+03,1.200000000000000000e+01,1.025913274764115535e+00
6.333250000000000000e+03,1.300000000000000000e+01,1.025636735991064530e+00
6.333250000000000000e+03,1.400000000000000000e+01,1.025344612418759294e+00
6.333250000000000000e+03,1.500000000000000000e+01,1.025038287809600490e+00
6.333250000000000000e+03,1.600000000000000000e+01,1.024719187919698626e+00
6.333250000000000000e+03,1.700000000000000000e+01,1.024388764055092160e+00
6.333250000000000000e+03,1.800000000000000000e+01,1.024048476072631608e+00
6.333250000000000000e+03,1.900000000000000000e+01,1.023699775407639123e+00
6.333250000000000000e+03,2.000000000000000000e+01,1.023344088715404610e+00
6.333250000000000000e+03,2.100000000000000000e+01,1.022982802670115099e+00
6.333250000000000000e+03,2.200000000000000000e+01,1.022617250381553156e+00
6.333250000000000000e+03,2.300000000000000000e+01,1.022248699778210757e+00
6.333250000000000000e+03,2.400000000000000000e+01,1.021878344178617226e+00
6.333250000000000000e+03,2.500000000000000000e+01,1.021507295144660432e+00
6.333250000000000000e+03,2.600000000000000000e+01,1.021136577593740213e+00
6.333250000000000000e+03,2.700000000000000000e+01,1.020767127048209488e+00
6.333250000000000000e+03,2.800000000000000000e+01,1.020399788825237408e+00
6.333250000000000000e+03,2.900000000000000000e+01,1.020035318920843537e+00
6.333250000000000000e+03,3.000000000000000000e+01,1.019674386314889603e+00
6.500000000000000000e+03,-3.000000000000000000e+01,1.019674386314889603e+00
6.500000000000000000e+03,-2.900000000000000000e+01,1.020035318920839984e+00
6.500000000000000000e+03,-2.800000000000000000e+01,1.020399788825226750e+00
6.500000000000000000e+03,-2.700000000000000000e+01,1.020767127048227252e+00
6.500000000000000000e+03,-2.600000000000000000e+01,1.021136577593734884e+00
6.500000000000000000e+03,-2.500000000000000000e+01,1.021507295144665761e+00
6.500000000000000000e+03,-2.400000000000000000e+01,1.021878344178622555e+00
6.500000000000000000e+03,-2.300000000000000000e+01,1.022248699778208980e+00
6.500000000000000000e+03,-2.200000000000000000e+01,1.022617250381550491e+00
6.500000000000000000e+03,-2.100000000000000000e+01,1.022982802670119540e+00
6.500000000000000000e+03,-2.000000000000000000e+01,1.023344088715403721e+00
6.500000000000000000e+03,-1.900000000000000000e+01,1.023699775407635570e+00
6.500000000000000000e+03,-1.800000000000000000e+01,1.024048476072633385e+00
6.500000000000000000e+03,-1.700000000000000000e+01,1.024388764055095713e+00
6.500000000000000000e+03,-1.600000000000000000e+01,1.024719187919690633e+00
6.500000000000000000e+03,-1.500000000000000000e+01,1.025038287809604931e+00
6.500000000000000000e+03,-1.400000000000000000e+01,1.025344612418760182e+00
6.500000000000000000e+03,-1.300000000000000000e+01,1.025636735991062753e+00
6.500000000000000000e+03,-1.200000000000000000e+01,1.025913274764117311e+00
6.500000000000000000e+03,-1.100000000000000000e+01,1.026172902327231906e+00
6.500000000000000000e+03,-1.000000000000000000e+01,1.026414363458403090e+00
6.500000000000000000e+03,-9.000000000000000000e+00,1.026636486130396486e+00
6.500000000000000000e+03,-8.000000000000000000e+00,1.026838191517727594e+00
6.500000000000000000e+03,-7.000000000000000000e+00,1.027018501977566611e+00
6.500000000000000000e+03,-6.000000000000000000e+00,1.027176547104522886e+00
6.500000000000000000e+03,-5.000000000000000000e+00,1.027311568060813585e+00
6.500000000000000000e+03,-4.000000000000000000e+00,1.027422920453332722e+00
6.500000000000000000e+03,-3.000000000000000000e+00,1.027510076065943689e+00
6.500000000000000000e+03,-2.000000000000000000e+00,1.027572623760351300e+00
6.500000000000000000e+03,-1.000000000000000000e+00,1.027610269836992440e+00
6.500000000000000000e+03,0.000000000000000000e+00,1.027622838103327219e+00
6.500000000000000000e+03,1.000000000000000000e+00,1.027610269836992885e+00
6.500000000000000000e+03,2.000000000000000000e+00,1.027572623760351966e+00
6.500000000000000000e+03,3.000000000000000000e+00,1.027510076065943911e+00
6.500000000000000000e+03,4.000000000000000000e+00,1.027422920453332500e+00
6.500000000000000000e+03,5.000000000000000000e+00,1.027311568060812919e+00
6.500000000000000000e+03,6.000000000000000000e+00,1.027176547104523774e+00
6.500000000000000000e+03,7.000000000000000000e+00,1.027018501977567944e+00
6.500000000000000000e+03,8.000000000000000000e+00,1.026838191517726928e+00
6.500000000000000000e+03,9.000000000000000000e+00,1.026636486130396486e+00
6.500000000000000000e+03,1.000000000000000000e+01,1.026414363458401535e+00
6.500000000000000000e+03,1.100000000000000000e+01,1.026172902327234571e+00
6.500000000000000000e+03,1.200000000000000000e+01,1.025913274764115535e+00
6.500000000000000000e+03,1.300000000000000000e+01,1.025636735991064530e+00
6.500000000000000000e+03,1.400000000000000000e+01,1.025344612418759294e+00
6.500000000000000000e+03,1.500000000000000000e+01,1.025038287809600490e+00
6.500000000000000000e+03,1.600000000000000000e+01,1.024719187919698626e+00
6.500000000000000000e+03,1.700000000000000000e+01,1.024388764055092160e+00
6.500000000000000000e+03,1.800000000000000000e+01,1.024048476072631608e+00
6.500000000000000000e+03,1.900000000000000000e+01,1.023699775407639123e+00
6.500000000000000000e+03,2.000000000000000000e+01,1.023344088715404610e+00
6.500000000000000000e+03,2.100000000000000000e+01,1.022982802670115099e+00
6.500000000000000000e+03,2.200000000000000000e+01,1.022617250381553156e+00
6.500000000000000000e+03,2.300000000000000000e+01,1.022248699778210757e+00
6.500000000000000000e+03,2.400000000000000000e+01,1.021878344178617226e+00
6.500000000000000000e+03,2.500000000000000000e+01,1.021507295144660432e+00
6.500000000000000000e+03,2.600000000000000000e+01,1.021136577593740213e+00
6.500000000000000000e+03,2.700000000000000000e+01,1.020767127048209488e+00
6.500000000000000000e+03,2.800000000000000000e+01,1.020399788825237408e+00
6.500000000000000000e+03,2.900000000000000000e+01,1.020035318920843537e+00
6.500000000000000000e+03,3.000000000000000000e+01,1.019674386314889603e+00
6.666750000000000000e+03,-3.000000000000000000e+01,1.019674386314889603e+00
6.666750000000000000e+03,-2.900000000000000000e+01,1.020035318920839984e+00
6.666750000000000000e+03,-2.800000000000000000e+01,1.020399788825226750e+00
6.666750000000000000e+03,-2.700000000000000000e+01,1.020767127048227252e+00
6.666750000000000000e+03,-2.600000000000000000e+01,1.021136577593734884e+00
6.666750000000000000e+03,-2.500000000000000000e+01,1.021507295144665761e+00
6.666750000000000000e+03,-2.400000000000000000e+01,1.021878344178622555e+00
6.666750000000000000e+03,-2.300000000000000000e+01,1.022248699778208980e+00
6.666750000000000000e+03,-2.200000000000000000e+01,1.022617250381550491e+00
6.666750000000000000e+03,-2.100000000000000000e+01,1.022982802670119540e+00
6.666750000000000000e+03,-2.000000000000000000e+01,1.023344088715403721e+00
6.666750000000000000e+03,-1.900000000000000000e+01,1.023699775407635570e+00
6.666750000000000000e+03,-1.800000000000000000e+01,1.024048476072633385e+00
6.666750000000000000e+03,-1.700000000000000000e+01,1.024388764055095713e+00
6.666750000000000000e+03,-1.600000000000000000e+01,1.024719187919690633e+00
6.666750000000000000e+03,-1.500000000000000000e+01,1.025038287809604931e+00
6.666750000000000000e+03,-1.400000000000000000e+01,1.025344612418760182e+00
6.666750000000000000e+03,-1.300000000000000000e+01,1.025636735991062753e+00
6.666750000000000000e+03,-1.200000000000000000e+01,1.025913274764117311e+00
6.666750000000000000e+03,-1.100000000000000000e+01,1.026172902327231906e+00
6.666750000000000000e+03,-1.000000000000000000e+01,1.026414363458403090e+00
6.666750000000000000e+03,-9.000000000000000000e+00,1.026636486130396486e+00
6.666750000000000000e+03,-8.000000000000000000e+00,1.026838191517727594e+00
6.666750000000000000e+03,-7.000000000000000000e+00,1.027018501977566611e+00
6.666750000000000000e+03,-6.000000000000000000e+00,1.027176547104522886e+00
6.666750000000000000e+03,-5.000000000000000000e+00,1.027311568060813807e+00
6.666750000000000000e+03,-4.000000000000000000e+00,1.027422920453332722e+00
6.666750000000000000e+03,-3.000000000000000000e+00,1.027510076065943689e+00
6.666750000000000000e+03,-2.000000000000000000e+00,1.027572623760351300e+00
6.666750000000000000e+03,-1.000000000000000000e+00,1.027610269836992440e+00
6.666750000000000000e+03,0.000000000000000000e+00,1.027622838103327219e+00
6.666750000000000000e+03,1.000000000000000000e+00,1.027610269836992885e+00
6.666750000000000000e+03,2.000000000000000000e+00,1.027572623760351966e+00
6.666750000000000000e+03,3.000000000000000000e+00,1.027510076065943911e+00
6.666750000000000000e+03,4.000000000000000000e+00,1.027422920453332500e+00
6.666750000000000000e+03,5.000000000000000000e+00,1.027311568060812697e+00
6.666750000000000000e+03,6.000000000000000000e+00,1.027176547104523996e+00
6.666750000000000000e+03,7.000000000000000000e+00,1.027018501977567722e+00
6.666750000000000000e+03,8.000000000000000000e+00,1.026838191517726928e+00
6.666750000000000000e+03,9.000000000000000000e+00,1.026636486130396486e+00
6.666750000000000000e+03,1.000000000000000000e+01,1.026414363458401535e+00
6.666750000000000000e+03,1.100000000000000000e+01,1.026172902327234571e+00
6.666750000000000000e+03,1.200000000000000000e+01,1.025913274764115535e+00
6.666750000000000000e+03,1.300000000000000000e+01,1.025636735991064530e+00
6.666750000000000000e+03,1.400000000000000000e+01,1.025344612418759294e+00
6.666750000000000000e+03,1.500000000000000000e+01,1.025038287809600490e+00
6.666750000000000000e+03,1.600000000000000000e+01,1.024719187919698626e+00
6.666750000000000000e+03,1.700000000000000000e+01,1.024388764055092160e+00
6.666750000000000000e+03,1.800000000000000000e+01,1.024048476072631608e+00
6.666750000000000000e+03,1.900000000000000000e+01,1.023699775407639123e+00
6.666750000000000000e+03,2.000000000000000000e+01,1.023344088715404610e+00
6.666750000000000000e+03,2.100000000000000000e+01,1.022982802670115099e+00
6.666750000000000000e+03,2.200000000000000000e+01,1.022617250381553156e+00
6.666750000000000000e+03,2.300000000000000000e+01,1.022248699778210757e+00
6.666750000000000000e+03,2.400000000000000000e+01,1.021878344178617226e+00
6.666750000000000000e+03,2.500000000000000000e+01,1.021507295144660432e+00
6.666750000000000000e+03,2.600000000000000000e+01,1.021136577593740213e+00
6.666750000000000000e+03,2.700000000000000000e+01,1.020767127048209488e+00
6.666750000000000000e+03,2.800000000000000000e+01,1.020399788825237408e+00
6.666750000000000000e+03,2.900000000000000000e+01,1.020035318920843537e+00
6.666750000000000000e+03,3.000000000000000000e+01,1.019674386314889603e+00
6.833250000000000000e+03,-3.000000000000000000e+01,1.019674386314889603e+00
6.833250000000000000e+03,-2.900000000000000000e+01,1.020035318920839984e+00
6.833250000000000000e+03,-2.800000000000000000e+01,1.020399788825226750e+00
6.833250000000000000e+03,-2.700000000000000000e+01,1.020767127048227252e+00
6.833250000000000000e+03,-2.600000000000000000e+01,1.021136577593734884e+00
6.833250000000000000e+03,-2.500000000000000000e+01,1.021507295144665761e+00
6.833250000000000000e+03,-2.400000000000000000e+01,1.021878344178622555e+00
6.833250000000000000e+03,-2.300000000000000000e+01,1.022248699778208980e+00
6.833250000000000000e+03,-2.200000000000000000e+01,1.022617250381550491e+00
6.833250000000000000e+03,-2.100000000000000000e+01,1.022982802670119540e+00
6.833250000000000000e+03,-2.000000000000000000e+01,1.023344088715403721e+00
6.833250000000000000e+03,-1.900000000000000000e+01,1.023699775407635570e+00
6.833250000000000000e+03,-1.800000000000000000e+01,1.024048476072633385e+00
6.833250000000000000e+03,-1.700000000000000000e+01,1.024388764055095713e+00
6.833250000000000000e+03,-1.600000000000000000e+01,1.024719187919690633e+00
6.833250000000000000e+03,-1.500000000000000000e+01,1.025038287809604931e+00
6.833250000000000000e+03,-1.400000000000000000e+01,1.025344612418760182e+00
6.833250000000000000e+03,-1.300000000000000000e+01,1.025636735991062753e+00
6.833250000000000000e+03,-1.200000000000000000e+01,1.025913274764117311e+00
6.833250000000000000e+03,-1.100000000000000000e+01,1.026172902327231906e+00
6.833250000000000000e+03,-1.000000000000000000e+01,1.026414363458403090e+00
6.833250000000000000e+03,-9.000000000000000000e+00,1.026636486130396486e+00
6.833250000000000000e+03,-8.000000000000000000e+00,1.026838191517727594e+00
6.833250000000000000e+03,-7.000000000000000000e+00,1.027018501977566611e+00
6.833250000000000000e+03,-6.000000000000000000e+00,1.027176547104522886e+00
6.833250000000000000e+03,-5.000000000000000000e+00,1.027311568060813807e+00
6.833250000000000000e+03,-4.000000000000000000e+00,1.027422920453332722e+00
6.833250000000000000e+03,-3.000000000000000000e+00,1.027510076065943689e+00
6.833250000000000000e+03,-2.000000000000000000e+00,1.027572623760351300e+00
6.833250000000000000e+03,-1.000000000000000000e+00,1.027610269836992440e+00
6.833250000000000000e+03,0.000000000000000000e+00,1.027622838103327219e+00
6.833250000000000000e+03,1.000000000000000000e+00,1.027610269836992885e+00
6.833250000000000000e+03,2.000000000000000000e+00,1.027572623760351966e+00
6.833250000000000000e+03,3.000000000000000000e+00,1.027510076065943911e+00
6.833250000000000000e+03,4.000000000000000000e+00,1.027422920453332500e+00
6.833250000000000000e+03,5.000000000000000000e+00,1.027311568060812697e+00
6.833250000000000000e+03,6.000000000000000000e+00,1.027176547104523996e+00
6.833250000000000000e+03,7.000000000000000000e+00,1.027018501977567722e+00
6.833250000000000000e+03,8.000000000000000000e+00,1.026838191517726928e+00
6.833250000000000000e+03,9.000000000000000000e+00,1.026636486130396486e+00
6.833250000000000000e+03,1.000000000000000000e+01,1.026414363458401535e+00
6.833250000000000000e+03,1.100000000000000000e+01,1.026172902327234571e+00
6.833250000000000000e+03,1.200000000000000000e+01,1.025913274764115535e+00
6.833250000000000000e+03,1.300000000000000000e+01,1.025636735991064530e+00
6.833250000000000000e+03,1.400000000000000000e+01,1.025344612418759294e+00
6.833250000000000000e+03,1.500000000000000000e+01,1.025038287809600490e+00
6.833250000000000000e+03,1.600000000000000000e+01,1.024719187919698626e+00
6.833250000000000000e+03,1.700000000000000000e+01,1.024388764055092160e+00
6.833250000000000000e+03,1.800000000000000000e+01,1.024048476072631608e+00
6.833250000000000000e+03,1.900000000000000000e+01,1.023699775407639123e+00
6.833250000000000000e+03,2.000000000000000000e+01,1.023344088715404610e+00
6.833250000000000000e+03,2.100000000000000000e+01,1.022982802670115099e+00
6.833250000000000000e+03,2.200000000000000000e+01,1.022617250381553156e+00
6.833250000000000000e+03,2.300000000000000000e+01,1.022248699778210757e+00
6.833250000000000000e+03,2.400000000000000000e+01,1.021878344178617226e+00
6.833250000000000000e+03,2.500000000000000000e+01,1.021507295144660432e+00
6.833250000000000000e+03,2.600000000000000000e+01,1.021136577593740213e+00
6.833250000000000000e+03,2.700000000000000000e+01,1.020767127048209488e+00
6.833250000000000000e+03,2.800000000000000000e+01,1.020399788825237408e+00
6.833250000000000000e+03,2.900000000000000000e+01,1.020035318920843537e+00
6.833250000000000000e+03,3.000000000000000000e+01,1.019674386314889603e+00
7.000000000000000000e+03,-3.000000000000000000e+01,1.019674386314889603e+00
7.000000000000000000e+03,-2.900000000000000000e+01,1.020035318920839984e+00
7.000000000000000000e+03,-2.800000000000000000e+01,1.020399788825226750e+00
7.000000000000000000e+03,-2.700000000000000000e+01,1.020767127048227252e+00
7.000000000000000000e+03,-2.600000000000000000e+01,1.021136577593734884e+00
7.000000000000000000e+03,-2.500000000000000000e+01,1.021507295144665761e+00
7.000000000000000000e+03,-2.400000000000000000e+01,1.021878344178622555e+00
7.000000000000000000e+03,-2.300000000000000000e+01,1.022248699778208980e+00
7.000000000000000000e+03,-2.200000000000000000e+01,1.022617250381550491e+00
7.000000000000000000e+03,-2.100000000000000000e+01,1.022982802670119540e+00
7.000000000000000000e+03,-2.000000000000000000e+01,1.023344088715403721e+00
7.000000000000000000e+03,-1.900000000000000000e+01,1.023699775407635570e+00
7.000000000000000000e+03,-1.800000000000000000e+01,1.024048476072633385e+00
7.000000000000000000e+03,-1.700000000000000000e+01,1.024388764055095713e+00
7.000000000000000000e+03,-1.600000000000000000e+01,1.024719187919690633e+00
7.000000000000000000e+03,-1.500000000000000000e+01,1.025038287809604931e+00
7.000000000000000000e+03,-1.400000000000000000e+01,1.025344612418760182e+00
7.000000000000000000e+03,-1.300000000000000000e+01,1.025636735991062753e+00
7.000000000000000000e+03,-1.200000000000000000e+01,1.025913274764117311e+00
7.000000000000000000e+03,-1.100000000000000000e+01,1.026172902327231906e+00
7.000000000000000000e+03,-1.000000000000000000e+01,1.026414363458403090e+00
7.000000000000000000e+03,-9.000000000000000000e+00,1.026636486130396486e+00
7.000000000000000000e+03,-8.000000000000000000e+00,1.026838191517727594e+00
7.000000000000000000e+03,-7.000000000000000000e+00,1.027018501977566611e+00
7.000000000000000000e+03,-6.000000000000000000e+00,1.027176547104522886e+00
7.000000000000000000e+03,-5.000000000000000000e+00,1.027311568060813585e+00
7.000000000000000000e+03,-4.000000000000000000e+00,1.027422920453332722e+00
7.000000000000000000e+03,-3.000000000000000000e+00,1.027510076065943689e+00
7.000000000000000000e+03,-2.000000000000000000e+00,1.027572623760351300e+00
7.000000000000000000e+03,-1.000000000000000000e+00,1.027610269836992440e+00
7.000000000000000000e+03,0.000000000000000000e+00,1.027622838103327219e+00
7.000000000000000000e+03,1.000000000000000000e+00,1.027610269836992885e+00
7.000000000000000000e+03,2.000000000000000000e+00,1.027572623760351966e+00
7.000000000000000000e+03,3.000000000000000000e+00,1.027510076065943911e+00
7.000000000000000000e+03,4.000000000000000000e+00,1.027422920453332500e+00
7.000000000000000000e+03,5.000000000000000000e+00,1.027311568060812919e+00
7.000000000000000000e+03,6.000000000000000000e+00,1.027176547104523774e+00
7.000000000000000000e+03,7.000000000000000000e+00,1.027018501977567944e+00
7.000000000000000000e+03,8.000000000000000000e+00,1.026838191517726928e+00
7.000000000000000000e+03,9.000000000000000000e+00,1.026636486130396486e+00
7.000000000000000000e+03,1.000000000000000000e+01,1.026414363458401535e+00
7.000000000000000000e+03,1.100000000000000000e+01,1.026172902327234571e+00
7.000000000000000000e+03,1.200000000000000000e+01,1.025913274764115535e+00
7.000000000000000000e+03,1.300000000000000000e+01,1.025636735991064530e+00
7.000000000000000000e+03,1.400000000000000000e+01,1.025344612418759294e+00
7.000000000000000000e+03,1.500000000000000000e+01,1.025038287809600490e+00
7.000000000000000000e+03,1.600000000000000000e+01,1.024719187919698626e+00
7.000000000000000000e+03,1.700000000000000000e+01,1.024388764055092160e+00
7.000000000000000000e+03,1.800000000000000000e+01,1.024048476072631608e+00
7.000000000000000000e+03,1.900000000000000000e+01,1.023699775407639123e+00
7.000000000000000000e+03,2.000000000000000000e+01,1.023344088715404610e+00
7.000000000000000000e+03,2.100000000000000000e+01,1.022982802670115099e+00
7.000000000000000000e+03,2.200000000000000000e+01,1.022617250381553156e+00
7.000000000000000000e+03,2.300000000000000000e+01,1.022248699778210757e+00
7.000000000000000000e+03,2.400000000000000000e+01,1.021878344178617226e+00
7.000000000000000000e+03,2.500000000000000000e+01,1.021507295144660432e+00
7.000000000000000000e+03,2.600000000000000000e+01,1.021136577593740213e+00
7.000000000000000000e+03,2.700000000000000000e+01,1.020767127048209488e+00
7.000000000000000000e+03,2.800000000000000000e+01,1.020399788825237408e+00
7.000000000000000000e+03,2.900000000000000000e+01,1.020035318920843537e+00
7.000000000000000000e+03,3.000000000000000000e+01,1.019674386314889603e+00
7.166750000000000000e+03,-3.000000000000000000e+01,1.019674386314889603e+00
7.166750000000000000e+03,-2.900000000000000000e+01,1.020035318920839984e+00
7.166750000000000000e+03,-2.800000000000000000e+01,1.020399788825226750e+00
7.166750000000000000e+03,-2.700000000000000000e+01,1.020767127048227252e+00
7.166750000000000000e+03,-2.600000000000000000e+01,1.021136577593734884e+00
7.166750000000000000e+03,-2.500000000000000000e+01,1.021507295144665761e+00
7.166750000000000000e+03,-2.400000000000000000e+01,1.021878344178622555e+00
7.166750000000000000e+03,-2.300000000000000000e+01,1.022248699778208980e+00
7.166750000000000000e+03,-2.200000000000000000e+01,1.022617250381550491e+00
7.166750000000000000e+03,-2.100000000000000000e+01,1.022982802670119540e+00
7.166750000000000000e+03,-2.000000000000000000e+01,1.023344088715403721e+00
7.166750000000000000e+03,-1.900000000000000000e+01,1.023699775407635570e+00
7.166750000000000000e+03,-1.800000000000000000e+01,1.024048476072633385e+00
7.166750000000000000e+03,-1.700000000000000000e+01,1.024388764055095713e+00
7.166750000000000000e+03,-1.600000000000000000e+01,1.024719187919690633e+00
7.166750000000000000e+03,-1.500000000000000000e+01,1.025038287809604931e+00
7.166750000000000000e+03,-1.400000000000000000e+01,1.025344612418760182e+00
7.166750000000000000e+03,-1.300000000000000000e+01,1.025636735991062753e+00
7.166750000000000000e+03,-1.200000000000000000e+01,1.025913274764117311e+00
7.166750000000000000e+03,-1.100000000000000000e+01,1.026172902327231906e+00
7.166750000000000000e+03,-1.000000000000000000e+01,1.026414363458403090e+00
7.166750000000000000e+03,-9.000000000000000000e+00,1.026636486130396486e+00
7.166750000000000000e+03,-8.000000000000000000e+00,1.026838191517727594e+00
7.166750000000000000e+03,-7.000000000000000000e+00,1.027018501977566611e+00
7.166750000000000000e+03,-6.000000000000000000e+00,1.027176547104522886e+00
7.166750000000000000e+03,-5.000000000000000000e+00,1.027311568060813807e+00
7.166750000000000000e+03,-4.000000000000000000e+00,1.027422920453332722e+00
7.166750000000000000e+03,-3.000000000000000000e+00,1.027510076065943689e+00
7.166750000000000000e+03,-2.000000000000000000e+00,1.027572623760351300e+00
7.166750000000000000e+03,-1.000000000000000000e+00,1.027610269836992440e+00
7.166750000000000000e+03,0.000000000000000000e+00,1.027622838103327219e+00
7.166750000000000000e+03,1.000000000000000000e+00,1.027610269836992885e+00
7.166750000000000000e+03,2.000000000000000000e+00,1.027572623760351966e+00
7.166750000000000000e+03,3.000000000000000000e+00,1.027510076065943911e+00
7.166750000000000000e+03,4.000000000000000000e+00,1.027422920453332500e+00
7.166750000000000000e+03,5.000000000000000000e+00,1.027311568060812697e+00
7.166750000000000000e+03,6.000000000000000000e+00,1.027176547104523996e+00
7.166750000000000000e+03,7.000000000000000000e+00,1.027018501977567722e+00
7.166750000000000000e+03,8.000000000000000000e+00,1.026838191517726928e+00
7.166750000000000000e+03,9.000000000000000000e+00,1.026636486130396486e+00
7.166750000000000000e+03,1.000000000000000000e+01,1.026414363458401535e+00
7.166750000000000000e+03,1.100000000000000000e+01,1.026172902327234571e+00
7.166750000000000000e+03,1.200000000000000000e+01,1.025913274764115535e+00
7.166750000000000000e+03,1.300000000000000000e+01,1.025636735991064530e+00
7.166750000000000000e+03,1.400000000000000000e+01,1.025344612418759294e+00
7.166750000000000000e+03,1.500000000000000000e+01,1.025038287809600490e+00
7.166750000000000000e+03,1.600000000000000000e+01,1.024719187919698626e+00
7.166750000000000000e+03,1.700000000000000000e+01,1.024388764055092160e+00
7.166750000000000000e+03,1.800000000000000000e+01,1.024048476072631608e+00
7.166750000000000000e+03,1.900000000000000000e+01,1.023699775407639123e+00
7.166750000000000000e+03,2.000000000000000000e+01,1.023344088715404610e+00
7.166750000000000000e+03,2.100000000000000000e+01,1.022982802670115099e+00
7.166750000000000000e+03,2.200000000000000000e+01,1.022617250381553156e+00
7.166750000000000000e+03,2.300000000000000000e+01,1.022248699778210757e+00
7.166750000000000000e+03,2.400000000000000000e+01,1.021878344178617226e+00
7.166750000000000000e+03,2.500000000000000000e+01,1.021507295144660432e+00
7.166750000000000000e+03,2.600000000000000000e+01,1.021136577593740213e+00
7.166750000000000000e+03,2.700000000000000000e+01,1.020767127048209488e+00
7.166750000000000000e+03,2.800000000000000000e+01,1.020399788825237408e+00
7.166750000000000000e+03,2.900000000000000000e+01,1.020035318920843537e+00
7.166750000000000000e+03,3.000000000000000000e+01,1.019674386314889603e+00
7.333250000000000000e+03,-3.000000000000000000e+01,1.019674386314889603e+00
7.333250000000000000e+03,-2.900000000000000000e+01,1.020035318920839984e+00
7.333250000000000000e+03,-2.800000000000000000e+01,1.020399788825226750e+00
7.333250000000000000e+03,-2.700000000000000000e+01,1.020767127048227252e+00
7.333250000000000000e+03,-2.600000000000000000e+01,1.021136577593734884e+00
7.333250000000000000e+03,-2.500000000000000000e+01,1.021507295144665761e+00
7.333250000000000000e+03,-2.400000000000000000e+01,1.021878344178622555e+00
7.333250000000000000e+03,-2.300000000000000000e+01,1.022248699778208980e+00
7.333250000000000000e+03,-2.200000000000000000e+01,1.022617250381550491e+00
7.333250000000000000e+03,-2.100000000000000000e+01,1.022982802670119540e+00
7.333250000000000000e+03,-2.000000000000000000e+01,1.023344088715403721e+00
7.333250000000000000e+03,-1.900000000000000000e+01,1.023699775407635570e+00
7.333250000000000000e+03,-1.800000000000000000e+01,1.024048476072633385e+00
7.333250000000000000e+03,-1.700000000000000000e+01,1.024388764055095713e+00
7.333250000000000000e+03,-1.600000000000000000e+01,1.024719187919690633e+00
7.333250000000000000e+03,-1.500000000000000000e+01,1.025038287809604931e+00
7.333250000000000000e+03,-1.400000000000000000e+01,1.025344612418760182e+00
7.333250000000000000e+03,-1.300000000000000000e+01,1.025636735991062753e+00
7.333250000000000000e+03,-1.200000000000000000e+01,1.025913274764117311e+00
7.333250000000000000e+03,-1.100000000000000000e+01,1.026172902327231906e+00
7.333250000000000000e+03,-1.000000000000000000e+01,1.026414363458403090e+00
7.333250000000000000e+03,-9.000000000000000000e+00,1.026636486130396486e+00
7.333250000000000000e+03,-8.000000000000000000e+00,1.026838191517727594e+00
7.333250000000000000e+03,-7.000000000000000000e+00,1.027018501977566611e+00
7.333250000000000000e+03,-6.000000000000000000e+00,1.027176547104522886e+00
7.333250000000000000e+03,-5.000000000000000000e+00,1.027311568060813807e+00
7.333250000000000000e+03,-4.000000000000000000e+00,1.027422920453332722e+00
7.333250000000000000e+03,-3.000000000000000000e+00,1.027510076065943689e+00
7.333250000000000000e+03,-2.000000000000000000e+00,1.027572623760351300e+00
7.333250000000000000e+03,-1.000000000000000000e+00,1.027610269836992440e+00
7.333250000000000000e+03,0.000000000000000000e+00,1.027622838103327219e+00
7.333250000000000000e+03,1.000000000000000000e+00,1.027610269836992885e+00
7.333250000000000000e+03,2.000000000000000000e+00,1.027572623760351966e+00
7.333250000000000000e+03,3.000000000000000000e+00,1.027510076065943911e+00
7.333250000000000000e+03,4.000000000000000000e+00,1.027422920453332500e+00
7.333250000000000000e+03,5.000000000000000000e+00,1.027311568060812697e+00
7.333250000000000000e+03,6.000000000000000000e+00,1.027176547104523996e+00
7.333250000000000000e+03,7.000000000000000000e+00,1.027018501977567722e+00
7.333250000000000000e+03,8.000000000000000000e+00,1.026838191517726928e+00
7.333250000000000000e+03,9.000000000000000000e+00,1.026636486130396486e+00
7.333250000000000000e+03,1.000000000000000000e+01,1.026414363458401535e+00
7.333250000000000000e+03,1.100000000000000000e+01,1.026172902327234571e+00
7.333250000000000000e+03,1.200000000000000000e+01,1.025913274764115535e+00
7.333250000000000000e+03,1.300000000000000000e+01,1.025636735991064530e+00
7.333250000000000000e+03,1.400000000000000000e+01,1.025344612418759294e+00
7.333250000000000000e+03,1.500000000000000000e+01,1.025038287809600490e+00
7.333250000000000000e+03,1.600000000000000000e+01,1.024719187919698626e+00
7.333250000000000000e+03,1.700000000000000000e+01,1.024388764055092160e+00
7.333250000000000000e+03,1.800000000000000000e+01,1.024048476072631608e+00
7.333250000000000000e+03,1.900000000000000000e+01,1.023699775407639123e+00
7.333250000000000000e+03,2.000000000000000000e+01,1.023344088715404610e+00
7.333250000000000000e+03,2.100000000000000000e+01,1.022982802670115099e+00
7.333250000000000000e+03,2.200000000000000000e+01,1.022617250381553156e+00
7.333250000000000000e+03,2.300000000000000000e+01,1.022248699778210757e+00
7.333250000000000000e+03,2.400000000000000000e+01,1.021878344178617226e+00
7.333250000000000000e+03,2.500000000000000000e+01,1.021507295144660432e+00
7.333250000000000000e+03,2.600000000000000000e+01,1.021136577593740213e+00
7.333250000000000000e+03,2.700000000000000000e+01,1.020767127048209488e+00
7.333250000000000000e+03,2.800000000000000000e+01,1.020399788825237408e+00
7.333250000000000000e+03,2.900000000000000000e+01,1.020035318920843537e+00
7.333250000000000000e+03,3.000000000000000000e+01,1.019674386314889603e+00
7.500000000000000000e+03,-3.000000000000000000e+01,1.019674386314889603e+00
7.500000000000000000e+03,-2.900000000000000000e+01,1.020035318920839984e+00
7.500000000000000000e+03,-2.800000000000000000e+01,1.020399788825226750e+00
7.500000000000000000e+03,-2.700000000000000000e+01,1.020767127048227252e+00
7.500000000000000000e+03,-2.600000000000000000e+01,1.021136577593734884e+00
7.500000000000000000e+03,-2.500000000000000000e+01,1.021507295144665761e+00
7.500000000000000000e+03,-2.400000000000000000e+01,1.021878344178622555e+00
7.500000000000000000e+03,-2.300000000000000000e+01,1.022248699778208980e+00
7.500000000000000000e+03,-2.200000000000000000e+01,1.022617250381550491e+00
7.500000000000000000e+03,-2.100000000000000000e+01,1.022982802670119540e+00
7.500000000000000000e+03,-2.000000000000000000e+01,1.023344088715403721e+00
7.500000000000000000e+03,-1.900000000000000000e+01,1.023699775407635570e+00
7.500000000000000000e+03,-1.800000000000000000e+01,1.024048476072633385e+00
7.500000000000000000e+03,-1.700000000000000000e+01,1.024388764055095713e+00
7.500000000000000000e+03,-1.600000000000000000e+01,1.024719187919690633e+00
7.500000000000000000e+03,-1.500000000000000000e+01,1.025038287809604931e+00
7.500000000000000000e+03,-1.400000000000000000e+01,1.025344612418760182e+00
7.500000000000000000e+03,-1.300000000000000000e+01,1.025636735991062753e+00
7.500000000000000000e+03,-1.200000000000000000e+01,1.025913274764117311e+00
7.500000000000000000e+03,-1.100000000000000000e+01,1.026172902327231906e+00
7.500000000000000000e+03,-1.000000000000000000e+01,1.026414363458403090e+00
7.500000000000000000e+03,-9.000000000000000000e+00,1.026636486130396486e+00
7.500000000000000000e+03,-8.000000000000000000e+00,1.026838191517727594e+00
7.500000000000000000e+03,-7.000000000000000000e+00,1.027018501977566611e+00
7.500000000000000000e+03,-6.000000000000000000e+00,1.027176547104522886e+00
7.500000000000000000e+03,-5.000000000000000000e+00,1.027311568060813585e+00
7.500000000000000000e+03,-4.000000000000000000e+00,1.027422920453332722e+00
7.500000000000000000e+03,-3.000000000000000000e+00,1.027510076065943689e+00
7.500000000000000000e+03,-2.000000000000000000e+00,1.027572623760351300e+00
7.500000000000000000e+03,-1.000000000000000000e+00,1.027610269836992440e+00
7.500000000000000000e+03,0.000000000000000000e+00,1.027622838103327219e+00
7.500000000000000000e+03,1.000000000000000000e+00,1.027610269836992885e+00
7.500000000000000000e+03,2.000000000000000000e+00,1.027572623760351966e+00
7.500000000000000000e+03,3.000000000000000000e+00,1.027510076065943911e+00
7.500000000000000000e+03,4.000000000000000000e+00,1.027422920453332500e+00
7.500000000000000000e+03,5.000000000000000000e+00,1.027311568060812919e+00
7.500000000000000000e+03,6.000000000000000000e+00,1.027176547104523774e+00
7.500000000000000000e+03,7.000000000000000000e+00,1.027018501977567944e+00
7.500000000000000000e+03,8.000000000000000000e+00,1.026838191517726928e+00
7.500000000000000000e+03,9.000000000000000000e+00,1.026636486130396486e+00
7.500000000000000000e+03,1.000000000000000000e+01,1.026414363458401535e+00
7.500000000000000000e+03,1.100000000000000000e+01,1.026172902327234571e+00
7.500000000000000000e+03,1.200000000000000000e+01,1.025913274764115535e+00
7.500000000000000000e+03,1.300000000000000000e+01,1.025636735991064530e+00
7.500000000000000000e+03,1.400000000000000000e+01,1.025344612418759294e+00
7.500000000000000000e+03,1.500000000000000000e+01,1.025038287809600490e+00
7.500000000000000000e+03,1.600000000000000000e+01,1.024719187919698626e+00
7.500000000000000000e+03,1.700000000000000000e+01,1.024388764055092160e+00
7.500000000000000000e+03,1.800000000000000000e+01,1.024048476072631608e+00
7.500000000000000000e+03,1.900000000000000000e+01,1.023699775407639123e+00
7.500000000000000000e+03,2.000000000000000000e+01,1.023344088715404610e+00
7.500000000000000000e+03,2.100000000000000000e+01,1.022982802670115099e+00
7.500000000000000000e+03,2.200000000000000000e+01,1.022617250381553156e+00
7.500000000000000000e+03,2.300000000000000000e+01,1.022248699778210757e+00
7.500000000000000000e+03,2.400000000000000000e+01,1.021878344178617226e+00
7.500000000000000000e+03,2.500000000000000000e+01,1.021507295144660432e+00
7.500000000000000000e+03,2.600000000000000000e+01,1.021136577593740213e+00
7.500000000000000000e+03,2.700000000000000000e+01,1.020767127048209488e+00
7.500000000000000000e+03,2.800000000000000000e+01,1.020399788825237408e+00
7.500000000000000000e+03,2.900000000000000000e+01,1.020035318920843537e+00
7.500000000000000000e+03,3.000000000000000000e+01,1.019674386314889603e+00
7.666750000000000000e+03,-3.000000000000000000e+01,1.019674386314889603e+00
7.666750000000000000e+03,-2.900000000000000000e+01,1.020035318920839984e+00
7.666750000000000000e+03,-2.800000000000000000e+01,1.020399788825226750e+00
7.666750000000000000e+03,-2.700000000000000000e+01,1.020767127048227252e+00
7.666750000000000000e+03,-2.600000000000000000e+01,1.021136577593734884e+00
7.666750000000000000e+03,-2.500000000000000000e+01,1.021507295144665761e+00
7.666750000000000000e+03,-2.400000000000000000e+01,1.021878344178622555e+00
7.666750000000000000e+03,-2.300000000000000000e+01,1.022248699778208980e+00
7.666750000000000000e+03,-2.200000000000000000e+01,1.022617250381550491e+00
7.666750000000000000e+03,-2.100000000000000000e+01,1.022982802670119540e+00
7.666750000000000000e+03,-2.000000000000000000e+01,1.023344088715403721e+00
7.666750000000000000e+03,-1.900000000000000000e+01,1.023699775407635570e+00
7.666750000000000000e+03,-1.800000000000000000e+01,1.024048476072633385e+00
7.666750000000000000e+03,-1.700000000000000000e+01,1.024388764055095713e+00
7.666750000000000000e+03,-1.600000000000000000e+01,1.024719187919690633e+00
7.666750000000000000e+03,-1.500000000000000000e+01,1.025038287809604931e+00
7.666750000000000000e+03,-1.400000000000000000e+01,1.025344612418760182e+00
7.666750000000000000e+03,-1.300000000000000000e+01,1.025636735991062753e+00
7.666750000000000000e+03,-1.200000000000000000e+01,1.025913274764117311e+00
7.666750000000000000e+03,-1.100000000000000000e+01,1.026172902327231906e+00
7.666750000000000000e+03,-1.000000000000000000e+01,1.026414363458403090e+00
7.666750000000000000e+03,-9.000000000000000000e+00,1.026636486130396486e+00
7.666750000000000000e+03,-8.000000000000000000e+00,1.026838191517727594e+00
7.666750000000000000e+03,-7.000000000000000000e+00,1.027018501977566611e+00
7.666750000000000000e+03,-6.000000000000000000e+00,1.027176547104522886e+00
7.666750000000000000e+03,-5.000000000000000000e+00,1.027311568060813807e+00
7.666750000000000000e+03,-4.000000000000000000e+00,1.027422920453332722e+00
7.666750000000000000e+03,-3.000000000000000000e+00,1.027510076065943689e+00
7.666750000000000000e+03,-2.000000000000000000e+00,1.027572623760351300e+00
7.666750000000000000e+03,-1.000000000000000000e+00,1.027610269836992440e+00
7.666750000000000000e+03,0.000000000000000000e+00,1.027622838103327219e+00
7.666750000000000000e+03,1.000000000000000000e+00,1.027610269836992885e+00
7.666750000000000000e+03,2.000000000000000000e+00,1.027572623760351966e+00
7.666750000000000000e+03,3.000000000000000000e+00,1.027510076065943911e+00
7.666750000000000000e+03,4.000000000000000000e+00,1.027422920453332500e+00
7.666750000000000000e+03,5.000000000000000000e+00,1.027311568060812697e+00
7.666750000000000000e+03,6.000000000000000000e+00,1.027176547104523996e+00
7.666750000000000000e+03,7.000000000000000000e+00,1.027018501977567722e+00
7.666750000000000000e+03,8.000000000000000000e+00,1.026838191517726928e+00
7.666750000000000000e+03,9.000000000000000000e+00,1.026636486130396486e+00
7.666750000000000000e+03,1.000000000000000000e+01,1.026414363458401535e+00
7.666750000000000000e+03,1.100000000000000000e+01,1.026172902327234571e+00
7.666750000000000000e+03,1.200000000000000000e+01,1.025913274764115535e+00
7.666750000000000000e+03,1.300000000000000000e+01,1.025636735991064530e+00
7.666750000000000000e+03,1.400000000000000000e+01,1.025344612418759294e+00
7.666750000000000000e+03,1.500000000000000000e+01,1.025038287809600490e+00
7.666750000000000000e+03,1.600000000000000000e+01,1.024719187919698626e+00
7.666750000000000000e+03,1.700000000000000000e+01,1.024388764055092160e+00
7.666750000000000000e+03,1.800000000000000000e+01,1.024048476072631608e+00
7.666750000000000000e+03,1.900000000000000000e+01,1.023699775407639123e+00
7.666750000000000000e+03,2.000000000000000000e+01,1.023344088715404610e+00
7.666750000000000000e+03,2.100000000000000000e+01,1.022982802670115099e+00
7.666750000000000000e+03,2.200000000000000000e+01,1.022617250381553156e+00
7.666750000000000000e+03,2.300000000000000000e+01,1.022248699778210757e+00
7.666750000000000000e+03,2.400000000000000000e+01,1.021878344178617226e+00
7.666750000000000000e+03,2.500000000000000000e+01,1.021507295144660432e+00
7.666750000000000000e+03,2.600000000000000000e+01,1.021136577593740213e+00
7.666750000000000000e+03,2.700000000000000000e+01,1.020767127048209488e+00
7.666750000000000000e+03,2.800000000000000000e+01,1.020399788825237408e+00
7.666750000000000000e+03,2.900000000000000000e+01,1.020035318920843537e+00
7.666750000000000000e+03,3.000000000000000000e+01,1.019674386314889603e+00
7.833250000000000000e+03,-3.000000000000000000e+01,1.019674386314889603e+00
7.833250000000000000e+03,-2.900000000000000000e+01,1.020035318920839984e+00
7.833250000000000000e+03,-2.800000000000000000e+01,1.020399788825226750e+00
7.833250000000000000e+03,-2.700000000000000000e+01,1.020767127048227252e+00
7.833250000000000000e+03,-2.600000000000000000e+01,1.021136577593734884e+00
7.833250000000000000e+03,-2.500000000000000000e+01,1.021507295144665761e+00
7.833250000000000000e+03,-2.400000000000000000e+01,1.021878344178622555e+00
7.833250000000000000e+03,-2.300000000000000000e+01,1.022248699778208980e+00
7.833250000000000000e+03,-2.200000000000000000e+01,1.022617250381550491e+00
7.833250000000000000e+03,-2.100000000000000000e+01,1.022982802670119540e+00
7.833250000000000000e+03,-2.000000000000000000e+01,1.023344088715403721e+00
7.833250000000000000e+03,-1.900000000000000000e+01,1.023699775407635570e+00
7.833250000000000000e+03,-1.800000000000000000e+01,1.024048476072633385e+00
7.833250000000000000e+03,-1.700000000000000000e+01,1.024388764055095713e+00
7.833250000000000000e+03,-1.600000000000000000e+01,1.024719187919690633e+00
7.833250000000000000e+03,-1.500000000000000000e+01,1.025038287809604931e+00
7.833250000000000000e+03,-1.400000000000000000e+01,1.025344612418760182e+00
7.833250000000000000e+03,-1.300000000000000000e+01,1.025636735991062753e+00
7.833250000000000000e+03,-1.200000000000000000e+01,1.025913274764117311e+00
7.833250000000000000e+03,-1.100000000000000000e+01,1.026172902327231906e+00
7.833250000000000000e+03,-1.000000000000000000e+01,1.026414363458403090e+00
7.833250000000000000e+03,-9.000000000000000000e+00,1.026636486130396486e+00
7.833250000000000000e+03,-8.000000000000000000e+00,1.026838191517727594e+00
7.833250000000000000e+03,-7.000000000000000000e+00,1.027018501977566611e+00
7.833250000000000000e+03,-6.000000000000000000e+00,1.027176547104522886e+00
7.833250000000000000e+03,-5.000000000000000000e+00,1.027311568060813807e+00
7.833250000000000000e+03,-4.000000000000000000e+00,1.027422920453332722e+00
7.833250000000000000e+03,-3.000000000000000000e+00,1.027510076065943689e+00
7.833250000000000000e+03,-2.000000000000000000e+00,1.027572623760351300e+00
7.833250000000000000e+03,-1.000000000000000000e+00,1.027610269836992440e+00
7.833250000000000000e+03,0.000000000000000000e+00,1.027622838103327219e+00
7.833250000000000000e+03,1.000000000000000000e+00,1.027610269836992885e+00
7.833250000000000000e+03,2.000000000000000000e+00,1.027572623760351966e+00
7.833250000000000000e+03,3.000000000000000000e+00,1.027510076065943911e+00
7.833250000000000000e+03,4.000000000000000000e+00,1.027422920453332500e+00
7.833250000000000000e+03,5.000000000000000000e+00,1.027311568060812697e+00
7.833250000000000000e+03,6.000000000000000000e+00,1.027176547104523996e+00
7.833250000000000000e+03,7.000000000000000000e+00,1.027018501977567722e+00
7.833250000000000000e+03,8.000000000000000000e+00,1.026838191517726928e+00
7.833250000000000000e+03,9.000000000000000000e+00,1.026636486130396486e+00
7.833250000000000000e+03,1.000000000000000000e+01,1.026414363458401535e+00
7.833250000000000000e+03,1.100000000000000000e+01,1.026172902327234571e+00
7.833250000000000000e+03,1.200000000000000000e+01,1.025913274764115535e+00
7.833250000000000000e+03,1.300000000000000000e+01,1.025636735991064530e+00
7.833250000000000000e+03,1.400000000000000000e+01,1.025344612418759294e+00
7.833250000000000000e+03,1.500000000000000000e+01,1.025038287809600490e+00
7.833250000000000000e+03,1.600000000000000000e+01,1.024719187919698626e+00
7.833250000000000000e+03,1.700000000000000000e+01,1.024388764055092160e+00
7.833250000000000000e+03,1.800000000000000000e+01,1.024048476072631608e+00
7.833250000000000000e+03,1.900000000000000000e+01,1.023699775407639123e+00
7.833250000000000000e+03,2.000000000000000000e+01,1.023344088715404610e+00
7.833250000000000000e+03,2.100000000000000000e+01,1.022982802670115099e+00
7.833250000000000000e+03,2.200000000000000000e+01,1.022617250381553156e+00
7.833250000000000000e+03,2.300000000000000000e+01,1.022248699778210757e+00
7.833250000000000000e+03,2.400000000000000000e+01,1.021878344178617226e+00
7.833250000000000000e+03,2.500000000000000000e+01,1.021507295144660432e+00
7.833250000000000000e+03,2.600000000000000000e+01,1.021136577593740213e+00
7.833250000000000000e+03,2.700000000000000000e+01,1.020767127048209488e+00
7.833250000000000000e+03,2.800000000000000000e+01,1.020399788825237408e+00
7.833250000000000000e+03,2.900000000000000000e+01,1.020035318920843537e+00
7.833250000000000000e+03,3.000000000000000000e+01,1.019674386314889603e+00
8.000000000000000000e+03,-3.000000000000000000e+01,1.019674386314889603e+00
8.000000000000000000e+03,-2.900000000000000000e+01,1.020035318920839984e+00
8.000000000000000000e+03,-2.800000000000000000e+01,1.020399788825226750e+00
8.000000000000000000e+03,-2.700000000000000000e+01,1.020767127048227252e+00
8.000000000000000000e+03,-2.600000000000000000e+01,1.021136577593734884e+00
8.000000000000000000e+03,-2.500000000000000000e+01,1.021507295144665761e+00
8.000000000000000000e+03,-2.400000000000000000e+01,1.021878344178622555e+00
8.000000000000000000e+03,-2.300000000000000000e+01,1.022248699778208980e+00
8.000000000000000000e+03,-2.200000000000000000e+01,1.022617250381550491e+00
8.000000000000000000e+03,-2.100000000000000000e+01,1.022982802670119540e+00
8.000000000000000000e+03,-2.000000000000000000e+01,1.023344088715403721e+00
8.000000000000000000e+03,-1.900000000000000000e+01,1.023699775407635570e+00
8.000000000000000000e+03,-1.800000000000000000e+01,1.024048476072633385e+00
8.000000000000000000e+03,-1.700000000000000000e+01,1.024388764055095713e+00
8.000000000000000000e+03,-1.600000000000000000e+01,1.024719187919690633e+00
8.000000000000000000e+03,-1.500000000000000000e+01,1.025038287809604931e+00
8.000000000000000000e+03,-1.400000000000000000e+01,1.025344612418760182e+00
8.000000000000000000e+03,-1.300000000000000000e+01,1.025636735991062753e+00
8.000000000000000000e+03,-1.200000000000000000e+01,1.025913274764117311e+00
8.000000000000000000e+03,-1.100000000000000000e+01,1.026172902327231906e+00
8.000000000000000000e+03,-1.000000000000000000e+01,1.026414363458403090e+00
8.000000000000000000e+03,-9.000000000000000000e+00,1.026636486130396486e+00
8.000000000000000000e+03,-8.000000000000000000e+00,1.026838191517727594e+00
8.000000000000000000e+03,-7.000000000000000000e+00,1.027018501977566611e+00
8.000000000000000000e+03,-6.000000000000000000e+00,1.027176547104522886e+00
8.000000000000000000e+03,-5.000000000000000000e+00,1.027311568060813585e+00
8.000000000000000000e+03,-4.000000000000000000e+00,1.027422920453332722e+00
8.000000000000000000e+03,-3.000000000000000000e+00,1.027510076065943689e+00
8.000000000000000000e+03,-2.000000000000000000e+00,1.027572623760351300e+00
8.000000000000000000e+03,-1.000000000000000000e+00,1.027610269836992440e+00
8.000000000000000000e+03,0.000000000000000000e+00,1.027622838103327219e+00
8.000000000000000000e+03,1.000000000000000000e+00,1.027610269836992885e+00
8.000000000000000000e+03,2.000000000000000000e+00,1.027572623760351966e+00
8.000000000000000000e+03,3.000000000000000000e+00,1.027510076065943911e+00
8.000000000000000000e+03,4.000000000000000000e+00,1.027422920453332500e+00
8.000000000000000000e+03,5.000000000000000000e+00,1.027311568060812919e+00
8.000000000000000000e+03,6.000000000000000000e+00,1.027176547104523774e+00
8.000000000000000000e+03,7.000000000000000000e+00,1.027018501977567944e+00
8.000000000000000000e+03,8.000000000000000000e+00,1.026838191517726928e+00
8.000000000000000000e+03,9.000000000000000000e+00,1.026636486130396486e+00
8.000000000000000000e+03,1.000000000000000000e+01,1.026414363458401535e+00
8.000000000000000000e+03,1.100000000000000000e+01,1.026172902327234571e+00
8.000000000000000000e+03,1.200000000000000000e+01,1.025913274764115535e+00
8.000000000000000000e+03,1.300000000000000000e+01,1.025636735991064530e+00
8.000000000000000000e+03,1.400000000000000000e+01,1.025344612418759294e+00
8.000000000000000000e+03,1.500000000000000000e+01,1.025038287809600490e+00
8.000000000000000000e+03,1.600000000000000000e+01,1.024719187919698626e+00
8.000000000000000000e+03,1.700000000000000000e+01,1.024388764055092160e+00
8.000000000000000000e+03,1.800000000000000000e+01,1.024048476072631608e+00
8.000000000000000000e+03,1.900000000000000000e+01,1.023699775407639123e+00
8.000000000000000000e+03,2.000000000000000000e+01,1.023344088715404610e+00
8.000000000000000000e+03,2.100000000000000000e+01,1.022982802670115099e+00
8.000000000000000000e+03,2.200000000000000000e+01,1.022617250381553156e+00
8.000000000000000000e+03,2.300000000000000000e+01,1.022248699778210757e+00
8.000000000000000000e+03,2.400000000000000000e+01,1.021878344178617226e+00
8.000000000000000000e+03,2.500000000000000000e+01,1.021507295144660432e+00
8.000000000000000000e+03,2.600000000000000000e+01,1.021136577593740213e+00
8.000000000000000000e+03,2.700000000000000000e+01,1.020767127048209488e+00
8.000000000000000000e+03,2.800000000000000000e+01,1.020399788825237408e+00
8.000000000000000000e+03,2.900000000000000000e+01,1.020035318920843537e+00
8.000000000000000000e+03,3.000000000000000000e+01,1.019674386314889603e+00
8.166750000000000000e+03,-3.000000000000000000e+01,1.019674386314889603e+00
8.166750000000000000e+03,-2.900000000000000000e+01,1.020035318920839984e+00
8.166750000000000000e+03,-2.800000000000000000e+01,1.020399788825226750e+00
8.166750000000000000e+03,-2.700000000000000000e+01,1.020767127048227252e+00
8.166750000000000000e+03,-2.600000000000000000e+01,1.021136577593734884e+00
8.166750000000000000e+03,-2.500000000000000000e+01,1.021507295144665761e+00
8.166750000000000000e+03,-2.400000000000000000e+01,1.021878344178622555e+00
8.166750000000000000e+03,-2.300000000000000000e+01,1.022248699778208980e+00
8.166750000000000000e+03,-2.200000000000000000e+01,1.022617250381550491e+00
8.166750000000000000e+03,-2.100000000000000000e+01,1.022982802670119540e+00
8.166750000000000000e+03,-2.000000000000000000e+01,1.023344088715403721e+00
8.166750000000000000e+03,-1.900000000000000000e+01,1.023699775407635570e+00
8.166750000000000000e+03,-1.800000000000000000e+01,1.024048476072633385e+00
8.166750000000000000e+03,-1.700000000000000000e+01,1.024388764055095713e+00
8.166750000000000000e+03,-1.600000000000000000e+01,1.024719187919690633e+00
8.166750000000000000e+03,-1.500000000000000000e+01,1.025038287809604931e+00
8.166750000000000000e+03,-1.400000000000000000e+01,1.025344612418760182e+00
8.166750000000000000e+03,-1.300000000000000000e+01,1.025636735991062753e+00
8.166750000000000000e+03,-1.200000000000000000e+01,1.025913274764117311e+00
8.166750000000000000e+03,-1.100000000000000000e+01,1.026172902327231906e+00
8.166750000000000000e+03,-1.000000000000000000e+01,1.026414363458403090e+00
8.166750000000000000e+03,-9.000000000000000000e+00,1.026636486130396486e+00
8.166750000000000000e+03,-8.000000000000000000e+00,1.026838191517727594e+00
8.166750000000000000e+03,-7.000000000000000000e+00,1.027018501977566611e+00
8.166750000000000000e+03,-6.000000000000000000e+00,1.027176547104522886e+00
8.166750000000000000e+03,-5.000000000000000000e+00,1.027311568060813807e+00
8.166750000000000000e+03,-4.000000000000000000e+00,1.027422920453332722e+00
8.166750000000000000e+03,-3.000000000000000000e+00,1.027510076065943689e+00
8.166750000000000000e+03,-2.000000000000000000e+00,1.027572623760351300e+00
8.166750000000000000e+03,-1.000000000000000000e+00,1.027610269836992440e+00
8.166750000000000000e+03,0.000000000000000000e+00,1.027622838103327219e+00
8.166750000000000000e+03,1.000000000000000000e+00,1.027610269836992885e+00
8.166750000000000000e+03,2.000000000000000000e+00,1.027572623760351966e+00
8.166750000000000000e+03,3.000000000000000000e+00,1.027510076065943911e+00
8.166750000000000000e+03,4.000000000000000000e+00,1.027422920453332500e+00
8.166750000000000000e+03,5.000000000000000000e+00,1.027311568060812697e+00
8.166750000000000000e+03,6.000000000000000000e+00,1.027176547104523996e+00
8.166750000000000000e+03,7.000000000000000000e+00,1.027018501977567722e+00
8.166750000000000000e+03,8.000000000000000000e+00,1.026838191517726928e+00
8.166750000000000000e+03,9.000000000000000000e+00,1.026636486130396486e+00
8.166750000000000000e+03,1.000000000000000000e+01,1.026414363458401535e+00
8.166750000000000000e+03,1.100000000000000000e+01,1.026172902327234571e+00
8.166750000000000000e+03,1.200000000000000000e+01,1.025913274764115535e+00
8.166750000000000000e+03,1.300000000000000000e+01,1.025636735991064530e+00
8.166750000000000000e+03,1.400000000000000000e+01,1.025344612418759294e+00
8.166750000000000000e+03,1.500000000000000000e+01,1.025038287809600490e+00
8.166750000000000000e+03,1.600000000000000000e+01,1.024719187919698626e+00
8.166750000000000000e+03,1.700000000000000000e+01,1.024388764055092160e+00
8.166750000000000000e+03,1.800000000000000000e+01,1.024048476072631608e+00
8.166750000000000000e+03,1.900000000000000000e+01,1.023699775407639123e+00
8.166750000000000000e+03,2.000000000000000000e+01,1.023344088715404610e+00
8.166750000000000000e+03,2.100000000000000000e+01,1.022982802670115099e+00
8.166750000000000000e+03,2.200000000000000000e+01,1.022617250381553156e+00
8.166750000000000000e+03,2.300000000000000000e+01,1.022248699778210757e+00
8.166750000000000000e+03,2.400000000000000000e+01,1.021878344178617226e+00
8.166750000000000000e+03,2.500000000000000000e+01,1.021507295144660432e+00
8.166750000000000000e+03,2.600000000000000000e+01,1.021136577593740213e+00
8.166750000000000000e+03,2.700000000000000000e+01,1.020767127048209488e+00
8.166750000000000000e+03,2.800000000000000000e+01,1.020399788825237408e+00
8.166750000000000000e+03,2.900000000000000000e+01,1.020035318920843537e+00
8.166750000000000000e+03,3.000000000000000000e+01,1.019674386314889603e+00
8.333250000000000000e+03,-3.000000000000000000e+01,1.019674386314889603e+00
8.333250000000000000e+03,-2.900000000000000000e+01,1.020035318920839984e+00
8.333250000000000000e+03,-2.800000000000000000e+01,1.020399788825226750e+00
8.333250000000000000e+03,-2.700000000000000000e+01,1.020767127048227252e+00
8.333250000000000000e+03,-2.600000000000000000e+01,1.021136577593734884e+00
8.333250000000000000e+03,-2.500000000000000000e+01,1.021507295144665761e+00
8.333250000000000000e+03,-2.400000000000000000e+01,1.021878344178622555e+00
8.333250000000000000e+03,-2.300000000000000000e+01,1.022248699778208980e+00
8.333250000000000000e+03,-2.200000000000000000e+01,1.022617250381550491e+00
8.333250000000000000e+03,-2.100000000000000000e+01,1.022982802670119540e+00
8.333250000000000000e+03,-2.000000000000000000e+01,1.023344088715403721e+00
8.333250000000000000e+03,-1.900000000000000000e+01,1.023699775407635570e+00
8.333250000000000000e+03,-1.800000000000000000e+01,1.024048476072633385e+00
8.333250000000000000e+03,-1.700000000000000000e+01,1.024388764055095713e+00
8.333250000000000000e+03,-1.600000000000000000e+01,1.024719187919690633e+00
8.333250000000000000e+03,-1.500000000000000000e+01,1.025038287809604931e+00
8.333250000000000000e+03,-1.400000000000000000e+01,1.025344612418760182e+00
8.333250000000000000e+03,-1.300000000000000000e+01,1.025636735991062753e+00
8.333250000000000000e+03,-1.200000000000000000e+01,1.025913274764117311e+00
8.333250000000000000e+03,-1.100000000000000000e+01,1.026172902327231906e+00
8.333250000000000000e+03,-1.000000000000000000e+01,1.026414363458403090e+00
8.333250000000000000e+03,-9.000000000000000000e+00,1.026636486130396486e+00
8.333250000000000000e+03,-8.000000000000000000e+00,1.026838191517727594e+00
8.333250000000000000e+03,-7.000000000000000000e+00,1.027018501977566611e+00
8.333250000000000000e+03,-6.000000000000000000e+00,1.027176547104522886e+00
8.333250000000000000e+03,-5.000000000000000000e+00,1.027311568060813807e+00
8.333250000000000000e+03,-4.000000000000000000e+00,1.027422920453332722e+00
8.333250000000000000e+03,-3.000000000000000000e+00,1.027510076065943689e+00
8.333250000000000000e+03,-2.000000000000000000e+00,1.027572623760351300e+00
8.333250000000000000e+03,-1.000000000000000000e+00,1.027610269836992440e+00
8.333250000000000000e+03,0.000000000000000000e+00,1.027622838103327219e+00
8.333250000000000000e+03,1.000000000000000000e+00,1.027610269836992885e+00
8.333250000000000000e+03,2.000000000000000000e+00,1.027572623760351966e+00
8.333250000000000000e+03,3.000000000000000000e+00,1.027510076065943911e+00
8.333250000000000000e+03,4.000000000000000000e+00,1.027422920453332500e+00
8.333250000000000000e+03,5.000000000000000000e+00,1.027311568060812697e+00
8.333250000000000000e+03,6.000000000000000000e+00,1.027176547104523996e+00
8.333250000000000000e+03,7.000000000000000000e+00,1.027018501977567722e+00
8.333250000000000000e+03,8.000000000000000000e+00,1.026838191517726928e+00
8.333250000000000000e+03,9.000000000000000000e+00,1.026636486130396486e+00
8.333250000000000000e+03,1.000000000000000000e+01,1.026414363458401535e+00
8.333250000000000000e+03,1.100000000000000000e+01,1.026172902327234571e+00
8.333250000000000000e+03,1.200000000000000000e+01,1.025913274764115535e+00
8.333250000000000000e+03,1.300000000000000000e+01,1.025636735991064530e+00
8.333250000000000000e+03,1.400000000000000000e+01,1.025344612418759294e+00
8.333250000000000000e+03,1.500000000000000000e+01,1.025038287809600490e+00
8.333250000000000000e+03,1.600000000000000000e+01,1.024719187919698626e+00
8.333250000000000000e+03,1.700000000000000000e+01,1.024388764055092160e+00
8.333250000000000000e+03,1.800000000000000000e+01,1.024048476072631608e+00
8.333250000000000000e+03,1.900000000000000000e+01,1.023699775407639123e+00
8.333250000000000000e+03,2.000000000000000000e+01,1.023344088715404610e+00
8.333250000000000000e+03,2.100000000000000000e+01,1.022982802670115099e+00
8.333250000000000000e+03,2.200000000000000000e+01,1.022617250381553156e+00
8.333250000000000000e+03,2.300000000000000000e+01,1.022248699778210757e+00
8.333250000000000000e+03,2.400000000000000000e+01,1.021878344178617226e+00
8.333250000000000000e+03,2.500000000000000000e+01,1.021507295144660432e+00
8.333250000000000000e+03,2.600000000000000000e+01,1.021136577593740213e+00
8.333250000000000000e+03,2.700000000000000000e+01,1.020767127048209488e+00
8.333250000000000000e+03,2.800000000000000000e+01,1.020399788825237408e+00
8.333250000000000000e+03,2.900000000000000000e+01,1.020035318920843537e+00
8.333250000000000000e+03,3.000000000000000000e+01,1.019674386314889603e+00
8.500000000000000000e+03,-3.000000000000000000e+01,1.019674386314889603e+00
8.500000000000000000e+03,-2.900000000000000000e+01,1.020035318920839984e+00
8.500000000000000000e+03,-2.800000000000000000e+01,1.020399788825226750e+00
8.500000000000000000e+03,-2.700000000000000000e+01,1.020767127048227252e+00
8.500000000000000000e+03,-2.600000000000000000e+01,1.021136577593734884e+00
8.500000000000000000e+03,-2.500000000000000000e+01,1.021507295144665761e+00
8.500000000000000000e+03,-2.400000000000000000e+01,1.021878344178622555e+00
8.500000000000000000e+03,-2.300000000000000000e+01,1.022248699778208980e+00
8.500000000000000000e+03,-2.200000000000000000e+01,1.022617250381550491e+00
8.500000000000000000e+03,-2.100000000000000000e+01,1.022982802670119540e+00
8.500000000000000000e+03,-2.000000000000000000e+01,1.023344088715403721e+00
8.500000000000000000e+03,-1.900000000000000000e+01,1.023699775407635570e+00
8.500000000000000000e+03,-1.800000000000000000e+01,1.024048476072633385e+00
8.500000000000000000e+03,-1.700000000000000000e+01,1.024388764055095713e+00
8.500000000000000000e+03,-1.600000000000000000e+01,1.024719187919690633e+00
8.500000000000000000e+03,-1.500000000000000000e+01,1.025038287809604931e+00
8.500000000000000000e+03,-1.400000000000000000e+01,1.025344612418760182e+00
8.500000000000000000e+03,-1.300000000000000000e+01,1.025636735991062753e+00
8.500000000000000000e+03,-1.200000000000000000e+01,1.025913274764117311e+00
8.500000000000000000e+03,-1.100000000000000000e+01,1.026172902327231906e+00
8.500000000000000000e+03,-1.000000000000000000e+01,1.026414363458403090e+00
8.500000000000000000e+03,-9.000000000000000000e+00,1.026636486130396486e+00
8.500000000000000000e+03,-8.000000000000000000e+00,1.026838191517727594e+00
8.500000000000000000e+03,-7.000000000000000000e+00,1.027018501977566611e+00
8.500000000000000000e+03,-6.000000000000000000e+00,1.027176547104522886e+00
8.500000000000000000e+03,-5.000000000000000000e+00,1.027311568060813585e+00
8.500000000000000000e+03,-4.000000000000000000e+00,1.027422920453332722e+00
8.500000000000000000e+03,-3.000000000000000000e+00,1.027510076065943689e+00
8.500000000000000000e+03,-2.000000000000000000e+00,1.027572623760351300e+00
8.500000000000000000e+03,-1.000000000000000000e+00,1.027610269836992440e+00
8.500000000000000000e+03,0.000000000000000000e+00,1.027622838103327219e+00
8.500000000000000000e+03,1.000000000000000000e+00,1.027610269836992885e+00
8.500000000000000000e+03,2.000000000000000000e+00,1.027572623760351966e+00
8.500000000000000000e+03,3.000000000000000000e+00,1.027510076065943911e+00
8.500000000000000000e+03,4.000000000000000000e+00,1.027422920453332500e+00
8.500000000000000000e+03,5.000000000000000000e+00,1.027311568060812919e+00
8.500000000000000000e+03,6.000000000000000000e+00,1.027176547104523774e+00
8.500000000000000000e+03,7.000000000000000000e+00,1.027018501977567944e+00
8.500000000000000000e+03,8.000000000000000000e+00,1.026838191517726928e+00
8.500000000000000000e+03,9.000000000000000000e+00,1.026636486130396486e+00
8.500000000000000000e+03,1.000000000000000000e+01,1.026414363458401535e+00
8.500000000000000000e+03,1.100000000000000000e+01,1.026172902327234571e+00
8.500000000000000000e+03,1.200000000000000000e+01,1.025913274764115535e+00
8.500000000000000000e+03,1.300000000000000000e+01,1.025636735991064530e+00
8.500000000000000000e+03,1.400000000000000000e+01,1.025344612418759294e+00
8.500000000000000000e+03,1.500000000000000000e+01,1.025038287809600490e+00
8.500000000000000000e+03,1.600000000000000000e+01,1.024719187919698626e+00
8.500000000000000000e+03,1.700000000000000000e+01,1.024388764055092160e+00
8.500000000000000000e+03,1.800000000000000000e+01,1.024048476072631608e+00
8.500000000000000000e+03,1.900000000000000000e+01,1.023699775407639123e+00
8.500000000000000000e+03,2.000000000000000000e+01,1.023344088715404610e+00
8.500000000000000000e+03,2.100000000000000000e+01,1.022982802670115099e+00
8.500000000000000000e+03,2.200000000000000000e+01,1.022617250381553156e+00
8.500000000000000000e+03,2.300000000000000000e+01,1.022248699778210757e+00
8.500000000000000000e+03,2.400000000000000000e+01,1.021878344178617226e+00
8.500000000000000000e+03,2.500000000000000000e+01,1.021507295144660432e+00
8.500000000000000000e+03,2.600000000000000000e+01,1.021136577593740213e+00
8.500000000000000000e+03,2.700000000000000000e+01,1.020767127048209488e+00
8.500000000000000000e+03,2.800000000000000000e+01,1.020399788825237408e+00
8.500000000000000000e+03,2.900000000000000000e+01,1.020035318920843537e+00
8.500000000000000000e+03,3.000000000000000000e+01,1.019674386314889603e+00
8.666750000000000000e+03,-3.000000000000000000e+01,1.019674386314889603e+00
8.666750000000000000e+03,-2.900000000000000000e+01,1.020035318920839984e+00
8.666750000000000000e+03,-2.800000000000000000e+01,1.020399788825226750e+00
8.666750000000000000e+03,-2.700000000000000000e+01,1.020767127048227252e+00
8.666750000000000000e+03,-2.600000000000000000e+01,1.021136577593734884e+00
8.666750000000000000e+03,-2.500000000000000000e+01,1.021507295144665761e+00
8.666750000000000000e+03,-2.400000000000000000e+01,1.021878344178622555e+00
8.666750000000000000e+03,-2.300000000000000000e+01,1.022248699778208980e+00
8.666750000000000000e+03,-2.200000000000000000e+01,1.022617250381550491e+00
8.666750000000000000e+03,-2.100000000000000000e+01,1.022982802670119540e+00
8.666750000000000000e+03,-2.000000000000000000e+01,1.023344088715403721e+00
8.666750000000000000e+03,-1.900000000000000000e+01,1.023699775407635570e+00
8.666750000000000000e+03,-1.800000000000000000e+01,1.024048476072633385e+00
8.666750000000000000e+03,-1.700000000000000000e+01,1.024388764055095713e+00
8.666750000000000000e+03,-1.600000000000000000e+01,1.024719187919690633e+00
8.666750000000000000e+03,-1.500000000000000000e+01,1.025038287809604931e+00
8.666750000000000000e+03,-1.400000000000000000e+01,1.025344612418760182e+00
8.666750000000000000e+03,-1.300000000000000000e+01,1.025636735991062753e+00
8.666750000000000000e+03,-1.200000000000000000e+01,1.025913274764117311e+00
8.666750000000000000e+03,-1.100000000000000000e+01,1.026172902327231906e+00
8.666750000000000000e+03,-1.000000000000000000e+01,1.026414363458403090e+00
8.666750000000000000e+03,-9.000000000000000000e+00,1.026636486130396486e+00
8.666750000000000000e+03,-8.000000000000000000e+00,1.026838191517727594e+00
8.666750000000000000e+03,-7.000000000000000000e+00,1.027018501977566611e+00
8.666750000000000000e+03,-6.000000000000000000e+00,1.027176547104522886e+00
8.666750000000000000e+03,-5.000000000000000000e+00,1.027311568060813807e+00
8.666750000000000000e+03,-4.000000000000000000e+00,1.027422920453332722e+00
8.666750000000000000e+03,-3.000000000000000000e+00,1.027510076065943689e+00
8.666750000000000000e+03,-2.000000000000000000e+00,1.027572623760351300e+00
8.666750000000000000e+03,-1.000000000000000000e+00,1.027610269836992440e+00
8.666750000000000000e+03,0.000000000000000000e+00,1.027622838103327219e+00
8.666750000000000000e+03,1.000000000000000000e+00,1.027610269836992885e+00
8.666750000000000000e+03,2.000000000000000000e+00,1.027572623760351966e+00
8.666750000000000000e+03,3.000000000000000000e+00,1.027510076065943911e+00
8.666750000000000000e+03,4.000000000000000000e+00,1.027422920453332500e+00
8.666750000000000000e+03,5.000000000000000000e+00,1.027311568060812697e+00
8.666750000000000000e+03,6.000000000000000000e+00,1.027176547104523996e+00
8.666750000000000000e+03,7.000000000000000000e+00,1.027018501977567722e+00
8.666750000000000000e+03,8.000000000000000000e+00,1.026838191517726928e+00
8.666750000000000000e+03,9.000000000000000000e+00,1.026636486130396486e+00
8.666750000000000000e+03,1.000000000000000000e+01,1.026414363458401535e+00
8.666750000000000000e+03,1.100000000000000000e+01,1.026172902327234571e+00
8.666750000000000000e+03,1.200000000000000000e+01,1.025913274764115535e+00
8.666750000000000000e+03,1.300000000000000000e+01,1.025636735991064530e+00
8.666750000000000000e+03,1.400000000000000000e+01,1.025344612418759294e+00
8.666750000000000000e+03,1.500000000000000000e+01,1.025038287809600490e+00
8.666750000000000000e+03,1.600000000000000000e+01,1.024719187919698626e+00
8.666750000000000000e+03,1.700000000000000000e+01,1.024388764055092160e+00
8.666750000000000000e+03,1.800000000000000000e+01,1.024048476072631608e+00
8.666750000000000000e+03,1.900000000000000000e+01,1.023699775407639123e+00
8.666750000000000000e+03,2.000000000000000000e+01,1.023344088715404610e+00
8.666750000000000000e+03,2.100000000000000000e+01,1.022982802670115099e+00
8.666750000000000000e+03,2.200000000000000000e+01,1.022617250381553156e+00
8.666750000000000000e+03,2.300000000000000000e+01,1.022248699778210757e+00
8.666750000000000000e+03,2.400000000000000000e+01,1.021878344178617226e+00
8.666750000000000000e+03,2.500000000000000000e+01,1.021507295144660432e+00
8.666750000000000000e+03,2.600000000000000000e+01,1.021136577593740213e+00
8.666750000000000000e+03,2.700000000000000000e+01,1.020767127048209488e+00
8.666750000000000000e+03,2.800000000000000000e+01,1.020399788825237408e+00
8.666750000000000000e+03,2.900000000000000000e+01,1.020035318920843537e+00
8.666750000000000000e+03,3.000000000000000000e+01,1.019674386314889603e+00
8.833250000000000000e+03,-3.000000000000000000e+01,1.019674386314889603e+00
8.833250000000000000e+03,-2.900000000000000000e+01,1.020035318920839984e+00
8.833250000000000000e+03,-2.800000000000000000e+01,1.020399788825226750e+00
8.833250000000000000e+03,-2.700000000000000000e+01,1.020767127048227252e+00
8.833250000000000000e+03,-2.600000000000000000e+01,1.021136577593734884e+00
8.833250000000000000e+03,-2.500000000000000000e+01,1.021507295144665761e+00
8.833250000000000000e+03,-2.400000000000000000e+01,1.021878344178622555e+00
8.833250000000000000e+03,-2.300000000000000000e+01,1.022248699778208980e+00
8.833250000000000000e+03,-2.200000000000000000e+01,1.022617250381550491e+00
8.833250000000000000e+03,-2.100000000000000000e+01,1.022982802670119540e+00
8.833250000000000000e+03,-2.000000000000000000e+01,1.023344088715403721e+00
8.833250000000000000e+03,-1.900000000000000000e+01,1.023699775407635570e+00
8.833250000000000000e+03,-1.800000000000000000e+01,1.024048476072633385e+00
8.833250000000000000e+03,-1.700000000000000000e+01,1.024388764055095713e+00
8.833250000000000000e+03,-1.600000000000000000e+01,1.024719187919690633e+00
8.833250000000000000e+03,-1.500000000000000000e+01,1.025038287809604931e+00
8.833250000000000000e+03,-1.400000000000000000e+01,1.025344612418760182e+00
8.833250000000000000e+03,-1.300000000000000000e+01,1.025636735991062753e+00
8.833250000000000000e+03,-1.200000000000000000e+01,1.025913274764117311e+00
8.833250000000000000e+03,-1.100000000000000000e+01,1.026172902327231906e+00
8.833250000000000000e+03,-1.000000000000000000e+01,1.026414363458403090e+00
8.833250000000000000e+03,-9.000000000000000000e+00,1.026636486130396486e+00
8.833250000000000000e+03,-8.000000000000000000e+00,1.026838191517727594e+00
8.833250000000000000e+03,-7.000000000000000000e+00,1.027018501977566611e+00
8.833250000000000000e+03,-6.000000000000000000e+00,1.027176547104522886e+00
8.833250000000000000e+03,-5.000000000000000000e+00,1.027311568060813807e+00
8.833250000000000000e+03,-4.000000000000000000e+00,1.027422920453332722e+00
8.833250000000000000e+03,-3.000000000000000000e+00,1.027510076065943689e+00
8.833250000000000000e+03,-2.000000000000000000e+00,1.027572623760351300e+00
8.833250000000000000e+03,-1.000000000000000000e+00,1.027610269836992440e+00
8.833250000000000000e+03,0.000000000000000000e+00,1.027622838103327219e+00
8.833250000000000000e+03,1.000000000000000000e+00,1.027610269836992885e+00
8.833250000000000000e+03,2.000000000000000000e+00,1.027572623760351966e+00
8.833250000000000000e+03,3.000000000000000000e+00,1.027510076065943911e+00
8.833250000000000000e+03,4.000000000000000000e+00,1.027422920453332500e+00
8.833250000000000000e+03,5.000000000000000000e+00,1.027311568060812697e+00
8.833250000000000000e+03,6.000000000000000000e+00,1.027176547104523996e+00
8.833250000000000000e+03,7.000000000000000000e+00,1.027018501977567722e+00
8.833250000000000000e+03,8.000000000000000000e+00,1.026838191517726928e+00
8.833250000000000000e+03,9.000000000000000000e+00,1.026636486130396486e+00
8.833250000000000000e+03,1.000000000000000000e+01,1.026414363458401535e+00
8.833250000000000000e+03,1.100000000000000000e+01,1.026172902327234571e+00
8.833250000000000000e+03,1.200000000000000000e+01,1.025913274764115535e+00
8.833250000000000000e+03,1.300000000000000000e+01,1.025636735991064530e+00
8.833250000000000000e+03,1.400000000000000000e+01,1.025344612418759294e+00
8.833250000000000000e+03,1.500000000000000000e+01,1.025038287809600490e+00
8.833250000000000000e+03,1.600000000000000000e+01,1.024719187919698626e+00
8.833250000000000000e+03,1.700000000000000000e+01,1.024388764055092160e+00
8.833250000000000000e+03,1.800000000000000000e+01,1.024048476072631608e+00
8.833250000000000000e+03,1.900000000000000000e+01,1.023699775407639123e+00
8.833250000000000000e+03,2.000000000000000000e+01,1.023344088715404610e+00
8.833250000000000000e+03,2.100000000000000000e+01,1.022982802670115099e+00
8.833250000000000000e+03,2.200000000000000000e+01,1.022617250381553156e+00
8.833250000000000000e+03,2.300000000000000000e+01,1.022248699778210757e+00
8.833250000000000000e+03,2.400000000000000000e+01,1.021878344178617226e+00
8.833250000000000000e+03,2.500000000000000000e+01,1.021507295144660432e+00
8.833250000000000000e+03,2.600000000000000000e+01,1.021136577593740213e+00
8.833250000000000000e+03,2.700000000000000000e+01,1.020767127048209488e+00
8.833250000000000000e+03,2.800000000000000000e+01,1.020399788825237408e+00
8.833250000000000000e+03,2.900000000000000000e+01,1.020035318920843537e+00
8.833250000000000000e+03,3.000000000000000000e+01,1.019674386314889603e+00
9.000000000000000000e+03,-3.000000000000000000e+01,1.019674386314889603e+00
9.000000000000000000e+03,-2.900000000000000000e+01,1.020035318920839984e+00
9.000000000000000000e+03,-2.800000000000000000e+01,1.020399788825226750e+00
9.000000000000000000e+03,-2.700000000000000000e+01,1.020767127048227252e+00
9.000000000000000000e+03,-2.600000000000000000e+01,1.021136577593734884e+00
9.000000000000000000e+03,-2.500000000000000000e+01,1.021507295144665761e+00
9.000000000000000000e+03,-2.400000000000000000e+01,1.021878344178622555e+00
9.000000000000000000e+03,-2.300000000000000000e+01,1.022248699778208980e+00
9.000000000000000000e+03,-2.200000000000000000e+01,1.022617250381550491e+00
9.000000000000000000e+03,-2.100000000000000000e+01,1.022982802670119540e+00
9.000000000000000000e+03,-2.000000000000000000e+01,1.023344088715403721e+00
9.000000000000000000e+03,-1.900000000000000000e+01,1.023699775407635570e+00
9.000000000000000000e+03,-1.800000000000000000e+01,1.024048476072633385e+00
9.000000000000000000e+03,-1.700000000000000000e+01,1.024388764055095713e+00
9.000000000000000000e+03,-1.600000000000000000e+01,1.024719187919690633e+00
9.000000000000000000e+03,-1.500000000000000000e+01,1.025038287809604931e+00
9.000000000000000000e+03,-1.400000000000000000e+01,1.025344612418760182e+00
9.000000000000000000e+03,-1.300000000000000000e+01,1.025636735991062753e+00
9.000000000000000000e+03,-1.200000000000000000e+01,1.025913274764117311e+00
9.000000000000000000e+03,-1.100000000000000000e+01,1.026172902327231906e+00
9.000000000000000000e+03,-1.000000000000000000e+01,1.026414363458403090e+00
9.000000000000000000e+03,-9.000000000000000000e+00,1.026636486130396486e+00
9.000000000000000000e+03,-8.000000000000000000e+00,1.026838191517727594e+00
9.000000000000000000e+03,-7.000000000000000000e+00,1.027018501977566611e+00
9.000000000000000000e+03,-6.000000000000000000e+00,1.027176547104522886e+00
9.000000000000000000e+03,-5.000000000000000000e+00,1.027311568060813585e+00
9.000000000000000000e+03,-4.000000000000000000e+00,1.027422920453332722e+00
9.000000000000000000e+03,-3.000000000000000000e+00,1.027510076065943689e+00
9.000000000000000000e+03,-2.000000000000000000e+00,1.027572623760351300e+00
9.000000000000000000e+03,-1.000000000000000000e+00,1.027610269836992440e+00
9.000000000000000000e+03,0.000000000000000000e+00,1.027622838103327219e+00
9.000000000000000000e+03,1.000000000000000000e+00,1.027610269836992885e+00
9.000000000000000000e+03,2.000000000000000000e+00,1.027572623760351966e+00
9.000000000000000000e+03,3.000000000000000000e+00,1.027510076065943911e+00
9.000000000000000000e+03,4.000000000000000000e+00,1.027422920453332500e+00
9.000000000000000000e+03,5.000000000000000000e+00,1.027311568060812919e+00
9.000000000000000000e+03,6.000000000000000000e+00,1.027176547104523774e+00
9.000000000000000000e+03,7.000000000000000000e+00,1.027018501977567944e+00
9.000000000000000000e+03,8.000000000000000000e+00,1.026838191517726928e+00
9.000000000000000000e+03,9.000000000000000000e+00,1.026636486130396486e+00
9.000000000000000000e+03,1.000000000000000000e+01,1.026414363458401535e+00
9.000000000000000000e+03,1.100000000000000000e+01,1.026172902327234571e+00
9.000000000000000000e+03,1.200000000000000000e+01,1.025913274764115535e+00
9.000000000000000000e+03,1.300000000000000000e+01,1.025636735991064530e+00
9.000000000000000000e+03,1.400000000000000000e+01,1.025344612418759294e+00
9.000000000000000000e+03,1.500000000000000000e+01,1.025038287809600490e+00
9.000000000000000000e+03,1.600000000000000000e+01,1.024719187919698626e+00
9.000000000000000000e+03,1.700000000000000000e+01,1.024388764055092160e+00
9.000000000000000000e+03,1.800000000000000000e+01,1.024048476072631608e+00
9.000000000000000000e+03,1.900000000000000000e+01,1.023699775407639123e+00
9.000000000000000000e+03,2.000000000000000000e+01,1.023344088715404610e+00
9.000000000000000000e+03,2.100000000000000000e+01,1.022982802670115099e+00
9.000000000000000000e+03,2.200000000000000000e+01,1.022617250381553156e+00
9.000000000000000000e+03,2.300000000000000000e+01,1.022248699778210757e+00
9.000000000000000000e+03,2.400000000000000000e+01,1.021878344178617226e+00
9.000000000000000000e+03,2.500000000000000000e+01,1.021507295144660432e+00
9.000000000000000000e+03,2.600000000000000000e+01,1.021136577593740213e+00
9.000000000000000000e+03,2.700000000000000000e+01,1.020767127048209488e+00
9.000000000000000000e+03,2.800000000000000000e+01,1.020399788825237408e+00
9.000000000000000000e+03,2.900000000000000000e+01,1.020035318920843537e+00
9.000000000000000000e+03,3.000000000000000000e+01,1.019674386314889603e+00
9.166750000000000000e+03,-3.000000000000000000e+01,1.019674386314889603e+00
9.166750000000000000e+03,-2.900000000000000000e+01,1.020035318920839984e+00
9.166750000000000000e+03,-2.800000000000000000e+01,1.020399788825226750e+00
9.166750000000000000e+03,-2.700000000000000000e+01,1.020767127048227252e+00
9.166750000000000000e+03,-2.600000000000000000e+01,1.021136577593734884e+00
9.166750000000000000e+03,-2.500000000000000000e+01,1.021507295144665761e+00
9.166750000000000000e+03,-2.400000000000000000e+01,1.021878344178622555e+00
9.166750000000000000e+03,-2.300000000000000000e+01,1.022248699778208980e+00
9.166750000000000000e+03,-2.200000000000000000e+01,1.022617250381550491e+00
9.166750000000000000e+03,-2.100000000000000000e+01,1.022982802670119540e+00
9.166750000000000000e+03,-2.000000000000000000e+01,1.023344088715403721e+00
9.166750000000000000e+03,-1.900000000000000000e+01,1.023699775407635570e+00
9.166750000000000000e+03,-1.800000000000000000e+01,1.024048476072633385e+00
9.166750000000000000e+03,-1.700000000000000000e+01,1.024388764055095713e+00
9.166750000000000000e+03,-1.600000000000000000e+01,1.024719187919690633e+00
9.166750000000000000e+03,-1.500000000000000000e+01,1.025038287809604931e+00
9.166750000000000000e+03,-1.400000000000000000e+01,1.025344612418760182e+00
9.166750000000000000e+03,-1.300000000000000000e+01,1.025636735991062753e+00
9.166750000000000000e+03,-1.200000000000000000e+01,1.025913274764117311e+00
9.166750000000000000e+03,-1.100000000000000000e+01,1.026172902327231906e+00
9.166750000000000000e+03,-1.000000000000000000e+01,1.026414363458403090e+00
9.166750000000000000e+03,-9.000000000000000000e+00,1.026636486130396486e+00
9.166750000000000000e+03,-8.000000000000000000e+00,1.026838191517727594e+00
9.166750000000000000e+03,-7.000000000000000000e+00,1.027018501977566611e+00
9.166750000000000000e+03,-6.000000000000000000e+00,1.027176547104522886e+00
9.166750000000000000e+03,-5.000000000000000000e+00,1.027311568060813807e+00
9.166750000000000000e+03,-4.000000000000000000e+00,1.027422920453332722e+00
9.166750000000000000e+03,-3.000000000000000000e+00,1.027510076065943689e+00
9.166750000000000000e+03,-2.000000000000000000e+00,1.027572623760351300e+00
9.166750000000000000e+03,-1.000000000000000000e+00,1.027610269836992440e+00
9.166750000000000000e+03,0.000000000000000000e+00,1.027622838103327219e+00
9.166750000000000000e+03,1.000000000000000000e+00,1.027610269836992885e+00
9.166750000000000000e+03,2.000000000000000000e+00,1.027572623760351966e+00
9.166750000000000000e+03,3.000000000000000000e+00,1.027510076065943911e+00
9.166750000000000000e+03,4.000000000000000000e+00,1.027422920453332500e+00
9.166750000000000000e+03,5.000000000000000000e+00,1.027311568060812697e+00
9.166750000000000000e+03,6.000000000000000000e+00,1.027176547104523996e+00
9.166750000000000000e+03,7.000000000000000000e+00,1.027018501977567722e+00
9.166750000000000000e+03,8.000000000000000000e+00,1.026838191517726928e+00
9.166750000000000000e+03,9.000000000000000000e+00,1.026636486130396486e+00
9.166750000000000000e+03,1.000000000000000000e+01,1.026414363458401535e+00
9.166750000000000000e+03,1.100000000000000000e+01,1.026172902327234571e+00
9.166750000000000000e+03,1.200000000000000000e+01,1.025913274764115535e+00
9.166750000000000000e+03,1.300000000000000000e+01,1.025636735991064530e+00
9.166750000000000000e+03,1.400000000000000000e+01,1.025344612418759294e+00
9.166750000000000000e+03,1.500000000000000000e+01,1.025038287809600490e+00
9.166750000000000000e+03,1.600000000000000000e+01,1.024719187919698626e+00
9.166750000000000000e+03,1.700000000000000000e+01,1.024388764055092160e+00
9.166750000000000000e+03,1.800000000000000000e+01,1.024048476072631608e+00
9.166750000000000000e+03,1.900000000000000000e+01,1.023699775407639123e+00
9.166750000000000000e+03,2.000000000000000000e+01,1.023344088715404610e+00
9.166750000000000000e+03,2.100000000000000000e+01,1.022982802670115099e+00
9.166750000000000000e+03,2.200000000000000000e+01,1.022617250381553156e+00
9.166750000000000000e+03,2.300000000000000000e+01,1.022248699778210757e+00
9.166750000000000000e+03,2.400000000000000000e+01,1.021878344178617226e+00
9.166750000000000000e+03,2.500000000000000000e+01,1.021507295144660432e+00
9.166750000000000000e+03,2.600000000000000000e+01,1.021136577593740213e+00
9.166750000000000000e+03,2.700000000000000000e+01,1.020767127048209488e+00
9.166750000000000000e+03,2.800000000000000000e+01,1.020399788825237408e+00
9.166750000000000000e+03,2.900000000000000000e+01,1.020035318920843537e+00
9.166750000000000000e+03,3.000000000000000000e+01,1.019674386314889603e+00
9.333250000000000000e+03,-3.000000000000000000e+01,1.019674386314889603e+00
9.333250000000000000e+03,-2.900000000000000000e+01,1.020035318920839984e+00
9.333250000000000000e+03,-2.800000000000000000e+01,1.020399788825226750e+00
9.333250000000000000e+03,-2.700000000000000000e+01,1.020767127048227252e+00
9.333250000000000000e+03,-2.600000000000000000e+01,1.021136577593734884e+00
9.333250000000000000e+03,-2.500000000000000000e+01,1.021507295144665761e+00
9.333250000000000000e+03,-2.400000000000000000e+01,1.021878344178622555e+00
9.333250000000000000e+03,-2.300000000000000000e+01,1.022248699778208980e+00
9.333250000000000000e+03,-2.200000000000000000e+01,1.022617250381550491e+00
9.333250000000000000e+03,-2.100000000000000000e+01,1.022982802670119540e+00
9.333250000000000000e+03,-2.000000000000000000e+01,1.023344088715403721e+00
9.333250000000000000e+03,-1.900000000000000000e+01,1.023699775407635570e+00
9.333250000000000000e+03,-1.800000000000000000e+01,1.024048476072633385e+00
9.333250000000000000e+03,-1.700000000000000000e+01,1.024388764055095713e+00
9.333250000000000000e+03,-1.600000000000000000e+01,1.024719187919690633e+00
9.333250000000000000e+03,-1.500000000000000000e+01,1.025038287809604931e+00
9.333250000000000000e+03,-1.400000000000000000e+01,1.025344612418760182e+00
9.333250000000000000e+03,-1.300000000000000000e+01,1.025636735991062753e+00
9.333250000000000000e+03,-1.200000000000000000e+01,1.025913274764117311e+00
9.333250000000000000e+03,-1.100000000000000000e+01,1.026172902327231906e+00
9.333250000000000000e+03,-1.000000000000000000e+01,1.026414363458403090e+00
9.333250000000000000e+03,-9.000000000000000000e+00,1.026636486130396486e+00
9.333250000000000000e+03,-8.000000000000000000e+00,1.026838191517727594e+00
9.333250000000000000e+03,-7.000000000000000000e+00,1.027018501977566611e+00
9.333250000000000000e+03,-6.000000000000000000e+00,1.027176547104522886e+00
9.333250000000000000e+03,-5.000000000000000000e+00,1.027311568060813807e+00
9.333250000000000000e+03,-4.000000000000000000e+00,1.027422920453332722e+00
9.333250000000000000e+03,-3.000000000000000000e+00,1.027510076065943689e+00
9.333250000000000000e+03,-2.000000000000000000e+00,1.027572623760351300e+00
9.333250000000000000e+03,-1.000000000000000000e+00,1.027610269836992440e+00
9.333250000000000000e+03,0.000000000000000000e+00,1.027622838103327219e+00
9.333250000000000000e+03,1.000000000000000000e+00,1.027610269836992885e+00
9.333250000000000000e+03,2.000000000000000000e+00,1.027572623760351966e+00
9.333250000000000000e+03,3.000000000000000000e+00,1.027510076065943911e+00
9.333250000000000000e+03,4.000000000000000000e+00,1.027422920453332500e+00
9.333250000000000000e+03,5.000000000000000000e+00,1.027311568060812697e+00
9.333250000000000000e+03,6.000000000000000000e+00,1.027176547104523996e+00
9.333250000000000000e+03,7.000000000000000000e+00,1.027018501977567722e+00
9.333250000000000000e+03,8.000000000000000000e+00,1.026838191517726928e+00
9.333250000000000000e+03,9.000000000000000000e+00,1.026636486130396486e+00
9.333250000000000000e+03,1.000000000000000000e+01,1.026414363458401535e+00
9.333250000000000000e+03,1.100000000000000000e+01,1.026172902327234571e+00
9.333250000000000000e+03,1.200000000000000000e+01,1.025913274764115535e+00
9.333250000000000000e+03,1.300000000000000000e+01,1.025636735991064530e+00
9.333250000000000000e+03,1.400000000000000000e+01,1.025344612418759294e+00
9.333250000000000000e+03,1.500000000000000000e+01,1.025038287809600490e+00
9.333250000000000000e+03,1.600000000000000000e+01,1.024719187919698626e+00
9.333250000000000000e+03,1.700000000000000000e+01,1.024388764055092160e+00
9.333250000000000000e+03,1.800000000000000000e+01,1.024048476072631608e+00
9.333250000000000000e+03,1.900000000000000000e+01,1.023699775407639123e+00
9.333250000000000000e+03,2.000000000000000000e+01,1.023344088715404610e+00
9.333250000000000000e+03,2.100000000000000000e+01,1.022982802670115099e+00
9.333250000000000000e+03,2.200000000000000000e+01,1.022617250381553156e+00
9.333250000000000000e+03,2.300000000000000000e+01,1.022248699778210757e+00
9.333250000000000000e+03,2.400000000000000000e+01,1.021878344178617226e+00
9.333250000000000000e+03,2.500000000000000000e+01,1.021507295144660432e+00
9.333250000000000000e+03,2.600000000000000000e+01,1.021136577593740213e+00
9.333250000000000000e+03,2.700000000000000000e+01,1.020767127048209488e+00
9.333250000000000000e+03,2.800000000000000000e+01,1.020399788825237408e+00
9.333250000000000000e+03,2.900000000000000000e+01,1.020035318920843537e+00
9.333250000000000000e+03,3.000000000000000000e+01,1.019674386314889603e+00
9.500000000000000000e+03,-3.000000000000000000e+01,1.019674386314889603e+00
9.500000000000000000e+03,-2.900000000000000000e+01,1.020035318920839984e+00
9.500000000000000000e+03,-2.800000000000000000e+01,1.020399788825226750e+00
9.500000000000000000e+03,-2.700000000000000000e+01,1.020767127048227252e+00
9.500000000000000000e+03,-2.600000000000000000e+01,1.021136577593734884e+00
9.500000000000000000e+03,-2.500000000000000000e+01,1.021507295144665761e+00
9.500000000000000000e+03,-2.400000000000000000e+01,1.021878344178622555e+00
9.500000000000000000e+03,-2.300000000000000000e+01,1.022248699778208980e+00
9.500000000000000000e+03,-2.200000000000000000e+01,1.022617250381550491e+00
9.500000000000000000e+03,-2.100000000000000000e+01,1.022982802670119540e+00
9.500000000000000000e+03,-2.000000000000000000e+01,1.023344088715403721e+00
9.500000000000000000e+03,-1.900000000000000000e+01,1.023699775407635570e+00
9.500000000000000000e+03,-1.800000000000000000e+01,1.024048476072633385e+00
9.500000000000000000e+03,-1.700000000000000000e+01,1.024388764055095713e+00
9.500000000000000000e+03,-1.600000000000000000e+01,1.024719187919690633e+00
9.500000000000000000e+03,-1.500000000000000000e+01,1.025038287809604931e+00
9.500000000000000000e+03,-1.400000000000000000e+01,1.025344612418760182e+00
9.500000000000000000e+03,-1.300000000000000000e+01,1.025636735991062753e+00
9.500000000000000000e+03,-1.200000000000000000e+01,1.025913274764117311e+00
9.500000000000000000e+03,-1.100000000000000000e+01,1.026172902327231906e+00
9.500000000000000000e+03,-1.000000000000000000e+01,1.026414363458403090e+00
9.500000000000000000e+03,-9.000000000000000000e+00,1.026636486130396486e+00
9.500000000000000000e+03,-8.000000000000000000e+00,1.026838191517727594e+00
9.500000000000000000e+03,-7.000000000000000000e+00,1.027018501977566611e+00
9.500000000000000000e+03,-6.000000000000000000e+00,1.027176547104522886e+00
9.500000000000000000e+03,-5.000000000000000000e+00,1.027311568060813585e+00
9.500000000000000000e+03,-4.000000000000000000e+00,1.027422920453332722e+00
9.500000000000000000e+03,-3.000000000000000000e+00,1.027510076065943689e+00
9.500000000000000000e+03,-2.000000000000000000e+00,1.027572623760351300e+00
9.500000000000000000e+03,-1.000000000000000000e+00,1.027610269836992440e+00
9.500000000000000000e+03,0.000000000000000000e+00,1.027622838103327219e+00
9.500000000000000000e+03,1.000000000000000000e+00,1.027610269836992885e+00
9.500000000000000000e+03,2.000000000000000000e+00,1.027572623760351966e+00
9.500000000000000000e+03,3.000000000000000000e+00,1.027510076065943911e+00
9.500000000000000000e+03,4.000000000000000000e+00,1.027422920453332500e+00
9.500000000000000000e+03,5.000000000000000000e+00,1.027311568060812919e+00
9.500000000000000000e+03,6.000000000000000000e+00,1.027176547104523774e+00
9.500000000000000000e+03,7.000000000000000000e+00,1.027018501977567944e+00
9.500000000000000000e+03,8.000000000000000000e+00,1.026838191517726928e+00
9.500000000000000000e+03,9.000000000000000000e+00,1.026636486130396486e+00
9.500000000000000000e+03,1.000000000000000000e+01,1.026414363458401535e+00
9.500000000000000000e+03,1.100000000000000000e+01,1.026172902327234571e+00
9.500000000000000000e+03,1.200000000000000000e+01,1.025913274764115535e+00
9.500000000000000000e+03,1.300000000000000000e+01,1.025636735991064530e+00
9.500000000000000000e+03,1.400000000000000000e+01,1.025344612418759294e+00
9.500000000000000000e+03,1.500000000000000000e+01,1.025038287809600490e+00
9.500000000000000000e+03,1.600000000000000000e+01,1.024719187919698626e+00
9.500000000000000000e+03,1.700000000000000000e+01,1.024388764055092160e+00
9.500000000000000000e+03,1.800000000000000000e+01,1.024048476072631608e+00
9.500000000000000000e+03,1.900000000000000000e+01,1.023699775407639123e+00
9.500000000000000000e+03,2.000000000000000000e+01,1.023344088715404610e+00
9.500000000000000000e+03,2.100000000000000000e+01,1.022982802670115099e+00
9.500000000000000000e+03,2.200000000000000000e+01,1.022617250381553156e+00
9.500000000000000000e+03,2.300000000000000000e+01,1.022248699778210757e+00
9.500000000000000000e+03,2.400000000000000000e+01,1.021878344178617226e+00
9.500000000000000000e+03,2.500000000000000000e+01,1.021507295144660432e+00
9.500000000000000000e+03,2.600000000000000000e+01,1.021136577593740213e+00
9.500000000000000000e+03,2.700000000000000000e+01,1.020767127048209488e+00
9.500000000000000000e+03,2.800000000000000000e+01,1.020399788825237408e+00
9.500000000000000000e+03,2.900000000000000000e+01,1.020035318920843537e+00
9.500000000000000000e+03,3.000000000000000000e+01,1.019674386314889603e+00
9.666750000000000000e+03,-3.000000000000000000e+01,1.019674386314889603e+00
9.666750000000000000e+03,-2.900000000000000000e+01,1.020035318920839984e+00
9.666750000000000000e+03,-2.800000000000000000e+01,1.020399788825226750e+00
9.666750000000000000e+03,-2.700000000000000000e+01,1.020767127048227252e+00
9.666750000000000000e+03,-2.600000000000000000e+01,1.021136577593734884e+00
9.666750000000000000e+03,-2.500000000000000000e+01,1.021507295144665761e+00
9.666750000000000000e+03,-2.400000000000000000e+01,1.021878344178622555e+00
9.666750000000000000e+03,-2.300000000000000000e+01,1.022248699778208980e+00
9.666750000000000000e+03,-2.200000000000000000e+01,1.022617250381550491e+00
9.666750000000000000e+03,-2.100000000000000000e+01,1.022982802670119540e+00
9.666750000000000000e+03,-2.000000000000000000e+01,1.023344088715403721e+00
9.666750000000000000e+03,-1.900000000000000000e+01,1.023699775407635570e+00
9.666750000000000000e+03,-1.800000000000000000e+01,1.024048476072633385e+00
9.666750000000000000e+03,-1.700000000000000000e+01,1.024388764055095713e+00
9.666750000000000000e+03,-1.600000000000000000e+01,1.024719187919690633e+00
9.666750000000000000e+03,-1.500000000000000000e+01,1.025038287809604931e+00
9.666750000000000000e+03,-1.400000000000000000e+01,1.025344612418760182e+00
9.666750000000000000e+03,-1.300000000000000000e+01,1.025636735991062753e+00
9.666750000000000000e+03,-1.200000000000000000e+01,1.025913274764117311e+00
9.666750000000000000e+03,-1.100000000000000000e+01,1.026172902327231906e+00
9.666750000000000000e+03,-1.000000000000000000e+01,1.026414363458403090e+00
9.666750000000000000e+03,-9.000000000000000000e+00,1.026636486130396486e+00
9.666750000000000000e+03,-8.000000000000000000e+00,1.026838191517727594e+00
9.666750000000000000e+03,-7.000000000000000000e+00,1.027018501977566611e+00
9.666750000000000000e+03,-6.000000000000000000e+00,1.027176547104522886e+00
9.666750000000000000e+03,-5.000000000000000000e+00,1.027311568060813807e+00
9.666750000000000000e+03,-4.000000000000000000e+00,1.027422920453332722e+00
9.666750000000000000e+03,-3.000000000000000000e+00,1.027510076065943689e+00
9.666750000000000000e+03,-2.000000000000000000e+00,1.027572623760351300e+00
9.666750000000000000e+03,-1.000000000000000000e+00,1.027610269836992440e+00
9.666750000000000000e+03,0.000000000000000000e+00,1.027622838103327219e+00
9.666750000000000000e+03,1.000000000000000000e+00,1.027610269836992885e+00
9.666750000000000000e+03,2.000000000000000000e+00,1.027572623760351966e+00
9.666750000000000000e+03,3.000000000000000000e+00,1.027510076065943911e+00
9.666750000000000000e+03,4.000000000000000000e+00,1.027422920453332500e+00
9.666750000000000000e+03,5.000000000000000000e+00,1.027311568060812697e+00
9.666750000000000000e+03,6.000000000000000000e+00,1.027176547104523996e+00
9.666750000000000000e+03,7.000000000000000000e+00,1.027018501977567722e+00
9.666750000000000000e+03,8.000000000000000000e+00,1.026838191517726928e+00
9.666750000000000000e+03,9.000000000000000000e+00,1.026636486130396486e+00
9.666750000000000000e+03,1.000000000000000000e+01,1.026414363458401535e+00
9.666750000000000000e+03,1.100000000000000000e+01,1.026172902327234571e+00
9.666750000000000000e+03,1.200000000000000000e+01,1.025913274764115535e+00
9.666750000000000000e+03,1.300000000000000000e+01,1.025636735991064530e+00
9.666750000000000000e+03,1.400000000000000000e+01,1.025344612418759294e+00
9.666750000000000000e+03,1.500000000000000000e+01,1.025038287809600490e+00
9.666750000000000000e+03,1.600000000000000000e+01,1.024719187919698626e+00
9.666750000000000000e+03,1.700000000000000000e+01,1.024388764055092160e+00
9.666750000000000000e+03,1.800000000000000000e+01,1.024048476072631608e+00
9.666750000000000000e+03,1.900000000000000000e+01,1.023699775407639123e+00
9.666750000000000000e+03,2.000000000000000000e+01,1.023344088715404610e+00
9.666750000000000000e+03,2.100000000000000000e+01,1.022982802670115099e+00
9.666750000000000000e+03,2.200000000000000000e+01,1.022617250381553156e+00
9.666750000000000000e+03,2.300000000000000000e+01,1.022248699778210757e+00
9.666750000000000000e+03,2.400000000000000000e+01,1.021878344178617226e+00
9.666750000000000000e+03,2.500000000000000000e+01,1.021507295144660432e+00
9.666750000000000000e+03,2.600000000000000000e+01,1.021136577593740213e+00
9.666750000000000000e+03,2.700000000000000000e+01,1.020767127048209488e+00
9.666750000000000000e+03,2.800000000000000000e+01,1.020399788825237408e+00
9.666750000000000000e+03,2.900000000000000000e+01,1.020035318920843537e+00
9.666750000000000000e+03,3.000000000000000000e+01,1.019674386314889603e+00
9.833250000000000000e+03,-3.000000000000000000e+01,1.019674386314889603e+00
9.833250000000000000e+03,-2.900000000000000000e+01,1.020035318920839984e+00
9.833250000000000000e+03,-2.800000000000000000e+01,1.020399788825226750e+00
9.833250000000000000e+03,-2.700000000000000000e+01,1.020767127048227252e+00
9.833250000000000000e+03,-2.600000000000000000e+01,1.021136577593734884e+00
9.833250000000000000e+03,-2.500000000000000000e+01,1.021507295144665761e+00
9.833250000000000000e+03,-2.400000000000000000e+01,1.021878344178622555e+00
9.833250000000000000e+03,-2.300000000000000000e+01,1.022248699778208980e+00
9.833250000000000000e+03,-2.200000000000000000e+01,1.022617250381550491e+00
9.833250000000000000e+03,-2.100000000000000000e+01,1.022982802670119540e+00
9.833250000000000000e+03,-2.000000000000000000e+01,1.023344088715403721e+00
9.833250000000000000e+03,-1.900000000000000000e+01,1.023699775407635570e+00
9.833250000000000000e+03,-1.800000000000000000e+01,1.024048476072633385e+00
9.833250000000000000e+03,-1.700000000000000000e+01,1.024388764055095713e+00
9.833250000000000000e+03,-1.600000000000000000e+01,1.024719187919690633e+00
9.833250000000000000e+03,-1.500000000000000000e+01,1.025038287809604931e+00
9.833250000000000000e+03,-1.400000000000000000e+01,1.025344612418760182e+00
9.833250000000000000e+03,-1.300000000000000000e+01,1.025636735991062753e+00
9.833250000000000000e+03,-1.200000000000000000e+01,1.025913274764117311e+00
9.833250000000000000e+03,-1.100000000000000000e+01,1.026172902327231906e+00
9.833250000000000000e+03,-1.000000000000000000e+01,1.026414363458403090e+00
9.833250000000000000e+03,-9.000000000000000000e+00,1.026636486130396486e+00
9.833250000000000000e+03,-8.000000000000000000e+00,1.026838191517727594e+00
9.833250000000000000e+03,-7.000000000000000000e+00,1.027018501977566611e+00
9.833250000000000000e+03,-6.000000000000000000e+00,1.027176547104522886e+00
9.833250000000000000e+03,-5.000000000000000000e+00,1.027311568060813807e+00
9.833250000000000000e+03,-4.000000000000000000e+00,1.027422920453332722e+00
9.833250000000000000e+03,-3.000000000000000000e+00,1.027510076065943689e+00
9.833250000000000000e+03,-2.000000000000000000e+00,1.027572623760351300e+00
9.833250000000000000e+03,-1.000000000000000000e+00,1.027610269836992440e+00
9.833250000000000000e+03,0.000000000000000000e+00,1.027622838103327219e+00
9.833250000000000000e+03,1.000000000000000000e+00,1.027610269836992885e+00
9.833250000000000000e+03,2.000000000000000000e+00,1.027572623760351966e+00
9.833250000000000000e+03,3.000000000000000000e+00,1.027510076065943911e+00
9.833250000000000000e+03,4.000000000000000000e+00,1.027422920453332500e+00
9.833250000000000000e+03,5.000000000000000000e+00,1.027311568060812697e+00
9.833250000000000000e+03,6.000000000000000000e+00,1.027176547104523996e+00
9.833250000000000000e+03,7.000000000000000000e+00,1.027018501977567722e+00
9.833250000000000000e+03,8.000000000000000000e+00,1.026838191517726928e+00
9.833250000000000000e+03,9.000000000000000000e+00,1.026636486130396486e+00
9.833250000000000000e+03,1.000000000000000000e+01,1.026414363458401535e+00
9.833250000000000000e+03,1.100000000000000000e+01,1.026172902327234571e+00
9.833250000000000000e+03,1.200000000000000000e+01,1.025913274764115535e+00
9.833250000000000000e+03,1.300000000000000000e+01,1.025636735991064530e+00
9.833250000000000000e+03,1.400000000000000000e+01,1.025344612418759294e+00
9.833250000000000000e+03,1.500000000000000000e+01,1.025038287809600490e+00
9.833250000000000000e+03,1.600000000000000000e+01,1.024719187919698626e+00
9.833250000000000000e+03,1.700000000000000000e+01,1.024388764055092160e+00
9.833250000000000000e+03,1.800000000000000000e+01,1.024048476072631608e+00
9.833250000000000000e+03,1.900000000000000000e+01,1.023699775407639123e+00
9.833250000000000000e+03,2.000000000000000000e+01,1.023344088715404610e+00
9.833250000000000000e+03,2.100000000000000000e+01,1.022982802670115099e+00
9.833250000000000000e+03,2.200000000000000000e+01,1.022617250381553156e+00
9.833250000000000000e+03,2.300000000000000000e+01,1.022248699778210757e+00
9.833250000000000000e+03,2.400000000000000000e+01,1.021878344178617226e+00
9.833250000000000000e+03,2.500000000000000000e+01,1.021507295144660432e+00
9.833250000000000000e+03,2.600000000000000000e+01,1.021136577593740213e+00
9.833250000000000000e+03,2.700000000000000000e+01,1.020767127048209488e+00
9.833250000000000000e+03,2.800000000000000000e+01,1.020399788825237408e+00
9.833250000000000000e+03,2.900000000000000000e+01,1.020035318920843537e+00
9.833250000000000000e+03,3.000000000000000000e+01,1.019674386314889603e+00
1.000000000000000000e+04,-3.000000000000000000e+01,1.019674386314889603e+00
1.000000000000000000e+04,-2.900000000000000000e+01,1.020035318920839984e+00
1.000000000000000000e+04,-2.800000000000000000e+01,1.020399788825226750e+00
1.000000000000000000e+04,-2.700000000000000000e+01,1.020767127048227252e+00
1.000000000000000000e+04,-2.600000000000000000e+01,1.021136577593734884e+00
1.000000000000000000e+04,-2.500000000000000000e+01,1.021507295144665761e+00
1.000000000000000000e+04,-2.400000000000000000e+01,1.021878344178622555e+00
1.000000000000000000e+04,-2.300000000000000000e+01,1.022248699778208980e+00
1.000000000000000000e+04,-2.200000000000000000e+01,1.022617250381550491e+00
1.000000000000000000e+04,-2.100000000000000000e+01,1.022982802670119540e+00
1.000000000000000000e+04,-2.000000000000000000e+01,1.023344088715403721e+00
1.000000000000000000e+04,-1.900000000000000000e+01,1.023699775407635570e+00
1.000000000000000000e+04,-1.800000000000000000e+01,1.024048476072633385e+00
1.000000000000000000e+04,-1.700000000000000000e+01,1.024388764055095713e+00
1.000000000000000000e+04,-1.600000000000000000e+01,1.024719187919690633e+00
1.000000000000000000e+04,-1.500000000000000000e+01,1.025038287809604931e+00
1.000000000000000000e+04,-1.400000000000000000e+01,1.025344612418760182e+00
1.000000000000000000e+04,-1.300000000000000000e+01,1.025636735991062753e+00
1.000000000000000000e+04,-1.200000000000000000e+01,1.025913274764117311e+00
1.000000000000000000e+04,-1.100000000000000000e+01,1.026172902327231906e+00
1.000000000000000000e+04,-1.000000000000000000e+01,1.026414363458403090e+00
1.000000000000000000e+04,-9.000000000000000000e+00,1.026636486130396486e+00
1.000000000000000000e+04,-8.000000000000000000e+00,1.026838191517727594e+00
1.000000000000000000e+04,-7.000000000000000000e+00,1.027018501977566611e+00
1.000000000000000000e+04,-6.000000000000000000e+00,1.027176547104522886e+00
1.000000000000000000e+04,-5.000000000000000000e+00,1.027311568060813585e+00
1.000000000000000000e+04,-4.000000000000000000e+00,1.027422920453332722e+00
1.000000000000000000e+04,-3.000000000000000000e+00,1.027510076065943689e+00
1.000000000000000000e+04,-2.000000000000000000e+00,1.027572623760351300e+00
1.000000000000000000e+04,-1.000000000000000000e+00,1.027610269836992440e+00
1.000000000000000000e+04,0.000000000000000000e+00,1.027622838103327219e+00
1.000000000000000000e+04,1.000000000000000000e+00,1.027610269836992885e+00
1.000000000000000000e+04,2.000000000000000000e+00,1.027572623760351966e+00
1.000000000000000000e+04,3.000000000000000000e+00,1.027510076065943911e+00
1.000000000000000000e+04,4.000000000000000000e+00,1.027422920453332500e+00
1.000000000000000000e+04,5.000000000000000000e+00,1.027311568060812919e+00
1.000000000000000000e+04,6.000000000000000000e+00,1.027176547104523774e+00
1.000000000000000000e+04,7.000000000000000000e+00,1.027018501977567944e+00
1.000000000000000000e+04,8.000000000000000000e+00,1.026838191517726928e+00
1.000000000000000000e+04,9.000000000000000000e+00,1.026636486130396486e+00
1.000000000000000000e+04,1.000000000000000000e+01,1.026414363458401535e+00
1.000000000000000000e+04,1.100000000000000000e+01,1.026172902327234571e+00
1.000000000000000000e+04,1.200000000000000000e+01,1.025913274764115535e+00
1.000000000000000000e+04,1.300000000000000000e+01,1.025636735991064530e+00
1.000000000000000000e+04,1.400000000000000000e+01,1.025344612418759294e+00
1.000000000000000000e+04,1.500000000000000000e+01,1.025038287809600490e+00
1.000000000000000000e+04,1.600000000000000000e+01,1.024719187919698626e+00
1.000000000000000000e+04,1.700000000000000000e+01,1.024388764055092160e+00
1.000000000000000000e+04,1.800000000000000000e+01,1.024048476072631608e+00
1.000000000000000000e+04,1.900000000000000000e+01,1.023699775407639123e+00
1.000000000000000000e+04,2.000000000000000000e+01,1.023344088715404610e+00
1.000000000000000000e+04,2.100000000000000000e+01,1.022982802670115099e+00
1.000000000000000000e+04,2.200000000000000000e+01,1.022617250381553156e+00
1.000000000000000000e+04,2.300000000000000000e+01,1.022248699778210757e+00
1.000000000000000000e+04,2.400000000000000000e+01,1.021878344178617226e+00
1.000000000000000000e+04,2.500000000000000000e+01,1.021507295144660432e+00
1.000000000000000000e+04,2.600000000000000000e+01,1.021136577593740213e+00
1.000000000000000000e+04,2.700000000000000000e+01,1.020767127048209488e+00
1.000000000000000000e+04,2.800000000000000000e+01,1.020399788825237408e+00
1.000000000000000000e+04,2.900000000000000000e+01,1.020035318920843537e+00
1.000000000000000000e+04,3.000000000000000000e+01,1.019674386314889603e+00
