tau,q,bid_depth
0.000000000000000000e+00,-3.000000000000000000e+01,4.987541511039073616e-01
0.000000000000000000e+00,-2.900000000000000000e+01,4.987541511039073616e-01
0.000000000000000000e+00,-2.800000000000000000e+01,4.987541511039073616e-01
0.000000000000000000e+00,-2.700000000000000000e+01,4.987541511039073616e-01
0.000000000000000000e+00,-2.600000000000000000e+01,4.987541511039073616e-01
0.000000000000000000e+00,-2.500000000000000000e+01,4.987541511039073616e-01
0.000000000000000000e+00,-2.400000000000000000e+01,4.987541511039073616e-01
0.000000000000000000e+00,-2.300000000000000000e+01,4.987541511039073616e-01
0.000000000000000000e+00,-2.200000000000000000e+01,4.987541511039073616e-01
0.000000000000000000e+00,-2.100000000000000000e+01,4.987541511039073616e-01
0.000000000000000000e+00,-2.000000000000000000e+01,4.987541511039073616e-01
0.000000000000000000e+00,-1.900000000000000000e+01,4.987541511039073616e-01
0.000000000000000000e+00,-1.800000000000000000e+01,4.987541511039073616e-01
0.000000000000000000e+00,-1.700000000000000000e+01,4.987541511039073616e-01
0.000000000000000000e+00,-1.600000000000000000e+01,4.987541511039073616e-01
0.000000000000000000e+00,-1.500000000000000000e+01,4.987541511039073616e-01
0.000000000000000000e+00,-1.400000000000000000e+01,4.987541511039073616e-01
0.000000000000000000e+00,-1.300000000000000000e+01,4.987541511039073616e-01
0.000000000000000000e+00,-1.200000000000000000e+01,4.987541511039073616e-01
0.000000000000000000e+00,-1.100000000000000000e+01,4.987541511039073616e-01
0.000000000000000000e+00,-1.000000000000000000e+01,4.987541511039073616e-01
0.000000000000000000e+00,-9.000000000000000000e+00,4.987541511039073616e-01
0.000000000000000000e+00,-8.000000000000000000e+00,4.987541511039073616e-01
0.000000000000000000e+00,-7.000000000000000000e+00,4.987541511039073616e-01
0.000000000000000000e+00,-6.000000000000000000e+00,4.987541511039073616e-01
0.000000000000000000e+00,-5.000000000000000000e+00,4.987541511039073616e-01
0.000000000000000000e+00,-4.000000000000000000e+00,4.987541511039073616e-01
0.000000000000000000e+00,-3.000000000000000000e+00,4.987541511039073616e-01
0.000000000000000000e+00,-2.000000000000000000e+00,4.987541511039073616e-01
0.000000000000000000e+00,-1.000000000000000000e+00,4.987541511039073616e-01
0.000000000000000000e+00,0.000000000000000000e+00,4.987541511039073616e-01
0.000000000000000000e+00,1.000000000000000000e+00,4.987541511039073616e-01
0.000000000000000000e+00,2.000000000000000000e+00,4.987541511039073616e-01
0.000000000000000000e+00,3.000000000000000000e+00,4.987541511039073616e-01
0.000000000000000000e+00,4.000000000000000000e+00,4.987541511039073616e-01
0.000000000000000000e+00,5.000000000000000000e+00,4.987541511039073616e-01
0.000000000000000000e+00,6.000000000000000000e+00,4.987541511039073616e-01
0.000000000000000000e+00,7.000000000000000000e+00,4.987541511039073616e-01
0.000000000000000000e+00,8.000000000000000000e+00,4.987541511039073616e-01
0.000000000000000000e+00,9.000000000000000000e+00,4.987541511039073616e-01
0.000000000000000000e+00,1.000000000000000000e+01,4.987541511039073616e-01
0.000000000000000000e+00,1.100000000000000000e+01,4.987541511039073616e-01
0.000000000000000000e+00,1.200000000000000000e+01,4.987541511039073616e-01
0.000000000000000000e+00,1.300000000000000000e+01,4.987541511039073616e-01
0.000000000000000000e+00,1.400000000000000000e+01,4.987541511039073616e-01
0.000000000000000000e+00,1.500000000000000000e+01,4.987541511039073616e-01
0.000000000000000000e+00,1.600000000000000000e+01,4.987541511039073616e-01
0.000000000000000000e+00,1.700000000000000000e+01,4.987541511039073616e-01
0.000000000000000000e+00,1.800000000000000000e+01,4.987541511039073616e-01
0.000000000000000000e+00,1.900000000000000000e+01,4.987541511039073616e-01
0.000000000000000000e+00,2.000000000000000000e+01,4.987541511039073616e-01
0.000000000000000000e+00,2.100000000000000000e+01,4.987541511039073616e-01
0.000000000000000000e+00,2.200000000000000000e+01,4.987541511039073616e-01
0.000000000000000000e+00,2.300000000000000000e+01,4.987541511039073616e-01
0.000000000000000000e+00,2.400000000000000000e+01,4.987541511039073616e-01
0.000000000000000000e+00,2.500000000000000000e+01,4.987541511039073616e-01
0.000000000000000000e+00,2.600000000000000000e+01,4.987541511039073616e-01
0.000000000000000000e+00,2.700000000000000000e+01,4.987541511039073616e-01
0.000000000000000000e+00,2.800000000000000000e+01,4.987541511039073616e-01
0.000000000000000000e+00,2.900000000000000000e+01,4.987541511039073616e-01
0.000000000000000000e+00,3.000000000000000000e+01,4.987541511039073616e-01
1.667500000000000000e+02,-3.000000000000000000e+01,-3.038602641444132502e-01
1.667500000000000000e+02,-2.900000000000000000e+01,-2.813796244325601492e-01
1.667500000000000000e+02,-2.800000000000000000e+01,-2.585325730862511051e-01
1.667500000000000000e+02,-2.700000000000000000e+01,-2.353156676280736548e-01
1.667500000000000000e+02,-2.600000000000000000e+01,-2.117261587854812888e-01
1.667500000000000000e+02,-2.500000000000000000e+01,-1.877620804286106448e-01
1.667500000000000000e+02,-2.400000000000000000e+01,-1.634223424291683102e-01
1.667500000000000000e+02,-2.300000000000000000e+01,-1.387068251574463673e-01
1.667500000000000000e+02,-2.200000000000000000e+01,-1.136164740613496704e-01
1.667500000000000000e+02,-2.100000000000000000e+01,-8.815339250889131506e-02
1.667500000000000000e+02,-2.000000000000000000e+01,-6.232093084401757466e-02
1.667500000000000000e+02,-1.900000000000000000e+01,-3.612376942455242101e-02
1.667500000000000000e+02,-1.800000000000000000e+01,-9.567993302550092949e-03
1.667500000000000000e+02,-1.700000000000000000e+01,1.733884380745998044e-02
1.667500000000000000e+02,-1.600000000000000000e+01,4.458766853347961856e-02
1.667500000000000000e+02,-1.500000000000000000e+01,7.216785187270469137e-02
1.667500000000000000e+02,-1.400000000000000000e+01,1.000671899583718272e-01
1.667500000000000000e+02,-1.300000000000000000e+01,1.282719028486303259e-01
1.667500000000000000e+02,-1.200000000000000000e+01,1.567666521001087609e-01
1.667500000000000000e+02,-1.100000000000000000e+01,1.855345773205436810e-01
1.667500000000000000e+02,-1.000000000000000000e+01,2.145573513186724846e-01
1.667500000000000000e+02,-9.000000000000000000e+00,2.438152529291768289e-01
1.667500000000000000e+02,-8.000000000000000000e+00,2.732872561266593836e-01
1.667500000000000000e+02,-7.000000000000000000e+00,3.029511336879898709e-01
1.667500000000000000e+02,-6.000000000000000000e+00,3.327835734373441046e-01
1.667500000000000000e+02,-5.000000000000000000e+00,3.627603050179383781e-01
1.667500000000000000e+02,-4.000000000000000000e+00,3.928562351694844801e-01
1.667500000000000000e+02,-3.000000000000000000e+00,4.230455896276602568e-01
1.667500000000000000e+02,-2.000000000000000000e+00,4.533020599691413577e-01
1.667500000000000000e+02,-1.000000000000000000e+00,4.835989539653815505e-01
1.667500000000000000e+02,0.000000000000000000e+00,5.139093482424447190e-01
1.667500000000000000e+02,1.000000000000000000e+00,5.442062422386851894e-01
1.667500000000000000e+02,2.000000000000000000e+00,5.744627125801662348e-01
1.667500000000000000e+02,3.000000000000000000e+00,6.046520670383421781e-01
1.667500000000000000e+02,4.000000000000000000e+00,6.347479971898878359e-01
1.667500000000000000e+02,5.000000000000000000e+00,6.647247287704824981e-01
1.667500000000000000e+02,6.000000000000000000e+00,6.945571685198370648e-01
1.667500000000000000e+02,7.000000000000000000e+00,7.242210460811677741e-01
1.667500000000000000e+02,8.000000000000000000e+00,7.536930492786488855e-01
1.667500000000000000e+02,9.000000000000000000e+00,7.829509508891534519e-01
1.667500000000000000e+02,1.000000000000000000e+01,8.119737248872800350e-01
1.667500000000000000e+02,1.100000000000000000e+01,8.407416501077176196e-01
1.667500000000000000e+02,1.200000000000000000e+01,8.692363993591940563e-01
1.667500000000000000e+02,1.300000000000000000e+01,8.974411122494547755e-01
1.667500000000000000e+02,1.400000000000000000e+01,9.253404503351205790e-01
1.667500000000000000e+02,1.500000000000000000e+01,9.529206336743469841e-01
1.667500000000000000e+02,1.600000000000000000e+01,9.801694584003701749e-01
1.667500000000000000e+02,1.700000000000000000e+01,1.007076295510380248e+00
1.667500000000000000e+02,1.800000000000000000e+01,1.033632071632375471e+00
1.667500000000000000e+02,1.900000000000000000e+01,1.059829233051845065e+00
1.667500000000000000e+02,2.000000000000000000e+01,1.085661694716710812e+00
1.667500000000000000e+02,2.100000000000000000e+01,1.111124776269178049e+00
1.667500000000000000e+02,2.200000000000000000e+01,1.136215127365272970e+00
1.667500000000000000e+02,2.300000000000000000e+01,1.160930644636989584e+00
1.667500000000000000e+02,2.400000000000000000e+01,1.185270382636439024e+00
1.667500000000000000e+02,2.500000000000000000e+01,1.209234460993307891e+00
1.667500000000000000e+02,2.600000000000000000e+01,1.232823969835896705e+00
1.667500000000000000e+02,2.700000000000000000e+01,1.256040875294075931e+00
1.667500000000000000e+02,2.800000000000000000e+01,1.278887926640390305e+00
1.667500000000000000e+02,2.900000000000000000e+01,1.301368566352229195e+00
1.667500000000000000e+02,3.000000000000000000e+01,1.323486844108099802e+00
3.332500000000000000e+02,-3.000000000000000000e+01,-3.020544796839281787e-01
3.332500000000000000e+02,-2.900000000000000000e+01,-2.795290829043253211e-01
3.332500000000000000e+02,-2.800000000000000000e+01,-2.566390804610314547e-01
3.332500000000000000e+02,-2.700000000000000000e+01,-2.333815774148000344e-01
3.332500000000000000e+02,-2.600000000000000000e+01,-2.097544326159486161e-01
3.332500000000000000e+02,-2.500000000000000000e+01,-1.857563481955395446e-01
3.332500000000000000e+02,-2.400000000000000000e+01,-1.613869600417885408e-01
3.332500000000000000e+02,-2.300000000000000000e+01,-1.366469275799273575e-01
3.332500000000000000e+02,-2.200000000000000000e+01,-1.115380209235059539e-01
3.332500000000000000e+02,-2.100000000000000000e+01,-8.606320326285121780e-02
3.332500000000000000e+02,-2.000000000000000000e+01,-6.022670622651737915e-02
3.332500000000000000e+02,-1.900000000000000000e+01,-3.403409591912431864e-02
3.332500000000000000e+02,-1.800000000000000000e+01,-7.492327422299993600e-03
3.332500000000000000e+02,-1.700000000000000000e+01,1.939021424278131178e-02
3.332500000000000000e+02,-1.600000000000000000e+01,4.660368835305428448e-02
3.332500000000000000e+02,-1.500000000000000000e+01,7.413678912816124011e-02
3.332500000000000000e+02,-1.400000000000000000e+01,1.019767534465318981e-01
3.332500000000000000e+02,-1.300000000000000000e+01,1.301093857069912652e-01
3.332500000000000000e+02,-1.200000000000000000e+01,1.585190993186369468e-01
3.332500000000000000e+02,-1.100000000000000000e+01,1.871889737590040070e-01
3.332500000000000000e+02,-1.000000000000000000e+01,2.161008256896650437e-01
3.332500000000000000e+02,-9.000000000000000000e+00,2.452352922931093637e-01
3.332500000000000000e+02,-8.000000000000000000e+00,2.745719248124237621e-01
3.332500000000000000e+02,-7.000000000000000000e+00,3.040892902379406237e-01
3.332500000000000000e+02,-6.000000000000000000e+00,3.337650791787457605e-01
3.332500000000000000e+02,-5.000000000000000000e+00,3.635762181571022822e-01
3.332500000000000000e+02,-4.000000000000000000e+00,3.934989848380536781e-01
3.332500000000000000e+02,-3.000000000000000000e+00,4.235091250206927116e-01
3.332500000000000000e+02,-2.000000000000000000e+00,4.535819705387119649e-01
3.332500000000000000e+02,-1.000000000000000000e+00,4.836925575175158865e-01
3.332500000000000000e+02,0.000000000000000000e+00,5.138157446903095504e-01
3.332500000000000000e+02,1.000000000000000000e+00,5.439263316691136385e-01
3.332500000000000000e+02,2.000000000000000000e+00,5.739991771871331139e-01
3.332500000000000000e+02,3.000000000000000000e+00,6.040093173697733686e-01
3.332500000000000000e+02,4.000000000000000000e+00,6.339320840507243204e-01
3.332500000000000000e+02,5.000000000000000000e+00,6.637432230290805091e-01
3.332500000000000000e+02,6.000000000000000000e+00,6.934190119698862009e-01
3.332500000000000000e+02,7.000000000000000000e+00,7.229363773954035066e-01
3.332500000000000000e+02,8.000000000000000000e+00,7.522730099147161287e-01
3.332500000000000000e+02,9.000000000000000000e+00,7.814074765181593385e-01
3.332500000000000000e+02,1.000000000000000000e+01,8.103193284488228176e-01
3.332500000000000000e+02,1.100000000000000000e+01,8.389892028891889897e-01
3.332500000000000000e+02,1.200000000000000000e+01,8.673989165008340052e-01
3.332500000000000000e+02,1.300000000000000000e+01,8.955315487612942604e-01
3.332500000000000000e+02,1.400000000000000000e+01,9.233715130796693593e-01
3.332500000000000000e+02,1.500000000000000000e+01,9.509046138547723181e-01
3.332500000000000000e+02,1.600000000000000000e+01,9.781180879650452908e-01
3.332500000000000000e+02,1.700000000000000000e+01,1.005000629630126596e+00
3.332500000000000000e+02,1.800000000000000000e+01,1.031542398126945592e+00
3.332500000000000000e+02,1.900000000000000000e+01,1.057735008434343094e+00
3.332500000000000000e+02,2.000000000000000000e+01,1.083571505470674268e+00
3.332500000000000000e+02,2.100000000000000000e+01,1.109046323131334333e+00
3.332500000000000000e+02,2.200000000000000000e+01,1.134155229787748631e+00
3.332500000000000000e+02,2.300000000000000000e+01,1.158895262249618696e+00
3.332500000000000000e+02,2.400000000000000000e+01,1.183264650403364371e+00
3.332500000000000000e+02,2.500000000000000000e+01,1.207262734823769890e+00
3.332500000000000000e+02,2.600000000000000000e+01,1.230889879622623084e+00
3.332500000000000000e+02,2.700000000000000000e+01,1.254147382668843846e+00
3.332500000000000000e+02,2.800000000000000000e+01,1.277037385112144818e+00
3.332500000000000000e+02,2.900000000000000000e+01,1.299562781891749452e+00
3.332500000000000000e+02,3.000000000000000000e+01,1.321727134636324408e+00
5.000000000000000000e+02,-3.000000000000000000e+01,-3.019567748016509512e-01
5.000000000000000000e+02,-2.900000000000000000e+01,-2.794298086250428526e-01
5.000000000000000000e+02,-2.800000000000000000e+01,-2.565383674154162463e-01
5.000000000000000000e+02,-2.700000000000000000e+01,-2.332795819430710793e-01
5.000000000000000000e+02,-2.600000000000000000e+01,-2.096513389077721001e-01
5.000000000000000000e+02,-2.500000000000000000e+01,-1.856523702674444110e-01
5.000000000000000000e+02,-2.400000000000000000e+01,-1.612823434544399248e-01
5.000000000000000000e+02,-2.300000000000000000e+01,-1.365419507854364056e-01
5.000000000000000000e+02,-2.200000000000000000e+01,-1.114329961247744194e-01
5.000000000000000000e+02,-2.100000000000000000e+01,-8.595847666367273376e-02
5.000000000000000000e+02,-2.000000000000000000e+01,-6.012265755646950538e-02
5.000000000000000000e+02,-1.900000000000000000e+01,-3.393113713081330474e-02
5.000000000000000000e+02,-1.800000000000000000e+01,-7.390900482827866824e-03
5.000000000000000000e+02,-1.700000000000000000e+01,1.948964051065615877e-02
5.000000000000000000e+02,-1.600000000000000000e+01,4.670062238203165350e-02
5.000000000000000000e+02,-1.500000000000000000e+01,7.423072162428878684e-02
5.000000000000000000e+02,-1.400000000000000000e+01,1.020671632189644740e-01
5.000000000000000000e+02,-1.300000000000000000e+01,1.301957461690927964e-01
5.000000000000000000e+02,-1.200000000000000000e+01,1.586008854825302627e-01
5.000000000000000000e+02,-1.100000000000000000e+01,1.872656695203767097e-01
5.000000000000000000e+02,-1.000000000000000000e+01,2.161719311893814943e-01
5.000000000000000000e+02,-9.000000000000000000e+00,2.453003311467489844e-01
5.000000000000000000e+02,-8.000000000000000000e+00,2.746304510172539182e-01
5.000000000000000000e+02,-7.000000000000000000e+00,3.041408945953284482e-01
5.000000000000000000e+02,-6.000000000000000000e+00,3.338093951046230412e-01
5.000000000000000000e+02,-5.000000000000000000e+00,3.636129267891721750e-01
5.000000000000000000e+02,-4.000000000000000000e+00,3.935278193820032078e-01
5.000000000000000000e+02,-3.000000000000000000e+00,4.235298743055937454e-01
5.000000000000000000e+02,-2.000000000000000000e+00,4.535944817723245315e-01
5.000000000000000000e+02,-1.000000000000000000e+00,4.836967382447317498e-01
5.000000000000000000e+02,0.000000000000000000e+00,5.138115639630940201e-01
5.000000000000000000e+02,1.000000000000000000e+00,5.439138204355012940e-01
5.000000000000000000e+02,2.000000000000000000e+00,5.739784279022323021e-01
5.000000000000000000e+02,3.000000000000000000e+00,6.039804828258237279e-01
5.000000000000000000e+02,4.000000000000000000e+00,6.338953754186550382e-01
5.000000000000000000e+02,5.000000000000000000e+00,6.636989071032048937e-01
5.000000000000000000e+02,6.000000000000000000e+00,6.933674076125001529e-01
5.000000000000000000e+02,7.000000000000000000e+00,7.228778511905744608e-01
5.000000000000000000e+02,8.000000000000000000e+00,7.522079710610795056e-01
5.000000000000000000e+02,9.000000000000000000e+00,7.813363710184437760e-01
5.000000000000000000e+02,1.000000000000000000e+01,8.102426326874492268e-01
5.000000000000000000e+02,1.100000000000000000e+01,8.389074167252954517e-01
5.000000000000000000e+02,1.200000000000000000e+01,8.673125560387302535e-01
5.000000000000000000e+02,1.300000000000000000e+01,8.954411389888647932e-01
5.000000000000000000e+02,1.400000000000000000e+01,9.232775805835418126e-01
5.000000000000000000e+02,1.500000000000000000e+01,9.508076798257980577e-01
5.000000000000000000e+02,1.600000000000000000e+01,9.780186616971704439e-01
5.000000000000000000e+02,1.700000000000000000e+01,1.004899202690650029e+00
5.000000000000000000e+02,1.800000000000000000e+01,1.031439439338638131e+00
5.000000000000000000e+02,1.900000000000000000e+01,1.057630959764296996e+00
5.000000000000000000e+02,2.000000000000000000e+01,1.083466778871504665e+00
5.000000000000000000e+02,2.100000000000000000e+01,1.108941298332595693e+00
5.000000000000000000e+02,2.200000000000000000e+01,1.134050252993265673e+00
5.000000000000000000e+02,2.300000000000000000e+01,1.158790645662261198e+00
5.000000000000000000e+02,2.400000000000000000e+01,1.183160672475271014e+00
5.000000000000000000e+02,2.500000000000000000e+01,1.207159641115593374e+00
5.000000000000000000e+02,2.600000000000000000e+01,1.230787884150894129e+00
5.000000000000000000e+02,2.700000000000000000e+01,1.254046669623230414e+00
5.000000000000000000e+02,2.800000000000000000e+01,1.276938110832858797e+00
5.000000000000000000e+02,2.900000000000000000e+01,1.299465077009474001e+00
5.000000000000000000e+02,3.000000000000000000e+01,1.321631106291492941e+00
6.667500000000000000e+02,-3.000000000000000000e+01,-3.019533289841227486e-01
6.667500000000000000e+02,-2.900000000000000000e+01,-2.794263138681856162e-01
6.667500000000000000e+02,-2.800000000000000000e+01,-2.565348286743294182e-01
6.667500000000000000e+02,-2.700000000000000000e+01,-2.332760050541811125e-01
6.667500000000000000e+02,-2.600000000000000000e+01,-2.096477306533177654e-01
6.667500000000000000e+02,-2.500000000000000000e+01,-1.856487384327003554e-01
6.667500000000000000e+02,-2.400000000000000000e+01,-1.612786968742057070e-01
6.667500000000000000e+02,-2.300000000000000000e+01,-1.365382993762196406e-01
6.667500000000000000e+02,-2.200000000000000000e+01,-1.114293508987094228e-01
6.667500000000000000e+02,-2.100000000000000000e+01,-8.595484972064504348e-02
6.667500000000000000e+02,-2.000000000000000000e+01,-6.011906205080830290e-02
6.667500000000000000e+02,-1.900000000000000000e+01,-3.392758721005773026e-02
6.667500000000000000e+02,-1.800000000000000000e+01,-7.387411196624782406e-03
6.667500000000000000e+02,-1.700000000000000000e+01,1.949305333169526477e-02
6.667500000000000000e+02,-1.600000000000000000e+01,4.670394227661089914e-02
6.667500000000000000e+02,-1.500000000000000000e+01,7.423393167703107309e-02
6.667500000000000000e+02,-1.400000000000000000e+01,1.020702462590952209e-01
6.667500000000000000e+02,-1.300000000000000000e+01,1.301986849857064144e-01
6.667500000000000000e+02,-1.200000000000000000e+01,1.586036630499321198e-01
6.667500000000000000e+02,-1.100000000000000000e+01,1.872682692266895987e-01
6.667500000000000000e+02,-1.000000000000000000e+01,2.161743370615989424e-01
6.667500000000000000e+02,-9.000000000000000000e+00,2.453025280661456087e-01
6.667500000000000000e+02,-8.000000000000000000e+00,2.746324249199491030e-01
6.667500000000000000e+02,-7.000000000000000000e+00,3.041426326540687120e-01
6.667500000000000000e+02,-6.000000000000000000e+00,3.338108858891662978e-01
6.667500000000000000e+02,-5.000000000000000000e+00,3.636141604038578001e-01
6.667500000000000000e+02,-4.000000000000000000e+00,3.935287875801479207e-01
6.667500000000000000e+02,-3.000000000000000000e+00,4.235305705811056587e-01
6.667500000000000000e+02,-2.000000000000000000e+00,4.535949014294023973e-01
6.667500000000000000e+02,-1.000000000000000000e+00,4.836968784466737503e-01
6.667500000000000000e+02,0.000000000000000000e+00,5.138114237611527413e-01
6.667500000000000000e+02,1.000000000000000000e+00,5.439134007784246494e-01
6.667500000000000000e+02,2.000000000000000000e+00,5.739777316267213880e-01
6.667500000000000000e+02,3.000000000000000000e+00,6.039795146276798476e-01
6.667500000000000000e+02,4.000000000000000000e+00,6.338941418039690801e-01
6.667500000000000000e+02,5.000000000000000000e+00,6.636974163186611930e-01
6.667500000000000000e+02,6.000000000000000000e+00,6.933656695537594450e-01
6.667500000000000000e+02,7.000000000000000000e+00,7.228758772878781658e-01
6.667500000000000000e+02,8.000000000000000000e+00,7.522057741416816601e-01
6.667500000000000000e+02,9.000000000000000000e+00,7.813339651462272162e-01
6.667500000000000000e+02,1.000000000000000000e+01,8.102400329811363378e-01
6.667500000000000000e+02,1.100000000000000000e+01,8.389046391578933726e-01
6.667500000000000000e+02,1.200000000000000000e+01,8.673096172221193001e-01
6.667500000000000000e+02,1.300000000000000000e+01,8.954380559487309377e-01
6.667500000000000000e+02,1.400000000000000000e+01,9.232743705307990822e-01
6.667500000000000000e+02,1.500000000000000000e+01,9.508043599312148153e-01
6.667500000000000000e+02,1.600000000000000000e+01,9.780152488761326701e-01
6.667500000000000000e+02,1.700000000000000000e+01,1.004895713404454938e+00
6.667500000000000000e+02,1.800000000000000000e+01,1.031435889417876339e+00
6.667500000000000000e+02,1.900000000000000000e+01,1.057627364258642899e+00
6.667500000000000000e+02,2.000000000000000000e+01,1.083463151928470758e+00
6.667500000000000000e+02,2.100000000000000000e+01,1.108937653106535137e+00
6.667500000000000000e+02,2.200000000000000000e+01,1.134046601584045355e+00
6.667500000000000000e+02,2.300000000000000000e+01,1.158786999082036751e+00
6.667500000000000000e+02,2.400000000000000000e+01,1.183157040640532287e+00
6.667500000000000000e+02,2.500000000000000000e+01,1.207156032861137263e+00
6.667500000000000000e+02,2.600000000000000000e+01,1.230784307262000610e+00
6.667500000000000000e+02,2.700000000000000000e+01,1.254043130882150692e+00
6.667500000000000000e+02,2.800000000000000000e+01,1.276934616076008666e+00
6.667500000000000000e+02,2.900000000000000000e+01,1.299461631191947575e+00
6.667500000000000000e+02,3.000000000000000000e+01,1.321627713555947992e+00
8.332500000000000000e+02,-3.000000000000000000e+01,-3.019532150525527925e-01
8.332500000000000000e+02,-2.900000000000000000e+01,-2.794261983908725711e-01
8.332500000000000000e+02,-2.800000000000000000e+01,-2.565347118190821618e-01
8.332500000000000000e+02,-2.700000000000000000e+01,-2.332758870176192545e-01
8.332500000000000000e+02,-2.600000000000000000e+01,-2.096476116629233388e-01
8.332500000000000000e+02,-2.500000000000000000e+01,-1.856486187484982509e-01
8.332500000000000000e+02,-2.400000000000000000e+01,-1.612785767901634415e-01
8.332500000000000000e+02,-2.300000000000000000e+01,-1.365381792211239897e-01
8.332500000000000000e+02,-2.200000000000000000e+01,-1.114292310364666250e-01
8.332500000000000000e+02,-2.100000000000000000e+01,-8.595473054980296013e-02
8.332500000000000000e+02,-2.000000000000000000e+01,-6.011894400330497490e-02
8.332500000000000000e+02,-1.900000000000000000e+01,-3.392747074899826742e-02
8.332500000000000000e+02,-1.800000000000000000e+01,-7.387296813190502576e-03
8.332500000000000000e+02,-1.700000000000000000e+01,1.949316512237864174e-02
8.332500000000000000e+02,-1.600000000000000000e+01,4.670405094045770866e-02
8.332500000000000000e+02,-1.500000000000000000e+01,7.423403666678085600e-02
8.332500000000000000e+02,-1.400000000000000000e+01,1.020703470208004227e-01
8.332500000000000000e+02,-1.300000000000000000e+01,1.301987809656406370e-01
8.332500000000000000e+02,-1.200000000000000000e+01,1.586037537017883636e-01
8.332500000000000000e+02,-1.100000000000000000e+01,1.872683540187980444e-01
8.332500000000000000e+02,-1.000000000000000000e+01,2.161744154839875254e-01
8.332500000000000000e+02,-9.000000000000000000e+00,2.453025996372240058e-01
8.332500000000000000e+02,-8.000000000000000000e+00,2.746324891926776868e-01
8.332500000000000000e+02,-7.000000000000000000e+00,3.041426892215134403e-01
8.332500000000000000e+02,-6.000000000000000000e+00,3.338109343893471692e-01
8.332500000000000000e+02,-5.000000000000000000e+00,3.636142005238732211e-01
8.332500000000000000e+02,-4.000000000000000000e+00,3.935288190595743751e-01
8.332500000000000000e+02,-3.000000000000000000e+00,4.235305932147033214e-01
8.332500000000000000e+02,-2.000000000000000000e+00,4.535949150691567788e-01
8.332500000000000000e+02,-1.000000000000000000e+00,4.836968830032187805e-01
8.332500000000000000e+02,0.000000000000000000e+00,5.138114192046070450e-01
8.332500000000000000e+02,1.000000000000000000e+00,5.439133871386694352e-01
8.332500000000000000e+02,2.000000000000000000e+00,5.739777089931228371e-01
8.332500000000000000e+02,3.000000000000000000e+00,6.039794831482523385e-01
8.332500000000000000e+02,4.000000000000000000e+00,6.338941016839531040e-01
8.332500000000000000e+02,5.000000000000000000e+00,6.636973678184800995e-01
8.332500000000000000e+02,6.000000000000000000e+00,6.933656129863141615e-01
8.332500000000000000e+02,7.000000000000000000e+00,7.228758130151494710e-01
8.332500000000000000e+02,8.000000000000000000e+00,7.522057025706031519e-01
8.332500000000000000e+02,9.000000000000000000e+00,7.813338867238368568e-01
8.332500000000000000e+02,1.000000000000000000e+01,8.102399481890261157e-01
8.332500000000000000e+02,1.100000000000000000e+01,8.389045485060377949e-01
8.332500000000000000e+02,1.200000000000000000e+01,8.673095212421846334e-01
8.332500000000000000e+02,1.300000000000000000e+01,8.954379551870275122e-01
8.332500000000000000e+02,1.400000000000000000e+01,9.232742655410488553e-01
8.332500000000000000e+02,1.500000000000000000e+01,9.508042512673711144e-01
8.332500000000000000e+02,1.600000000000000000e+01,9.780151370854461845e-01
8.332500000000000000e+02,1.700000000000000000e+01,1.004895599021012664e+00
8.332500000000000000e+02,1.800000000000000000e+01,1.031435772956823094e+00
8.332500000000000000e+02,1.900000000000000000e+01,1.057627246211133354e+00
8.332500000000000000e+02,2.000000000000000000e+01,1.083463032757634004e+00
8.332500000000000000e+02,2.100000000000000000e+01,1.108937533244293228e+00
8.332500000000000000e+02,2.200000000000000000e+01,1.134046481428952369e+00
8.332500000000000000e+02,2.300000000000000000e+01,1.158786878997990044e+00
8.332500000000000000e+02,2.400000000000000000e+01,1.183156920956324853e+00
8.332500000000000000e+02,2.500000000000000000e+01,1.207155913870749941e+00
8.332500000000000000e+02,2.600000000000000000e+01,1.230784189225444081e+00
8.332500000000000000e+02,2.700000000000000000e+01,1.254043014026896330e+00
8.332500000000000000e+02,2.800000000000000000e+01,1.276934500598690292e+00
8.332500000000000000e+02,2.900000000000000000e+01,1.299461517260372290e+00
8.332500000000000000e+02,3.000000000000000000e+01,1.321627601311289979e+00
1.000000000000000000e+03,-3.000000000000000000e+01,-3.019532113300300580e-01
1.000000000000000000e+03,-2.900000000000000000e+01,-2.794261946186633594e-01
1.000000000000000000e+03,-2.800000000000000000e+01,-2.565347080027127191e-01
1.000000000000000000e+03,-2.700000000000000000e+01,-2.332758831635519670e-01
1.000000000000000000e+03,-2.600000000000000000e+01,-2.096476077786295633e-01
1.000000000000000000e+03,-2.500000000000000000e+01,-1.856486148424938420e-01
1.000000000000000000e+03,-2.400000000000000000e+01,-1.612785728720851353e-01
1.000000000000000000e+03,-2.300000000000000000e+01,-1.365381753017196331e-01
1.000000000000000000e+03,-2.200000000000000000e+01,-1.114292271276209334e-01
1.000000000000000000e+03,-2.100000000000000000e+01,-8.595472666451442478e-02
1.000000000000000000e+03,-2.000000000000000000e+01,-6.011894015565655280e-02
1.000000000000000000e+03,-1.900000000000000000e+01,-3.392746695406501090e-02
1.000000000000000000e+03,-1.800000000000000000e+01,-7.387293086943635956e-03
1.000000000000000000e+03,-1.700000000000000000e+01,1.949316876320228431e-02
1.000000000000000000e+03,-1.600000000000000000e+01,4.670405447851777581e-02
1.000000000000000000e+03,-1.500000000000000000e+01,7.423404008433553969e-02
1.000000000000000000e+03,-1.400000000000000000e+01,1.020703502999085188e-01
1.000000000000000000e+03,-1.300000000000000000e+01,1.301987840883791492e-01
1.000000000000000000e+03,-1.200000000000000000e+01,1.586037566504936436e-01
1.000000000000000000e+03,-1.100000000000000000e+01,1.872683567762940537e-01
1.000000000000000000e+03,-1.000000000000000000e+01,2.161744180338125432e-01
1.000000000000000000e+03,-9.000000000000000000e+00,2.453026019638429034e-01
1.000000000000000000e+03,-8.000000000000000000e+00,2.746324912816835440e-01
1.000000000000000000e+03,-7.000000000000000000e+00,3.041426910597986311e-01
1.000000000000000000e+03,-6.000000000000000000e+00,3.338109359652574604e-01
1.000000000000000000e+03,-5.000000000000000000e+00,3.636142018273402776e-01
1.000000000000000000e+03,-4.000000000000000000e+00,3.935288200822217863e-01
1.000000000000000000e+03,-3.000000000000000000e+00,4.235305939499323657e-01
1.000000000000000000e+03,-2.000000000000000000e+00,4.535949155122096510e-01
1.000000000000000000e+03,-1.000000000000000000e+00,4.836968831512231115e-01
1.000000000000000000e+03,0.000000000000000000e+00,5.138114190566028805e-01
1.000000000000000000e+03,1.000000000000000000e+00,5.439133866956168406e-01
1.000000000000000000e+03,2.000000000000000000e+00,5.739777082578941814e-01
1.000000000000000000e+03,3.000000000000000000e+00,6.039794821256057045e-01
1.000000000000000000e+03,4.000000000000000000e+00,6.338941003804868801e-01
1.000000000000000000e+03,5.000000000000000000e+00,6.636973662425696974e-01
1.000000000000000000e+03,6.000000000000000000e+00,6.933656111480288597e-01
1.000000000000000000e+03,7.000000000000000000e+00,7.228758109261439468e-01
1.000000000000000000e+03,8.000000000000000000e+00,7.522057002439834772e-01
1.000000000000000000e+03,9.000000000000000000e+00,7.813338841740131713e-01
1.000000000000000000e+03,1.000000000000000000e+01,8.102399454315314387e-01
1.000000000000000000e+03,1.100000000000000000e+01,8.389045455573325150e-01
1.000000000000000000e+03,1.200000000000000000e+01,8.673095181194487857e-01
1.000000000000000000e+03,1.300000000000000000e+01,8.954379519079216365e-01
1.000000000000000000e+03,1.400000000000000000e+01,9.232742621234932834e-01
1.000000000000000000e+03,1.500000000000000000e+01,9.508042477293106032e-01
1.000000000000000000e+03,1.600000000000000000e+01,9.780151334446292033e-01
1.000000000000000000e+03,1.700000000000000000e+01,1.004895595294768462e+00
1.000000000000000000e+03,1.800000000000000000e+01,1.031435769161888949e+00
1.000000000000000000e+03,1.900000000000000000e+01,1.057627242363487596e+00
1.000000000000000000e+03,2.000000000000000000e+01,1.083463028872346356e+00
1.000000000000000000e+03,2.100000000000000000e+01,1.108937529335445760e+00
1.000000000000000000e+03,2.200000000000000000e+01,1.134046477509545348e+00
1.000000000000000000e+03,2.300000000000000000e+01,1.158786875079911738e+00
1.000000000000000000e+03,2.400000000000000000e+01,1.183156917050325774e+00
1.000000000000000000e+03,2.500000000000000000e+01,1.207155909986450837e+00
1.000000000000000000e+03,2.600000000000000000e+01,1.230784185371380346e+00
1.000000000000000000e+03,2.700000000000000000e+01,1.254043010210523335e+00
1.000000000000000000e+03,2.800000000000000000e+01,1.276934496826477528e+00
1.000000000000000000e+03,2.900000000000000000e+01,1.299461513537861990e+00
1.000000000000000000e+03,3.000000000000000000e+01,1.321627597643121987e+00
1.166750000000000000e+03,-3.000000000000000000e+01,-3.019532112097067511e-01
1.166750000000000000e+03,-2.900000000000000000e+01,-2.794261944967306732e-01
1.166750000000000000e+03,-2.800000000000000000e+01,-2.565347078793731583e-01
1.166750000000000000e+03,-2.700000000000000000e+01,-2.332758830390027072e-01
1.166750000000000000e+03,-2.600000000000000000e+01,-2.096476076531068600e-01
1.166750000000000000e+03,-2.500000000000000000e+01,-1.856486147162819123e-01
1.166750000000000000e+03,-2.400000000000000000e+01,-1.612785727454948415e-01
1.166750000000000000e+03,-2.300000000000000000e+01,-1.365381751750955885e-01
1.166750000000000000e+03,-2.200000000000000000e+01,-1.114292270013503838e-01
1.166750000000000000e+03,-2.100000000000000000e+01,-8.595472653901747861e-02
1.166750000000000000e+03,-2.000000000000000000e+01,-6.011894003138795739e-02
1.166750000000000000e+03,-1.900000000000000000e+01,-3.392746683150971165e-02
1.166750000000000000e+03,-1.800000000000000000e+01,-7.387292966614111833e-03
1.166750000000000000e+03,-1.700000000000000000e+01,1.949316888075625087e-02
1.166750000000000000e+03,-1.600000000000000000e+01,4.670405459274595827e-02
1.166750000000000000e+03,-1.500000000000000000e+01,7.423404019466461889e-02
1.166750000000000000e+03,-1.400000000000000000e+01,1.020703504057585143e-01
1.166750000000000000e+03,-1.300000000000000000e+01,1.301987841891731890e-01
1.166750000000000000e+03,-1.200000000000000000e+01,1.586037567456632935e-01
1.166750000000000000e+03,-1.100000000000000000e+01,1.872683568652848685e-01
1.166750000000000000e+03,-1.000000000000000000e+01,2.161744181160971667e-01
1.166750000000000000e+03,-9.000000000000000000e+00,2.453026020389201811e-01
1.166750000000000000e+03,-8.000000000000000000e+00,2.746324913490886255e-01
1.166750000000000000e+03,-7.000000000000000000e+00,3.041426911191107418e-01
1.166750000000000000e+03,-6.000000000000000000e+00,3.338109360161002348e-01
1.166750000000000000e+03,-5.000000000000000000e+00,3.636142018693928613e-01
1.166750000000000000e+03,-4.000000000000000000e+00,3.935288201152133958e-01
1.166750000000000000e+03,-3.000000000000000000e+00,4.235305939736512260e-01
1.166750000000000000e+03,-2.000000000000000000e+00,4.535949155265020516e-01
1.166750000000000000e+03,-1.000000000000000000e+00,4.836968831559973481e-01
1.166750000000000000e+03,0.000000000000000000e+00,5.138114190518278113e-01
1.166750000000000000e+03,1.000000000000000000e+00,5.439133866813236073e-01
1.166750000000000000e+03,2.000000000000000000e+00,5.739777082341751546e-01
1.166750000000000000e+03,3.000000000000000000e+00,6.039794820926135399e-01
1.166750000000000000e+03,4.000000000000000000e+00,6.338941003384330752e-01
1.166750000000000000e+03,5.000000000000000000e+00,6.636973661917247025e-01
1.166750000000000000e+03,6.000000000000000000e+00,6.933656110887159718e-01
1.166750000000000000e+03,7.000000000000000000e+00,7.228758108587377551e-01
1.166750000000000000e+03,8.000000000000000000e+00,7.522057001689061995e-01
1.166750000000000000e+03,9.000000000000000000e+00,7.813338840917274375e-01
1.166750000000000000e+03,1.000000000000000000e+01,8.102399453425379594e-01
1.166750000000000000e+03,1.100000000000000000e+01,8.389045454621617548e-01
1.166750000000000000e+03,1.200000000000000000e+01,8.673095180186503050e-01
1.166750000000000000e+03,1.300000000000000000e+01,8.954379518020685325e-01
1.166750000000000000e+03,1.400000000000000000e+01,9.232742620131642042e-01
1.166750000000000000e+03,1.500000000000000000e+01,9.508042476150828648e-01
1.166750000000000000e+03,1.600000000000000000e+01,9.780151333270699077e-01
1.166750000000000000e+03,1.700000000000000000e+01,1.004895595174442491e+00
1.166750000000000000e+03,1.800000000000000000e+01,1.031435769039333650e+00
1.166750000000000000e+03,1.900000000000000000e+01,1.057627242239214560e+00
1.166750000000000000e+03,2.000000000000000000e+01,1.083463028746852963e+00
1.166750000000000000e+03,2.100000000000000000e+01,1.108937529209176986e+00
1.166750000000000000e+03,2.200000000000000000e+01,1.134046477382925744e+00
1.166750000000000000e+03,2.300000000000000000e+01,1.158786874953324997e+00
1.166750000000000000e+03,2.400000000000000000e+01,1.183156916924112068e+00
1.166750000000000000e+03,2.500000000000000000e+01,1.207155909860940568e+00
1.166750000000000000e+03,2.600000000000000000e+01,1.230784185246820428e+00
1.166750000000000000e+03,2.700000000000000000e+01,1.254043010087180221e+00
1.166750000000000000e+03,2.800000000000000000e+01,1.276934496704555499e+00
1.166750000000000000e+03,2.900000000000000000e+01,1.299461513417524472e+00
1.166750000000000000e+03,3.000000000000000000e+01,1.321627597524541287e+00
1.333250000000000000e+03,-3.000000000000000000e+01,-3.019532112058271878e-01
1.333250000000000000e+03,-2.900000000000000000e+01,-2.794261944927960428e-01
1.333250000000000000e+03,-2.800000000000000000e+01,-2.565347078753923427e-01
1.333250000000000000e+03,-2.700000000000000000e+01,-2.332758830349792589e-01
1.333250000000000000e+03,-2.600000000000000000e+01,-2.096476076490620954e-01
1.333250000000000000e+03,-2.500000000000000000e+01,-1.856486147122158314e-01
1.333250000000000000e+03,-2.400000000000000000e+01,-1.612785727414109971e-01
1.333250000000000000e+03,-2.300000000000000000e+01,-1.365381751710117442e-01
1.333250000000000000e+03,-2.200000000000000000e+01,-1.114292269972754212e-01
1.333250000000000000e+03,-2.100000000000000000e+01,-8.595472653497182591e-02
1.333250000000000000e+03,-2.000000000000000000e+01,-6.011894002738049636e-02
1.333250000000000000e+03,-1.900000000000000000e+01,-3.392746682755820586e-02
1.333250000000000000e+03,-1.800000000000000000e+01,-7.387292962736324853e-03
1.333250000000000000e+03,-1.700000000000000000e+01,1.949316888454699637e-02
1.333250000000000000e+03,-1.600000000000000000e+01,4.670405459643056645e-02
1.333250000000000000e+03,-1.500000000000000000e+01,7.423404019822310573e-02
1.333250000000000000e+03,-1.400000000000000000e+01,1.020703504091695635e-01
1.333250000000000000e+03,-1.300000000000000000e+01,1.301987841924243661e-01
1.333250000000000000e+03,-1.200000000000000000e+01,1.586037567487315059e-01
1.333250000000000000e+03,-1.100000000000000000e+01,1.872683568681545729e-01
1.333250000000000000e+03,-1.000000000000000000e+01,2.161744181187521541e-01
1.333250000000000000e+03,-9.000000000000000000e+00,2.453026020413411334e-01
1.333250000000000000e+03,-8.000000000000000000e+00,2.746324913512627752e-01
1.333250000000000000e+03,-7.000000000000000000e+00,3.041426911210232120e-01
1.333250000000000000e+03,-6.000000000000000000e+00,3.338109360177395901e-01
1.333250000000000000e+03,-5.000000000000000000e+00,3.636142018707477774e-01
1.333250000000000000e+03,-4.000000000000000000e+00,3.935288201162763233e-01
1.333250000000000000e+03,-3.000000000000000000e+00,4.235305939744153925e-01
1.333250000000000000e+03,-2.000000000000000000e+00,4.535949155269627386e-01
1.333250000000000000e+03,-1.000000000000000000e+00,4.836968831561511140e-01
1.333250000000000000e+03,0.000000000000000000e+00,5.138114190516739344e-01
1.333250000000000000e+03,1.000000000000000000e+00,5.439133866808629758e-01
1.333250000000000000e+03,2.000000000000000000e+00,5.739777082334107661e-01
1.333250000000000000e+03,3.000000000000000000e+00,6.039794820915499463e-01
1.333250000000000000e+03,4.000000000000000000e+00,6.338941003370774929e-01
1.333250000000000000e+03,5.000000000000000000e+00,6.636973661900853472e-01
1.333250000000000000e+03,6.000000000000000000e+00,6.933656110868040567e-01
1.333250000000000000e+03,7.000000000000000000e+00,7.228758108565651597e-01
1.333250000000000000e+03,8.000000000000000000e+00,7.522057001664864684e-01
1.333250000000000000e+03,9.000000000000000000e+00,7.813338840890746706e-01
1.333250000000000000e+03,1.000000000000000000e+01,8.102399453396678108e-01
1.333250000000000000e+03,1.100000000000000000e+01,8.389045454590930984e-01
1.333250000000000000e+03,1.200000000000000000e+01,8.673095180153991279e-01
1.333250000000000000e+03,1.300000000000000000e+01,8.954379517986548187e-01
1.333250000000000000e+03,1.400000000000000000e+01,9.232742620096043851e-01
1.333250000000000000e+03,1.500000000000000000e+01,9.508042476113969244e-01
1.333250000000000000e+03,1.600000000000000000e+01,9.780151333232791622e-01
1.333250000000000000e+03,1.700000000000000000e+01,1.004895595170562039e+00
1.333250000000000000e+03,1.800000000000000000e+01,1.031435769035383032e+00
1.333250000000000000e+03,1.900000000000000000e+01,1.057627242235210652e+00
1.333250000000000000e+03,2.000000000000000000e+01,1.083463028742805534e+00
1.333250000000000000e+03,2.100000000000000000e+01,1.108937529205104688e+00
1.333250000000000000e+03,2.200000000000000000e+01,1.134046477378842788e+00
1.333250000000000000e+03,2.300000000000000000e+01,1.158786874949239376e+00
1.333250000000000000e+03,2.400000000000000000e+01,1.183156916920045987e+00
1.333250000000000000e+03,2.500000000000000000e+01,1.207155909856881593e+00
1.333250000000000000e+03,2.600000000000000000e+01,1.230784185242804085e+00
1.333250000000000000e+03,2.700000000000000000e+01,1.254043010083202958e+00
1.333250000000000000e+03,2.800000000000000000e+01,1.276934496700619093e+00
1.333250000000000000e+03,2.900000000000000000e+01,1.299461513413644909e+00
1.333250000000000000e+03,3.000000000000000000e+01,1.321627597520716790e+00
1.500000000000000000e+03,-3.000000000000000000e+01,-3.019532112056975137e-01
1.500000000000000000e+03,-2.900000000000000000e+01,-2.794261944926716978e-01
1.500000000000000000e+03,-2.800000000000000000e+01,-2.565347078752644450e-01
1.500000000000000000e+03,-2.700000000000000000e+01,-2.332758830348531376e-01
1.500000000000000000e+03,-2.600000000000000000e+01,-2.096476076489324214e-01
1.500000000000000000e+03,-2.500000000000000000e+01,-1.856486147120843810e-01
1.500000000000000000e+03,-2.400000000000000000e+01,-1.612785727412777703e-01
1.500000000000000000e+03,-2.300000000000000000e+01,-1.365381751708820701e-01
1.500000000000000000e+03,-2.200000000000000000e+01,-1.114292269971439708e-01
1.500000000000000000e+03,-2.100000000000000000e+01,-8.595472653484126369e-02
1.500000000000000000e+03,-2.000000000000000000e+01,-6.011894002724904595e-02
1.500000000000000000e+03,-1.900000000000000000e+01,-3.392746682743208453e-02
1.500000000000000000e+03,-1.800000000000000000e+01,-7.387292962611979874e-03
1.500000000000000000e+03,-1.700000000000000000e+01,1.949316888466956499e-02
1.500000000000000000e+03,-1.600000000000000000e+01,4.670405459654602964e-02
1.500000000000000000e+03,-1.500000000000000000e+01,7.423404019833679257e-02
1.500000000000000000e+03,-1.400000000000000000e+01,1.020703504092805858e-01
1.500000000000000000e+03,-1.300000000000000000e+01,1.301987841925291711e-01
1.500000000000000000e+03,-1.200000000000000000e+01,1.586037567488323141e-01
1.500000000000000000e+03,-1.100000000000000000e+01,1.872683568682498301e-01
1.500000000000000000e+03,-1.000000000000000000e+01,2.161744181188387515e-01
1.500000000000000000e+03,-9.000000000000000000e+00,2.453026020414206254e-01
1.500000000000000000e+03,-8.000000000000000000e+00,2.746324913513338295e-01
1.500000000000000000e+03,-7.000000000000000000e+00,3.041426911210857176e-01
1.500000000000000000e+03,-6.000000000000000000e+00,3.338109360177934359e-01
1.500000000000000000e+03,-5.000000000000000000e+00,3.636142018707922419e-01
1.500000000000000000e+03,-4.000000000000000000e+00,3.935288201163114619e-01
1.500000000000000000e+03,-3.000000000000000000e+00,4.235305939744407611e-01
1.500000000000000000e+03,-2.000000000000000000e+00,4.535949155269777822e-01
1.500000000000000000e+03,-1.000000000000000000e+00,4.836968831561563320e-01
1.500000000000000000e+03,0.000000000000000000e+00,5.138114190516691604e-01
1.500000000000000000e+03,1.000000000000000000e+00,5.439133866808482098e-01
1.500000000000000000e+03,2.000000000000000000e+00,5.739777082333861191e-01
1.500000000000000000e+03,3.000000000000000000e+00,6.039794820915160845e-01
1.500000000000000000e+03,4.000000000000000000e+00,6.338941003370334171e-01
1.500000000000000000e+03,5.000000000000000000e+00,6.636973661900319454e-01
1.500000000000000000e+03,6.000000000000000000e+00,6.933656110867416622e-01
1.500000000000000000e+03,7.000000000000000000e+00,7.228758108564938833e-01
1.500000000000000000e+03,8.000000000000000000e+00,7.522057001664069764e-01
1.500000000000000000e+03,9.000000000000000000e+00,7.813338840889880732e-01
1.500000000000000000e+03,1.000000000000000000e+01,8.102399453395729978e-01
1.500000000000000000e+03,1.100000000000000000e+01,8.389045454589949546e-01
1.500000000000000000e+03,1.200000000000000000e+01,8.673095180152947670e-01
1.500000000000000000e+03,1.300000000000000000e+01,8.954379517985464609e-01
1.500000000000000000e+03,1.400000000000000000e+01,9.232742620094902541e-01
1.500000000000000000e+03,1.500000000000000000e+01,9.508042476112774644e-01
1.500000000000000000e+03,1.600000000000000000e+01,9.780151333231579258e-01
1.500000000000000000e+03,1.700000000000000000e+01,1.004895595170436806e+00
1.500000000000000000e+03,1.800000000000000000e+01,1.031435769035255134e+00
1.500000000000000000e+03,1.900000000000000000e+01,1.057627242235082754e+00
1.500000000000000000e+03,2.000000000000000000e+01,1.083463028742672307e+00
1.500000000000000000e+03,2.100000000000000000e+01,1.108937529204972350e+00
1.500000000000000000e+03,2.200000000000000000e+01,1.134046477378710449e+00
1.500000000000000000e+03,2.300000000000000000e+01,1.158786874949110590e+00
1.500000000000000000e+03,2.400000000000000000e+01,1.183156916919909207e+00
1.500000000000000000e+03,2.500000000000000000e+01,1.207155909856760800e+00
1.500000000000000000e+03,2.600000000000000000e+01,1.230784185242683293e+00
1.500000000000000000e+03,2.700000000000000000e+01,1.254043010083067955e+00
1.500000000000000000e+03,2.800000000000000000e+01,1.276934496700494748e+00
1.500000000000000000e+03,2.900000000000000000e+01,1.299461513413515235e+00
1.500000000000000000e+03,3.000000000000000000e+01,1.321627597520594222e+00
1.666750000000000000e+03,-3.000000000000000000e+01,-3.019532112056939610e-01
1.666750000000000000e+03,-2.900000000000000000e+01,-2.794261944926699215e-01
1.666750000000000000e+03,-2.800000000000000000e+01,-2.565347078752591159e-01
1.666750000000000000e+03,-2.700000000000000000e+01,-2.332758830348478085e-01
1.666750000000000000e+03,-2.600000000000000000e+01,-2.096476076489288687e-01
1.666750000000000000e+03,-2.500000000000000000e+01,-1.856486147120790520e-01
1.666750000000000000e+03,-2.400000000000000000e+01,-1.612785727412724412e-01
1.666750000000000000e+03,-2.300000000000000000e+01,-1.365381751708785174e-01
1.666750000000000000e+03,-2.200000000000000000e+01,-1.114292269971421945e-01
1.666750000000000000e+03,-2.100000000000000000e+01,-8.595472653483682279e-02
1.666750000000000000e+03,-2.000000000000000000e+01,-6.011894002724726960e-02
1.666750000000000000e+03,-1.900000000000000000e+01,-3.392746682742586728e-02
1.666750000000000000e+03,-1.800000000000000000e+01,-7.387292962606650804e-03
1.666750000000000000e+03,-1.700000000000000000e+01,1.949316888467489406e-02
1.666750000000000000e+03,-1.600000000000000000e+01,4.670405459655091462e-02
1.666750000000000000e+03,-1.500000000000000000e+01,7.423404019834078937e-02
1.666750000000000000e+03,-1.400000000000000000e+01,1.020703504092859148e-01
1.666750000000000000e+03,-1.300000000000000000e+01,1.301987841925336120e-01
1.666750000000000000e+03,-1.200000000000000000e+01,1.586037567488358668e-01
1.666750000000000000e+03,-1.100000000000000000e+01,1.872683568682529387e-01
1.666750000000000000e+03,-1.000000000000000000e+01,2.161744181188414160e-01
1.666750000000000000e+03,-9.000000000000000000e+00,2.453026020414232899e-01
1.666750000000000000e+03,-8.000000000000000000e+00,2.746324913513362720e-01
1.666750000000000000e+03,-7.000000000000000000e+00,3.041426911210881601e-01
1.666750000000000000e+03,-6.000000000000000000e+00,3.338109360177964335e-01
1.666750000000000000e+03,-5.000000000000000000e+00,3.636142018707954615e-01
1.666750000000000000e+03,-4.000000000000000000e+00,3.935288201163132937e-01
1.666750000000000000e+03,-3.000000000000000000e+00,4.235305939744421488e-01
1.666750000000000000e+03,-2.000000000000000000e+00,4.535949155269786703e-01
1.666750000000000000e+03,-1.000000000000000000e+00,4.836968831561565541e-01
1.666750000000000000e+03,0.000000000000000000e+00,5.138114190516690494e-01
1.666750000000000000e+03,1.000000000000000000e+00,5.439133866808473217e-01
1.666750000000000000e+03,2.000000000000000000e+00,5.739777082333846758e-01
1.666750000000000000e+03,3.000000000000000000e+00,6.039794820915138640e-01
1.666750000000000000e+03,4.000000000000000000e+00,6.338941003370316407e-01
1.666750000000000000e+03,5.000000000000000000e+00,6.636973661900295030e-01
1.666750000000000000e+03,6.000000000000000000e+00,6.933656110867387756e-01
1.666750000000000000e+03,7.000000000000000000e+00,7.228758108564918849e-01
1.666750000000000000e+03,8.000000000000000000e+00,7.522057001664040898e-01
1.666750000000000000e+03,9.000000000000000000e+00,7.813338840889858528e-01
1.666750000000000000e+03,1.000000000000000000e+01,8.102399453395727758e-01
1.666750000000000000e+03,1.100000000000000000e+01,8.389045454589925122e-01
1.666750000000000000e+03,1.200000000000000000e+01,8.673095180152929906e-01
1.666750000000000000e+03,1.300000000000000000e+01,8.954379517985424641e-01
1.666750000000000000e+03,1.400000000000000000e+01,9.232742620094867014e-01
1.666750000000000000e+03,1.500000000000000000e+01,9.508042476112721353e-01
1.666750000000000000e+03,1.600000000000000000e+01,9.780151333231561495e-01
1.666750000000000000e+03,1.700000000000000000e+01,1.004895595170434142e+00
1.666750000000000000e+03,1.800000000000000000e+01,1.031435769035251582e+00
1.666750000000000000e+03,1.900000000000000000e+01,1.057627242235076537e+00
1.666750000000000000e+03,2.000000000000000000e+01,1.083463028742666978e+00
1.666750000000000000e+03,2.100000000000000000e+01,1.108937529204967909e+00
1.666750000000000000e+03,2.200000000000000000e+01,1.134046477378706896e+00
1.666750000000000000e+03,2.300000000000000000e+01,1.158786874949103485e+00
1.666750000000000000e+03,2.400000000000000000e+01,1.183156916919905655e+00
1.666750000000000000e+03,2.500000000000000000e+01,1.207155909856750142e+00
1.666750000000000000e+03,2.600000000000000000e+01,1.230784185242674411e+00
1.666750000000000000e+03,2.700000000000000000e+01,1.254043010083067955e+00
1.666750000000000000e+03,2.800000000000000000e+01,1.276934496700489419e+00
1.666750000000000000e+03,2.900000000000000000e+01,1.299461513413517011e+00
1.666750000000000000e+03,3.000000000000000000e+01,1.321627597520590669e+00
1.833250000000000000e+03,-3.000000000000000000e+01,-3.019532112056939610e-01
1.833250000000000000e+03,-2.900000000000000000e+01,-2.794261944926699215e-01
1.833250000000000000e+03,-2.800000000000000000e+01,-2.565347078752591159e-01
1.833250000000000000e+03,-2.700000000000000000e+01,-2.332758830348478085e-01
1.833250000000000000e+03,-2.600000000000000000e+01,-2.096476076489288687e-01
1.833250000000000000e+03,-2.500000000000000000e+01,-1.856486147120790520e-01
1.833250000000000000e+03,-2.400000000000000000e+01,-1.612785727412724412e-01
1.833250000000000000e+03,-2.300000000000000000e+01,-1.365381751708785174e-01
1.833250000000000000e+03,-2.200000000000000000e+01,-1.114292269971421945e-01
1.833250000000000000e+03,-2.100000000000000000e+01,-8.595472653483682279e-02
1.833250000000000000e+03,-2.000000000000000000e+01,-6.011894002724726960e-02
1.833250000000000000e+03,-1.900000000000000000e+01,-3.392746682742586728e-02
1.833250000000000000e+03,-1.800000000000000000e+01,-7.387292962606650804e-03
1.833250000000000000e+03,-1.700000000000000000e+01,1.949316888467489406e-02
1.833250000000000000e+03,-1.600000000000000000e+01,4.670405459655091462e-02
1.833250000000000000e+03,-1.500000000000000000e+01,7.423404019834078937e-02
1.833250000000000000e+03,-1.400000000000000000e+01,1.020703504092859148e-01
1.833250000000000000e+03,-1.300000000000000000e+01,1.301987841925336120e-01
1.833250000000000000e+03,-1.200000000000000000e+01,1.586037567488358668e-01
1.833250000000000000e+03,-1.100000000000000000e+01,1.872683568682529387e-01
1.833250000000000000e+03,-1.000000000000000000e+01,2.161744181188414160e-01
1.833250000000000000e+03,-9.000000000000000000e+00,2.453026020414232899e-01
1.833250000000000000e+03,-8.000000000000000000e+00,2.746324913513362720e-01
1.833250000000000000e+03,-7.000000000000000000e+00,3.041426911210881601e-01
1.833250000000000000e+03,-6.000000000000000000e+00,3.338109360177964335e-01
1.833250000000000000e+03,-5.000000000000000000e+00,3.636142018707954615e-01
1.833250000000000000e+03,-4.000000000000000000e+00,3.935288201163132937e-01
1.833250000000000000e+03,-3.000000000000000000e+00,4.235305939744421488e-01
1.833250000000000000e+03,-2.000000000000000000e+00,4.535949155269786703e-01
1.833250000000000000e+03,-1.000000000000000000e+00,4.836968831561565541e-01
1.833250000000000000e+03,0.000000000000000000e+00,5.138114190516690494e-01
1.833250000000000000e+03,1.000000000000000000e+00,5.439133866808473217e-01
1.833250000000000000e+03,2.000000000000000000e+00,5.739777082333846758e-01
1.833250000000000000e+03,3.000000000000000000e+00,6.039794820915138640e-01
1.833250000000000000e+03,4.000000000000000000e+00,6.338941003370316407e-01
1.833250000000000000e+03,5.000000000000000000e+00,6.636973661900295030e-01
1.833250000000000000e+03,6.000000000000000000e+00,6.933656110867387756e-01
1.833250000000000000e+03,7.000000000000000000e+00,7.228758108564918849e-01
1.833250000000000000e+03,8.000000000000000000e+00,7.522057001664040898e-01
1.833250000000000000e+03,9.000000000000000000e+00,7.813338840889858528e-01
1.833250000000000000e+03,1.000000000000000000e+01,8.102399453395727758e-01
1.833250000000000000e+03,1.100000000000000000e+01,8.389045454589925122e-01
1.833250000000000000e+03,1.200000000000000000e+01,8.673095180152929906e-01
1.833250000000000000e+03,1.300000000000000000e+01,8.954379517985424641e-01
1.833250000000000000e+03,1.400000000000000000e+01,9.232742620094867014e-01
1.833250000000000000e+03,1.500000000000000000e+01,9.508042476112721353e-01
1.833250000000000000e+03,1.600000000000000000e+01,9.780151333231561495e-01
1.833250000000000000e+03,1.700000000000000000e+01,1.004895595170434142e+00
1.833250000000000000e+03,1.800000000000000000e+01,1.031435769035251582e+00
1.833250000000000000e+03,1.900000000000000000e+01,1.057627242235076537e+00
1.833250000000000000e+03,2.000000000000000000e+01,1.083463028742666978e+00
1.833250000000000000e+03,2.100000000000000000e+01,1.108937529204967909e+00
1.833250000000000000e+03,2.200000000000000000e+01,1.134046477378706896e+00
1.833250000000000000e+03,2.300000000000000000e+01,1.158786874949103485e+00
1.833250000000000000e+03,2.400000000000000000e+01,1.183156916919905655e+00
1.833250000000000000e+03,2.500000000000000000e+01,1.207155909856750142e+00
1.833250000000000000e+03,2.600000000000000000e+01,1.230784185242674411e+00
1.833250000000000000e+03,2.700000000000000000e+01,1.254043010083067955e+00
1.833250000000000000e+03,2.800000000000000000e+01,1.276934496700489419e+00
1.833250000000000000e+03,2.900000000000000000e+01,1.299461513413517011e+00
1.833250000000000000e+03,3.000000000000000000e+01,1.321627597520590669e+00
2.000000000000000000e+03,-3.000000000000000000e+01,-3.019532112056939610e-01
2.000000000000000000e+03,-2.900000000000000000e+01,-2.794261944926699215e-01
2.000000000000000000e+03,-2.800000000000000000e+01,-2.565347078752591159e-01
2.000000000000000000e+03,-2.700000000000000000e+01,-2.332758830348478085e-01
2.000000000000000000e+03,-2.600000000000000000e+01,-2.096476076489288687e-01
2.000000000000000000e+03,-2.500000000000000000e+01,-1.856486147120790520e-01
2.000000000000000000e+03,-2.400000000000000000e+01,-1.612785727412724412e-01
2.000000000000000000e+03,-2.300000000000000000e+01,-1.365381751708785174e-01
2.000000000000000000e+03,-2.200000000000000000e+01,-1.114292269971421945e-01
2.000000000000000000e+03,-2.100000000000000000e+01,-8.595472653483682279e-02
2.000000000000000000e+03,-2.000000000000000000e+01,-6.011894002724726960e-02
2.000000000000000000e+03,-1.900000000000000000e+01,-3.392746682742586728e-02
2.000000000000000000e+03,-1.800000000000000000e+01,-7.387292962606650804e-03
2.000000000000000000e+03,-1.700000000000000000e+01,1.949316888467489406e-02
2.000000000000000000e+03,-1.600000000000000000e+01,4.670405459655091462e-02
2.000000000000000000e+03,-1.500000000000000000e+01,7.423404019834078937e-02
2.000000000000000000e+03,-1.400000000000000000e+01,1.020703504092859148e-01
2.000000000000000000e+03,-1.300000000000000000e+01,1.301987841925336120e-01
2.000000000000000000e+03,-1.200000000000000000e+01,1.586037567488358668e-01
2.000000000000000000e+03,-1.100000000000000000e+01,1.872683568682529387e-01
2.000000000000000000e+03,-1.000000000000000000e+01,2.161744181188414160e-01
2.000000000000000000e+03,-9.000000000000000000e+00,2.453026020414232899e-01
2.000000000000000000e+03,-8.000000000000000000e+00,2.746324913513362720e-01
2.000000000000000000e+03,-7.000000000000000000e+00,3.041426911210881601e-01
2.000000000000000000e+03,-6.000000000000000000e+00,3.338109360177964335e-01
2.000000000000000000e+03,-5.000000000000000000e+00,3.636142018707953505e-01
2.000000000000000000e+03,-4.000000000000000000e+00,3.935288201163132937e-01
2.000000000000000000e+03,-3.000000000000000000e+00,4.235305939744421488e-01
2.000000000000000000e+03,-2.000000000000000000e+00,4.535949155269786703e-01
2.000000000000000000e+03,-1.000000000000000000e+00,4.836968831561565541e-01
2.000000000000000000e+03,0.000000000000000000e+00,5.138114190516690494e-01
2.000000000000000000e+03,1.000000000000000000e+00,5.439133866808473217e-01
2.000000000000000000e+03,2.000000000000000000e+00,5.739777082333846758e-01
2.000000000000000000e+03,3.000000000000000000e+00,6.039794820915138640e-01
2.000000000000000000e+03,4.000000000000000000e+00,6.338941003370316407e-01
2.000000000000000000e+03,5.000000000000000000e+00,6.636973661900297250e-01
2.000000000000000000e+03,6.000000000000000000e+00,6.933656110867386646e-01
2.000000000000000000e+03,7.000000000000000000e+00,7.228758108564918849e-01
2.000000000000000000e+03,8.000000000000000000e+00,7.522057001664040898e-01
2.000000000000000000e+03,9.000000000000000000e+00,7.813338840889858528e-01
2.000000000000000000e+03,1.000000000000000000e+01,8.102399453395727758e-01
2.000000000000000000e+03,1.100000000000000000e+01,8.389045454589925122e-01
2.000000000000000000e+03,1.200000000000000000e+01,8.673095180152929906e-01
2.000000000000000000e+03,1.300000000000000000e+01,8.954379517985424641e-01
2.000000000000000000e+03,1.400000000000000000e+01,9.232742620094867014e-01
2.000000000000000000e+03,1.500000000000000000e+01,9.508042476112721353e-01
2.000000000000000000e+03,1.600000000000000000e+01,9.780151333231561495e-01
2.000000000000000000e+03,1.700000000000000000e+01,1.004895595170434142e+00
2.000000000000000000e+03,1.800000000000000000e+01,1.031435769035251582e+00
2.000000000000000000e+03,1.900000000000000000e+01,1.057627242235076537e+00
2.000000000000000000e+03,2.000000000000000000e+01,1.083463028742666978e+00
2.000000000000000000e+03,2.100000000000000000e+01,1.108937529204967909e+00
2.000000000000000000e+03,2.200000000000000000e+01,1.134046477378706896e+00
2.000000000000000000e+03,2.300000000000000000e+01,1.158786874949103485e+00
2.000000000000000000e+03,2.400000000000000000e+01,1.183156916919905655e+00
2.000000000000000000e+03,2.500000000000000000e+01,1.207155909856750142e+00
2.000000000000000000e+03,2.600000000000000000e+01,1.230784185242674411e+00
2.000000000000000000e+03,2.700000000000000000e+01,1.254043010083067955e+00
2.000000000000000000e+03,2.800000000000000000e+01,1.276934496700489419e+00
2.000000000000000000e+03,2.900000000000000000e+01,1.299461513413517011e+00
2.000000000000000000e+03,3.000000000000000000e+01,1.321627597520590669e+00
2.166750000000000000e+03,-3.000000000000000000e+01,-3.019532112056939610e-01
2.166750000000000000e+03,-2.900000000000000000e+01,-2.794261944926699215e-01
2.166750000000000000e+03,-2.800000000000000000e+01,-2.565347078752591159e-01
2.166750000000000000e+03,-2.700000000000000000e+01,-2.332758830348478085e-01
2.166750000000000000e+03,-2.600000000000000000e+01,-2.096476076489288687e-01
2.166750000000000000e+03,-2.500000000000000000e+01,-1.856486147120790520e-01
2.166750000000000000e+03,-2.400000000000000000e+01,-1.612785727412724412e-01
2.166750000000000000e+03,-2.300000000000000000e+01,-1.365381751708785174e-01
2.166750000000000000e+03,-2.200000000000000000e+01,-1.114292269971421945e-01
2.166750000000000000e+03,-2.100000000000000000e+01,-8.595472653483682279e-02
2.166750000000000000e+03,-2.000000000000000000e+01,-6.011894002724726960e-02
2.166750000000000000e+03,-1.900000000000000000e+01,-3.392746682742586728e-02
2.166750000000000000e+03,-1.800000000000000000e+01,-7.387292962606650804e-03
2.166750000000000000e+03,-1.700000000000000000e+01,1.949316888467489406e-02
2.166750000000000000e+03,-1.600000000000000000e+01,4.670405459655091462e-02
2.166750000000000000e+03,-1.500000000000000000e+01,7.423404019834078937e-02
2.166750000000000000e+03,-1.400000000000000000e+01,1.020703504092859148e-01
2.166750000000000000e+03,-1.300000000000000000e+01,1.301987841925336120e-01
2.166750000000000000e+03,-1.200000000000000000e+01,1.586037567488358668e-01
2.166750000000000000e+03,-1.100000000000000000e+01,1.872683568682529387e-01
2.166750000000000000e+03,-1.000000000000000000e+01,2.161744181188414160e-01
2.166750000000000000e+03,-9.000000000000000000e+00,2.453026020414232899e-01
2.166750000000000000e+03,-8.000000000000000000e+00,2.746324913513362720e-01
2.166750000000000000e+03,-7.000000000000000000e+00,3.041426911210881601e-01
2.166750000000000000e+03,-6.000000000000000000e+00,3.338109360177964335e-01
2.166750000000000000e+03,-5.000000000000000000e+00,3.636142018707954615e-01
2.166750000000000000e+03,-4.000000000000000000e+00,3.935288201163132937e-01
2.166750000000000000e+03,-3.000000000000000000e+00,4.235305939744421488e-01
2.166750000000000000e+03,-2.000000000000000000e+00,4.535949155269786703e-01
2.166750000000000000e+03,-1.000000000000000000e+00,4.836968831561565541e-01
2.166750000000000000e+03,0.000000000000000000e+00,5.138114190516690494e-01
2.166750000000000000e+03,1.000000000000000000e+00,5.439133866808473217e-01
2.166750000000000000e+03,2.000000000000000000e+00,5.739777082333846758e-01
2.166750000000000000e+03,3.000000000000000000e+00,6.039794820915138640e-01
2.166750000000000000e+03,4.000000000000000000e+00,6.338941003370316407e-01
2.166750000000000000e+03,5.000000000000000000e+00,6.636973661900295030e-01
2.166750000000000000e+03,6.000000000000000000e+00,6.933656110867387756e-01
2.166750000000000000e+03,7.000000000000000000e+00,7.228758108564918849e-01
2.166750000000000000e+03,8.000000000000000000e+00,7.522057001664040898e-01
2.166750000000000000e+03,9.000000000000000000e+00,7.813338840889858528e-01
2.166750000000000000e+03,1.000000000000000000e+01,8.102399453395727758e-01
2.166750000000000000e+03,1.100000000000000000e+01,8.389045454589925122e-01
2.166750000000000000e+03,1.200000000000000000e+01,8.673095180152929906e-01
2.166750000000000000e+03,1.300000000000000000e+01,8.954379517985424641e-01
2.166750000000000000e+03,1.400000000000000000e+01,9.232742620094867014e-01
2.166750000000000000e+03,1.500000000000000000e+01,9.508042476112721353e-01
2.166750000000000000e+03,1.600000000000000000e+01,9.780151333231561495e-01
2.166750000000000000e+03,1.700000000000000000e+01,1.004895595170434142e+00
2.166750000000000000e+03,1.800000000000000000e+01,1.031435769035251582e+00
2.166750000000000000e+03,1.900000000000000000e+01,1.057627242235076537e+00
2.166750000000000000e+03,2.000000000000000000e+01,1.083463028742666978e+00
2.166750000000000000e+03,2.100000000000000000e+01,1.108937529204967909e+00
2.166750000000000000e+03,2.200000000000000000e+01,1.134046477378706896e+00
2.166750000000000000e+03,2.300000000000000000e+01,1.158786874949103485e+00
2.166750000000000000e+03,2.400000000000000000e+01,1.183156916919905655e+00
2.166750000000000000e+03,2.500000000000000000e+01,1.207155909856750142e+00
2.166750000000000000e+03,2.600000000000000000e+01,1.230784185242674411e+00
2.166750000000000000e+03,2.700000000000000000e+01,1.254043010083067955e+00
2.166750000000000000e+03,2.800000000000000000e+01,1.276934496700489419e+00
2.166750000000000000e+03,2.900000000000000000e+01,1.299461513413517011e+00
2.166750000000000000e+03,3.000000000000000000e+01,1.321627597520590669e+00
2.333250000000000000e+03,-3.000000000000000000e+01,-3.019532112056939610e-01
2.333250000000000000e+03,-2.900000000000000000e+01,-2.794261944926699215e-01
2.333250000000000000e+03,-2.800000000000000000e+01,-2.565347078752591159e-01
2.333250000000000000e+03,-2.700000000000000000e+01,-2.332758830348478085e-01
2.333250000000000000e+03,-2.600000000000000000e+01,-2.096476076489288687e-01
2.333250000000000000e+03,-2.500000000000000000e+01,-1.856486147120790520e-01
2.333250000000000000e+03,-2.400000000000000000e+01,-1.612785727412724412e-01
2.333250000000000000e+03,-2.300000000000000000e+01,-1.365381751708785174e-01
2.333250000000000000e+03,-2.200000000000000000e+01,-1.114292269971421945e-01
2.333250000000000000e+03,-2.100000000000000000e+01,-8.595472653483682279e-02
2.333250000000000000e+03,-2.000000000000000000e+01,-6.011894002724726960e-02
2.333250000000000000e+03,-1.900000000000000000e+01,-3.392746682742586728e-02
2.333250000000000000e+03,-1.800000000000000000e+01,-7.387292962606650804e-03
2.333250000000000000e+03,-1.700000000000000000e+01,1.949316888467489406e-02
2.333250000000000000e+03,-1.600000000000000000e+01,4.670405459655091462e-02
2.333250000000000000e+03,-1.500000000000000000e+01,7.423404019834078937e-02
2.333250000000000000e+03,-1.400000000000000000e+01,1.020703504092859148e-01
2.333250000000000000e+03,-1.300000000000000000e+01,1.301987841925336120e-01
2.333250000000000000e+03,-1.200000000000000000e+01,1.586037567488358668e-01
2.333250000000000000e+03,-1.100000000000000000e+01,1.872683568682529387e-01
2.333250000000000000e+03,-1.000000000000000000e+01,2.161744181188414160e-01
2.333250000000000000e+03,-9.000000000000000000e+00,2.453026020414232899e-01
2.333250000000000000e+03,-8.000000000000000000e+00,2.746324913513362720e-01
2.333250000000000000e+03,-7.000000000000000000e+00,3.041426911210881601e-01
2.333250000000000000e+03,-6.000000000000000000e+00,3.338109360177964335e-01
2.333250000000000000e+03,-5.000000000000000000e+00,3.636142018707954615e-01
2.333250000000000000e+03,-4.000000000000000000e+00,3.935288201163132937e-01
2.333250000000000000e+03,-3.000000000000000000e+00,4.235305939744421488e-01
2.333250000000000000e+03,-2.000000000000000000e+00,4.535949155269786703e-01
2.333250000000000000e+03,-1.000000000000000000e+00,4.836968831561565541e-01
2.333250000000000000e+03,0.000000000000000000e+00,5.138114190516690494e-01
2.333250000000000000e+03,1.000000000000000000e+00,5.439133866808473217e-01
2.333250000000000000e+03,2.000000000000000000e+00,5.739777082333846758e-01
2.333250000000000000e+03,3.000000000000000000e+00,6.039794820915138640e-01
2.333250000000000000e+03,4.000000000000000000e+00,6.338941003370316407e-01
2.333250000000000000e+03,5.000000000000000000e+00,6.636973661900295030e-01
2.333250000000000000e+03,6.000000000000000000e+00,6.933656110867387756e-01
2.333250000000000000e+03,7.000000000000000000e+00,7.228758108564918849e-01
2.333250000000000000e+03,8.000000000000000000e+00,7.522057001664040898e-01
2.333250000000000000e+03,9.000000000000000000e+00,7.813338840889858528e-01
2.333250000000000000e+03,1.000000000000000000e+01,8.102399453395727758e-01
2.333250000000000000e+03,1.100000000000000000e+01,8.389045454589925122e-01
2.333250000000000000e+03,1.200000000000000000e+01,8.673095180152929906e-01
2.333250000000000000e+03,1.300000000000000000e+01,8.954379517985424641e-01
2.333250000000000000e+03,1.400000000000000000e+01,9.232742620094867014e-01
2.333250000000000000e+03,1.500000000000000000e+01,9.508042476112721353e-01
2.333250000000000000e+03,1.600000000000000000e+01,9.780151333231561495e-01
2.333250000000000000e+03,1.700000000000000000e+01,1.004895595170434142e+00
2.333250000000000000e+03,1.800000000000000000e+01,1.031435769035251582e+00
2.333250000000000000e+03,1.900000000000000000e+01,1.057627242235076537e+00
2.333250000000000000e+03,2.000000000000000000e+01,1.083463028742666978e+00
2.333250000000000000e+03,2.100000000000000000e+01,1.108937529204967909e+00
2.333250000000000000e+03,2.200000000000000000e+01,1.134046477378706896e+00
2.333250000000000000e+03,2.300000000000000000e+01,1.158786874949103485e+00
2.333250000000000000e+03,2.400000000000000000e+01,1.183156916919905655e+00
2.333250000000000000e+03,2.500000000000000000e+01,1.207155909856750142e+00
2.333250000000000000e+03,2.600000000000000000e+01,1.230784185242674411e+00
2.333250000000000000e+03,2.700000000000000000e+01,1.254043010083067955e+00
2.333250000000000000e+03,2.800000000000000000e+01,1.276934496700489419e+00
2.333250000000000000e+03,2.900000000000000000e+01,1.299461513413517011e+00
2.333250000000000000e+03,3.000000000000000000e+01,1.321627597520590669e+00
2.500000000000000000e+03,-3.000000000000000000e+01,-3.019532112056939610e-01
2.500000000000000000e+03,-2.900000000000000000e+01,-2.794261944926699215e-01
2.500000000000000000e+03,-2.800000000000000000e+01,-2.565347078752591159e-01
2.500000000000000000e+03,-2.700000000000000000e+01,-2.332758830348478085e-01
2.500000000000000000e+03,-2.600000000000000000e+01,-2.096476076489288687e-01
2.500000000000000000e+03,-2.500000000000000000e+01,-1.856486147120790520e-01
2.500000000000000000e+03,-2.400000000000000000e+01,-1.612785727412724412e-01
2.500000000000000000e+03,-2.300000000000000000e+01,-1.365381751708785174e-01
2.500000000000000000e+03,-2.200000000000000000e+01,-1.114292269971421945e-01
2.500000000000000000e+03,-2.100000000000000000e+01,-8.595472653483682279e-02
2.500000000000000000e+03,-2.000000000000000000e+01,-6.011894002724726960e-02
2.500000000000000000e+03,-1.900000000000000000e+01,-3.392746682742586728e-02
2.500000000000000000e+03,-1.800000000000000000e+01,-7.387292962606650804e-03
2.500000000000000000e+03,-1.700000000000000000e+01,1.949316888467489406e-02
2.500000000000000000e+03,-1.600000000000000000e+01,4.670405459655091462e-02
2.500000000000000000e+03,-1.500000000000000000e+01,7.423404019834078937e-02
2.500000000000000000e+03,-1.400000000000000000e+01,1.020703504092859148e-01
2.500000000000000000e+03,-1.300000000000000000e+01,1.301987841925336120e-01
2.500000000000000000e+03,-1.200000000000000000e+01,1.586037567488358668e-01
2.500000000000000000e+03,-1.100000000000000000e+01,1.872683568682529387e-01
2.500000000000000000e+03,-1.000000000000000000e+01,2.161744181188414160e-01
2.500000000000000000e+03,-9.000000000000000000e+00,2.453026020414232899e-01
2.500000000000000000e+03,-8.000000000000000000e+00,2.746324913513362720e-01
2.500000000000000000e+03,-7.000000000000000000e+00,3.041426911210881601e-01
2.500000000000000000e+03,-6.000000000000000000e+00,3.338109360177964335e-01
2.500000000000000000e+03,-5.000000000000000000e+00,3.636142018707953505e-01
2.500000000000000000e+03,-4.000000000000000000e+00,3.935288201163132937e-01
2.500000000000000000e+03,-3.000000000000000000e+00,4.235305939744421488e-01
2.500000000000000000e+03,-2.000000000000000000e+00,4.535949155269786703e-01
2.500000000000000000e+03,-1.000000000000000000e+00,4.836968831561565541e-01
2.500000000000000000e+03,0.000000000000000000e+00,5.138114190516690494e-01
2.500000000000000000e+03,1.000000000000000000e+00,5.439133866808473217e-01
2.500000000000000000e+03,2.000000000000000000e+00,5.739777082333846758e-01
2.500000000000000000e+03,3.000000000000000000e+00,6.039794820915138640e-01
2.500000000000000000e+03,4.000000000000000000e+00,6.338941003370316407e-01
2.500000000000000000e+03,5.000000000000000000e+00,6.636973661900297250e-01
2.500000000000000000e+03,6.000000000000000000e+00,6.933656110867386646e-01
2.500000000000000000e+03,7.000000000000000000e+00,7.228758108564918849e-01
2.500000000000000000e+03,8.000000000000000000e+00,7.522057001664040898e-01
2.500000000000000000e+03,9.000000000000000000e+00,7.813338840889858528e-01
2.500000000000000000e+03,1.000000000000000000e+01,8.102399453395727758e-01
2.500000000000000000e+03,1.100000000000000000e+01,8.389045454589925122e-01
2.500000000000000000e+03,1.200000000000000000e+01,8.673095180152929906e-01
2.500000000000000000e+03,1.300000000000000000e+01,8.954379517985424641e-01
2.500000000000000000e+03,1.400000000000000000e+01,9.232742620094867014e-01
2.500000000000000000e+03,1.500000000000000000e+01,9.508042476112721353e-01
2.500000000000000000e+03,1.600000000000000000e+01,9.780151333231561495e-01
2.500000000000000000e+03,1.700000000000000000e+01,1.004895595170434142e+00
2.500000000000000000e+03,1.800000000000000000e+01,1.031435769035251582e+00
2.500000000000000000e+03,1.900000000000000000e+01,1.057627242235076537e+00
2.500000000000000000e+03,2.000000000000000000e+01,1.083463028742666978e+00
2.500000000000000000e+03,2.100000000000000000e+01,1.108937529204967909e+00
2.500000000000000000e+03,2.200000000000000000e+01,1.134046477378706896e+00
2.500000000000000000e+03,2.300000000000000000e+01,1.158786874949103485e+00
2.500000000000000000e+03,2.400000000000000000e+01,1.183156916919905655e+00
2.500000000000000000e+03,2.500000000000000000e+01,1.207155909856750142e+00
2.500000000000000000e+03,2.600000000000000000e+01,1.230784185242674411e+00
2.500000000000000000e+03,2.700000000000000000e+01,1.254043010083067955e+00
2.500000000000000000e+03,2.800000000000000000e+01,1.276934496700489419e+00
2.500000000000000000e+03,2.900000000000000000e+01,1.299461513413517011e+00
2.500000000000000000e+03,3.000000000000000000e+01,1.321627597520590669e+00
2.666750000000000000e+03,-3.000000000000000000e+01,-3.019532112056939610e-01
2.666750000000000000e+03,-2.900000000000000000e+01,-2.794261944926699215e-01
2.666750000000000000e+03,-2.800000000000000000e+01,-2.565347078752591159e-01
2.666750000000000000e+03,-2.700000000000000000e+01,-2.332758830348478085e-01
2.666750000000000000e+03,-2.600000000000000000e+01,-2.096476076489288687e-01
2.666750000000000000e+03,-2.500000000000000000e+01,-1.856486147120790520e-01
2.666750000000000000e+03,-2.400000000000000000e+01,-1.612785727412724412e-01
2.666750000000000000e+03,-2.300000000000000000e+01,-1.365381751708785174e-01
2.666750000000000000e+03,-2.200000000000000000e+01,-1.114292269971421945e-01
2.666750000000000000e+03,-2.100000000000000000e+01,-8.595472653483682279e-02
2.666750000000000000e+03,-2.000000000000000000e+01,-6.011894002724726960e-02
2.666750000000000000e+03,-1.900000000000000000e+01,-3.392746682742586728e-02
2.666750000000000000e+03,-1.800000000000000000e+01,-7.387292962606650804e-03
2.666750000000000000e+03,-1.700000000000000000e+01,1.949316888467489406e-02
2.666750000000000000e+03,-1.600000000000000000e+01,4.670405459655091462e-02
2.666750000000000000e+03,-1.500000000000000000e+01,7.423404019834078937e-02
2.666750000000000000e+03,-1.400000000000000000e+01,1.020703504092859148e-01
2.666750000000000000e+03,-1.300000000000000000e+01,1.301987841925336120e-01
2.666750000000000000e+03,-1.200000000000000000e+01,1.586037567488358668e-01
2.666750000000000000e+03,-1.100000000000000000e+01,1.872683568682529387e-01
2.666750000000000000e+03,-1.000000000000000000e+01,2.161744181188414160e-01
2.666750000000000000e+03,-9.000000000000000000e+00,2.453026020414232899e-01
2.666750000000000000e+03,-8.000000000000000000e+00,2.746324913513362720e-01
2.666750000000000000e+03,-7.000000000000000000e+00,3.041426911210881601e-01
2.666750000000000000e+03,-6.000000000000000000e+00,3.338109360177964335e-01
2.666750000000000000e+03,-5.000000000000000000e+00,3.636142018707954615e-01
2.666750000000000000e+03,-4.000000000000000000e+00,3.935288201163132937e-01
2.666750000000000000e+03,-3.000000000000000000e+00,4.235305939744421488e-01
2.666750000000000000e+03,-2.000000000000000000e+00,4.535949155269786703e-01
2.666750000000000000e+03,-1.000000000000000000e+00,4.836968831561565541e-01
2.666750000000000000e+03,0.000000000000000000e+00,5.138114190516690494e-01
2.666750000000000000e+03,1.000000000000000000e+00,5.439133866808473217e-01
2.666750000000000000e+03,2.000000000000000000e+00,5.739777082333846758e-01
2.666750000000000000e+03,3.000000000000000000e+00,6.039794820915138640e-01
2.666750000000000000e+03,4.000000000000000000e+00,6.338941003370316407e-01
2.666750000000000000e+03,5.000000000000000000e+00,6.636973661900295030e-01
2.666750000000000000e+03,6.000000000000000000e+00,6.933656110867387756e-01
2.666750000000000000e+03,7.000000000000000000e+00,7.228758108564918849e-01
2.666750000000000000e+03,8.000000000000000000e+00,7.522057001664040898e-01
2.666750000000000000e+03,9.000000000000000000e+00,7.813338840889858528e-01
2.666750000000000000e+03,1.000000000000000000e+01,8.102399453395727758e-01
2.666750000000000000e+03,1.100000000000000000e+01,8.389045454589925122e-01
2.666750000000000000e+03,1.200000000000000000e+01,8.673095180152929906e-01
2.666750000000000000e+03,1.300000000000000000e+01,8.954379517985424641e-01
2.666750000000000000e+03,1.400000000000000000e+01,9.232742620094867014e-01
2.666750000000000000e+03,1.500000000000000000e+01,9.508042476112721353e-01
2.666750000000000000e+03,1.600000000000000000e+01,9.780151333231561495e-01
2.666750000000000000e+03,1.700000000000000000e+01,1.004895595170434142e+00
2.666750000000000000e+03,1.800000000000000000e+01,1.031435769035251582e+00
2.666750000000000000e+03,1.900000000000000000e+01,1.057627242235076537e+00
2.666750000000000000e+03,2.000000000000000000e+01,1.083463028742666978e+00
2.666750000000000000e+03,2.100000000000000000e+01,1.108937529204967909e+00
2.666750000000000000e+03,2.200000000000000000e+01,1.134046477378706896e+00
2.666750000000000000e+03,2.300000000000000000e+01,1.158786874949103485e+00
2.666750000000000000e+03,2.400000000000000000e+01,1.183156916919905655e+00
2.666750000000000000e+03,2.500000000000000000e+01,1.207155909856750142e+00
2.666750000000000000e+03,2.600000000000000000e+01,1.230784185242674411e+00
2.666750000000000000e+03,2.700000000000000000e+01,1.254043010083067955e+00
2.666750000000000000e+03,2.800000000000000000e+01,1.276934496700489419e+00
2.666750000000000000e+03,2.900000000000000000e+01,1.299461513413517011e+00
2.666750000000000000e+03,3.000000000000000000e+01,1.321627597520590669e+00
2.833250000000000000e+03,-3.000000000000000000e+01,-3.019532112056939610e-01
2.833250000000000000e+03,-2.900000000000000000e+01,-2.794261944926699215e-01
2.833250000000000000e+03,-2.800000000000000000e+01,-2.565347078752591159e-01
2.833250000000000000e+03,-2.700000000000000000e+01,-2.332758830348478085e-01
2.833250000000000000e+03,-2.600000000000000000e+01,-2.096476076489288687e-01
2.833250000000000000e+03,-2.500000000000000000e+01,-1.856486147120790520e-01
2.833250000000000000e+03,-2.400000000000000000e+01,-1.612785727412724412e-01
2.833250000000000000e+03,-2.300000000000000000e+01,-1.365381751708785174e-01
2.833250000000000000e+03,-2.200000000000000000e+01,-1.114292269971421945e-01
2.833250000000000000e+03,-2.100000000000000000e+01,-8.595472653483682279e-02
2.833250000000000000e+03,-2.000000000000000000e+01,-6.011894002724726960e-02
2.833250000000000000e+03,-1.900000000000000000e+01,-3.392746682742586728e-02
2.833250000000000000e+03,-1.800000000000000000e+01,-7.387292962606650804e-03
2.833250000000000000e+03,-1.700000000000000000e+01,1.949316888467489406e-02
2.833250000000000000e+03,-1.600000000000000000e+01,4.670405459655091462e-02
2.833250000000000000e+03,-1.500000000000000000e+01,7.423404019834078937e-02
2.833250000000000000e+03,-1.400000000000000000e+01,1.020703504092859148e-01
2.833250000000000000e+03,-1.300000000000000000e+01,1.301987841925336120e-01
2.833250000000000000e+03,-1.200000000000000000e+01,1.586037567488358668e-01
2.833250000000000000e+03,-1.100000000000000000e+01,1.872683568682529387e-01
2.833250000000000000e+03,-1.000000000000000000e+01,2.161744181188414160e-01
2.833250000000000000e+03,-9.000000000000000000e+00,2.453026020414232899e-01
2.833250000000000000e+03,-8.000000000000000000e+00,2.746324913513362720e-01
2.833250000000000000e+03,-7.000000000000000000e+00,3.041426911210881601e-01
2.833250000000000000e+03,-6.000000000000000000e+00,3.338109360177964335e-01
2.833250000000000000e+03,-5.000000000000000000e+00,3.636142018707954615e-01
2.833250000000000000e+03,-4.000000000000000000e+00,3.935288201163132937e-01
2.833250000000000000e+03,-3.000000000000000000e+00,4.235305939744421488e-01
2.833250000000000000e+03,-2.000000000000000000e+00,4.535949155269786703e-01
2.833250000000000000e+03,-1.000000000000000000e+00,4.836968831561565541e-01
2.833250000000000000e+03,0.000000000000000000e+00,5.138114190516690494e-01
2.833250000000000000e+03,1.000000000000000000e+00,5.439133866808473217e-01
2.833250000000000000e+03,2.000000000000000000e+00,5.739777082333846758e-01
2.833250000000000000e+03,3.000000000000000000e+00,6.039794820915138640e-01
2.833250000000000000e+03,4.000000000000000000e+00,6.338941003370316407e-01
2.833250000000000000e+03,5.000000000000000000e+00,6.636973661900295030e-01
2.833250000000000000e+03,6.000000000000000000e+00,6.933656110867387756e-01
2.833250000000000000e+03,7.000000000000000000e+00,7.228758108564918849e-01
2.833250000000000000e+03,8.000000000000000000e+00,7.522057001664040898e-01
2.833250000000000000e+03,9.000000000000000000e+00,7.813338840889858528e-01
2.833250000000000000e+03,1.000000000000000000e+01,8.102399453395727758e-01
2.833250000000000000e+03,1.100000000000000000e+01,8.389045454589925122e-01
2.833250000000000000e+03,1.200000000000000000e+01,8.673095180152929906e-01
2.833250000000000000e+03,1.300000000000000000e+01,8.954379517985424641e-01
2.833250000000000000e+03,1.400000000000000000e+01,9.232742620094867014e-01
2.833250000000000000e+03,1.500000000000000000e+01,9.508042476112721353e-01
2.833250000000000000e+03,1.600000000000000000e+01,9.780151333231561495e-01
2.833250000000000000e+03,1.700000000000000000e+01,1.004895595170434142e+00
2.833250000000000000e+03,1.800000000000000000e+01,1.031435769035251582e+00
2.833250000000000000e+03,1.900000000000000000e+01,1.057627242235076537e+00
2.833250000000000000e+03,2.000000000000000000e+01,1.083463028742666978e+00
2.833250000000000000e+03,2.100000000000000000e+01,1.108937529204967909e+00
2.833250000000000000e+03,2.200000000000000000e+01,1.134046477378706896e+00
2.833250000000000000e+03,2.300000000000000000e+01,1.158786874949103485e+00
2.833250000000000000e+03,2.400000000000000000e+01,1.183156916919905655e+00
2.833250000000000000e+03,2.500000000000000000e+01,1.207155909856750142e+00
2.833250000000000000e+03,2.600000000000000000e+01,1.230784185242674411e+00
2.833250000000000000e+03,2.700000000000000000e+01,1.254043010083067955e+00
2.833250000000000000e+03,2.800000000000000000e+01,1.276934496700489419e+00
2.833250000000000000e+03,2.900000000000000000e+01,1.299461513413517011e+00
2.833250000000000000e+03,3.000000000000000000e+01,1.321627597520590669e+00
3.000000000000000000e+03,-3.000000000000000000e+01,-3.019532112056939610e-01
3.000000000000000000e+03,-2.900000000000000000e+01,-2.794261944926699215e-01
3.000000000000000000e+03,-2.800000000000000000e+01,-2.565347078752591159e-01
3.000000000000000000e+03,-2.700000000000000000e+01,-2.332758830348478085e-01
3.000000000000000000e+03,-2.600000000000000000e+01,-2.096476076489288687e-01
3.000000000000000000e+03,-2.500000000000000000e+01,-1.856486147120790520e-01
3.000000000000000000e+03,-2.400000000000000000e+01,-1.612785727412724412e-01
3.000000000000000000e+03,-2.300000000000000000e+01,-1.365381751708785174e-01
3.000000000000000000e+03,-2.200000000000000000e+01,-1.114292269971421945e-01
3.000000000000000000e+03,-2.100000000000000000e+01,-8.595472653483682279e-02
3.000000000000000000e+03,-2.000000000000000000e+01,-6.011894002724726960e-02
3.000000000000000000e+03,-1.900000000000000000e+01,-3.392746682742586728e-02
3.000000000000000000e+03,-1.800000000000000000e+01,-7.387292962606650804e-03
3.000000000000000000e+03,-1.700000000000000000e+01,1.949316888467489406e-02
3.000000000000000000e+03,-1.600000000000000000e+01,4.670405459655091462e-02
3.000000000000000000e+03,-1.500000000000000000e+01,7.423404019834078937e-02
3.000000000000000000e+03,-1.400000000000000000e+01,1.020703504092859148e-01
3.000000000000000000e+03,-1.300000000000000000e+01,1.301987841925336120e-01
3.000000000000000000e+03,-1.200000000000000000e+01,1.586037567488358668e-01
3.000000000000000000e+03,-1.100000000000000000e+01,1.872683568682529387e-01
3.000000000000000000e+03,-1.000000000000000000e+01,2.161744181188414160e-01
3.000000000000000000e+03,-9.000000000000000000e+00,2.453026020414232899e-01
3.000000000000000000e+03,-8.000000000000000000e+00,2.746324913513362720e-01
3.000000000000000000e+03,-7.000000000000000000e+00,3.041426911210881601e-01
3.000000000000000000e+03,-6.000000000000000000e+00,3.338109360177964335e-01
3.000000000000000000e+03,-5.000000000000000000e+00,3.636142018707953505e-01
3.000000000000000000e+03,-4.000000000000000000e+00,3.935288201163132937e-01
3.000000000000000000e+03,-3.000000000000000000e+00,4.235305939744421488e-01
3.000000000000000000e+03,-2.000000000000000000e+00,4.535949155269786703e-01
3.000000000000000000e+03,-1.000000000000000000e+00,4.836968831561565541e-01
3.000000000000000000e+03,0.000000000000000000e+00,5.138114190516690494e-01
3.000000000000000000e+03,1.000000000000000000e+00,5.439133866808473217e-01
3.000000000000000000e+03,2.000000000000000000e+00,5.739777082333846758e-01
3.000000000000000000e+03,3.000000000000000000e+00,6.039794820915138640e-01
3.000000000000000000e+03,4.000000000000000000e+00,6.338941003370316407e-01
3.000000000000000000e+03,5.000000000000000000e+00,6.636973661900297250e-01
3.000000000000000000e+03,6.000000000000000000e+00,6.933656110867386646e-01
3.000000000000000000e+03,7.000000000000000000e+00,7.228758108564918849e-01
3.000000000000000000e+03,8.000000000000000000e+00,7.522057001664040898e-01
3.000000000000000000e+03,9.000000000000000000e+00,7.813338840889858528e-01
3.000000000000000000e+03,1.000000000000000000e+01,8.102399453395727758e-01
3.000000000000000000e+03,1.100000000000000000e+01,8.389045454589925122e-01
3.000000000000000000e+03,1.200000000000000000e+01,8.673095180152929906e-01
3.000000000000000000e+03,1.300000000000000000e+01,8.954379517985424641e-01
3.000000000000000000e+03,1.400000000000000000e+01,9.232742620094867014e-01
3.000000000000000000e+03,1.500000000000000000e+01,9.508042476112721353e-01
3.000000000000000000e+03,1.600000000000000000e+01,9.780151333231561495e-01
3.000000000000000000e+03,1.700000000000000000e+01,1.004895595170434142e+00
3.000000000000000000e+03,1.800000000000000000e+01,1.031435769035251582e+00
3.000000000000000000e+03,1.900000000000000000e+01,1.057627242235076537e+00
3.000000000000000000e+03,2.000000000000000000e+01,1.083463028742666978e+00
3.000000000000000000e+03,2.100000000000000000e+01,1.108937529204967909e+00
3.000000000000000000e+03,2.200000000000000000e+01,1.134046477378706896e+00
3.000000000000000000e+03,2.300000000000000000e+01,1.158786874949103485e+00
3.000000000000000000e+03,2.400000000000000000e+01,1.183156916919905655e+00
3.000000000000000000e+03,2.500000000000000000e+01,1.207155909856750142e+00
3.000000000000000000e+03,2.600000000000000000e+01,1.230784185242674411e+00
3.000000000000000000e+03,2.700000000000000000e+01,1.254043010083067955e+00
3.000000000000000000e+03,2.800000000000000000e+01,1.276934496700489419e+00
3.000000000000000000e+03,2.900000000000000000e+01,1.299461513413517011e+00
3.000000000000000000e+03,3.000000000000000000e+01,1.321627597520590669e+00
3.166750000000000000e+03,-3.000000000000000000e+01,-3.019532112056939610e-01
3.166750000000000000e+03,-2.900000000000000000e+01,-2.794261944926699215e-01
3.166750000000000000e+03,-2.800000000000000000e+01,-2.565347078752591159e-01
3.166750000000000000e+03,-2.700000000000000000e+01,-2.332758830348478085e-01
3.166750000000000000e+03,-2.600000000000000000e+01,-2.096476076489288687e-01
3.166750000000000000e+03,-2.500000000000000000e+01,-1.856486147120790520e-01
3.166750000000000000e+03,-2.400000000000000000e+01,-1.612785727412724412e-01
3.166750000000000000e+03,-2.300000000000000000e+01,-1.365381751708785174e-01
3.166750000000000000e+03,-2.200000000000000000e+01,-1.114292269971421945e-01
3.166750000000000000e+03,-2.100000000000000000e+01,-8.595472653483682279e-02
3.166750000000000000e+03,-2.000000000000000000e+01,-6.011894002724726960e-02
3.166750000000000000e+03,-1.900000000000000000e+01,-3.392746682742586728e-02
3.166750000000000000e+03,-1.800000000000000000e+01,-7.387292962606650804e-03
3.166750000000000000e+03,-1.700000000000000000e+01,1.949316888467489406e-02
3.166750000000000000e+03,-1.600000000000000000e+01,4.670405459655091462e-02
3.166750000000000000e+03,-1.500000000000000000e+01,7.423404019834078937e-02
3.166750000000000000e+03,-1.400000000000000000e+01,1.020703504092859148e-01
3.166750000000000000e+03,-1.300000000000000000e+01,1.301987841925336120e-01
3.166750000000000000e+03,-1.200000000000000000e+01,1.586037567488358668e-01
3.166750000000000000e+03,-1.100000000000000000e+01,1.872683568682529387e-01
3.166750000000000000e+03,-1.000000000000000000e+01,2.161744181188414160e-01
3.166750000000000000e+03,-9.000000000000000000e+00,2.453026020414232899e-01
3.166750000000000000e+03,-8.000000000000000000e+00,2.746324913513362720e-01
3.166750000000000000e+03,-7.000000000000000000e+00,3.041426911210881601e-01
3.166750000000000000e+03,-6.000000000000000000e+00,3.338109360177964335e-01
3.166750000000000000e+03,-5.000000000000000000e+00,3.636142018707954615e-01
3.166750000000000000e+03,-4.000000000000000000e+00,3.935288201163132937e-01
3.166750000000000000e+03,-3.000000000000000000e+00,4.235305939744421488e-01
3.166750000000000000e+03,-2.000000000000000000e+00,4.535949155269786703e-01
3.166750000000000000e+03,-1.000000000000000000e+00,4.836968831561565541e-01
3.166750000000000000e+03,0.000000000000000000e+00,5.138114190516690494e-01
3.166750000000000000e+03,1.000000000000000000e+00,5.439133866808473217e-01
3.166750000000000000e+03,2.000000000000000000e+00,5.739777082333846758e-01
3.166750000000000000e+03,3.000000000000000000e+00,6.039794820915138640e-01
3.166750000000000000e+03,4.000000000000000000e+00,6.338941003370316407e-01
3.166750000000000000e+03,5.000000000000000000e+00,6.636973661900295030e-01
3.166750000000000000e+03,6.000000000000000000e+00,6.933656110867387756e-01
3.166750000000000000e+03,7.000000000000000000e+00,7.228758108564918849e-01
3.166750000000000000e+03,8.000000000000000000e+00,7.522057001664040898e-01
3.166750000000000000e+03,9.000000000000000000e+00,7.813338840889858528e-01
3.166750000000000000e+03,1.000000000000000000e+01,8.102399453395727758e-01
3.166750000000000000e+03,1.100000000000000000e+01,8.389045454589925122e-01
3.166750000000000000e+03,1.200000000000000000e+01,8.673095180152929906e-01
3.166750000000000000e+03,1.300000000000000000e+01,8.954379517985424641e-01
3.166750000000000000e+03,1.400000000000000000e+01,9.232742620094867014e-01
3.166750000000000000e+03,1.500000000000000000e+01,9.508042476112721353e-01
3.166750000000000000e+03,1.600000000000000000e+01,9.780151333231561495e-01
3.166750000000000000e+03,1.700000000000000000e+01,1.004895595170434142e+00
3.166750000000000000e+03,1.800000000000000000e+01,1.031435769035251582e+00
3.166750000000000000e+03,1.900000000000000000e+01,1.057627242235076537e+00
3.166750000000000000e+03,2.000000000000000000e+01,1.083463028742666978e+00
3.166750000000000000e+03,2.100000000000000000e+01,1.108937529204967909e+00
3.166750000000000000e+03,2.200000000000000000e+01,1.134046477378706896e+00
3.166750000000000000e+03,2.300000000000000000e+01,1.158786874949103485e+00
3.166750000000000000e+03,2.400000000000000000e+01,1.183156916919905655e+00
3.166750000000000000e+03,2.500000000000000000e+01,1.207155909856750142e+00
3.166750000000000000e+03,2.600000000000000000e+01,1.230784185242674411e+00
3.166750000000000000e+03,2.700000000000000000e+01,1.254043010083067955e+00
3.166750000000000000e+03,2.800000000000000000e+01,1.276934496700489419e+00
3.166750000000000000e+03,2.900000000000000000e+01,1.299461513413517011e+00
3.166750000000000000e+03,3.000000000000000000e+01,1.321627597520590669e+00
3.333250000000000000e+03,-3.000000000000000000e+01,-3.019532112056939610e-01
3.333250000000000000e+03,-2.900000000000000000e+01,-2.794261944926699215e-01
3.333250000000000000e+03,-2.800000000000000000e+01,-2.565347078752591159e-01
3.333250000000000000e+03,-2.700000000000000000e+01,-2.332758830348478085e-01
3.333250000000000000e+03,-2.600000000000000000e+01,-2.096476076489288687e-01
3.333250000000000000e+03,-2.500000000000000000e+01,-1.856486147120790520e-01
3.333250000000000000e+03,-2.400000000000000000e+01,-1.612785727412724412e-01
3.333250000000000000e+03,-2.300000000000000000e+01,-1.365381751708785174e-01
3.333250000000000000e+03,-2.200000000000000000e+01,-1.114292269971421945e-01
3.333250000000000000e+03,-2.100000000000000000e+01,-8.595472653483682279e-02
3.333250000000000000e+03,-2.000000000000000000e+01,-6.011894002724726960e-02
3.333250000000000000e+03,-1.900000000000000000e+01,-3.392746682742586728e-02
3.333250000000000000e+03,-1.800000000000000000e+01,-7.387292962606650804e-03
3.333250000000000000e+03,-1.700000000000000000e+01,1.949316888467489406e-02
3.333250000000000000e+03,-1.600000000000000000e+01,4.670405459655091462e-02
3.333250000000000000e+03,-1.500000000000000000e+01,7.423404019834078937e-02
3.333250000000000000e+03,-1.400000000000000000e+01,1.020703504092859148e-01
3.333250000000000000e+03,-1.300000000000000000e+01,1.301987841925336120e-01
3.333250000000000000e+03,-1.200000000000000000e+01,1.586037567488358668e-01
3.333250000000000000e+03,-1.100000000000000000e+01,1.872683568682529387e-01
3.333250000000000000e+03,-1.000000000000000000e+01,2.161744181188414160e-01
3.333250000000000000e+03,-9.000000000000000000e+00,2.453026020414232899e-01
3.333250000000000000e+03,-8.000000000000000000e+00,2.746324913513362720e-01
3.333250000000000000e+03,-7.000000000000000000e+00,3.041426911210881601e-01
3.333250000000000000e+03,-6.000000000000000000e+00,3.338109360177964335e-01
3.333250000000000000e+03,-5.000000000000000000e+00,3.636142018707954615e-01
3.333250000000000000e+03,-4.000000000000000000e+00,3.935288201163132937e-01
3.333250000000000000e+03,-3.000000000000000000e+00,4.235305939744421488e-01
3.333250000000000000e+03,-2.000000000000000000e+00,4.535949155269786703e-01
3.333250000000000000e+03,-1.000000000000000000e+00,4.836968831561565541e-01
3.333250000000000000e+03,0.000000000000000000e+00,5.138114190516690494e-01
3.333250000000000000e+03,1.000000000000000000e+00,5.439133866808473217e-01
3.333250000000000000e+03,2.000000000000000000e+00,5.739777082333846758e-01
3.333250000000000000e+03,3.000000000000000000e+00,6.039794820915138640e-01
3.333250000000000000e+03,4.000000000000000000e+00,6.338941003370316407e-01
3.333250000000000000e+03,5.000000000000000000e+00,6.636973661900295030e-01
3.333250000000000000e+03,6.000000000000000000e+00,6.933656110867387756e-01
3.333250000000000000e+03,7.000000000000000000e+00,7.228758108564918849e-01
3.333250000000000000e+03,8.000000000000000000e+00,7.522057001664040898e-01
3.333250000000000000e+03,9.000000000000000000e+00,7.813338840889858528e-01
3.333250000000000000e+03,1.000000000000000000e+01,8.102399453395727758e-01
3.333250000000000000e+03,1.100000000000000000e+01,8.389045454589925122e-01
3.333250000000000000e+03,1.200000000000000000e+01,8.673095180152929906e-01
3.333250000000000000e+03,1.300000000000000000e+01,8.954379517985424641e-01
3.333250000000000000e+03,1.400000000000000000e+01,9.232742620094867014e-01
3.333250000000000000e+03,1.500000000000000000e+01,9.508042476112721353e-01
3.333250000000000000e+03,1.600000000000000000e+01,9.780151333231561495e-01
3.333250000000000000e+03,1.700000000000000000e+01,1.004895595170434142e+00
3.333250000000000000e+03,1.800000000000000000e+01,1.031435769035251582e+00
3.333250000000000000e+03,1.900000000000000000e+01,1.057627242235076537e+00
3.333250000000000000e+03,2.000000000000000000e+01,1.083463028742666978e+00
3.333250000000000000e+03,2.100000000000000000e+01,1.108937529204967909e+00
3.333250000000000000e+03,2.200000000000000000e+01,1.134046477378706896e+00
3.333250000000000000e+03,2.300000000000000000e+01,1.158786874949103485e+00
3.333250000000000000e+03,2.400000000000000000e+01,1.183156916919905655e+00
3.333250000000000000e+03,2.500000000000000000e+01,1.207155909856750142e+00
3.333250000000000000e+03,2.600000000000000000e+01,1.230784185242674411e+00
3.333250000000000000e+03,2.700000000000000000e+01,1.254043010083067955e+00
3.333250000000000000e+03,2.800000000000000000e+01,1.276934496700489419e+00
3.333250000000000000e+03,2.900000000000000000e+01,1.299461513413517011e+00
3.333250000000000000e+03,3.000000000000000000e+01,1.321627597520590669e+00
3.500000000000000000e+03,-3.000000000000000000e+01,-3.019532112056939610e-01
3.500000000000000000e+03,-2.900000000000000000e+01,-2.794261944926699215e-01
3.500000000000000000e+03,-2.800000000000000000e+01,-2.565347078752591159e-01
3.500000000000000000e+03,-2.700000000000000000e+01,-2.332758830348478085e-01
3.500000000000000000e+03,-2.600000000000000000e+01,-2.096476076489288687e-01
3.500000000000000000e+03,-2.500000000000000000e+01,-1.856486147120790520e-01
3.500000000000000000e+03,-2.400000000000000000e+01,-1.612785727412724412e-01
3.500000000000000000e+03,-2.300000000000000000e+01,-1.365381751708785174e-01
3.500000000000000000e+03,-2.200000000000000000e+01,-1.114292269971421945e-01
3.500000000000000000e+03,-2.100000000000000000e+01,-8.595472653483682279e-02
3.500000000000000000e+03,-2.000000000000000000e+01,-6.011894002724726960e-02
3.500000000000000000e+03,-1.900000000000000000e+01,-3.392746682742586728e-02
3.500000000000000000e+03,-1.800000000000000000e+01,-7.387292962606650804e-03
3.500000000000000000e+03,-1.700000000000000000e+01,1.949316888467489406e-02
3.500000000000000000e+03,-1.600000000000000000e+01,4.670405459655091462e-02
3.500000000000000000e+03,-1.500000000000000000e+01,7.423404019834078937e-02
3.500000000000000000e+03,-1.400000000000000000e+01,1.020703504092859148e-01
3.500000000000000000e+03,-1.300000000000000000e+01,1.301987841925336120e-01
3.500000000000000000e+03,-1.200000000000000000e+01,1.586037567488358668e-01
3.500000000000000000e+03,-1.100000000000000000e+01,1.872683568682529387e-01
3.500000000000000000e+03,-1.000000000000000000e+01,2.161744181188414160e-01
3.500000000000000000e+03,-9.000000000000000000e+00,2.453026020414232899e-01
3.500000000000000000e+03,-8.000000000000000000e+00,2.746324913513362720e-01
3.500000000000000000e+03,-7.000000000000000000e+00,3.041426911210881601e-01
3.500000000000000000e+03,-6.000000000000000000e+00,3.338109360177964335e-01
3.500000000000000000e+03,-5.000000000000000000e+00,3.636142018707953505e-01
3.500000000000000000e+03,-4.000000000000000000e+00,3.935288201163132937e-01
3.500000000000000000e+03,-3.000000000000000000e+00,4.235305939744421488e-01
3.500000000000000000e+03,-2.000000000000000000e+00,4.535949155269786703e-01
3.500000000000000000e+03,-1.000000000000000000e+00,4.836968831561565541e-01
3.500000000000000000e+03,0.000000000000000000e+00,5.138114190516690494e-01
3.500000000000000000e+03,1.000000000000000000e+00,5.439133866808473217e-01
3.500000000000000000e+03,2.000000000000000000e+00,5.739777082333846758e-01
3.500000000000000000e+03,3.000000000000000000e+00,6.039794820915138640e-01
3.500000000000000000e+03,4.000000000000000000e+00,6.338941003370316407e-01
3.500000000000000000e+03,5.000000000000000000e+00,6.636973661900297250e-01
3.500000000000000000e+03,6.000000000000000000e+00,6.933656110867386646e-01
3.500000000000000000e+03,7.000000000000000000e+00,7.228758108564918849e-01
3.500000000000000000e+03,8.000000000000000000e+00,7.522057001664040898e-01
3.500000000000000000e+03,9.000000000000000000e+00,7.813338840889858528e-01
3.500000000000000000e+03,1.000000000000000000e+01,8.102399453395727758e-01
3.500000000000000000e+03,1.100000000000000000e+01,8.389045454589925122e-01
3.500000000000000000e+03,1.200000000000000000e+01,8.673095180152929906e-01
3.500000000000000000e+03,1.300000000000000000e+01,8.954379517985424641e-01
3.500000000000000000e+03,1.400000000000000000e+01,9.232742620094867014e-01
3.500000000000000000e+03,1.500000000000000000e+01,9.508042476112721353e-01
3.500000000000000000e+03,1.600000000000000000e+01,9.780151333231561495e-01
3.500000000000000000e+03,1.700000000000000000e+01,1.004895595170434142e+00
3.500000000000000000e+03,1.800000000000000000e+01,1.031435769035251582e+00
3.500000000000000000e+03,1.900000000000000000e+01,1.057627242235076537e+00
3.500000000000000000e+03,2.000000000000000000e+01,1.083463028742666978e+00
3.500000000000000000e+03,2.100000000000000000e+01,1.108937529204967909e+00
3.500000000000000000e+03,2.200000000000000000e+01,1.134046477378706896e+00
3.500000000000000000e+03,2.300000000000000000e+01,1.158786874949103485e+00
3.500000000000000000e+03,2.400000000000000000e+01,1.183156916919905655e+00
3.500000000000000000e+03,2.500000000000000000e+01,1.207155909856750142e+00
3.500000000000000000e+03,2.600000000000000000e+01,1.230784185242674411e+00
3.500000000000000000e+03,2.700000000000000000e+01,1.254043010083067955e+00
3.500000000000000000e+03,2.800000000000000000e+01,1.276934496700489419e+00
3.500000000000000000e+03,2.900000000000000000e+01,1.299461513413517011e+00
3.500000000000000000e+03,3.000000000000000000e+01,1.321627597520590669e+00
3.666750000000000000e+03,-3.000000000000000000e+01,-3.019532112056939610e-01
3.666750000000000000e+03,-2.900000000000000000e+01,-2.794261944926699215e-01
3.666750000000000000e+03,-2.800000000000000000e+01,-2.565347078752591159e-01
3.666750000000000000e+03,-2.700000000000000000e+01,-2.332758830348478085e-01
3.666750000000000000e+03,-2.600000000000000000e+01,-2.096476076489288687e-01
3.666750000000000000e+03,-2.500000000000000000e+01,-1.856486147120790520e-01
3.666750000000000000e+03,-2.400000000000000000e+01,-1.612785727412724412e-01
3.666750000000000000e+03,-2.300000000000000000e+01,-1.365381751708785174e-01
3.666750000000000000e+03,-2.200000000000000000e+01,-1.114292269971421945e-01
3.666750000000000000e+03,-2.100000000000000000e+01,-8.595472653483682279e-02
3.666750000000000000e+03,-2.000000000000000000e+01,-6.011894002724726960e-02
3.666750000000000000e+03,-1.900000000000000000e+01,-3.392746682742586728e-02
3.666750000000000000e+03,-1.800000000000000000e+01,-7.387292962606650804e-03
3.666750000000000000e+03,-1.700000000000000000e+01,1.949316888467489406e-02
3.666750000000000000e+03,-1.600000000000000000e+01,4.670405459655091462e-02
3.666750000000000000e+03,-1.500000000000000000e+01,7.423404019834078937e-02
3.666750000000000000e+03,-1.400000000000000000e+01,1.020703504092859148e-01
3.666750000000000000e+03,-1.300000000000000000e+01,1.301987841925336120e-01
3.666750000000000000e+03,-1.200000000000000000e+01,1.586037567488358668e-01
3.666750000000000000e+03,-1.100000000000000000e+01,1.872683568682529387e-01
3.666750000000000000e+03,-1.000000000000000000e+01,2.161744181188414160e-01
3.666750000000000000e+03,-9.000000000000000000e+00,2.453026020414232899e-01
3.666750000000000000e+03,-8.000000000000000000e+00,2.746324913513362720e-01
3.666750000000000000e+03,-7.000000000000000000e+00,3.041426911210881601e-01
3.666750000000000000e+03,-6.000000000000000000e+00,3.338109360177964335e-01
3.666750000000000000e+03,-5.000000000000000000e+00,3.636142018707954615e-01
3.666750000000000000e+03,-4.000000000000000000e+00,3.935288201163132937e-01
3.666750000000000000e+03,-3.000000000000000000e+00,4.235305939744421488e-01
3.666750000000000000e+03,-2.000000000000000000e+00,4.535949155269786703e-01
3.666750000000000000e+03,-1.000000000000000000e+00,4.836968831561565541e-01
3.666750000000000000e+03,0.000000000000000000e+00,5.138114190516690494e-01
3.666750000000000000e+03,1.000000000000000000e+00,5.439133866808473217e-01
3.666750000000000000e+03,2.000000000000000000e+00,5.739777082333846758e-01
3.666750000000000000e+03,3.000000000000000000e+00,6.039794820915138640e-01
3.666750000000000000e+03,4.000000000000000000e+00,6.338941003370316407e-01
3.666750000000000000e+03,5.000000000000000000e+00,6.636973661900295030e-01
3.666750000000000000e+03,6.000000000000000000e+00,6.933656110867387756e-01
3.666750000000000000e+03,7.000000000000000000e+00,7.228758108564918849e-01
3.666750000000000000e+03,8.000000000000000000e+00,7.522057001664040898e-01
3.666750000000000000e+03,9.000000000000000000e+00,7.813338840889858528e-01
3.666750000000000000e+03,1.000000000000000000e+01,8.102399453395727758e-01
3.666750000000000000e+03,1.100000000000000000e+01,8.389045454589925122e-01
3.666750000000000000e+03,1.200000000000000000e+01,8.673095180152929906e-01
3.666750000000000000e+03,1.300000000000000000e+01,8.954379517985424641e-01
3.666750000000000000e+03,1.400000000000000000e+01,9.232742620094867014e-01
3.666750000000000000e+03,1.500000000000000000e+01,9.508042476112721353e-01
3.666750000000000000e+03,1.600000000000000000e+01,9.780151333231561495e-01
3.666750000000000000e+03,1.700000000000000000e+01,1.004895595170434142e+00
3.666750000000000000e+03,1.800000000000000000e+01,1.031435769035251582e+00
3.666750000000000000e+03,1.900000000000000000e+01,1.057627242235076537e+00
3.666750000000000000e+03,2.000000000000000000e+01,1.083463028742666978e+00
3.666750000000000000e+03,2.100000000000000000e+01,1.108937529204967909e+00
3.666750000000000000e+03,2.200000000000000000e+01,1.134046477378706896e+00
3.666750000000000000e+03,2.300000000000000000e+01,1.158786874949103485e+00
3.666750000000000000e+03,2.400000000000000000e+01,1.183156916919905655e+00
3.666750000000000000e+03,2.500000000000000000e+01,1.207155909856750142e+00
3.666750000000000000e+03,2.600000000000000000e+01,1.230784185242674411e+00
3.666750000000000000e+03,2.700000000000000000e+01,1.254043010083067955e+00
3.666750000000000000e+03,2.800000000000000000e+01,1.276934496700489419e+00
3.666750000000000000e+03,2.900000000000000000e+01,1.299461513413517011e+00
3.666750000000000000e+03,3.000000000000000000e+01,1.321627597520590669e+00
3.833250000000000000e+03,-3.000000000000000000e+01,-3.019532112056939610e-01
3.833250000000000000e+03,-2.900000000000000000e+01,-2.794261944926699215e-01
3.833250000000000000e+03,-2.800000000000000000e+01,-2.565347078752591159e-01
3.833250000000000000e+03,-2.700000000000000000e+01,-2.332758830348478085e-01
3.833250000000000000e+03,-2.600000000000000000e+01,-2.096476076489288687e-01
3.833250000000000000e+03,-2.500000000000000000e+01,-1.856486147120790520e-01
3.833250000000000000e+03,-2.400000000000000000e+01,-1.612785727412724412e-01
3.833250000000000000e+03,-2.300000000000000000e+01,-1.365381751708785174e-01
3.833250000000000000e+03,-2.200000000000000000e+01,-1.114292269971421945e-01
3.833250000000000000e+03,-2.100000000000000000e+01,-8.595472653483682279e-02
3.833250000000000000e+03,-2.000000000000000000e+01,-6.011894002724726960e-02
3.833250000000000000e+03,-1.900000000000000000e+01,-3.392746682742586728e-02
3.833250000000000000e+03,-1.800000000000000000e+01,-7.387292962606650804e-03
3.833250000000000000e+03,-1.700000000000000000e+01,1.949316888467489406e-02
3.833250000000000000e+03,-1.600000000000000000e+01,4.670405459655091462e-02
3.833250000000000000e+03,-1.500000000000000000e+01,7.423404019834078937e-02
3.833250000000000000e+03,-1.400000000000000000e+01,1.020703504092859148e-01
3.833250000000000000e+03,-1.300000000000000000e+01,1.301987841925336120e-01
3.833250000000000000e+03,-1.200000000000000000e+01,1.586037567488358668e-01
3.833250000000000000e+03,-1.100000000000000000e+01,1.872683568682529387e-01
3.833250000000000000e+03,-1.000000000000000000e+01,2.161744181188414160e-01
3.833250000000000000e+03,-9.000000000000000000e+00,2.453026020414232899e-01
3.833250000000000000e+03,-8.000000000000000000e+00,2.746324913513362720e-01
3.833250000000000000e+03,-7.000000000000000000e+00,3.041426911210881601e-01
3.833250000000000000e+03,-6.000000000000000000e+00,3.338109360177964335e-01
3.833250000000000000e+03,-5.000000000000000000e+00,3.636142018707954615e-01
3.833250000000000000e+03,-4.000000000000000000e+00,3.935288201163132937e-01
3.833250000000000000e+03,-3.000000000000000000e+00,4.235305939744421488e-01
3.833250000000000000e+03,-2.000000000000000000e+00,4.535949155269786703e-01
3.833250000000000000e+03,-1.000000000000000000e+00,4.836968831561565541e-01
3.833250000000000000e+03,0.000000000000000000e+00,5.138114190516690494e-01
3.833250000000000000e+03,1.000000000000000000e+00,5.439133866808473217e-01
3.833250000000000000e+03,2.000000000000000000e+00,5.739777082333846758e-01
3.833250000000000000e+03,3.000000000000000000e+00,6.039794820915138640e-01
3.833250000000000000e+03,4.000000000000000000e+00,6.338941003370316407e-01
3.833250000000000000e+03,5.000000000000000000e+00,6.636973661900295030e-01
3.833250000000000000e+03,6.000000000000000000e+00,6.933656110867387756e-01
3.833250000000000000e+03,7.000000000000000000e+00,7.228758108564918849e-01
3.833250000000000000e+03,8.000000000000000000e+00,7.522057001664040898e-01
3.833250000000000000e+03,9.000000000000000000e+00,7.813338840889858528e-01
3.833250000000000000e+03,1.000000000000000000e+01,8.102399453395727758e-01
3.833250000000000000e+03,1.100000000000000000e+01,8.389045454589925122e-01
3.833250000000000000e+03,1.200000000000000000e+01,8.673095180152929906e-01
3.833250000000000000e+03,1.300000000000000000e+01,8.954379517985424641e-01
3.833250000000000000e+03,1.400000000000000000e+01,9.232742620094867014e-01
3.833250000000000000e+03,1.500000000000000000e+01,9.508042476112721353e-01
3.833250000000000000e+03,1.600000000000000000e+01,9.780151333231561495e-01
3.833250000000000000e+03,1.700000000000000000e+01,1.004895595170434142e+00
3.833250000000000000e+03,1.800000000000000000e+01,1.031435769035251582e+00
3.833250000000000000e+03,1.900000000000000000e+01,1.057627242235076537e+00
3.833250000000000000e+03,2.000000000000000000e+01,1.083463028742666978e+00
3.833250000000000000e+03,2.100000000000000000e+01,1.108937529204967909e+00
3.833250000000000000e+03,2.200000000000000000e+01,1.134046477378706896e+00
3.833250000000000000e+03,2.300000000000000000e+01,1.158786874949103485e+00
3.833250000000000000e+03,2.400000000000000000e+01,1.183156916919905655e+00
3.833250000000000000e+03,2.500000000000000000e+01,1.207155909856750142e+00
3.833250000000000000e+03,2.600000000000000000e+01,1.230784185242674411e+00
3.833250000000000000e+03,2.700000000000000000e+01,1.254043010083067955e+00
3.833250000000000000e+03,2.800000000000000000e+01,1.276934496700489419e+00
3.833250000000000000e+03,2.900000000000000000e+01,1.299461513413517011e+00
3.833250000000000000e+03,3.000000000000000000e+01,1.321627597520590669e+00
4.000000000000000000e+03,-3.000000000000000000e+01,-3.019532112056939610e-01
4.000000000000000000e+03,-2.900000000000000000e+01,-2.794261944926699215e-01
4.000000000000000000e+03,-2.800000000000000000e+01,-2.565347078752591159e-01
4.000000000000000000e+03,-2.700000000000000000e+01,-2.332758830348478085e-01
4.000000000000000000e+03,-2.600000000000000000e+01,-2.096476076489288687e-01
4.000000000000000000e+03,-2.500000000000000000e+01,-1.856486147120790520e-01
4.000000000000000000e+03,-2.400000000000000000e+01,-1.612785727412724412e-01
4.000000000000000000e+03,-2.300000000000000000e+01,-1.365381751708785174e-01
4.000000000000000000e+03,-2.200000000000000000e+01,-1.114292269971421945e-01
4.000000000000000000e+03,-2.100000000000000000e+01,-8.595472653483682279e-02
4.000000000000000000e+03,-2.000000000000000000e+01,-6.011894002724726960e-02
4.000000000000000000e+03,-1.900000000000000000e+01,-3.392746682742586728e-02
4.000000000000000000e+03,-1.800000000000000000e+01,-7.387292962606650804e-03
4.000000000000000000e+03,-1.700000000000000000e+01,1.949316888467489406e-02
4.000000000000000000e+03,-1.600000000000000000e+01,4.670405459655091462e-02
4.000000000000000000e+03,-1.500000000000000000e+01,7.423404019834078937e-02
4.000000000000000000e+03,-1.400000000000000000e+01,1.020703504092859148e-01
4.000000000000000000e+03,-1.300000000000000000e+01,1.301987841925336120e-01
4.000000000000000000e+03,-1.200000000000000000e+01,1.586037567488358668e-01
4.000000000000000000e+03,-1.100000000000000000e+01,1.872683568682529387e-01
4.000000000000000000e+03,-1.000000000000000000e+01,2.161744181188414160e-01
4.000000000000000000e+03,-9.000000000000000000e+00,2.453026020414232899e-01
4.000000000000000000e+03,-8.000000000000000000e+00,2.746324913513362720e-01
4.000000000000000000e+03,-7.000000000000000000e+00,3.041426911210881601e-01
4.000000000000000000e+03,-6.000000000000000000e+00,3.338109360177964335e-01
4.000000000000000000e+03,-5.000000000000000000e+00,3.636142018707953505e-01
4.000000000000000000e+03,-4.000000000000000000e+00,3.935288201163132937e-01
4.000000000000000000e+03,-3.000000000000000000e+00,4.235305939744421488e-01
4.000000000000000000e+03,-2.000000000000000000e+00,4.535949155269786703e-01
4.000000000000000000e+03,-1.000000000000000000e+00,4.836968831561565541e-01
4.000000000000000000e+03,0.000000000000000000e+00,5.138114190516690494e-01
4.000000000000000000e+03,1.000000000000000000e+00,5.439133866808473217e-01
4.000000000000000000e+03,2.000000000000000000e+00,5.739777082333846758e-01
4.000000000000000000e+03,3.000000000000000000e+00,6.039794820915138640e-01
4.000000000000000000e+03,4.000000000000000000e+00,6.338941003370316407e-01
4.000000000000000000e+03,5.000000000000000000e+00,6.636973661900297250e-01
4.000000000000000000e+03,6.000000000000000000e+00,6.933656110867386646e-01
4.000000000000000000e+03,7.000000000000000000e+00,7.228758108564918849e-01
4.000000000000000000e+03,8.000000000000000000e+00,7.522057001664040898e-01
4.000000000000000000e+03,9.000000000000000000e+00,7.813338840889858528e-01
4.000000000000000000e+03,1.000000000000000000e+01,8.102399453395727758e-01
4.000000000000000000e+03,1.100000000000000000e+01,8.389045454589925122e-01
4.000000000000000000e+03,1.200000000000000000e+01,8.673095180152929906e-01
4.000000000000000000e+03,1.300000000000000000e+01,8.954379517985424641e-01
4.000000000000000000e+03,1.400000000000000000e+01,9.232742620094867014e-01
4.000000000000000000e+03,1.500000000000000000e+01,9.508042476112721353e-01
4.000000000000000000e+03,1.600000000000000000e+01,9.780151333231561495e-01
4.000000000000000000e+03,1.700000000000000000e+01,1.004895595170434142e+00
4.000000000000000000e+03,1.800000000000000000e+01,1.031435769035251582e+00
4.000000000000000000e+03,1.900000000000000000e+01,1.057627242235076537e+00
4.000000000000000000e+03,2.000000000000000000e+01,1.083463028742666978e+00
4.000000000000000000e+03,2.100000000000000000e+01,1.108937529204967909e+00
4.000000000000000000e+03,2.200000000000000000e+01,1.134046477378706896e+00
4.000000000000000000e+03,2.300000000000000000e+01,1.158786874949103485e+00
4.000000000000000000e+03,2.400000000000000000e+01,1.183156916919905655e+00
4.000000000000000000e+03,2.500000000000000000e+01,1.207155909856750142e+00
4.000000000000000000e+03,2.600000000000000000e+01,1.230784185242674411e+00
4.000000000000000000e+03,2.700000000000000000e+01,1.254043010083067955e+00
4.000000000000000000e+03,2.800000000000000000e+01,1.276934496700489419e+00
4.000000000000000000e+03,2.900000000000000000e+01,1.299461513413517011e+00
4.000000000000000000e+03,3.000000000000000000e+01,1.321627597520590669e+00
4.166750000000000000e+03,-3.000000000000000000e+01,-3.019532112056939610e-01
4.166750000000000000e+03,-2.900000000000000000e+01,-2.794261944926699215e-01
4.166750000000000000e+03,-2.800000000000000000e+01,-2.565347078752591159e-01
4.166750000000000000e+03,-2.700000000000000000e+01,-2.332758830348478085e-01
4.166750000000000000e+03,-2.600000000000000000e+01,-2.096476076489288687e-01
4.166750000000000000e+03,-2.500000000000000000e+01,-1.856486147120790520e-01
4.166750000000000000e+03,-2.400000000000000000e+01,-1.612785727412724412e-01
4.166750000000000000e+03,-2.300000000000000000e+01,-1.365381751708785174e-01
4.166750000000000000e+03,-2.200000000000000000e+01,-1.114292269971421945e-01
4.166750000000000000e+03,-2.100000000000000000e+01,-8.595472653483682279e-02
4.166750000000000000e+03,-2.000000000000000000e+01,-6.011894002724726960e-02
4.166750000000000000e+03,-1.900000000000000000e+01,-3.392746682742586728e-02
4.166750000000000000e+03,-1.800000000000000000e+01,-7.387292962606650804e-03
4.166750000000000000e+03,-1.700000000000000000e+01,1.949316888467489406e-02
4.166750000000000000e+03,-1.600000000000000000e+01,4.670405459655091462e-02
4.166750000000000000e+03,-1.500000000000000000e+01,7.423404019834078937e-02
4.166750000000000000e+03,-1.400000000000000000e+01,1.020703504092859148e-01
4.166750000000000000e+03,-1.300000000000000000e+01,1.301987841925336120e-01
4.166750000000000000e+03,-1.200000000000000000e+01,1.586037567488358668e-01
4.166750000000000000e+03,-1.100000000000000000e+01,1.872683568682529387e-01
4.166750000000000000e+03,-1.000000000000000000e+01,2.161744181188414160e-01
4.166750000000000000e+03,-9.000000000000000000e+00,2.453026020414232899e-01
4.166750000000000000e+03,-8.000000000000000000e+00,2.746324913513362720e-01
4.166750000000000000e+03,-7.000000000000000000e+00,3.041426911210881601e-01
4.166750000000000000e+03,-6.000000000000000000e+00,3.338109360177964335e-01
4.166750000000000000e+03,-5.000000000000000000e+00,3.636142018707954615e-01
4.166750000000000000e+03,-4.000000000000000000e+00,3.935288201163132937e-01
4.166750000000000000e+03,-3.000000000000000000e+00,4.235305939744421488e-01
4.166750000000000000e+03,-2.000000000000000000e+00,4.535949155269786703e-01
4.166750000000000000e+03,-1.000000000000000000e+00,4.836968831561565541e-01
4.166750000000000000e+03,0.000000000000000000e+00,5.138114190516690494e-01
4.166750000000000000e+03,1.000000000000000000e+00,5.439133866808473217e-01
4.166750000000000000e+03,2.000000000000000000e+00,5.739777082333846758e-01
4.166750000000000000e+03,3.000000000000000000e+00,6.039794820915138640e-01
4.166750000000000000e+03,4.000000000000000000e+00,6.338941003370316407e-01
4.166750000000000000e+03,5.000000000000000000e+00,6.636973661900295030e-01
4.166750000000000000e+03,6.000000000000000000e+00,6.933656110867387756e-01
4.166750000000000000e+03,7.000000000000000000e+00,7.228758108564918849e-01
4.166750000000000000e+03,8.000000000000000000e+00,7.522057001664040898e-01
4.166750000000000000e+03,9.000000000000000000e+00,7.813338840889858528e-01
4.166750000000000000e+03,1.000000000000000000e+01,8.102399453395727758e-01
4.166750000000000000e+03,1.100000000000000000e+01,8.389045454589925122e-01
4.166750000000000000e+03,1.200000000000000000e+01,8.673095180152929906e-01
4.166750000000000000e+03,1.300000000000000000e+01,8.954379517985424641e-01
4.166750000000000000e+03,1.400000000000000000e+01,9.232742620094867014e-01
4.166750000000000000e+03,1.500000000000000000e+01,9.508042476112721353e-01
4.166750000000000000e+03,1.600000000000000000e+01,9.780151333231561495e-01
4.166750000000000000e+03,1.700000000000000000e+01,1.004895595170434142e+00
4.166750000000000000e+03,1.800000000000000000e+01,1.031435769035251582e+00
4.166750000000000000e+03,1.900000000000000000e+01,1.057627242235076537e+00
4.166750000000000000e+03,2.000000000000000000e+01,1.083463028742666978e+00
4.166750000000000000e+03,2.100000000000000000e+01,1.108937529204967909e+00
4.166750000000000000e+03,2.200000000000000000e+01,1.134046477378706896e+00
4.166750000000000000e+03,2.300000000000000000e+01,1.158786874949103485e+00
4.166750000000000000e+03,2.400000000000000000e+01,1.183156916919905655e+00
4.166750000000000000e+03,2.500000000000000000e+01,1.207155909856750142e+00
4.166750000000000000e+03,2.600000000000000000e+01,1.230784185242674411e+00
4.166750000000000000e+03,2.700000000000000000e+01,1.254043010083067955e+00
4.166750000000000000e+03,2.800000000000000000e+01,1.276934496700489419e+00
4.166750000000000000e+03,2.900000000000000000e+01,1.299461513413517011e+00
4.166750000000000000e+03,3.000000000000000000e+01,1.321627597520590669e+00
4.333250000000000000e+03,-3.000000000000000000e+01,-3.019532112056939610e-01
4.333250000000000000e+03,-2.900000000000000000e+01,-2.794261944926699215e-01
4.333250000000000000e+03,-2.800000000000000000e+01,-2.565347078752591159e-01
4.333250000000000000e+03,-2.700000000000000000e+01,-2.332758830348478085e-01
4.333250000000000000e+03,-2.600000000000000000e+01,-2.096476076489288687e-01
4.333250000000000000e+03,-2.500000000000000000e+01,-1.856486147120790520e-01
4.333250000000000000e+03,-2.400000000000000000e+01,-1.612785727412724412e-01
4.333250000000000000e+03,-2.300000000000000000e+01,-1.365381751708785174e-01
4.333250000000000000e+03,-2.200000000000000000e+01,-1.114292269971421945e-01
4.333250000000000000e+03,-2.100000000000000000e+01,-8.595472653483682279e-02
4.333250000000000000e+03,-2.000000000000000000e+01,-6.011894002724726960e-02
4.333250000000000000e+03,-1.900000000000000000e+01,-3.392746682742586728e-02
4.333250000000000000e+03,-1.800000000000000000e+01,-7.387292962606650804e-03
4.333250000000000000e+03,-1.700000000000000000e+01,1.949316888467489406e-02
4.333250000000000000e+03,-1.600000000000000000e+01,4.670405459655091462e-02
4.333250000000000000e+03,-1.500000000000000000e+01,7.423404019834078937e-02
4.333250000000000000e+03,-1.400000000000000000e+01,1.020703504092859148e-01
4.333250000000000000e+03,-1.300000000000000000e+01,1.301987841925336120e-01
4.333250000000000000e+03,-1.200000000000000000e+01,1.586037567488358668e-01
4.333250000000000000e+03,-1.100000000000000000e+01,1.872683568682529387e-01
4.333250000000000000e+03,-1.000000000000000000e+01,2.161744181188414160e-01
4.333250000000000000e+03,-9.000000000000000000e+00,2.453026020414232899e-01
4.333250000000000000e+03,-8.000000000000000000e+00,2.746324913513362720e-01
4.333250000000000000e+03,-7.000000000000000000e+00,3.041426911210881601e-01
4.333250000000000000e+03,-6.000000000000000000e+00,3.338109360177964335e-01
4.333250000000000000e+03,-5.000000000000000000e+00,3.636142018707954615e-01
4.333250000000000000e+03,-4.000000000000000000e+00,3.935288201163132937e-01
4.333250000000000000e+03,-3.000000000000000000e+00,4.235305939744421488e-01
4.333250000000000000e+03,-2.000000000000000000e+00,4.535949155269786703e-01
4.333250000000000000e+03,-1.000000000000000000e+00,4.836968831561565541e-01
4.333250000000000000e+03,0.000000000000000000e+00,5.138114190516690494e-01
4.333250000000000000e+03,1.000000000000000000e+00,5.439133866808473217e-01
4.333250000000000000e+03,2.000000000000000000e+00,5.739777082333846758e-01
4.333250000000000000e+03,3.000000000000000000e+00,6.039794820915138640e-01
4.333250000000000000e+03,4.000000000000000000e+00,6.338941003370316407e-01
4.333250000000000000e+03,5.000000000000000000e+00,6.636973661900295030e-01
4.333250000000000000e+03,6.000000000000000000e+00,6.933656110867387756e-01
4.333250000000000000e+03,7.000000000000000000e+00,7.228758108564918849e-01
4.333250000000000000e+03,8.000000000000000000e+00,7.522057001664040898e-01
4.333250000000000000e+03,9.000000000000000000e+00,7.813338840889858528e-01
4.333250000000000000e+03,1.000000000000000000e+01,8.102399453395727758e-01
4.333250000000000000e+03,1.100000000000000000e+01,8.389045454589925122e-01
4.333250000000000000e+03,1.200000000000000000e+01,8.673095180152929906e-01
4.333250000000000000e+03,1.300000000000000000e+01,8.954379517985424641e-01
4.333250000000000000e+03,1.400000000000000000e+01,9.232742620094867014e-01
4.333250000000000000e+03,1.500000000000000000e+01,9.508042476112721353e-01
4.333250000000000000e+03,1.600000000000000000e+01,9.780151333231561495e-01
4.333250000000000000e+03,1.700000000000000000e+01,1.004895595170434142e+00
4.333250000000000000e+03,1.800000000000000000e+01,1.031435769035251582e+00
4.333250000000000000e+03,1.900000000000000000e+01,1.057627242235076537e+00
4.333250000000000000e+03,2.000000000000000000e+01,1.083463028742666978e+00
4.333250000000000000e+03,2.100000000000000000e+01,1.108937529204967909e+00
4.333250000000000000e+03,2.200000000000000000e+01,1.134046477378706896e+00
4.333250000000000000e+03,2.300000000000000000e+01,1.158786874949103485e+00
4.333250000000000000e+03,2.400000000000000000e+01,1.183156916919905655e+00
4.333250000000000000e+03,2.500000000000000000e+01,1.207155909856750142e+00
4.333250000000000000e+03,2.600000000000000000e+01,1.230784185242674411e+00
4.333250000000000000e+03,2.700000000000000000e+01,1.254043010083067955e+00
4.333250000000000000e+03,2.800000000000000000e+01,1.276934496700489419e+00
4.333250000000000000e+03,2.900000000000000000e+01,1.299461513413517011e+00
4.333250000000000000e+03,3.000000000000000000e+01,1.321627597520590669e+00
4.500000000000000000e+03,-3.000000000000000000e+01,-3.019532112056939610e-01
4.500000000000000000e+03,-2.900000000000000000e+01,-2.794261944926699215e-01
4.500000000000000000e+03,-2.800000000000000000e+01,-2.565347078752591159e-01
4.500000000000000000e+03,-2.700000000000000000e+01,-2.332758830348478085e-01
4.500000000000000000e+03,-2.600000000000000000e+01,-2.096476076489288687e-01
4.500000000000000000e+03,-2.500000000000000000e+01,-1.856486147120790520e-01
4.500000000000000000e+03,-2.400000000000000000e+01,-1.612785727412724412e-01
4.500000000000000000e+03,-2.300000000000000000e+01,-1.365381751708785174e-01
4.500000000000000000e+03,-2.200000000000000000e+01,-1.114292269971421945e-01
4.500000000000000000e+03,-2.100000000000000000e+01,-8.595472653483682279e-02
4.500000000000000000e+03,-2.000000000000000000e+01,-6.011894002724726960e-02
4.500000000000000000e+03,-1.900000000000000000e+01,-3.392746682742586728e-02
4.500000000000000000e+03,-1.800000000000000000e+01,-7.387292962606650804e-03
4.500000000000000000e+03,-1.700000000000000000e+01,1.949316888467489406e-02
4.500000000000000000e+03,-1.600000000000000000e+01,4.670405459655091462e-02
4.500000000000000000e+03,-1.500000000000000000e+01,7.423404019834078937e-02
4.500000000000000000e+03,-1.400000000000000000e+01,1.020703504092859148e-01
4.500000000000000000e+03,-1.300000000000000000e+01,1.301987841925336120e-01
4.500000000000000000e+03,-1.200000000000000000e+01,1.586037567488358668e-01
4.500000000000000000e+03,-1.100000000000000000e+01,1.872683568682529387e-01
4.500000000000000000e+03,-1.000000000000000000e+01,2.161744181188414160e-01
4.500000000000000000e+03,-9.000000000000000000e+00,2.453026020414232899e-01
4.500000000000000000e+03,-8.000000000000000000e+00,2.746324913513362720e-01
4.500000000000000000e+03,-7.000000000000000000e+00,3.041426911210881601e-01
4.500000000000000000e+03,-6.000000000000000000e+00,3.338109360177964335e-01
4.500000000000000000e+03,-5.000000000000000000e+00,3.636142018707953505e-01
4.500000000000000000e+03,-4.000000000000000000e+00,3.935288201163132937e-01
4.500000000000000000e+03,-3.000000000000000000e+00,4.235305939744421488e-01
4.500000000000000000e+03,-2.000000000000000000e+00,4.535949155269786703e-01
4.500000000000000000e+03,-1.000000000000000000e+00,4.836968831561565541e-01
4.500000000000000000e+03,0.000000000000000000e+00,5.138114190516690494e-01
4.500000000000000000e+03,1.000000000000000000e+00,5.439133866808473217e-01
4.500000000000000000e+03,2.000000000000000000e+00,5.739777082333846758e-01
4.500000000000000000e+03,3.000000000000000000e+00,6.039794820915138640e-01
4.500000000000000000e+03,4.000000000000000000e+00,6.338941003370316407e-01
4.500000000000000000e+03,5.000000000000000000e+00,6.636973661900297250e-01
4.500000000000000000e+03,6.000000000000000000e+00,6.933656110867386646e-01
4.500000000000000000e+03,7.000000000000000000e+00,7.228758108564918849e-01
4.500000000000000000e+03,8.000000000000000000e+00,7.522057001664040898e-01
4.500000000000000000e+03,9.000000000000000000e+00,7.813338840889858528e-01
4.500000000000000000e+03,1.000000000000000000e+01,8.102399453395727758e-01
4.500000000000000000e+03,1.100000000000000000e+01,8.389045454589925122e-01
4.500000000000000000e+03,1.200000000000000000e+01,8.673095180152929906e-01
4.500000000000000000e+03,1.300000000000000000e+01,8.954379517985424641e-01
4.500000000000000000e+03,1.400000000000000000e+01,9.232742620094867014e-01
4.500000000000000000e+03,1.500000000000000000e+01,9.508042476112721353e-01
4.500000000000000000e+03,1.600000000000000000e+01,9.780151333231561495e-01
4.500000000000000000e+03,1.700000000000000000e+01,1.004895595170434142e+00
4.500000000000000000e+03,1.800000000000000000e+01,1.031435769035251582e+00
4.500000000000000000e+03,1.900000000000000000e+01,1.057627242235076537e+00
4.500000000000000000e+03,2.000000000000000000e+01,1.083463028742666978e+00
4.500000000000000000e+03,2.100000000000000000e+01,1.108937529204967909e+00
4.500000000000000000e+03,2.200000000000000000e+01,1.134046477378706896e+00
4.500000000000000000e+03,2.300000000000000000e+01,1.158786874949103485e+00
4.500000000000000000e+03,2.400000000000000000e+01,1.183156916919905655e+00
4.500000000000000000e+03,2.500000000000000000e+01,1.207155909856750142e+00
4.500000000000000000e+03,2.600000000000000000e+01,1.230784185242674411e+00
4.500000000000000000e+03,2.700000000000000000e+01,1.254043010083067955e+00
4.500000000000000000e+03,2.800000000000000000e+01,1.276934496700489419e+00
4.500000000000000000e+03,2.900000000000000000e+01,1.299461513413517011e+00
4.500000000000000000e+03,3.000000000000000000e+01,1.321627597520590669e+00
4.666750000000000000e+03,-3.000000000000000000e+01,-3.019532112056939610e-01
4.666750000000000000e+03,-2.900000000000000000e+01,-2.794261944926699215e-01
4.666750000000000000e+03,-2.800000000000000000e+01,-2.565347078752591159e-01
4.666750000000000000e+03,-2.700000000000000000e+01,-2.332758830348478085e-01
4.666750000000000000e+03,-2.600000000000000000e+01,-2.096476076489288687e-01
4.666750000000000000e+03,-2.500000000000000000e+01,-1.856486147120790520e-01
4.666750000000000000e+03,-2.400000000000000000e+01,-1.612785727412724412e-01
4.666750000000000000e+03,-2.300000000000000000e+01,-1.365381751708785174e-01
4.666750000000000000e+03,-2.200000000000000000e+01,-1.114292269971421945e-01
4.666750000000000000e+03,-2.100000000000000000e+01,-8.595472653483682279e-02
4.666750000000000000e+03,-2.000000000000000000e+01,-6.011894002724726960e-02
4.666750000000000000e+03,-1.900000000000000000e+01,-3.392746682742586728e-02
4.666750000000000000e+03,-1.800000000000000000e+01,-7.387292962606650804e-03
4.666750000000000000e+03,-1.700000000000000000e+01,1.949316888467489406e-02
4.666750000000000000e+03,-1.600000000000000000e+01,4.670405459655091462e-02
4.666750000000000000e+03,-1.500000000000000000e+01,7.423404019834078937e-02
4.666750000000000000e+03,-1.400000000000000000e+01,1.020703504092859148e-01
4.666750000000000000e+03,-1.300000000000000000e+01,1.301987841925336120e-01
4.666750000000000000e+03,-1.200000000000000000e+01,1.586037567488358668e-01
4.666750000000000000e+03,-1.100000000000000000e+01,1.872683568682529387e-01
4.666750000000000000e+03,-1.000000000000000000e+01,2.161744181188414160e-01
4.666750000000000000e+03,-9.000000000000000000e+00,2.453026020414232899e-01
4.666750000000000000e+03,-8.000000000000000000e+00,2.746324913513362720e-01
4.666750000000000000e+03,-7.000000000000000000e+00,3.041426911210881601e-01
4.666750000000000000e+03,-6.000000000000000000e+00,3.338109360177964335e-01
4.666750000000000000e+03,-5.000000000000000000e+00,3.636142018707954615e-01
4.666750000000000000e+03,-4.000000000000000000e+00,3.935288201163132937e-01
4.666750000000000000e+03,-3.000000000000000000e+00,4.235305939744421488e-01
4.666750000000000000e+03,-2.000000000000000000e+00,4.535949155269786703e-01
4.666750000000000000e+03,-1.000000000000000000e+00,4.836968831561565541e-01
4.666750000000000000e+03,0.000000000000000000e+00,5.138114190516690494e-01
4.666750000000000000e+03,1.000000000000000000e+00,5.439133866808473217e-01
4.666750000000000000e+03,2.000000000000000000e+00,5.739777082333846758e-01
4.666750000000000000e+03,3.000000000000000000e+00,6.039794820915138640e-01
4.666750000000000000e+03,4.000000000000000000e+00,6.338941003370316407e-01
4.666750000000000000e+03,5.000000000000000000e+00,6.636973661900295030e-01
4.666750000000000000e+03,6.000000000000000000e+00,6.933656110867387756e-01
4.666750000000000000e+03,7.000000000000000000e+00,7.228758108564918849e-01
4.666750000000000000e+03,8.000000000000000000e+00,7.522057001664040898e-01
4.666750000000000000e+03,9.000000000000000000e+00,7.813338840889858528e-01
4.666750000000000000e+03,1.000000000000000000e+01,8.102399453395727758e-01
4.666750000000000000e+03,1.100000000000000000e+01,8.389045454589925122e-01
4.666750000000000000e+03,1.200000000000000000e+01,8.673095180152929906e-01
4.666750000000000000e+03,1.300000000000000000e+01,8.954379517985424641e-01
4.666750000000000000e+03,1.400000000000000000e+01,9.232742620094867014e-01
4.666750000000000000e+03,1.500000000000000000e+01,9.508042476112721353e-01
4.666750000000000000e+03,1.600000000000000000e+01,9.780151333231561495e-01
4.666750000000000000e+03,1.700000000000000000e+01,1.004895595170434142e+00
4.666750000000000000e+03,1.800000000000000000e+01,1.031435769035251582e+00
4.666750000000000000e+03,1.900000000000000000e+01,1.057627242235076537e+00
4.666750000000000000e+03,2.000000000000000000e+01,1.083463028742666978e+00
4.666750000000000000e+03,2.100000000000000000e+01,1.108937529204967909e+00
4.666750000000000000e+03,2.200000000000000000e+01,1.134046477378706896e+00
4.666750000000000000e+03,2.300000000000000000e+01,1.158786874949103485e+00
4.666750000000000000e+03,2.400000000000000000e+01,1.183156916919905655e+00
4.666750000000000000e+03,2.500000000000000000e+01,1.207155909856750142e+00
4.666750000000000000e+03,2.600000000000000000e+01,1.230784185242674411e+00
4.666750000000000000e+03,2.700000000000000000e+01,1.254043010083067955e+00
4.666750000000000000e+03,2.800000000000000000e+01,1.276934496700489419e+00
4.666750000000000000e+03,2.900000000000000000e+01,1.299461513413517011e+00
4.666750000000000000e+03,3.000000000000000000e+01,1.321627597520590669e+00
4.833250000000000000e+03,-3.000000000000000000e+01,-3.019532112056939610e-01
4.833250000000000000e+03,-2.900000000000000000e+01,-2.794261944926699215e-01
4.833250000000000000e+03,-2.800000000000000000e+01,-2.565347078752591159e-01
4.833250000000000000e+03,-2.700000000000000000e+01,-2.332758830348478085e-01
4.833250000000000000e+03,-2.600000000000000000e+01,-2.096476076489288687e-01
4.833250000000000000e+03,-2.500000000000000000e+01,-1.856486147120790520e-01
4.833250000000000000e+03,-2.400000000000000000e+01,-1.612785727412724412e-01
4.833250000000000000e+03,-2.300000000000000000e+01,-1.365381751708785174e-01
4.833250000000000000e+03,-2.200000000000000000e+01,-1.114292269971421945e-01
4.833250000000000000e+03,-2.100000000000000000e+01,-8.595472653483682279e-02
4.833250000000000000e+03,-2.000000000000000000e+01,-6.011894002724726960e-02
4.833250000000000000e+03,-1.900000000000000000e+01,-3.392746682742586728e-02
4.833250000000000000e+03,-1.800000000000000000e+01,-7.387292962606650804e-03
4.833250000000000000e+03,-1.700000000000000000e+01,1.949316888467489406e-02
4.833250000000000000e+03,-1.600000000000000000e+01,4.670405459655091462e-02
4.833250000000000000e+03,-1.500000000000000000e+01,7.423404019834078937e-02
4.833250000000000000e+03,-1.400000000000000000e+01,1.020703504092859148e-01
4.833250000000000000e+03,-1.300000000000000000e+01,1.301987841925336120e-01
4.833250000000000000e+03,-1.200000000000000000e+01,1.586037567488358668e-01
4.833250000000000000e+03,-1.100000000000000000e+01,1.872683568682529387e-01
4.833250000000000000e+03,-1.000000000000000000e+01,2.161744181188414160e-01
4.833250000000000000e+03,-9.000000000000000000e+00,2.453026020414232899e-01
4.833250000000000000e+03,-8.000000000000000000e+00,2.746324913513362720e-01
4.833250000000000000e+03,-7.000000000000000000e+00,3.041426911210881601e-01
4.833250000000000000e+03,-6.000000000000000000e+00,3.338109360177964335e-01
4.833250000000000000e+03,-5.000000000000000000e+00,3.636142018707954615e-01
4.833250000000000000e+03,-4.000000000000000000e+00,3.935288201163132937e-01
4.833250000000000000e+03,-3.000000000000000000e+00,4.235305939744421488e-01
4.833250000000000000e+03,-2.000000000000000000e+00,4.535949155269786703e-01
4.833250000000000000e+03,-1.000000000000000000e+00,4.836968831561565541e-01
4.833250000000000000e+03,0.000000000000000000e+00,5.138114190516690494e-01
4.833250000000000000e+03,1.000000000000000000e+00,5.439133866808473217e-01
4.833250000000000000e+03,2.000000000000000000e+00,5.739777082333846758e-01
4.833250000000000000e+03,3.000000000000000000e+00,6.039794820915138640e-01
4.833250000000000000e+03,4.000000000000000000e+00,6.338941003370316407e-01
4.833250000000000000e+03,5.000000000000000000e+00,6.636973661900295030e-01
4.833250000000000000e+03,6.000000000000000000e+00,6.933656110867387756e-01
4.833250000000000000e+03,7.000000000000000000e+00,7.228758108564918849e-01
4.833250000000000000e+03,8.000000000000000000e+00,7.522057001664040898e-01
4.833250000000000000e+03,9.000000000000000000e+00,7.813338840889858528e-01
4.833250000000000000e+03,1.000000000000000000e+01,8.102399453395727758e-01
4.833250000000000000e+03,1.100000000000000000e+01,8.389045454589925122e-01
4.833250000000000000e+03,1.200000000000000000e+01,8.673095180152929906e-01
4.833250000000000000e+03,1.300000000000000000e+01,8.954379517985424641e-01
4.833250000000000000e+03,1.400000000000000000e+01,9.232742620094867014e-01
4.833250000000000000e+03,1.500000000000000000e+01,9.508042476112721353e-01
4.833250000000000000e+03,1.600000000000000000e+01,9.780151333231561495e-01
4.833250000000000000e+03,1.700000000000000000e+01,1.004895595170434142e+00
4.833250000000000000e+03,1.800000000000000000e+01,1.031435769035251582e+00
4.833250000000000000e+03,1.900000000000000000e+01,1.057627242235076537e+00
4.833250000000000000e+03,2.000000000000000000e+01,1.083463028742666978e+00
4.833250000000000000e+03,2.100000000000000000e+01,1.108937529204967909e+00
4.833250000000000000e+03,2.200000000000000000e+01,1.134046477378706896e+00
4.833250000000000000e+03,2.300000000000000000e+01,1.158786874949103485e+00
4.833250000000000000e+03,2.400000000000000000e+01,1.183156916919905655e+00
4.833250000000000000e+03,2.500000000000000000e+01,1.207155909856750142e+00
4.833250000000000000e+03,2.600000000000000000e+01,1.230784185242674411e+00
4.833250000000000000e+03,2.700000000000000000e+01,1.254043010083067955e+00
4.833250000000000000e+03,2.800000000000000000e+01,1.276934496700489419e+00
4.833250000000000000e+03,2.900000000000000000e+01,1.299461513413517011e+00
4.833250000000000000e+03,3.000000000000000000e+01,1.321627597520590669e+00
5.000000000000000000e+03,-3.000000000000000000e+01,-3.019532112056939610e-01
5.000000000000000000e+03,-2.900000000000000000e+01,-2.794261944926699215e-01
5.000000000000000000e+03,-2.800000000000000000e+01,-2.565347078752591159e-01
5.000000000000000000e+03,-2.700000000000000000e+01,-2.332758830348478085e-01
5.000000000000000000e+03,-2.600000000000000000e+01,-2.096476076489288687e-01
5.000000000000000000e+03,-2.500000000000000000e+01,-1.856486147120790520e-01
5.000000000000000000e+03,-2.400000000000000000e+01,-1.612785727412724412e-01
5.000000000000000000e+03,-2.300000000000000000e+01,-1.365381751708785174e-01
5.000000000000000000e+03,-2.200000000000000000e+01,-1.114292269971421945e-01
5.000000000000000000e+03,-2.100000000000000000e+01,-8.595472653483682279e-02
5.000000000000000000e+03,-2.000000000000000000e+01,-6.011894002724726960e-02
5.000000000000000000e+03,-1.900000000000000000e+01,-3.392746682742586728e-02
5.000000000000000000e+03,-1.800000000000000000e+01,-7.387292962606650804e-03
5.000000000000000000e+03,-1.700000000000000000e+01,1.949316888467489406e-02
5.000000000000000000e+03,-1.600000000000000000e+01,4.670405459655091462e-02
5.000000000000000000e+03,-1.500000000000000000e+01,7.423404019834078937e-02
5.000000000000000000e+03,-1.400000000000000000e+01,1.020703504092859148e-01
5.000000000000000000e+03,-1.300000000000000000e+01,1.301987841925336120e-01
5.000000000000000000e+03,-1.200000000000000000e+01,1.586037567488358668e-01
5.000000000000000000e+03,-1.100000000000000000e+01,1.872683568682529387e-01
5.000000000000000000e+03,-1.000000000000000000e+01,2.161744181188414160e-01
5.000000000000000000e+03,-9.000000000000000000e+00,2.453026020414232899e-01
5.000000000000000000e+03,-8.000000000000000000e+00,2.746324913513362720e-01
5.000000000000000000e+03,-7.000000000000000000e+00,3.041426911210881601e-01
5.000000000000000000e+03,-6.000000000000000000e+00,3.338109360177964335e-01
5.000000000000000000e+03,-5.000000000000000000e+00,3.636142018707953505e-01
5.000000000000000000e+03,-4.000000000000000000e+00,3.935288201163132937e-01
5.000000000000000000e+03,-3.000000000000000000e+00,4.235305939744421488e-01
5.000000000000000000e+03,-2.000000000000000000e+00,4.535949155269786703e-01
5.000000000000000000e+03,-1.000000000000000000e+00,4.836968831561565541e-01
5.000000000000000000e+03,0.000000000000000000e+00,5.138114190516690494e-01
5.000000000000000000e+03,1.000000000000000000e+00,5.439133866808473217e-01
5.000000000000000000e+03,2.000000000000000000e+00,5.739777082333846758e-01
5.000000000000000000e+03,3.000000000000000000e+00,6.039794820915138640e-01
5.000000000000000000e+03,4.000000000000000000e+00,6.338941003370316407e-01
5.000000000000000000e+03,5.000000000000000000e+00,6.636973661900297250e-01
5.000000000000000000e+03,6.000000000000000000e+00,6.933656110867386646e-01
5.000000000000000000e+03,7.000000000000000000e+00,7.228758108564918849e-01
5.000000000000000000e+03,8.000000000000000000e+00,7.522057001664040898e-01
5.000000000000000000e+03,9.000000000000000000e+00,7.813338840889858528e-01
5.000000000000000000e+03,1.000000000000000000e+01,8.102399453395727758e-01
5.000000000000000000e+03,1.100000000000000000e+01,8.389045454589925122e-01
5.000000000000000000e+03,1.200000000000000000e+01,8.673095180152929906e-01
5.000000000000000000e+03,1.300000000000000000e+01,8.954379517985424641e-01
5.000000000000000000e+03,1.400000000000000000e+01,9.232742620094867014e-01
5.000000000000000000e+03,1.500000000000000000e+01,9.508042476112721353e-01
5.000000000000000000e+03,1.600000000000000000e+01,9.780151333231561495e-01
5.000000000000000000e+03,1.700000000000000000e+01,1.004895595170434142e+00
5.000000000000000000e+03,1.800000000000000000e+01,1.031435769035251582e+00
5.000000000000000000e+03,1.900000000000000000e+01,1.057627242235076537e+00
5.000000000000000000e+03,2.000000000000000000e+01,1.083463028742666978e+00
5.000000000000000000e+03,2.100000000000000000e+01,1.108937529204967909e+00
5.000000000000000000e+03,2.200000000000000000e+01,1.134046477378706896e+00
5.000000000000000000e+03,2.300000000000000000e+01,1.158786874949103485e+00
5.000000000000000000e+03,2.400000000000000000e+01,1.183156916919905655e+00
5.000000000000000000e+03,2.500000000000000000e+01,1.207155909856750142e+00
5.000000000000000000e+03,2.600000000000000000e+01,1.230784185242674411e+00
5.000000000000000000e+03,2.700000000000000000e+01,1.254043010083067955e+00
5.000000000000000000e+03,2.800000000000000000e+01,1.276934496700489419e+00
5.000000000000000000e+03,2.900000000000000000e+01,1.299461513413517011e+00
5.000000000000000000e+03,3.000000000000000000e+01,1.321627597520590669e+00
5.166750000000000000e+03,-3.000000000000000000e+01,-3.019532112056939610e-01
5.166750000000000000e+03,-2.900000000000000000e+01,-2.794261944926699215e-01
5.166750000000000000e+03,-2.800000000000000000e+01,-2.565347078752591159e-01
5.166750000000000000e+03,-2.700000000000000000e+01,-2.332758830348478085e-01
5.166750000000000000e+03,-2.600000000000000000e+01,-2.096476076489288687e-01
5.166750000000000000e+03,-2.500000000000000000e+01,-1.856486147120790520e-01
5.166750000000000000e+03,-2.400000000000000000e+01,-1.612785727412724412e-01
5.166750000000000000e+03,-2.300000000000000000e+01,-1.365381751708785174e-01
5.166750000000000000e+03,-2.200000000000000000e+01,-1.114292269971421945e-01
5.166750000000000000e+03,-2.100000000000000000e+01,-8.595472653483682279e-02
5.166750000000000000e+03,-2.000000000000000000e+01,-6.011894002724726960e-02
5.166750000000000000e+03,-1.900000000000000000e+01,-3.392746682742586728e-02
5.166750000000000000e+03,-1.800000000000000000e+01,-7.387292962606650804e-03
5.166750000000000000e+03,-1.700000000000000000e+01,1.949316888467489406e-02
5.166750000000000000e+03,-1.600000000000000000e+01,4.670405459655091462e-02
5.166750000000000000e+03,-1.500000000000000000e+01,7.423404019834078937e-02
5.166750000000000000e+03,-1.400000000000000000e+01,1.020703504092859148e-01
5.166750000000000000e+03,-1.300000000000000000e+01,1.301987841925336120e-01
5.166750000000000000e+03,-1.200000000000000000e+01,1.586037567488358668e-01
5.166750000000000000e+03,-1.100000000000000000e+01,1.872683568682529387e-01
5.166750000000000000e+03,-1.000000000000000000e+01,2.161744181188414160e-01
5.166750000000000000e+03,-9.000000000000000000e+00,2.453026020414232899e-01
5.166750000000000000e+03,-8.000000000000000000e+00,2.746324913513362720e-01
5.166750000000000000e+03,-7.000000000000000000e+00,3.041426911210881601e-01
5.166750000000000000e+03,-6.000000000000000000e+00,3.338109360177964335e-01
5.166750000000000000e+03,-5.000000000000000000e+00,3.636142018707954615e-01
5.166750000000000000e+03,-4.000000000000000000e+00,3.935288201163132937e-01
5.166750000000000000e+03,-3.000000000000000000e+00,4.235305939744421488e-01
5.166750000000000000e+03,-2.000000000000000000e+00,4.535949155269786703e-01
5.166750000000000000e+03,-1.000000000000000000e+00,4.836968831561565541e-01
5.166750000000000000e+03,0.000000000000000000e+00,5.138114190516690494e-01
5.166750000000000000e+03,1.000000000000000000e+00,5.439133866808473217e-01
5.166750000000000000e+03,2.000000000000000000e+00,5.739777082333846758e-01
5.166750000000000000e+03,3.000000000000000000e+00,6.039794820915138640e-01
5.166750000000000000e+03,4.000000000000000000e+00,6.338941003370316407e-01
5.166750000000000000e+03,5.000000000000000000e+00,6.636973661900295030e-01
5.166750000000000000e+03,6.000000000000000000e+00,6.933656110867387756e-01
5.166750000000000000e+03,7.000000000000000000e+00,7.228758108564918849e-01
5.166750000000000000e+03,8.000000000000000000e+00,7.522057001664040898e-01
5.166750000000000000e+03,9.000000000000000000e+00,7.813338840889858528e-01
5.166750000000000000e+03,1.000000000000000000e+01,8.102399453395727758e-01
5.166750000000000000e+03,1.100000000000000000e+01,8.389045454589925122e-01
5.166750000000000000e+03,1.200000000000000000e+01,8.673095180152929906e-01
5.166750000000000000e+03,1.300000000000000000e+01,8.954379517985424641e-01
5.166750000000000000e+03,1.400000000000000000e+01,9.232742620094867014e-01
5.166750000000000000e+03,1.500000000000000000e+01,9.508042476112721353e-01
5.166750000000000000e+03,1.600000000000000000e+01,9.780151333231561495e-01
5.166750000000000000e+03,1.700000000000000000e+01,1.004895595170434142e+00
5.166750000000000000e+03,1.800000000000000000e+01,1.031435769035251582e+00
5.166750000000000000e+03,1.900000000000000000e+01,1.057627242235076537e+00
5.166750000000000000e+03,2.000000000000000000e+01,1.083463028742666978e+00
5.166750000000000000e+03,2.100000000000000000e+01,1.108937529204967909e+00
5.166750000000000000e+03,2.200000000000000000e+01,1.134046477378706896e+00
5.166750000000000000e+03,2.300000000000000000e+01,1.158786874949103485e+00
5.166750000000000000e+03,2.400000000000000000e+01,1.183156916919905655e+00
5.166750000000000000e+03,2.500000000000000000e+01,1.207155909856750142e+00
5.166750000000000000e+03,2.600000000000000000e+01,1.230784185242674411e+00
5.166750000000000000e+03,2.700000000000000000e+01,1.254043010083067955e+00
5.166750000000000000e+03,2.800000000000000000e+01,1.276934496700489419e+00
5.166750000000000000e+03,2.900000000000000000e+01,1.299461513413517011e+00
5.166750000000000000e+03,3.000000000000000000e+01,1.321627597520590669e+00
5.333250000000000000e+03,-3.000000000000000000e+01,-3.019532112056939610e-01
5.333250000000000000e+03,-2.900000000000000000e+01,-2.794261944926699215e-01
5.333250000000000000e+03,-2.800000000000000000e+01,-2.565347078752591159e-01
5.333250000000000000e+03,-2.700000000000000000e+01,-2.332758830348478085e-01
5.333250000000000000e+03,-2.600000000000000000e+01,-2.096476076489288687e-01
5.333250000000000000e+03,-2.500000000000000000e+01,-1.856486147120790520e-01
5.333250000000000000e+03,-2.400000000000000000e+01,-1.612785727412724412e-01
5.333250000000000000e+03,-2.300000000000000000e+01,-1.365381751708785174e-01
5.333250000000000000e+03,-2.200000000000000000e+01,-1.114292269971421945e-01
5.333250000000000000e+03,-2.100000000000000000e+01,-8.595472653483682279e-02
5.333250000000000000e+03,-2.000000000000000000e+01,-6.011894002724726960e-02
5.333250000000000000e+03,-1.900000000000000000e+01,-3.392746682742586728e-02
5.333250000000000000e+03,-1.800000000000000000e+01,-7.387292962606650804e-03
5.333250000000000000e+03,-1.700000000000000000e+01,1.949316888467489406e-02
5.333250000000000000e+03,-1.600000000000000000e+01,4.670405459655091462e-02
5.333250000000000000e+03,-1.500000000000000000e+01,7.423404019834078937e-02
5.333250000000000000e+03,-1.400000000000000000e+01,1.020703504092859148e-01
5.333250000000000000e+03,-1.300000000000000000e+01,1.301987841925336120e-01
5.333250000000000000e+03,-1.200000000000000000e+01,1.586037567488358668e-01
5.333250000000000000e+03,-1.100000000000000000e+01,1.872683568682529387e-01
5.333250000000000000e+03,-1.000000000000000000e+01,2.161744181188414160e-01
5.333250000000000000e+03,-9.000000000000000000e+00,2.453026020414232899e-01
5.333250000000000000e+03,-8.000000000000000000e+00,2.746324913513362720e-01
5.333250000000000000e+03,-7.000000000000000000e+00,3.041426911210881601e-01
5.333250000000000000e+03,-6.000000000000000000e+00,3.338109360177964335e-01
5.333250000000000000e+03,-5.000000000000000000e+00,3.636142018707954615e-01
5.333250000000000000e+03,-4.000000000000000000e+00,3.935288201163132937e-01
5.333250000000000000e+03,-3.000000000000000000e+00,4.235305939744421488e-01
5.333250000000000000e+03,-2.000000000000000000e+00,4.535949155269786703e-01
5.333250000000000000e+03,-1.000000000000000000e+00,4.836968831561565541e-01
5.333250000000000000e+03,0.000000000000000000e+00,5.138114190516690494e-01
5.333250000000000000e+03,1.000000000000000000e+00,5.439133866808473217e-01
5.333250000000000000e+03,2.000000000000000000e+00,5.739777082333846758e-01
5.333250000000000000e+03,3.000000000000000000e+00,6.039794820915138640e-01
5.333250000000000000e+03,4.000000000000000000e+00,6.338941003370316407e-01
5.333250000000000000e+03,5.000000000000000000e+00,6.636973661900295030e-01
5.333250000000000000e+03,6.000000000000000000e+00,6.933656110867387756e-01
5.333250000000000000e+03,7.000000000000000000e+00,7.228758108564918849e-01
5.333250000000000000e+03,8.000000000000000000e+00,7.522057001664040898e-01
5.333250000000000000e+03,9.000000000000000000e+00,7.813338840889858528e-01
5.333250000000000000e+03,1.000000000000000000e+01,8.102399453395727758e-01
5.333250000000000000e+03,1.100000000000000000e+01,8.389045454589925122e-01
5.333250000000000000e+03,1.200000000000000000e+01,8.673095180152929906e-01
5.333250000000000000e+03,1.300000000000000000e+01,8.954379517985424641e-01
5.333250000000000000e+03,1.400000000000000000e+01,9.232742620094867014e-01
5.333250000000000000e+03,1.500000000000000000e+01,9.508042476112721353e-01
5.333250000000000000e+03,1.600000000000000000e+01,9.780151333231561495e-01
5.333250000000000000e+03,1.700000000000000000e+01,1.004895595170434142e+00
5.333250000000000000e+03,1.800000000000000000e+01,1.031435769035251582e+00
5.333250000000000000e+03,1.900000000000000000e+01,1.057627242235076537e+00
5.333250000000000000e+03,2.000000000000000000e+01,1.083463028742666978e+00
5.333250000000000000e+03,2.100000000000000000e+01,1.108937529204967909e+00
5.333250000000000000e+03,2.200000000000000000e+01,1.134046477378706896e+00
5.333250000000000000e+03,2.300000000000000000e+01,1.158786874949103485e+00
5.333250000000000000e+03,2.400000000000000000e+01,1.183156916919905655e+00
5.333250000000000000e+03,2.500000000000000000e+01,1.207155909856750142e+00
5.333250000000000000e+03,2.600000000000000000e+01,1.230784185242674411e+00
5.333250000000000000e+03,2.700000000000000000e+01,1.254043010083067955e+00
5.333250000000000000e+03,2.800000000000000000e+01,1.276934496700489419e+00
5.333250000000000000e+03,2.900000000000000000e+01,1.299461513413517011e+00
5.333250000000000000e+03,3.000000000000000000e+01,1.321627597520590669e+00
5.500000000000000000e+03,-3.000000000000000000e+01,-3.019532112056939610e-01
5.500000000000000000e+03,-2.900000000000000000e+01,-2.794261944926699215e-01
5.500000000000000000e+03,-2.800000000000000000e+01,-2.565347078752591159e-01
5.500000000000000000e+03,-2.700000000000000000e+01,-2.332758830348478085e-01
5.500000000000000000e+03,-2.600000000000000000e+01,-2.096476076489288687e-01
5.500000000000000000e+03,-2.500000000000000000e+01,-1.856486147120790520e-01
5.500000000000000000e+03,-2.400000000000000000e+01,-1.612785727412724412e-01
5.500000000000000000e+03,-2.300000000000000000e+01,-1.365381751708785174e-01
5.500000000000000000e+03,-2.200000000000000000e+01,-1.114292269971421945e-01
5.500000000000000000e+03,-2.100000000000000000e+01,-8.595472653483682279e-02
5.500000000000000000e+03,-2.000000000000000000e+01,-6.011894002724726960e-02
5.500000000000000000e+03,-1.900000000000000000e+01,-3.392746682742586728e-02
5.500000000000000000e+03,-1.800000000000000000e+01,-7.387292962606650804e-03
5.500000000000000000e+03,-1.700000000000000000e+01,1.949316888467489406e-02
5.500000000000000000e+03,-1.600000000000000000e+01,4.670405459655091462e-02
5.500000000000000000e+03,-1.500000000000000000e+01,7.423404019834078937e-02
5.500000000000000000e+03,-1.400000000000000000e+01,1.020703504092859148e-01
5.500000000000000000e+03,-1.300000000000000000e+01,1.301987841925336120e-01
5.500000000000000000e+03,-1.200000000000000000e+01,1.586037567488358668e-01
5.500000000000000000e+03,-1.100000000000000000e+01,1.872683568682529387e-01
5.500000000000000000e+03,-1.000000000000000000e+01,2.161744181188414160e-01
5.500000000000000000e+03,-9.000000000000000000e+00,2.453026020414232899e-01
5.500000000000000000e+03,-8.000000000000000000e+00,2.746324913513362720e-01
5.500000000000000000e+03,-7.000000000000000000e+00,3.041426911210881601e-01
5.500000000000000000e+03,-6.000000000000000000e+00,3.338109360177964335e-01
5.500000000000000000e+03,-5.000000000000000000e+00,3.636142018707953505e-01
5.500000000000000000e+03,-4.000000000000000000e+00,3.935288201163132937e-01
5.500000000000000000e+03,-3.000000000000000000e+00,4.235305939744421488e-01
5.500000000000000000e+03,-2.000000000000000000e+00,4.535949155269786703e-01
5.500000000000000000e+03,-1.000000000000000000e+00,4.836968831561565541e-01
5.500000000000000000e+03,0.000000000000000000e+00,5.138114190516690494e-01
5.500000000000000000e+03,1.000000000000000000e+00,5.439133866808473217e-01
5.500000000000000000e+03,2.000000000000000000e+00,5.739777082333846758e-01
5.500000000000000000e+03,3.000000000000000000e+00,6.039794820915138640e-01
5.500000000000000000e+03,4.000000000000000000e+00,6.338941003370316407e-01
5.500000000000000000e+03,5.000000000000000000e+00,6.636973661900297250e-01
5.500000000000000000e+03,6.000000000000000000e+00,6.933656110867386646e-01
5.500000000000000000e+03,7.000000000000000000e+00,7.228758108564918849e-01
5.500000000000000000e+03,8.000000000000000000e+00,7.522057001664040898e-01
5.500000000000000000e+03,9.000000000000000000e+00,7.813338840889858528e-01
5.500000000000000000e+03,1.000000000000000000e+01,8.102399453395727758e-01
5.500000000000000000e+03,1.100000000000000000e+01,8.389045454589925122e-01
5.500000000000000000e+03,1.200000000000000000e+01,8.673095180152929906e-01
5.500000000000000000e+03,1.300000000000000000e+01,8.954379517985424641e-01
5.500000000000000000e+03,1.400000000000000000e+01,9.232742620094867014e-01
5.500000000000000000e+03,1.500000000000000000e+01,9.508042476112721353e-01
5.500000000000000000e+03,1.600000000000000000e+01,9.780151333231561495e-01
5.500000000000000000e+03,1.700000000000000000e+01,1.004895595170434142e+00
5.500000000000000000e+03,1.800000000000000000e+01,1.031435769035251582e+00
5.500000000000000000e+03,1.900000000000000000e+01,1.057627242235076537e+00
5.500000000000000000e+03,2.000000000000000000e+01,1.083463028742666978e+00
5.500000000000000000e+03,2.100000000000000000e+01,1.108937529204967909e+00
5.500000000000000000e+03,2.200000000000000000e+01,1.134046477378706896e+00
5.500000000000000000e+03,2.300000000000000000e+01,1.158786874949103485e+00
5.500000000000000000e+03,2.400000000000000000e+01,1.183156916919905655e+00
5.500000000000000000e+03,2.500000000000000000e+01,1.207155909856750142e+00
5.500000000000000000e+03,2.600000000000000000e+01,1.230784185242674411e+00
5.500000000000000000e+03,2.700000000000000000e+01,1.254043010083067955e+00
5.500000000000000000e+03,2.800000000000000000e+01,1.276934496700489419e+00
5.500000000000000000e+03,2.900000000000000000e+01,1.299461513413517011e+00
5.500000000000000000e+03,3.000000000000000000e+01,1.321627597520590669e+00
5.666750000000000000e+03,-3.000000000000000000e+01,-3.019532112056939610e-01
5.666750000000000000e+03,-2.900000000000000000e+01,-2.794261944926699215e-01
5.666750000000000000e+03,-2.800000000000000000e+01,-2.565347078752591159e-01
5.666750000000000000e+03,-2.700000000000000000e+01,-2.332758830348478085e-01
5.666750000000000000e+03,-2.600000000000000000e+01,-2.096476076489288687e-01
5.666750000000000000e+03,-2.500000000000000000e+01,-1.856486147120790520e-01
5.666750000000000000e+03,-2.400000000000000000e+01,-1.612785727412724412e-01
5.666750000000000000e+03,-2.300000000000000000e+01,-1.365381751708785174e-01
5.666750000000000000e+03,-2.200000000000000000e+01,-1.114292269971421945e-01
5.666750000000000000e+03,-2.100000000000000000e+01,-8.595472653483682279e-02
5.666750000000000000e+03,-2.000000000000000000e+01,-6.011894002724726960e-02
5.666750000000000000e+03,-1.900000000000000000e+01,-3.392746682742586728e-02
5.666750000000000000e+03,-1.800000000000000000e+01,-7.387292962606650804e-03
5.666750000000000000e+03,-1.700000000000000000e+01,1.949316888467489406e-02
5.666750000000000000e+03,-1.600000000000000000e+01,4.670405459655091462e-02
5.666750000000000000e+03,-1.500000000000000000e+01,7.423404019834078937e-02
5.666750000000000000e+03,-1.400000000000000000e+01,1.020703504092859148e-01
5.666750000000000000e+03,-1.300000000000000000e+01,1.301987841925336120e-01
5.666750000000000000e+03,-1.200000000000000000e+01,1.586037567488358668e-01
5.666750000000000000e+03,-1.100000000000000000e+01,1.872683568682529387e-01
5.666750000000000000e+03,-1.000000000000000000e+01,2.161744181188414160e-01
5.666750000000000000e+03,-9.000000000000000000e+00,2.453026020414232899e-01
5.666750000000000000e+03,-8.000000000000000000e+00,2.746324913513362720e-01
5.666750000000000000e+03,-7.000000000000000000e+00,3.041426911210881601e-01
5.666750000000000000e+03,-6.000000000000000000e+00,3.338109360177964335e-01
5.666750000000000000e+03,-5.000000000000000000e+00,3.636142018707954615e-01
5.666750000000000000e+03,-4.000000000000000000e+00,3.935288201163132937e-01
5.666750000000000000e+03,-3.000000000000000000e+00,4.235305939744421488e-01
5.666750000000000000e+03,-2.000000000000000000e+00,4.535949155269786703e-01
5.666750000000000000e+03,-1.000000000000000000e+00,4.836968831561565541e-01
5.666750000000000000e+03,0.000000000000000000e+00,5.138114190516690494e-01
5.666750000000000000e+03,1.000000000000000000e+00,5.439133866808473217e-01
5.666750000000000000e+03,2.000000000000000000e+00,5.739777082333846758e-01
5.666750000000000000e+03,3.000000000000000000e+00,6.039794820915138640e-01
5.666750000000000000e+03,4.000000000000000000e+00,6.338941003370316407e-01
5.666750000000000000e+03,5.000000000000000000e+00,6.636973661900295030e-01
5.666750000000000000e+03,6.000000000000000000e+00,6.933656110867387756e-01
5.666750000000000000e+03,7.000000000000000000e+00,7.228758108564918849e-01
5.666750000000000000e+03,8.000000000000000000e+00,7.522057001664040898e-01
5.666750000000000000e+03,9.000000000000000000e+00,7.813338840889858528e-01
5.666750000000000000e+03,1.000000000000000000e+01,8.102399453395727758e-01
5.666750000000000000e+03,1.100000000000000000e+01,8.389045454589925122e-01
5.666750000000000000e+03,1.200000000000000000e+01,8.673095180152929906e-01
5.666750000000000000e+03,1.300000000000000000e+01,8.954379517985424641e-01
5.666750000000000000e+03,1.400000000000000000e+01,9.232742620094867014e-01
5.666750000000000000e+03,1.500000000000000000e+01,9.508042476112721353e-01
5.666750000000000000e+03,1.600000000000000000e+01,9.780151333231561495e-01
5.666750000000000000e+03,1.700000000000000000e+01,1.004895595170434142e+00
5.666750000000000000e+03,1.800000000000000000e+01,1.031435769035251582e+00
5.666750000000000000e+03,1.900000000000000000e+01,1.057627242235076537e+00
5.666750000000000000e+03,2.000000000000000000e+01,1.083463028742666978e+00
5.666750000000000000e+03,2.100000000000000000e+01,1.108937529204967909e+00
5.666750000000000000e+03,2.200000000000000000e+01,1.134046477378706896e+00
5.666750000000000000e+03,2.300000000000000000e+01,1.158786874949103485e+00
5.666750000000000000e+03,2.400000000000000000e+01,1.183156916919905655e+00
5.666750000000000000e+03,2.500000000000000000e+01,1.207155909856750142e+00
5.666750000000000000e+03,2.600000000000000000e+01,1.230784185242674411e+00
5.666750000000000000e+03,2.700000000000000000e+01,1.254043010083067955e+00
5.666750000000000000e+03,2.800000000000000000e+01,1.276934496700489419e+00
5.666750000000000000e+03,2.900000000000000000e+01,1.299461513413517011e+00
5.666750000000000000e+03,3.000000000000000000e+01,1.321627597520590669e+00
5.833250000000000000e+03,-3.000000000000000000e+01,-3.019532112056939610e-01
5.833250000000000000e+03,-2.900000000000000000e+01,-2.794261944926699215e-01
5.833250000000000000e+03,-2.800000000000000000e+01,-2.565347078752591159e-01
5.833250000000000000e+03,-2.700000000000000000e+01,-2.332758830348478085e-01
5.833250000000000000e+03,-2.600000000000000000e+01,-2.096476076489288687e-01
5.833250000000000000e+03,-2.500000000000000000e+01,-1.856486147120790520e-01
5.833250000000000000e+03,-2.400000000000000000e+01,-1.612785727412724412e-01
5.833250000000000000e+03,-2.300000000000000000e+01,-1.365381751708785174e-01
5.833250000000000000e+03,-2.200000000000000000e+01,-1.114292269971421945e-01
5.833250000000000000e+03,-2.100000000000000000e+01,-8.595472653483682279e-02
5.833250000000000000e+03,-2.000000000000000000e+01,-6.011894002724726960e-02
5.833250000000000000e+03,-1.900000000000000000e+01,-3.392746682742586728e-02
5.833250000000000000e+03,-1.800000000000000000e+01,-7.387292962606650804e-03
5.833250000000000000e+03,-1.700000000000000000e+01,1.949316888467489406e-02
5.833250000000000000e+03,-1.600000000000000000e+01,4.670405459655091462e-02
5.833250000000000000e+03,-1.500000000000000000e+01,7.423404019834078937e-02
5.833250000000000000e+03,-1.400000000000000000e+01,1.020703504092859148e-01
5.833250000000000000e+03,-1.300000000000000000e+01,1.301987841925336120e-01
5.833250000000000000e+03,-1.200000000000000000e+01,1.586037567488358668e-01
5.833250000000000000e+03,-1.100000000000000000e+01,1.872683568682529387e-01
5.833250000000000000e+03,-1.000000000000000000e+01,2.161744181188414160e-01
5.833250000000000000e+03,-9.000000000000000000e+00,2.453026020414232899e-01
5.833250000000000000e+03,-8.000000000000000000e+00,2.746324913513362720e-01
5.833250000000000000e+03,-7.000000000000000000e+00,3.041426911210881601e-01
5.833250000000000000e+03,-6.000000000000000000e+00,3.338109360177964335e-01
5.833250000000000000e+03,-5.000000000000000000e+00,3.636142018707954615e-01
5.833250000000000000e+03,-4.000000000000000000e+00,3.935288201163132937e-01
5.833250000000000000e+03,-3.000000000000000000e+00,4.235305939744421488e-01
5.833250000000000000e+03,-2.000000000000000000e+00,4.535949155269786703e-01
5.833250000000000000e+03,-1.000000000000000000e+00,4.836968831561565541e-01
5.833250000000000000e+03,0.000000000000000000e+00,5.138114190516690494e-01
5.833250000000000000e+03,1.000000000000000000e+00,5.439133866808473217e-01
5.833250000000000000e+03,2.000000000000000000e+00,5.739777082333846758e-01
5.833250000000000000e+03,3.000000000000000000e+00,6.039794820915138640e-01
5.833250000000000000e+03,4.000000000000000000e+00,6.338941003370316407e-01
5.833250000000000000e+03,5.000000000000000000e+00,6.636973661900295030e-01
5.833250000000000000e+03,6.000000000000000000e+00,6.933656110867387756e-01
5.833250000000000000e+03,7.000000000000000000e+00,7.228758108564918849e-01
5.833250000000000000e+03,8.000000000000000000e+00,7.522057001664040898e-01
5.833250000000000000e+03,9.000000000000000000e+00,7.813338840889858528e-01
5.833250000000000000e+03,1.000000000000000000e+01,8.102399453395727758e-01
5.833250000000000000e+03,1.100000000000000000e+01,8.389045454589925122e-01
5.833250000000000000e+03,1.200000000000000000e+01,8.673095180152929906e-01
5.833250000000000000e+03,1.300000000000000000e+01,8.954379517985424641e-01
5.833250000000000000e+03,1.400000000000000000e+01,9.232742620094867014e-01
5.833250000000000000e+03,1.500000000000000000e+01,9.508042476112721353e-01
5.833250000000000000e+03,1.600000000000000000e+01,9.780151333231561495e-01
5.833250000000000000e+03,1.700000000000000000e+01,1.004895595170434142e+00
5.833250000000000000e+03,1.800000000000000000e+01,1.031435769035251582e+00
5.833250000000000000e+03,1.900000000000000000e+01,1.057627242235076537e+00
5.833250000000000000e+03,2.000000000000000000e+01,1.083463028742666978e+00
5.833250000000000000e+03,2.100000000000000000e+01,1.108937529204967909e+00
5.833250000000000000e+03,2.200000000000000000e+01,1.134046477378706896e+00
5.833250000000000000e+03,2.300000000000000000e+01,1.158786874949103485e+00
5.833250000000000000e+03,2.400000000000000000e+01,1.183156916919905655e+00
5.833250000000000000e+03,2.500000000000000000e+01,1.207155909856750142e+00
5.833250000000000000e+03,2.600000000000000000e+01,1.230784185242674411e+00
5.833250000000000000e+03,2.700000000000000000e+01,1.254043010083067955e+00
5.833250000000000000e+03,2.800000000000000000e+01,1.276934496700489419e+00
5.833250000000000000e+03,2.900000000000000000e+01,1.299461513413517011e+00
5.833250000000000000e+03,3.000000000000000000e+01,1.321627597520590669e+00
6.000000000000000000e+03,-3.000000000000000000e+01,-3.019532112056939610e-01
6.000000000000000000e+03,-2.900000000000000000e+01,-2.794261944926699215e-01
6.000000000000000000e+03,-2.800000000000000000e+01,-2.565347078752591159e-01
6.000000000000000000e+03,-2.700000000000000000e+01,-2.332758830348478085e-01
6.000000000000000000e+03,-2.600000000000000000e+01,-2.096476076489288687e-01
6.000000000000000000e+03,-2.500000000000000000e+01,-1.856486147120790520e-01
6.000000000000000000e+03,-2.400000000000000000e+01,-1.612785727412724412e-01
6.000000000000000000e+03,-2.300000000000000000e+01,-1.365381751708785174e-01
6.000000000000000000e+03,-2.200000000000000000e+01,-1.114292269971421945e-01
6.000000000000000000e+03,-2.100000000000000000e+01,-8.595472653483682279e-02
6.000000000000000000e+03,-2.000000000000000000e+01,-6.011894002724726960e-02
6.000000000000000000e+03,-1.900000000000000000e+01,-3.392746682742586728e-02
6.000000000000000000e+03,-1.800000000000000000e+01,-7.387292962606650804e-03
6.000000000000000000e+03,-1.700000000000000000e+01,1.949316888467489406e-02
6.000000000000000000e+03,-1.600000000000000000e+01,4.670405459655091462e-02
6.000000000000000000e+03,-1.500000000000000000e+01,7.423404019834078937e-02
6.000000000000000000e+03,-1.400000000000000000e+01,1.020703504092859148e-01
6.000000000000000000e+03,-1.300000000000000000e+01,1.301987841925336120e-01
6.000000000000000000e+03,-1.200000000000000000e+01,1.586037567488358668e-01
6.000000000000000000e+03,-1.100000000000000000e+01,1.872683568682529387e-01
6.000000000000000000e+03,-1.000000000000000000e+01,2.161744181188414160e-01
6.000000000000000000e+03,-9.000000000000000000e+00,2.453026020414232899e-01
6.000000000000000000e+03,-8.000000000000000000e+00,2.746324913513362720e-01
6.000000000000000000e+03,-7.000000000000000000e+00,3.041426911210881601e-01
6.000000000000000000e+03,-6.000000000000000000e+00,3.338109360177964335e-01
6.000000000000000000e+03,-5.000000000000000000e+00,3.636142018707953505e-01
6.000000000000000000e+03,-4.000000000000000000e+00,3.935288201163132937e-01
6.000000000000000000e+03,-3.000000000000000000e+00,4.235305939744421488e-01
6.000000000000000000e+03,-2.000000000000000000e+00,4.535949155269786703e-01
6.000000000000000000e+03,-1.000000000000000000e+00,4.836968831561565541e-01
6.000000000000000000e+03,0.000000000000000000e+00,5.138114190516690494e-01
6.000000000000000000e+03,1.000000000000000000e+00,5.439133866808473217e-01
6.000000000000000000e+03,2.000000000000000000e+00,5.739777082333846758e-01
6.000000000000000000e+03,3.000000000000000000e+00,6.039794820915138640e-01
6.000000000000000000e+03,4.000000000000000000e+00,6.338941003370316407e-01
6.000000000000000000e+03,5.000000000000000000e+00,6.636973661900297250e-01
6.000000000000000000e+03,6.000000000000000000e+00,6.933656110867386646e-01
6.000000000000000000e+03,7.000000000000000000e+00,7.228758108564918849e-01
6.000000000000000000e+03,8.000000000000000000e+00,7.522057001664040898e-01
6.000000000000000000e+03,9.000000000000000000e+00,7.813338840889858528e-01
6.000000000000000000e+03,1.000000000000000000e+01,8.102399453395727758e-01
6.000000000000000000e+03,1.100000000000000000e+01,8.389045454589925122e-01
6.000000000000000000e+03,1.200000000000000000e+01,8.673095180152929906e-01
6.000000000000000000e+03,1.300000000000000000e+01,8.954379517985424641e-01
6.000000000000000000e+03,1.400000000000000000e+01,9.232742620094867014e-01
6.000000000000000000e+03,1.500000000000000000e+01,9.508042476112721353e-01
6.000000000000000000e+03,1.600000000000000000e+01,9.780151333231561495e-01
6.000000000000000000e+03,1.700000000000000000e+01,1.004895595170434142e+00
6.000000000000000000e+03,1.800000000000000000e+01,1.031435769035251582e+00
6.000000000000000000e+03,1.900000000000000000e+01,1.057627242235076537e+00
6.000000000000000000e+03,2.000000000000000000e+01,1.083463028742666978e+00
6.000000000000000000e+03,2.100000000000000000e+01,1.108937529204967909e+00
6.000000000000000000e+03,2.200000000000000000e+01,1.134046477378706896e+00
6.000000000000000000e+03,2.300000000000000000e+01,1.158786874949103485e+00
6.000000000000000000e+03,2.400000000000000000e+01,1.183156916919905655e+00
6.000000000000000000e+03,2.500000000000000000e+01,1.207155909856750142e+00
6.000000000000000000e+03,2.600000000000000000e+01,1.230784185242674411e+00
6.000000000000000000e+03,2.700000000000000000e+01,1.254043010083067955e+00
6.000000000000000000e+03,2.800000000000000000e+01,1.276934496700489419e+00
6.000000000000000000e+03,2.900000000000000000e+01,1.299461513413517011e+00
6.000000000000000000e+03,3.000000000000000000e+01,1.321627597520590669e+00
6.166750000000000000e+03,-3.000000000000000000e+01,-3.019532112056939610e-01
6.166750000000000000e+03,-2.900000000000000000e+01,-2.794261944926699215e-01
6.166750000000000000e+03,-2.800000000000000000e+01,-2.565347078752591159e-01
6.166750000000000000e+03,-2.700000000000000000e+01,-2.332758830348478085e-01
6.166750000000000000e+03,-2.600000000000000000e+01,-2.096476076489288687e-01
6.166750000000000000e+03,-2.500000000000000000e+01,-1.856486147120790520e-01
6.166750000000000000e+03,-2.400000000000000000e+01,-1.612785727412724412e-01
6.166750000000000000e+03,-2.300000000000000000e+01,-1.365381751708785174e-01
6.166750000000000000e+03,-2.200000000000000000e+01,-1.114292269971421945e-01
6.166750000000000000e+03,-2.100000000000000000e+01,-8.595472653483682279e-02
6.166750000000000000e+03,-2.000000000000000000e+01,-6.011894002724726960e-02
6.166750000000000000e+03,-1.900000000000000000e+01,-3.392746682742586728e-02
6.166750000000000000e+03,-1.800000000000000000e+01,-7.387292962606650804e-03
6.166750000000000000e+03,-1.700000000000000000e+01,1.949316888467489406e-02
6.166750000000000000e+03,-1.600000000000000000e+01,4.670405459655091462e-02
6.166750000000000000e+03,-1.500000000000000000e+01,7.423404019834078937e-02
6.166750000000000000e+03,-1.400000000000000000e+01,1.020703504092859148e-01
6.166750000000000000e+03,-1.300000000000000000e+01,1.301987841925336120e-01
6.166750000000000000e+03,-1.200000000000000000e+01,1.586037567488358668e-01
6.166750000000000000e+03,-1.100000000000000000e+01,1.872683568682529387e-01
6.166750000000000000e+03,-1.000000000000000000e+01,2.161744181188414160e-01
6.166750000000000000e+03,-9.000000000000000000e+00,2.453026020414232899e-01
6.166750000000000000e+03,-8.000000000000000000e+00,2.746324913513362720e-01
6.166750000000000000e+03,-7.000000000000000000e+00,3.041426911210881601e-01
6.166750000000000000e+03,-6.000000000000000000e+00,3.338109360177964335e-01
6.166750000000000000e+03,-5.000000000000000000e+00,3.636142018707954615e-01
6.166750000000000000e+03,-4.000000000000000000e+00,3.935288201163132937e-01
6.166750000000000000e+03,-3.000000000000000000e+00,4.235305939744421488e-01
6.166750000000000000e+03,-2.000000000000000000e+00,4.535949155269786703e-01
6.166750000000000000e+03,-1.000000000000000000e+00,4.836968831561565541e-01
6.166750000000000000e+03,0.000000000000000000e+00,5.138114190516690494e-01
6.166750000000000000e+03,1.000000000000000000e+00,5.439133866808473217e-01
6.166750000000000000e+03,2.000000000000000000e+00,5.739777082333846758e-01
6.166750000000000000e+03,3.000000000000000000e+00,6.039794820915138640e-01
6.166750000000000000e+03,4.000000000000000000e+00,6.338941003370316407e-01
6.166750000000000000e+03,5.000000000000000000e+00,6.636973661900295030e-01
6.166750000000000000e+03,6.000000000000000000e+00,6.933656110867387756e-01
6.166750000000000000e+03,7.000000000000000000e+00,7.228758108564918849e-01
6.166750000000000000e+03,8.000000000000000000e+00,7.522057001664040898e-01
6.166750000000000000e+03,9.000000000000000000e+00,7.813338840889858528e-01
6.166750000000000000e+03,1.000000000000000000e+01,8.102399453395727758e-01
6.166750000000000000e+03,1.100000000000000000e+01,8.389045454589925122e-01
6.166750000000000000e+03,1.200000000000000000e+01,8.673095180152929906e-01
6.166750000000000000e+03,1.300000000000000000e+01,8.954379517985424641e-01
6.166750000000000000e+03,1.400000000000000000e+01,9.232742620094867014e-01
6.166750000000000000e+03,1.500000000000000000e+01,9.508042476112721353e-01
6.166750000000000000e+03,1.600000000000000000e+01,9.780151333231561495e-01
6.166750000000000000e+03,1.700000000000000000e+01,1.004895595170434142e+00
6.166750000000000000e+03,1.800000000000000000e+01,1.031435769035251582e+00
6.166750000000000000e+03,1.900000000000000000e+01,1.057627242235076537e+00
6.166750000000000000e+03,2.000000000000000000e+01,1.083463028742666978e+00
6.166750000000000000e+03,2.100000000000000000e+01,1.108937529204967909e+00
6.166750000000000000e+03,2.200000000000000000e+01,1.134046477378706896e+00
6.166750000000000000e+03,2.300000000000000000e+01,1.158786874949103485e+00
6.166750000000000000e+03,2.400000000000000000e+01,1.183156916919905655e+00
6.166750000000000000e+03,2.500000000000000000e+01,1.207155909856750142e+00
6.166750000000000000e+03,2.600000000000000000e+01,1.230784185242674411e+00
6.166750000000000000e+03,2.700000000000000000e+01,1.254043010083067955e+00
6.166750000000000000e+03,2.800000000000000000e+01,1.276934496700489419e+00
6.166750000000000000e+03,2.900000000000000000e+01,1.299461513413517011e+00
6.166750000000000000e+03,3.000000000000000000e+01,1.321627597520590669e+00
6.333250000000000000e+03,-3.000000000000000000e+01,-3.019532112056939610e-01
6.333250000000000000e+03,-2.900000000000000000e+01,-2.794261944926699215e-01
6.333250000000000000e+03,-2.800000000000000000e+01,-2.565347078752591159e-01
6.333250000000000000e+03,-2.700000000000000000e+01,-2.332758830348478085e-01
6.333250000000000000e+03,-2.600000000000000000e+01,-2.096476076489288687e-01
6.333250000000000000e+03,-2.500000000000000000e+01,-1.856486147120790520e-01
6.333250000000000000e+03,-2.400000000000000000e+01,-1.612785727412724412e-01
6.333250000000000000e+03,-2.300000000000000000e+01,-1.365381751708785174e-01
6.333250000000000000e+03,-2.200000000000000000e+01,-1.114292269971421945e-01
6.333250000000000000e+03,-2.100000000000000000e+01,-8.595472653483682279e-02
6.333250000000000000e+03,-2.000000000000000000e+01,-6.011894002724726960e-02
6.333250000000000000e+03,-1.900000000000000000e+01,-3.392746682742586728e-02
6.333250000000000000e+03,-1.800000000000000000e+01,-7.387292962606650804e-03
6.333250000000000000e+03,-1.700000000000000000e+01,1.949316888467489406e-02
6.333250000000000000e+03,-1.600000000000000000e+01,4.670405459655091462e-02
6.333250000000000000e+03,-1.500000000000000000e+01,7.423404019834078937e-02
6.333250000000000000e+03,-1.400000000000000000e+01,1.020703504092859148e-01
6.333250000000000000e+03,-1.300000000000000000e+01,1.301987841925336120e-01
6.333250000000000000e+03,-1.200000000000000000e+01,1.586037567488358668e-01
6.333250000000000000e+03,-1.100000000000000000e+01,1.872683568682529387e-01
6.333250000000000000e+03,-1.000000000000000000e+01,2.161744181188414160e-01
6.333250000000000000e+03,-9.000000000000000000e+00,2.453026020414232899e-01
6.333250000000000000e+03,-8.000000000000000000e+00,2.746324913513362720e-01
6.333250000000000000e+03,-7.000000000000000000e+00,3.041426911210881601e-01
6.333250000000000000e+03,-6.000000000000000000e+00,3.338109360177964335e-01
6.333250000000000000e+03,-5.000000000000000000e+00,3.636142018707954615e-01
6.333250000000000000e+03,-4.000000000000000000e+00,3.935288201163132937e-01
6.333250000000000000e+03,-3.000000000000000000e+00,4.235305939744421488e-01
6.333250000000000000e+03,-2.000000000000000000e+00,4.535949155269786703e-01
6.333250000000000000e+03,-1.000000000000000000e+00,4.836968831561565541e-01
6.333250000000000000e+03,0.000000000000000000e+00,5.138114190516690494e-01
6.333250000000000000e+03,1.000000000000000000e+00,5.439133866808473217e-01
6.333250000000000000e+03,2.000000000000000000e+00,5.739777082333846758e-01
6.333250000000000000e+03,3.000000000000000000e+00,6.039794820915138640e-01
6.333250000000000000e+03,4.000000000000000000e+00,6.338941003370316407e-01
6.333250000000000000e+03,5.000000000000000000e+00,6.636973661900295030e-01
6.333250000000000000e+03,6.000000000000000000e+00,6.933656110867387756e-01
6.333250000000000000e+03,7.000000000000000000e+00,7.228758108564918849e-01
6.333250000000000000e+03,8.000000000000000000e+00,7.522057001664040898e-01
6.333250000000000000e+03,9.000000000000000000e+00,7.813338840889858528e-01
6.333250000000000000e+03,1.000000000000000000e+01,8.102399453395727758e-01
6.333250000000000000e+03,1.100000000000000000e+01,8.389045454589925122e-01
6.333250000000000000e+03,1.200000000000000000e+01,8.673095180152929906e-01
6.333250000000000000e+03,1.300000000000000000e+01,8.954379517985424641e-01
6.333250000000000000e+03,1.400000000000000000e+01,9.232742620094867014e-01
6.333250000000000000e+03,1.500000000000000000e+01,9.508042476112721353e-01
6.333250000000000000e+03,1.600000000000000000e+01,9.780151333231561495e-01
6.333250000000000000e+03,1.700000000000000000e+01,1.004895595170434142e+00
6.333250000000000000e+03,1.800000000000000000e+01,1.031435769035251582e+00
6.333250000000000000e+03,1.900000000000000000e+01,1.057627242235076537e+00
6.333250000000000000e+03,2.000000000000000000e+01,1.083463028742666978e+00
6.333250000000000000e+03,2.100000000000000000e+01,1.108937529204967909e+00
6.333250000000000000e+03,2.200000000000000000e+01,1.134046477378706896e+00
6.333250000000000000e+03,2.300000000000000000e+01,1.158786874949103485e+00
6.333250000000000000e+03,2.400000000000000000e+01,1.183156916919905655e+00
6.333250000000000000e+03,2.500000000000000000e+01,1.207155909856750142e+00
6.333250000000000000e+03,2.600000000000000000e+01,1.230784185242674411e+00
6.333250000000000000e+03,2.700000000000000000e+01,1.254043010083067955e+00
6.333250000000000000e+03,2.800000000000000000e+01,1.276934496700489419e+00
6.333250000000000000e+03,2.900000000000000000e+01,1.299461513413517011e+00
6.333250000000000000e+03,3.000000000000000000e+01,1.321627597520590669e+00
6.500000000000000000e+03,-3.000000000000000000e+01,-3.019532112056939610e-01
6.500000000000000000e+03,-2.900000000000000000e+01,-2.794261944926699215e-01
6.500000000000000000e+03,-2.800000000000000000e+01,-2.565347078752591159e-01
6.500000000000000000e+03,-2.700000000000000000e+01,-2.332758830348478085e-01
6.500000000000000000e+03,-2.600000000000000000e+01,-2.096476076489288687e-01
6.500000000000000000e+03,-2.500000000000000000e+01,-1.856486147120790520e-01
6.500000000000000000e+03,-2.400000000000000000e+01,-1.612785727412724412e-01
6.500000000000000000e+03,-2.300000000000000000e+01,-1.365381751708785174e-01
6.500000000000000000e+03,-2.200000000000000000e+01,-1.114292269971421945e-01
6.500000000000000000e+03,-2.100000000000000000e+01,-8.595472653483682279e-02
6.500000000000000000e+03,-2.000000000000000000e+01,-6.011894002724726960e-02
6.500000000000000000e+03,-1.900000000000000000e+01,-3.392746682742586728e-02
6.500000000000000000e+03,-1.800000000000000000e+01,-7.387292962606650804e-03
6.500000000000000000e+03,-1.700000000000000000e+01,1.949316888467489406e-02
6.500000000000000000e+03,-1.600000000000000000e+01,4.670405459655091462e-02
6.500000000000000000e+03,-1.500000000000000000e+01,7.423404019834078937e-02
6.500000000000000000e+03,-1.400000000000000000e+01,1.020703504092859148e-01
6.500000000000000000e+03,-1.300000000000000000e+01,1.301987841925336120e-01
6.500000000000000000e+03,-1.200000000000000000e+01,1.586037567488358668e-01
6.500000000000000000e+03,-1.100000000000000000e+01,1.872683568682529387e-01
6.500000000000000000e+03,-1.000000000000000000e+01,2.161744181188414160e-01
6.500000000000000000e+03,-9.000000000000000000e+00,2.453026020414232899e-01
6.500000000000000000e+03,-8.000000000000000000e+00,2.746324913513362720e-01
6.500000000000000000e+03,-7.000000000000000000e+00,3.041426911210881601e-01
6.500000000000000000e+03,-6.000000000000000000e+00,3.338109360177964335e-01
6.500000000000000000e+03,-5.000000000000000000e+00,3.636142018707953505e-01
6.500000000000000000e+03,-4.000000000000000000e+00,3.935288201163132937e-01
6.500000000000000000e+03,-3.000000000000000000e+00,4.235305939744421488e-01
6.500000000000000000e+03,-2.000000000000000000e+00,4.535949155269786703e-01
6.500000000000000000e+03,-1.000000000000000000e+00,4.836968831561565541e-01
6.500000000000000000e+03,0.000000000000000000e+00,5.138114190516690494e-01
6.500000000000000000e+03,1.000000000000000000e+00,5.439133866808473217e-01
6.500000000000000000e+03,2.000000000000000000e+00,5.739777082333846758e-01
6.500000000000000000e+03,3.000000000000000000e+00,6.039794820915138640e-01
6.500000000000000000e+03,4.000000000000000000e+00,6.338941003370316407e-01
6.500000000000000000e+03,5.000000000000000000e+00,6.636973661900297250e-01
6.500000000000000000e+03,6.000000000000000000e+00,6.933656110867386646e-01
6.500000000000000000e+03,7.000000000000000000e+00,7.228758108564918849e-01
6.500000000000000000e+03,8.000000000000000000e+00,7.522057001664040898e-01
6.500000000000000000e+03,9.000000000000000000e+00,7.813338840889858528e-01
6.500000000000000000e+03,1.000000000000000000e+01,8.102399453395727758e-01
6.500000000000000000e+03,1.100000000000000000e+01,8.389045454589925122e-01
6.500000000000000000e+03,1.200000000000000000e+01,8.673095180152929906e-01
6.500000000000000000e+03,1.300000000000000000e+01,8.954379517985424641e-01
6.500000000000000000e+03,1.400000000000000000e+01,9.232742620094867014e-01
6.500000000000000000e+03,1.500000000000000000e+01,9.508042476112721353e-01
6.500000000000000000e+03,1.600000000000000000e+01,9.780151333231561495e-01
6.500000000000000000e+03,1.700000000000000000e+01,1.004895595170434142e+00
6.500000000000000000e+03,1.800000000000000000e+01,1.031435769035251582e+00
6.500000000000000000e+03,1.900000000000000000e+01,1.057627242235076537e+00
6.500000000000000000e+03,2.000000000000000000e+01,1.083463028742666978e+00
6.500000000000000000e+03,2.100000000000000000e+01,1.108937529204967909e+00
6.500000000000000000e+03,2.200000000000000000e+01,1.134046477378706896e+00
6.500000000000000000e+03,2.300000000000000000e+01,1.158786874949103485e+00
6.500000000000000000e+03,2.400000000000000000e+01,1.183156916919905655e+00
6.500000000000000000e+03,2.500000000000000000e+01,1.207155909856750142e+00
6.500000000000000000e+03,2.600000000000000000e+01,1.230784185242674411e+00
6.500000000000000000e+03,2.700000000000000000e+01,1.254043010083067955e+00
6.500000000000000000e+03,2.800000000000000000e+01,1.276934496700489419e+00
6.500000000000000000e+03,2.900000000000000000e+01,1.299461513413517011e+00
6.500000000000000000e+03,3.000000000000000000e+01,1.321627597520590669e+00
6.666750000000000000e+03,-3.000000000000000000e+01,-3.019532112056939610e-01
6.666750000000000000e+03,-2.900000000000000000e+01,-2.794261944926699215e-01
6.666750000000000000e+03,-2.800000000000000000e+01,-2.565347078752591159e-01
6.666750000000000000e+03,-2.700000000000000000e+01,-2.332758830348478085e-01
6.666750000000000000e+03,-2.600000000000000000e+01,-2.096476076489288687e-01
6.666750000000000000e+03,-2.500000000000000000e+01,-1.856486147120790520e-01
6.666750000000000000e+03,-2.400000000000000000e+01,-1.612785727412724412e-01
6.666750000000000000e+03,-2.300000000000000000e+01,-1.365381751708785174e-01
6.666750000000000000e+03,-2.200000000000000000e+01,-1.114292269971421945e-01
6.666750000000000000e+03,-2.100000000000000000e+01,-8.595472653483682279e-02
6.666750000000000000e+03,-2.000000000000000000e+01,-6.011894002724726960e-02
6.666750000000000000e+03,-1.900000000000000000e+01,-3.392746682742586728e-02
6.666750000000000000e+03,-1.800000000000000000e+01,-7.387292962606650804e-03
6.666750000000000000e+03,-1.700000000000000000e+01,1.949316888467489406e-02
6.666750000000000000e+03,-1.600000000000000000e+01,4.670405459655091462e-02
6.666750000000000000e+03,-1.500000000000000000e+01,7.423404019834078937e-02
6.666750000000000000e+03,-1.400000000000000000e+01,1.020703504092859148e-01
6.666750000000000000e+03,-1.300000000000000000e+01,1.301987841925336120e-01
6.666750000000000000e+03,-1.200000000000000000e+01,1.586037567488358668e-01
6.666750000000000000e+03,-1.100000000000000000e+01,1.872683568682529387e-01
6.666750000000000000e+03,-1.000000000000000000e+01,2.161744181188414160e-01
6.666750000000000000e+03,-9.000000000000000000e+00,2.453026020414232899e-01
6.666750000000000000e+03,-8.000000000000000000e+00,2.746324913513362720e-01
6.666750000000000000e+03,-7.000000000000000000e+00,3.041426911210881601e-01
6.666750000000000000e+03,-6.000000000000000000e+00,3.338109360177964335e-01
6.666750000000000000e+03,-5.000000000000000000e+00,3.636142018707954615e-01
6.666750000000000000e+03,-4.000000000000000000e+00,3.935288201163132937e-01
6.666750000000000000e+03,-3.000000000000000000e+00,4.235305939744421488e-01
6.666750000000000000e+03,-2.000000000000000000e+00,4.535949155269786703e-01
6.666750000000000000e+03,-1.000000000000000000e+00,4.836968831561565541e-01
6.666750000000000000e+03,0.000000000000000000e+00,5.138114190516690494e-01
6.666750000000000000e+03,1.000000000000000000e+00,5.439133866808473217e-01
6.666750000000000000e+03,2.000000000000000000e+00,5.739777082333846758e-01
6.666750000000000000e+03,3.000000000000000000e+00,6.039794820915138640e-01
6.666750000000000000e+03,4.000000000000000000e+00,6.338941003370316407e-01
6.666750000000000000e+03,5.000000000000000000e+00,6.636973661900295030e-01
6.666750000000000000e+03,6.000000000000000000e+00,6.933656110867387756e-01
6.666750000000000000e+03,7.000000000000000000e+00,7.228758108564918849e-01
6.666750000000000000e+03,8.000000000000000000e+00,7.522057001664040898e-01
6.666750000000000000e+03,9.000000000000000000e+00,7.813338840889858528e-01
6.666750000000000000e+03,1.000000000000000000e+01,8.102399453395727758e-01
6.666750000000000000e+03,1.100000000000000000e+01,8.389045454589925122e-01
6.666750000000000000e+03,1.200000000000000000e+01,8.673095180152929906e-01
6.666750000000000000e+03,1.300000000000000000e+01,8.954379517985424641e-01
6.666750000000000000e+03,1.400000000000000000e+01,9.232742620094867014e-01
6.666750000000000000e+03,1.500000000000000000e+01,9.508042476112721353e-01
6.666750000000000000e+03,1.600000000000000000e+01,9.780151333231561495e-01
6.666750000000000000e+03,1.700000000000000000e+01,1.004895595170434142e+00
6.666750000000000000e+03,1.800000000000000000e+01,1.031435769035251582e+00
6.666750000000000000e+03,1.900000000000000000e+01,1.057627242235076537e+00
6.666750000000000000e+03,2.000000000000000000e+01,1.083463028742666978e+00
6.666750000000000000e+03,2.100000000000000000e+01,1.108937529204967909e+00
6.666750000000000000e+03,2.200000000000000000e+01,1.134046477378706896e+00
6.666750000000000000e+03,2.300000000000000000e+01,1.158786874949103485e+00
6.666750000000000000e+03,2.400000000000000000e+01,1.183156916919905655e+00
6.666750000000000000e+03,2.500000000000000000e+01,1.207155909856750142e+00
6.666750000000000000e+03,2.600000000000000000e+01,1.230784185242674411e+00
6.666750000000000000e+03,2.700000000000000000e+01,1.254043010083067955e+00
6.666750000000000000e+03,2.800000000000000000e+01,1.276934496700489419e+00
6.666750000000000000e+03,2.900000000000000000e+01,1.299461513413517011e+00
6.666750000000000000e+03,3.000000000000000000e+01,1.321627597520590669e+00
6.833250000000000000e+03,-3.000000000000000000e+01,-3.019532112056939610e-01
6.833250000000000000e+03,-2.900000000000000000e+01,-2.794261944926699215e-01
6.833250000000000000e+03,-2.800000000000000000e+01,-2.565347078752591159e-01
6.833250000000000000e+03,-2.700000000000000000e+01,-2.332758830348478085e-01
6.833250000000000000e+03,-2.600000000000000000e+01,-2.096476076489288687e-01
6.833250000000000000e+03,-2.500000000000000000e+01,-1.856486147120790520e-01
6.833250000000000000e+03,-2.400000000000000000e+01,-1.612785727412724412e-01
6.833250000000000000e+03,-2.300000000000000000e+01,-1.365381751708785174e-01
6.833250000000000000e+03,-2.200000000000000000e+01,-1.114292269971421945e-01
6.833250000000000000e+03,-2.100000000000000000e+01,-8.595472653483682279e-02
6.833250000000000000e+03,-2.000000000000000000e+01,-6.011894002724726960e-02
6.833250000000000000e+03,-1.900000000000000000e+01,-3.392746682742586728e-02
6.833250000000000000e+03,-1.800000000000000000e+01,-7.387292962606650804e-03
6.833250000000000000e+03,-1.700000000000000000e+01,1.949316888467489406e-02
6.833250000000000000e+03,-1.600000000000000000e+01,4.670405459655091462e-02
6.833250000000000000e+03,-1.500000000000000000e+01,7.423404019834078937e-02
6.833250000000000000e+03,-1.400000000000000000e+01,1.020703504092859148e-01
6.833250000000000000e+03,-1.300000000000000000e+01,1.301987841925336120e-01
6.833250000000000000e+03,-1.200000000000000000e+01,1.586037567488358668e-01
6.833250000000000000e+03,-1.100000000000000000e+01,1.872683568682529387e-01
6.833250000000000000e+03,-1.000000000000000000e+01,2.161744181188414160e-01
6.833250000000000000e+03,-9.000000000000000000e+00,2.453026020414232899e-01
6.833250000000000000e+03,-8.000000000000000000e+00,2.746324913513362720e-01
6.833250000000000000e+03,-7.000000000000000000e+00,3.041426911210881601e-01
6.833250000000000000e+03,-6.000000000000000000e+00,3.338109360177964335e-01
6.833250000000000000e+03,-5.000000000000000000e+00,3.636142018707954615e-01
6.833250000000000000e+03,-4.000000000000000000e+00,3.935288201163132937e-01
6.833250000000000000e+03,-3.000000000000000000e+00,4.235305939744421488e-01
6.833250000000000000e+03,-2.000000000000000000e+00,4.535949155269786703e-01
6.833250000000000000e+03,-1.000000000000000000e+00,4.836968831561565541e-01
6.833250000000000000e+03,0.000000000000000000e+00,5.138114190516690494e-01
6.833250000000000000e+03,1.000000000000000000e+00,5.439133866808473217e-01
6.833250000000000000e+03,2.000000000000000000e+00,5.739777082333846758e-01
6.833250000000000000e+03,3.000000000000000000e+00,6.039794820915138640e-01
6.833250000000000000e+03,4.000000000000000000e+00,6.338941003370316407e-01
6.833250000000000000e+03,5.000000000000000000e+00,6.636973661900295030e-01
6.833250000000000000e+03,6.000000000000000000e+00,6.933656110867387756e-01
6.833250000000000000e+03,7.000000000000000000e+00,7.228758108564918849e-01
6.833250000000000000e+03,8.000000000000000000e+00,7.522057001664040898e-01
6.833250000000000000e+03,9.000000000000000000e+00,7.813338840889858528e-01
6.833250000000000000e+03,1.000000000000000000e+01,8.102399453395727758e-01
6.833250000000000000e+03,1.100000000000000000e+01,8.389045454589925122e-01
6.833250000000000000e+03,1.200000000000000000e+01,8.673095180152929906e-01
6.833250000000000000e+03,1.300000000000000000e+01,8.954379517985424641e-01
6.833250000000000000e+03,1.400000000000000000e+01,9.232742620094867014e-01
6.833250000000000000e+03,1.500000000000000000e+01,9.508042476112721353e-01
6.833250000000000000e+03,1.600000000000000000e+01,9.780151333231561495e-01
6.833250000000000000e+03,1.700000000000000000e+01,1.004895595170434142e+00
6.833250000000000000e+03,1.800000000000000000e+01,1.031435769035251582e+00
6.833250000000000000e+03,1.900000000000000000e+01,1.057627242235076537e+00
6.833250000000000000e+03,2.000000000000000000e+01,1.083463028742666978e+00
6.833250000000000000e+03,2.100000000000000000e+01,1.108937529204967909e+00
6.833250000000000000e+03,2.200000000000000000e+01,1.134046477378706896e+00
6.833250000000000000e+03,2.300000000000000000e+01,1.158786874949103485e+00
6.833250000000000000e+03,2.400000000000000000e+01,1.183156916919905655e+00
6.833250000000000000e+03,2.500000000000000000e+01,1.207155909856750142e+00
6.833250000000000000e+03,2.600000000000000000e+01,1.230784185242674411e+00
6.833250000000000000e+03,2.700000000000000000e+01,1.254043010083067955e+00
6.833250000000000000e+03,2.800000000000000000e+01,1.276934496700489419e+00
6.833250000000000000e+03,2.900000000000000000e+01,1.299461513413517011e+00
6.833250000000000000e+03,3.000000000000000000e+01,1.321627597520590669e+00
7.000000000000000000e+03,-3.000000000000000000e+01,-3.019532112056939610e-01
7.000000000000000000e+03,-2.900000000000000000e+01,-2.794261944926699215e-01
7.000000000000000000e+03,-2.800000000000000000e+01,-2.565347078752591159e-01
7.000000000000000000e+03,-2.700000000000000000e+01,-2.332758830348478085e-01
7.000000000000000000e+03,-2.600000000000000000e+01,-2.096476076489288687e-01
7.000000000000000000e+03,-2.500000000000000000e+01,-1.856486147120790520e-01
7.000000000000000000e+03,-2.400000000000000000e+01,-1.612785727412724412e-01
7.000000000000000000e+03,-2.300000000000000000e+01,-1.365381751708785174e-01
7.000000000000000000e+03,-2.200000000000000000e+01,-1.114292269971421945e-01
7.000000000000000000e+03,-2.100000000000000000e+01,-8.595472653483682279e-02
7.000000000000000000e+03,-2.000000000000000000e+01,-6.011894002724726960e-02
7.000000000000000000e+03,-1.900000000000000000e+01,-3.392746682742586728e-02
7.000000000000000000e+03,-1.800000000000000000e+01,-7.387292962606650804e-03
7.000000000000000000e+03,-1.700000000000000000e+01,1.949316888467489406e-02
7.000000000000000000e+03,-1.600000000000000000e+01,4.670405459655091462e-02
7.000000000000000000e+03,-1.500000000000000000e+01,7.423404019834078937e-02
7.000000000000000000e+03,-1.400000000000000000e+01,1.020703504092859148e-01
7.000000000000000000e+03,-1.300000000000000000e+01,1.301987841925336120e-01
7.000000000000000000e+03,-1.200000000000000000e+01,1.586037567488358668e-01
7.000000000000000000e+03,-1.100000000000000000e+01,1.872683568682529387e-01
7.000000000000000000e+03,-1.000000000000000000e+01,2.161744181188414160e-01
7.000000000000000000e+03,-9.000000000000000000e+00,2.453026020414232899e-01
7.000000000000000000e+03,-8.000000000000000000e+00,2.746324913513362720e-01
7.000000000000000000e+03,-7.000000000000000000e+00,3.041426911210881601e-01
7.000000000000000000e+03,-6.000000000000000000e+00,3.338109360177964335e-01
7.000000000000000000e+03,-5.000000000000000000e+00,3.636142018707953505e-01
7.000000000000000000e+03,-4.000000000000000000e+00,3.935288201163132937e-01
7.000000000000000000e+03,-3.000000000000000000e+00,4.235305939744421488e-01
7.000000000000000000e+03,-2.000000000000000000e+00,4.535949155269786703e-01
7.000000000000000000e+03,-1.000000000000000000e+00,4.836968831561565541e-01
7.000000000000000000e+03,0.000000000000000000e+00,5.138114190516690494e-01
7.000000000000000000e+03,1.000000000000000000e+00,5.439133866808473217e-01
7.000000000000000000e+03,2.000000000000000000e+00,5.739777082333846758e-01
7.000000000000000000e+03,3.000000000000000000e+00,6.039794820915138640e-01
7.000000000000000000e+03,4.000000000000000000e+00,6.338941003370316407e-01
7.000000000000000000e+03,5.000000000000000000e+00,6.636973661900297250e-01
7.000000000000000000e+03,6.000000000000000000e+00,6.933656110867386646e-01
7.000000000000000000e+03,7.000000000000000000e+00,7.228758108564918849e-01
7.000000000000000000e+03,8.000000000000000000e+00,7.522057001664040898e-01
7.000000000000000000e+03,9.000000000000000000e+00,7.813338840889858528e-01
7.000000000000000000e+03,1.000000000000000000e+01,8.102399453395727758e-01
7.000000000000000000e+03,1.100000000000000000e+01,8.389045454589925122e-01
7.000000000000000000e+03,1.200000000000000000e+01,8.673095180152929906e-01
7.000000000000000000e+03,1.300000000000000000e+01,8.954379517985424641e-01
7.000000000000000000e+03,1.400000000000000000e+01,9.232742620094867014e-01
7.000000000000000000e+03,1.500000000000000000e+01,9.508042476112721353e-01
7.000000000000000000e+03,1.600000000000000000e+01,9.780151333231561495e-01
7.000000000000000000e+03,1.700000000000000000e+01,1.004895595170434142e+00
7.000000000000000000e+03,1.800000000000000000e+01,1.031435769035251582e+00
7.000000000000000000e+03,1.900000000000000000e+01,1.057627242235076537e+00
7.000000000000000000e+03,2.000000000000000000e+01,1.083463028742666978e+00
7.000000000000000000e+03,2.100000000000000000e+01,1.108937529204967909e+00
7.000000000000000000e+03,2.200000000000000000e+01,1.134046477378706896e+00
7.000000000000000000e+03,2.300000000000000000e+01,1.158786874949103485e+00
7.000000000000000000e+03,2.400000000000000000e+01,1.183156916919905655e+00
7.000000000000000000e+03,2.500000000000000000e+01,1.207155909856750142e+00
7.000000000000000000e+03,2.600000000000000000e+01,1.230784185242674411e+00
7.000000000000000000e+03,2.700000000000000000e+01,1.254043010083067955e+00
7.000000000000000000e+03,2.800000000000000000e+01,1.276934496700489419e+00
7.000000000000000000e+03,2.900000000000000000e+01,1.299461513413517011e+00
7.000000000000000000e+03,3.000000000000000000e+01,1.321627597520590669e+00
7.166750000000000000e+03,-3.000000000000000000e+01,-3.019532112056939610e-01
7.166750000000000000e+03,-2.900000000000000000e+01,-2.794261944926699215e-01
7.166750000000000000e+03,-2.800000000000000000e+01,-2.565347078752591159e-01
7.166750000000000000e+03,-2.700000000000000000e+01,-2.332758830348478085e-01
7.166750000000000000e+03,-2.600000000000000000e+01,-2.096476076489288687e-01
7.166750000000000000e+03,-2.500000000000000000e+01,-1.856486147120790520e-01
7.166750000000000000e+03,-2.400000000000000000e+01,-1.612785727412724412e-01
7.166750000000000000e+03,-2.300000000000000000e+01,-1.365381751708785174e-01
7.166750000000000000e+03,-2.200000000000000000e+01,-1.114292269971421945e-01
7.166750000000000000e+03,-2.100000000000000000e+01,-8.595472653483682279e-02
7.166750000000000000e+03,-2.000000000000000000e+01,-6.011894002724726960e-02
7.166750000000000000e+03,-1.900000000000000000e+01,-3.392746682742586728e-02
7.166750000000000000e+03,-1.800000000000000000e+01,-7.387292962606650804e-03
7.166750000000000000e+03,-1.700000000000000000e+01,1.949316888467489406e-02
7.166750000000000000e+03,-1.600000000000000000e+01,4.670405459655091462e-02
7.166750000000000000e+03,-1.500000000000000000e+01,7.423404019834078937e-02
7.166750000000000000e+03,-1.400000000000000000e+01,1.020703504092859148e-01
7.166750000000000000e+03,-1.300000000000000000e+01,1.301987841925336120e-01
7.166750000000000000e+03,-1.200000000000000000e+01,1.586037567488358668e-01
7.166750000000000000e+03,-1.100000000000000000e+01,1.872683568682529387e-01
7.166750000000000000e+03,-1.000000000000000000e+01,2.161744181188414160e-01
7.166750000000000000e+03,-9.000000000000000000e+00,2.453026020414232899e-01
7.166750000000000000e+03,-8.000000000000000000e+00,2.746324913513362720e-01
7.166750000000000000e+03,-7.000000000000000000e+00,3.041426911210881601e-01
7.166750000000000000e+03,-6.000000000000000000e+00,3.338109360177964335e-01
7.166750000000000000e+03,-5.000000000000000000e+00,3.636142018707954615e-01
7.166750000000000000e+03,-4.000000000000000000e+00,3.935288201163132937e-01
7.166750000000000000e+03,-3.000000000000000000e+00,4.235305939744421488e-01
7.166750000000000000e+03,-2.000000000000000000e+00,4.535949155269786703e-01
7.166750000000000000e+03,-1.000000000000000000e+00,4.836968831561565541e-01
7.166750000000000000e+03,0.000000000000000000e+00,5.138114190516690494e-01
7.166750000000000000e+03,1.000000000000000000e+00,5.439133866808473217e-01
7.166750000000000000e+03,2.000000000000000000e+00,5.739777082333846758e-01
7.166750000000000000e+03,3.000000000000000000e+00,6.039794820915138640e-01
7.166750000000000000e+03,4.000000000000000000e+00,6.338941003370316407e-01
7.166750000000000000e+03,5.000000000000000000e+00,6.636973661900295030e-01
7.166750000000000000e+03,6.000000000000000000e+00,6.933656110867387756e-01
7.166750000000000000e+03,7.000000000000000000e+00,7.228758108564918849e-01
7.166750000000000000e+03,8.000000000000000000e+00,7.522057001664040898e-01
7.166750000000000000e+03,9.000000000000000000e+00,7.813338840889858528e-01
7.166750000000000000e+03,1.000000000000000000e+01,8.102399453395727758e-01
7.166750000000000000e+03,1.100000000000000000e+01,8.389045454589925122e-01
7.166750000000000000e+03,1.200000000000000000e+01,8.673095180152929906e-01
7.166750000000000000e+03,1.300000000000000000e+01,8.954379517985424641e-01
7.166750000000000000e+03,1.400000000000000000e+01,9.232742620094867014e-01
7.166750000000000000e+03,1.500000000000000000e+01,9.508042476112721353e-01
7.166750000000000000e+03,1.600000000000000000e+01,9.780151333231561495e-01
7.166750000000000000e+03,1.700000000000000000e+01,1.004895595170434142e+00
7.166750000000000000e+03,1.800000000000000000e+01,1.031435769035251582e+00
7.166750000000000000e+03,1.900000000000000000e+01,1.057627242235076537e+00
7.166750000000000000e+03,2.000000000000000000e+01,1.083463028742666978e+00
7.166750000000000000e+03,2.100000000000000000e+01,1.108937529204967909e+00
7.166750000000000000e+03,2.200000000000000000e+01,1.134046477378706896e+00
7.166750000000000000e+03,2.300000000000000000e+01,1.158786874949103485e+00
7.166750000000000000e+03,2.400000000000000000e+01,1.183156916919905655e+00
7.166750000000000000e+03,2.500000000000000000e+01,1.207155909856750142e+00
7.166750000000000000e+03,2.600000000000000000e+01,1.230784185242674411e+00
7.166750000000000000e+03,2.700000000000000000e+01,1.254043010083067955e+00
7.166750000000000000e+03,2.800000000000000000e+01,1.276934496700489419e+00
7.166750000000000000e+03,2.900000000000000000e+01,1.299461513413517011e+00
7.166750000000000000e+03,3.000000000000000000e+01,1.321627597520590669e+00
7.333250000000000000e+03,-3.000000000000000000e+01,-3.019532112056939610e-01
7.333250000000000000e+03,-2.900000000000000000e+01,-2.794261944926699215e-01
7.333250000000000000e+03,-2.800000000000000000e+01,-2.565347078752591159e-01
7.333250000000000000e+03,-2.700000000000000000e+01,-2.332758830348478085e-01
7.333250000000000000e+03,-2.600000000000000000e+01,-2.096476076489288687e-01
7.333250000000000000e+03,-2.500000000000000000e+01,-1.856486147120790520e-01
7.333250000000000000e+03,-2.400000000000000000e+01,-1.612785727412724412e-01
7.333250000000000000e+03,-2.300000000000000000e+01,-1.365381751708785174e-01
7.333250000000000000e+03,-2.200000000000000000e+01,-1.114292269971421945e-01
7.333250000000000000e+03,-2.100000000000000000e+01,-8.595472653483682279e-02
7.333250000000000000e+03,-2.000000000000000000e+01,-6.011894002724726960e-02
7.333250000000000000e+03,-1.900000000000000000e+01,-3.392746682742586728e-02
7.333250000000000000e+03,-1.800000000000000000e+01,-7.387292962606650804e-03
7.333250000000000000e+03,-1.700000000000000000e+01,1.949316888467489406e-02
7.333250000000000000e+03,-1.600000000000000000e+01,4.670405459655091462e-02
7.333250000000000000e+03,-1.500000000000000000e+01,7.423404019834078937e-02
7.333250000000000000e+03,-1.400000000000000000e+01,1.020703504092859148e-01
7.333250000000000000e+03,-1.300000000000000000e+01,1.301987841925336120e-01
7.333250000000000000e+03,-1.200000000000000000e+01,1.586037567488358668e-01
7.333250000000000000e+03,-1.100000000000000000e+01,1.872683568682529387e-01
7.333250000000000000e+03,-1.000000000000000000e+01,2.161744181188414160e-01
7.333250000000000000e+03,-9.000000000000000000e+00,2.453026020414232899e-01
7.333250000000000000e+03,-8.000000000000000000e+00,2.746324913513362720e-01
7.333250000000000000e+03,-7.000000000000000000e+00,3.041426911210881601e-01
7.333250000000000000e+03,-6.000000000000000000e+00,3.338109360177964335e-01
7.333250000000000000e+03,-5.000000000000000000e+00,3.636142018707954615e-01
7.333250000000000000e+03,-4.000000000000000000e+00,3.935288201163132937e-01
7.333250000000000000e+03,-3.000000000000000000e+00,4.235305939744421488e-01
7.333250000000000000e+03,-2.000000000000000000e+00,4.535949155269786703e-01
7.333250000000000000e+03,-1.000000000000000000e+00,4.836968831561565541e-01
7.333250000000000000e+03,0.000000000000000000e+00,5.138114190516690494e-01
7.333250000000000000e+03,1.000000000000000000e+00,5.439133866808473217e-01
7.333250000000000000e+03,2.000000000000000000e+00,5.739777082333846758e-01
7.333250000000000000e+03,3.000000000000000000e+00,6.039794820915138640e-01
7.333250000000000000e+03,4.000000000000000000e+00,6.338941003370316407e-01
7.333250000000000000e+03,5.000000000000000000e+00,6.636973661900295030e-01
7.333250000000000000e+03,6.000000000000000000e+00,6.933656110867387756e-01
7.333250000000000000e+03,7.000000000000000000e+00,7.228758108564918849e-01
7.333250000000000000e+03,8.000000000000000000e+00,7.522057001664040898e-01
7.333250000000000000e+03,9.000000000000000000e+00,7.813338840889858528e-01
7.333250000000000000e+03,1.000000000000000000e+01,8.102399453395727758e-01
7.333250000000000000e+03,1.100000000000000000e+01,8.389045454589925122e-01
7.333250000000000000e+03,1.200000000000000000e+01,8.673095180152929906e-01
7.333250000000000000e+03,1.300000000000000000e+01,8.954379517985424641e-01
7.333250000000000000e+03,1.400000000000000000e+01,9.232742620094867014e-01
7.333250000000000000e+03,1.500000000000000000e+01,9.508042476112721353e-01
7.333250000000000000e+03,1.600000000000000000e+01,9.780151333231561495e-01
7.333250000000000000e+03,1.700000000000000000e+01,1.004895595170434142e+00
7.333250000000000000e+03,1.800000000000000000e+01,1.031435769035251582e+00
7.333250000000000000e+03,1.900000000000000000e+01,1.057627242235076537e+00
7.333250000000000000e+03,2.000000000000000000e+01,1.083463028742666978e+00
7.333250000000000000e+03,2.100000000000000000e+01,1.108937529204967909e+00
7.333250000000000000e+03,2.200000000000000000e+01,1.134046477378706896e+00
7.333250000000000000e+03,2.300000000000000000e+01,1.158786874949103485e+00
7.333250000000000000e+03,2.400000000000000000e+01,1.183156916919905655e+00
7.333250000000000000e+03,2.500000000000000000e+01,1.207155909856750142e+00
7.333250000000000000e+03,2.600000000000000000e+01,1.230784185242674411e+00
7.333250000000000000e+03,2.700000000000000000e+01,1.254043010083067955e+00
7.333250000000000000e+03,2.800000000000000000e+01,1.276934496700489419e+00
7.333250000000000000e+03,2.900000000000000000e+01,1.299461513413517011e+00
7.333250000000000000e+03,3.000000000000000000e+01,1.321627597520590669e+00
7.500000000000000000e+03,-3.000000000000000000e+01,-3.019532112056939610e-01
7.500000000000000000e+03,-2.900000000000000000e+01,-2.794261944926699215e-01
7.500000000000000000e+03,-2.800000000000000000e+01,-2.565347078752591159e-01
7.500000000000000000e+03,-2.700000000000000000e+01,-2.332758830348478085e-01
7.500000000000000000e+03,-2.600000000000000000e+01,-2.096476076489288687e-01
7.500000000000000000e+03,-2.500000000000000000e+01,-1.856486147120790520e-01
7.500000000000000000e+03,-2.400000000000000000e+01,-1.612785727412724412e-01
7.500000000000000000e+03,-2.300000000000000000e+01,-1.365381751708785174e-01
7.500000000000000000e+03,-2.200000000000000000e+01,-1.114292269971421945e-01
7.500000000000000000e+03,-2.100000000000000000e+01,-8.595472653483682279e-02
7.500000000000000000e+03,-2.000000000000000000e+01,-6.011894002724726960e-02
7.500000000000000000e+03,-1.900000000000000000e+01,-3.392746682742586728e-02
7.500000000000000000e+03,-1.800000000000000000e+01,-7.387292962606650804e-03
7.500000000000000000e+03,-1.700000000000000000e+01,1.949316888467489406e-02
7.500000000000000000e+03,-1.600000000000000000e+01,4.670405459655091462e-02
7.500000000000000000e+03,-1.500000000000000000e+01,7.423404019834078937e-02
7.500000000000000000e+03,-1.400000000000000000e+01,1.020703504092859148e-01
7.500000000000000000e+03,-1.300000000000000000e+01,1.301987841925336120e-01
7.500000000000000000e+03,-1.200000000000000000e+01,1.586037567488358668e-01
7.500000000000000000e+03,-1.100000000000000000e+01,1.872683568682529387e-01
7.500000000000000000e+03,-1.000000000000000000e+01,2.161744181188414160e-01
7.500000000000000000e+03,-9.000000000000000000e+00,2.453026020414232899e-01
7.500000000000000000e+03,-8.000000000000000000e+00,2.746324913513362720e-01
7.500000000000000000e+03,-7.000000000000000000e+00,3.041426911210881601e-01
7.500000000000000000e+03,-6.000000000000000000e+00,3.338109360177964335e-01
7.500000000000000000e+03,-5.000000000000000000e+00,3.636142018707953505e-01
7.500000000000000000e+03,-4.000000000000000000e+00,3.935288201163132937e-01
7.500000000000000000e+03,-3.000000000000000000e+00,4.235305939744421488e-01
7.500000000000000000e+03,-2.000000000000000000e+00,4.535949155269786703e-01
7.500000000000000000e+03,-1.000000000000000000e+00,4.836968831561565541e-01
7.500000000000000000e+03,0.000000000000000000e+00,5.138114190516690494e-01
7.500000000000000000e+03,1.000000000000000000e+00,5.439133866808473217e-01
7.500000000000000000e+03,2.000000000000000000e+00,5.739777082333846758e-01
7.500000000000000000e+03,3.000000000000000000e+00,6.039794820915138640e-01
7.500000000000000000e+03,4.000000000000000000e+00,6.338941003370316407e-01
7.500000000000000000e+03,5.000000000000000000e+00,6.636973661900297250e-01
7.500000000000000000e+03,6.000000000000000000e+00,6.933656110867386646e-01
7.500000000000000000e+03,7.000000000000000000e+00,7.228758108564918849e-01
7.500000000000000000e+03,8.000000000000000000e+00,7.522057001664040898e-01
7.500000000000000000e+03,9.000000000000000000e+00,7.813338840889858528e-01
7.500000000000000000e+03,1.000000000000000000e+01,8.102399453395727758e-01
7.500000000000000000e+03,1.100000000000000000e+01,8.389045454589925122e-01
7.500000000000000000e+03,1.200000000000000000e+01,8.673095180152929906e-01
7.500000000000000000e+03,1.300000000000000000e+01,8.954379517985424641e-01
7.500000000000000000e+03,1.400000000000000000e+01,9.232742620094867014e-01
7.500000000000000000e+03,1.500000000000000000e+01,9.508042476112721353e-01
7.500000000000000000e+03,1.600000000000000000e+01,9.780151333231561495e-01
7.500000000000000000e+03,1.700000000000000000e+01,1.004895595170434142e+00
7.500000000000000000e+03,1.800000000000000000e+01,1.031435769035251582e+00
7.500000000000000000e+03,1.900000000000000000e+01,1.057627242235076537e+00
7.500000000000000000e+03,2.000000000000000000e+01,1.083463028742666978e+00
7.500000000000000000e+03,2.100000000000000000e+01,1.108937529204967909e+00
7.500000000000000000e+03,2.200000000000000000e+01,1.134046477378706896e+00
7.500000000000000000e+03,2.300000000000000000e+01,1.158786874949103485e+00
7.500000000000000000e+03,2.400000000000000000e+01,1.183156916919905655e+00
7.500000000000000000e+03,2.500000000000000000e+01,1.207155909856750142e+00
7.500000000000000000e+03,2.600000000000000000e+01,1.230784185242674411e+00
7.500000000000000000e+03,2.700000000000000000e+01,1.254043010083067955e+00
7.500000000000000000e+03,2.800000000000000000e+01,1.276934496700489419e+00
7.500000000000000000e+03,2.900000000000000000e+01,1.299461513413517011e+00
7.500000000000000000e+03,3.000000000000000000e+01,1.321627597520590669e+00
7.666750000000000000e+03,-3.000000000000000000e+01,-3.019532112056939610e-01
7.666750000000000000e+03,-2.900000000000000000e+01,-2.794261944926699215e-01
7.666750000000000000e+03,-2.800000000000000000e+01,-2.565347078752591159e-01
7.666750000000000000e+03,-2.700000000000000000e+01,-2.332758830348478085e-01
7.666750000000000000e+03,-2.600000000000000000e+01,-2.096476076489288687e-01
7.666750000000000000e+03,-2.500000000000000000e+01,-1.856486147120790520e-01
7.666750000000000000e+03,-2.400000000000000000e+01,-1.612785727412724412e-01
7.666750000000000000e+03,-2.300000000000000000e+01,-1.365381751708785174e-01
7.666750000000000000e+03,-2.200000000000000000e+01,-1.114292269971421945e-01
7.666750000000000000e+03,-2.100000000000000000e+01,-8.595472653483682279e-02
7.666750000000000000e+03,-2.000000000000000000e+01,-6.011894002724726960e-02
7.666750000000000000e+03,-1.900000000000000000e+01,-3.392746682742586728e-02
7.666750000000000000e+03,-1.800000000000000000e+01,-7.387292962606650804e-03
7.666750000000000000e+03,-1.700000000000000000e+01,1.949316888467489406e-02
7.666750000000000000e+03,-1.600000000000000000e+01,4.670405459655091462e-02
7.666750000000000000e+03,-1.500000000000000000e+01,7.423404019834078937e-02
7.666750000000000000e+03,-1.400000000000000000e+01,1.020703504092859148e-01
7.666750000000000000e+03,-1.300000000000000000e+01,1.301987841925336120e-01
7.666750000000000000e+03,-1.200000000000000000e+01,1.586037567488358668e-01
7.666750000000000000e+03,-1.100000000000000000e+01,1.872683568682529387e-01
7.666750000000000000e+03,-1.000000000000000000e+01,2.161744181188414160e-01
7.666750000000000000e+03,-9.000000000000000000e+00,2.453026020414232899e-01
7.666750000000000000e+03,-8.000000000000000000e+00,2.746324913513362720e-01
7.666750000000000000e+03,-7.000000000000000000e+00,3.041426911210881601e-01
7.666750000000000000e+03,-6.000000000000000000e+00,3.338109360177964335e-01
7.666750000000000000e+03,-5.000000000000000000e+00,3.636142018707954615e-01
7.666750000000000000e+03,-4.000000000000000000e+00,3.935288201163132937e-01
7.666750000000000000e+03,-3.000000000000000000e+00,4.235305939744421488e-01
7.666750000000000000e+03,-2.000000000000000000e+00,4.535949155269786703e-01
7.666750000000000000e+03,-1.000000000000000000e+00,4.836968831561565541e-01
7.666750000000000000e+03,0.000000000000000000e+00,5.138114190516690494e-01
7.666750000000000000e+03,1.000000000000000000e+00,5.439133866808473217e-01
7.666750000000000000e+03,2.000000000000000000e+00,5.739777082333846758e-01
7.666750000000000000e+03,3.000000000000000000e+00,6.039794820915138640e-01
7.666750000000000000e+03,4.000000000000000000e+00,6.338941003370316407e-01
7.666750000000000000e+03,5.000000000000000000e+00,6.636973661900295030e-01
7.666750000000000000e+03,6.000000000000000000e+00,6.933656110867387756e-01
7.666750000000000000e+03,7.000000000000000000e+00,7.228758108564918849e-01
7.666750000000000000e+03,8.000000000000000000e+00,7.522057001664040898e-01
7.666750000000000000e+03,9.000000000000000000e+00,7.813338840889858528e-01
7.666750000000000000e+03,1.000000000000000000e+01,8.102399453395727758e-01
7.666750000000000000e+03,1.100000000000000000e+01,8.389045454589925122e-01
7.666750000000000000e+03,1.200000000000000000e+01,8.673095180152929906e-01
7.666750000000000000e+03,1.300000000000000000e+01,8.954379517985424641e-01
7.666750000000000000e+03,1.400000000000000000e+01,9.232742620094867014e-01
7.666750000000000000e+03,1.500000000000000000e+01,9.508042476112721353e-01
7.666750000000000000e+03,1.600000000000000000e+01,9.780151333231561495e-01
7.666750000000000000e+03,1.700000000000000000e+01,1.004895595170434142e+00
7.666750000000000000e+03,1.800000000000000000e+01,1.031435769035251582e+00
7.666750000000000000e+03,1.900000000000000000e+01,1.057627242235076537e+00
7.666750000000000000e+03,2.000000000000000000e+01,1.083463028742666978e+00
7.666750000000000000e+03,2.100000000000000000e+01,1.108937529204967909e+00
7.666750000000000000e+03,2.200000000000000000e+01,1.134046477378706896e+00
7.666750000000000000e+03,2.300000000000000000e+01,1.158786874949103485e+00
7.666750000000000000e+03,2.400000000000000000e+01,1.183156916919905655e+00
7.666750000000000000e+03,2.500000000000000000e+01,1.207155909856750142e+00
7.666750000000000000e+03,2.600000000000000000e+01,1.230784185242674411e+00
7.666750000000000000e+03,2.700000000000000000e+01,1.254043010083067955e+00
7.666750000000000000e+03,2.800000000000000000e+01,1.276934496700489419e+00
7.666750000000000000e+03,2.900000000000000000e+01,1.299461513413517011e+00
7.666750000000000000e+03,3.000000000000000000e+01,1.321627597520590669e+00
7.833250000000000000e+03,-3.000000000000000000e+01,-3.019532112056939610e-01
7.833250000000000000e+03,-2.900000000000000000e+01,-2.794261944926699215e-01
7.833250000000000000e+03,-2.800000000000000000e+01,-2.565347078752591159e-01
7.833250000000000000e+03,-2.700000000000000000e+01,-2.332758830348478085e-01
7.833250000000000000e+03,-2.600000000000000000e+01,-2.096476076489288687e-01
7.833250000000000000e+03,-2.500000000000000000e+01,-1.856486147120790520e-01
7.833250000000000000e+03,-2.400000000000000000e+01,-1.612785727412724412e-01
7.833250000000000000e+03,-2.300000000000000000e+01,-1.365381751708785174e-01
7.833250000000000000e+03,-2.200000000000000000e+01,-1.114292269971421945e-01
7.833250000000000000e+03,-2.100000000000000000e+01,-8.595472653483682279e-02
7.833250000000000000e+03,-2.000000000000000000e+01,-6.011894002724726960e-02
7.833250000000000000e+03,-1.900000000000000000e+01,-3.392746682742586728e-02
7.833250000000000000e+03,-1.800000000000000000e+01,-7.387292962606650804e-03
7.833250000000000000e+03,-1.700000000000000000e+01,1.949316888467489406e-02
7.833250000000000000e+03,-1.600000000000000000e+01,4.670405459655091462e-02
7.833250000000000000e+03,-1.500000000000000000e+01,7.423404019834078937e-02
7.833250000000000000e+03,-1.400000000000000000e+01,1.020703504092859148e-01
7.833250000000000000e+03,-1.300000000000000000e+01,1.301987841925336120e-01
7.833250000000000000e+03,-1.200000000000000000e+01,1.586037567488358668e-01
7.833250000000000000e+03,-1.100000000000000000e+01,1.872683568682529387e-01
7.833250000000000000e+03,-1.000000000000000000e+01,2.161744181188414160e-01
7.833250000000000000e+03,-9.000000000000000000e+00,2.453026020414232899e-01
7.833250000000000000e+03,-8.000000000000000000e+00,2.746324913513362720e-01
7.833250000000000000e+03,-7.000000000000000000e+00,3.041426911210881601e-01
7.833250000000000000e+03,-6.000000000000000000e+00,3.338109360177964335e-01
7.833250000000000000e+03,-5.000000000000000000e+00,3.636142018707954615e-01
7.833250000000000000e+03,-4.000000000000000000e+00,3.935288201163132937e-01
7.833250000000000000e+03,-3.000000000000000000e+00,4.235305939744421488e-01
7.833250000000000000e+03,-2.000000000000000000e+00,4.535949155269786703e-01
7.833250000000000000e+03,-1.000000000000000000e+00,4.836968831561565541e-01
7.833250000000000000e+03,0.000000000000000000e+00,5.138114190516690494e-01
7.833250000000000000e+03,1.000000000000000000e+00,5.439133866808473217e-01
7.833250000000000000e+03,2.000000000000000000e+00,5.739777082333846758e-01
7.833250000000000000e+03,3.000000000000000000e+00,6.039794820915138640e-01
7.833250000000000000e+03,4.000000000000000000e+00,6.338941003370316407e-01
7.833250000000000000e+03,5.000000000000000000e+00,6.636973661900295030e-01
7.833250000000000000e+03,6.000000000000000000e+00,6.933656110867387756e-01
7.833250000000000000e+03,7.000000000000000000e+00,7.228758108564918849e-01
7.833250000000000000e+03,8.000000000000000000e+00,7.522057001664040898e-01
7.833250000000000000e+03,9.000000000000000000e+00,7.813338840889858528e-01
7.833250000000000000e+03,1.000000000000000000e+01,8.102399453395727758e-01
7.833250000000000000e+03,1.100000000000000000e+01,8.389045454589925122e-01
7.833250000000000000e+03,1.200000000000000000e+01,8.673095180152929906e-01
7.833250000000000000e+03,1.300000000000000000e+01,8.954379517985424641e-01
7.833250000000000000e+03,1.400000000000000000e+01,9.232742620094867014e-01
7.833250000000000000e+03,1.500000000000000000e+01,9.508042476112721353e-01
7.833250000000000000e+03,1.600000000000000000e+01,9.780151333231561495e-01
7.833250000000000000e+03,1.700000000000000000e+01,1.004895595170434142e+00
7.833250000000000000e+03,1.800000000000000000e+01,1.031435769035251582e+00
7.833250000000000000e+03,1.900000000000000000e+01,1.057627242235076537e+00
7.833250000000000000e+03,2.000000000000000000e+01,1.083463028742666978e+00
7.833250000000000000e+03,2.100000000000000000e+01,1.108937529204967909e+00
7.833250000000000000e+03,2.200000000000000000e+01,1.134046477378706896e+00
7.833250000000000000e+03,2.300000000000000000e+01,1.158786874949103485e+00
7.833250000000000000e+03,2.400000000000000000e+01,1.183156916919905655e+00
7.833250000000000000e+03,2.500000000000000000e+01,1.207155909856750142e+00
7.833250000000000000e+03,2.600000000000000000e+01,1.230784185242674411e+00
7.833250000000000000e+03,2.700000000000000000e+01,1.254043010083067955e+00
7.833250000000000000e+03,2.800000000000000000e+01,1.276934496700489419e+00
7.833250000000000000e+03,2.900000000000000000e+01,1.299461513413517011e+00
7.833250000000000000e+03,3.000000000000000000e+01,1.321627597520590669e+00
8.000000000000000000e+03,-3.000000000000000000e+01,-3.019532112056939610e-01
8.000000000000000000e+03,-2.900000000000000000e+01,-2.794261944926699215e-01
8.000000000000000000e+03,-2.800000000000000000e+01,-2.565347078752591159e-01
8.000000000000000000e+03,-2.700000000000000000e+01,-2.332758830348478085e-01
8.000000000000000000e+03,-2.600000000000000000e+01,-2.096476076489288687e-01
8.000000000000000000e+03,-2.500000000000000000e+01,-1.856486147120790520e-01
8.000000000000000000e+03,-2.400000000000000000e+01,-1.612785727412724412e-01
8.000000000000000000e+03,-2.300000000000000000e+01,-1.365381751708785174e-01
8.000000000000000000e+03,-2.200000000000000000e+01,-1.114292269971421945e-01
8.000000000000000000e+03,-2.100000000000000000e+01,-8.595472653483682279e-02
8.000000000000000000e+03,-2.000000000000000000e+01,-6.011894002724726960e-02
8.000000000000000000e+03,-1.900000000000000000e+01,-3.392746682742586728e-02
8.000000000000000000e+03,-1.800000000000000000e+01,-7.387292962606650804e-03
8.000000000000000000e+03,-1.700000000000000000e+01,1.949316888467489406e-02
8.000000000000000000e+03,-1.600000000000000000e+01,4.670405459655091462e-02
8.000000000000000000e+03,-1.500000000000000000e+01,7.423404019834078937e-02
8.000000000000000000e+03,-1.400000000000000000e+01,1.020703504092859148e-01
8.000000000000000000e+03,-1.300000000000000000e+01,1.301987841925336120e-01
8.000000000000000000e+03,-1.200000000000000000e+01,1.586037567488358668e-01
8.000000000000000000e+03,-1.100000000000000000e+01,1.872683568682529387e-01
8.000000000000000000e+03,-1.000000000000000000e+01,2.161744181188414160e-01
8.000000000000000000e+03,-9.000000000000000000e+00,2.453026020414232899e-01
8.000000000000000000e+03,-8.000000000000000000e+00,2.746324913513362720e-01
8.000000000000000000e+03,-7.000000000000000000e+00,3.041426911210881601e-01
8.000000000000000000e+03,-6.000000000000000000e+00,3.338109360177964335e-01
8.000000000000000000e+03,-5.000000000000000000e+00,3.636142018707953505e-01
8.000000000000000000e+03,-4.000000000000000000e+00,3.935288201163132937e-01
8.000000000000000000e+03,-3.000000000000000000e+00,4.235305939744421488e-01
8.000000000000000000e+03,-2.000000000000000000e+00,4.535949155269786703e-01
8.000000000000000000e+03,-1.000000000000000000e+00,4.836968831561565541e-01
8.000000000000000000e+03,0.000000000000000000e+00,5.138114190516690494e-01
8.000000000000000000e+03,1.000000000000000000e+00,5.439133866808473217e-01
8.000000000000000000e+03,2.000000000000000000e+00,5.739777082333846758e-01
8.000000000000000000e+03,3.000000000000000000e+00,6.039794820915138640e-01
8.000000000000000000e+03,4.000000000000000000e+00,6.338941003370316407e-01
8.000000000000000000e+03,5.000000000000000000e+00,6.636973661900297250e-01
8.000000000000000000e+03,6.000000000000000000e+00,6.933656110867386646e-01
8.000000000000000000e+03,7.000000000000000000e+00,7.228758108564918849e-01
8.000000000000000000e+03,8.000000000000000000e+00,7.522057001664040898e-01
8.000000000000000000e+03,9.000000000000000000e+00,7.813338840889858528e-01
8.000000000000000000e+03,1.000000000000000000e+01,8.102399453395727758e-01
8.000000000000000000e+03,1.100000000000000000e+01,8.389045454589925122e-01
8.000000000000000000e+03,1.200000000000000000e+01,8.673095180152929906e-01
8.000000000000000000e+03,1.300000000000000000e+01,8.954379517985424641e-01
8.000000000000000000e+03,1.400000000000000000e+01,9.232742620094867014e-01
8.000000000000000000e+03,1.500000000000000000e+01,9.508042476112721353e-01
8.000000000000000000e+03,1.600000000000000000e+01,9.780151333231561495e-01
8.000000000000000000e+03,1.700000000000000000e+01,1.004895595170434142e+00
8.000000000000000000e+03,1.800000000000000000e+01,1.031435769035251582e+00
8.000000000000000000e+03,1.900000000000000000e+01,1.057627242235076537e+00
8.000000000000000000e+03,2.000000000000000000e+01,1.083463028742666978e+00
8.000000000000000000e+03,2.100000000000000000e+01,1.108937529204967909e+00
8.000000000000000000e+03,2.200000000000000000e+01,1.134046477378706896e+00
8.000000000000000000e+03,2.300000000000000000e+01,1.158786874949103485e+00
8.000000000000000000e+03,2.400000000000000000e+01,1.183156916919905655e+00
8.000000000000000000e+03,2.500000000000000000e+01,1.207155909856750142e+00
8.000000000000000000e+03,2.600000000000000000e+01,1.230784185242674411e+00
8.000000000000000000e+03,2.700000000000000000e+01,1.254043010083067955e+00
8.000000000000000000e+03,2.800000000000000000e+01,1.276934496700489419e+00
8.000000000000000000e+03,2.900000000000000000e+01,1.299461513413517011e+00
8.000000000000000000e+03,3.000000000000000000e+01,1.321627597520590669e+00
8.166750000000000000e+03,-3.000000000000000000e+01,-3.019532112056939610e-01
8.166750000000000000e+03,-2.900000000000000000e+01,-2.794261944926699215e-01
8.166750000000000000e+03,-2.800000000000000000e+01,-2.565347078752591159e-01
8.166750000000000000e+03,-2.700000000000000000e+01,-2.332758830348478085e-01
8.166750000000000000e+03,-2.600000000000000000e+01,-2.096476076489288687e-01
8.166750000000000000e+03,-2.500000000000000000e+01,-1.856486147120790520e-01
8.166750000000000000e+03,-2.400000000000000000e+01,-1.612785727412724412e-01
8.166750000000000000e+03,-2.300000000000000000e+01,-1.365381751708785174e-01
8.166750000000000000e+03,-2.200000000000000000e+01,-1.114292269971421945e-01
8.166750000000000000e+03,-2.100000000000000000e+01,-8.595472653483682279e-02
8.166750000000000000e+03,-2.000000000000000000e+01,-6.011894002724726960e-02
8.166750000000000000e+03,-1.900000000000000000e+01,-3.392746682742586728e-02
8.166750000000000000e+03,-1.800000000000000000e+01,-7.387292962606650804e-03
8.166750000000000000e+03,-1.700000000000000000e+01,1.949316888467489406e-02
8.166750000000000000e+03,-1.600000000000000000e+01,4.670405459655091462e-02
8.166750000000000000e+03,-1.500000000000000000e+01,7.423404019834078937e-02
8.166750000000000000e+03,-1.400000000000000000e+01,1.020703504092859148e-01
8.166750000000000000e+03,-1.300000000000000000e+01,1.301987841925336120e-01
8.166750000000000000e+03,-1.200000000000000000e+01,1.586037567488358668e-01
8.166750000000000000e+03,-1.100000000000000000e+01,1.872683568682529387e-01
8.166750000000000000e+03,-1.000000000000000000e+01,2.161744181188414160e-01
8.166750000000000000e+03,-9.000000000000000000e+00,2.453026020414232899e-01
8.166750000000000000e+03,-8.000000000000000000e+00,2.746324913513362720e-01
8.166750000000000000e+03,-7.000000000000000000e+00,3.041426911210881601e-01
8.166750000000000000e+03,-6.000000000000000000e+00,3.338109360177964335e-01
8.166750000000000000e+03,-5.000000000000000000e+00,3.636142018707954615e-01
8.166750000000000000e+03,-4.000000000000000000e+00,3.935288201163132937e-01
8.166750000000000000e+03,-3.000000000000000000e+00,4.235305939744421488e-01
8.166750000000000000e+03,-2.000000000000000000e+00,4.535949155269786703e-01
8.166750000000000000e+03,-1.000000000000000000e+00,4.836968831561565541e-01
8.166750000000000000e+03,0.000000000000000000e+00,5.138114190516690494e-01
8.166750000000000000e+03,1.000000000000000000e+00,5.439133866808473217e-01
8.166750000000000000e+03,2.000000000000000000e+00,5.739777082333846758e-01
8.166750000000000000e+03,3.000000000000000000e+00,6.039794820915138640e-01
8.166750000000000000e+03,4.000000000000000000e+00,6.338941003370316407e-01
8.166750000000000000e+03,5.000000000000000000e+00,6.636973661900295030e-01
8.166750000000000000e+03,6.000000000000000000e+00,6.933656110867387756e-01
8.166750000000000000e+03,7.000000000000000000e+00,7.228758108564918849e-01
8.166750000000000000e+03,8.000000000000000000e+00,7.522057001664040898e-01
8.166750000000000000e+03,9.000000000000000000e+00,7.813338840889858528e-01
8.166750000000000000e+03,1.000000000000000000e+01,8.102399453395727758e-01
8.166750000000000000e+03,1.100000000000000000e+01,8.389045454589925122e-01
8.166750000000000000e+03,1.200000000000000000e+01,8.673095180152929906e-01
8.166750000000000000e+03,1.300000000000000000e+01,8.954379517985424641e-01
8.166750000000000000e+03,1.400000000000000000e+01,9.232742620094867014e-01
8.166750000000000000e+03,1.500000000000000000e+01,9.508042476112721353e-01
8.166750000000000000e+03,1.600000000000000000e+01,9.780151333231561495e-01
8.166750000000000000e+03,1.700000000000000000e+01,1.004895595170434142e+00
8.166750000000000000e+03,1.800000000000000000e+01,1.031435769035251582e+00
8.166750000000000000e+03,1.900000000000000000e+01,1.057627242235076537e+00
8.166750000000000000e+03,2.000000000000000000e+01,1.083463028742666978e+00
8.166750000000000000e+03,2.100000000000000000e+01,1.108937529204967909e+00
8.166750000000000000e+03,2.200000000000000000e+01,1.134046477378706896e+00
8.166750000000000000e+03,2.300000000000000000e+01,1.158786874949103485e+00
8.166750000000000000e+03,2.400000000000000000e+01,1.183156916919905655e+00
8.166750000000000000e+03,2.500000000000000000e+01,1.207155909856750142e+00
8.166750000000000000e+03,2.600000000000000000e+01,1.230784185242674411e+00
8.166750000000000000e+03,2.700000000000000000e+01,1.254043010083067955e+00
8.166750000000000000e+03,2.800000000000000000e+01,1.276934496700489419e+00
8.166750000000000000e+03,2.900000000000000000e+01,1.299461513413517011e+00
8.166750000000000000e+03,3.000000000000000000e+01,1.321627597520590669e+00
8.333250000000000000e+03,-3.000000000000000000e+01,-3.019532112056939610e-01
8.333250000000000000e+03,-2.900000000000000000e+01,-2.794261944926699215e-01
8.333250000000000000e+03,-2.800000000000000000e+01,-2.565347078752591159e-01
8.333250000000000000e+03,-2.700000000000000000e+01,-2.332758830348478085e-01
8.333250000000000000e+03,-2.600000000000000000e+01,-2.096476076489288687e-01
8.333250000000000000e+03,-2.500000000000000000e+01,-1.856486147120790520e-01
8.333250000000000000e+03,-2.400000000000000000e+01,-1.612785727412724412e-01
8.333250000000000000e+03,-2.300000000000000000e+01,-1.365381751708785174e-01
8.333250000000000000e+03,-2.200000000000000000e+01,-1.114292269971421945e-01
8.333250000000000000e+03,-2.100000000000000000e+01,-8.595472653483682279e-02
8.333250000000000000e+03,-2.000000000000000000e+01,-6.011894002724726960e-02
8.333250000000000000e+03,-1.900000000000000000e+01,-3.392746682742586728e-02
8.333250000000000000e+03,-1.800000000000000000e+01,-7.387292962606650804e-03
8.333250000000000000e+03,-1.700000000000000000e+01,1.949316888467489406e-02
8.333250000000000000e+03,-1.600000000000000000e+01,4.670405459655091462e-02
8.333250000000000000e+03,-1.500000000000000000e+01,7.423404019834078937e-02
8.333250000000000000e+03,-1.400000000000000000e+01,1.020703504092859148e-01
8.333250000000000000e+03,-1.300000000000000000e+01,1.301987841925336120e-01
8.333250000000000000e+03,-1.200000000000000000e+01,1.586037567488358668e-01
8.333250000000000000e+03,-1.100000000000000000e+01,1.872683568682529387e-01
8.333250000000000000e+03,-1.000000000000000000e+01,2.161744181188414160e-01
8.333250000000000000e+03,-9.000000000000000000e+00,2.453026020414232899e-01
8.333250000000000000e+03,-8.000000000000000000e+00,2.746324913513362720e-01
8.333250000000000000e+03,-7.000000000000000000e+00,3.041426911210881601e-01
8.333250000000000000e+03,-6.000000000000000000e+00,3.338109360177964335e-01
8.333250000000000000e+03,-5.000000000000000000e+00,3.636142018707954615e-01
8.333250000000000000e+03,-4.000000000000000000e+00,3.935288201163132937e-01
8.333250000000000000e+03,-3.000000000000000000e+00,4.235305939744421488e-01
8.333250000000000000e+03,-2.000000000000000000e+00,4.535949155269786703e-01
8.333250000000000000e+03,-1.000000000000000000e+00,4.836968831561565541e-01
8.333250000000000000e+03,0.000000000000000000e+00,5.138114190516690494e-01
8.333250000000000000e+03,1.000000000000000000e+00,5.439133866808473217e-01
8.333250000000000000e+03,2.000000000000000000e+00,5.739777082333846758e-01
8.333250000000000000e+03,3.000000000000000000e+00,6.039794820915138640e-01
8.333250000000000000e+03,4.000000000000000000e+00,6.338941003370316407e-01
8.333250000000000000e+03,5.000000000000000000e+00,6.636973661900295030e-01
8.333250000000000000e+03,6.000000000000000000e+00,6.933656110867387756e-01
8.333250000000000000e+03,7.000000000000000000e+00,7.228758108564918849e-01
8.333250000000000000e+03,8.000000000000000000e+00,7.522057001664040898e-01
8.333250000000000000e+03,9.000000000000000000e+00,7.813338840889858528e-01
8.333250000000000000e+03,1.000000000000000000e+01,8.102399453395727758e-01
8.333250000000000000e+03,1.100000000000000000e+01,8.389045454589925122e-01
8.333250000000000000e+03,1.200000000000000000e+01,8.673095180152929906e-01
8.333250000000000000e+03,1.300000000000000000e+01,8.954379517985424641e-01
8.333250000000000000e+03,1.400000000000000000e+01,9.232742620094867014e-01
8.333250000000000000e+03,1.500000000000000000e+01,9.508042476112721353e-01
8.333250000000000000e+03,1.600000000000000000e+01,9.780151333231561495e-01
8.333250000000000000e+03,1.700000000000000000e+01,1.004895595170434142e+00
8.333250000000000000e+03,1.800000000000000000e+01,1.031435769035251582e+00
8.333250000000000000e+03,1.900000000000000000e+01,1.057627242235076537e+00
8.333250000000000000e+03,2.000000000000000000e+01,1.083463028742666978e+00
8.333250000000000000e+03,2.100000000000000000e+01,1.108937529204967909e+00
8.333250000000000000e+03,2.200000000000000000e+01,1.134046477378706896e+00
8.333250000000000000e+03,2.300000000000000000e+01,1.158786874949103485e+00
8.333250000000000000e+03,2.400000000000000000e+01,1.183156916919905655e+00
8.333250000000000000e+03,2.500000000000000000e+01,1.207155909856750142e+00
8.333250000000000000e+03,2.600000000000000000e+01,1.230784185242674411e+00
8.333250000000000000e+03,2.700000000000000000e+01,1.254043010083067955e+00
8.333250000000000000e+03,2.800000000000000000e+01,1.276934496700489419e+00
8.333250000000000000e+03,2.900000000000000000e+01,1.299461513413517011e+00
8.333250000000000000e+03,3.000000000000000000e+01,1.321627597520590669e+00
8.500000000000000000e+03,-3.000000000000000000e+01,-3.019532112056939610e-01
8.500000000000000000e+03,-2.900000000000000000e+01,-2.794261944926699215e-01
8.500000000000000000e+03,-2.800000000000000000e+01,-2.565347078752591159e-01
8.500000000000000000e+03,-2.700000000000000000e+01,-2.332758830348478085e-01
8.500000000000000000e+03,-2.600000000000000000e+01,-2.096476076489288687e-01
8.500000000000000000e+03,-2.500000000000000000e+01,-1.856486147120790520e-01
8.500000000000000000e+03,-2.400000000000000000e+01,-1.612785727412724412e-01
8.500000000000000000e+03,-2.300000000000000000e+01,-1.365381751708785174e-01
8.500000000000000000e+03,-2.200000000000000000e+01,-1.114292269971421945e-01
8.500000000000000000e+03,-2.100000000000000000e+01,-8.595472653483682279e-02
8.500000000000000000e+03,-2.000000000000000000e+01,-6.011894002724726960e-02
8.500000000000000000e+03,-1.900000000000000000e+01,-3.392746682742586728e-02
8.500000000000000000e+03,-1.800000000000000000e+01,-7.387292962606650804e-03
8.500000000000000000e+03,-1.700000000000000000e+01,1.949316888467489406e-02
8.500000000000000000e+03,-1.600000000000000000e+01,4.670405459655091462e-02
8.500000000000000000e+03,-1.500000000000000000e+01,7.423404019834078937e-02
8.500000000000000000e+03,-1.400000000000000000e+01,1.020703504092859148e-01
8.500000000000000000e+03,-1.300000000000000000e+01,1.301987841925336120e-01
8.500000000000000000e+03,-1.200000000000000000e+01,1.586037567488358668e-01
8.500000000000000000e+03,-1.100000000000000000e+01,1.872683568682529387e-01
8.500000000000000000e+03,-1.000000000000000000e+01,2.161744181188414160e-01
8.500000000000000000e+03,-9.000000000000000000e+00,2.453026020414232899e-01
8.500000000000000000e+03,-8.000000000000000000e+00,2.746324913513362720e-01
8.500000000000000000e+03,-7.000000000000000000e+00,3.041426911210881601e-01
8.500000000000000000e+03,-6.000000000000000000e+00,3.338109360177964335e-01
8.500000000000000000e+03,-5.000000000000000000e+00,3.636142018707953505e-01
8.500000000000000000e+03,-4.000000000000000000e+00,3.935288201163132937e-01
8.500000000000000000e+03,-3.000000000000000000e+00,4.235305939744421488e-01
8.500000000000000000e+03,-2.000000000000000000e+00,4.535949155269786703e-01
8.500000000000000000e+03,-1.000000000000000000e+00,4.836968831561565541e-01
8.500000000000000000e+03,0.000000000000000000e+00,5.138114190516690494e-01
8.500000000000000000e+03,1.000000000000000000e+00,5.439133866808473217e-01
8.500000000000000000e+03,2.000000000000000000e+00,5.739777082333846758e-01
8.500000000000000000e+03,3.000000000000000000e+00,6.039794820915138640e-01
8.500000000000000000e+03,4.000000000000000000e+00,6.338941003370316407e-01
8.500000000000000000e+03,5.000000000000000000e+00,6.636973661900297250e-01
8.500000000000000000e+03,6.000000000000000000e+00,6.933656110867386646e-01
8.500000000000000000e+03,7.000000000000000000e+00,7.228758108564918849e-01
8.500000000000000000e+03,8.000000000000000000e+00,7.522057001664040898e-01
8.500000000000000000e+03,9.000000000000000000e+00,7.813338840889858528e-01
8.500000000000000000e+03,1.000000000000000000e+01,8.102399453395727758e-01
8.500000000000000000e+03,1.100000000000000000e+01,8.389045454589925122e-01
8.500000000000000000e+03,1.200000000000000000e+01,8.673095180152929906e-01
8.500000000000000000e+03,1.300000000000000000e+01,8.954379517985424641e-01
8.500000000000000000e+03,1.400000000000000000e+01,9.232742620094867014e-01
8.500000000000000000e+03,1.500000000000000000e+01,9.508042476112721353e-01
8.500000000000000000e+03,1.600000000000000000e+01,9.780151333231561495e-01
8.500000000000000000e+03,1.700000000000000000e+01,1.004895595170434142e+00
8.500000000000000000e+03,1.800000000000000000e+01,1.031435769035251582e+00
8.500000000000000000e+03,1.900000000000000000e+01,1.057627242235076537e+00
8.500000000000000000e+03,2.000000000000000000e+01,1.083463028742666978e+00
8.500000000000000000e+03,2.100000000000000000e+01,1.108937529204967909e+00
8.500000000000000000e+03,2.200000000000000000e+01,1.134046477378706896e+00
8.500000000000000000e+03,2.300000000000000000e+01,1.158786874949103485e+00
8.500000000000000000e+03,2.400000000000000000e+01,1.183156916919905655e+00
8.500000000000000000e+03,2.500000000000000000e+01,1.207155909856750142e+00
8.500000000000000000e+03,2.600000000000000000e+01,1.230784185242674411e+00
8.500000000000000000e+03,2.700000000000000000e+01,1.254043010083067955e+00
8.500000000000000000e+03,2.800000000000000000e+01,1.276934496700489419e+00
8.500000000000000000e+03,2.900000000000000000e+01,1.299461513413517011e+00
8.500000000000000000e+03,3.000000000000000000e+01,1.321627597520590669e+00
8.666750000000000000e+03,-3.000000000000000000e+01,-3.019532112056939610e-01
8.666750000000000000e+03,-2.900000000000000000e+01,-2.794261944926699215e-01
8.666750000000000000e+03,-2.800000000000000000e+01,-2.565347078752591159e-01
8.666750000000000000e+03,-2.700000000000000000e+01,-2.332758830348478085e-01
8.666750000000000000e+03,-2.600000000000000000e+01,-2.096476076489288687e-01
8.666750000000000000e+03,-2.500000000000000000e+01,-1.856486147120790520e-01
8.666750000000000000e+03,-2.400000000000000000e+01,-1.612785727412724412e-01
8.666750000000000000e+03,-2.300000000000000000e+01,-1.365381751708785174e-01
8.666750000000000000e+03,-2.200000000000000000e+01,-1.114292269971421945e-01
8.666750000000000000e+03,-2.100000000000000000e+01,-8.595472653483682279e-02
8.666750000000000000e+03,-2.000000000000000000e+01,-6.011894002724726960e-02
8.666750000000000000e+03,-1.900000000000000000e+01,-3.392746682742586728e-02
8.666750000000000000e+03,-1.800000000000000000e+01,-7.387292962606650804e-03
8.666750000000000000e+03,-1.700000000000000000e+01,1.949316888467489406e-02
8.666750000000000000e+03,-1.600000000000000000e+01,4.670405459655091462e-02
8.666750000000000000e+03,-1.500000000000000000e+01,7.423404019834078937e-02
8.666750000000000000e+03,-1.400000000000000000e+01,1.020703504092859148e-01
8.666750000000000000e+03,-1.300000000000000000e+01,1.301987841925336120e-01
8.666750000000000000e+03,-1.200000000000000000e+01,1.586037567488358668e-01
8.666750000000000000e+03,-1.100000000000000000e+01,1.872683568682529387e-01
8.666750000000000000e+03,-1.000000000000000000e+01,2.161744181188414160e-01
8.666750000000000000e+03,-9.000000000000000000e+00,2.453026020414232899e-01
8.666750000000000000e+03,-8.000000000000000000e+00,2.746324913513362720e-01
8.666750000000000000e+03,-7.000000000000000000e+00,3.041426911210881601e-01
8.666750000000000000e+03,-6.000000000000000000e+00,3.338109360177964335e-01
8.666750000000000000e+03,-5.000000000000000000e+00,3.636142018707954615e-01
8.666750000000000000e+03,-4.000000000000000000e+00,3.935288201163132937e-01
8.666750000000000000e+03,-3.000000000000000000e+00,4.235305939744421488e-01
8.666750000000000000e+03,-2.000000000000000000e+00,4.535949155269786703e-01
8.666750000000000000e+03,-1.000000000000000000e+00,4.836968831561565541e-01
8.666750000000000000e+03,0.000000000000000000e+00,5.138114190516690494e-01
8.666750000000000000e+03,1.000000000000000000e+00,5.439133866808473217e-01
8.666750000000000000e+03,2.000000000000000000e+00,5.739777082333846758e-01
8.666750000000000000e+03,3.000000000000000000e+00,6.039794820915138640e-01
8.666750000000000000e+03,4.000000000000000000e+00,6.338941003370316407e-01
8.666750000000000000e+03,5.000000000000000000e+00,6.636973661900295030e-01
8.666750000000000000e+03,6.000000000000000000e+00,6.933656110867387756e-01
8.666750000000000000e+03,7.000000000000000000e+00,7.228758108564918849e-01
8.666750000000000000e+03,8.000000000000000000e+00,7.522057001664040898e-01
8.666750000000000000e+03,9.000000000000000000e+00,7.813338840889858528e-01
8.666750000000000000e+03,1.000000000000000000e+01,8.102399453395727758e-01
8.666750000000000000e+03,1.100000000000000000e+01,8.389045454589925122e-01
8.666750000000000000e+03,1.200000000000000000e+01,8.673095180152929906e-01
8.666750000000000000e+03,1.300000000000000000e+01,8.954379517985424641e-01
8.666750000000000000e+03,1.400000000000000000e+01,9.232742620094867014e-01
8.666750000000000000e+03,1.500000000000000000e+01,9.508042476112721353e-01
8.666750000000000000e+03,1.600000000000000000e+01,9.780151333231561495e-01
8.666750000000000000e+03,1.700000000000000000e+01,1.004895595170434142e+00
8.666750000000000000e+03,1.800000000000000000e+01,1.031435769035251582e+00
8.666750000000000000e+03,1.900000000000000000e+01,1.057627242235076537e+00
8.666750000000000000e+03,2.000000000000000000e+01,1.083463028742666978e+00
8.666750000000000000e+03,2.100000000000000000e+01,1.108937529204967909e+00
8.666750000000000000e+03,2.200000000000000000e+01,1.134046477378706896e+00
8.666750000000000000e+03,2.300000000000000000e+01,1.158786874949103485e+00
8.666750000000000000e+03,2.400000000000000000e+01,1.183156916919905655e+00
8.666750000000000000e+03,2.500000000000000000e+01,1.207155909856750142e+00
8.666750000000000000e+03,2.600000000000000000e+01,1.230784185242674411e+00
8.666750000000000000e+03,2.700000000000000000e+01,1.254043010083067955e+00
8.666750000000000000e+03,2.800000000000000000e+01,1.276934496700489419e+00
8.666750000000000000e+03,2.900000000000000000e+01,1.299461513413517011e+00
8.666750000000000000e+03,3.000000000000000000e+01,1.321627597520590669e+00
8.833250000000000000e+03,-3.000000000000000000e+01,-3.019532112056939610e-01
8.833250000000000000e+03,-2.900000000000000000e+01,-2.794261944926699215e-01
8.833250000000000000e+03,-2.800000000000000000e+01,-2.565347078752591159e-01
8.833250000000000000e+03,-2.700000000000000000e+01,-2.332758830348478085e-01
8.833250000000000000e+03,-2.600000000000000000e+01,-2.096476076489288687e-01
8.833250000000000000e+03,-2.500000000000000000e+01,-1.856486147120790520e-01
8.833250000000000000e+03,-2.400000000000000000e+01,-1.612785727412724412e-01
8.833250000000000000e+03,-2.300000000000000000e+01,-1.365381751708785174e-01
8.833250000000000000e+03,-2.200000000000000000e+01,-1.114292269971421945e-01
8.833250000000000000e+03,-2.100000000000000000e+01,-8.595472653483682279e-02
8.833250000000000000e+03,-2.000000000000000000e+01,-6.011894002724726960e-02
8.833250000000000000e+03,-1.900000000000000000e+01,-3.392746682742586728e-02
8.833250000000000000e+03,-1.800000000000000000e+01,-7.387292962606650804e-03
8.833250000000000000e+03,-1.700000000000000000e+01,1.949316888467489406e-02
8.833250000000000000e+03,-1.600000000000000000e+01,4.670405459655091462e-02
8.833250000000000000e+03,-1.500000000000000000e+01,7.423404019834078937e-02
8.833250000000000000e+03,-1.400000000000000000e+01,1.020703504092859148e-01
8.833250000000000000e+03,-1.300000000000000000e+01,1.301987841925336120e-01
8.833250000000000000e+03,-1.200000000000000000e+01,1.586037567488358668e-01
8.833250000000000000e+03,-1.100000000000000000e+01,1.872683568682529387e-01
8.833250000000000000e+03,-1.000000000000000000e+01,2.161744181188414160e-01
8.833250000000000000e+03,-9.000000000000000000e+00,2.453026020414232899e-01
8.833250000000000000e+03,-8.000000000000000000e+00,2.746324913513362720e-01
8.833250000000000000e+03,-7.000000000000000000e+00,3.041426911210881601e-01
8.833250000000000000e+03,-6.000000000000000000e+00,3.338109360177964335e-01
8.833250000000000000e+03,-5.000000000000000000e+00,3.636142018707954615e-01
8.833250000000000000e+03,-4.000000000000000000e+00,3.935288201163132937e-01
8.833250000000000000e+03,-3.000000000000000000e+00,4.235305939744421488e-01
8.833250000000000000e+03,-2.000000000000000000e+00,4.535949155269786703e-01
8.833250000000000000e+03,-1.000000000000000000e+00,4.836968831561565541e-01
8.833250000000000000e+03,0.000000000000000000e+00,5.138114190516690494e-01
8.833250000000000000e+03,1.000000000000000000e+00,5.439133866808473217e-01
8.833250000000000000e+03,2.000000000000000000e+00,5.739777082333846758e-01
8.833250000000000000e+03,3.000000000000000000e+00,6.039794820915138640e-01
8.833250000000000000e+03,4.000000000000000000e+00,6.338941003370316407e-01
8.833250000000000000e+03,5.000000000000000000e+00,6.636973661900295030e-01
8.833250000000000000e+03,6.000000000000000000e+00,6.933656110867387756e-01
8.833250000000000000e+03,7.000000000000000000e+00,7.228758108564918849e-01
8.833250000000000000e+03,8.000000000000000000e+00,7.522057001664040898e-01
8.833250000000000000e+03,9.000000000000000000e+00,7.813338840889858528e-01
8.833250000000000000e+03,1.000000000000000000e+01,8.102399453395727758e-01
8.833250000000000000e+03,1.100000000000000000e+01,8.389045454589925122e-01
8.833250000000000000e+03,1.200000000000000000e+01,8.673095180152929906e-01
8.833250000000000000e+03,1.300000000000000000e+01,8.954379517985424641e-01
8.833250000000000000e+03,1.400000000000000000e+01,9.232742620094867014e-01
8.833250000000000000e+03,1.500000000000000000e+01,9.508042476112721353e-01
8.833250000000000000e+03,1.600000000000000000e+01,9.780151333231561495e-01
8.833250000000000000e+03,1.700000000000000000e+01,1.004895595170434142e+00
8.833250000000000000e+03,1.800000000000000000e+01,1.031435769035251582e+00
8.833250000000000000e+03,1.900000000000000000e+01,1.057627242235076537e+00
8.833250000000000000e+03,2.000000000000000000e+01,1.083463028742666978e+00
8.833250000000000000e+03,2.100000000000000000e+01,1.108937529204967909e+00
8.833250000000000000e+03,2.200000000000000000e+01,1.134046477378706896e+00
8.833250000000000000e+03,2.300000000000000000e+01,1.158786874949103485e+00
8.833250000000000000e+03,2.400000000000000000e+01,1.183156916919905655e+00
8.833250000000000000e+03,2.500000000000000000e+01,1.207155909856750142e+00
8.833250000000000000e+03,2.600000000000000000e+01,1.230784185242674411e+00
8.833250000000000000e+03,2.700000000000000000e+01,1.254043010083067955e+00
8.833250000000000000e+03,2.800000000000000000e+01,1.276934496700489419e+00
8.833250000000000000e+03,2.900000000000000000e+01,1.299461513413517011e+00
8.833250000000000000e+03,3.000000000000000000e+01,1.321627597520590669e+00
9.000000000000000000e+03,-3.000000000000000000e+01,-3.019532112056939610e-01
9.000000000000000000e+03,-2.900000000000000000e+01,-2.794261944926699215e-01
9.000000000000000000e+03,-2.800000000000000000e+01,-2.565347078752591159e-01
9.000000000000000000e+03,-2.700000000000000000e+01,-2.332758830348478085e-01
9.000000000000000000e+03,-2.600000000000000000e+01,-2.096476076489288687e-01
9.000000000000000000e+03,-2.500000000000000000e+01,-1.856486147120790520e-01
9.000000000000000000e+03,-2.400000000000000000e+01,-1.612785727412724412e-01
9.000000000000000000e+03,-2.300000000000000000e+01,-1.365381751708785174e-01
9.000000000000000000e+03,-2.200000000000000000e+01,-1.114292269971421945e-01
9.000000000000000000e+03,-2.100000000000000000e+01,-8.595472653483682279e-02
9.000000000000000000e+03,-2.000000000000000000e+01,-6.011894002724726960e-02
9.000000000000000000e+03,-1.900000000000000000e+01,-3.392746682742586728e-02
9.000000000000000000e+03,-1.800000000000000000e+01,-7.387292962606650804e-03
9.000000000000000000e+03,-1.700000000000000000e+01,1.949316888467489406e-02
9.000000000000000000e+03,-1.600000000000000000e+01,4.670405459655091462e-02
9.000000000000000000e+03,-1.500000000000000000e+01,7.423404019834078937e-02
9.000000000000000000e+03,-1.400000000000000000e+01,1.020703504092859148e-01
9.000000000000000000e+03,-1.300000000000000000e+01,1.301987841925336120e-01
9.000000000000000000e+03,-1.200000000000000000e+01,1.586037567488358668e-01
9.000000000000000000e+03,-1.100000000000000000e+01,1.872683568682529387e-01
9.000000000000000000e+03,-1.000000000000000000e+01,2.161744181188414160e-01
9.000000000000000000e+03,-9.000000000000000000e+00,2.453026020414232899e-01
9.000000000000000000e+03,-8.000000000000000000e+00,2.746324913513362720e-01
9.000000000000000000e+03,-7.000000000000000000e+00,3.041426911210881601e-01
9.000000000000000000e+03,-6.000000000000000000e+00,3.338109360177964335e-01
9.000000000000000000e+03,-5.000000000000000000e+00,3.636142018707953505e-01
9.000000000000000000e+03,-4.000000000000000000e+00,3.935288201163132937e-01
9.000000000000000000e+03,-3.000000000000000000e+00,4.235305939744421488e-01
9.000000000000000000e+03,-2.000000000000000000e+00,4.535949155269786703e-01
9.000000000000000000e+03,-1.000000000000000000e+00,4.836968831561565541e-01
9.000000000000000000e+03,0.000000000000000000e+00,5.138114190516690494e-01
9.000000000000000000e+03,1.000000000000000000e+00,5.439133866808473217e-01
9.000000000000000000e+03,2.000000000000000000e+00,5.739777082333846758e-01
9.000000000000000000e+03,3.000000000000000000e+00,6.039794820915138640e-01
9.000000000000000000e+03,4.000000000000000000e+00,6.338941003370316407e-01
9.000000000000000000e+03,5.000000000000000000e+00,6.636973661900297250e-01
9.000000000000000000e+03,6.000000000000000000e+00,6.933656110867386646e-01
9.000000000000000000e+03,7.000000000000000000e+00,7.228758108564918849e-01
9.000000000000000000e+03,8.000000000000000000e+00,7.522057001664040898e-01
9.000000000000000000e+03,9.000000000000000000e+00,7.813338840889858528e-01
9.000000000000000000e+03,1.000000000000000000e+01,8.102399453395727758e-01
9.000000000000000000e+03,1.100000000000000000e+01,8.389045454589925122e-01
9.000000000000000000e+03,1.200000000000000000e+01,8.673095180152929906e-01
9.000000000000000000e+03,1.300000000000000000e+01,8.954379517985424641e-01
9.000000000000000000e+03,1.400000000000000000e+01,9.232742620094867014e-01
9.000000000000000000e+03,1.500000000000000000e+01,9.508042476112721353e-01
9.000000000000000000e+03,1.600000000000000000e+01,9.780151333231561495e-01
9.000000000000000000e+03,1.700000000000000000e+01,1.004895595170434142e+00
9.000000000000000000e+03,1.800000000000000000e+01,1.031435769035251582e+00
9.000000000000000000e+03,1.900000000000000000e+01,1.057627242235076537e+00
9.000000000000000000e+03,2.000000000000000000e+01,1.083463028742666978e+00
9.000000000000000000e+03,2.100000000000000000e+01,1.108937529204967909e+00
9.000000000000000000e+03,2.200000000000000000e+01,1.134046477378706896e+00
9.000000000000000000e+03,2.300000000000000000e+01,1.158786874949103485e+00
9.000000000000000000e+03,2.400000000000000000e+01,1.183156916919905655e+00
9.000000000000000000e+03,2.500000000000000000e+01,1.207155909856750142e+00
9.000000000000000000e+03,2.600000000000000000e+01,1.230784185242674411e+00
9.000000000000000000e+03,2.700000000000000000e+01,1.254043010083067955e+00
9.000000000000000000e+03,2.800000000000000000e+01,1.276934496700489419e+00
9.000000000000000000e+03,2.900000000000000000e+01,1.299461513413517011e+00
9.000000000000000000e+03,3.000000000000000000e+01,1.321627597520590669e+00
9.166750000000000000e+03,-3.000000000000000000e+01,-3.019532112056939610e-01
9.166750000000000000e+03,-2.900000000000000000e+01,-2.794261944926699215e-01
9.166750000000000000e+03,-2.800000000000000000e+01,-2.565347078752591159e-01
9.166750000000000000e+03,-2.700000000000000000e+01,-2.332758830348478085e-01
9.166750000000000000e+03,-2.600000000000000000e+01,-2.096476076489288687e-01
9.166750000000000000e+03,-2.500000000000000000e+01,-1.856486147120790520e-01
9.166750000000000000e+03,-2.400000000000000000e+01,-1.612785727412724412e-01
9.166750000000000000e+03,-2.300000000000000000e+01,-1.365381751708785174e-01
9.166750000000000000e+03,-2.200000000000000000e+01,-1.114292269971421945e-01
9.166750000000000000e+03,-2.100000000000000000e+01,-8.595472653483682279e-02
9.166750000000000000e+03,-2.000000000000000000e+01,-6.011894002724726960e-02
9.166750000000000000e+03,-1.900000000000000000e+01,-3.392746682742586728e-02
9.166750000000000000e+03,-1.800000000000000000e+01,-7.387292962606650804e-03
9.166750000000000000e+03,-1.700000000000000000e+01,1.949316888467489406e-02
9.166750000000000000e+03,-1.600000000000000000e+01,4.670405459655091462e-02
9.166750000000000000e+03,-1.500000000000000000e+01,7.423404019834078937e-02
9.166750000000000000e+03,-1.400000000000000000e+01,1.020703504092859148e-01
9.166750000000000000e+03,-1.300000000000000000e+01,1.301987841925336120e-01
9.166750000000000000e+03,-1.200000000000000000e+01,1.586037567488358668e-01
9.166750000000000000e+03,-1.100000000000000000e+01,1.872683568682529387e-01
9.166750000000000000e+03,-1.000000000000000000e+01,2.161744181188414160e-01
9.166750000000000000e+03,-9.000000000000000000e+00,2.453026020414232899e-01
9.166750000000000000e+03,-8.000000000000000000e+00,2.746324913513362720e-01
9.166750000000000000e+03,-7.000000000000000000e+00,3.041426911210881601e-01
9.166750000000000000e+03,-6.000000000000000000e+00,3.338109360177964335e-01
9.166750000000000000e+03,-5.000000000000000000e+00,3.636142018707954615e-01
9.166750000000000000e+03,-4.000000000000000000e+00,3.935288201163132937e-01
9.166750000000000000e+03,-3.000000000000000000e+00,4.235305939744421488e-01
9.166750000000000000e+03,-2.000000000000000000e+00,4.535949155269786703e-01
9.166750000000000000e+03,-1.000000000000000000e+00,4.836968831561565541e-01
9.166750000000000000e+03,0.000000000000000000e+00,5.138114190516690494e-01
9.166750000000000000e+03,1.000000000000000000e+00,5.439133866808473217e-01
9.166750000000000000e+03,2.000000000000000000e+00,5.739777082333846758e-01
9.166750000000000000e+03,3.000000000000000000e+00,6.039794820915138640e-01
9.166750000000000000e+03,4.000000000000000000e+00,6.338941003370316407e-01
9.166750000000000000e+03,5.000000000000000000e+00,6.636973661900295030e-01
9.166750000000000000e+03,6.000000000000000000e+00,6.933656110867387756e-01
9.166750000000000000e+03,7.000000000000000000e+00,7.228758108564918849e-01
9.166750000000000000e+03,8.000000000000000000e+00,7.522057001664040898e-01
9.166750000000000000e+03,9.000000000000000000e+00,7.813338840889858528e-01
9.166750000000000000e+03,1.000000000000000000e+01,8.102399453395727758e-01
9.166750000000000000e+03,1.100000000000000000e+01,8.389045454589925122e-01
9.166750000000000000e+03,1.200000000000000000e+01,8.673095180152929906e-01
9.166750000000000000e+03,1.300000000000000000e+01,8.954379517985424641e-01
9.166750000000000000e+03,1.400000000000000000e+01,9.232742620094867014e-01
9.166750000000000000e+03,1.500000000000000000e+01,9.508042476112721353e-01
9.166750000000000000e+03,1.600000000000000000e+01,9.780151333231561495e-01
9.166750000000000000e+03,1.700000000000000000e+01,1.004895595170434142e+00
9.166750000000000000e+03,1.800000000000000000e+01,1.031435769035251582e+00
9.166750000000000000e+03,1.900000000000000000e+01,1.057627242235076537e+00
9.166750000000000000e+03,2.000000000000000000e+01,1.083463028742666978e+00
9.166750000000000000e+03,2.100000000000000000e+01,1.108937529204967909e+00
9.166750000000000000e+03,2.200000000000000000e+01,1.134046477378706896e+00
9.166750000000000000e+03,2.300000000000000000e+01,1.158786874949103485e+00
9.166750000000000000e+03,2.400000000000000000e+01,1.183156916919905655e+00
9.166750000000000000e+03,2.500000000000000000e+01,1.207155909856750142e+00
9.166750000000000000e+03,2.600000000000000000e+01,1.230784185242674411e+00
9.166750000000000000e+03,2.700000000000000000e+01,1.254043010083067955e+00
9.166750000000000000e+03,2.800000000000000000e+01,1.276934496700489419e+00
9.166750000000000000e+03,2.900000000000000000e+01,1.299461513413517011e+00
9.166750000000000000e+03,3.000000000000000000e+01,1.321627597520590669e+00
9.333250000000000000e+03,-3.000000000000000000e+01,-3.019532112056939610e-01
9.333250000000000000e+03,-2.900000000000000000e+01,-2.794261944926699215e-01
9.333250000000000000e+03,-2.800000000000000000e+01,-2.565347078752591159e-01
9.333250000000000000e+03,-2.700000000000000000e+01,-2.332758830348478085e-01
9.333250000000000000e+03,-2.600000000000000000e+01,-2.096476076489288687e-01
9.333250000000000000e+03,-2.500000000000000000e+01,-1.856486147120790520e-01
9.333250000000000000e+03,-2.400000000000000000e+01,-1.612785727412724412e-01
9.333250000000000000e+03,-2.300000000000000000e+01,-1.365381751708785174e-01
9.333250000000000000e+03,-2.200000000000000000e+01,-1.114292269971421945e-01
9.333250000000000000e+03,-2.100000000000000000e+01,-8.595472653483682279e-02
9.333250000000000000e+03,-2.000000000000000000e+01,-6.011894002724726960e-02
9.333250000000000000e+03,-1.900000000000000000e+01,-3.392746682742586728e-02
9.333250000000000000e+03,-1.800000000000000000e+01,-7.387292962606650804e-03
9.333250000000000000e+03,-1.700000000000000000e+01,1.949316888467489406e-02
9.333250000000000000e+03,-1.600000000000000000e+01,4.670405459655091462e-02
9.333250000000000000e+03,-1.500000000000000000e+01,7.423404019834078937e-02
9.333250000000000000e+03,-1.400000000000000000e+01,1.020703504092859148e-01
9.333250000000000000e+03,-1.300000000000000000e+01,1.301987841925336120e-01
9.333250000000000000e+03,-1.200000000000000000e+01,1.586037567488358668e-01
9.333250000000000000e+03,-1.100000000000000000e+01,1.872683568682529387e-01
9.333250000000000000e+03,-1.000000000000000000e+01,2.161744181188414160e-01
9.333250000000000000e+03,-9.000000000000000000e+00,2.453026020414232899e-01
9.333250000000000000e+03,-8.000000000000000000e+00,2.746324913513362720e-01
9.333250000000000000e+03,-7.000000000000000000e+00,3.041426911210881601e-01
9.333250000000000000e+03,-6.000000000000000000e+00,3.338109360177964335e-01
9.333250000000000000e+03,-5.000000000000000000e+00,3.636142018707954615e-01
9.333250000000000000e+03,-4.000000000000000000e+00,3.935288201163132937e-01
9.333250000000000000e+03,-3.000000000000000000e+00,4.235305939744421488e-01
9.333250000000000000e+03,-2.000000000000000000e+00,4.535949155269786703e-01
9.333250000000000000e+03,-1.000000000000000000e+00,4.836968831561565541e-01
9.333250000000000000e+03,0.000000000000000000e+00,5.138114190516690494e-01
9.333250000000000000e+03,1.000000000000000000e+00,5.439133866808473217e-01
9.333250000000000000e+03,2.000000000000000000e+00,5.739777082333846758e-01
9.333250000000000000e+03,3.000000000000000000e+00,6.039794820915138640e-01
9.333250000000000000e+03,4.000000000000000000e+00,6.338941003370316407e-01
9.333250000000000000e+03,5.000000000000000000e+00,6.636973661900295030e-01
9.333250000000000000e+03,6.000000000000000000e+00,6.933656110867387756e-01
9.333250000000000000e+03,7.000000000000000000e+00,7.228758108564918849e-01
9.333250000000000000e+03,8.000000000000000000e+00,7.522057001664040898e-01
9.333250000000000000e+03,9.000000000000000000e+00,7.813338840889858528e-01
9.333250000000000000e+03,1.000000000000000000e+01,8.102399453395727758e-01
9.333250000000000000e+03,1.100000000000000000e+01,8.389045454589925122e-01
9.333250000000000000e+03,1.200000000000000000e+01,8.673095180152929906e-01
9.333250000000000000e+03,1.300000000000000000e+01,8.954379517985424641e-01
9.333250000000000000e+03,1.400000000000000000e+01,9.232742620094867014e-01
9.333250000000000000e+03,1.500000000000000000e+01,9.508042476112721353e-01
9.333250000000000000e+03,1.600000000000000000e+01,9.780151333231561495e-01
9.333250000000000000e+03,1.700000000000000000e+01,1.004895595170434142e+00
9.333250000000000000e+03,1.800000000000000000e+01,1.031435769035251582e+00
9.333250000000000000e+03,1.900000000000000000e+01,1.057627242235076537e+00
9.333250000000000000e+03,2.000000000000000000e+01,1.083463028742666978e+00
9.333250000000000000e+03,2.100000000000000000e+01,1.108937529204967909e+00
9.333250000000000000e+03,2.200000000000000000e+01,1.134046477378706896e+00
9.333250000000000000e+03,2.300000000000000000e+01,1.158786874949103485e+00
9.333250000000000000e+03,2.400000000000000000e+01,1.183156916919905655e+00
9.333250000000000000e+03,2.500000000000000000e+01,1.207155909856750142e+00
9.333250000000000000e+03,2.600000000000000000e+01,1.230784185242674411e+00
9.333250000000000000e+03,2.700000000000000000e+01,1.254043010083067955e+00
9.333250000000000000e+03,2.800000000000000000e+01,1.276934496700489419e+00
9.333250000000000000e+03,2.900000000000000000e+01,1.299461513413517011e+00
9.333250000000000000e+03,3.000000000000000000e+01,1.321627597520590669e+00
9.500000000000000000e+03,-3.000000000000000000e+01,-3.019532112056939610e-01
9.500000000000000000e+03,-2.900000000000000000e+01,-2.794261944926699215e-01
9.500000000000000000e+03,-2.800000000000000000e+01,-2.565347078752591159e-01
9.500000000000000000e+03,-2.700000000000000000e+01,-2.332758830348478085e-01
9.500000000000000000e+03,-2.600000000000000000e+01,-2.096476076489288687e-01
9.500000000000000000e+03,-2.500000000000000000e+01,-1.856486147120790520e-01
9.500000000000000000e+03,-2.400000000000000000e+01,-1.612785727412724412e-01
9.500000000000000000e+03,-2.300000000000000000e+01,-1.365381751708785174e-01
9.500000000000000000e+03,-2.200000000000000000e+01,-1.114292269971421945e-01
9.500000000000000000e+03,-2.100000000000000000e+01,-8.595472653483682279e-02
9.500000000000000000e+03,-2.000000000000000000e+01,-6.011894002724726960e-02
9.500000000000000000e+03,-1.900000000000000000e+01,-3.392746682742586728e-02
9.500000000000000000e+03,-1.800000000000000000e+01,-7.387292962606650804e-03
9.500000000000000000e+03,-1.700000000000000000e+01,1.949316888467489406e-02
9.500000000000000000e+03,-1.600000000000000000e+01,4.670405459655091462e-02
9.500000000000000000e+03,-1.500000000000000000e+01,7.423404019834078937e-02
9.500000000000000000e+03,-1.400000000000000000e+01,1.020703504092859148e-01
9.500000000000000000e+03,-1.300000000000000000e+01,1.301987841925336120e-01
9.500000000000000000e+03,-1.200000000000000000e+01,1.586037567488358668e-01
9.500000000000000000e+03,-1.100000000000000000e+01,1.872683568682529387e-01
9.500000000000000000e+03,-1.000000000000000000e+01,2.161744181188414160e-01
9.500000000000000000e+03,-9.000000000000000000e+00,2.453026020414232899e-01
9.500000000000000000e+03,-8.000000000000000000e+00,2.746324913513362720e-01
9.500000000000000000e+03,-7.000000000000000000e+00,3.041426911210881601e-01
9.500000000000000000e+03,-6.000000000000000000e+00,3.338109360177964335e-01
9.500000000000000000e+03,-5.000000000000000000e+00,3.636142018707953505e-01
9.500000000000000000e+03,-4.000000000000000000e+00,3.935288201163132937e-01
9.500000000000000000e+03,-3.000000000000000000e+00,4.235305939744421488e-01
9.500000000000000000e+03,-2.000000000000000000e+00,4.535949155269786703e-01
9.500000000000000000e+03,-1.000000000000000000e+00,4.836968831561565541e-01
9.500000000000000000e+03,0.000000000000000000e+00,5.138114190516690494e-01
9.500000000000000000e+03,1.000000000000000000e+00,5.439133866808473217e-01
9.500000000000000000e+03,2.000000000000000000e+00,5.739777082333846758e-01
9.500000000000000000e+03,3.000000000000000000e+00,6.039794820915138640e-01
9.500000000000000000e+03,4.000000000000000000e+00,6.338941003370316407e-01
9.500000000000000000e+03,5.000000000000000000e+00,6.636973661900297250e-01
9.500000000000000000e+03,6.000000000000000000e+00,6.933656110867386646e-01
9.500000000000000000e+03,7.000000000000000000e+00,7.228758108564918849e-01
9.500000000000000000e+03,8.000000000000000000e+00,7.522057001664040898e-01
9.500000000000000000e+03,9.000000000000000000e+00,7.813338840889858528e-01
9.500000000000000000e+03,1.000000000000000000e+01,8.102399453395727758e-01
9.500000000000000000e+03,1.100000000000000000e+01,8.389045454589925122e-01
9.500000000000000000e+03,1.200000000000000000e+01,8.673095180152929906e-01
9.500000000000000000e+03,1.300000000000000000e+01,8.954379517985424641e-01
9.500000000000000000e+03,1.400000000000000000e+01,9.232742620094867014e-01
9.500000000000000000e+03,1.500000000000000000e+01,9.508042476112721353e-01
9.500000000000000000e+03,1.600000000000000000e+01,9.780151333231561495e-01
9.500000000000000000e+03,1.700000000000000000e+01,1.004895595170434142e+00
9.500000000000000000e+03,1.800000000000000000e+01,1.031435769035251582e+00
9.500000000000000000e+03,1.900000000000000000e+01,1.057627242235076537e+00
9.500000000000000000e+03,2.000000000000000000e+01,1.083463028742666978e+00
9.500000000000000000e+03,2.100000000000000000e+01,1.108937529204967909e+00
9.500000000000000000e+03,2.200000000000000000e+01,1.134046477378706896e+00
9.500000000000000000e+03,2.300000000000000000e+01,1.158786874949103485e+00
9.500000000000000000e+03,2.400000000000000000e+01,1.183156916919905655e+00
9.500000000000000000e+03,2.500000000000000000e+01,1.207155909856750142e+00
9.500000000000000000e+03,2.600000000000000000e+01,1.230784185242674411e+00
9.500000000000000000e+03,2.700000000000000000e+01,1.254043010083067955e+00
9.500000000000000000e+03,2.800000000000000000e+01,1.276934496700489419e+00
9.500000000000000000e+03,2.900000000000000000e+01,1.299461513413517011e+00
9.500000000000000000e+03,3.000000000000000000e+01,1.321627597520590669e+00
9.666750000000000000e+03,-3.000000000000000000e+01,-3.019532112056939610e-01
9.666750000000000000e+03,-2.900000000000000000e+01,-2.794261944926699215e-01
9.666750000000000000e+03,-2.800000000000000000e+01,-2.565347078752591159e-01
9.666750000000000000e+03,-2.700000000000000000e+01,-2.332758830348478085e-01
9.666750000000000000e+03,-2.600000000000000000e+01,-2.096476076489288687e-01
9.666750000000000000e+03,-2.500000000000000000e+01,-1.856486147120790520e-01
9.666750000000000000e+03,-2.400000000000000000e+01,-1.612785727412724412e-01
9.666750000000000000e+03,-2.300000000000000000e+01,-1.365381751708785174e-01
9.666750000000000000e+03,-2.200000000000000000e+01,-1.114292269971421945e-01
9.666750000000000000e+03,-2.100000000000000000e+01,-8.595472653483682279e-02
9.666750000000000000e+03,-2.000000000000000000e+01,-6.011894002724726960e-02
9.666750000000000000e+03,-1.900000000000000000e+01,-3.392746682742586728e-02
9.666750000000000000e+03,-1.800000000000000000e+01,-7.387292962606650804e-03
9.666750000000000000e+03,-1.700000000000000000e+01,1.949316888467489406e-02
9.666750000000000000e+03,-1.600000000000000000e+01,4.670405459655091462e-02
9.666750000000000000e+03,-1.500000000000000000e+01,7.423404019834078937e-02
9.666750000000000000e+03,-1.400000000000000000e+01,1.020703504092859148e-01
9.666750000000000000e+03,-1.300000000000000000e+01,1.301987841925336120e-01
9.666750000000000000e+03,-1.200000000000000000e+01,1.586037567488358668e-01
9.666750000000000000e+03,-1.100000000000000000e+01,1.872683568682529387e-01
9.666750000000000000e+03,-1.000000000000000000e+01,2.161744181188414160e-01
9.666750000000000000e+03,-9.000000000000000000e+00,2.453026020414232899e-01
9.666750000000000000e+03,-8.000000000000000000e+00,2.746324913513362720e-01
9.666750000000000000e+03,-7.000000000000000000e+00,3.041426911210881601e-01
9.666750000000000000e+03,-6.000000000000000000e+00,3.338109360177964335e-01
9.666750000000000000e+03,-5.000000000000000000e+00,3.636142018707954615e-01
9.666750000000000000e+03,-4.000000000000000000e+00,3.935288201163132937e-01
9.666750000000000000e+03,-3.000000000000000000e+00,4.235305939744421488e-01
9.666750000000000000e+03,-2.000000000000000000e+00,4.535949155269786703e-01
9.666750000000000000e+03,-1.000000000000000000e+00,4.836968831561565541e-01
9.666750000000000000e+03,0.000000000000000000e+00,5.138114190516690494e-01
9.666750000000000000e+03,1.000000000000000000e+00,5.439133866808473217e-01
9.666750000000000000e+03,2.000000000000000000e+00,5.739777082333846758e-01
9.666750000000000000e+03,3.000000000000000000e+00,6.039794820915138640e-01
9.666750000000000000e+03,4.000000000000000000e+00,6.338941003370316407e-01
9.666750000000000000e+03,5.000000000000000000e+00,6.636973661900295030e-01
9.666750000000000000e+03,6.000000000000000000e+00,6.933656110867387756e-01
9.666750000000000000e+03,7.000000000000000000e+00,7.228758108564918849e-01
9.666750000000000000e+03,8.000000000000000000e+00,7.522057001664040898e-01
9.666750000000000000e+03,9.000000000000000000e+00,7.813338840889858528e-01
9.666750000000000000e+03,1.000000000000000000e+01,8.102399453395727758e-01
9.666750000000000000e+03,1.100000000000000000e+01,8.389045454589925122e-01
9.666750000000000000e+03,1.200000000000000000e+01,8.673095180152929906e-01
9.666750000000000000e+03,1.300000000000000000e+01,8.954379517985424641e-01
9.666750000000000000e+03,1.400000000000000000e+01,9.232742620094867014e-01
9.666750000000000000e+03,1.500000000000000000e+01,9.508042476112721353e-01
9.666750000000000000e+03,1.600000000000000000e+01,9.780151333231561495e-01
9.666750000000000000e+03,1.700000000000000000e+01,1.004895595170434142e+00
9.666750000000000000e+03,1.800000000000000000e+01,1.031435769035251582e+00
9.666750000000000000e+03,1.900000000000000000e+01,1.057627242235076537e+00
9.666750000000000000e+03,2.000000000000000000e+01,1.083463028742666978e+00
9.666750000000000000e+03,2.100000000000000000e+01,1.108937529204967909e+00
9.666750000000000000e+03,2.200000000000000000e+01,1.134046477378706896e+00
9.666750000000000000e+03,2.300000000000000000e+01,1.158786874949103485e+00
9.666750000000000000e+03,2.400000000000000000e+01,1.183156916919905655e+00
9.666750000000000000e+03,2.500000000000000000e+01,1.207155909856750142e+00
9.666750000000000000e+03,2.600000000000000000e+01,1.230784185242674411e+00
9.666750000000000000e+03,2.700000000000000000e+01,1.254043010083067955e+00
9.666750000000000000e+03,2.800000000000000000e+01,1.276934496700489419e+00
9.666750000000000000e+03,2.900000000000000000e+01,1.299461513413517011e+00
9.666750000000000000e+03,3.000000000000000000e+01,1.321627597520590669e+00
9.833250000000000000e+03,-3.000000000000000000e+01,-3.019532112056939610e-01
9.833250000000000000e+03,-2.900000000000000000e+01,-2.794261944926699215e-01
9.833250000000000000e+03,-2.800000000000000000e+01,-2.565347078752591159e-01
9.833250000000000000e+03,-2.700000000000000000e+01,-2.332758830348478085e-01
9.833250000000000000e+03,-2.600000000000000000e+01,-2.096476076489288687e-01
9.833250000000000000e+03,-2.500000000000000000e+01,-1.856486147120790520e-01
9.833250000000000000e+03,-2.400000000000000000e+01,-1.612785727412724412e-01
9.833250000000000000e+03,-2.300000000000000000e+01,-1.365381751708785174e-01
9.833250000000000000e+03,-2.200000000000000000e+01,-1.114292269971421945e-01
9.833250000000000000e+03,-2.100000000000000000e+01,-8.595472653483682279e-02
9.833250000000000000e+03,-2.000000000000000000e+01,-6.011894002724726960e-02
9.833250000000000000e+03,-1.900000000000000000e+01,-3.392746682742586728e-02
9.833250000000000000e+03,-1.800000000000000000e+01,-7.387292962606650804e-03
9.833250000000000000e+03,-1.700000000000000000e+01,1.949316888467489406e-02
9.833250000000000000e+03,-1.600000000000000000e+01,4.670405459655091462e-02
9.833250000000000000e+03,-1.500000000000000000e+01,7.423404019834078937e-02
9.833250000000000000e+03,-1.400000000000000000e+01,1.020703504092859148e-01
9.833250000000000000e+03,-1.300000000000000000e+01,1.301987841925336120e-01
9.833250000000000000e+03,-1.200000000000000000e+01,1.586037567488358668e-01
9.833250000000000000e+03,-1.100000000000000000e+01,1.872683568682529387e-01
9.833250000000000000e+03,-1.000000000000000000e+01,2.161744181188414160e-01
9.833250000000000000e+03,-9.000000000000000000e+00,2.453026020414232899e-01
9.833250000000000000e+03,-8.000000000000000000e+00,2.746324913513362720e-01
9.833250000000000000e+03,-7.000000000000000000e+00,3.041426911210881601e-01
9.833250000000000000e+03,-6.000000000000000000e+00,3.338109360177964335e-01
9.833250000000000000e+03,-5.000000000000000000e+00,3.636142018707954615e-01
9.833250000000000000e+03,-4.000000000000000000e+00,3.935288201163132937e-01
9.833250000000000000e+03,-3.000000000000000000e+00,4.235305939744421488e-01
9.833250000000000000e+03,-2.000000000000000000e+00,4.535949155269786703e-01
9.833250000000000000e+03,-1.000000000000000000e+00,4.836968831561565541e-01
9.833250000000000000e+03,0.000000000000000000e+00,5.138114190516690494e-01
9.833250000000000000e+03,1.000000000000000000e+00,5.439133866808473217e-01
9.833250000000000000e+03,2.000000000000000000e+00,5.739777082333846758e-01
9.833250000000000000e+03,3.000000000000000000e+00,6.039794820915138640e-01
9.833250000000000000e+03,4.000000000000000000e+00,6.338941003370316407e-01
9.833250000000000000e+03,5.000000000000000000e+00,6.636973661900295030e-01
9.833250000000000000e+03,6.000000000000000000e+00,6.933656110867387756e-01
9.833250000000000000e+03,7.000000000000000000e+00,7.228758108564918849e-01
9.833250000000000000e+03,8.000000000000000000e+00,7.522057001664040898e-01
9.833250000000000000e+03,9.000000000000000000e+00,7.813338840889858528e-01
9.833250000000000000e+03,1.000000000000000000e+01,8.102399453395727758e-01
9.833250000000000000e+03,1.100000000000000000e+01,8.389045454589925122e-01
9.833250000000000000e+03,1.200000000000000000e+01,8.673095180152929906e-01
9.833250000000000000e+03,1.300000000000000000e+01,8.954379517985424641e-01
9.833250000000000000e+03,1.400000000000000000e+01,9.232742620094867014e-01
9.833250000000000000e+03,1.500000000000000000e+01,9.508042476112721353e-01
9.833250000000000000e+03,1.600000000000000000e+01,9.780151333231561495e-01
9.833250000000000000e+03,1.700000000000000000e+01,1.004895595170434142e+00
9.833250000000000000e+03,1.800000000000000000e+01,1.031435769035251582e+00
9.833250000000000000e+03,1.900000000000000000e+01,1.057627242235076537e+00
9.833250000000000000e+03,2.000000000000000000e+01,1.083463028742666978e+00
9.833250000000000000e+03,2.100000000000000000e+01,1.108937529204967909e+00
9.833250000000000000e+03,2.200000000000000000e+01,1.134046477378706896e+00
9.833250000000000000e+03,2.300000000000000000e+01,1.158786874949103485e+00
9.833250000000000000e+03,2.400000000000000000e+01,1.183156916919905655e+00
9.833250000000000000e+03,2.500000000000000000e+01,1.207155909856750142e+00
9.833250000000000000e+03,2.600000000000000000e+01,1.230784185242674411e+00
9.833250000000000000e+03,2.700000000000000000e+01,1.254043010083067955e+00
9.833250000000000000e+03,2.800000000000000000e+01,1.276934496700489419e+00
9.833250000000000000e+03,2.900000000000000000e+01,1.299461513413517011e+00
9.833250000000000000e+03,3.000000000000000000e+01,1.321627597520590669e+00
1.000000000000000000e+04,-3.000000000000000000e+01,-3.019532112056939610e-01
1.000000000000000000e+04,-2.900000000000000000e+01,-2.794261944926699215e-01
1.000000000000000000e+04,-2.800000000000000000e+01,-2.565347078752591159e-01
1.000000000000000000e+04,-2.700000000000000000e+01,-2.332758830348478085e-01
1.000000000000000000e+04,-2.600000000000000000e+01,-2.096476076489288687e-01
1.000000000000000000e+04,-2.500000000000000000e+01,-1.856486147120790520e-01
1.000000000000000000e+04,-2.400000000000000000e+01,-1.612785727412724412e-01
1.000000000000000000e+04,-2.300000000000000000e+01,-1.365381751708785174e-01
1.000000000000000000e+04,-2.200000000000000000e+01,-1.114292269971421945e-01
1.000000000000000000e+04,-2.100000000000000000e+01,-8.595472653483682279e-02
1.000000000000000000e+04,-2.000000000000000000e+01,-6.011894002724726960e-02
1.000000000000000000e+04,-1.900000000000000000e+01,-3.392746682742586728e-02
1.000000000000000000e+04,-1.800000000000000000e+01,-7.387292962606650804e-03
1.000000000000000000e+04,-1.700000000000000000e+01,1.949316888467489406e-02
1.000000000000000000e+04,-1.600000000000000000e+01,4.670405459655091462e-02
1.000000000000000000e+04,-1.500000000000000000e+01,7.423404019834078937e-02
1.000000000000000000e+04,-1.400000000000000000e+01,1.020703504092859148e-01
1.000000000000000000e+04,-1.300000000000000000e+01,1.301987841925336120e-01
1.000000000000000000e+04,-1.200000000000000000e+01,1.586037567488358668e-01
1.000000000000000000e+04,-1.100000000000000000e+01,1.872683568682529387e-01
1.000000000000000000e+04,-1.000000000000000000e+01,2.161744181188414160e-01
1.000000000000000000e+04,-9.000000000000000000e+00,2.453026020414232899e-01
1.000000000000000000e+04,-8.000000000000000000e+00,2.746324913513362720e-01
1.000000000000000000e+04,-7.000000000000000000e+00,3.041426911210881601e-01
1.000000000000000000e+04,-6.000000000000000000e+00,3.338109360177964335e-01
1.000000000000000000e+04,-5.000000000000000000e+00,3.636142018707953505e-01
1.000000000000000000e+04,-4.000000000000000000e+00,3.935288201163132937e-01
1.000000000000000000e+04,-3.000000000000000000e+00,4.235305939744421488e-01
1.000000000000000000e+04,-2.000000000000000000e+00,4.535949155269786703e-01
1.000000000000000000e+04,-1.000000000000000000e+00,4.836968831561565541e-01
1.000000000000000000e+04,0.000000000000000000e+00,5.138114190516690494e-01
1.000000000000000000e+04,1.000000000000000000e+00,5.439133866808473217e-01
1.000000000000000000e+04,2.000000000000000000e+00,5.739777082333846758e-01
1.000000000000000000e+04,3.000000000000000000e+00,6.039794820915138640e-01
1.000000000000000000e+04,4.000000000000000000e+00,6.338941003370316407e-01
1.000000000000000000e+04,5.000000000000000000e+00,6.636973661900297250e-01
1.000000000000000000e+04,6.000000000000000000e+00,6.933656110867386646e-01
1.000000000000000000e+04,7.000000000000000000e+00,7.228758108564918849e-01
1.000000000000000000e+04,8.000000000000000000e+00,7.522057001664040898e-01
1.000000000000000000e+04,9.000000000000000000e+00,7.813338840889858528e-01
1.000000000000000000e+04,1.000000000000000000e+01,8.102399453395727758e-01
1.000000000000000000e+04,1.100000000000000000e+01,8.389045454589925122e-01
1.000000000000000000e+04,1.200000000000000000e+01,8.673095180152929906e-01
1.000000000000000000e+04,1.300000000000000000e+01,8.954379517985424641e-01
1.000000000000000000e+04,1.400000000000000000e+01,9.232742620094867014e-01
1.000000000000000000e+04,1.500000000000000000e+01,9.508042476112721353e-01
1.000000000000000000e+04,1.600000000000000000e+01,9.780151333231561495e-01
1.000000000000000000e+04,1.700000000000000000e+01,1.004895595170434142e+00
1.000000000000000000e+04,1.800000000000000000e+01,1.031435769035251582e+00
1.000000000000000000e+04,1.900000000000000000e+01,1.057627242235076537e+00
1.000000000000000000e+04,2.000000000000000000e+01,1.083463028742666978e+00
1.000000000000000000e+04,2.100000000000000000e+01,1.108937529204967909e+00
1.000000000000000000e+04,2.200000000000000000e+01,1.134046477378706896e+00
1.000000000000000000e+04,2.300000000000000000e+01,1.158786874949103485e+00
1.000000000000000000e+04,2.400000000000000000e+01,1.183156916919905655e+00
1.000000000000000000e+04,2.500000000000000000e+01,1.207155909856750142e+00
1.000000000000000000e+04,2.600000000000000000e+01,1.230784185242674411e+00
1.000000000000000000e+04,2.700000000000000000e+01,1.254043010083067955e+00
1.000000000000000000e+04,2.800000000000000000e+01,1.276934496700489419e+00
1.000000000000000000e+04,2.900000000000000000e+01,1.299461513413517011e+00
1.000000000000000000e+04,3.000000000000000000e+01,1.321627597520590669e+00
