tau,q,bid_depth
0.000000000000000000e+00,-3.000000000000000000e+01,4.987541511039130238e-01
0.000000000000000000e+00,-2.900000000000000000e+01,4.987541511039081388e-01
0.000000000000000000e+00,-2.800000000000000000e+01,4.987541511039011444e-01
0.000000000000000000e+00,-2.700000000000000000e+01,4.987541511039060294e-01
0.000000000000000000e+00,-2.600000000000000000e+01,4.987541511039144670e-01
0.000000000000000000e+00,-2.500000000000000000e+01,4.987541511039060849e-01
0.000000000000000000e+00,-2.400000000000000000e+01,4.987541511039018660e-01
0.000000000000000000e+00,-2.300000000000000000e+01,4.987541511039134678e-01
0.000000000000000000e+00,-2.200000000000000000e+01,4.987541511039083608e-01
0.000000000000000000e+00,-2.100000000000000000e+01,4.987541511038956488e-01
0.000000000000000000e+00,-2.000000000000000000e+01,4.987541511039150222e-01
0.000000000000000000e+00,-1.900000000000000000e+01,4.987541511039136899e-01
0.000000000000000000e+00,-1.800000000000000000e+01,4.987541511038930953e-01
0.000000000000000000e+00,-1.700000000000000000e+01,4.987541511039190190e-01
0.000000000000000000e+00,-1.600000000000000000e+01,4.987541511039108033e-01
0.000000000000000000e+00,-1.500000000000000000e+01,4.987541511038868225e-01
0.000000000000000000e+00,-1.400000000000000000e+01,4.987541511039245701e-01
0.000000000000000000e+00,-1.300000000000000000e+01,4.987541511039066955e-01
0.000000000000000000e+00,-1.200000000000000000e+01,4.987541511039058628e-01
0.000000000000000000e+00,-1.100000000000000000e+01,4.987541511039070841e-01
0.000000000000000000e+00,-1.000000000000000000e+01,4.987541511038973141e-01
0.000000000000000000e+00,-9.000000000000000000e+00,4.987541511039256803e-01
0.000000000000000000e+00,-8.000000000000000000e+00,4.987541511038890985e-01
0.000000000000000000e+00,-7.000000000000000000e+00,4.987541511039220166e-01
0.000000000000000000e+00,-6.000000000000000000e+00,4.987541511038969810e-01
0.000000000000000000e+00,-5.000000000000000000e+00,4.987541511039173536e-01
0.000000000000000000e+00,-4.000000000000000000e+00,4.987541511038947606e-01
0.000000000000000000e+00,-3.000000000000000000e+00,4.987541511039227937e-01
0.000000000000000000e+00,-2.000000000000000000e+00,4.987541511038919850e-01
0.000000000000000000e+00,-1.000000000000000000e+00,4.987541511039156883e-01
0.000000000000000000e+00,0.000000000000000000e+00,4.987541511039104702e-01
0.000000000000000000e+00,1.000000000000000000e+00,4.987541511038992015e-01
0.000000000000000000e+00,2.000000000000000000e+00,4.987541511039119135e-01
0.000000000000000000e+00,3.000000000000000000e+00,4.987541511039055853e-01
0.000000000000000000e+00,4.000000000000000000e+00,4.987541511039130238e-01
0.000000000000000000e+00,5.000000000000000000e+00,4.987541511038934838e-01
0.000000000000000000e+00,6.000000000000000000e+00,4.987541511039281228e-01
0.000000000000000000e+00,7.000000000000000000e+00,4.987541511038836028e-01
0.000000000000000000e+00,8.000000000000000000e+00,4.987541511039308983e-01
0.000000000000000000e+00,9.000000000000000000e+00,4.987541511038966480e-01
0.000000000000000000e+00,1.000000000000000000e+01,4.987541511039052522e-01
0.000000000000000000e+00,1.100000000000000000e+01,4.987541511039045861e-01
0.000000000000000000e+00,1.200000000000000000e+01,4.987541511039092490e-01
0.000000000000000000e+00,1.300000000000000000e+01,4.987541511039223496e-01
0.000000000000000000e+00,1.400000000000000000e+01,4.987541511038882658e-01
0.000000000000000000e+00,1.500000000000000000e+01,4.987541511039115805e-01
0.000000000000000000e+00,1.600000000000000000e+01,4.987541511039157993e-01
0.000000000000000000e+00,1.700000000000000000e+01,4.987541511038957598e-01
0.000000000000000000e+00,1.800000000000000000e+01,4.987541511039145781e-01
0.000000000000000000e+00,1.900000000000000000e+01,4.987541511039081388e-01
0.000000000000000000e+00,2.000000000000000000e+01,4.987541511038975917e-01
0.000000000000000000e+00,2.100000000000000000e+01,4.987541511039157993e-01
0.000000000000000000e+00,2.200000000000000000e+01,4.987541511039132458e-01
0.000000000000000000e+00,2.300000000000000000e+01,4.987541511038989794e-01
0.000000000000000000e+00,2.400000000000000000e+01,4.987541511039073616e-01
0.000000000000000000e+00,2.500000000000000000e+01,4.987541511039111364e-01
0.000000000000000000e+00,2.600000000000000000e+01,4.987541511039019770e-01
0.000000000000000000e+00,2.700000000000000000e+01,4.987541511039036979e-01
0.000000000000000000e+00,2.800000000000000000e+01,4.987541511039170206e-01
0.000000000000000000e+00,2.900000000000000000e+01,4.987541511039160214e-01
0.000000000000000000e+00,3.000000000000000000e+01,4.987541511039060294e-01
1.666666666666666572e+02,-3.000000000000000000e+01,-2.152445895059928449e-01
1.666666666666666572e+02,-2.900000000000000000e+01,-1.943788775417200632e-01
1.666666666666666572e+02,-2.800000000000000000e+01,-1.732449701311359891e-01
1.666666666666666572e+02,-2.700000000000000000e+01,-1.518421221897848228e-01
1.666666666666666572e+02,-2.600000000000000000e+01,-1.301700506811526714e-01
1.666666666666666572e+02,-2.500000000000000000e+01,-1.082289790591451362e-01
1.666666666666666572e+02,-2.400000000000000000e+01,-8.601968303093882051e-02
1.666666666666666572e+02,-2.300000000000000000e+01,-6.354353724628120093e-02
1.666666666666666572e+02,-2.200000000000000000e+01,-4.080256243124497084e-02
1.666666666666666572e+02,-2.100000000000000000e+01,-1.779947239093065958e-02
1.666666666666666572e+02,-2.000000000000000000e+01,5.462279791249413652e-03
1.666666666666666572e+02,-1.900000000000000000e+01,2.897845712750479752e-02
1.666666666666666572e+02,-1.800000000000000000e+01,5.274399653703620849e-02
1.666666666666666572e+02,-1.700000000000000000e+01,7.675297004630338149e-02
1.666666666666666572e+02,-1.600000000000000000e+01,1.009985504045852744e-01
1.666666666666666572e+02,-1.500000000000000000e+01,1.254729821983032179e-01
1.666666666666666572e+02,-1.400000000000000000e+01,1.501675595809544017e-01
1.666666666666666572e+02,-1.300000000000000000e+01,1.750726117388027303e-01
1.666666666666666572e+02,-1.200000000000000000e+01,2.001774971802532388e-01
1.666666666666666572e+02,-1.100000000000000000e+01,2.254706078637324640e-01
1.666666666666666572e+02,-1.000000000000000000e+01,2.509393840612897386e-01
1.666666666666666572e+02,-9.000000000000000000e+00,2.765703406910129392e-01
1.666666666666666572e+02,-8.000000000000000000e+00,3.023491056407937583e-01
1.666666666666666572e+02,-7.000000000000000000e+00,3.282604703524120149e-01
1.666666666666666572e+02,-6.000000000000000000e+00,3.542884526438832005e-01
1.666666666666666572e+02,-5.000000000000000000e+00,3.804163714290469400e-01
1.666666666666666572e+02,-4.000000000000000000e+00,4.066269326579403653e-01
1.666666666666666572e+02,-3.000000000000000000e+00,4.329023254643022955e-01
1.666666666666666572e+02,-2.000000000000000000e+00,4.592243271829103413e-01
1.666666666666666572e+02,-1.000000000000000000e+00,4.855744156061561068e-01
1.666666666666666572e+02,0.000000000000000000e+00,5.119338866016591716e-01
1.666666666666666572e+02,1.000000000000000000e+00,5.382839750249038824e-01
1.666666666666666572e+02,2.000000000000000000e+00,5.646059767435129828e-01
1.666666666666666572e+02,3.000000000000000000e+00,5.908813695498751350e-01
1.666666666666666572e+02,4.000000000000000000e+00,6.170919307787676722e-01
1.666666666666666572e+02,5.000000000000000000e+00,6.432198495639299685e-01
1.666666666666666572e+02,6.000000000000000000e+00,6.692478318554027084e-01
1.666666666666666572e+02,7.000000000000000000e+00,6.951591965670197437e-01
1.666666666666666572e+02,8.000000000000000000e+00,7.209379615168031163e-01
1.666666666666666572e+02,9.000000000000000000e+00,7.465689181465243740e-01
1.666666666666666572e+02,1.000000000000000000e+01,7.720376943440836470e-01
1.666666666666666572e+02,1.100000000000000000e+01,7.973308050275613734e-01
1.666666666666666572e+02,1.200000000000000000e+01,8.224356904690124370e-01
1.666666666666666572e+02,1.300000000000000000e+01,8.473407426268602105e-01
1.666666666666666572e+02,1.400000000000000000e+01,8.720353200095117829e-01
1.666666666666666572e+02,1.500000000000000000e+01,8.965097518032288937e-01
1.666666666666666572e+02,1.600000000000000000e+01,9.207553321615116193e-01
1.666666666666666572e+02,1.700000000000000000e+01,9.447643056707797360e-01
1.666666666666666572e+02,1.800000000000000000e+01,9.685298450803093706e-01
1.666666666666666572e+02,1.900000000000000000e+01,9.920460224165653651e-01
1.666666666666666572e+02,2.000000000000000000e+01,1.015307774598745549e+00
1.666666666666666572e+02,2.100000000000000000e+01,1.038310864639060194e+00
1.666666666666666572e+02,2.200000000000000000e+01,1.061051839454096424e+00
1.666666666666666572e+02,2.300000000000000000e+01,1.083527985238753599e+00
1.666666666666666572e+02,2.400000000000000000e+01,1.105737281266957917e+00
1.666666666666666572e+02,2.500000000000000000e+01,1.127678352888966895e+00
1.666666666666666572e+02,2.600000000000000000e+01,1.149350424397600712e+00
1.666666666666666572e+02,2.700000000000000000e+01,1.170753272338949991e+00
1.666666666666666572e+02,2.800000000000000000e+01,1.191887179749534731e+00
1.666666666666666572e+02,2.900000000000000000e+01,1.212752891713806846e+00
1.666666666666666572e+02,3.000000000000000000e+01,1.233351572554679976e+00
3.333333333333333144e+02,-3.000000000000000000e+01,-2.152554475979706061e-01
3.333333333333333144e+02,-2.900000000000000000e+01,-1.943896598761783445e-01
3.333333333333333144e+02,-2.800000000000000000e+01,-1.732556605754722034e-01
3.333333333333333144e+02,-2.700000000000000000e+01,-1.518527036823335563e-01
3.333333333333333144e+02,-2.600000000000000000e+01,-1.301805052344293112e-01
3.333333333333333144e+02,-2.500000000000000000e+01,-1.082392877722954672e-01
3.333333333333333144e+02,-2.400000000000000000e+01,-8.602982611264847757e-02
3.333333333333333144e+02,-2.300000000000000000e+01,-6.355349404941129654e-02
3.333333333333333144e+02,-2.200000000000000000e+01,-4.081231150043757028e-02
3.333333333333333144e+02,-2.100000000000000000e+01,-1.780899152436704602e-02
3.333333333333333144e+02,-2.000000000000000000e+01,5.453013464859657322e-03
3.333333333333333144e+02,-1.900000000000000000e+01,2.896946705579983572e-02
3.333333333333333144e+02,-1.800000000000000000e+01,5.273530663405373575e-02
3.333333333333333144e+02,-1.700000000000000000e+01,7.674460456531789765e-02
3.333333333333333144e+02,-1.600000000000000000e+01,1.009905337936933267e-01
3.333333333333333144e+02,-1.500000000000000000e+01,1.254653389391477414e-01
3.333333333333333144e+02,-1.400000000000000000e+01,1.501603140114591839e-01
3.333333333333333144e+02,-1.300000000000000000e+01,1.750657878613291474e-01
3.333333333333333144e+02,-1.200000000000000000e+01,2.001711184571622892e-01
3.333333333333333144e+02,-1.100000000000000000e+01,2.254646970029227093e-01
3.333333333333333144e+02,-1.000000000000000000e+01,2.509339627948648510e-01
3.333333333333333144e+02,-9.000000000000000000e+00,2.765654295507754545e-01
3.333333333333333144e+02,-8.000000000000000000e+00,3.023447237347344774e-01
3.333333333333333144e+02,-7.000000000000000000e+00,3.282566351467385291e-01
3.333333333333333144e+02,-6.000000000000000000e+00,3.542851797553709936e-01
3.333333333333333144e+02,-5.000000000000000000e+00,3.804136744325710140e-01
3.333333333333333144e+02,-4.000000000000000000e+00,4.066248229139506898e-01
3.333333333333333144e+02,-3.000000000000000000e+00,4.329008119707046798e-01
3.333333333333333144e+02,-2.000000000000000000e+00,4.592234164553341547e-01
3.333333333333333144e+02,-1.000000000000000000e+00,4.855741115899150917e-01
3.333333333333333144e+02,0.000000000000000000e+00,5.119341906179001311e-01
3.333333333333333144e+02,1.000000000000000000e+00,5.382848857524802355e-01
3.333333333333333144e+02,2.000000000000000000e+00,5.646074902371104320e-01
3.333333333333333144e+02,3.000000000000000000e+00,5.908834792938650882e-01
3.333333333333333144e+02,4.000000000000000000e+00,6.170946277752437092e-01
3.333333333333333144e+02,5.000000000000000000e+00,6.432231224524420643e-01
3.333333333333333144e+02,6.000000000000000000e+00,6.692516670610763052e-01
3.333333333333333144e+02,7.000000000000000000e+00,6.951635784730789691e-01
3.333333333333333144e+02,8.000000000000000000e+00,7.209428726570406010e-01
3.333333333333333144e+02,9.000000000000000000e+00,7.465743394129492616e-01
3.333333333333333144e+02,1.000000000000000000e+01,7.720436052048932352e-01
3.333333333333333144e+02,1.100000000000000000e+01,7.973371837506523230e-01
3.333333333333333144e+02,1.200000000000000000e+01,8.224425143464861865e-01
3.333333333333333144e+02,1.300000000000000000e+01,8.473479881963554838e-01
3.333333333333333144e+02,1.400000000000000000e+01,8.720429632686672594e-01
3.333333333333333144e+02,1.500000000000000000e+01,8.965177684141205638e-01
3.333333333333333144e+02,1.600000000000000000e+01,9.207636976424971031e-01
3.333333333333333144e+02,1.700000000000000000e+01,9.447729955737622642e-01
3.333333333333333144e+02,1.800000000000000000e+01,9.685388351520144434e-01
3.333333333333333144e+02,1.900000000000000000e+01,9.920552887429552325e-01
3.333333333333333144e+02,2.000000000000000000e+01,1.015317293732182158e+00
3.333333333333333144e+02,2.100000000000000000e+01,1.038320613708252793e+00
3.333333333333333144e+02,2.200000000000000000e+01,1.061061796257226408e+00
3.333333333333333144e+02,2.300000000000000000e+01,1.083538128320463478e+00
3.333333333333333144e+02,2.400000000000000000e+01,1.105747589980108359e+00
3.333333333333333144e+02,2.500000000000000000e+01,1.127688807442243535e+00
3.333333333333333144e+02,2.600000000000000000e+01,1.149361005890149556e+00
3.333333333333333144e+02,2.700000000000000000e+01,1.170763962783286205e+00
3.333333333333333144e+02,2.800000000000000000e+01,1.191897962083993123e+00
3.333333333333333144e+02,2.900000000000000000e+01,1.212763749805784386e+00
3.333333333333333144e+02,3.000000000000000000e+01,1.233362491195885813e+00
5.000000000000000000e+02,-3.000000000000000000e+01,-2.152554477219563167e-01
5.000000000000000000e+02,-2.900000000000000000e+01,-1.943896599992995244e-01
5.000000000000000000e+02,-2.800000000000000000e+01,-1.732556606975444446e-01
5.000000000000000000e+02,-2.700000000000000000e+01,-1.518527038031622367e-01
5.000000000000000000e+02,-2.600000000000000000e+01,-1.301805053538089285e-01
5.000000000000000000e+02,-2.500000000000000000e+01,-1.082392878900101940e-01
5.000000000000000000e+02,-2.400000000000000000e+01,-8.602982622847227256e-02
5.000000000000000000e+02,-2.300000000000000000e+01,-6.355349416310845934e-02
5.000000000000000000e+02,-2.200000000000000000e+01,-4.081231161176274158e-02
5.000000000000000000e+02,-2.100000000000000000e+01,-1.780899163306720601e-02
5.000000000000000000e+02,-2.000000000000000000e+01,5.453013359046021691e-03
5.000000000000000000e+02,-1.900000000000000000e+01,2.896946695314028819e-02
5.000000000000000000e+02,-1.800000000000000000e+01,5.273530653482177977e-02
5.000000000000000000e+02,-1.700000000000000000e+01,7.674460446979008976e-02
5.000000000000000000e+02,-1.600000000000000000e+01,1.009905337021493876e-01
5.000000000000000000e+02,-1.500000000000000000e+01,1.254653388518667256e-01
5.000000000000000000e+02,-1.400000000000000000e+01,1.501603139287192579e-01
5.000000000000000000e+02,-1.300000000000000000e+01,1.750657877834044807e-01
5.000000000000000000e+02,-1.200000000000000000e+01,2.001711183843208897e-01
5.000000000000000000e+02,-1.100000000000000000e+01,2.254646969354237585e-01
5.000000000000000000e+02,-1.000000000000000000e+01,2.509339627329568723e-01
5.000000000000000000e+02,-9.000000000000000000e+00,2.765654294946926495e-01
5.000000000000000000e+02,-8.000000000000000000e+00,3.023447236846951158e-01
5.000000000000000000e+02,-7.000000000000000000e+00,3.282566351029422291e-01
5.000000000000000000e+02,-6.000000000000000000e+00,3.542851797179960016e-01
5.000000000000000000e+02,-5.000000000000000000e+00,3.804136744017723171e-01
5.000000000000000000e+02,-4.000000000000000000e+00,4.066248228898582950e-01
5.000000000000000000e+02,-3.000000000000000000e+00,4.329008119534212273e-01
5.000000000000000000e+02,-2.000000000000000000e+00,4.592234164449339739e-01
5.000000000000000000e+02,-1.000000000000000000e+00,4.855741115864433688e-01
5.000000000000000000e+02,0.000000000000000000e+00,5.119341906213717985e-01
5.000000000000000000e+02,1.000000000000000000e+00,5.382848857628803607e-01
5.000000000000000000e+02,2.000000000000000000e+00,5.646074902543939400e-01
5.000000000000000000e+02,3.000000000000000000e+00,5.908834793179574829e-01
5.000000000000000000e+02,4.000000000000000000e+00,6.170946278060422951e-01
5.000000000000000000e+02,5.000000000000000000e+00,6.432231224898170563e-01
5.000000000000000000e+02,6.000000000000000000e+00,6.692516671048727162e-01
5.000000000000000000e+02,7.000000000000000000e+00,6.951635785231183862e-01
5.000000000000000000e+02,8.000000000000000000e+00,7.209428727131234060e-01
5.000000000000000000e+02,9.000000000000000000e+00,7.465743394748574069e-01
5.000000000000000000e+02,1.000000000000000000e+01,7.720436052723922415e-01
5.000000000000000000e+02,1.100000000000000000e+01,7.973371838234937226e-01
5.000000000000000000e+02,1.200000000000000000e+01,8.224425144244107422e-01
5.000000000000000000e+02,1.300000000000000000e+01,8.473479882790954099e-01
5.000000000000000000e+02,1.400000000000000000e+01,8.720429633559481086e-01
5.000000000000000000e+02,1.500000000000000000e+01,8.965177685056646695e-01
5.000000000000000000e+02,1.600000000000000000e+01,9.207636977380248000e-01
5.000000000000000000e+02,1.700000000000000000e+01,9.447729956729943313e-01
5.000000000000000000e+02,1.800000000000000000e+01,9.685388352546737689e-01
5.000000000000000000e+02,1.900000000000000000e+01,9.920552888487688126e-01
5.000000000000000000e+02,2.000000000000000000e+01,1.015317293840882318e+00
5.000000000000000000e+02,2.100000000000000000e+01,1.038320613819578186e+00
5.000000000000000000e+02,2.200000000000000000e+01,1.061061796370923460e+00
5.000000000000000000e+02,2.300000000000000000e+01,1.083538128436287051e+00
5.000000000000000000e+02,2.400000000000000000e+01,1.105747590097822863e+00
5.000000000000000000e+02,2.500000000000000000e+01,1.127688807561623152e+00
5.000000000000000000e+02,2.600000000000000000e+01,1.149361006010978237e+00
5.000000000000000000e+02,2.700000000000000000e+01,1.170763962905358557e+00
5.000000000000000000e+02,2.800000000000000000e+01,1.191897962207114414e+00
5.000000000000000000e+02,2.900000000000000000e+01,1.212763749929770318e+00
5.000000000000000000e+02,3.000000000000000000e+01,1.233362491320562304e+00
6.666666666666666288e+02,-3.000000000000000000e+01,-2.152554477219576490e-01
6.666666666666666288e+02,-2.900000000000000000e+01,-1.943896599993008567e-01
6.666666666666666288e+02,-2.800000000000000000e+01,-1.732556606975457769e-01
6.666666666666666288e+02,-2.700000000000000000e+01,-1.518527038031635690e-01
6.666666666666666288e+02,-2.600000000000000000e+01,-1.301805053538103718e-01
6.666666666666666288e+02,-2.500000000000000000e+01,-1.082392878900114153e-01
6.666666666666666288e+02,-2.400000000000000000e+01,-8.602982622847360483e-02
6.666666666666666288e+02,-2.300000000000000000e+01,-6.355349416310956956e-02
6.666666666666666288e+02,-2.200000000000000000e+01,-4.081231161176418487e-02
6.666666666666666288e+02,-2.100000000000000000e+01,-1.780899163306842725e-02
6.666666666666666288e+02,-2.000000000000000000e+01,5.453013359044689423e-03
6.666666666666666288e+02,-1.900000000000000000e+01,2.896946695313923348e-02
6.666666666666666288e+02,-1.800000000000000000e+01,5.273530653482055852e-02
6.666666666666666288e+02,-1.700000000000000000e+01,7.674460446978903505e-02
6.666666666666666288e+02,-1.600000000000000000e+01,1.009905337021482774e-01
6.666666666666666288e+02,-1.500000000000000000e+01,1.254653388518657819e-01
6.666666666666666288e+02,-1.400000000000000000e+01,1.501603139287182032e-01
6.666666666666666288e+02,-1.300000000000000000e+01,1.750657877834035925e-01
6.666666666666666288e+02,-1.200000000000000000e+01,2.001711183843200015e-01
6.666666666666666288e+02,-1.100000000000000000e+01,2.254646969354229813e-01
6.666666666666666288e+02,-1.000000000000000000e+01,2.509339627329560951e-01
6.666666666666666288e+02,-9.000000000000000000e+00,2.765654294946919833e-01
6.666666666666666288e+02,-8.000000000000000000e+00,3.023447236846945607e-01
6.666666666666666288e+02,-7.000000000000000000e+00,3.282566351029417850e-01
6.666666666666666288e+02,-6.000000000000000000e+00,3.542851797179955020e-01
6.666666666666666288e+02,-5.000000000000000000e+00,3.804136744017722060e-01
6.666666666666666288e+02,-4.000000000000000000e+00,4.066248228898579065e-01
6.666666666666666288e+02,-3.000000000000000000e+00,4.329008119534211163e-01
6.666666666666666288e+02,-2.000000000000000000e+00,4.592234164449339184e-01
6.666666666666666288e+02,-1.000000000000000000e+00,4.855741115864432578e-01
6.666666666666666288e+02,0.000000000000000000e+00,5.119341906213717985e-01
6.666666666666666288e+02,1.000000000000000000e+00,5.382848857628805828e-01
6.666666666666666288e+02,2.000000000000000000e+00,5.646074902543940510e-01
6.666666666666666288e+02,3.000000000000000000e+00,5.908834793179578160e-01
6.666666666666666288e+02,4.000000000000000000e+00,6.170946278060427392e-01
6.666666666666666288e+02,5.000000000000000000e+00,6.432231224898176114e-01
6.666666666666666288e+02,6.000000000000000000e+00,6.692516671048730492e-01
6.666666666666666288e+02,7.000000000000000000e+00,6.951635785231189413e-01
6.666666666666666288e+02,8.000000000000000000e+00,7.209428727131239611e-01
6.666666666666666288e+02,9.000000000000000000e+00,7.465743394748580730e-01
6.666666666666666288e+02,1.000000000000000000e+01,7.720436052723929077e-01
6.666666666666666288e+02,1.100000000000000000e+01,7.973371838234946107e-01
6.666666666666666288e+02,1.200000000000000000e+01,8.224425144244116304e-01
6.666666666666666288e+02,1.300000000000000000e+01,8.473479882790962980e-01
6.666666666666666288e+02,1.400000000000000000e+01,8.720429633559491078e-01
6.666666666666666288e+02,1.500000000000000000e+01,8.965177685056660017e-01
6.666666666666666288e+02,1.600000000000000000e+01,9.207636977380257992e-01
6.666666666666666288e+02,1.700000000000000000e+01,9.447729956729955525e-01
6.666666666666666288e+02,1.800000000000000000e+01,9.685388352546748791e-01
6.666666666666666288e+02,1.900000000000000000e+01,9.920552888487701448e-01
6.666666666666666288e+02,2.000000000000000000e+01,1.015317293840883428e+00
6.666666666666666288e+02,2.100000000000000000e+01,1.038320613819579519e+00
6.666666666666666288e+02,2.200000000000000000e+01,1.061061796370924792e+00
6.666666666666666288e+02,2.300000000000000000e+01,1.083538128436288384e+00
6.666666666666666288e+02,2.400000000000000000e+01,1.105747590097824196e+00
6.666666666666666288e+02,2.500000000000000000e+01,1.127688807561624484e+00
6.666666666666666288e+02,2.600000000000000000e+01,1.149361006010979569e+00
6.666666666666666288e+02,2.700000000000000000e+01,1.170763962905359890e+00
6.666666666666666288e+02,2.800000000000000000e+01,1.191897962207115746e+00
6.666666666666666288e+02,2.900000000000000000e+01,1.212763749929771651e+00
6.666666666666666288e+02,3.000000000000000000e+01,1.233362491320563858e+00
8.333333333333332575e+02,-3.000000000000000000e+01,-2.152554477219576490e-01
8.333333333333332575e+02,-2.900000000000000000e+01,-1.943896599993008567e-01
8.333333333333332575e+02,-2.800000000000000000e+01,-1.732556606975457769e-01
8.333333333333332575e+02,-2.700000000000000000e+01,-1.518527038031635690e-01
8.333333333333332575e+02,-2.600000000000000000e+01,-1.301805053538103718e-01
8.333333333333332575e+02,-2.500000000000000000e+01,-1.082392878900114153e-01
8.333333333333332575e+02,-2.400000000000000000e+01,-8.602982622847360483e-02
8.333333333333332575e+02,-2.300000000000000000e+01,-6.355349416310956956e-02
8.333333333333332575e+02,-2.200000000000000000e+01,-4.081231161176418487e-02
8.333333333333332575e+02,-2.100000000000000000e+01,-1.780899163306842725e-02
8.333333333333332575e+02,-2.000000000000000000e+01,5.453013359044689423e-03
8.333333333333332575e+02,-1.900000000000000000e+01,2.896946695313923348e-02
8.333333333333332575e+02,-1.800000000000000000e+01,5.273530653482055852e-02
8.333333333333332575e+02,-1.700000000000000000e+01,7.674460446978903505e-02
8.333333333333332575e+02,-1.600000000000000000e+01,1.009905337021482774e-01
8.333333333333332575e+02,-1.500000000000000000e+01,1.254653388518657819e-01
8.333333333333332575e+02,-1.400000000000000000e+01,1.501603139287182032e-01
8.333333333333332575e+02,-1.300000000000000000e+01,1.750657877834035925e-01
8.333333333333332575e+02,-1.200000000000000000e+01,2.001711183843200015e-01
8.333333333333332575e+02,-1.100000000000000000e+01,2.254646969354229813e-01
8.333333333333332575e+02,-1.000000000000000000e+01,2.509339627329560951e-01
8.333333333333332575e+02,-9.000000000000000000e+00,2.765654294946919833e-01
8.333333333333332575e+02,-8.000000000000000000e+00,3.023447236846945607e-01
8.333333333333332575e+02,-7.000000000000000000e+00,3.282566351029417850e-01
8.333333333333332575e+02,-6.000000000000000000e+00,3.542851797179955020e-01
8.333333333333332575e+02,-5.000000000000000000e+00,3.804136744017722060e-01
8.333333333333332575e+02,-4.000000000000000000e+00,4.066248228898579065e-01
8.333333333333332575e+02,-3.000000000000000000e+00,4.329008119534211163e-01
8.333333333333332575e+02,-2.000000000000000000e+00,4.592234164449339184e-01
8.333333333333332575e+02,-1.000000000000000000e+00,4.855741115864432578e-01
8.333333333333332575e+02,0.000000000000000000e+00,5.119341906213717985e-01
8.333333333333332575e+02,1.000000000000000000e+00,5.382848857628805828e-01
8.333333333333332575e+02,2.000000000000000000e+00,5.646074902543940510e-01
8.333333333333332575e+02,3.000000000000000000e+00,5.908834793179578160e-01
8.333333333333332575e+02,4.000000000000000000e+00,6.170946278060427392e-01
8.333333333333332575e+02,5.000000000000000000e+00,6.432231224898176114e-01
8.333333333333332575e+02,6.000000000000000000e+00,6.692516671048730492e-01
8.333333333333332575e+02,7.000000000000000000e+00,6.951635785231189413e-01
8.333333333333332575e+02,8.000000000000000000e+00,7.209428727131239611e-01
8.333333333333332575e+02,9.000000000000000000e+00,7.465743394748580730e-01
8.333333333333332575e+02,1.000000000000000000e+01,7.720436052723929077e-01
8.333333333333332575e+02,1.100000000000000000e+01,7.973371838234946107e-01
8.333333333333332575e+02,1.200000000000000000e+01,8.224425144244116304e-01
8.333333333333332575e+02,1.300000000000000000e+01,8.473479882790962980e-01
8.333333333333332575e+02,1.400000000000000000e+01,8.720429633559491078e-01
8.333333333333332575e+02,1.500000000000000000e+01,8.965177685056660017e-01
8.333333333333332575e+02,1.600000000000000000e+01,9.207636977380257992e-01
8.333333333333332575e+02,1.700000000000000000e+01,9.447729956729955525e-01
8.333333333333332575e+02,1.800000000000000000e+01,9.685388352546748791e-01
8.333333333333332575e+02,1.900000000000000000e+01,9.920552888487701448e-01
8.333333333333332575e+02,2.000000000000000000e+01,1.015317293840883428e+00
8.333333333333332575e+02,2.100000000000000000e+01,1.038320613819579519e+00
8.333333333333332575e+02,2.200000000000000000e+01,1.061061796370924792e+00
8.333333333333332575e+02,2.300000000000000000e+01,1.083538128436288384e+00
8.333333333333332575e+02,2.400000000000000000e+01,1.105747590097824196e+00
8.333333333333332575e+02,2.500000000000000000e+01,1.127688807561624484e+00
8.333333333333332575e+02,2.600000000000000000e+01,1.149361006010979569e+00
8.333333333333332575e+02,2.700000000000000000e+01,1.170763962905359890e+00
8.333333333333332575e+02,2.800000000000000000e+01,1.191897962207115746e+00
8.333333333333332575e+02,2.900000000000000000e+01,1.212763749929771651e+00
8.333333333333332575e+02,3.000000000000000000e+01,1.233362491320563858e+00
1.000000000000000000e+03,-3.000000000000000000e+01,-2.152554477219576490e-01
1.000000000000000000e+03,-2.900000000000000000e+01,-1.943896599993008567e-01
1.000000000000000000e+03,-2.800000000000000000e+01,-1.732556606975457769e-01
1.000000000000000000e+03,-2.700000000000000000e+01,-1.518527038031635690e-01
1.000000000000000000e+03,-2.600000000000000000e+01,-1.301805053538103718e-01
1.000000000000000000e+03,-2.500000000000000000e+01,-1.082392878900114153e-01
1.000000000000000000e+03,-2.400000000000000000e+01,-8.602982622847360483e-02
1.000000000000000000e+03,-2.300000000000000000e+01,-6.355349416310956956e-02
1.000000000000000000e+03,-2.200000000000000000e+01,-4.081231161176418487e-02
1.000000000000000000e+03,-2.100000000000000000e+01,-1.780899163306842725e-02
1.000000000000000000e+03,-2.000000000000000000e+01,5.453013359044689423e-03
1.000000000000000000e+03,-1.900000000000000000e+01,2.896946695313923348e-02
1.000000000000000000e+03,-1.800000000000000000e+01,5.273530653482055852e-02
1.000000000000000000e+03,-1.700000000000000000e+01,7.674460446978903505e-02
1.000000000000000000e+03,-1.600000000000000000e+01,1.009905337021482774e-01
1.000000000000000000e+03,-1.500000000000000000e+01,1.254653388518657819e-01
1.000000000000000000e+03,-1.400000000000000000e+01,1.501603139287182032e-01
1.000000000000000000e+03,-1.300000000000000000e+01,1.750657877834035925e-01
1.000000000000000000e+03,-1.200000000000000000e+01,2.001711183843200015e-01
1.000000000000000000e+03,-1.100000000000000000e+01,2.254646969354229813e-01
1.000000000000000000e+03,-1.000000000000000000e+01,2.509339627329560951e-01
1.000000000000000000e+03,-9.000000000000000000e+00,2.765654294946919833e-01
1.000000000000000000e+03,-8.000000000000000000e+00,3.023447236846945607e-01
1.000000000000000000e+03,-7.000000000000000000e+00,3.282566351029417850e-01
1.000000000000000000e+03,-6.000000000000000000e+00,3.542851797179955020e-01
1.000000000000000000e+03,-5.000000000000000000e+00,3.804136744017722060e-01
1.000000000000000000e+03,-4.000000000000000000e+00,4.066248228898579065e-01
1.000000000000000000e+03,-3.000000000000000000e+00,4.329008119534211163e-01
1.000000000000000000e+03,-2.000000000000000000e+00,4.592234164449339184e-01
1.000000000000000000e+03,-1.000000000000000000e+00,4.855741115864432578e-01
1.000000000000000000e+03,0.000000000000000000e+00,5.119341906213717985e-01
1.000000000000000000e+03,1.000000000000000000e+00,5.382848857628805828e-01
1.000000000000000000e+03,2.000000000000000000e+00,5.646074902543940510e-01
1.000000000000000000e+03,3.000000000000000000e+00,5.908834793179578160e-01
1.000000000000000000e+03,4.000000000000000000e+00,6.170946278060427392e-01
1.000000000000000000e+03,5.000000000000000000e+00,6.432231224898176114e-01
1.000000000000000000e+03,6.000000000000000000e+00,6.692516671048730492e-01
1.000000000000000000e+03,7.000000000000000000e+00,6.951635785231189413e-01
1.000000000000000000e+03,8.000000000000000000e+00,7.209428727131239611e-01
1.000000000000000000e+03,9.000000000000000000e+00,7.465743394748580730e-01
1.000000000000000000e+03,1.000000000000000000e+01,7.720436052723929077e-01
1.000000000000000000e+03,1.100000000000000000e+01,7.973371838234946107e-01
1.000000000000000000e+03,1.200000000000000000e+01,8.224425144244116304e-01
1.000000000000000000e+03,1.300000000000000000e+01,8.473479882790962980e-01
1.000000000000000000e+03,1.400000000000000000e+01,8.720429633559491078e-01
1.000000000000000000e+03,1.500000000000000000e+01,8.965177685056660017e-01
1.000000000000000000e+03,1.600000000000000000e+01,9.207636977380257992e-01
1.000000000000000000e+03,1.700000000000000000e+01,9.447729956729955525e-01
1.000000000000000000e+03,1.800000000000000000e+01,9.685388352546748791e-01
1.000000000000000000e+03,1.900000000000000000e+01,9.920552888487701448e-01
1.000000000000000000e+03,2.000000000000000000e+01,1.015317293840883428e+00
1.000000000000000000e+03,2.100000000000000000e+01,1.038320613819579519e+00
1.000000000000000000e+03,2.200000000000000000e+01,1.061061796370924792e+00
1.000000000000000000e+03,2.300000000000000000e+01,1.083538128436288384e+00
1.000000000000000000e+03,2.400000000000000000e+01,1.105747590097824196e+00
1.000000000000000000e+03,2.500000000000000000e+01,1.127688807561624484e+00
1.000000000000000000e+03,2.600000000000000000e+01,1.149361006010979569e+00
1.000000000000000000e+03,2.700000000000000000e+01,1.170763962905359890e+00
1.000000000000000000e+03,2.800000000000000000e+01,1.191897962207115746e+00
1.000000000000000000e+03,2.900000000000000000e+01,1.212763749929771651e+00
1.000000000000000000e+03,3.000000000000000000e+01,1.233362491320563858e+00
1.166666666666666515e+03,-3.000000000000000000e+01,-2.152554477219576490e-01
1.166666666666666515e+03,-2.900000000000000000e+01,-1.943896599993008567e-01
1.166666666666666515e+03,-2.800000000000000000e+01,-1.732556606975457769e-01
1.166666666666666515e+03,-2.700000000000000000e+01,-1.518527038031635690e-01
1.166666666666666515e+03,-2.600000000000000000e+01,-1.301805053538103718e-01
1.166666666666666515e+03,-2.500000000000000000e+01,-1.082392878900114153e-01
1.166666666666666515e+03,-2.400000000000000000e+01,-8.602982622847360483e-02
1.166666666666666515e+03,-2.300000000000000000e+01,-6.355349416310956956e-02
1.166666666666666515e+03,-2.200000000000000000e+01,-4.081231161176418487e-02
1.166666666666666515e+03,-2.100000000000000000e+01,-1.780899163306842725e-02
1.166666666666666515e+03,-2.000000000000000000e+01,5.453013359044689423e-03
1.166666666666666515e+03,-1.900000000000000000e+01,2.896946695313923348e-02
1.166666666666666515e+03,-1.800000000000000000e+01,5.273530653482055852e-02
1.166666666666666515e+03,-1.700000000000000000e+01,7.674460446978903505e-02
1.166666666666666515e+03,-1.600000000000000000e+01,1.009905337021482774e-01
1.166666666666666515e+03,-1.500000000000000000e+01,1.254653388518657819e-01
1.166666666666666515e+03,-1.400000000000000000e+01,1.501603139287182032e-01
1.166666666666666515e+03,-1.300000000000000000e+01,1.750657877834035925e-01
1.166666666666666515e+03,-1.200000000000000000e+01,2.001711183843200015e-01
1.166666666666666515e+03,-1.100000000000000000e+01,2.254646969354229813e-01
1.166666666666666515e+03,-1.000000000000000000e+01,2.509339627329560951e-01
1.166666666666666515e+03,-9.000000000000000000e+00,2.765654294946919833e-01
1.166666666666666515e+03,-8.000000000000000000e+00,3.023447236846945607e-01
1.166666666666666515e+03,-7.000000000000000000e+00,3.282566351029417850e-01
1.166666666666666515e+03,-6.000000000000000000e+00,3.542851797179955020e-01
1.166666666666666515e+03,-5.000000000000000000e+00,3.804136744017722060e-01
1.166666666666666515e+03,-4.000000000000000000e+00,4.066248228898579065e-01
1.166666666666666515e+03,-3.000000000000000000e+00,4.329008119534211163e-01
1.166666666666666515e+03,-2.000000000000000000e+00,4.592234164449339184e-01
1.166666666666666515e+03,-1.000000000000000000e+00,4.855741115864432578e-01
1.166666666666666515e+03,0.000000000000000000e+00,5.119341906213717985e-01
1.166666666666666515e+03,1.000000000000000000e+00,5.382848857628805828e-01
1.166666666666666515e+03,2.000000000000000000e+00,5.646074902543940510e-01
1.166666666666666515e+03,3.000000000000000000e+00,5.908834793179578160e-01
1.166666666666666515e+03,4.000000000000000000e+00,6.170946278060427392e-01
1.166666666666666515e+03,5.000000000000000000e+00,6.432231224898176114e-01
1.166666666666666515e+03,6.000000000000000000e+00,6.692516671048730492e-01
1.166666666666666515e+03,7.000000000000000000e+00,6.951635785231189413e-01
1.166666666666666515e+03,8.000000000000000000e+00,7.209428727131239611e-01
1.166666666666666515e+03,9.000000000000000000e+00,7.465743394748580730e-01
1.166666666666666515e+03,1.000000000000000000e+01,7.720436052723929077e-01
1.166666666666666515e+03,1.100000000000000000e+01,7.973371838234946107e-01
1.166666666666666515e+03,1.200000000000000000e+01,8.224425144244116304e-01
1.166666666666666515e+03,1.300000000000000000e+01,8.473479882790962980e-01
1.166666666666666515e+03,1.400000000000000000e+01,8.720429633559491078e-01
1.166666666666666515e+03,1.500000000000000000e+01,8.965177685056660017e-01
1.166666666666666515e+03,1.600000000000000000e+01,9.207636977380257992e-01
1.166666666666666515e+03,1.700000000000000000e+01,9.447729956729955525e-01
1.166666666666666515e+03,1.800000000000000000e+01,9.685388352546748791e-01
1.166666666666666515e+03,1.900000000000000000e+01,9.920552888487701448e-01
1.166666666666666515e+03,2.000000000000000000e+01,1.015317293840883428e+00
1.166666666666666515e+03,2.100000000000000000e+01,1.038320613819579519e+00
1.166666666666666515e+03,2.200000000000000000e+01,1.061061796370924792e+00
1.166666666666666515e+03,2.300000000000000000e+01,1.083538128436288384e+00
1.166666666666666515e+03,2.400000000000000000e+01,1.105747590097824196e+00
1.166666666666666515e+03,2.500000000000000000e+01,1.127688807561624484e+00
1.166666666666666515e+03,2.600000000000000000e+01,1.149361006010979569e+00
1.166666666666666515e+03,2.700000000000000000e+01,1.170763962905359890e+00
1.166666666666666515e+03,2.800000000000000000e+01,1.191897962207115746e+00
1.166666666666666515e+03,2.900000000000000000e+01,1.212763749929771651e+00
1.166666666666666515e+03,3.000000000000000000e+01,1.233362491320563858e+00
1.333333333333333258e+03,-3.000000000000000000e+01,-2.152554477219576490e-01
1.333333333333333258e+03,-2.900000000000000000e+01,-1.943896599993008567e-01
1.333333333333333258e+03,-2.800000000000000000e+01,-1.732556606975457769e-01
1.333333333333333258e+03,-2.700000000000000000e+01,-1.518527038031635690e-01
1.333333333333333258e+03,-2.600000000000000000e+01,-1.301805053538103718e-01
1.333333333333333258e+03,-2.500000000000000000e+01,-1.082392878900114153e-01
1.333333333333333258e+03,-2.400000000000000000e+01,-8.602982622847360483e-02
1.333333333333333258e+03,-2.300000000000000000e+01,-6.355349416310956956e-02
1.333333333333333258e+03,-2.200000000000000000e+01,-4.081231161176418487e-02
1.333333333333333258e+03,-2.100000000000000000e+01,-1.780899163306842725e-02
1.333333333333333258e+03,-2.000000000000000000e+01,5.453013359044689423e-03
1.333333333333333258e+03,-1.900000000000000000e+01,2.896946695313923348e-02
1.333333333333333258e+03,-1.800000000000000000e+01,5.273530653482055852e-02
1.333333333333333258e+03,-1.700000000000000000e+01,7.674460446978903505e-02
1.333333333333333258e+03,-1.600000000000000000e+01,1.009905337021482774e-01
1.333333333333333258e+03,-1.500000000000000000e+01,1.254653388518657819e-01
1.333333333333333258e+03,-1.400000000000000000e+01,1.501603139287182032e-01
1.333333333333333258e+03,-1.300000000000000000e+01,1.750657877834035925e-01
1.333333333333333258e+03,-1.200000000000000000e+01,2.001711183843200015e-01
1.333333333333333258e+03,-1.100000000000000000e+01,2.254646969354229813e-01
1.333333333333333258e+03,-1.000000000000000000e+01,2.509339627329560951e-01
1.333333333333333258e+03,-9.000000000000000000e+00,2.765654294946919833e-01
1.333333333333333258e+03,-8.000000000000000000e+00,3.023447236846945607e-01
1.333333333333333258e+03,-7.000000000000000000e+00,3.282566351029417850e-01
1.333333333333333258e+03,-6.000000000000000000e+00,3.542851797179955020e-01
1.333333333333333258e+03,-5.000000000000000000e+00,3.804136744017722060e-01
1.333333333333333258e+03,-4.000000000000000000e+00,4.066248228898579065e-01
1.333333333333333258e+03,-3.000000000000000000e+00,4.329008119534211163e-01
1.333333333333333258e+03,-2.000000000000000000e+00,4.592234164449339184e-01
1.333333333333333258e+03,-1.000000000000000000e+00,4.855741115864432578e-01
1.333333333333333258e+03,0.000000000000000000e+00,5.119341906213717985e-01
1.333333333333333258e+03,1.000000000000000000e+00,5.382848857628805828e-01
1.333333333333333258e+03,2.000000000000000000e+00,5.646074902543940510e-01
1.333333333333333258e+03,3.000000000000000000e+00,5.908834793179578160e-01
1.333333333333333258e+03,4.000000000000000000e+00,6.170946278060427392e-01
1.333333333333333258e+03,5.000000000000000000e+00,6.432231224898176114e-01
1.333333333333333258e+03,6.000000000000000000e+00,6.692516671048730492e-01
1.333333333333333258e+03,7.000000000000000000e+00,6.951635785231189413e-01
1.333333333333333258e+03,8.000000000000000000e+00,7.209428727131239611e-01
1.333333333333333258e+03,9.000000000000000000e+00,7.465743394748580730e-01
1.333333333333333258e+03,1.000000000000000000e+01,7.720436052723929077e-01
1.333333333333333258e+03,1.100000000000000000e+01,7.973371838234946107e-01
1.333333333333333258e+03,1.200000000000000000e+01,8.224425144244116304e-01
1.333333333333333258e+03,1.300000000000000000e+01,8.473479882790962980e-01
1.333333333333333258e+03,1.400000000000000000e+01,8.720429633559491078e-01
1.333333333333333258e+03,1.500000000000000000e+01,8.965177685056660017e-01
1.333333333333333258e+03,1.600000000000000000e+01,9.207636977380257992e-01
1.333333333333333258e+03,1.700000000000000000e+01,9.447729956729955525e-01
1.333333333333333258e+03,1.800000000000000000e+01,9.685388352546748791e-01
1.333333333333333258e+03,1.900000000000000000e+01,9.920552888487701448e-01
1.333333333333333258e+03,2.000000000000000000e+01,1.015317293840883428e+00
1.333333333333333258e+03,2.100000000000000000e+01,1.038320613819579519e+00
1.333333333333333258e+03,2.200000000000000000e+01,1.061061796370924792e+00
1.333333333333333258e+03,2.300000000000000000e+01,1.083538128436288384e+00
1.333333333333333258e+03,2.400000000000000000e+01,1.105747590097824196e+00
1.333333333333333258e+03,2.500000000000000000e+01,1.127688807561624484e+00
1.333333333333333258e+03,2.600000000000000000e+01,1.149361006010979569e+00
1.333333333333333258e+03,2.700000000000000000e+01,1.170763962905359890e+00
1.333333333333333258e+03,2.800000000000000000e+01,1.191897962207115746e+00
1.333333333333333258e+03,2.900000000000000000e+01,1.212763749929771651e+00
1.333333333333333258e+03,3.000000000000000000e+01,1.233362491320563858e+00
1.500000000000000000e+03,-3.000000000000000000e+01,-2.152554477219576490e-01
1.500000000000000000e+03,-2.900000000000000000e+01,-1.943896599993008567e-01
1.500000000000000000e+03,-2.800000000000000000e+01,-1.732556606975457769e-01
1.500000000000000000e+03,-2.700000000000000000e+01,-1.518527038031635690e-01
1.500000000000000000e+03,-2.600000000000000000e+01,-1.301805053538103718e-01
1.500000000000000000e+03,-2.500000000000000000e+01,-1.082392878900114153e-01
1.500000000000000000e+03,-2.400000000000000000e+01,-8.602982622847360483e-02
1.500000000000000000e+03,-2.300000000000000000e+01,-6.355349416310956956e-02
1.500000000000000000e+03,-2.200000000000000000e+01,-4.081231161176418487e-02
1.500000000000000000e+03,-2.100000000000000000e+01,-1.780899163306842725e-02
1.500000000000000000e+03,-2.000000000000000000e+01,5.453013359044689423e-03
1.500000000000000000e+03,-1.900000000000000000e+01,2.896946695313923348e-02
1.500000000000000000e+03,-1.800000000000000000e+01,5.273530653482055852e-02
1.500000000000000000e+03,-1.700000000000000000e+01,7.674460446978903505e-02
1.500000000000000000e+03,-1.600000000000000000e+01,1.009905337021482774e-01
1.500000000000000000e+03,-1.500000000000000000e+01,1.254653388518657819e-01
1.500000000000000000e+03,-1.400000000000000000e+01,1.501603139287182032e-01
1.500000000000000000e+03,-1.300000000000000000e+01,1.750657877834035925e-01
1.500000000000000000e+03,-1.200000000000000000e+01,2.001711183843200015e-01
1.500000000000000000e+03,-1.100000000000000000e+01,2.254646969354229813e-01
1.500000000000000000e+03,-1.000000000000000000e+01,2.509339627329560951e-01
1.500000000000000000e+03,-9.000000000000000000e+00,2.765654294946919833e-01
1.500000000000000000e+03,-8.000000000000000000e+00,3.023447236846945607e-01
1.500000000000000000e+03,-7.000000000000000000e+00,3.282566351029417850e-01
1.500000000000000000e+03,-6.000000000000000000e+00,3.542851797179955020e-01
1.500000000000000000e+03,-5.000000000000000000e+00,3.804136744017722060e-01
1.500000000000000000e+03,-4.000000000000000000e+00,4.066248228898579065e-01
1.500000000000000000e+03,-3.000000000000000000e+00,4.329008119534211163e-01
1.500000000000000000e+03,-2.000000000000000000e+00,4.592234164449339184e-01
1.500000000000000000e+03,-1.000000000000000000e+00,4.855741115864432578e-01
1.500000000000000000e+03,0.000000000000000000e+00,5.119341906213717985e-01
1.500000000000000000e+03,1.000000000000000000e+00,5.382848857628805828e-01
1.500000000000000000e+03,2.000000000000000000e+00,5.646074902543940510e-01
1.500000000000000000e+03,3.000000000000000000e+00,5.908834793179578160e-01
1.500000000000000000e+03,4.000000000000000000e+00,6.170946278060427392e-01
1.500000000000000000e+03,5.000000000000000000e+00,6.432231224898176114e-01
1.500000000000000000e+03,6.000000000000000000e+00,6.692516671048730492e-01
1.500000000000000000e+03,7.000000000000000000e+00,6.951635785231189413e-01
1.500000000000000000e+03,8.000000000000000000e+00,7.209428727131239611e-01
1.500000000000000000e+03,9.000000000000000000e+00,7.465743394748580730e-01
1.500000000000000000e+03,1.000000000000000000e+01,7.720436052723929077e-01
1.500000000000000000e+03,1.100000000000000000e+01,7.973371838234946107e-01
1.500000000000000000e+03,1.200000000000000000e+01,8.224425144244116304e-01
1.500000000000000000e+03,1.300000000000000000e+01,8.473479882790962980e-01
1.500000000000000000e+03,1.400000000000000000e+01,8.720429633559491078e-01
1.500000000000000000e+03,1.500000000000000000e+01,8.965177685056660017e-01
1.500000000000000000e+03,1.600000000000000000e+01,9.207636977380257992e-01
1.500000000000000000e+03,1.700000000000000000e+01,9.447729956729955525e-01
1.500000000000000000e+03,1.800000000000000000e+01,9.685388352546748791e-01
1.500000000000000000e+03,1.900000000000000000e+01,9.920552888487701448e-01
1.500000000000000000e+03,2.000000000000000000e+01,1.015317293840883428e+00
1.500000000000000000e+03,2.100000000000000000e+01,1.038320613819579519e+00
1.500000000000000000e+03,2.200000000000000000e+01,1.061061796370924792e+00
1.500000000000000000e+03,2.300000000000000000e+01,1.083538128436288384e+00
1.500000000000000000e+03,2.400000000000000000e+01,1.105747590097824196e+00
1.500000000000000000e+03,2.500000000000000000e+01,1.127688807561624484e+00
1.500000000000000000e+03,2.600000000000000000e+01,1.149361006010979569e+00
1.500000000000000000e+03,2.700000000000000000e+01,1.170763962905359890e+00
1.500000000000000000e+03,2.800000000000000000e+01,1.191897962207115746e+00
1.500000000000000000e+03,2.900000000000000000e+01,1.212763749929771651e+00
1.500000000000000000e+03,3.000000000000000000e+01,1.233362491320563858e+00
1.666666666666666515e+03,-3.000000000000000000e+01,-2.152554477219576490e-01
1.666666666666666515e+03,-2.900000000000000000e+01,-1.943896599993008567e-01
1.666666666666666515e+03,-2.800000000000000000e+01,-1.732556606975457769e-01
1.666666666666666515e+03,-2.700000000000000000e+01,-1.518527038031635690e-01
1.666666666666666515e+03,-2.600000000000000000e+01,-1.301805053538103718e-01
1.666666666666666515e+03,-2.500000000000000000e+01,-1.082392878900114153e-01
1.666666666666666515e+03,-2.400000000000000000e+01,-8.602982622847360483e-02
1.666666666666666515e+03,-2.300000000000000000e+01,-6.355349416310956956e-02
1.666666666666666515e+03,-2.200000000000000000e+01,-4.081231161176418487e-02
1.666666666666666515e+03,-2.100000000000000000e+01,-1.780899163306842725e-02
1.666666666666666515e+03,-2.000000000000000000e+01,5.453013359044689423e-03
1.666666666666666515e+03,-1.900000000000000000e+01,2.896946695313923348e-02
1.666666666666666515e+03,-1.800000000000000000e+01,5.273530653482055852e-02
1.666666666666666515e+03,-1.700000000000000000e+01,7.674460446978903505e-02
1.666666666666666515e+03,-1.600000000000000000e+01,1.009905337021482774e-01
1.666666666666666515e+03,-1.500000000000000000e+01,1.254653388518657819e-01
1.666666666666666515e+03,-1.400000000000000000e+01,1.501603139287182032e-01
1.666666666666666515e+03,-1.300000000000000000e+01,1.750657877834035925e-01
1.666666666666666515e+03,-1.200000000000000000e+01,2.001711183843200015e-01
1.666666666666666515e+03,-1.100000000000000000e+01,2.254646969354229813e-01
1.666666666666666515e+03,-1.000000000000000000e+01,2.509339627329560951e-01
1.666666666666666515e+03,-9.000000000000000000e+00,2.765654294946919833e-01
1.666666666666666515e+03,-8.000000000000000000e+00,3.023447236846945607e-01
1.666666666666666515e+03,-7.000000000000000000e+00,3.282566351029417850e-01
1.666666666666666515e+03,-6.000000000000000000e+00,3.542851797179955020e-01
1.666666666666666515e+03,-5.000000000000000000e+00,3.804136744017722060e-01
1.666666666666666515e+03,-4.000000000000000000e+00,4.066248228898579065e-01
1.666666666666666515e+03,-3.000000000000000000e+00,4.329008119534211163e-01
1.666666666666666515e+03,-2.000000000000000000e+00,4.592234164449339184e-01
1.666666666666666515e+03,-1.000000000000000000e+00,4.855741115864432578e-01
1.666666666666666515e+03,0.000000000000000000e+00,5.119341906213717985e-01
1.666666666666666515e+03,1.000000000000000000e+00,5.382848857628805828e-01
1.666666666666666515e+03,2.000000000000000000e+00,5.646074902543940510e-01
1.666666666666666515e+03,3.000000000000000000e+00,5.908834793179578160e-01
1.666666666666666515e+03,4.000000000000000000e+00,6.170946278060427392e-01
1.666666666666666515e+03,5.000000000000000000e+00,6.432231224898176114e-01
1.666666666666666515e+03,6.000000000000000000e+00,6.692516671048730492e-01
1.666666666666666515e+03,7.000000000000000000e+00,6.951635785231189413e-01
1.666666666666666515e+03,8.000000000000000000e+00,7.209428727131239611e-01
1.666666666666666515e+03,9.000000000000000000e+00,7.465743394748580730e-01
1.666666666666666515e+03,1.000000000000000000e+01,7.720436052723929077e-01
1.666666666666666515e+03,1.100000000000000000e+01,7.973371838234946107e-01
1.666666666666666515e+03,1.200000000000000000e+01,8.224425144244116304e-01
1.666666666666666515e+03,1.300000000000000000e+01,8.473479882790962980e-01
1.666666666666666515e+03,1.400000000000000000e+01,8.720429633559491078e-01
1.666666666666666515e+03,1.500000000000000000e+01,8.965177685056660017e-01
1.666666666666666515e+03,1.600000000000000000e+01,9.207636977380257992e-01
1.666666666666666515e+03,1.700000000000000000e+01,9.447729956729955525e-01
1.666666666666666515e+03,1.800000000000000000e+01,9.685388352546748791e-01
1.666666666666666515e+03,1.900000000000000000e+01,9.920552888487701448e-01
1.666666666666666515e+03,2.000000000000000000e+01,1.015317293840883428e+00
1.666666666666666515e+03,2.100000000000000000e+01,1.038320613819579519e+00
1.666666666666666515e+03,2.200000000000000000e+01,1.061061796370924792e+00
1.666666666666666515e+03,2.300000000000000000e+01,1.083538128436288384e+00
1.666666666666666515e+03,2.400000000000000000e+01,1.105747590097824196e+00
1.666666666666666515e+03,2.500000000000000000e+01,1.127688807561624484e+00
1.666666666666666515e+03,2.600000000000000000e+01,1.149361006010979569e+00
1.666666666666666515e+03,2.700000000000000000e+01,1.170763962905359890e+00
1.666666666666666515e+03,2.800000000000000000e+01,1.191897962207115746e+00
1.666666666666666515e+03,2.900000000000000000e+01,1.212763749929771651e+00
1.666666666666666515e+03,3.000000000000000000e+01,1.233362491320563858e+00
1.833333333333333258e+03,-3.000000000000000000e+01,-2.152554477219576490e-01
1.833333333333333258e+03,-2.900000000000000000e+01,-1.943896599993008567e-01
1.833333333333333258e+03,-2.800000000000000000e+01,-1.732556606975457769e-01
1.833333333333333258e+03,-2.700000000000000000e+01,-1.518527038031635690e-01
1.833333333333333258e+03,-2.600000000000000000e+01,-1.301805053538103718e-01
1.833333333333333258e+03,-2.500000000000000000e+01,-1.082392878900114153e-01
1.833333333333333258e+03,-2.400000000000000000e+01,-8.602982622847360483e-02
1.833333333333333258e+03,-2.300000000000000000e+01,-6.355349416310956956e-02
1.833333333333333258e+03,-2.200000000000000000e+01,-4.081231161176418487e-02
1.833333333333333258e+03,-2.100000000000000000e+01,-1.780899163306842725e-02
1.833333333333333258e+03,-2.000000000000000000e+01,5.453013359044689423e-03
1.833333333333333258e+03,-1.900000000000000000e+01,2.896946695313923348e-02
1.833333333333333258e+03,-1.800000000000000000e+01,5.273530653482055852e-02
1.833333333333333258e+03,-1.700000000000000000e+01,7.674460446978903505e-02
1.833333333333333258e+03,-1.600000000000000000e+01,1.009905337021482774e-01
1.833333333333333258e+03,-1.500000000000000000e+01,1.254653388518657819e-01
1.833333333333333258e+03,-1.400000000000000000e+01,1.501603139287182032e-01
1.833333333333333258e+03,-1.300000000000000000e+01,1.750657877834035925e-01
1.833333333333333258e+03,-1.200000000000000000e+01,2.001711183843200015e-01
1.833333333333333258e+03,-1.100000000000000000e+01,2.254646969354229813e-01
1.833333333333333258e+03,-1.000000000000000000e+01,2.509339627329560951e-01
1.833333333333333258e+03,-9.000000000000000000e+00,2.765654294946919833e-01
1.833333333333333258e+03,-8.000000000000000000e+00,3.023447236846945607e-01
1.833333333333333258e+03,-7.000000000000000000e+00,3.282566351029417850e-01
1.833333333333333258e+03,-6.000000000000000000e+00,3.542851797179955020e-01
1.833333333333333258e+03,-5.000000000000000000e+00,3.804136744017722060e-01
1.833333333333333258e+03,-4.000000000000000000e+00,4.066248228898579065e-01
1.833333333333333258e+03,-3.000000000000000000e+00,4.329008119534211163e-01
1.833333333333333258e+03,-2.000000000000000000e+00,4.592234164449339184e-01
1.833333333333333258e+03,-1.000000000000000000e+00,4.855741115864432578e-01
1.833333333333333258e+03,0.000000000000000000e+00,5.119341906213717985e-01
1.833333333333333258e+03,1.000000000000000000e+00,5.382848857628805828e-01
1.833333333333333258e+03,2.000000000000000000e+00,5.646074902543940510e-01
1.833333333333333258e+03,3.000000000000000000e+00,5.908834793179578160e-01
1.833333333333333258e+03,4.000000000000000000e+00,6.170946278060427392e-01
1.833333333333333258e+03,5.000000000000000000e+00,6.432231224898176114e-01
1.833333333333333258e+03,6.000000000000000000e+00,6.692516671048730492e-01
1.833333333333333258e+03,7.000000000000000000e+00,6.951635785231189413e-01
1.833333333333333258e+03,8.000000000000000000e+00,7.209428727131239611e-01
1.833333333333333258e+03,9.000000000000000000e+00,7.465743394748580730e-01
1.833333333333333258e+03,1.000000000000000000e+01,7.720436052723929077e-01
1.833333333333333258e+03,1.100000000000000000e+01,7.973371838234946107e-01
1.833333333333333258e+03,1.200000000000000000e+01,8.224425144244116304e-01
1.833333333333333258e+03,1.300000000000000000e+01,8.473479882790962980e-01
1.833333333333333258e+03,1.400000000000000000e+01,8.720429633559491078e-01
1.833333333333333258e+03,1.500000000000000000e+01,8.965177685056660017e-01
1.833333333333333258e+03,1.600000000000000000e+01,9.207636977380257992e-01
1.833333333333333258e+03,1.700000000000000000e+01,9.447729956729955525e-01
1.833333333333333258e+03,1.800000000000000000e+01,9.685388352546748791e-01
1.833333333333333258e+03,1.900000000000000000e+01,9.920552888487701448e-01
1.833333333333333258e+03,2.000000000000000000e+01,1.015317293840883428e+00
1.833333333333333258e+03,2.100000000000000000e+01,1.038320613819579519e+00
1.833333333333333258e+03,2.200000000000000000e+01,1.061061796370924792e+00
1.833333333333333258e+03,2.300000000000000000e+01,1.083538128436288384e+00
1.833333333333333258e+03,2.400000000000000000e+01,1.105747590097824196e+00
1.833333333333333258e+03,2.500000000000000000e+01,1.127688807561624484e+00
1.833333333333333258e+03,2.600000000000000000e+01,1.149361006010979569e+00
1.833333333333333258e+03,2.700000000000000000e+01,1.170763962905359890e+00
1.833333333333333258e+03,2.800000000000000000e+01,1.191897962207115746e+00
1.833333333333333258e+03,2.900000000000000000e+01,1.212763749929771651e+00
1.833333333333333258e+03,3.000000000000000000e+01,1.233362491320563858e+00
2.000000000000000000e+03,-3.000000000000000000e+01,-2.152554477219576490e-01
2.000000000000000000e+03,-2.900000000000000000e+01,-1.943896599993008567e-01
2.000000000000000000e+03,-2.800000000000000000e+01,-1.732556606975457769e-01
2.000000000000000000e+03,-2.700000000000000000e+01,-1.518527038031635690e-01
2.000000000000000000e+03,-2.600000000000000000e+01,-1.301805053538103718e-01
2.000000000000000000e+03,-2.500000000000000000e+01,-1.082392878900114153e-01
2.000000000000000000e+03,-2.400000000000000000e+01,-8.602982622847360483e-02
2.000000000000000000e+03,-2.300000000000000000e+01,-6.355349416310956956e-02
2.000000000000000000e+03,-2.200000000000000000e+01,-4.081231161176418487e-02
2.000000000000000000e+03,-2.100000000000000000e+01,-1.780899163306842725e-02
2.000000000000000000e+03,-2.000000000000000000e+01,5.453013359044689423e-03
2.000000000000000000e+03,-1.900000000000000000e+01,2.896946695313923348e-02
2.000000000000000000e+03,-1.800000000000000000e+01,5.273530653482055852e-02
2.000000000000000000e+03,-1.700000000000000000e+01,7.674460446978903505e-02
2.000000000000000000e+03,-1.600000000000000000e+01,1.009905337021482774e-01
2.000000000000000000e+03,-1.500000000000000000e+01,1.254653388518657819e-01
2.000000000000000000e+03,-1.400000000000000000e+01,1.501603139287182032e-01
2.000000000000000000e+03,-1.300000000000000000e+01,1.750657877834035925e-01
2.000000000000000000e+03,-1.200000000000000000e+01,2.001711183843200015e-01
2.000000000000000000e+03,-1.100000000000000000e+01,2.254646969354229813e-01
2.000000000000000000e+03,-1.000000000000000000e+01,2.509339627329560951e-01
2.000000000000000000e+03,-9.000000000000000000e+00,2.765654294946919833e-01
2.000000000000000000e+03,-8.000000000000000000e+00,3.023447236846945607e-01
2.000000000000000000e+03,-7.000000000000000000e+00,3.282566351029417850e-01
2.000000000000000000e+03,-6.000000000000000000e+00,3.542851797179955020e-01
2.000000000000000000e+03,-5.000000000000000000e+00,3.804136744017722060e-01
2.000000000000000000e+03,-4.000000000000000000e+00,4.066248228898579065e-01
2.000000000000000000e+03,-3.000000000000000000e+00,4.329008119534211163e-01
2.000000000000000000e+03,-2.000000000000000000e+00,4.592234164449339184e-01
2.000000000000000000e+03,-1.000000000000000000e+00,4.855741115864432578e-01
2.000000000000000000e+03,0.000000000000000000e+00,5.119341906213717985e-01
2.000000000000000000e+03,1.000000000000000000e+00,5.382848857628805828e-01
2.000000000000000000e+03,2.000000000000000000e+00,5.646074902543940510e-01
2.000000000000000000e+03,3.000000000000000000e+00,5.908834793179578160e-01
2.000000000000000000e+03,4.000000000000000000e+00,6.170946278060427392e-01
2.000000000000000000e+03,5.000000000000000000e+00,6.432231224898176114e-01
2.000000000000000000e+03,6.000000000000000000e+00,6.692516671048730492e-01
2.000000000000000000e+03,7.000000000000000000e+00,6.951635785231189413e-01
2.000000000000000000e+03,8.000000000000000000e+00,7.209428727131239611e-01
2.000000000000000000e+03,9.000000000000000000e+00,7.465743394748580730e-01
2.000000000000000000e+03,1.000000000000000000e+01,7.720436052723929077e-01
2.000000000000000000e+03,1.100000000000000000e+01,7.973371838234946107e-01
2.000000000000000000e+03,1.200000000000000000e+01,8.224425144244116304e-01
2.000000000000000000e+03,1.300000000000000000e+01,8.473479882790962980e-01
2.000000000000000000e+03,1.400000000000000000e+01,8.720429633559491078e-01
2.000000000000000000e+03,1.500000000000000000e+01,8.965177685056660017e-01
2.000000000000000000e+03,1.600000000000000000e+01,9.207636977380257992e-01
2.000000000000000000e+03,1.700000000000000000e+01,9.447729956729955525e-01
2.000000000000000000e+03,1.800000000000000000e+01,9.685388352546748791e-01
2.000000000000000000e+03,1.900000000000000000e+01,9.920552888487701448e-01
2.000000000000000000e+03,2.000000000000000000e+01,1.015317293840883428e+00
2.000000000000000000e+03,2.100000000000000000e+01,1.038320613819579519e+00
2.000000000000000000e+03,2.200000000000000000e+01,1.061061796370924792e+00
2.000000000000000000e+03,2.300000000000000000e+01,1.083538128436288384e+00
2.000000000000000000e+03,2.400000000000000000e+01,1.105747590097824196e+00
2.000000000000000000e+03,2.500000000000000000e+01,1.127688807561624484e+00
2.000000000000000000e+03,2.600000000000000000e+01,1.149361006010979569e+00
2.000000000000000000e+03,2.700000000000000000e+01,1.170763962905359890e+00
2.000000000000000000e+03,2.800000000000000000e+01,1.191897962207115746e+00
2.000000000000000000e+03,2.900000000000000000e+01,1.212763749929771651e+00
2.000000000000000000e+03,3.000000000000000000e+01,1.233362491320563858e+00
2.166666666666666515e+03,-3.000000000000000000e+01,-2.152554477219576490e-01
2.166666666666666515e+03,-2.900000000000000000e+01,-1.943896599993008567e-01
2.166666666666666515e+03,-2.800000000000000000e+01,-1.732556606975457769e-01
2.166666666666666515e+03,-2.700000000000000000e+01,-1.518527038031635690e-01
2.166666666666666515e+03,-2.600000000000000000e+01,-1.301805053538103718e-01
2.166666666666666515e+03,-2.500000000000000000e+01,-1.082392878900114153e-01
2.166666666666666515e+03,-2.400000000000000000e+01,-8.602982622847360483e-02
2.166666666666666515e+03,-2.300000000000000000e+01,-6.355349416310956956e-02
2.166666666666666515e+03,-2.200000000000000000e+01,-4.081231161176418487e-02
2.166666666666666515e+03,-2.100000000000000000e+01,-1.780899163306842725e-02
2.166666666666666515e+03,-2.000000000000000000e+01,5.453013359044689423e-03
2.166666666666666515e+03,-1.900000000000000000e+01,2.896946695313923348e-02
2.166666666666666515e+03,-1.800000000000000000e+01,5.273530653482055852e-02
2.166666666666666515e+03,-1.700000000000000000e+01,7.674460446978903505e-02
2.166666666666666515e+03,-1.600000000000000000e+01,1.009905337021482774e-01
2.166666666666666515e+03,-1.500000000000000000e+01,1.254653388518657819e-01
2.166666666666666515e+03,-1.400000000000000000e+01,1.501603139287182032e-01
2.166666666666666515e+03,-1.300000000000000000e+01,1.750657877834035925e-01
2.166666666666666515e+03,-1.200000000000000000e+01,2.001711183843200015e-01
2.166666666666666515e+03,-1.100000000000000000e+01,2.254646969354229813e-01
2.166666666666666515e+03,-1.000000000000000000e+01,2.509339627329560951e-01
2.166666666666666515e+03,-9.000000000000000000e+00,2.765654294946919833e-01
2.166666666666666515e+03,-8.000000000000000000e+00,3.023447236846945607e-01
2.166666666666666515e+03,-7.000000000000000000e+00,3.282566351029417850e-01
2.166666666666666515e+03,-6.000000000000000000e+00,3.542851797179955020e-01
2.166666666666666515e+03,-5.000000000000000000e+00,3.804136744017722060e-01
2.166666666666666515e+03,-4.000000000000000000e+00,4.066248228898579065e-01
2.166666666666666515e+03,-3.000000000000000000e+00,4.329008119534211163e-01
2.166666666666666515e+03,-2.000000000000000000e+00,4.592234164449339184e-01
2.166666666666666515e+03,-1.000000000000000000e+00,4.855741115864432578e-01
2.166666666666666515e+03,0.000000000000000000e+00,5.119341906213717985e-01
2.166666666666666515e+03,1.000000000000000000e+00,5.382848857628805828e-01
2.166666666666666515e+03,2.000000000000000000e+00,5.646074902543940510e-01
2.166666666666666515e+03,3.000000000000000000e+00,5.908834793179578160e-01
2.166666666666666515e+03,4.000000000000000000e+00,6.170946278060427392e-01
2.166666666666666515e+03,5.000000000000000000e+00,6.432231224898176114e-01
2.166666666666666515e+03,6.000000000000000000e+00,6.692516671048730492e-01
2.166666666666666515e+03,7.000000000000000000e+00,6.951635785231189413e-01
2.166666666666666515e+03,8.000000000000000000e+00,7.209428727131239611e-01
2.166666666666666515e+03,9.000000000000000000e+00,7.465743394748580730e-01
2.166666666666666515e+03,1.000000000000000000e+01,7.720436052723929077e-01
2.166666666666666515e+03,1.100000000000000000e+01,7.973371838234946107e-01
2.166666666666666515e+03,1.200000000000000000e+01,8.224425144244116304e-01
2.166666666666666515e+03,1.300000000000000000e+01,8.473479882790962980e-01
2.166666666666666515e+03,1.400000000000000000e+01,8.720429633559491078e-01
2.166666666666666515e+03,1.500000000000000000e+01,8.965177685056660017e-01
2.166666666666666515e+03,1.600000000000000000e+01,9.207636977380257992e-01
2.166666666666666515e+03,1.700000000000000000e+01,9.447729956729955525e-01
2.166666666666666515e+03,1.800000000000000000e+01,9.685388352546748791e-01
2.166666666666666515e+03,1.900000000000000000e+01,9.920552888487701448e-01
2.166666666666666515e+03,2.000000000000000000e+01,1.015317293840883428e+00
2.166666666666666515e+03,2.100000000000000000e+01,1.038320613819579519e+00
2.166666666666666515e+03,2.200000000000000000e+01,1.061061796370924792e+00
2.166666666666666515e+03,2.300000000000000000e+01,1.083538128436288384e+00
2.166666666666666515e+03,2.400000000000000000e+01,1.105747590097824196e+00
2.166666666666666515e+03,2.500000000000000000e+01,1.127688807561624484e+00
2.166666666666666515e+03,2.600000000000000000e+01,1.149361006010979569e+00
2.166666666666666515e+03,2.700000000000000000e+01,1.170763962905359890e+00
2.166666666666666515e+03,2.800000000000000000e+01,1.191897962207115746e+00
2.166666666666666515e+03,2.900000000000000000e+01,1.212763749929771651e+00
2.166666666666666515e+03,3.000000000000000000e+01,1.233362491320563858e+00
2.333333333333333030e+03,-3.000000000000000000e+01,-2.152554477219576490e-01
2.333333333333333030e+03,-2.900000000000000000e+01,-1.943896599993008567e-01
2.333333333333333030e+03,-2.800000000000000000e+01,-1.732556606975457769e-01
2.333333333333333030e+03,-2.700000000000000000e+01,-1.518527038031635690e-01
2.333333333333333030e+03,-2.600000000000000000e+01,-1.301805053538103718e-01
2.333333333333333030e+03,-2.500000000000000000e+01,-1.082392878900114153e-01
2.333333333333333030e+03,-2.400000000000000000e+01,-8.602982622847360483e-02
2.333333333333333030e+03,-2.300000000000000000e+01,-6.355349416310956956e-02
2.333333333333333030e+03,-2.200000000000000000e+01,-4.081231161176418487e-02
2.333333333333333030e+03,-2.100000000000000000e+01,-1.780899163306842725e-02
2.333333333333333030e+03,-2.000000000000000000e+01,5.453013359044689423e-03
2.333333333333333030e+03,-1.900000000000000000e+01,2.896946695313923348e-02
2.333333333333333030e+03,-1.800000000000000000e+01,5.273530653482055852e-02
2.333333333333333030e+03,-1.700000000000000000e+01,7.674460446978903505e-02
2.333333333333333030e+03,-1.600000000000000000e+01,1.009905337021482774e-01
2.333333333333333030e+03,-1.500000000000000000e+01,1.254653388518657819e-01
2.333333333333333030e+03,-1.400000000000000000e+01,1.501603139287182032e-01
2.333333333333333030e+03,-1.300000000000000000e+01,1.750657877834035925e-01
2.333333333333333030e+03,-1.200000000000000000e+01,2.001711183843200015e-01
2.333333333333333030e+03,-1.100000000000000000e+01,2.254646969354229813e-01
2.333333333333333030e+03,-1.000000000000000000e+01,2.509339627329560951e-01
2.333333333333333030e+03,-9.000000000000000000e+00,2.765654294946919833e-01
2.333333333333333030e+03,-8.000000000000000000e+00,3.023447236846945607e-01
2.333333333333333030e+03,-7.000000000000000000e+00,3.282566351029417850e-01
2.333333333333333030e+03,-6.000000000000000000e+00,3.542851797179955020e-01
2.333333333333333030e+03,-5.000000000000000000e+00,3.804136744017722060e-01
2.333333333333333030e+03,-4.000000000000000000e+00,4.066248228898579065e-01
2.333333333333333030e+03,-3.000000000000000000e+00,4.329008119534211163e-01
2.333333333333333030e+03,-2.000000000000000000e+00,4.592234164449339184e-01
2.333333333333333030e+03,-1.000000000000000000e+00,4.855741115864432578e-01
2.333333333333333030e+03,0.000000000000000000e+00,5.119341906213717985e-01
2.333333333333333030e+03,1.000000000000000000e+00,5.382848857628805828e-01
2.333333333333333030e+03,2.000000000000000000e+00,5.646074902543940510e-01
2.333333333333333030e+03,3.000000000000000000e+00,5.908834793179578160e-01
2.333333333333333030e+03,4.000000000000000000e+00,6.170946278060427392e-01
2.333333333333333030e+03,5.000000000000000000e+00,6.432231224898176114e-01
2.333333333333333030e+03,6.000000000000000000e+00,6.692516671048730492e-01
2.333333333333333030e+03,7.000000000000000000e+00,6.951635785231189413e-01
2.333333333333333030e+03,8.000000000000000000e+00,7.209428727131239611e-01
2.333333333333333030e+03,9.000000000000000000e+00,7.465743394748580730e-01
2.333333333333333030e+03,1.000000000000000000e+01,7.720436052723929077e-01
2.333333333333333030e+03,1.100000000000000000e+01,7.973371838234946107e-01
2.333333333333333030e+03,1.200000000000000000e+01,8.224425144244116304e-01
2.333333333333333030e+03,1.300000000000000000e+01,8.473479882790962980e-01
2.333333333333333030e+03,1.400000000000000000e+01,8.720429633559491078e-01
2.333333333333333030e+03,1.500000000000000000e+01,8.965177685056660017e-01
2.333333333333333030e+03,1.600000000000000000e+01,9.207636977380257992e-01
2.333333333333333030e+03,1.700000000000000000e+01,9.447729956729955525e-01
2.333333333333333030e+03,1.800000000000000000e+01,9.685388352546748791e-01
2.333333333333333030e+03,1.900000000000000000e+01,9.920552888487701448e-01
2.333333333333333030e+03,2.000000000000000000e+01,1.015317293840883428e+00
2.333333333333333030e+03,2.100000000000000000e+01,1.038320613819579519e+00
2.333333333333333030e+03,2.200000000000000000e+01,1.061061796370924792e+00
2.333333333333333030e+03,2.300000000000000000e+01,1.083538128436288384e+00
2.333333333333333030e+03,2.400000000000000000e+01,1.105747590097824196e+00
2.333333333333333030e+03,2.500000000000000000e+01,1.127688807561624484e+00
2.333333333333333030e+03,2.600000000000000000e+01,1.149361006010979569e+00
2.333333333333333030e+03,2.700000000000000000e+01,1.170763962905359890e+00
2.333333333333333030e+03,2.800000000000000000e+01,1.191897962207115746e+00
2.333333333333333030e+03,2.900000000000000000e+01,1.212763749929771651e+00
2.333333333333333030e+03,3.000000000000000000e+01,1.233362491320563858e+00
2.500000000000000000e+03,-3.000000000000000000e+01,-2.152554477219576490e-01
2.500000000000000000e+03,-2.900000000000000000e+01,-1.943896599993008567e-01
2.500000000000000000e+03,-2.800000000000000000e+01,-1.732556606975457769e-01
2.500000000000000000e+03,-2.700000000000000000e+01,-1.518527038031635690e-01
2.500000000000000000e+03,-2.600000000000000000e+01,-1.301805053538103718e-01
2.500000000000000000e+03,-2.500000000000000000e+01,-1.082392878900114153e-01
2.500000000000000000e+03,-2.400000000000000000e+01,-8.602982622847360483e-02
2.500000000000000000e+03,-2.300000000000000000e+01,-6.355349416310956956e-02
2.500000000000000000e+03,-2.200000000000000000e+01,-4.081231161176418487e-02
2.500000000000000000e+03,-2.100000000000000000e+01,-1.780899163306842725e-02
2.500000000000000000e+03,-2.000000000000000000e+01,5.453013359044689423e-03
2.500000000000000000e+03,-1.900000000000000000e+01,2.896946695313923348e-02
2.500000000000000000e+03,-1.800000000000000000e+01,5.273530653482055852e-02
2.500000000000000000e+03,-1.700000000000000000e+01,7.674460446978903505e-02
2.500000000000000000e+03,-1.600000000000000000e+01,1.009905337021482774e-01
2.500000000000000000e+03,-1.500000000000000000e+01,1.254653388518657819e-01
2.500000000000000000e+03,-1.400000000000000000e+01,1.501603139287182032e-01
2.500000000000000000e+03,-1.300000000000000000e+01,1.750657877834035925e-01
2.500000000000000000e+03,-1.200000000000000000e+01,2.001711183843200015e-01
2.500000000000000000e+03,-1.100000000000000000e+01,2.254646969354229813e-01
2.500000000000000000e+03,-1.000000000000000000e+01,2.509339627329560951e-01
2.500000000000000000e+03,-9.000000000000000000e+00,2.765654294946919833e-01
2.500000000000000000e+03,-8.000000000000000000e+00,3.023447236846945607e-01
2.500000000000000000e+03,-7.000000000000000000e+00,3.282566351029417850e-01
2.500000000000000000e+03,-6.000000000000000000e+00,3.542851797179955020e-01
2.500000000000000000e+03,-5.000000000000000000e+00,3.804136744017722060e-01
2.500000000000000000e+03,-4.000000000000000000e+00,4.066248228898579065e-01
2.500000000000000000e+03,-3.000000000000000000e+00,4.329008119534211163e-01
2.500000000000000000e+03,-2.000000000000000000e+00,4.592234164449339184e-01
2.500000000000000000e+03,-1.000000000000000000e+00,4.855741115864432578e-01
2.500000000000000000e+03,0.000000000000000000e+00,5.119341906213717985e-01
2.500000000000000000e+03,1.000000000000000000e+00,5.382848857628805828e-01
2.500000000000000000e+03,2.000000000000000000e+00,5.646074902543940510e-01
2.500000000000000000e+03,3.000000000000000000e+00,5.908834793179578160e-01
2.500000000000000000e+03,4.000000000000000000e+00,6.170946278060427392e-01
2.500000000000000000e+03,5.000000000000000000e+00,6.432231224898176114e-01
2.500000000000000000e+03,6.000000000000000000e+00,6.692516671048730492e-01
2.500000000000000000e+03,7.000000000000000000e+00,6.951635785231189413e-01
2.500000000000000000e+03,8.000000000000000000e+00,7.209428727131239611e-01
2.500000000000000000e+03,9.000000000000000000e+00,7.465743394748580730e-01
2.500000000000000000e+03,1.000000000000000000e+01,7.720436052723929077e-01
2.500000000000000000e+03,1.100000000000000000e+01,7.973371838234946107e-01
2.500000000000000000e+03,1.200000000000000000e+01,8.224425144244116304e-01
2.500000000000000000e+03,1.300000000000000000e+01,8.473479882790962980e-01
2.500000000000000000e+03,1.400000000000000000e+01,8.720429633559491078e-01
2.500000000000000000e+03,1.500000000000000000e+01,8.965177685056660017e-01
2.500000000000000000e+03,1.600000000000000000e+01,9.207636977380257992e-01
2.500000000000000000e+03,1.700000000000000000e+01,9.447729956729955525e-01
2.500000000000000000e+03,1.800000000000000000e+01,9.685388352546748791e-01
2.500000000000000000e+03,1.900000000000000000e+01,9.920552888487701448e-01
2.500000000000000000e+03,2.000000000000000000e+01,1.015317293840883428e+00
2.500000000000000000e+03,2.100000000000000000e+01,1.038320613819579519e+00
2.500000000000000000e+03,2.200000000000000000e+01,1.061061796370924792e+00
2.500000000000000000e+03,2.300000000000000000e+01,1.083538128436288384e+00
2.500000000000000000e+03,2.400000000000000000e+01,1.105747590097824196e+00
2.500000000000000000e+03,2.500000000000000000e+01,1.127688807561624484e+00
2.500000000000000000e+03,2.600000000000000000e+01,1.149361006010979569e+00
2.500000000000000000e+03,2.700000000000000000e+01,1.170763962905359890e+00
2.500000000000000000e+03,2.800000000000000000e+01,1.191897962207115746e+00
2.500000000000000000e+03,2.900000000000000000e+01,1.212763749929771651e+00
2.500000000000000000e+03,3.000000000000000000e+01,1.233362491320563858e+00
2.666666666666666515e+03,-3.000000000000000000e+01,-2.152554477219576490e-01
2.666666666666666515e+03,-2.900000000000000000e+01,-1.943896599993008567e-01
2.666666666666666515e+03,-2.800000000000000000e+01,-1.732556606975457769e-01
2.666666666666666515e+03,-2.700000000000000000e+01,-1.518527038031635690e-01
2.666666666666666515e+03,-2.600000000000000000e+01,-1.301805053538103718e-01
2.666666666666666515e+03,-2.500000000000000000e+01,-1.082392878900114153e-01
2.666666666666666515e+03,-2.400000000000000000e+01,-8.602982622847360483e-02
2.666666666666666515e+03,-2.300000000000000000e+01,-6.355349416310956956e-02
2.666666666666666515e+03,-2.200000000000000000e+01,-4.081231161176418487e-02
2.666666666666666515e+03,-2.100000000000000000e+01,-1.780899163306842725e-02
2.666666666666666515e+03,-2.000000000000000000e+01,5.453013359044689423e-03
2.666666666666666515e+03,-1.900000000000000000e+01,2.896946695313923348e-02
2.666666666666666515e+03,-1.800000000000000000e+01,5.273530653482055852e-02
2.666666666666666515e+03,-1.700000000000000000e+01,7.674460446978903505e-02
2.666666666666666515e+03,-1.600000000000000000e+01,1.009905337021482774e-01
2.666666666666666515e+03,-1.500000000000000000e+01,1.254653388518657819e-01
2.666666666666666515e+03,-1.400000000000000000e+01,1.501603139287182032e-01
2.666666666666666515e+03,-1.300000000000000000e+01,1.750657877834035925e-01
2.666666666666666515e+03,-1.200000000000000000e+01,2.001711183843200015e-01
2.666666666666666515e+03,-1.100000000000000000e+01,2.254646969354229813e-01
2.666666666666666515e+03,-1.000000000000000000e+01,2.509339627329560951e-01
2.666666666666666515e+03,-9.000000000000000000e+00,2.765654294946919833e-01
2.666666666666666515e+03,-8.000000000000000000e+00,3.023447236846945607e-01
2.666666666666666515e+03,-7.000000000000000000e+00,3.282566351029417850e-01
2.666666666666666515e+03,-6.000000000000000000e+00,3.542851797179955020e-01
2.666666666666666515e+03,-5.000000000000000000e+00,3.804136744017722060e-01
2.666666666666666515e+03,-4.000000000000000000e+00,4.066248228898579065e-01
2.666666666666666515e+03,-3.000000000000000000e+00,4.329008119534211163e-01
2.666666666666666515e+03,-2.000000000000000000e+00,4.592234164449339184e-01
2.666666666666666515e+03,-1.000000000000000000e+00,4.855741115864432578e-01
2.666666666666666515e+03,0.000000000000000000e+00,5.119341906213717985e-01
2.666666666666666515e+03,1.000000000000000000e+00,5.382848857628805828e-01
2.666666666666666515e+03,2.000000000000000000e+00,5.646074902543940510e-01
2.666666666666666515e+03,3.000000000000000000e+00,5.908834793179578160e-01
2.666666666666666515e+03,4.000000000000000000e+00,6.170946278060427392e-01
2.666666666666666515e+03,5.000000000000000000e+00,6.432231224898176114e-01
2.666666666666666515e+03,6.000000000000000000e+00,6.692516671048730492e-01
2.666666666666666515e+03,7.000000000000000000e+00,6.951635785231189413e-01
2.666666666666666515e+03,8.000000000000000000e+00,7.209428727131239611e-01
2.666666666666666515e+03,9.000000000000000000e+00,7.465743394748580730e-01
2.666666666666666515e+03,1.000000000000000000e+01,7.720436052723929077e-01
2.666666666666666515e+03,1.100000000000000000e+01,7.973371838234946107e-01
2.666666666666666515e+03,1.200000000000000000e+01,8.224425144244116304e-01
2.666666666666666515e+03,1.300000000000000000e+01,8.473479882790962980e-01
2.666666666666666515e+03,1.400000000000000000e+01,8.720429633559491078e-01
2.666666666666666515e+03,1.500000000000000000e+01,8.965177685056660017e-01
2.666666666666666515e+03,1.600000000000000000e+01,9.207636977380257992e-01
2.666666666666666515e+03,1.700000000000000000e+01,9.447729956729955525e-01
2.666666666666666515e+03,1.800000000000000000e+01,9.685388352546748791e-01
2.666666666666666515e+03,1.900000000000000000e+01,9.920552888487701448e-01
2.666666666666666515e+03,2.000000000000000000e+01,1.015317293840883428e+00
2.666666666666666515e+03,2.100000000000000000e+01,1.038320613819579519e+00
2.666666666666666515e+03,2.200000000000000000e+01,1.061061796370924792e+00
2.666666666666666515e+03,2.300000000000000000e+01,1.083538128436288384e+00
2.666666666666666515e+03,2.400000000000000000e+01,1.105747590097824196e+00
2.666666666666666515e+03,2.500000000000000000e+01,1.127688807561624484e+00
2.666666666666666515e+03,2.600000000000000000e+01,1.149361006010979569e+00
2.666666666666666515e+03,2.700000000000000000e+01,1.170763962905359890e+00
2.666666666666666515e+03,2.800000000000000000e+01,1.191897962207115746e+00
2.666666666666666515e+03,2.900000000000000000e+01,1.212763749929771651e+00
2.666666666666666515e+03,3.000000000000000000e+01,1.233362491320563858e+00
2.833333333333333030e+03,-3.000000000000000000e+01,-2.152554477219576490e-01
2.833333333333333030e+03,-2.900000000000000000e+01,-1.943896599993008567e-01
2.833333333333333030e+03,-2.800000000000000000e+01,-1.732556606975457769e-01
2.833333333333333030e+03,-2.700000000000000000e+01,-1.518527038031635690e-01
2.833333333333333030e+03,-2.600000000000000000e+01,-1.301805053538103718e-01
2.833333333333333030e+03,-2.500000000000000000e+01,-1.082392878900114153e-01
2.833333333333333030e+03,-2.400000000000000000e+01,-8.602982622847360483e-02
2.833333333333333030e+03,-2.300000000000000000e+01,-6.355349416310956956e-02
2.833333333333333030e+03,-2.200000000000000000e+01,-4.081231161176418487e-02
2.833333333333333030e+03,-2.100000000000000000e+01,-1.780899163306842725e-02
2.833333333333333030e+03,-2.000000000000000000e+01,5.453013359044689423e-03
2.833333333333333030e+03,-1.900000000000000000e+01,2.896946695313923348e-02
2.833333333333333030e+03,-1.800000000000000000e+01,5.273530653482055852e-02
2.833333333333333030e+03,-1.700000000000000000e+01,7.674460446978903505e-02
2.833333333333333030e+03,-1.600000000000000000e+01,1.009905337021482774e-01
2.833333333333333030e+03,-1.500000000000000000e+01,1.254653388518657819e-01
2.833333333333333030e+03,-1.400000000000000000e+01,1.501603139287182032e-01
2.833333333333333030e+03,-1.300000000000000000e+01,1.750657877834035925e-01
2.833333333333333030e+03,-1.200000000000000000e+01,2.001711183843200015e-01
2.833333333333333030e+03,-1.100000000000000000e+01,2.254646969354229813e-01
2.833333333333333030e+03,-1.000000000000000000e+01,2.509339627329560951e-01
2.833333333333333030e+03,-9.000000000000000000e+00,2.765654294946919833e-01
2.833333333333333030e+03,-8.000000000000000000e+00,3.023447236846945607e-01
2.833333333333333030e+03,-7.000000000000000000e+00,3.282566351029417850e-01
2.833333333333333030e+03,-6.000000000000000000e+00,3.542851797179955020e-01
2.833333333333333030e+03,-5.000000000000000000e+00,3.804136744017722060e-01
2.833333333333333030e+03,-4.000000000000000000e+00,4.066248228898579065e-01
2.833333333333333030e+03,-3.000000000000000000e+00,4.329008119534211163e-01
2.833333333333333030e+03,-2.000000000000000000e+00,4.592234164449339184e-01
2.833333333333333030e+03,-1.000000000000000000e+00,4.855741115864432578e-01
2.833333333333333030e+03,0.000000000000000000e+00,5.119341906213717985e-01
2.833333333333333030e+03,1.000000000000000000e+00,5.382848857628805828e-01
2.833333333333333030e+03,2.000000000000000000e+00,5.646074902543940510e-01
2.833333333333333030e+03,3.000000000000000000e+00,5.908834793179578160e-01
2.833333333333333030e+03,4.000000000000000000e+00,6.170946278060427392e-01
2.833333333333333030e+03,5.000000000000000000e+00,6.432231224898176114e-01
2.833333333333333030e+03,6.000000000000000000e+00,6.692516671048730492e-01
2.833333333333333030e+03,7.000000000000000000e+00,6.951635785231189413e-01
2.833333333333333030e+03,8.000000000000000000e+00,7.209428727131239611e-01
2.833333333333333030e+03,9.000000000000000000e+00,7.465743394748580730e-01
2.833333333333333030e+03,1.000000000000000000e+01,7.720436052723929077e-01
2.833333333333333030e+03,1.100000000000000000e+01,7.973371838234946107e-01
2.833333333333333030e+03,1.200000000000000000e+01,8.224425144244116304e-01
2.833333333333333030e+03,1.300000000000000000e+01,8.473479882790962980e-01
2.833333333333333030e+03,1.400000000000000000e+01,8.720429633559491078e-01
2.833333333333333030e+03,1.500000000000000000e+01,8.965177685056660017e-01
2.833333333333333030e+03,1.600000000000000000e+01,9.207636977380257992e-01
2.833333333333333030e+03,1.700000000000000000e+01,9.447729956729955525e-01
2.833333333333333030e+03,1.800000000000000000e+01,9.685388352546748791e-01
2.833333333333333030e+03,1.900000000000000000e+01,9.920552888487701448e-01
2.833333333333333030e+03,2.000000000000000000e+01,1.015317293840883428e+00
2.833333333333333030e+03,2.100000000000000000e+01,1.038320613819579519e+00
2.833333333333333030e+03,2.200000000000000000e+01,1.061061796370924792e+00
2.833333333333333030e+03,2.300000000000000000e+01,1.083538128436288384e+00
2.833333333333333030e+03,2.400000000000000000e+01,1.105747590097824196e+00
2.833333333333333030e+03,2.500000000000000000e+01,1.127688807561624484e+00
2.833333333333333030e+03,2.600000000000000000e+01,1.149361006010979569e+00
2.833333333333333030e+03,2.700000000000000000e+01,1.170763962905359890e+00
2.833333333333333030e+03,2.800000000000000000e+01,1.191897962207115746e+00
2.833333333333333030e+03,2.900000000000000000e+01,1.212763749929771651e+00
2.833333333333333030e+03,3.000000000000000000e+01,1.233362491320563858e+00
3.000000000000000000e+03,-3.000000000000000000e+01,-2.152554477219576490e-01
3.000000000000000000e+03,-2.900000000000000000e+01,-1.943896599993008567e-01
3.000000000000000000e+03,-2.800000000000000000e+01,-1.732556606975457769e-01
3.000000000000000000e+03,-2.700000000000000000e+01,-1.518527038031635690e-01
3.000000000000000000e+03,-2.600000000000000000e+01,-1.301805053538103718e-01
3.000000000000000000e+03,-2.500000000000000000e+01,-1.082392878900114153e-01
3.000000000000000000e+03,-2.400000000000000000e+01,-8.602982622847360483e-02
3.000000000000000000e+03,-2.300000000000000000e+01,-6.355349416310956956e-02
3.000000000000000000e+03,-2.200000000000000000e+01,-4.081231161176418487e-02
3.000000000000000000e+03,-2.100000000000000000e+01,-1.780899163306842725e-02
3.000000000000000000e+03,-2.000000000000000000e+01,5.453013359044689423e-03
3.000000000000000000e+03,-1.900000000000000000e+01,2.896946695313923348e-02
3.000000000000000000e+03,-1.800000000000000000e+01,5.273530653482055852e-02
3.000000000000000000e+03,-1.700000000000000000e+01,7.674460446978903505e-02
3.000000000000000000e+03,-1.600000000000000000e+01,1.009905337021482774e-01
3.000000000000000000e+03,-1.500000000000000000e+01,1.254653388518657819e-01
3.000000000000000000e+03,-1.400000000000000000e+01,1.501603139287182032e-01
3.000000000000000000e+03,-1.300000000000000000e+01,1.750657877834035925e-01
3.000000000000000000e+03,-1.200000000000000000e+01,2.001711183843200015e-01
3.000000000000000000e+03,-1.100000000000000000e+01,2.254646969354229813e-01
3.000000000000000000e+03,-1.000000000000000000e+01,2.509339627329560951e-01
3.000000000000000000e+03,-9.000000000000000000e+00,2.765654294946919833e-01
3.000000000000000000e+03,-8.000000000000000000e+00,3.023447236846945607e-01
3.000000000000000000e+03,-7.000000000000000000e+00,3.282566351029417850e-01
3.000000000000000000e+03,-6.000000000000000000e+00,3.542851797179955020e-01
3.000000000000000000e+03,-5.000000000000000000e+00,3.804136744017722060e-01
3.000000000000000000e+03,-4.000000000000000000e+00,4.066248228898579065e-01
3.000000000000000000e+03,-3.000000000000000000e+00,4.329008119534211163e-01
3.000000000000000000e+03,-2.000000000000000000e+00,4.592234164449339184e-01
3.000000000000000000e+03,-1.000000000000000000e+00,4.855741115864432578e-01
3.000000000000000000e+03,0.000000000000000000e+00,5.119341906213717985e-01
3.000000000000000000e+03,1.000000000000000000e+00,5.382848857628805828e-01
3.000000000000000000e+03,2.000000000000000000e+00,5.646074902543940510e-01
3.000000000000000000e+03,3.000000000000000000e+00,5.908834793179578160e-01
3.000000000000000000e+03,4.000000000000000000e+00,6.170946278060427392e-01
3.000000000000000000e+03,5.000000000000000000e+00,6.432231224898176114e-01
3.000000000000000000e+03,6.000000000000000000e+00,6.692516671048730492e-01
3.000000000000000000e+03,7.000000000000000000e+00,6.951635785231189413e-01
3.000000000000000000e+03,8.000000000000000000e+00,7.209428727131239611e-01
3.000000000000000000e+03,9.000000000000000000e+00,7.465743394748580730e-01
3.000000000000000000e+03,1.000000000000000000e+01,7.720436052723929077e-01
3.000000000000000000e+03,1.100000000000000000e+01,7.973371838234946107e-01
3.000000000000000000e+03,1.200000000000000000e+01,8.224425144244116304e-01
3.000000000000000000e+03,1.300000000000000000e+01,8.473479882790962980e-01
3.000000000000000000e+03,1.400000000000000000e+01,8.720429633559491078e-01
3.000000000000000000e+03,1.500000000000000000e+01,8.965177685056660017e-01
3.000000000000000000e+03,1.600000000000000000e+01,9.207636977380257992e-01
3.000000000000000000e+03,1.700000000000000000e+01,9.447729956729955525e-01
3.000000000000000000e+03,1.800000000000000000e+01,9.685388352546748791e-01
3.000000000000000000e+03,1.900000000000000000e+01,9.920552888487701448e-01
3.000000000000000000e+03,2.000000000000000000e+01,1.015317293840883428e+00
3.000000000000000000e+03,2.100000000000000000e+01,1.038320613819579519e+00
3.000000000000000000e+03,2.200000000000000000e+01,1.061061796370924792e+00
3.000000000000000000e+03,2.300000000000000000e+01,1.083538128436288384e+00
3.000000000000000000e+03,2.400000000000000000e+01,1.105747590097824196e+00
3.000000000000000000e+03,2.500000000000000000e+01,1.127688807561624484e+00
3.000000000000000000e+03,2.600000000000000000e+01,1.149361006010979569e+00
3.000000000000000000e+03,2.700000000000000000e+01,1.170763962905359890e+00
3.000000000000000000e+03,2.800000000000000000e+01,1.191897962207115746e+00
3.000000000000000000e+03,2.900000000000000000e+01,1.212763749929771651e+00
3.000000000000000000e+03,3.000000000000000000e+01,1.233362491320563858e+00
3.166666666666666515e+03,-3.000000000000000000e+01,-2.152554477219576490e-01
3.166666666666666515e+03,-2.900000000000000000e+01,-1.943896599993008567e-01
3.166666666666666515e+03,-2.800000000000000000e+01,-1.732556606975457769e-01
3.166666666666666515e+03,-2.700000000000000000e+01,-1.518527038031635690e-01
3.166666666666666515e+03,-2.600000000000000000e+01,-1.301805053538103718e-01
3.166666666666666515e+03,-2.500000000000000000e+01,-1.082392878900114153e-01
3.166666666666666515e+03,-2.400000000000000000e+01,-8.602982622847360483e-02
3.166666666666666515e+03,-2.300000000000000000e+01,-6.355349416310956956e-02
3.166666666666666515e+03,-2.200000000000000000e+01,-4.081231161176418487e-02
3.166666666666666515e+03,-2.100000000000000000e+01,-1.780899163306842725e-02
3.166666666666666515e+03,-2.000000000000000000e+01,5.453013359044689423e-03
3.166666666666666515e+03,-1.900000000000000000e+01,2.896946695313923348e-02
3.166666666666666515e+03,-1.800000000000000000e+01,5.273530653482055852e-02
3.166666666666666515e+03,-1.700000000000000000e+01,7.674460446978903505e-02
3.166666666666666515e+03,-1.600000000000000000e+01,1.009905337021482774e-01
3.166666666666666515e+03,-1.500000000000000000e+01,1.254653388518657819e-01
3.166666666666666515e+03,-1.400000000000000000e+01,1.501603139287182032e-01
3.166666666666666515e+03,-1.300000000000000000e+01,1.750657877834035925e-01
3.166666666666666515e+03,-1.200000000000000000e+01,2.001711183843200015e-01
3.166666666666666515e+03,-1.100000000000000000e+01,2.254646969354229813e-01
3.166666666666666515e+03,-1.000000000000000000e+01,2.509339627329560951e-01
3.166666666666666515e+03,-9.000000000000000000e+00,2.765654294946919833e-01
3.166666666666666515e+03,-8.000000000000000000e+00,3.023447236846945607e-01
3.166666666666666515e+03,-7.000000000000000000e+00,3.282566351029417850e-01
3.166666666666666515e+03,-6.000000000000000000e+00,3.542851797179955020e-01
3.166666666666666515e+03,-5.000000000000000000e+00,3.804136744017722060e-01
3.166666666666666515e+03,-4.000000000000000000e+00,4.066248228898579065e-01
3.166666666666666515e+03,-3.000000000000000000e+00,4.329008119534211163e-01
3.166666666666666515e+03,-2.000000000000000000e+00,4.592234164449339184e-01
3.166666666666666515e+03,-1.000000000000000000e+00,4.855741115864432578e-01
3.166666666666666515e+03,0.000000000000000000e+00,5.119341906213717985e-01
3.166666666666666515e+03,1.000000000000000000e+00,5.382848857628805828e-01
3.166666666666666515e+03,2.000000000000000000e+00,5.646074902543940510e-01
3.166666666666666515e+03,3.000000000000000000e+00,5.908834793179578160e-01
3.166666666666666515e+03,4.000000000000000000e+00,6.170946278060427392e-01
3.166666666666666515e+03,5.000000000000000000e+00,6.432231224898176114e-01
3.166666666666666515e+03,6.000000000000000000e+00,6.692516671048730492e-01
3.166666666666666515e+03,7.000000000000000000e+00,6.951635785231189413e-01
3.166666666666666515e+03,8.000000000000000000e+00,7.209428727131239611e-01
3.166666666666666515e+03,9.000000000000000000e+00,7.465743394748580730e-01
3.166666666666666515e+03,1.000000000000000000e+01,7.720436052723929077e-01
3.166666666666666515e+03,1.100000000000000000e+01,7.973371838234946107e-01
3.166666666666666515e+03,1.200000000000000000e+01,8.224425144244116304e-01
3.166666666666666515e+03,1.300000000000000000e+01,8.473479882790962980e-01
3.166666666666666515e+03,1.400000000000000000e+01,8.720429633559491078e-01
3.166666666666666515e+03,1.500000000000000000e+01,8.965177685056660017e-01
3.166666666666666515e+03,1.600000000000000000e+01,9.207636977380257992e-01
3.166666666666666515e+03,1.700000000000000000e+01,9.447729956729955525e-01
3.166666666666666515e+03,1.800000000000000000e+01,9.685388352546748791e-01
3.166666666666666515e+03,1.900000000000000000e+01,9.920552888487701448e-01
3.166666666666666515e+03,2.000000000000000000e+01,1.015317293840883428e+00
3.166666666666666515e+03,2.100000000000000000e+01,1.038320613819579519e+00
3.166666666666666515e+03,2.200000000000000000e+01,1.061061796370924792e+00
3.166666666666666515e+03,2.300000000000000000e+01,1.083538128436288384e+00
3.166666666666666515e+03,2.400000000000000000e+01,1.105747590097824196e+00
3.166666666666666515e+03,2.500000000000000000e+01,1.127688807561624484e+00
3.166666666666666515e+03,2.600000000000000000e+01,1.149361006010979569e+00
3.166666666666666515e+03,2.700000000000000000e+01,1.170763962905359890e+00
3.166666666666666515e+03,2.800000000000000000e+01,1.191897962207115746e+00
3.166666666666666515e+03,2.900000000000000000e+01,1.212763749929771651e+00
3.166666666666666515e+03,3.000000000000000000e+01,1.233362491320563858e+00
3.333333333333333030e+03,-3.000000000000000000e+01,-2.152554477219576490e-01
3.333333333333333030e+03,-2.900000000000000000e+01,-1.943896599993008567e-01
3.333333333333333030e+03,-2.800000000000000000e+01,-1.732556606975457769e-01
3.333333333333333030e+03,-2.700000000000000000e+01,-1.518527038031635690e-01
3.333333333333333030e+03,-2.600000000000000000e+01,-1.301805053538103718e-01
3.333333333333333030e+03,-2.500000000000000000e+01,-1.082392878900114153e-01
3.333333333333333030e+03,-2.400000000000000000e+01,-8.602982622847360483e-02
3.333333333333333030e+03,-2.300000000000000000e+01,-6.355349416310956956e-02
3.333333333333333030e+03,-2.200000000000000000e+01,-4.081231161176418487e-02
3.333333333333333030e+03,-2.100000000000000000e+01,-1.780899163306842725e-02
3.333333333333333030e+03,-2.000000000000000000e+01,5.453013359044689423e-03
3.333333333333333030e+03,-1.900000000000000000e+01,2.896946695313923348e-02
3.333333333333333030e+03,-1.800000000000000000e+01,5.273530653482055852e-02
3.333333333333333030e+03,-1.700000000000000000e+01,7.674460446978903505e-02
3.333333333333333030e+03,-1.600000000000000000e+01,1.009905337021482774e-01
3.333333333333333030e+03,-1.500000000000000000e+01,1.254653388518657819e-01
3.333333333333333030e+03,-1.400000000000000000e+01,1.501603139287182032e-01
3.333333333333333030e+03,-1.300000000000000000e+01,1.750657877834035925e-01
3.333333333333333030e+03,-1.200000000000000000e+01,2.001711183843200015e-01
3.333333333333333030e+03,-1.100000000000000000e+01,2.254646969354229813e-01
3.333333333333333030e+03,-1.000000000000000000e+01,2.509339627329560951e-01
3.333333333333333030e+03,-9.000000000000000000e+00,2.765654294946919833e-01
3.333333333333333030e+03,-8.000000000000000000e+00,3.023447236846945607e-01
3.333333333333333030e+03,-7.000000000000000000e+00,3.282566351029417850e-01
3.333333333333333030e+03,-6.000000000000000000e+00,3.542851797179955020e-01
3.333333333333333030e+03,-5.000000000000000000e+00,3.804136744017722060e-01
3.333333333333333030e+03,-4.000000000000000000e+00,4.066248228898579065e-01
3.333333333333333030e+03,-3.000000000000000000e+00,4.329008119534211163e-01
3.333333333333333030e+03,-2.000000000000000000e+00,4.592234164449339184e-01
3.333333333333333030e+03,-1.000000000000000000e+00,4.855741115864432578e-01
3.333333333333333030e+03,0.000000000000000000e+00,5.119341906213717985e-01
3.333333333333333030e+03,1.000000000000000000e+00,5.382848857628805828e-01
3.333333333333333030e+03,2.000000000000000000e+00,5.646074902543940510e-01
3.333333333333333030e+03,3.000000000000000000e+00,5.908834793179578160e-01
3.333333333333333030e+03,4.000000000000000000e+00,6.170946278060427392e-01
3.333333333333333030e+03,5.000000000000000000e+00,6.432231224898176114e-01
3.333333333333333030e+03,6.000000000000000000e+00,6.692516671048730492e-01
3.333333333333333030e+03,7.000000000000000000e+00,6.951635785231189413e-01
3.333333333333333030e+03,8.000000000000000000e+00,7.209428727131239611e-01
3.333333333333333030e+03,9.000000000000000000e+00,7.465743394748580730e-01
3.333333333333333030e+03,1.000000000000000000e+01,7.720436052723929077e-01
3.333333333333333030e+03,1.100000000000000000e+01,7.973371838234946107e-01
3.333333333333333030e+03,1.200000000000000000e+01,8.224425144244116304e-01
3.333333333333333030e+03,1.300000000000000000e+01,8.473479882790962980e-01
3.333333333333333030e+03,1.400000000000000000e+01,8.720429633559491078e-01
3.333333333333333030e+03,1.500000000000000000e+01,8.965177685056660017e-01
3.333333333333333030e+03,1.600000000000000000e+01,9.207636977380257992e-01
3.333333333333333030e+03,1.700000000000000000e+01,9.447729956729955525e-01
3.333333333333333030e+03,1.800000000000000000e+01,9.685388352546748791e-01
3.333333333333333030e+03,1.900000000000000000e+01,9.920552888487701448e-01
3.333333333333333030e+03,2.000000000000000000e+01,1.015317293840883428e+00
3.333333333333333030e+03,2.100000000000000000e+01,1.038320613819579519e+00
3.333333333333333030e+03,2.200000000000000000e+01,1.061061796370924792e+00
3.333333333333333030e+03,2.300000000000000000e+01,1.083538128436288384e+00
3.333333333333333030e+03,2.400000000000000000e+01,1.105747590097824196e+00
3.333333333333333030e+03,2.500000000000000000e+01,1.127688807561624484e+00
3.333333333333333030e+03,2.600000000000000000e+01,1.149361006010979569e+00
3.333333333333333030e+03,2.700000000000000000e+01,1.170763962905359890e+00
3.333333333333333030e+03,2.800000000000000000e+01,1.191897962207115746e+00
3.333333333333333030e+03,2.900000000000000000e+01,1.212763749929771651e+00
3.333333333333333030e+03,3.000000000000000000e+01,1.233362491320563858e+00
3.500000000000000000e+03,-3.000000000000000000e+01,-2.152554477219576490e-01
3.500000000000000000e+03,-2.900000000000000000e+01,-1.943896599993008567e-01
3.500000000000000000e+03,-2.800000000000000000e+01,-1.732556606975457769e-01
3.500000000000000000e+03,-2.700000000000000000e+01,-1.518527038031635690e-01
3.500000000000000000e+03,-2.600000000000000000e+01,-1.301805053538103718e-01
3.500000000000000000e+03,-2.500000000000000000e+01,-1.082392878900114153e-01
3.500000000000000000e+03,-2.400000000000000000e+01,-8.602982622847360483e-02
3.500000000000000000e+03,-2.300000000000000000e+01,-6.355349416310956956e-02
3.500000000000000000e+03,-2.200000000000000000e+01,-4.081231161176418487e-02
3.500000000000000000e+03,-2.100000000000000000e+01,-1.780899163306842725e-02
3.500000000000000000e+03,-2.000000000000000000e+01,5.453013359044689423e-03
3.500000000000000000e+03,-1.900000000000000000e+01,2.896946695313923348e-02
3.500000000000000000e+03,-1.800000000000000000e+01,5.273530653482055852e-02
3.500000000000000000e+03,-1.700000000000000000e+01,7.674460446978903505e-02
3.500000000000000000e+03,-1.600000000000000000e+01,1.009905337021482774e-01
3.500000000000000000e+03,-1.500000000000000000e+01,1.254653388518657819e-01
3.500000000000000000e+03,-1.400000000000000000e+01,1.501603139287182032e-01
3.500000000000000000e+03,-1.300000000000000000e+01,1.750657877834035925e-01
3.500000000000000000e+03,-1.200000000000000000e+01,2.001711183843200015e-01
3.500000000000000000e+03,-1.100000000000000000e+01,2.254646969354229813e-01
3.500000000000000000e+03,-1.000000000000000000e+01,2.509339627329560951e-01
3.500000000000000000e+03,-9.000000000000000000e+00,2.765654294946919833e-01
3.500000000000000000e+03,-8.000000000000000000e+00,3.023447236846945607e-01
3.500000000000000000e+03,-7.000000000000000000e+00,3.282566351029417850e-01
3.500000000000000000e+03,-6.000000000000000000e+00,3.542851797179955020e-01
3.500000000000000000e+03,-5.000000000000000000e+00,3.804136744017722060e-01
3.500000000000000000e+03,-4.000000000000000000e+00,4.066248228898579065e-01
3.500000000000000000e+03,-3.000000000000000000e+00,4.329008119534211163e-01
3.500000000000000000e+03,-2.000000000000000000e+00,4.592234164449339184e-01
3.500000000000000000e+03,-1.000000000000000000e+00,4.855741115864432578e-01
3.500000000000000000e+03,0.000000000000000000e+00,5.119341906213717985e-01
3.500000000000000000e+03,1.000000000000000000e+00,5.382848857628805828e-01
3.500000000000000000e+03,2.000000000000000000e+00,5.646074902543940510e-01
3.500000000000000000e+03,3.000000000000000000e+00,5.908834793179578160e-01
3.500000000000000000e+03,4.000000000000000000e+00,6.170946278060427392e-01
3.500000000000000000e+03,5.000000000000000000e+00,6.432231224898176114e-01
3.500000000000000000e+03,6.000000000000000000e+00,6.692516671048730492e-01
3.500000000000000000e+03,7.000000000000000000e+00,6.951635785231189413e-01
3.500000000000000000e+03,8.000000000000000000e+00,7.209428727131239611e-01
3.500000000000000000e+03,9.000000000000000000e+00,7.465743394748580730e-01
3.500000000000000000e+03,1.000000000000000000e+01,7.720436052723929077e-01
3.500000000000000000e+03,1.100000000000000000e+01,7.973371838234946107e-01
3.500000000000000000e+03,1.200000000000000000e+01,8.224425144244116304e-01
3.500000000000000000e+03,1.300000000000000000e+01,8.473479882790962980e-01
3.500000000000000000e+03,1.400000000000000000e+01,8.720429633559491078e-01
3.500000000000000000e+03,1.500000000000000000e+01,8.965177685056660017e-01
3.500000000000000000e+03,1.600000000000000000e+01,9.207636977380257992e-01
3.500000000000000000e+03,1.700000000000000000e+01,9.447729956729955525e-01
3.500000000000000000e+03,1.800000000000000000e+01,9.685388352546748791e-01
3.500000000000000000e+03,1.900000000000000000e+01,9.920552888487701448e-01
3.500000000000000000e+03,2.000000000000000000e+01,1.015317293840883428e+00
3.500000000000000000e+03,2.100000000000000000e+01,1.038320613819579519e+00
3.500000000000000000e+03,2.200000000000000000e+01,1.061061796370924792e+00
3.500000000000000000e+03,2.300000000000000000e+01,1.083538128436288384e+00
3.500000000000000000e+03,2.400000000000000000e+01,1.105747590097824196e+00
3.500000000000000000e+03,2.500000000000000000e+01,1.127688807561624484e+00
3.500000000000000000e+03,2.600000000000000000e+01,1.149361006010979569e+00
3.500000000000000000e+03,2.700000000000000000e+01,1.170763962905359890e+00
3.500000000000000000e+03,2.800000000000000000e+01,1.191897962207115746e+00
3.500000000000000000e+03,2.900000000000000000e+01,1.212763749929771651e+00
3.500000000000000000e+03,3.000000000000000000e+01,1.233362491320563858e+00
3.666666666666666515e+03,-3.000000000000000000e+01,-2.152554477219576490e-01
3.666666666666666515e+03,-2.900000000000000000e+01,-1.943896599993008567e-01
3.666666666666666515e+03,-2.800000000000000000e+01,-1.732556606975457769e-01
3.666666666666666515e+03,-2.700000000000000000e+01,-1.518527038031635690e-01
3.666666666666666515e+03,-2.600000000000000000e+01,-1.301805053538103718e-01
3.666666666666666515e+03,-2.500000000000000000e+01,-1.082392878900114153e-01
3.666666666666666515e+03,-2.400000000000000000e+01,-8.602982622847360483e-02
3.666666666666666515e+03,-2.300000000000000000e+01,-6.355349416310956956e-02
3.666666666666666515e+03,-2.200000000000000000e+01,-4.081231161176418487e-02
3.666666666666666515e+03,-2.100000000000000000e+01,-1.780899163306842725e-02
3.666666666666666515e+03,-2.000000000000000000e+01,5.453013359044689423e-03
3.666666666666666515e+03,-1.900000000000000000e+01,2.896946695313923348e-02
3.666666666666666515e+03,-1.800000000000000000e+01,5.273530653482055852e-02
3.666666666666666515e+03,-1.700000000000000000e+01,7.674460446978903505e-02
3.666666666666666515e+03,-1.600000000000000000e+01,1.009905337021482774e-01
3.666666666666666515e+03,-1.500000000000000000e+01,1.254653388518657819e-01
3.666666666666666515e+03,-1.400000000000000000e+01,1.501603139287182032e-01
3.666666666666666515e+03,-1.300000000000000000e+01,1.750657877834035925e-01
3.666666666666666515e+03,-1.200000000000000000e+01,2.001711183843200015e-01
3.666666666666666515e+03,-1.100000000000000000e+01,2.254646969354229813e-01
3.666666666666666515e+03,-1.000000000000000000e+01,2.509339627329560951e-01
3.666666666666666515e+03,-9.000000000000000000e+00,2.765654294946919833e-01
3.666666666666666515e+03,-8.000000000000000000e+00,3.023447236846945607e-01
3.666666666666666515e+03,-7.000000000000000000e+00,3.282566351029417850e-01
3.666666666666666515e+03,-6.000000000000000000e+00,3.542851797179955020e-01
3.666666666666666515e+03,-5.000000000000000000e+00,3.804136744017722060e-01
3.666666666666666515e+03,-4.000000000000000000e+00,4.066248228898579065e-01
3.666666666666666515e+03,-3.000000000000000000e+00,4.329008119534211163e-01
3.666666666666666515e+03,-2.000000000000000000e+00,4.592234164449339184e-01
3.666666666666666515e+03,-1.000000000000000000e+00,4.855741115864432578e-01
3.666666666666666515e+03,0.000000000000000000e+00,5.119341906213717985e-01
3.666666666666666515e+03,1.000000000000000000e+00,5.382848857628805828e-01
3.666666666666666515e+03,2.000000000000000000e+00,5.646074902543940510e-01
3.666666666666666515e+03,3.000000000000000000e+00,5.908834793179578160e-01
3.666666666666666515e+03,4.000000000000000000e+00,6.170946278060427392e-01
3.666666666666666515e+03,5.000000000000000000e+00,6.432231224898176114e-01
3.666666666666666515e+03,6.000000000000000000e+00,6.692516671048730492e-01
3.666666666666666515e+03,7.000000000000000000e+00,6.951635785231189413e-01
3.666666666666666515e+03,8.000000000000000000e+00,7.209428727131239611e-01
3.666666666666666515e+03,9.000000000000000000e+00,7.465743394748580730e-01
3.666666666666666515e+03,1.000000000000000000e+01,7.720436052723929077e-01
3.666666666666666515e+03,1.100000000000000000e+01,7.973371838234946107e-01
3.666666666666666515e+03,1.200000000000000000e+01,8.224425144244116304e-01
3.666666666666666515e+03,1.300000000000000000e+01,8.473479882790962980e-01
3.666666666666666515e+03,1.400000000000000000e+01,8.720429633559491078e-01
3.666666666666666515e+03,1.500000000000000000e+01,8.965177685056660017e-01
3.666666666666666515e+03,1.600000000000000000e+01,9.207636977380257992e-01
3.666666666666666515e+03,1.700000000000000000e+01,9.447729956729955525e-01
3.666666666666666515e+03,1.800000000000000000e+01,9.685388352546748791e-01
3.666666666666666515e+03,1.900000000000000000e+01,9.920552888487701448e-01
3.666666666666666515e+03,2.000000000000000000e+01,1.015317293840883428e+00
3.666666666666666515e+03,2.100000000000000000e+01,1.038320613819579519e+00
3.666666666666666515e+03,2.200000000000000000e+01,1.061061796370924792e+00
3.666666666666666515e+03,2.300000000000000000e+01,1.083538128436288384e+00
3.666666666666666515e+03,2.400000000000000000e+01,1.105747590097824196e+00
3.666666666666666515e+03,2.500000000000000000e+01,1.127688807561624484e+00
3.666666666666666515e+03,2.600000000000000000e+01,1.149361006010979569e+00
3.666666666666666515e+03,2.700000000000000000e+01,1.170763962905359890e+00
3.666666666666666515e+03,2.800000000000000000e+01,1.191897962207115746e+00
3.666666666666666515e+03,2.900000000000000000e+01,1.212763749929771651e+00
3.666666666666666515e+03,3.000000000000000000e+01,1.233362491320563858e+00
3.833333333333333030e+03,-3.000000000000000000e+01,-2.152554477219576490e-01
3.833333333333333030e+03,-2.900000000000000000e+01,-1.943896599993008567e-01
3.833333333333333030e+03,-2.800000000000000000e+01,-1.732556606975457769e-01
3.833333333333333030e+03,-2.700000000000000000e+01,-1.518527038031635690e-01
3.833333333333333030e+03,-2.600000000000000000e+01,-1.301805053538103718e-01
3.833333333333333030e+03,-2.500000000000000000e+01,-1.082392878900114153e-01
3.833333333333333030e+03,-2.400000000000000000e+01,-8.602982622847360483e-02
3.833333333333333030e+03,-2.300000000000000000e+01,-6.355349416310956956e-02
3.833333333333333030e+03,-2.200000000000000000e+01,-4.081231161176418487e-02
3.833333333333333030e+03,-2.100000000000000000e+01,-1.780899163306842725e-02
3.833333333333333030e+03,-2.000000000000000000e+01,5.453013359044689423e-03
3.833333333333333030e+03,-1.900000000000000000e+01,2.896946695313923348e-02
3.833333333333333030e+03,-1.800000000000000000e+01,5.273530653482055852e-02
3.833333333333333030e+03,-1.700000000000000000e+01,7.674460446978903505e-02
3.833333333333333030e+03,-1.600000000000000000e+01,1.009905337021482774e-01
3.833333333333333030e+03,-1.500000000000000000e+01,1.254653388518657819e-01
3.833333333333333030e+03,-1.400000000000000000e+01,1.501603139287182032e-01
3.833333333333333030e+03,-1.300000000000000000e+01,1.750657877834035925e-01
3.833333333333333030e+03,-1.200000000000000000e+01,2.001711183843200015e-01
3.833333333333333030e+03,-1.100000000000000000e+01,2.254646969354229813e-01
3.833333333333333030e+03,-1.000000000000000000e+01,2.509339627329560951e-01
3.833333333333333030e+03,-9.000000000000000000e+00,2.765654294946919833e-01
3.833333333333333030e+03,-8.000000000000000000e+00,3.023447236846945607e-01
3.833333333333333030e+03,-7.000000000000000000e+00,3.282566351029417850e-01
3.833333333333333030e+03,-6.000000000000000000e+00,3.542851797179955020e-01
3.833333333333333030e+03,-5.000000000000000000e+00,3.804136744017722060e-01
3.833333333333333030e+03,-4.000000000000000000e+00,4.066248228898579065e-01
3.833333333333333030e+03,-3.000000000000000000e+00,4.329008119534211163e-01
3.833333333333333030e+03,-2.000000000000000000e+00,4.592234164449339184e-01
3.833333333333333030e+03,-1.000000000000000000e+00,4.855741115864432578e-01
3.833333333333333030e+03,0.000000000000000000e+00,5.119341906213717985e-01
3.833333333333333030e+03,1.000000000000000000e+00,5.382848857628805828e-01
3.833333333333333030e+03,2.000000000000000000e+00,5.646074902543940510e-01
3.833333333333333030e+03,3.000000000000000000e+00,5.908834793179578160e-01
3.833333333333333030e+03,4.000000000000000000e+00,6.170946278060427392e-01
3.833333333333333030e+03,5.000000000000000000e+00,6.432231224898176114e-01
3.833333333333333030e+03,6.000000000000000000e+00,6.692516671048730492e-01
3.833333333333333030e+03,7.000000000000000000e+00,6.951635785231189413e-01
3.833333333333333030e+03,8.000000000000000000e+00,7.209428727131239611e-01
3.833333333333333030e+03,9.000000000000000000e+00,7.465743394748580730e-01
3.833333333333333030e+03,1.000000000000000000e+01,7.720436052723929077e-01
3.833333333333333030e+03,1.100000000000000000e+01,7.973371838234946107e-01
3.833333333333333030e+03,1.200000000000000000e+01,8.224425144244116304e-01
3.833333333333333030e+03,1.300000000000000000e+01,8.473479882790962980e-01
3.833333333333333030e+03,1.400000000000000000e+01,8.720429633559491078e-01
3.833333333333333030e+03,1.500000000000000000e+01,8.965177685056660017e-01
3.833333333333333030e+03,1.600000000000000000e+01,9.207636977380257992e-01
3.833333333333333030e+03,1.700000000000000000e+01,9.447729956729955525e-01
3.833333333333333030e+03,1.800000000000000000e+01,9.685388352546748791e-01
3.833333333333333030e+03,1.900000000000000000e+01,9.920552888487701448e-01
3.833333333333333030e+03,2.000000000000000000e+01,1.015317293840883428e+00
3.833333333333333030e+03,2.100000000000000000e+01,1.038320613819579519e+00
3.833333333333333030e+03,2.200000000000000000e+01,1.061061796370924792e+00
3.833333333333333030e+03,2.300000000000000000e+01,1.083538128436288384e+00
3.833333333333333030e+03,2.400000000000000000e+01,1.105747590097824196e+00
3.833333333333333030e+03,2.500000000000000000e+01,1.127688807561624484e+00
3.833333333333333030e+03,2.600000000000000000e+01,1.149361006010979569e+00
3.833333333333333030e+03,2.700000000000000000e+01,1.170763962905359890e+00
3.833333333333333030e+03,2.800000000000000000e+01,1.191897962207115746e+00
3.833333333333333030e+03,2.900000000000000000e+01,1.212763749929771651e+00
3.833333333333333030e+03,3.000000000000000000e+01,1.233362491320563858e+00
4.000000000000000000e+03,-3.000000000000000000e+01,-2.152554477219576490e-01
4.000000000000000000e+03,-2.900000000000000000e+01,-1.943896599993008567e-01
4.000000000000000000e+03,-2.800000000000000000e+01,-1.732556606975457769e-01
4.000000000000000000e+03,-2.700000000000000000e+01,-1.518527038031635690e-01
4.000000000000000000e+03,-2.600000000000000000e+01,-1.301805053538103718e-01
4.000000000000000000e+03,-2.500000000000000000e+01,-1.082392878900114153e-01
4.000000000000000000e+03,-2.400000000000000000e+01,-8.602982622847360483e-02
4.000000000000000000e+03,-2.300000000000000000e+01,-6.355349416310956956e-02
4.000000000000000000e+03,-2.200000000000000000e+01,-4.081231161176418487e-02
4.000000000000000000e+03,-2.100000000000000000e+01,-1.780899163306842725e-02
4.000000000000000000e+03,-2.000000000000000000e+01,5.453013359044689423e-03
4.000000000000000000e+03,-1.900000000000000000e+01,2.896946695313923348e-02
4.000000000000000000e+03,-1.800000000000000000e+01,5.273530653482055852e-02
4.000000000000000000e+03,-1.700000000000000000e+01,7.674460446978903505e-02
4.000000000000000000e+03,-1.600000000000000000e+01,1.009905337021482774e-01
4.000000000000000000e+03,-1.500000000000000000e+01,1.254653388518657819e-01
4.000000000000000000e+03,-1.400000000000000000e+01,1.501603139287182032e-01
4.000000000000000000e+03,-1.300000000000000000e+01,1.750657877834035925e-01
4.000000000000000000e+03,-1.200000000000000000e+01,2.001711183843200015e-01
4.000000000000000000e+03,-1.100000000000000000e+01,2.254646969354229813e-01
4.000000000000000000e+03,-1.000000000000000000e+01,2.509339627329560951e-01
4.000000000000000000e+03,-9.000000000000000000e+00,2.765654294946919833e-01
4.000000000000000000e+03,-8.000000000000000000e+00,3.023447236846945607e-01
4.000000000000000000e+03,-7.000000000000000000e+00,3.282566351029417850e-01
4.000000000000000000e+03,-6.000000000000000000e+00,3.542851797179955020e-01
4.000000000000000000e+03,-5.000000000000000000e+00,3.804136744017722060e-01
4.000000000000000000e+03,-4.000000000000000000e+00,4.066248228898579065e-01
4.000000000000000000e+03,-3.000000000000000000e+00,4.329008119534211163e-01
4.000000000000000000e+03,-2.000000000000000000e+00,4.592234164449339184e-01
4.000000000000000000e+03,-1.000000000000000000e+00,4.855741115864432578e-01
4.000000000000000000e+03,0.000000000000000000e+00,5.119341906213717985e-01
4.000000000000000000e+03,1.000000000000000000e+00,5.382848857628805828e-01
4.000000000000000000e+03,2.000000000000000000e+00,5.646074902543940510e-01
4.000000000000000000e+03,3.000000000000000000e+00,5.908834793179578160e-01
4.000000000000000000e+03,4.000000000000000000e+00,6.170946278060427392e-01
4.000000000000000000e+03,5.000000000000000000e+00,6.432231224898176114e-01
4.000000000000000000e+03,6.000000000000000000e+00,6.692516671048730492e-01
4.000000000000000000e+03,7.000000000000000000e+00,6.951635785231189413e-01
4.000000000000000000e+03,8.000000000000000000e+00,7.209428727131239611e-01
4.000000000000000000e+03,9.000000000000000000e+00,7.465743394748580730e-01
4.000000000000000000e+03,1.000000000000000000e+01,7.720436052723929077e-01
4.000000000000000000e+03,1.100000000000000000e+01,7.973371838234946107e-01
4.000000000000000000e+03,1.200000000000000000e+01,8.224425144244116304e-01
4.000000000000000000e+03,1.300000000000000000e+01,8.473479882790962980e-01
4.000000000000000000e+03,1.400000000000000000e+01,8.720429633559491078e-01
4.000000000000000000e+03,1.500000000000000000e+01,8.965177685056660017e-01
4.000000000000000000e+03,1.600000000000000000e+01,9.207636977380257992e-01
4.000000000000000000e+03,1.700000000000000000e+01,9.447729956729955525e-01
4.000000000000000000e+03,1.800000000000000000e+01,9.685388352546748791e-01
4.000000000000000000e+03,1.900000000000000000e+01,9.920552888487701448e-01
4.000000000000000000e+03,2.000000000000000000e+01,1.015317293840883428e+00
4.000000000000000000e+03,2.100000000000000000e+01,1.038320613819579519e+00
4.000000000000000000e+03,2.200000000000000000e+01,1.061061796370924792e+00
4.000000000000000000e+03,2.300000000000000000e+01,1.083538128436288384e+00
4.000000000000000000e+03,2.400000000000000000e+01,1.105747590097824196e+00
4.000000000000000000e+03,2.500000000000000000e+01,1.127688807561624484e+00
4.000000000000000000e+03,2.600000000000000000e+01,1.149361006010979569e+00
4.000000000000000000e+03,2.700000000000000000e+01,1.170763962905359890e+00
4.000000000000000000e+03,2.800000000000000000e+01,1.191897962207115746e+00
4.000000000000000000e+03,2.900000000000000000e+01,1.212763749929771651e+00
4.000000000000000000e+03,3.000000000000000000e+01,1.233362491320563858e+00
4.166666666666666060e+03,-3.000000000000000000e+01,-2.152554477219576490e-01
4.166666666666666060e+03,-2.900000000000000000e+01,-1.943896599993008567e-01
4.166666666666666060e+03,-2.800000000000000000e+01,-1.732556606975457769e-01
4.166666666666666060e+03,-2.700000000000000000e+01,-1.518527038031635690e-01
4.166666666666666060e+03,-2.600000000000000000e+01,-1.301805053538103718e-01
4.166666666666666060e+03,-2.500000000000000000e+01,-1.082392878900114153e-01
4.166666666666666060e+03,-2.400000000000000000e+01,-8.602982622847360483e-02
4.166666666666666060e+03,-2.300000000000000000e+01,-6.355349416310956956e-02
4.166666666666666060e+03,-2.200000000000000000e+01,-4.081231161176418487e-02
4.166666666666666060e+03,-2.100000000000000000e+01,-1.780899163306842725e-02
4.166666666666666060e+03,-2.000000000000000000e+01,5.453013359044689423e-03
4.166666666666666060e+03,-1.900000000000000000e+01,2.896946695313923348e-02
4.166666666666666060e+03,-1.800000000000000000e+01,5.273530653482055852e-02
4.166666666666666060e+03,-1.700000000000000000e+01,7.674460446978903505e-02
4.166666666666666060e+03,-1.600000000000000000e+01,1.009905337021482774e-01
4.166666666666666060e+03,-1.500000000000000000e+01,1.254653388518657819e-01
4.166666666666666060e+03,-1.400000000000000000e+01,1.501603139287182032e-01
4.166666666666666060e+03,-1.300000000000000000e+01,1.750657877834035925e-01
4.166666666666666060e+03,-1.200000000000000000e+01,2.001711183843200015e-01
4.166666666666666060e+03,-1.100000000000000000e+01,2.254646969354229813e-01
4.166666666666666060e+03,-1.000000000000000000e+01,2.509339627329560951e-01
4.166666666666666060e+03,-9.000000000000000000e+00,2.765654294946919833e-01
4.166666666666666060e+03,-8.000000000000000000e+00,3.023447236846945607e-01
4.166666666666666060e+03,-7.000000000000000000e+00,3.282566351029417850e-01
4.166666666666666060e+03,-6.000000000000000000e+00,3.542851797179955020e-01
4.166666666666666060e+03,-5.000000000000000000e+00,3.804136744017722060e-01
4.166666666666666060e+03,-4.000000000000000000e+00,4.066248228898579065e-01
4.166666666666666060e+03,-3.000000000000000000e+00,4.329008119534211163e-01
4.166666666666666060e+03,-2.000000000000000000e+00,4.592234164449339184e-01
4.166666666666666060e+03,-1.000000000000000000e+00,4.855741115864432578e-01
4.166666666666666060e+03,0.000000000000000000e+00,5.119341906213717985e-01
4.166666666666666060e+03,1.000000000000000000e+00,5.382848857628805828e-01
4.166666666666666060e+03,2.000000000000000000e+00,5.646074902543940510e-01
4.166666666666666060e+03,3.000000000000000000e+00,5.908834793179578160e-01
4.166666666666666060e+03,4.000000000000000000e+00,6.170946278060427392e-01
4.166666666666666060e+03,5.000000000000000000e+00,6.432231224898176114e-01
4.166666666666666060e+03,6.000000000000000000e+00,6.692516671048730492e-01
4.166666666666666060e+03,7.000000000000000000e+00,6.951635785231189413e-01
4.166666666666666060e+03,8.000000000000000000e+00,7.209428727131239611e-01
4.166666666666666060e+03,9.000000000000000000e+00,7.465743394748580730e-01
4.166666666666666060e+03,1.000000000000000000e+01,7.720436052723929077e-01
4.166666666666666060e+03,1.100000000000000000e+01,7.973371838234946107e-01
4.166666666666666060e+03,1.200000000000000000e+01,8.224425144244116304e-01
4.166666666666666060e+03,1.300000000000000000e+01,8.473479882790962980e-01
4.166666666666666060e+03,1.400000000000000000e+01,8.720429633559491078e-01
4.166666666666666060e+03,1.500000000000000000e+01,8.965177685056660017e-01
4.166666666666666060e+03,1.600000000000000000e+01,9.207636977380257992e-01
4.166666666666666060e+03,1.700000000000000000e+01,9.447729956729955525e-01
4.166666666666666060e+03,1.800000000000000000e+01,9.685388352546748791e-01
4.166666666666666060e+03,1.900000000000000000e+01,9.920552888487701448e-01
4.166666666666666060e+03,2.000000000000000000e+01,1.015317293840883428e+00
4.166666666666666060e+03,2.100000000000000000e+01,1.038320613819579519e+00
4.166666666666666060e+03,2.200000000000000000e+01,1.061061796370924792e+00
4.166666666666666060e+03,2.300000000000000000e+01,1.083538128436288384e+00
4.166666666666666060e+03,2.400000000000000000e+01,1.105747590097824196e+00
4.166666666666666060e+03,2.500000000000000000e+01,1.127688807561624484e+00
4.166666666666666060e+03,2.600000000000000000e+01,1.149361006010979569e+00
4.166666666666666060e+03,2.700000000000000000e+01,1.170763962905359890e+00
4.166666666666666060e+03,2.800000000000000000e+01,1.191897962207115746e+00
4.166666666666666060e+03,2.900000000000000000e+01,1.212763749929771651e+00
4.166666666666666060e+03,3.000000000000000000e+01,1.233362491320563858e+00
4.333333333333333030e+03,-3.000000000000000000e+01,-2.152554477219576490e-01
4.333333333333333030e+03,-2.900000000000000000e+01,-1.943896599993008567e-01
4.333333333333333030e+03,-2.800000000000000000e+01,-1.732556606975457769e-01
4.333333333333333030e+03,-2.700000000000000000e+01,-1.518527038031635690e-01
4.333333333333333030e+03,-2.600000000000000000e+01,-1.301805053538103718e-01
4.333333333333333030e+03,-2.500000000000000000e+01,-1.082392878900114153e-01
4.333333333333333030e+03,-2.400000000000000000e+01,-8.602982622847360483e-02
4.333333333333333030e+03,-2.300000000000000000e+01,-6.355349416310956956e-02
4.333333333333333030e+03,-2.200000000000000000e+01,-4.081231161176418487e-02
4.333333333333333030e+03,-2.100000000000000000e+01,-1.780899163306842725e-02
4.333333333333333030e+03,-2.000000000000000000e+01,5.453013359044689423e-03
4.333333333333333030e+03,-1.900000000000000000e+01,2.896946695313923348e-02
4.333333333333333030e+03,-1.800000000000000000e+01,5.273530653482055852e-02
4.333333333333333030e+03,-1.700000000000000000e+01,7.674460446978903505e-02
4.333333333333333030e+03,-1.600000000000000000e+01,1.009905337021482774e-01
4.333333333333333030e+03,-1.500000000000000000e+01,1.254653388518657819e-01
4.333333333333333030e+03,-1.400000000000000000e+01,1.501603139287182032e-01
4.333333333333333030e+03,-1.300000000000000000e+01,1.750657877834035925e-01
4.333333333333333030e+03,-1.200000000000000000e+01,2.001711183843200015e-01
4.333333333333333030e+03,-1.100000000000000000e+01,2.254646969354229813e-01
4.333333333333333030e+03,-1.000000000000000000e+01,2.509339627329560951e-01
4.333333333333333030e+03,-9.000000000000000000e+00,2.765654294946919833e-01
4.333333333333333030e+03,-8.000000000000000000e+00,3.023447236846945607e-01
4.333333333333333030e+03,-7.000000000000000000e+00,3.282566351029417850e-01
4.333333333333333030e+03,-6.000000000000000000e+00,3.542851797179955020e-01
4.333333333333333030e+03,-5.000000000000000000e+00,3.804136744017722060e-01
4.333333333333333030e+03,-4.000000000000000000e+00,4.066248228898579065e-01
4.333333333333333030e+03,-3.000000000000000000e+00,4.329008119534211163e-01
4.333333333333333030e+03,-2.000000000000000000e+00,4.592234164449339184e-01
4.333333333333333030e+03,-1.000000000000000000e+00,4.855741115864432578e-01
4.333333333333333030e+03,0.000000000000000000e+00,5.119341906213717985e-01
4.333333333333333030e+03,1.000000000000000000e+00,5.382848857628805828e-01
4.333333333333333030e+03,2.000000000000000000e+00,5.646074902543940510e-01
4.333333333333333030e+03,3.000000000000000000e+00,5.908834793179578160e-01
4.333333333333333030e+03,4.000000000000000000e+00,6.170946278060427392e-01
4.333333333333333030e+03,5.000000000000000000e+00,6.432231224898176114e-01
4.333333333333333030e+03,6.000000000000000000e+00,6.692516671048730492e-01
4.333333333333333030e+03,7.000000000000000000e+00,6.951635785231189413e-01
4.333333333333333030e+03,8.000000000000000000e+00,7.209428727131239611e-01
4.333333333333333030e+03,9.000000000000000000e+00,7.465743394748580730e-01
4.333333333333333030e+03,1.000000000000000000e+01,7.720436052723929077e-01
4.333333333333333030e+03,1.100000000000000000e+01,7.973371838234946107e-01
4.333333333333333030e+03,1.200000000000000000e+01,8.224425144244116304e-01
4.333333333333333030e+03,1.300000000000000000e+01,8.473479882790962980e-01
4.333333333333333030e+03,1.400000000000000000e+01,8.720429633559491078e-01
4.333333333333333030e+03,1.500000000000000000e+01,8.965177685056660017e-01
4.333333333333333030e+03,1.600000000000000000e+01,9.207636977380257992e-01
4.333333333333333030e+03,1.700000000000000000e+01,9.447729956729955525e-01
4.333333333333333030e+03,1.800000000000000000e+01,9.685388352546748791e-01
4.333333333333333030e+03,1.900000000000000000e+01,9.920552888487701448e-01
4.333333333333333030e+03,2.000000000000000000e+01,1.015317293840883428e+00
4.333333333333333030e+03,2.100000000000000000e+01,1.038320613819579519e+00
4.333333333333333030e+03,2.200000000000000000e+01,1.061061796370924792e+00
4.333333333333333030e+03,2.300000000000000000e+01,1.083538128436288384e+00
4.333333333333333030e+03,2.400000000000000000e+01,1.105747590097824196e+00
4.333333333333333030e+03,2.500000000000000000e+01,1.127688807561624484e+00
4.333333333333333030e+03,2.600000000000000000e+01,1.149361006010979569e+00
4.333333333333333030e+03,2.700000000000000000e+01,1.170763962905359890e+00
4.333333333333333030e+03,2.800000000000000000e+01,1.191897962207115746e+00
4.333333333333333030e+03,2.900000000000000000e+01,1.212763749929771651e+00
4.333333333333333030e+03,3.000000000000000000e+01,1.233362491320563858e+00
4.500000000000000000e+03,-3.000000000000000000e+01,-2.152554477219576490e-01
4.500000000000000000e+03,-2.900000000000000000e+01,-1.943896599993008567e-01
4.500000000000000000e+03,-2.800000000000000000e+01,-1.732556606975457769e-01
4.500000000000000000e+03,-2.700000000000000000e+01,-1.518527038031635690e-01
4.500000000000000000e+03,-2.600000000000000000e+01,-1.301805053538103718e-01
4.500000000000000000e+03,-2.500000000000000000e+01,-1.082392878900114153e-01
4.500000000000000000e+03,-2.400000000000000000e+01,-8.602982622847360483e-02
4.500000000000000000e+03,-2.300000000000000000e+01,-6.355349416310956956e-02
4.500000000000000000e+03,-2.200000000000000000e+01,-4.081231161176418487e-02
4.500000000000000000e+03,-2.100000000000000000e+01,-1.780899163306842725e-02
4.500000000000000000e+03,-2.000000000000000000e+01,5.453013359044689423e-03
4.500000000000000000e+03,-1.900000000000000000e+01,2.896946695313923348e-02
4.500000000000000000e+03,-1.800000000000000000e+01,5.273530653482055852e-02
4.500000000000000000e+03,-1.700000000000000000e+01,7.674460446978903505e-02
4.500000000000000000e+03,-1.600000000000000000e+01,1.009905337021482774e-01
4.500000000000000000e+03,-1.500000000000000000e+01,1.254653388518657819e-01
4.500000000000000000e+03,-1.400000000000000000e+01,1.501603139287182032e-01
4.500000000000000000e+03,-1.300000000000000000e+01,1.750657877834035925e-01
4.500000000000000000e+03,-1.200000000000000000e+01,2.001711183843200015e-01
4.500000000000000000e+03,-1.100000000000000000e+01,2.254646969354229813e-01
4.500000000000000000e+03,-1.000000000000000000e+01,2.509339627329560951e-01
4.500000000000000000e+03,-9.000000000000000000e+00,2.765654294946919833e-01
4.500000000000000000e+03,-8.000000000000000000e+00,3.023447236846945607e-01
4.500000000000000000e+03,-7.000000000000000000e+00,3.282566351029417850e-01
4.500000000000000000e+03,-6.000000000000000000e+00,3.542851797179955020e-01
4.500000000000000000e+03,-5.000000000000000000e+00,3.804136744017722060e-01
4.500000000000000000e+03,-4.000000000000000000e+00,4.066248228898579065e-01
4.500000000000000000e+03,-3.000000000000000000e+00,4.329008119534211163e-01
4.500000000000000000e+03,-2.000000000000000000e+00,4.592234164449339184e-01
4.500000000000000000e+03,-1.000000000000000000e+00,4.855741115864432578e-01
4.500000000000000000e+03,0.000000000000000000e+00,5.119341906213717985e-01
4.500000000000000000e+03,1.000000000000000000e+00,5.382848857628805828e-01
4.500000000000000000e+03,2.000000000000000000e+00,5.646074902543940510e-01
4.500000000000000000e+03,3.000000000000000000e+00,5.908834793179578160e-01
4.500000000000000000e+03,4.000000000000000000e+00,6.170946278060427392e-01
4.500000000000000000e+03,5.000000000000000000e+00,6.432231224898176114e-01
4.500000000000000000e+03,6.000000000000000000e+00,6.692516671048730492e-01
4.500000000000000000e+03,7.000000000000000000e+00,6.951635785231189413e-01
4.500000000000000000e+03,8.000000000000000000e+00,7.209428727131239611e-01
4.500000000000000000e+03,9.000000000000000000e+00,7.465743394748580730e-01
4.500000000000000000e+03,1.000000000000000000e+01,7.720436052723929077e-01
4.500000000000000000e+03,1.100000000000000000e+01,7.973371838234946107e-01
4.500000000000000000e+03,1.200000000000000000e+01,8.224425144244116304e-01
4.500000000000000000e+03,1.300000000000000000e+01,8.473479882790962980e-01
4.500000000000000000e+03,1.400000000000000000e+01,8.720429633559491078e-01
4.500000000000000000e+03,1.500000000000000000e+01,8.965177685056660017e-01
4.500000000000000000e+03,1.600000000000000000e+01,9.207636977380257992e-01
4.500000000000000000e+03,1.700000000000000000e+01,9.447729956729955525e-01
4.500000000000000000e+03,1.800000000000000000e+01,9.685388352546748791e-01
4.500000000000000000e+03,1.900000000000000000e+01,9.920552888487701448e-01
4.500000000000000000e+03,2.000000000000000000e+01,1.015317293840883428e+00
4.500000000000000000e+03,2.100000000000000000e+01,1.038320613819579519e+00
4.500000000000000000e+03,2.200000000000000000e+01,1.061061796370924792e+00
4.500000000000000000e+03,2.300000000000000000e+01,1.083538128436288384e+00
4.500000000000000000e+03,2.400000000000000000e+01,1.105747590097824196e+00
4.500000000000000000e+03,2.500000000000000000e+01,1.127688807561624484e+00
4.500000000000000000e+03,2.600000000000000000e+01,1.149361006010979569e+00
4.500000000000000000e+03,2.700000000000000000e+01,1.170763962905359890e+00
4.500000000000000000e+03,2.800000000000000000e+01,1.191897962207115746e+00
4.500000000000000000e+03,2.900000000000000000e+01,1.212763749929771651e+00
4.500000000000000000e+03,3.000000000000000000e+01,1.233362491320563858e+00
4.666666666666666060e+03,-3.000000000000000000e+01,-2.152554477219576490e-01
4.666666666666666060e+03,-2.900000000000000000e+01,-1.943896599993008567e-01
4.666666666666666060e+03,-2.800000000000000000e+01,-1.732556606975457769e-01
4.666666666666666060e+03,-2.700000000000000000e+01,-1.518527038031635690e-01
4.666666666666666060e+03,-2.600000000000000000e+01,-1.301805053538103718e-01
4.666666666666666060e+03,-2.500000000000000000e+01,-1.082392878900114153e-01
4.666666666666666060e+03,-2.400000000000000000e+01,-8.602982622847360483e-02
4.666666666666666060e+03,-2.300000000000000000e+01,-6.355349416310956956e-02
4.666666666666666060e+03,-2.200000000000000000e+01,-4.081231161176418487e-02
4.666666666666666060e+03,-2.100000000000000000e+01,-1.780899163306842725e-02
4.666666666666666060e+03,-2.000000000000000000e+01,5.453013359044689423e-03
4.666666666666666060e+03,-1.900000000000000000e+01,2.896946695313923348e-02
4.666666666666666060e+03,-1.800000000000000000e+01,5.273530653482055852e-02
4.666666666666666060e+03,-1.700000000000000000e+01,7.674460446978903505e-02
4.666666666666666060e+03,-1.600000000000000000e+01,1.009905337021482774e-01
4.666666666666666060e+03,-1.500000000000000000e+01,1.254653388518657819e-01
4.666666666666666060e+03,-1.400000000000000000e+01,1.501603139287182032e-01
4.666666666666666060e+03,-1.300000000000000000e+01,1.750657877834035925e-01
4.666666666666666060e+03,-1.200000000000000000e+01,2.001711183843200015e-01
4.666666666666666060e+03,-1.100000000000000000e+01,2.254646969354229813e-01
4.666666666666666060e+03,-1.000000000000000000e+01,2.509339627329560951e-01
4.666666666666666060e+03,-9.000000000000000000e+00,2.765654294946919833e-01
4.666666666666666060e+03,-8.000000000000000000e+00,3.023447236846945607e-01
4.666666666666666060e+03,-7.000000000000000000e+00,3.282566351029417850e-01
4.666666666666666060e+03,-6.000000000000000000e+00,3.542851797179955020e-01
4.666666666666666060e+03,-5.000000000000000000e+00,3.804136744017722060e-01
4.666666666666666060e+03,-4.000000000000000000e+00,4.066248228898579065e-01
4.666666666666666060e+03,-3.000000000000000000e+00,4.329008119534211163e-01
4.666666666666666060e+03,-2.000000000000000000e+00,4.592234164449339184e-01
4.666666666666666060e+03,-1.000000000000000000e+00,4.855741115864432578e-01
4.666666666666666060e+03,0.000000000000000000e+00,5.119341906213717985e-01
4.666666666666666060e+03,1.000000000000000000e+00,5.382848857628805828e-01
4.666666666666666060e+03,2.000000000000000000e+00,5.646074902543940510e-01
4.666666666666666060e+03,3.000000000000000000e+00,5.908834793179578160e-01
4.666666666666666060e+03,4.000000000000000000e+00,6.170946278060427392e-01
4.666666666666666060e+03,5.000000000000000000e+00,6.432231224898176114e-01
4.666666666666666060e+03,6.000000000000000000e+00,6.692516671048730492e-01
4.666666666666666060e+03,7.000000000000000000e+00,6.951635785231189413e-01
4.666666666666666060e+03,8.000000000000000000e+00,7.209428727131239611e-01
4.666666666666666060e+03,9.000000000000000000e+00,7.465743394748580730e-01
4.666666666666666060e+03,1.000000000000000000e+01,7.720436052723929077e-01
4.666666666666666060e+03,1.100000000000000000e+01,7.973371838234946107e-01
4.666666666666666060e+03,1.200000000000000000e+01,8.224425144244116304e-01
4.666666666666666060e+03,1.300000000000000000e+01,8.473479882790962980e-01
4.666666666666666060e+03,1.400000000000000000e+01,8.720429633559491078e-01
4.666666666666666060e+03,1.500000000000000000e+01,8.965177685056660017e-01
4.666666666666666060e+03,1.600000000000000000e+01,9.207636977380257992e-01
4.666666666666666060e+03,1.700000000000000000e+01,9.447729956729955525e-01
4.666666666666666060e+03,1.800000000000000000e+01,9.685388352546748791e-01
4.666666666666666060e+03,1.900000000000000000e+01,9.920552888487701448e-01
4.666666666666666060e+03,2.000000000000000000e+01,1.015317293840883428e+00
4.666666666666666060e+03,2.100000000000000000e+01,1.038320613819579519e+00
4.666666666666666060e+03,2.200000000000000000e+01,1.061061796370924792e+00
4.666666666666666060e+03,2.300000000000000000e+01,1.083538128436288384e+00
4.666666666666666060e+03,2.400000000000000000e+01,1.105747590097824196e+00
4.666666666666666060e+03,2.500000000000000000e+01,1.127688807561624484e+00
4.666666666666666060e+03,2.600000000000000000e+01,1.149361006010979569e+00
4.666666666666666060e+03,2.700000000000000000e+01,1.170763962905359890e+00
4.666666666666666060e+03,2.800000000000000000e+01,1.191897962207115746e+00
4.666666666666666060e+03,2.900000000000000000e+01,1.212763749929771651e+00
4.666666666666666060e+03,3.000000000000000000e+01,1.233362491320563858e+00
4.833333333333333030e+03,-3.000000000000000000e+01,-2.152554477219576490e-01
4.833333333333333030e+03,-2.900000000000000000e+01,-1.943896599993008567e-01
4.833333333333333030e+03,-2.800000000000000000e+01,-1.732556606975457769e-01
4.833333333333333030e+03,-2.700000000000000000e+01,-1.518527038031635690e-01
4.833333333333333030e+03,-2.600000000000000000e+01,-1.301805053538103718e-01
4.833333333333333030e+03,-2.500000000000000000e+01,-1.082392878900114153e-01
4.833333333333333030e+03,-2.400000000000000000e+01,-8.602982622847360483e-02
4.833333333333333030e+03,-2.300000000000000000e+01,-6.355349416310956956e-02
4.833333333333333030e+03,-2.200000000000000000e+01,-4.081231161176418487e-02
4.833333333333333030e+03,-2.100000000000000000e+01,-1.780899163306842725e-02
4.833333333333333030e+03,-2.000000000000000000e+01,5.453013359044689423e-03
4.833333333333333030e+03,-1.900000000000000000e+01,2.896946695313923348e-02
4.833333333333333030e+03,-1.800000000000000000e+01,5.273530653482055852e-02
4.833333333333333030e+03,-1.700000000000000000e+01,7.674460446978903505e-02
4.833333333333333030e+03,-1.600000000000000000e+01,1.009905337021482774e-01
4.833333333333333030e+03,-1.500000000000000000e+01,1.254653388518657819e-01
4.833333333333333030e+03,-1.400000000000000000e+01,1.501603139287182032e-01
4.833333333333333030e+03,-1.300000000000000000e+01,1.750657877834035925e-01
4.833333333333333030e+03,-1.200000000000000000e+01,2.001711183843200015e-01
4.833333333333333030e+03,-1.100000000000000000e+01,2.254646969354229813e-01
4.833333333333333030e+03,-1.000000000000000000e+01,2.509339627329560951e-01
4.833333333333333030e+03,-9.000000000000000000e+00,2.765654294946919833e-01
4.833333333333333030e+03,-8.000000000000000000e+00,3.023447236846945607e-01
4.833333333333333030e+03,-7.000000000000000000e+00,3.282566351029417850e-01
4.833333333333333030e+03,-6.000000000000000000e+00,3.542851797179955020e-01
4.833333333333333030e+03,-5.000000000000000000e+00,3.804136744017722060e-01
4.833333333333333030e+03,-4.000000000000000000e+00,4.066248228898579065e-01
4.833333333333333030e+03,-3.000000000000000000e+00,4.329008119534211163e-01
4.833333333333333030e+03,-2.000000000000000000e+00,4.592234164449339184e-01
4.833333333333333030e+03,-1.000000000000000000e+00,4.855741115864432578e-01
4.833333333333333030e+03,0.000000000000000000e+00,5.119341906213717985e-01
4.833333333333333030e+03,1.000000000000000000e+00,5.382848857628805828e-01
4.833333333333333030e+03,2.000000000000000000e+00,5.646074902543940510e-01
4.833333333333333030e+03,3.000000000000000000e+00,5.908834793179578160e-01
4.833333333333333030e+03,4.000000000000000000e+00,6.170946278060427392e-01
4.833333333333333030e+03,5.000000000000000000e+00,6.432231224898176114e-01
4.833333333333333030e+03,6.000000000000000000e+00,6.692516671048730492e-01
4.833333333333333030e+03,7.000000000000000000e+00,6.951635785231189413e-01
4.833333333333333030e+03,8.000000000000000000e+00,7.209428727131239611e-01
4.833333333333333030e+03,9.000000000000000000e+00,7.465743394748580730e-01
4.833333333333333030e+03,1.000000000000000000e+01,7.720436052723929077e-01
4.833333333333333030e+03,1.100000000000000000e+01,7.973371838234946107e-01
4.833333333333333030e+03,1.200000000000000000e+01,8.224425144244116304e-01
4.833333333333333030e+03,1.300000000000000000e+01,8.473479882790962980e-01
4.833333333333333030e+03,1.400000000000000000e+01,8.720429633559491078e-01
4.833333333333333030e+03,1.500000000000000000e+01,8.965177685056660017e-01
4.833333333333333030e+03,1.600000000000000000e+01,9.207636977380257992e-01
4.833333333333333030e+03,1.700000000000000000e+01,9.447729956729955525e-01
4.833333333333333030e+03,1.800000000000000000e+01,9.685388352546748791e-01
4.833333333333333030e+03,1.900000000000000000e+01,9.920552888487701448e-01
4.833333333333333030e+03,2.000000000000000000e+01,1.015317293840883428e+00
4.833333333333333030e+03,2.100000000000000000e+01,1.038320613819579519e+00
4.833333333333333030e+03,2.200000000000000000e+01,1.061061796370924792e+00
4.833333333333333030e+03,2.300000000000000000e+01,1.083538128436288384e+00
4.833333333333333030e+03,2.400000000000000000e+01,1.105747590097824196e+00
4.833333333333333030e+03,2.500000000000000000e+01,1.127688807561624484e+00
4.833333333333333030e+03,2.600000000000000000e+01,1.149361006010979569e+00
4.833333333333333030e+03,2.700000000000000000e+01,1.170763962905359890e+00
4.833333333333333030e+03,2.800000000000000000e+01,1.191897962207115746e+00
4.833333333333333030e+03,2.900000000000000000e+01,1.212763749929771651e+00
4.833333333333333030e+03,3.000000000000000000e+01,1.233362491320563858e+00
5.000000000000000000e+03,-3.000000000000000000e+01,-2.152554477219576490e-01
5.000000000000000000e+03,-2.900000000000000000e+01,-1.943896599993008567e-01
5.000000000000000000e+03,-2.800000000000000000e+01,-1.732556606975457769e-01
5.000000000000000000e+03,-2.700000000000000000e+01,-1.518527038031635690e-01
5.000000000000000000e+03,-2.600000000000000000e+01,-1.301805053538103718e-01
5.000000000000000000e+03,-2.500000000000000000e+01,-1.082392878900114153e-01
5.000000000000000000e+03,-2.400000000000000000e+01,-8.602982622847360483e-02
5.000000000000000000e+03,-2.300000000000000000e+01,-6.355349416310956956e-02
5.000000000000000000e+03,-2.200000000000000000e+01,-4.081231161176418487e-02
5.000000000000000000e+03,-2.100000000000000000e+01,-1.780899163306842725e-02
5.000000000000000000e+03,-2.000000000000000000e+01,5.453013359044689423e-03
5.000000000000000000e+03,-1.900000000000000000e+01,2.896946695313923348e-02
5.000000000000000000e+03,-1.800000000000000000e+01,5.273530653482055852e-02
5.000000000000000000e+03,-1.700000000000000000e+01,7.674460446978903505e-02
5.000000000000000000e+03,-1.600000000000000000e+01,1.009905337021482774e-01
5.000000000000000000e+03,-1.500000000000000000e+01,1.254653388518657819e-01
5.000000000000000000e+03,-1.400000000000000000e+01,1.501603139287182032e-01
5.000000000000000000e+03,-1.300000000000000000e+01,1.750657877834035925e-01
5.000000000000000000e+03,-1.200000000000000000e+01,2.001711183843200015e-01
5.000000000000000000e+03,-1.100000000000000000e+01,2.254646969354229813e-01
5.000000000000000000e+03,-1.000000000000000000e+01,2.509339627329560951e-01
5.000000000000000000e+03,-9.000000000000000000e+00,2.765654294946919833e-01
5.000000000000000000e+03,-8.000000000000000000e+00,3.023447236846945607e-01
5.000000000000000000e+03,-7.000000000000000000e+00,3.282566351029417850e-01
5.000000000000000000e+03,-6.000000000000000000e+00,3.542851797179955020e-01
5.000000000000000000e+03,-5.000000000000000000e+00,3.804136744017722060e-01
5.000000000000000000e+03,-4.000000000000000000e+00,4.066248228898579065e-01
5.000000000000000000e+03,-3.000000000000000000e+00,4.329008119534211163e-01
5.000000000000000000e+03,-2.000000000000000000e+00,4.592234164449339184e-01
5.000000000000000000e+03,-1.000000000000000000e+00,4.855741115864432578e-01
5.000000000000000000e+03,0.000000000000000000e+00,5.119341906213717985e-01
5.000000000000000000e+03,1.000000000000000000e+00,5.382848857628805828e-01
5.000000000000000000e+03,2.000000000000000000e+00,5.646074902543940510e-01
5.000000000000000000e+03,3.000000000000000000e+00,5.908834793179578160e-01
5.000000000000000000e+03,4.000000000000000000e+00,6.170946278060427392e-01
5.000000000000000000e+03,5.000000000000000000e+00,6.432231224898176114e-01
5.000000000000000000e+03,6.000000000000000000e+00,6.692516671048730492e-01
5.000000000000000000e+03,7.000000000000000000e+00,6.951635785231189413e-01
5.000000000000000000e+03,8.000000000000000000e+00,7.209428727131239611e-01
5.000000000000000000e+03,9.000000000000000000e+00,7.465743394748580730e-01
5.000000000000000000e+03,1.000000000000000000e+01,7.720436052723929077e-01
5.000000000000000000e+03,1.100000000000000000e+01,7.973371838234946107e-01
5.000000000000000000e+03,1.200000000000000000e+01,8.224425144244116304e-01
5.000000000000000000e+03,1.300000000000000000e+01,8.473479882790962980e-01
5.000000000000000000e+03,1.400000000000000000e+01,8.720429633559491078e-01
5.000000000000000000e+03,1.500000000000000000e+01,8.965177685056660017e-01
5.000000000000000000e+03,1.600000000000000000e+01,9.207636977380257992e-01
5.000000000000000000e+03,1.700000000000000000e+01,9.447729956729955525e-01
5.000000000000000000e+03,1.800000000000000000e+01,9.685388352546748791e-01
5.000000000000000000e+03,1.900000000000000000e+01,9.920552888487701448e-01
5.000000000000000000e+03,2.000000000000000000e+01,1.015317293840883428e+00
5.000000000000000000e+03,2.100000000000000000e+01,1.038320613819579519e+00
5.000000000000000000e+03,2.200000000000000000e+01,1.061061796370924792e+00
5.000000000000000000e+03,2.300000000000000000e+01,1.083538128436288384e+00
5.000000000000000000e+03,2.400000000000000000e+01,1.105747590097824196e+00
5.000000000000000000e+03,2.500000000000000000e+01,1.127688807561624484e+00
5.000000000000000000e+03,2.600000000000000000e+01,1.149361006010979569e+00
5.000000000000000000e+03,2.700000000000000000e+01,1.170763962905359890e+00
5.000000000000000000e+03,2.800000000000000000e+01,1.191897962207115746e+00
5.000000000000000000e+03,2.900000000000000000e+01,1.212763749929771651e+00
5.000000000000000000e+03,3.000000000000000000e+01,1.233362491320563858e+00
5.166666666666666060e+03,-3.000000000000000000e+01,-2.152554477219576490e-01
5.166666666666666060e+03,-2.900000000000000000e+01,-1.943896599993008567e-01
5.166666666666666060e+03,-2.800000000000000000e+01,-1.732556606975457769e-01
5.166666666666666060e+03,-2.700000000000000000e+01,-1.518527038031635690e-01
5.166666666666666060e+03,-2.600000000000000000e+01,-1.301805053538103718e-01
5.166666666666666060e+03,-2.500000000000000000e+01,-1.082392878900114153e-01
5.166666666666666060e+03,-2.400000000000000000e+01,-8.602982622847360483e-02
5.166666666666666060e+03,-2.300000000000000000e+01,-6.355349416310956956e-02
5.166666666666666060e+03,-2.200000000000000000e+01,-4.081231161176418487e-02
5.166666666666666060e+03,-2.100000000000000000e+01,-1.780899163306842725e-02
5.166666666666666060e+03,-2.000000000000000000e+01,5.453013359044689423e-03
5.166666666666666060e+03,-1.900000000000000000e+01,2.896946695313923348e-02
5.166666666666666060e+03,-1.800000000000000000e+01,5.273530653482055852e-02
5.166666666666666060e+03,-1.700000000000000000e+01,7.674460446978903505e-02
5.166666666666666060e+03,-1.600000000000000000e+01,1.009905337021482774e-01
5.166666666666666060e+03,-1.500000000000000000e+01,1.254653388518657819e-01
5.166666666666666060e+03,-1.400000000000000000e+01,1.501603139287182032e-01
5.166666666666666060e+03,-1.300000000000000000e+01,1.750657877834035925e-01
5.166666666666666060e+03,-1.200000000000000000e+01,2.001711183843200015e-01
5.166666666666666060e+03,-1.100000000000000000e+01,2.254646969354229813e-01
5.166666666666666060e+03,-1.000000000000000000e+01,2.509339627329560951e-01
5.166666666666666060e+03,-9.000000000000000000e+00,2.765654294946919833e-01
5.166666666666666060e+03,-8.000000000000000000e+00,3.023447236846945607e-01
5.166666666666666060e+03,-7.000000000000000000e+00,3.282566351029417850e-01
5.166666666666666060e+03,-6.000000000000000000e+00,3.542851797179955020e-01
5.166666666666666060e+03,-5.000000000000000000e+00,3.804136744017722060e-01
5.166666666666666060e+03,-4.000000000000000000e+00,4.066248228898579065e-01
5.166666666666666060e+03,-3.000000000000000000e+00,4.329008119534211163e-01
5.166666666666666060e+03,-2.000000000000000000e+00,4.592234164449339184e-01
5.166666666666666060e+03,-1.000000000000000000e+00,4.855741115864432578e-01
5.166666666666666060e+03,0.000000000000000000e+00,5.119341906213717985e-01
5.166666666666666060e+03,1.000000000000000000e+00,5.382848857628805828e-01
5.166666666666666060e+03,2.000000000000000000e+00,5.646074902543940510e-01
5.166666666666666060e+03,3.000000000000000000e+00,5.908834793179578160e-01
5.166666666666666060e+03,4.000000000000000000e+00,6.170946278060427392e-01
5.166666666666666060e+03,5.000000000000000000e+00,6.432231224898176114e-01
5.166666666666666060e+03,6.000000000000000000e+00,6.692516671048730492e-01
5.166666666666666060e+03,7.000000000000000000e+00,6.951635785231189413e-01
5.166666666666666060e+03,8.000000000000000000e+00,7.209428727131239611e-01
5.166666666666666060e+03,9.000000000000000000e+00,7.465743394748580730e-01
5.166666666666666060e+03,1.000000000000000000e+01,7.720436052723929077e-01
5.166666666666666060e+03,1.100000000000000000e+01,7.973371838234946107e-01
5.166666666666666060e+03,1.200000000000000000e+01,8.224425144244116304e-01
5.166666666666666060e+03,1.300000000000000000e+01,8.473479882790962980e-01
5.166666666666666060e+03,1.400000000000000000e+01,8.720429633559491078e-01
5.166666666666666060e+03,1.500000000000000000e+01,8.965177685056660017e-01
5.166666666666666060e+03,1.600000000000000000e+01,9.207636977380257992e-01
5.166666666666666060e+03,1.700000000000000000e+01,9.447729956729955525e-01
5.166666666666666060e+03,1.800000000000000000e+01,9.685388352546748791e-01
5.166666666666666060e+03,1.900000000000000000e+01,9.920552888487701448e-01
5.166666666666666060e+03,2.000000000000000000e+01,1.015317293840883428e+00
5.166666666666666060e+03,2.100000000000000000e+01,1.038320613819579519e+00
5.166666666666666060e+03,2.200000000000000000e+01,1.061061796370924792e+00
5.166666666666666060e+03,2.300000000000000000e+01,1.083538128436288384e+00
5.166666666666666060e+03,2.400000000000000000e+01,1.105747590097824196e+00
5.166666666666666060e+03,2.500000000000000000e+01,1.127688807561624484e+00
5.166666666666666060e+03,2.600000000000000000e+01,1.149361006010979569e+00
5.166666666666666060e+03,2.700000000000000000e+01,1.170763962905359890e+00
5.166666666666666060e+03,2.800000000000000000e+01,1.191897962207115746e+00
5.166666666666666060e+03,2.900000000000000000e+01,1.212763749929771651e+00
5.166666666666666060e+03,3.000000000000000000e+01,1.233362491320563858e+00
5.333333333333333030e+03,-3.000000000000000000e+01,-2.152554477219576490e-01
5.333333333333333030e+03,-2.900000000000000000e+01,-1.943896599993008567e-01
5.333333333333333030e+03,-2.800000000000000000e+01,-1.732556606975457769e-01
5.333333333333333030e+03,-2.700000000000000000e+01,-1.518527038031635690e-01
5.333333333333333030e+03,-2.600000000000000000e+01,-1.301805053538103718e-01
5.333333333333333030e+03,-2.500000000000000000e+01,-1.082392878900114153e-01
5.333333333333333030e+03,-2.400000000000000000e+01,-8.602982622847360483e-02
5.333333333333333030e+03,-2.300000000000000000e+01,-6.355349416310956956e-02
5.333333333333333030e+03,-2.200000000000000000e+01,-4.081231161176418487e-02
5.333333333333333030e+03,-2.100000000000000000e+01,-1.780899163306842725e-02
5.333333333333333030e+03,-2.000000000000000000e+01,5.453013359044689423e-03
5.333333333333333030e+03,-1.900000000000000000e+01,2.896946695313923348e-02
5.333333333333333030e+03,-1.800000000000000000e+01,5.273530653482055852e-02
5.333333333333333030e+03,-1.700000000000000000e+01,7.674460446978903505e-02
5.333333333333333030e+03,-1.600000000000000000e+01,1.009905337021482774e-01
5.333333333333333030e+03,-1.500000000000000000e+01,1.254653388518657819e-01
5.333333333333333030e+03,-1.400000000000000000e+01,1.501603139287182032e-01
5.333333333333333030e+03,-1.300000000000000000e+01,1.750657877834035925e-01
5.333333333333333030e+03,-1.200000000000000000e+01,2.001711183843200015e-01
5.333333333333333030e+03,-1.100000000000000000e+01,2.254646969354229813e-01
5.333333333333333030e+03,-1.000000000000000000e+01,2.509339627329560951e-01
5.333333333333333030e+03,-9.000000000000000000e+00,2.765654294946919833e-01
5.333333333333333030e+03,-8.000000000000000000e+00,3.023447236846945607e-01
5.333333333333333030e+03,-7.000000000000000000e+00,3.282566351029417850e-01
5.333333333333333030e+03,-6.000000000000000000e+00,3.542851797179955020e-01
5.333333333333333030e+03,-5.000000000000000000e+00,3.804136744017722060e-01
5.333333333333333030e+03,-4.000000000000000000e+00,4.066248228898579065e-01
5.333333333333333030e+03,-3.000000000000000000e+00,4.329008119534211163e-01
5.333333333333333030e+03,-2.000000000000000000e+00,4.592234164449339184e-01
5.333333333333333030e+03,-1.000000000000000000e+00,4.855741115864432578e-01
5.333333333333333030e+03,0.000000000000000000e+00,5.119341906213717985e-01
5.333333333333333030e+03,1.000000000000000000e+00,5.382848857628805828e-01
5.333333333333333030e+03,2.000000000000000000e+00,5.646074902543940510e-01
5.333333333333333030e+03,3.000000000000000000e+00,5.908834793179578160e-01
5.333333333333333030e+03,4.000000000000000000e+00,6.170946278060427392e-01
5.333333333333333030e+03,5.000000000000000000e+00,6.432231224898176114e-01
5.333333333333333030e+03,6.000000000000000000e+00,6.692516671048730492e-01
5.333333333333333030e+03,7.000000000000000000e+00,6.951635785231189413e-01
5.333333333333333030e+03,8.000000000000000000e+00,7.209428727131239611e-01
5.333333333333333030e+03,9.000000000000000000e+00,7.465743394748580730e-01
5.333333333333333030e+03,1.000000000000000000e+01,7.720436052723929077e-01
5.333333333333333030e+03,1.100000000000000000e+01,7.973371838234946107e-01
5.333333333333333030e+03,1.200000000000000000e+01,8.224425144244116304e-01
5.333333333333333030e+03,1.300000000000000000e+01,8.473479882790962980e-01
5.333333333333333030e+03,1.400000000000000000e+01,8.720429633559491078e-01
5.333333333333333030e+03,1.500000000000000000e+01,8.965177685056660017e-01
5.333333333333333030e+03,1.600000000000000000e+01,9.207636977380257992e-01
5.333333333333333030e+03,1.700000000000000000e+01,9.447729956729955525e-01
5.333333333333333030e+03,1.800000000000000000e+01,9.685388352546748791e-01
5.333333333333333030e+03,1.900000000000000000e+01,9.920552888487701448e-01
5.333333333333333030e+03,2.000000000000000000e+01,1.015317293840883428e+00
5.333333333333333030e+03,2.100000000000000000e+01,1.038320613819579519e+00
5.333333333333333030e+03,2.200000000000000000e+01,1.061061796370924792e+00
5.333333333333333030e+03,2.300000000000000000e+01,1.083538128436288384e+00
5.333333333333333030e+03,2.400000000000000000e+01,1.105747590097824196e+00
5.333333333333333030e+03,2.500000000000000000e+01,1.127688807561624484e+00
5.333333333333333030e+03,2.600000000000000000e+01,1.149361006010979569e+00
5.333333333333333030e+03,2.700000000000000000e+01,1.170763962905359890e+00
5.333333333333333030e+03,2.800000000000000000e+01,1.191897962207115746e+00
5.333333333333333030e+03,2.900000000000000000e+01,1.212763749929771651e+00
5.333333333333333030e+03,3.000000000000000000e+01,1.233362491320563858e+00
5.500000000000000000e+03,-3.000000000000000000e+01,-2.152554477219576490e-01
5.500000000000000000e+03,-2.900000000000000000e+01,-1.943896599993008567e-01
5.500000000000000000e+03,-2.800000000000000000e+01,-1.732556606975457769e-01
5.500000000000000000e+03,-2.700000000000000000e+01,-1.518527038031635690e-01
5.500000000000000000e+03,-2.600000000000000000e+01,-1.301805053538103718e-01
5.500000000000000000e+03,-2.500000000000000000e+01,-1.082392878900114153e-01
5.500000000000000000e+03,-2.400000000000000000e+01,-8.602982622847360483e-02
5.500000000000000000e+03,-2.300000000000000000e+01,-6.355349416310956956e-02
5.500000000000000000e+03,-2.200000000000000000e+01,-4.081231161176418487e-02
5.500000000000000000e+03,-2.100000000000000000e+01,-1.780899163306842725e-02
5.500000000000000000e+03,-2.000000000000000000e+01,5.453013359044689423e-03
5.500000000000000000e+03,-1.900000000000000000e+01,2.896946695313923348e-02
5.500000000000000000e+03,-1.800000000000000000e+01,5.273530653482055852e-02
5.500000000000000000e+03,-1.700000000000000000e+01,7.674460446978903505e-02
5.500000000000000000e+03,-1.600000000000000000e+01,1.009905337021482774e-01
5.500000000000000000e+03,-1.500000000000000000e+01,1.254653388518657819e-01
5.500000000000000000e+03,-1.400000000000000000e+01,1.501603139287182032e-01
5.500000000000000000e+03,-1.300000000000000000e+01,1.750657877834035925e-01
5.500000000000000000e+03,-1.200000000000000000e+01,2.001711183843200015e-01
5.500000000000000000e+03,-1.100000000000000000e+01,2.254646969354229813e-01
5.500000000000000000e+03,-1.000000000000000000e+01,2.509339627329560951e-01
5.500000000000000000e+03,-9.000000000000000000e+00,2.765654294946919833e-01
5.500000000000000000e+03,-8.000000000000000000e+00,3.023447236846945607e-01
5.500000000000000000e+03,-7.000000000000000000e+00,3.282566351029417850e-01
5.500000000000000000e+03,-6.000000000000000000e+00,3.542851797179955020e-01
5.500000000000000000e+03,-5.000000000000000000e+00,3.804136744017722060e-01
5.500000000000000000e+03,-4.000000000000000000e+00,4.066248228898579065e-01
5.500000000000000000e+03,-3.000000000000000000e+00,4.329008119534211163e-01
5.500000000000000000e+03,-2.000000000000000000e+00,4.592234164449339184e-01
5.500000000000000000e+03,-1.000000000000000000e+00,4.855741115864432578e-01
5.500000000000000000e+03,0.000000000000000000e+00,5.119341906213717985e-01
5.500000000000000000e+03,1.000000000000000000e+00,5.382848857628805828e-01
5.500000000000000000e+03,2.000000000000000000e+00,5.646074902543940510e-01
5.500000000000000000e+03,3.000000000000000000e+00,5.908834793179578160e-01
5.500000000000000000e+03,4.000000000000000000e+00,6.170946278060427392e-01
5.500000000000000000e+03,5.000000000000000000e+00,6.432231224898176114e-01
5.500000000000000000e+03,6.000000000000000000e+00,6.692516671048730492e-01
5.500000000000000000e+03,7.000000000000000000e+00,6.951635785231189413e-01
5.500000000000000000e+03,8.000000000000000000e+00,7.209428727131239611e-01
5.500000000000000000e+03,9.000000000000000000e+00,7.465743394748580730e-01
5.500000000000000000e+03,1.000000000000000000e+01,7.720436052723929077e-01
5.500000000000000000e+03,1.100000000000000000e+01,7.973371838234946107e-01
5.500000000000000000e+03,1.200000000000000000e+01,8.224425144244116304e-01
5.500000000000000000e+03,1.300000000000000000e+01,8.473479882790962980e-01
5.500000000000000000e+03,1.400000000000000000e+01,8.720429633559491078e-01
5.500000000000000000e+03,1.500000000000000000e+01,8.965177685056660017e-01
5.500000000000000000e+03,1.600000000000000000e+01,9.207636977380257992e-01
5.500000000000000000e+03,1.700000000000000000e+01,9.447729956729955525e-01
5.500000000000000000e+03,1.800000000000000000e+01,9.685388352546748791e-01
5.500000000000000000e+03,1.900000000000000000e+01,9.920552888487701448e-01
5.500000000000000000e+03,2.000000000000000000e+01,1.015317293840883428e+00
5.500000000000000000e+03,2.100000000000000000e+01,1.038320613819579519e+00
5.500000000000000000e+03,2.200000000000000000e+01,1.061061796370924792e+00
5.500000000000000000e+03,2.300000000000000000e+01,1.083538128436288384e+00
5.500000000000000000e+03,2.400000000000000000e+01,1.105747590097824196e+00
5.500000000000000000e+03,2.500000000000000000e+01,1.127688807561624484e+00
5.500000000000000000e+03,2.600000000000000000e+01,1.149361006010979569e+00
5.500000000000000000e+03,2.700000000000000000e+01,1.170763962905359890e+00
5.500000000000000000e+03,2.800000000000000000e+01,1.191897962207115746e+00
5.500000000000000000e+03,2.900000000000000000e+01,1.212763749929771651e+00
5.500000000000000000e+03,3.000000000000000000e+01,1.233362491320563858e+00
5.666666666666666060e+03,-3.000000000000000000e+01,-2.152554477219576490e-01
5.666666666666666060e+03,-2.900000000000000000e+01,-1.943896599993008567e-01
5.666666666666666060e+03,-2.800000000000000000e+01,-1.732556606975457769e-01
5.666666666666666060e+03,-2.700000000000000000e+01,-1.518527038031635690e-01
5.666666666666666060e+03,-2.600000000000000000e+01,-1.301805053538103718e-01
5.666666666666666060e+03,-2.500000000000000000e+01,-1.082392878900114153e-01
5.666666666666666060e+03,-2.400000000000000000e+01,-8.602982622847360483e-02
5.666666666666666060e+03,-2.300000000000000000e+01,-6.355349416310956956e-02
5.666666666666666060e+03,-2.200000000000000000e+01,-4.081231161176418487e-02
5.666666666666666060e+03,-2.100000000000000000e+01,-1.780899163306842725e-02
5.666666666666666060e+03,-2.000000000000000000e+01,5.453013359044689423e-03
5.666666666666666060e+03,-1.900000000000000000e+01,2.896946695313923348e-02
5.666666666666666060e+03,-1.800000000000000000e+01,5.273530653482055852e-02
5.666666666666666060e+03,-1.700000000000000000e+01,7.674460446978903505e-02
5.666666666666666060e+03,-1.600000000000000000e+01,1.009905337021482774e-01
5.666666666666666060e+03,-1.500000000000000000e+01,1.254653388518657819e-01
5.666666666666666060e+03,-1.400000000000000000e+01,1.501603139287182032e-01
5.666666666666666060e+03,-1.300000000000000000e+01,1.750657877834035925e-01
5.666666666666666060e+03,-1.200000000000000000e+01,2.001711183843200015e-01
5.666666666666666060e+03,-1.100000000000000000e+01,2.254646969354229813e-01
5.666666666666666060e+03,-1.000000000000000000e+01,2.509339627329560951e-01
5.666666666666666060e+03,-9.000000000000000000e+00,2.765654294946919833e-01
5.666666666666666060e+03,-8.000000000000000000e+00,3.023447236846945607e-01
5.666666666666666060e+03,-7.000000000000000000e+00,3.282566351029417850e-01
5.666666666666666060e+03,-6.000000000000000000e+00,3.542851797179955020e-01
5.666666666666666060e+03,-5.000000000000000000e+00,3.804136744017722060e-01
5.666666666666666060e+03,-4.000000000000000000e+00,4.066248228898579065e-01
5.666666666666666060e+03,-3.000000000000000000e+00,4.329008119534211163e-01
5.666666666666666060e+03,-2.000000000000000000e+00,4.592234164449339184e-01
5.666666666666666060e+03,-1.000000000000000000e+00,4.855741115864432578e-01
5.666666666666666060e+03,0.000000000000000000e+00,5.119341906213717985e-01
5.666666666666666060e+03,1.000000000000000000e+00,5.382848857628805828e-01
5.666666666666666060e+03,2.000000000000000000e+00,5.646074902543940510e-01
5.666666666666666060e+03,3.000000000000000000e+00,5.908834793179578160e-01
5.666666666666666060e+03,4.000000000000000000e+00,6.170946278060427392e-01
5.666666666666666060e+03,5.000000000000000000e+00,6.432231224898176114e-01
5.666666666666666060e+03,6.000000000000000000e+00,6.692516671048730492e-01
5.666666666666666060e+03,7.000000000000000000e+00,6.951635785231189413e-01
5.666666666666666060e+03,8.000000000000000000e+00,7.209428727131239611e-01
5.666666666666666060e+03,9.000000000000000000e+00,7.465743394748580730e-01
5.666666666666666060e+03,1.000000000000000000e+01,7.720436052723929077e-01
5.666666666666666060e+03,1.100000000000000000e+01,7.973371838234946107e-01
5.666666666666666060e+03,1.200000000000000000e+01,8.224425144244116304e-01
5.666666666666666060e+03,1.300000000000000000e+01,8.473479882790962980e-01
5.666666666666666060e+03,1.400000000000000000e+01,8.720429633559491078e-01
5.666666666666666060e+03,1.500000000000000000e+01,8.965177685056660017e-01
5.666666666666666060e+03,1.600000000000000000e+01,9.207636977380257992e-01
5.666666666666666060e+03,1.700000000000000000e+01,9.447729956729955525e-01
5.666666666666666060e+03,1.800000000000000000e+01,9.685388352546748791e-01
5.666666666666666060e+03,1.900000000000000000e+01,9.920552888487701448e-01
5.666666666666666060e+03,2.000000000000000000e+01,1.015317293840883428e+00
5.666666666666666060e+03,2.100000000000000000e+01,1.038320613819579519e+00
5.666666666666666060e+03,2.200000000000000000e+01,1.061061796370924792e+00
5.666666666666666060e+03,2.300000000000000000e+01,1.083538128436288384e+00
5.666666666666666060e+03,2.400000000000000000e+01,1.105747590097824196e+00
5.666666666666666060e+03,2.500000000000000000e+01,1.127688807561624484e+00
5.666666666666666060e+03,2.600000000000000000e+01,1.149361006010979569e+00
5.666666666666666060e+03,2.700000000000000000e+01,1.170763962905359890e+00
5.666666666666666060e+03,2.800000000000000000e+01,1.191897962207115746e+00
5.666666666666666060e+03,2.900000000000000000e+01,1.212763749929771651e+00
5.666666666666666060e+03,3.000000000000000000e+01,1.233362491320563858e+00
5.833333333333333030e+03,-3.000000000000000000e+01,-2.152554477219576490e-01
5.833333333333333030e+03,-2.900000000000000000e+01,-1.943896599993008567e-01
5.833333333333333030e+03,-2.800000000000000000e+01,-1.732556606975457769e-01
5.833333333333333030e+03,-2.700000000000000000e+01,-1.518527038031635690e-01
5.833333333333333030e+03,-2.600000000000000000e+01,-1.301805053538103718e-01
5.833333333333333030e+03,-2.500000000000000000e+01,-1.082392878900114153e-01
5.833333333333333030e+03,-2.400000000000000000e+01,-8.602982622847360483e-02
5.833333333333333030e+03,-2.300000000000000000e+01,-6.355349416310956956e-02
5.833333333333333030e+03,-2.200000000000000000e+01,-4.081231161176418487e-02
5.833333333333333030e+03,-2.100000000000000000e+01,-1.780899163306842725e-02
5.833333333333333030e+03,-2.000000000000000000e+01,5.453013359044689423e-03
5.833333333333333030e+03,-1.900000000000000000e+01,2.896946695313923348e-02
5.833333333333333030e+03,-1.800000000000000000e+01,5.273530653482055852e-02
5.833333333333333030e+03,-1.700000000000000000e+01,7.674460446978903505e-02
5.833333333333333030e+03,-1.600000000000000000e+01,1.009905337021482774e-01
5.833333333333333030e+03,-1.500000000000000000e+01,1.254653388518657819e-01
5.833333333333333030e+03,-1.400000000000000000e+01,1.501603139287182032e-01
5.833333333333333030e+03,-1.300000000000000000e+01,1.750657877834035925e-01
5.833333333333333030e+03,-1.200000000000000000e+01,2.001711183843200015e-01
5.833333333333333030e+03,-1.100000000000000000e+01,2.254646969354229813e-01
5.833333333333333030e+03,-1.000000000000000000e+01,2.509339627329560951e-01
5.833333333333333030e+03,-9.000000000000000000e+00,2.765654294946919833e-01
5.833333333333333030e+03,-8.000000000000000000e+00,3.023447236846945607e-01
5.833333333333333030e+03,-7.000000000000000000e+00,3.282566351029417850e-01
5.833333333333333030e+03,-6.000000000000000000e+00,3.542851797179955020e-01
5.833333333333333030e+03,-5.000000000000000000e+00,3.804136744017722060e-01
5.833333333333333030e+03,-4.000000000000000000e+00,4.066248228898579065e-01
5.833333333333333030e+03,-3.000000000000000000e+00,4.329008119534211163e-01
5.833333333333333030e+03,-2.000000000000000000e+00,4.592234164449339184e-01
5.833333333333333030e+03,-1.000000000000000000e+00,4.855741115864432578e-01
5.833333333333333030e+03,0.000000000000000000e+00,5.119341906213717985e-01
5.833333333333333030e+03,1.000000000000000000e+00,5.382848857628805828e-01
5.833333333333333030e+03,2.000000000000000000e+00,5.646074902543940510e-01
5.833333333333333030e+03,3.000000000000000000e+00,5.908834793179578160e-01
5.833333333333333030e+03,4.000000000000000000e+00,6.170946278060427392e-01
5.833333333333333030e+03,5.000000000000000000e+00,6.432231224898176114e-01
5.833333333333333030e+03,6.000000000000000000e+00,6.692516671048730492e-01
5.833333333333333030e+03,7.000000000000000000e+00,6.951635785231189413e-01
5.833333333333333030e+03,8.000000000000000000e+00,7.209428727131239611e-01
5.833333333333333030e+03,9.000000000000000000e+00,7.465743394748580730e-01
5.833333333333333030e+03,1.000000000000000000e+01,7.720436052723929077e-01
5.833333333333333030e+03,1.100000000000000000e+01,7.973371838234946107e-01
5.833333333333333030e+03,1.200000000000000000e+01,8.224425144244116304e-01
5.833333333333333030e+03,1.300000000000000000e+01,8.473479882790962980e-01
5.833333333333333030e+03,1.400000000000000000e+01,8.720429633559491078e-01
5.833333333333333030e+03,1.500000000000000000e+01,8.965177685056660017e-01
5.833333333333333030e+03,1.600000000000000000e+01,9.207636977380257992e-01
5.833333333333333030e+03,1.700000000000000000e+01,9.447729956729955525e-01
5.833333333333333030e+03,1.800000000000000000e+01,9.685388352546748791e-01
5.833333333333333030e+03,1.900000000000000000e+01,9.920552888487701448e-01
5.833333333333333030e+03,2.000000000000000000e+01,1.015317293840883428e+00
5.833333333333333030e+03,2.100000000000000000e+01,1.038320613819579519e+00
5.833333333333333030e+03,2.200000000000000000e+01,1.061061796370924792e+00
5.833333333333333030e+03,2.300000000000000000e+01,1.083538128436288384e+00
5.833333333333333030e+03,2.400000000000000000e+01,1.105747590097824196e+00
5.833333333333333030e+03,2.500000000000000000e+01,1.127688807561624484e+00
5.833333333333333030e+03,2.600000000000000000e+01,1.149361006010979569e+00
5.833333333333333030e+03,2.700000000000000000e+01,1.170763962905359890e+00
5.833333333333333030e+03,2.800000000000000000e+01,1.191897962207115746e+00
5.833333333333333030e+03,2.900000000000000000e+01,1.212763749929771651e+00
5.833333333333333030e+03,3.000000000000000000e+01,1.233362491320563858e+00
6.000000000000000000e+03,-3.000000000000000000e+01,-2.152554477219576490e-01
6.000000000000000000e+03,-2.900000000000000000e+01,-1.943896599993008567e-01
6.000000000000000000e+03,-2.800000000000000000e+01,-1.732556606975457769e-01
6.000000000000000000e+03,-2.700000000000000000e+01,-1.518527038031635690e-01
6.000000000000000000e+03,-2.600000000000000000e+01,-1.301805053538103718e-01
6.000000000000000000e+03,-2.500000000000000000e+01,-1.082392878900114153e-01
6.000000000000000000e+03,-2.400000000000000000e+01,-8.602982622847360483e-02
6.000000000000000000e+03,-2.300000000000000000e+01,-6.355349416310956956e-02
6.000000000000000000e+03,-2.200000000000000000e+01,-4.081231161176418487e-02
6.000000000000000000e+03,-2.100000000000000000e+01,-1.780899163306842725e-02
6.000000000000000000e+03,-2.000000000000000000e+01,5.453013359044689423e-03
6.000000000000000000e+03,-1.900000000000000000e+01,2.896946695313923348e-02
6.000000000000000000e+03,-1.800000000000000000e+01,5.273530653482055852e-02
6.000000000000000000e+03,-1.700000000000000000e+01,7.674460446978903505e-02
6.000000000000000000e+03,-1.600000000000000000e+01,1.009905337021482774e-01
6.000000000000000000e+03,-1.500000000000000000e+01,1.254653388518657819e-01
6.000000000000000000e+03,-1.400000000000000000e+01,1.501603139287182032e-01
6.000000000000000000e+03,-1.300000000000000000e+01,1.750657877834035925e-01
6.000000000000000000e+03,-1.200000000000000000e+01,2.001711183843200015e-01
6.000000000000000000e+03,-1.100000000000000000e+01,2.254646969354229813e-01
6.000000000000000000e+03,-1.000000000000000000e+01,2.509339627329560951e-01
6.000000000000000000e+03,-9.000000000000000000e+00,2.765654294946919833e-01
6.000000000000000000e+03,-8.000000000000000000e+00,3.023447236846945607e-01
6.000000000000000000e+03,-7.000000000000000000e+00,3.282566351029417850e-01
6.000000000000000000e+03,-6.000000000000000000e+00,3.542851797179955020e-01
6.000000000000000000e+03,-5.000000000000000000e+00,3.804136744017722060e-01
6.000000000000000000e+03,-4.000000000000000000e+00,4.066248228898579065e-01
6.000000000000000000e+03,-3.000000000000000000e+00,4.329008119534211163e-01
6.000000000000000000e+03,-2.000000000000000000e+00,4.592234164449339184e-01
6.000000000000000000e+03,-1.000000000000000000e+00,4.855741115864432578e-01
6.000000000000000000e+03,0.000000000000000000e+00,5.119341906213717985e-01
6.000000000000000000e+03,1.000000000000000000e+00,5.382848857628805828e-01
6.000000000000000000e+03,2.000000000000000000e+00,5.646074902543940510e-01
6.000000000000000000e+03,3.000000000000000000e+00,5.908834793179578160e-01
6.000000000000000000e+03,4.000000000000000000e+00,6.170946278060427392e-01
6.000000000000000000e+03,5.000000000000000000e+00,6.432231224898176114e-01
6.000000000000000000e+03,6.000000000000000000e+00,6.692516671048730492e-01
6.000000000000000000e+03,7.000000000000000000e+00,6.951635785231189413e-01
6.000000000000000000e+03,8.000000000000000000e+00,7.209428727131239611e-01
6.000000000000000000e+03,9.000000000000000000e+00,7.465743394748580730e-01
6.000000000000000000e+03,1.000000000000000000e+01,7.720436052723929077e-01
6.000000000000000000e+03,1.100000000000000000e+01,7.973371838234946107e-01
6.000000000000000000e+03,1.200000000000000000e+01,8.224425144244116304e-01
6.000000000000000000e+03,1.300000000000000000e+01,8.473479882790962980e-01
6.000000000000000000e+03,1.400000000000000000e+01,8.720429633559491078e-01
6.000000000000000000e+03,1.500000000000000000e+01,8.965177685056660017e-01
6.000000000000000000e+03,1.600000000000000000e+01,9.207636977380257992e-01
6.000000000000000000e+03,1.700000000000000000e+01,9.447729956729955525e-01
6.000000000000000000e+03,1.800000000000000000e+01,9.685388352546748791e-01
6.000000000000000000e+03,1.900000000000000000e+01,9.920552888487701448e-01
6.000000000000000000e+03,2.000000000000000000e+01,1.015317293840883428e+00
6.000000000000000000e+03,2.100000000000000000e+01,1.038320613819579519e+00
6.000000000000000000e+03,2.200000000000000000e+01,1.061061796370924792e+00
6.000000000000000000e+03,2.300000000000000000e+01,1.083538128436288384e+00
6.000000000000000000e+03,2.400000000000000000e+01,1.105747590097824196e+00
6.000000000000000000e+03,2.500000000000000000e+01,1.127688807561624484e+00
6.000000000000000000e+03,2.600000000000000000e+01,1.149361006010979569e+00
6.000000000000000000e+03,2.700000000000000000e+01,1.170763962905359890e+00
6.000000000000000000e+03,2.800000000000000000e+01,1.191897962207115746e+00
6.000000000000000000e+03,2.900000000000000000e+01,1.212763749929771651e+00
6.000000000000000000e+03,3.000000000000000000e+01,1.233362491320563858e+00
6.166666666666666060e+03,-3.000000000000000000e+01,-2.152554477219576490e-01
6.166666666666666060e+03,-2.900000000000000000e+01,-1.943896599993008567e-01
6.166666666666666060e+03,-2.800000000000000000e+01,-1.732556606975457769e-01
6.166666666666666060e+03,-2.700000000000000000e+01,-1.518527038031635690e-01
6.166666666666666060e+03,-2.600000000000000000e+01,-1.301805053538103718e-01
6.166666666666666060e+03,-2.500000000000000000e+01,-1.082392878900114153e-01
6.166666666666666060e+03,-2.400000000000000000e+01,-8.602982622847360483e-02
6.166666666666666060e+03,-2.300000000000000000e+01,-6.355349416310956956e-02
6.166666666666666060e+03,-2.200000000000000000e+01,-4.081231161176418487e-02
6.166666666666666060e+03,-2.100000000000000000e+01,-1.780899163306842725e-02
6.166666666666666060e+03,-2.000000000000000000e+01,5.453013359044689423e-03
6.166666666666666060e+03,-1.900000000000000000e+01,2.896946695313923348e-02
6.166666666666666060e+03,-1.800000000000000000e+01,5.273530653482055852e-02
6.166666666666666060e+03,-1.700000000000000000e+01,7.674460446978903505e-02
6.166666666666666060e+03,-1.600000000000000000e+01,1.009905337021482774e-01
6.166666666666666060e+03,-1.500000000000000000e+01,1.254653388518657819e-01
6.166666666666666060e+03,-1.400000000000000000e+01,1.501603139287182032e-01
6.166666666666666060e+03,-1.300000000000000000e+01,1.750657877834035925e-01
6.166666666666666060e+03,-1.200000000000000000e+01,2.001711183843200015e-01
6.166666666666666060e+03,-1.100000000000000000e+01,2.254646969354229813e-01
6.166666666666666060e+03,-1.000000000000000000e+01,2.509339627329560951e-01
6.166666666666666060e+03,-9.000000000000000000e+00,2.765654294946919833e-01
6.166666666666666060e+03,-8.000000000000000000e+00,3.023447236846945607e-01
6.166666666666666060e+03,-7.000000000000000000e+00,3.282566351029417850e-01
6.166666666666666060e+03,-6.000000000000000000e+00,3.542851797179955020e-01
6.166666666666666060e+03,-5.000000000000000000e+00,3.804136744017722060e-01
6.166666666666666060e+03,-4.000000000000000000e+00,4.066248228898579065e-01
6.166666666666666060e+03,-3.000000000000000000e+00,4.329008119534211163e-01
6.166666666666666060e+03,-2.000000000000000000e+00,4.592234164449339184e-01
6.166666666666666060e+03,-1.000000000000000000e+00,4.855741115864432578e-01
6.166666666666666060e+03,0.000000000000000000e+00,5.119341906213717985e-01
6.166666666666666060e+03,1.000000000000000000e+00,5.382848857628805828e-01
6.166666666666666060e+03,2.000000000000000000e+00,5.646074902543940510e-01
6.166666666666666060e+03,3.000000000000000000e+00,5.908834793179578160e-01
6.166666666666666060e+03,4.000000000000000000e+00,6.170946278060427392e-01
6.166666666666666060e+03,5.000000000000000000e+00,6.432231224898176114e-01
6.166666666666666060e+03,6.000000000000000000e+00,6.692516671048730492e-01
6.166666666666666060e+03,7.000000000000000000e+00,6.951635785231189413e-01
6.166666666666666060e+03,8.000000000000000000e+00,7.209428727131239611e-01
6.166666666666666060e+03,9.000000000000000000e+00,7.465743394748580730e-01
6.166666666666666060e+03,1.000000000000000000e+01,7.720436052723929077e-01
6.166666666666666060e+03,1.100000000000000000e+01,7.973371838234946107e-01
6.166666666666666060e+03,1.200000000000000000e+01,8.224425144244116304e-01
6.166666666666666060e+03,1.300000000000000000e+01,8.473479882790962980e-01
6.166666666666666060e+03,1.400000000000000000e+01,8.720429633559491078e-01
6.166666666666666060e+03,1.500000000000000000e+01,8.965177685056660017e-01
6.166666666666666060e+03,1.600000000000000000e+01,9.207636977380257992e-01
6.166666666666666060e+03,1.700000000000000000e+01,9.447729956729955525e-01
6.166666666666666060e+03,1.800000000000000000e+01,9.685388352546748791e-01
6.166666666666666060e+03,1.900000000000000000e+01,9.920552888487701448e-01
6.166666666666666060e+03,2.000000000000000000e+01,1.015317293840883428e+00
6.166666666666666060e+03,2.100000000000000000e+01,1.038320613819579519e+00
6.166666666666666060e+03,2.200000000000000000e+01,1.061061796370924792e+00
6.166666666666666060e+03,2.300000000000000000e+01,1.083538128436288384e+00
6.166666666666666060e+03,2.400000000000000000e+01,1.105747590097824196e+00
6.166666666666666060e+03,2.500000000000000000e+01,1.127688807561624484e+00
6.166666666666666060e+03,2.600000000000000000e+01,1.149361006010979569e+00
6.166666666666666060e+03,2.700000000000000000e+01,1.170763962905359890e+00
6.166666666666666060e+03,2.800000000000000000e+01,1.191897962207115746e+00
6.166666666666666060e+03,2.900000000000000000e+01,1.212763749929771651e+00
6.166666666666666060e+03,3.000000000000000000e+01,1.233362491320563858e+00
6.333333333333333030e+03,-3.000000000000000000e+01,-2.152554477219576490e-01
6.333333333333333030e+03,-2.900000000000000000e+01,-1.943896599993008567e-01
6.333333333333333030e+03,-2.800000000000000000e+01,-1.732556606975457769e-01
6.333333333333333030e+03,-2.700000000000000000e+01,-1.518527038031635690e-01
6.333333333333333030e+03,-2.600000000000000000e+01,-1.301805053538103718e-01
6.333333333333333030e+03,-2.500000000000000000e+01,-1.082392878900114153e-01
6.333333333333333030e+03,-2.400000000000000000e+01,-8.602982622847360483e-02
6.333333333333333030e+03,-2.300000000000000000e+01,-6.355349416310956956e-02
6.333333333333333030e+03,-2.200000000000000000e+01,-4.081231161176418487e-02
6.333333333333333030e+03,-2.100000000000000000e+01,-1.780899163306842725e-02
6.333333333333333030e+03,-2.000000000000000000e+01,5.453013359044689423e-03
6.333333333333333030e+03,-1.900000000000000000e+01,2.896946695313923348e-02
6.333333333333333030e+03,-1.800000000000000000e+01,5.273530653482055852e-02
6.333333333333333030e+03,-1.700000000000000000e+01,7.674460446978903505e-02
6.333333333333333030e+03,-1.600000000000000000e+01,1.009905337021482774e-01
6.333333333333333030e+03,-1.500000000000000000e+01,1.254653388518657819e-01
6.333333333333333030e+03,-1.400000000000000000e+01,1.501603139287182032e-01
6.333333333333333030e+03,-1.300000000000000000e+01,1.750657877834035925e-01
6.333333333333333030e+03,-1.200000000000000000e+01,2.001711183843200015e-01
6.333333333333333030e+03,-1.100000000000000000e+01,2.254646969354229813e-01
6.333333333333333030e+03,-1.000000000000000000e+01,2.509339627329560951e-01
6.333333333333333030e+03,-9.000000000000000000e+00,2.765654294946919833e-01
6.333333333333333030e+03,-8.000000000000000000e+00,3.023447236846945607e-01
6.333333333333333030e+03,-7.000000000000000000e+00,3.282566351029417850e-01
6.333333333333333030e+03,-6.000000000000000000e+00,3.542851797179955020e-01
6.333333333333333030e+03,-5.000000000000000000e+00,3.804136744017722060e-01
6.333333333333333030e+03,-4.000000000000000000e+00,4.066248228898579065e-01
6.333333333333333030e+03,-3.000000000000000000e+00,4.329008119534211163e-01
6.333333333333333030e+03,-2.000000000000000000e+00,4.592234164449339184e-01
6.333333333333333030e+03,-1.000000000000000000e+00,4.855741115864432578e-01
6.333333333333333030e+03,0.000000000000000000e+00,5.119341906213717985e-01
6.333333333333333030e+03,1.000000000000000000e+00,5.382848857628805828e-01
6.333333333333333030e+03,2.000000000000000000e+00,5.646074902543940510e-01
6.333333333333333030e+03,3.000000000000000000e+00,5.908834793179578160e-01
6.333333333333333030e+03,4.000000000000000000e+00,6.170946278060427392e-01
6.333333333333333030e+03,5.000000000000000000e+00,6.432231224898176114e-01
6.333333333333333030e+03,6.000000000000000000e+00,6.692516671048730492e-01
6.333333333333333030e+03,7.000000000000000000e+00,6.951635785231189413e-01
6.333333333333333030e+03,8.000000000000000000e+00,7.209428727131239611e-01
6.333333333333333030e+03,9.000000000000000000e+00,7.465743394748580730e-01
6.333333333333333030e+03,1.000000000000000000e+01,7.720436052723929077e-01
6.333333333333333030e+03,1.100000000000000000e+01,7.973371838234946107e-01
6.333333333333333030e+03,1.200000000000000000e+01,8.224425144244116304e-01
6.333333333333333030e+03,1.300000000000000000e+01,8.473479882790962980e-01
6.333333333333333030e+03,1.400000000000000000e+01,8.720429633559491078e-01
6.333333333333333030e+03,1.500000000000000000e+01,8.965177685056660017e-01
6.333333333333333030e+03,1.600000000000000000e+01,9.207636977380257992e-01
6.333333333333333030e+03,1.700000000000000000e+01,9.447729956729955525e-01
6.333333333333333030e+03,1.800000000000000000e+01,9.685388352546748791e-01
6.333333333333333030e+03,1.900000000000000000e+01,9.920552888487701448e-01
6.333333333333333030e+03,2.000000000000000000e+01,1.015317293840883428e+00
6.333333333333333030e+03,2.100000000000000000e+01,1.038320613819579519e+00
6.333333333333333030e+03,2.200000000000000000e+01,1.061061796370924792e+00
6.333333333333333030e+03,2.300000000000000000e+01,1.083538128436288384e+00
6.333333333333333030e+03,2.400000000000000000e+01,1.105747590097824196e+00
6.333333333333333030e+03,2.500000000000000000e+01,1.127688807561624484e+00
6.333333333333333030e+03,2.600000000000000000e+01,1.149361006010979569e+00
6.333333333333333030e+03,2.700000000000000000e+01,1.170763962905359890e+00
6.333333333333333030e+03,2.800000000000000000e+01,1.191897962207115746e+00
6.333333333333333030e+03,2.900000000000000000e+01,1.212763749929771651e+00
6.333333333333333030e+03,3.000000000000000000e+01,1.233362491320563858e+00
6.500000000000000000e+03,-3.000000000000000000e+01,-2.152554477219576490e-01
6.500000000000000000e+03,-2.900000000000000000e+01,-1.943896599993008567e-01
6.500000000000000000e+03,-2.800000000000000000e+01,-1.732556606975457769e-01
6.500000000000000000e+03,-2.700000000000000000e+01,-1.518527038031635690e-01
6.500000000000000000e+03,-2.600000000000000000e+01,-1.301805053538103718e-01
6.500000000000000000e+03,-2.500000000000000000e+01,-1.082392878900114153e-01
6.500000000000000000e+03,-2.400000000000000000e+01,-8.602982622847360483e-02
6.500000000000000000e+03,-2.300000000000000000e+01,-6.355349416310956956e-02
6.500000000000000000e+03,-2.200000000000000000e+01,-4.081231161176418487e-02
6.500000000000000000e+03,-2.100000000000000000e+01,-1.780899163306842725e-02
6.500000000000000000e+03,-2.000000000000000000e+01,5.453013359044689423e-03
6.500000000000000000e+03,-1.900000000000000000e+01,2.896946695313923348e-02
6.500000000000000000e+03,-1.800000000000000000e+01,5.273530653482055852e-02
6.500000000000000000e+03,-1.700000000000000000e+01,7.674460446978903505e-02
6.500000000000000000e+03,-1.600000000000000000e+01,1.009905337021482774e-01
6.500000000000000000e+03,-1.500000000000000000e+01,1.254653388518657819e-01
6.500000000000000000e+03,-1.400000000000000000e+01,1.501603139287182032e-01
6.500000000000000000e+03,-1.300000000000000000e+01,1.750657877834035925e-01
6.500000000000000000e+03,-1.200000000000000000e+01,2.001711183843200015e-01
6.500000000000000000e+03,-1.100000000000000000e+01,2.254646969354229813e-01
6.500000000000000000e+03,-1.000000000000000000e+01,2.509339627329560951e-01
6.500000000000000000e+03,-9.000000000000000000e+00,2.765654294946919833e-01
6.500000000000000000e+03,-8.000000000000000000e+00,3.023447236846945607e-01
6.500000000000000000e+03,-7.000000000000000000e+00,3.282566351029417850e-01
6.500000000000000000e+03,-6.000000000000000000e+00,3.542851797179955020e-01
6.500000000000000000e+03,-5.000000000000000000e+00,3.804136744017722060e-01
6.500000000000000000e+03,-4.000000000000000000e+00,4.066248228898579065e-01
6.500000000000000000e+03,-3.000000000000000000e+00,4.329008119534211163e-01
6.500000000000000000e+03,-2.000000000000000000e+00,4.592234164449339184e-01
6.500000000000000000e+03,-1.000000000000000000e+00,4.855741115864432578e-01
6.500000000000000000e+03,0.000000000000000000e+00,5.119341906213717985e-01
6.500000000000000000e+03,1.000000000000000000e+00,5.382848857628805828e-01
6.500000000000000000e+03,2.000000000000000000e+00,5.646074902543940510e-01
6.500000000000000000e+03,3.000000000000000000e+00,5.908834793179578160e-01
6.500000000000000000e+03,4.000000000000000000e+00,6.170946278060427392e-01
6.500000000000000000e+03,5.000000000000000000e+00,6.432231224898176114e-01
6.500000000000000000e+03,6.000000000000000000e+00,6.692516671048730492e-01
6.500000000000000000e+03,7.000000000000000000e+00,6.951635785231189413e-01
6.500000000000000000e+03,8.000000000000000000e+00,7.209428727131239611e-01
6.500000000000000000e+03,9.000000000000000000e+00,7.465743394748580730e-01
6.500000000000000000e+03,1.000000000000000000e+01,7.720436052723929077e-01
6.500000000000000000e+03,1.100000000000000000e+01,7.973371838234946107e-01
6.500000000000000000e+03,1.200000000000000000e+01,8.224425144244116304e-01
6.500000000000000000e+03,1.300000000000000000e+01,8.473479882790962980e-01
6.500000000000000000e+03,1.400000000000000000e+01,8.720429633559491078e-01
6.500000000000000000e+03,1.500000000000000000e+01,8.965177685056660017e-01
6.500000000000000000e+03,1.600000000000000000e+01,9.207636977380257992e-01
6.500000000000000000e+03,1.700000000000000000e+01,9.447729956729955525e-01
6.500000000000000000e+03,1.800000000000000000e+01,9.685388352546748791e-01
6.500000000000000000e+03,1.900000000000000000e+01,9.920552888487701448e-01
6.500000000000000000e+03,2.000000000000000000e+01,1.015317293840883428e+00
6.500000000000000000e+03,2.100000000000000000e+01,1.038320613819579519e+00
6.500000000000000000e+03,2.200000000000000000e+01,1.061061796370924792e+00
6.500000000000000000e+03,2.300000000000000000e+01,1.083538128436288384e+00
6.500000000000000000e+03,2.400000000000000000e+01,1.105747590097824196e+00
6.500000000000000000e+03,2.500000000000000000e+01,1.127688807561624484e+00
6.500000000000000000e+03,2.600000000000000000e+01,1.149361006010979569e+00
6.500000000000000000e+03,2.700000000000000000e+01,1.170763962905359890e+00
6.500000000000000000e+03,2.800000000000000000e+01,1.191897962207115746e+00
6.500000000000000000e+03,2.900000000000000000e+01,1.212763749929771651e+00
6.500000000000000000e+03,3.000000000000000000e+01,1.233362491320563858e+00
6.666666666666666060e+03,-3.000000000000000000e+01,-2.152554477219576490e-01
6.666666666666666060e+03,-2.900000000000000000e+01,-1.943896599993008567e-01
6.666666666666666060e+03,-2.800000000000000000e+01,-1.732556606975457769e-01
6.666666666666666060e+03,-2.700000000000000000e+01,-1.518527038031635690e-01
6.666666666666666060e+03,-2.600000000000000000e+01,-1.301805053538103718e-01
6.666666666666666060e+03,-2.500000000000000000e+01,-1.082392878900114153e-01
6.666666666666666060e+03,-2.400000000000000000e+01,-8.602982622847360483e-02
6.666666666666666060e+03,-2.300000000000000000e+01,-6.355349416310956956e-02
6.666666666666666060e+03,-2.200000000000000000e+01,-4.081231161176418487e-02
6.666666666666666060e+03,-2.100000000000000000e+01,-1.780899163306842725e-02
6.666666666666666060e+03,-2.000000000000000000e+01,5.453013359044689423e-03
6.666666666666666060e+03,-1.900000000000000000e+01,2.896946695313923348e-02
6.666666666666666060e+03,-1.800000000000000000e+01,5.273530653482055852e-02
6.666666666666666060e+03,-1.700000000000000000e+01,7.674460446978903505e-02
6.666666666666666060e+03,-1.600000000000000000e+01,1.009905337021482774e-01
6.666666666666666060e+03,-1.500000000000000000e+01,1.254653388518657819e-01
6.666666666666666060e+03,-1.400000000000000000e+01,1.501603139287182032e-01
6.666666666666666060e+03,-1.300000000000000000e+01,1.750657877834035925e-01
6.666666666666666060e+03,-1.200000000000000000e+01,2.001711183843200015e-01
6.666666666666666060e+03,-1.100000000000000000e+01,2.254646969354229813e-01
6.666666666666666060e+03,-1.000000000000000000e+01,2.509339627329560951e-01
6.666666666666666060e+03,-9.000000000000000000e+00,2.765654294946919833e-01
6.666666666666666060e+03,-8.000000000000000000e+00,3.023447236846945607e-01
6.666666666666666060e+03,-7.000000000000000000e+00,3.282566351029417850e-01
6.666666666666666060e+03,-6.000000000000000000e+00,3.542851797179955020e-01
6.666666666666666060e+03,-5.000000000000000000e+00,3.804136744017722060e-01
6.666666666666666060e+03,-4.000000000000000000e+00,4.066248228898579065e-01
6.666666666666666060e+03,-3.000000000000000000e+00,4.329008119534211163e-01
6.666666666666666060e+03,-2.000000000000000000e+00,4.592234164449339184e-01
6.666666666666666060e+03,-1.000000000000000000e+00,4.855741115864432578e-01
6.666666666666666060e+03,0.000000000000000000e+00,5.119341906213717985e-01
6.666666666666666060e+03,1.000000000000000000e+00,5.382848857628805828e-01
6.666666666666666060e+03,2.000000000000000000e+00,5.646074902543940510e-01
6.666666666666666060e+03,3.000000000000000000e+00,5.908834793179578160e-01
6.666666666666666060e+03,4.000000000000000000e+00,6.170946278060427392e-01
6.666666666666666060e+03,5.000000000000000000e+00,6.432231224898176114e-01
6.666666666666666060e+03,6.000000000000000000e+00,6.692516671048730492e-01
6.666666666666666060e+03,7.000000000000000000e+00,6.951635785231189413e-01
6.666666666666666060e+03,8.000000000000000000e+00,7.209428727131239611e-01
6.666666666666666060e+03,9.000000000000000000e+00,7.465743394748580730e-01
6.666666666666666060e+03,1.000000000000000000e+01,7.720436052723929077e-01
6.666666666666666060e+03,1.100000000000000000e+01,7.973371838234946107e-01
6.666666666666666060e+03,1.200000000000000000e+01,8.224425144244116304e-01
6.666666666666666060e+03,1.300000000000000000e+01,8.473479882790962980e-01
6.666666666666666060e+03,1.400000000000000000e+01,8.720429633559491078e-01
6.666666666666666060e+03,1.500000000000000000e+01,8.965177685056660017e-01
6.666666666666666060e+03,1.600000000000000000e+01,9.207636977380257992e-01
6.666666666666666060e+03,1.700000000000000000e+01,9.447729956729955525e-01
6.666666666666666060e+03,1.800000000000000000e+01,9.685388352546748791e-01
6.666666666666666060e+03,1.900000000000000000e+01,9.920552888487701448e-01
6.666666666666666060e+03,2.000000000000000000e+01,1.015317293840883428e+00
6.666666666666666060e+03,2.100000000000000000e+01,1.038320613819579519e+00
6.666666666666666060e+03,2.200000000000000000e+01,1.061061796370924792e+00
6.666666666666666060e+03,2.300000000000000000e+01,1.083538128436288384e+00
6.666666666666666060e+03,2.400000000000000000e+01,1.105747590097824196e+00
6.666666666666666060e+03,2.500000000000000000e+01,1.127688807561624484e+00
6.666666666666666060e+03,2.600000000000000000e+01,1.149361006010979569e+00
6.666666666666666060e+03,2.700000000000000000e+01,1.170763962905359890e+00
6.666666666666666060e+03,2.800000000000000000e+01,1.191897962207115746e+00
6.666666666666666060e+03,2.900000000000000000e+01,1.212763749929771651e+00
6.666666666666666060e+03,3.000000000000000000e+01,1.233362491320563858e+00
6.833333333333333030e+03,-3.000000000000000000e+01,-2.152554477219576490e-01
6.833333333333333030e+03,-2.900000000000000000e+01,-1.943896599993008567e-01
6.833333333333333030e+03,-2.800000000000000000e+01,-1.732556606975457769e-01
6.833333333333333030e+03,-2.700000000000000000e+01,-1.518527038031635690e-01
6.833333333333333030e+03,-2.600000000000000000e+01,-1.301805053538103718e-01
6.833333333333333030e+03,-2.500000000000000000e+01,-1.082392878900114153e-01
6.833333333333333030e+03,-2.400000000000000000e+01,-8.602982622847360483e-02
6.833333333333333030e+03,-2.300000000000000000e+01,-6.355349416310956956e-02
6.833333333333333030e+03,-2.200000000000000000e+01,-4.081231161176418487e-02
6.833333333333333030e+03,-2.100000000000000000e+01,-1.780899163306842725e-02
6.833333333333333030e+03,-2.000000000000000000e+01,5.453013359044689423e-03
6.833333333333333030e+03,-1.900000000000000000e+01,2.896946695313923348e-02
6.833333333333333030e+03,-1.800000000000000000e+01,5.273530653482055852e-02
6.833333333333333030e+03,-1.700000000000000000e+01,7.674460446978903505e-02
6.833333333333333030e+03,-1.600000000000000000e+01,1.009905337021482774e-01
6.833333333333333030e+03,-1.500000000000000000e+01,1.254653388518657819e-01
6.833333333333333030e+03,-1.400000000000000000e+01,1.501603139287182032e-01
6.833333333333333030e+03,-1.300000000000000000e+01,1.750657877834035925e-01
6.833333333333333030e+03,-1.200000000000000000e+01,2.001711183843200015e-01
6.833333333333333030e+03,-1.100000000000000000e+01,2.254646969354229813e-01
6.833333333333333030e+03,-1.000000000000000000e+01,2.509339627329560951e-01
6.833333333333333030e+03,-9.000000000000000000e+00,2.765654294946919833e-01
6.833333333333333030e+03,-8.000000000000000000e+00,3.023447236846945607e-01
6.833333333333333030e+03,-7.000000000000000000e+00,3.282566351029417850e-01
6.833333333333333030e+03,-6.000000000000000000e+00,3.542851797179955020e-01
6.833333333333333030e+03,-5.000000000000000000e+00,3.804136744017722060e-01
6.833333333333333030e+03,-4.000000000000000000e+00,4.066248228898579065e-01
6.833333333333333030e+03,-3.000000000000000000e+00,4.329008119534211163e-01
6.833333333333333030e+03,-2.000000000000000000e+00,4.592234164449339184e-01
6.833333333333333030e+03,-1.000000000000000000e+00,4.855741115864432578e-01
6.833333333333333030e+03,0.000000000000000000e+00,5.119341906213717985e-01
6.833333333333333030e+03,1.000000000000000000e+00,5.382848857628805828e-01
6.833333333333333030e+03,2.000000000000000000e+00,5.646074902543940510e-01
6.833333333333333030e+03,3.000000000000000000e+00,5.908834793179578160e-01
6.833333333333333030e+03,4.000000000000000000e+00,6.170946278060427392e-01
6.833333333333333030e+03,5.000000000000000000e+00,6.432231224898176114e-01
6.833333333333333030e+03,6.000000000000000000e+00,6.692516671048730492e-01
6.833333333333333030e+03,7.000000000000000000e+00,6.951635785231189413e-01
6.833333333333333030e+03,8.000000000000000000e+00,7.209428727131239611e-01
6.833333333333333030e+03,9.000000000000000000e+00,7.465743394748580730e-01
6.833333333333333030e+03,1.000000000000000000e+01,7.720436052723929077e-01
6.833333333333333030e+03,1.100000000000000000e+01,7.973371838234946107e-01
6.833333333333333030e+03,1.200000000000000000e+01,8.224425144244116304e-01
6.833333333333333030e+03,1.300000000000000000e+01,8.473479882790962980e-01
6.833333333333333030e+03,1.400000000000000000e+01,8.720429633559491078e-01
6.833333333333333030e+03,1.500000000000000000e+01,8.965177685056660017e-01
6.833333333333333030e+03,1.600000000000000000e+01,9.207636977380257992e-01
6.833333333333333030e+03,1.700000000000000000e+01,9.447729956729955525e-01
6.833333333333333030e+03,1.800000000000000000e+01,9.685388352546748791e-01
6.833333333333333030e+03,1.900000000000000000e+01,9.920552888487701448e-01
6.833333333333333030e+03,2.000000000000000000e+01,1.015317293840883428e+00
6.833333333333333030e+03,2.100000000000000000e+01,1.038320613819579519e+00
6.833333333333333030e+03,2.200000000000000000e+01,1.061061796370924792e+00
6.833333333333333030e+03,2.300000000000000000e+01,1.083538128436288384e+00
6.833333333333333030e+03,2.400000000000000000e+01,1.105747590097824196e+00
6.833333333333333030e+03,2.500000000000000000e+01,1.127688807561624484e+00
6.833333333333333030e+03,2.600000000000000000e+01,1.149361006010979569e+00
6.833333333333333030e+03,2.700000000000000000e+01,1.170763962905359890e+00
6.833333333333333030e+03,2.800000000000000000e+01,1.191897962207115746e+00
6.833333333333333030e+03,2.900000000000000000e+01,1.212763749929771651e+00
6.833333333333333030e+03,3.000000000000000000e+01,1.233362491320563858e+00
7.000000000000000000e+03,-3.000000000000000000e+01,-2.152554477219576490e-01
7.000000000000000000e+03,-2.900000000000000000e+01,-1.943896599993008567e-01
7.000000000000000000e+03,-2.800000000000000000e+01,-1.732556606975457769e-01
7.000000000000000000e+03,-2.700000000000000000e+01,-1.518527038031635690e-01
7.000000000000000000e+03,-2.600000000000000000e+01,-1.301805053538103718e-01
7.000000000000000000e+03,-2.500000000000000000e+01,-1.082392878900114153e-01
7.000000000000000000e+03,-2.400000000000000000e+01,-8.602982622847360483e-02
7.000000000000000000e+03,-2.300000000000000000e+01,-6.355349416310956956e-02
7.000000000000000000e+03,-2.200000000000000000e+01,-4.081231161176418487e-02
7.000000000000000000e+03,-2.100000000000000000e+01,-1.780899163306842725e-02
7.000000000000000000e+03,-2.000000000000000000e+01,5.453013359044689423e-03
7.000000000000000000e+03,-1.900000000000000000e+01,2.896946695313923348e-02
7.000000000000000000e+03,-1.800000000000000000e+01,5.273530653482055852e-02
7.000000000000000000e+03,-1.700000000000000000e+01,7.674460446978903505e-02
7.000000000000000000e+03,-1.600000000000000000e+01,1.009905337021482774e-01
7.000000000000000000e+03,-1.500000000000000000e+01,1.254653388518657819e-01
7.000000000000000000e+03,-1.400000000000000000e+01,1.501603139287182032e-01
7.000000000000000000e+03,-1.300000000000000000e+01,1.750657877834035925e-01
7.000000000000000000e+03,-1.200000000000000000e+01,2.001711183843200015e-01
7.000000000000000000e+03,-1.100000000000000000e+01,2.254646969354229813e-01
7.000000000000000000e+03,-1.000000000000000000e+01,2.509339627329560951e-01
7.000000000000000000e+03,-9.000000000000000000e+00,2.765654294946919833e-01
7.000000000000000000e+03,-8.000000000000000000e+00,3.023447236846945607e-01
7.000000000000000000e+03,-7.000000000000000000e+00,3.282566351029417850e-01
7.000000000000000000e+03,-6.000000000000000000e+00,3.542851797179955020e-01
7.000000000000000000e+03,-5.000000000000000000e+00,3.804136744017722060e-01
7.000000000000000000e+03,-4.000000000000000000e+00,4.066248228898579065e-01
7.000000000000000000e+03,-3.000000000000000000e+00,4.329008119534211163e-01
7.000000000000000000e+03,-2.000000000000000000e+00,4.592234164449339184e-01
7.000000000000000000e+03,-1.000000000000000000e+00,4.855741115864432578e-01
7.000000000000000000e+03,0.000000000000000000e+00,5.119341906213717985e-01
7.000000000000000000e+03,1.000000000000000000e+00,5.382848857628805828e-01
7.000000000000000000e+03,2.000000000000000000e+00,5.646074902543940510e-01
7.000000000000000000e+03,3.000000000000000000e+00,5.908834793179578160e-01
7.000000000000000000e+03,4.000000000000000000e+00,6.170946278060427392e-01
7.000000000000000000e+03,5.000000000000000000e+00,6.432231224898176114e-01
7.000000000000000000e+03,6.000000000000000000e+00,6.692516671048730492e-01
7.000000000000000000e+03,7.000000000000000000e+00,6.951635785231189413e-01
7.000000000000000000e+03,8.000000000000000000e+00,7.209428727131239611e-01
7.000000000000000000e+03,9.000000000000000000e+00,7.465743394748580730e-01
7.000000000000000000e+03,1.000000000000000000e+01,7.720436052723929077e-01
7.000000000000000000e+03,1.100000000000000000e+01,7.973371838234946107e-01
7.000000000000000000e+03,1.200000000000000000e+01,8.224425144244116304e-01
7.000000000000000000e+03,1.300000000000000000e+01,8.473479882790962980e-01
7.000000000000000000e+03,1.400000000000000000e+01,8.720429633559491078e-01
7.000000000000000000e+03,1.500000000000000000e+01,8.965177685056660017e-01
7.000000000000000000e+03,1.600000000000000000e+01,9.207636977380257992e-01
7.000000000000000000e+03,1.700000000000000000e+01,9.447729956729955525e-01
7.000000000000000000e+03,1.800000000000000000e+01,9.685388352546748791e-01
7.000000000000000000e+03,1.900000000000000000e+01,9.920552888487701448e-01
7.000000000000000000e+03,2.000000000000000000e+01,1.015317293840883428e+00
7.000000000000000000e+03,2.100000000000000000e+01,1.038320613819579519e+00
7.000000000000000000e+03,2.200000000000000000e+01,1.061061796370924792e+00
7.000000000000000000e+03,2.300000000000000000e+01,1.083538128436288384e+00
7.000000000000000000e+03,2.400000000000000000e+01,1.105747590097824196e+00
7.000000000000000000e+03,2.500000000000000000e+01,1.127688807561624484e+00
7.000000000000000000e+03,2.600000000000000000e+01,1.149361006010979569e+00
7.000000000000000000e+03,2.700000000000000000e+01,1.170763962905359890e+00
7.000000000000000000e+03,2.800000000000000000e+01,1.191897962207115746e+00
7.000000000000000000e+03,2.900000000000000000e+01,1.212763749929771651e+00
7.000000000000000000e+03,3.000000000000000000e+01,1.233362491320563858e+00
7.166666666666666060e+03,-3.000000000000000000e+01,-2.152554477219576490e-01
7.166666666666666060e+03,-2.900000000000000000e+01,-1.943896599993008567e-01
7.166666666666666060e+03,-2.800000000000000000e+01,-1.732556606975457769e-01
7.166666666666666060e+03,-2.700000000000000000e+01,-1.518527038031635690e-01
7.166666666666666060e+03,-2.600000000000000000e+01,-1.301805053538103718e-01
7.166666666666666060e+03,-2.500000000000000000e+01,-1.082392878900114153e-01
7.166666666666666060e+03,-2.400000000000000000e+01,-8.602982622847360483e-02
7.166666666666666060e+03,-2.300000000000000000e+01,-6.355349416310956956e-02
7.166666666666666060e+03,-2.200000000000000000e+01,-4.081231161176418487e-02
7.166666666666666060e+03,-2.100000000000000000e+01,-1.780899163306842725e-02
7.166666666666666060e+03,-2.000000000000000000e+01,5.453013359044689423e-03
7.166666666666666060e+03,-1.900000000000000000e+01,2.896946695313923348e-02
7.166666666666666060e+03,-1.800000000000000000e+01,5.273530653482055852e-02
7.166666666666666060e+03,-1.700000000000000000e+01,7.674460446978903505e-02
7.166666666666666060e+03,-1.600000000000000000e+01,1.009905337021482774e-01
7.166666666666666060e+03,-1.500000000000000000e+01,1.254653388518657819e-01
7.166666666666666060e+03,-1.400000000000000000e+01,1.501603139287182032e-01
7.166666666666666060e+03,-1.300000000000000000e+01,1.750657877834035925e-01
7.166666666666666060e+03,-1.200000000000000000e+01,2.001711183843200015e-01
7.166666666666666060e+03,-1.100000000000000000e+01,2.254646969354229813e-01
7.166666666666666060e+03,-1.000000000000000000e+01,2.509339627329560951e-01
7.166666666666666060e+03,-9.000000000000000000e+00,2.765654294946919833e-01
7.166666666666666060e+03,-8.000000000000000000e+00,3.023447236846945607e-01
7.166666666666666060e+03,-7.000000000000000000e+00,3.282566351029417850e-01
7.166666666666666060e+03,-6.000000000000000000e+00,3.542851797179955020e-01
7.166666666666666060e+03,-5.000000000000000000e+00,3.804136744017722060e-01
7.166666666666666060e+03,-4.000000000000000000e+00,4.066248228898579065e-01
7.166666666666666060e+03,-3.000000000000000000e+00,4.329008119534211163e-01
7.166666666666666060e+03,-2.000000000000000000e+00,4.592234164449339184e-01
7.166666666666666060e+03,-1.000000000000000000e+00,4.855741115864432578e-01
7.166666666666666060e+03,0.000000000000000000e+00,5.119341906213717985e-01
7.166666666666666060e+03,1.000000000000000000e+00,5.382848857628805828e-01
7.166666666666666060e+03,2.000000000000000000e+00,5.646074902543940510e-01
7.166666666666666060e+03,3.000000000000000000e+00,5.908834793179578160e-01
7.166666666666666060e+03,4.000000000000000000e+00,6.170946278060427392e-01
7.166666666666666060e+03,5.000000000000000000e+00,6.432231224898176114e-01
7.166666666666666060e+03,6.000000000000000000e+00,6.692516671048730492e-01
7.166666666666666060e+03,7.000000000000000000e+00,6.951635785231189413e-01
7.166666666666666060e+03,8.000000000000000000e+00,7.209428727131239611e-01
7.166666666666666060e+03,9.000000000000000000e+00,7.465743394748580730e-01
7.166666666666666060e+03,1.000000000000000000e+01,7.720436052723929077e-01
7.166666666666666060e+03,1.100000000000000000e+01,7.973371838234946107e-01
7.166666666666666060e+03,1.200000000000000000e+01,8.224425144244116304e-01
7.166666666666666060e+03,1.300000000000000000e+01,8.473479882790962980e-01
7.166666666666666060e+03,1.400000000000000000e+01,8.720429633559491078e-01
7.166666666666666060e+03,1.500000000000000000e+01,8.965177685056660017e-01
7.166666666666666060e+03,1.600000000000000000e+01,9.207636977380257992e-01
7.166666666666666060e+03,1.700000000000000000e+01,9.447729956729955525e-01
7.166666666666666060e+03,1.800000000000000000e+01,9.685388352546748791e-01
7.166666666666666060e+03,1.900000000000000000e+01,9.920552888487701448e-01
7.166666666666666060e+03,2.000000000000000000e+01,1.015317293840883428e+00
7.166666666666666060e+03,2.100000000000000000e+01,1.038320613819579519e+00
7.166666666666666060e+03,2.200000000000000000e+01,1.061061796370924792e+00
7.166666666666666060e+03,2.300000000000000000e+01,1.083538128436288384e+00
7.166666666666666060e+03,2.400000000000000000e+01,1.105747590097824196e+00
7.166666666666666060e+03,2.500000000000000000e+01,1.127688807561624484e+00
7.166666666666666060e+03,2.600000000000000000e+01,1.149361006010979569e+00
7.166666666666666060e+03,2.700000000000000000e+01,1.170763962905359890e+00
7.166666666666666060e+03,2.800000000000000000e+01,1.191897962207115746e+00
7.166666666666666060e+03,2.900000000000000000e+01,1.212763749929771651e+00
7.166666666666666060e+03,3.000000000000000000e+01,1.233362491320563858e+00
7.333333333333333030e+03,-3.000000000000000000e+01,-2.152554477219576490e-01
7.333333333333333030e+03,-2.900000000000000000e+01,-1.943896599993008567e-01
7.333333333333333030e+03,-2.800000000000000000e+01,-1.732556606975457769e-01
7.333333333333333030e+03,-2.700000000000000000e+01,-1.518527038031635690e-01
7.333333333333333030e+03,-2.600000000000000000e+01,-1.301805053538103718e-01
7.333333333333333030e+03,-2.500000000000000000e+01,-1.082392878900114153e-01
7.333333333333333030e+03,-2.400000000000000000e+01,-8.602982622847360483e-02
7.333333333333333030e+03,-2.300000000000000000e+01,-6.355349416310956956e-02
7.333333333333333030e+03,-2.200000000000000000e+01,-4.081231161176418487e-02
7.333333333333333030e+03,-2.100000000000000000e+01,-1.780899163306842725e-02
7.333333333333333030e+03,-2.000000000000000000e+01,5.453013359044689423e-03
7.333333333333333030e+03,-1.900000000000000000e+01,2.896946695313923348e-02
7.333333333333333030e+03,-1.800000000000000000e+01,5.273530653482055852e-02
7.333333333333333030e+03,-1.700000000000000000e+01,7.674460446978903505e-02
7.333333333333333030e+03,-1.600000000000000000e+01,1.009905337021482774e-01
7.333333333333333030e+03,-1.500000000000000000e+01,1.254653388518657819e-01
7.333333333333333030e+03,-1.400000000000000000e+01,1.501603139287182032e-01
7.333333333333333030e+03,-1.300000000000000000e+01,1.750657877834035925e-01
7.333333333333333030e+03,-1.200000000000000000e+01,2.001711183843200015e-01
7.333333333333333030e+03,-1.100000000000000000e+01,2.254646969354229813e-01
7.333333333333333030e+03,-1.000000000000000000e+01,2.509339627329560951e-01
7.333333333333333030e+03,-9.000000000000000000e+00,2.765654294946919833e-01
7.333333333333333030e+03,-8.000000000000000000e+00,3.023447236846945607e-01
7.333333333333333030e+03,-7.000000000000000000e+00,3.282566351029417850e-01
7.333333333333333030e+03,-6.000000000000000000e+00,3.542851797179955020e-01
7.333333333333333030e+03,-5.000000000000000000e+00,3.804136744017722060e-01
7.333333333333333030e+03,-4.000000000000000000e+00,4.066248228898579065e-01
7.333333333333333030e+03,-3.000000000000000000e+00,4.329008119534211163e-01
7.333333333333333030e+03,-2.000000000000000000e+00,4.592234164449339184e-01
7.333333333333333030e+03,-1.000000000000000000e+00,4.855741115864432578e-01
7.333333333333333030e+03,0.000000000000000000e+00,5.119341906213717985e-01
7.333333333333333030e+03,1.000000000000000000e+00,5.382848857628805828e-01
7.333333333333333030e+03,2.000000000000000000e+00,5.646074902543940510e-01
7.333333333333333030e+03,3.000000000000000000e+00,5.908834793179578160e-01
7.333333333333333030e+03,4.000000000000000000e+00,6.170946278060427392e-01
7.333333333333333030e+03,5.000000000000000000e+00,6.432231224898176114e-01
7.333333333333333030e+03,6.000000000000000000e+00,6.692516671048730492e-01
7.333333333333333030e+03,7.000000000000000000e+00,6.951635785231189413e-01
7.333333333333333030e+03,8.000000000000000000e+00,7.209428727131239611e-01
7.333333333333333030e+03,9.000000000000000000e+00,7.465743394748580730e-01
7.333333333333333030e+03,1.000000000000000000e+01,7.720436052723929077e-01
7.333333333333333030e+03,1.100000000000000000e+01,7.973371838234946107e-01
7.333333333333333030e+03,1.200000000000000000e+01,8.224425144244116304e-01
7.333333333333333030e+03,1.300000000000000000e+01,8.473479882790962980e-01
7.333333333333333030e+03,1.400000000000000000e+01,8.720429633559491078e-01
7.333333333333333030e+03,1.500000000000000000e+01,8.965177685056660017e-01
7.333333333333333030e+03,1.600000000000000000e+01,9.207636977380257992e-01
7.333333333333333030e+03,1.700000000000000000e+01,9.447729956729955525e-01
7.333333333333333030e+03,1.800000000000000000e+01,9.685388352546748791e-01
7.333333333333333030e+03,1.900000000000000000e+01,9.920552888487701448e-01
7.333333333333333030e+03,2.000000000000000000e+01,1.015317293840883428e+00
7.333333333333333030e+03,2.100000000000000000e+01,1.038320613819579519e+00
7.333333333333333030e+03,2.200000000000000000e+01,1.061061796370924792e+00
7.333333333333333030e+03,2.300000000000000000e+01,1.083538128436288384e+00
7.333333333333333030e+03,2.400000000000000000e+01,1.105747590097824196e+00
7.333333333333333030e+03,2.500000000000000000e+01,1.127688807561624484e+00
7.333333333333333030e+03,2.600000000000000000e+01,1.149361006010979569e+00
7.333333333333333030e+03,2.700000000000000000e+01,1.170763962905359890e+00
7.333333333333333030e+03,2.800000000000000000e+01,1.191897962207115746e+00
7.333333333333333030e+03,2.900000000000000000e+01,1.212763749929771651e+00
7.333333333333333030e+03,3.000000000000000000e+01,1.233362491320563858e+00
7.500000000000000000e+03,-3.000000000000000000e+01,-2.152554477219576490e-01
7.500000000000000000e+03,-2.900000000000000000e+01,-1.943896599993008567e-01
7.500000000000000000e+03,-2.800000000000000000e+01,-1.732556606975457769e-01
7.500000000000000000e+03,-2.700000000000000000e+01,-1.518527038031635690e-01
7.500000000000000000e+03,-2.600000000000000000e+01,-1.301805053538103718e-01
7.500000000000000000e+03,-2.500000000000000000e+01,-1.082392878900114153e-01
7.500000000000000000e+03,-2.400000000000000000e+01,-8.602982622847360483e-02
7.500000000000000000e+03,-2.300000000000000000e+01,-6.355349416310956956e-02
7.500000000000000000e+03,-2.200000000000000000e+01,-4.081231161176418487e-02
7.500000000000000000e+03,-2.100000000000000000e+01,-1.780899163306842725e-02
7.500000000000000000e+03,-2.000000000000000000e+01,5.453013359044689423e-03
7.500000000000000000e+03,-1.900000000000000000e+01,2.896946695313923348e-02
7.500000000000000000e+03,-1.800000000000000000e+01,5.273530653482055852e-02
7.500000000000000000e+03,-1.700000000000000000e+01,7.674460446978903505e-02
7.500000000000000000e+03,-1.600000000000000000e+01,1.009905337021482774e-01
7.500000000000000000e+03,-1.500000000000000000e+01,1.254653388518657819e-01
7.500000000000000000e+03,-1.400000000000000000e+01,1.501603139287182032e-01
7.500000000000000000e+03,-1.300000000000000000e+01,1.750657877834035925e-01
7.500000000000000000e+03,-1.200000000000000000e+01,2.001711183843200015e-01
7.500000000000000000e+03,-1.100000000000000000e+01,2.254646969354229813e-01
7.500000000000000000e+03,-1.000000000000000000e+01,2.509339627329560951e-01
7.500000000000000000e+03,-9.000000000000000000e+00,2.765654294946919833e-01
7.500000000000000000e+03,-8.000000000000000000e+00,3.023447236846945607e-01
7.500000000000000000e+03,-7.000000000000000000e+00,3.282566351029417850e-01
7.500000000000000000e+03,-6.000000000000000000e+00,3.542851797179955020e-01
7.500000000000000000e+03,-5.000000000000000000e+00,3.804136744017722060e-01
7.500000000000000000e+03,-4.000000000000000000e+00,4.066248228898579065e-01
7.500000000000000000e+03,-3.000000000000000000e+00,4.329008119534211163e-01
7.500000000000000000e+03,-2.000000000000000000e+00,4.592234164449339184e-01
7.500000000000000000e+03,-1.000000000000000000e+00,4.855741115864432578e-01
7.500000000000000000e+03,0.000000000000000000e+00,5.119341906213717985e-01
7.500000000000000000e+03,1.000000000000000000e+00,5.382848857628805828e-01
7.500000000000000000e+03,2.000000000000000000e+00,5.646074902543940510e-01
7.500000000000000000e+03,3.000000000000000000e+00,5.908834793179578160e-01
7.500000000000000000e+03,4.000000000000000000e+00,6.170946278060427392e-01
7.500000000000000000e+03,5.000000000000000000e+00,6.432231224898176114e-01
7.500000000000000000e+03,6.000000000000000000e+00,6.692516671048730492e-01
7.500000000000000000e+03,7.000000000000000000e+00,6.951635785231189413e-01
7.500000000000000000e+03,8.000000000000000000e+00,7.209428727131239611e-01
7.500000000000000000e+03,9.000000000000000000e+00,7.465743394748580730e-01
7.500000000000000000e+03,1.000000000000000000e+01,7.720436052723929077e-01
7.500000000000000000e+03,1.100000000000000000e+01,7.973371838234946107e-01
7.500000000000000000e+03,1.200000000000000000e+01,8.224425144244116304e-01
7.500000000000000000e+03,1.300000000000000000e+01,8.473479882790962980e-01
7.500000000000000000e+03,1.400000000000000000e+01,8.720429633559491078e-01
7.500000000000000000e+03,1.500000000000000000e+01,8.965177685056660017e-01
7.500000000000000000e+03,1.600000000000000000e+01,9.207636977380257992e-01
7.500000000000000000e+03,1.700000000000000000e+01,9.447729956729955525e-01
7.500000000000000000e+03,1.800000000000000000e+01,9.685388352546748791e-01
7.500000000000000000e+03,1.900000000000000000e+01,9.920552888487701448e-01
7.500000000000000000e+03,2.000000000000000000e+01,1.015317293840883428e+00
7.500000000000000000e+03,2.100000000000000000e+01,1.038320613819579519e+00
7.500000000000000000e+03,2.200000000000000000e+01,1.061061796370924792e+00
7.500000000000000000e+03,2.300000000000000000e+01,1.083538128436288384e+00
7.500000000000000000e+03,2.400000000000000000e+01,1.105747590097824196e+00
7.500000000000000000e+03,2.500000000000000000e+01,1.127688807561624484e+00
7.500000000000000000e+03,2.600000000000000000e+01,1.149361006010979569e+00
7.500000000000000000e+03,2.700000000000000000e+01,1.170763962905359890e+00
7.500000000000000000e+03,2.800000000000000000e+01,1.191897962207115746e+00
7.500000000000000000e+03,2.900000000000000000e+01,1.212763749929771651e+00
7.500000000000000000e+03,3.000000000000000000e+01,1.233362491320563858e+00
7.666666666666666060e+03,-3.000000000000000000e+01,-2.152554477219576490e-01
7.666666666666666060e+03,-2.900000000000000000e+01,-1.943896599993008567e-01
7.666666666666666060e+03,-2.800000000000000000e+01,-1.732556606975457769e-01
7.666666666666666060e+03,-2.700000000000000000e+01,-1.518527038031635690e-01
7.666666666666666060e+03,-2.600000000000000000e+01,-1.301805053538103718e-01
7.666666666666666060e+03,-2.500000000000000000e+01,-1.082392878900114153e-01
7.666666666666666060e+03,-2.400000000000000000e+01,-8.602982622847360483e-02
7.666666666666666060e+03,-2.300000000000000000e+01,-6.355349416310956956e-02
7.666666666666666060e+03,-2.200000000000000000e+01,-4.081231161176418487e-02
7.666666666666666060e+03,-2.100000000000000000e+01,-1.780899163306842725e-02
7.666666666666666060e+03,-2.000000000000000000e+01,5.453013359044689423e-03
7.666666666666666060e+03,-1.900000000000000000e+01,2.896946695313923348e-02
7.666666666666666060e+03,-1.800000000000000000e+01,5.273530653482055852e-02
7.666666666666666060e+03,-1.700000000000000000e+01,7.674460446978903505e-02
7.666666666666666060e+03,-1.600000000000000000e+01,1.009905337021482774e-01
7.666666666666666060e+03,-1.500000000000000000e+01,1.254653388518657819e-01
7.666666666666666060e+03,-1.400000000000000000e+01,1.501603139287182032e-01
7.666666666666666060e+03,-1.300000000000000000e+01,1.750657877834035925e-01
7.666666666666666060e+03,-1.200000000000000000e+01,2.001711183843200015e-01
7.666666666666666060e+03,-1.100000000000000000e+01,2.254646969354229813e-01
7.666666666666666060e+03,-1.000000000000000000e+01,2.509339627329560951e-01
7.666666666666666060e+03,-9.000000000000000000e+00,2.765654294946919833e-01
7.666666666666666060e+03,-8.000000000000000000e+00,3.023447236846945607e-01
7.666666666666666060e+03,-7.000000000000000000e+00,3.282566351029417850e-01
7.666666666666666060e+03,-6.000000000000000000e+00,3.542851797179955020e-01
7.666666666666666060e+03,-5.000000000000000000e+00,3.804136744017722060e-01
7.666666666666666060e+03,-4.000000000000000000e+00,4.066248228898579065e-01
7.666666666666666060e+03,-3.000000000000000000e+00,4.329008119534211163e-01
7.666666666666666060e+03,-2.000000000000000000e+00,4.592234164449339184e-01
7.666666666666666060e+03,-1.000000000000000000e+00,4.855741115864432578e-01
7.666666666666666060e+03,0.000000000000000000e+00,5.119341906213717985e-01
7.666666666666666060e+03,1.000000000000000000e+00,5.382848857628805828e-01
7.666666666666666060e+03,2.000000000000000000e+00,5.646074902543940510e-01
7.666666666666666060e+03,3.000000000000000000e+00,5.908834793179578160e-01
7.666666666666666060e+03,4.000000000000000000e+00,6.170946278060427392e-01
7.666666666666666060e+03,5.000000000000000000e+00,6.432231224898176114e-01
7.666666666666666060e+03,6.000000000000000000e+00,6.692516671048730492e-01
7.666666666666666060e+03,7.000000000000000000e+00,6.951635785231189413e-01
7.666666666666666060e+03,8.000000000000000000e+00,7.209428727131239611e-01
7.666666666666666060e+03,9.000000000000000000e+00,7.465743394748580730e-01
7.666666666666666060e+03,1.000000000000000000e+01,7.720436052723929077e-01
7.666666666666666060e+03,1.100000000000000000e+01,7.973371838234946107e-01
7.666666666666666060e+03,1.200000000000000000e+01,8.224425144244116304e-01
7.666666666666666060e+03,1.300000000000000000e+01,8.473479882790962980e-01
7.666666666666666060e+03,1.400000000000000000e+01,8.720429633559491078e-01
7.666666666666666060e+03,1.500000000000000000e+01,8.965177685056660017e-01
7.666666666666666060e+03,1.600000000000000000e+01,9.207636977380257992e-01
7.666666666666666060e+03,1.700000000000000000e+01,9.447729956729955525e-01
7.666666666666666060e+03,1.800000000000000000e+01,9.685388352546748791e-01
7.666666666666666060e+03,1.900000000000000000e+01,9.920552888487701448e-01
7.666666666666666060e+03,2.000000000000000000e+01,1.015317293840883428e+00
7.666666666666666060e+03,2.100000000000000000e+01,1.038320613819579519e+00
7.666666666666666060e+03,2.200000000000000000e+01,1.061061796370924792e+00
7.666666666666666060e+03,2.300000000000000000e+01,1.083538128436288384e+00
7.666666666666666060e+03,2.400000000000000000e+01,1.105747590097824196e+00
7.666666666666666060e+03,2.500000000000000000e+01,1.127688807561624484e+00
7.666666666666666060e+03,2.600000000000000000e+01,1.149361006010979569e+00
7.666666666666666060e+03,2.700000000000000000e+01,1.170763962905359890e+00
7.666666666666666060e+03,2.800000000000000000e+01,1.191897962207115746e+00
7.666666666666666060e+03,2.900000000000000000e+01,1.212763749929771651e+00
7.666666666666666060e+03,3.000000000000000000e+01,1.233362491320563858e+00
7.833333333333333030e+03,-3.000000000000000000e+01,-2.152554477219576490e-01
7.833333333333333030e+03,-2.900000000000000000e+01,-1.943896599993008567e-01
7.833333333333333030e+03,-2.800000000000000000e+01,-1.732556606975457769e-01
7.833333333333333030e+03,-2.700000000000000000e+01,-1.518527038031635690e-01
7.833333333333333030e+03,-2.600000000000000000e+01,-1.301805053538103718e-01
7.833333333333333030e+03,-2.500000000000000000e+01,-1.082392878900114153e-01
7.833333333333333030e+03,-2.400000000000000000e+01,-8.602982622847360483e-02
7.833333333333333030e+03,-2.300000000000000000e+01,-6.355349416310956956e-02
7.833333333333333030e+03,-2.200000000000000000e+01,-4.081231161176418487e-02
7.833333333333333030e+03,-2.100000000000000000e+01,-1.780899163306842725e-02
7.833333333333333030e+03,-2.000000000000000000e+01,5.453013359044689423e-03
7.833333333333333030e+03,-1.900000000000000000e+01,2.896946695313923348e-02
7.833333333333333030e+03,-1.800000000000000000e+01,5.273530653482055852e-02
7.833333333333333030e+03,-1.700000000000000000e+01,7.674460446978903505e-02
7.833333333333333030e+03,-1.600000000000000000e+01,1.009905337021482774e-01
7.833333333333333030e+03,-1.500000000000000000e+01,1.254653388518657819e-01
7.833333333333333030e+03,-1.400000000000000000e+01,1.501603139287182032e-01
7.833333333333333030e+03,-1.300000000000000000e+01,1.750657877834035925e-01
7.833333333333333030e+03,-1.200000000000000000e+01,2.001711183843200015e-01
7.833333333333333030e+03,-1.100000000000000000e+01,2.254646969354229813e-01
7.833333333333333030e+03,-1.000000000000000000e+01,2.509339627329560951e-01
7.833333333333333030e+03,-9.000000000000000000e+00,2.765654294946919833e-01
7.833333333333333030e+03,-8.000000000000000000e+00,3.023447236846945607e-01
7.833333333333333030e+03,-7.000000000000000000e+00,3.282566351029417850e-01
7.833333333333333030e+03,-6.000000000000000000e+00,3.542851797179955020e-01
7.833333333333333030e+03,-5.000000000000000000e+00,3.804136744017722060e-01
7.833333333333333030e+03,-4.000000000000000000e+00,4.066248228898579065e-01
7.833333333333333030e+03,-3.000000000000000000e+00,4.329008119534211163e-01
7.833333333333333030e+03,-2.000000000000000000e+00,4.592234164449339184e-01
7.833333333333333030e+03,-1.000000000000000000e+00,4.855741115864432578e-01
7.833333333333333030e+03,0.000000000000000000e+00,5.119341906213717985e-01
7.833333333333333030e+03,1.000000000000000000e+00,5.382848857628805828e-01
7.833333333333333030e+03,2.000000000000000000e+00,5.646074902543940510e-01
7.833333333333333030e+03,3.000000000000000000e+00,5.908834793179578160e-01
7.833333333333333030e+03,4.000000000000000000e+00,6.170946278060427392e-01
7.833333333333333030e+03,5.000000000000000000e+00,6.432231224898176114e-01
7.833333333333333030e+03,6.000000000000000000e+00,6.692516671048730492e-01
7.833333333333333030e+03,7.000000000000000000e+00,6.951635785231189413e-01
7.833333333333333030e+03,8.000000000000000000e+00,7.209428727131239611e-01
7.833333333333333030e+03,9.000000000000000000e+00,7.465743394748580730e-01
7.833333333333333030e+03,1.000000000000000000e+01,7.720436052723929077e-01
7.833333333333333030e+03,1.100000000000000000e+01,7.973371838234946107e-01
7.833333333333333030e+03,1.200000000000000000e+01,8.224425144244116304e-01
7.833333333333333030e+03,1.300000000000000000e+01,8.473479882790962980e-01
7.833333333333333030e+03,1.400000000000000000e+01,8.720429633559491078e-01
7.833333333333333030e+03,1.500000000000000000e+01,8.965177685056660017e-01
7.833333333333333030e+03,1.600000000000000000e+01,9.207636977380257992e-01
7.833333333333333030e+03,1.700000000000000000e+01,9.447729956729955525e-01
7.833333333333333030e+03,1.800000000000000000e+01,9.685388352546748791e-01
7.833333333333333030e+03,1.900000000000000000e+01,9.920552888487701448e-01
7.833333333333333030e+03,2.000000000000000000e+01,1.015317293840883428e+00
7.833333333333333030e+03,2.100000000000000000e+01,1.038320613819579519e+00
7.833333333333333030e+03,2.200000000000000000e+01,1.061061796370924792e+00
7.833333333333333030e+03,2.300000000000000000e+01,1.083538128436288384e+00
7.833333333333333030e+03,2.400000000000000000e+01,1.105747590097824196e+00
7.833333333333333030e+03,2.500000000000000000e+01,1.127688807561624484e+00
7.833333333333333030e+03,2.600000000000000000e+01,1.149361006010979569e+00
7.833333333333333030e+03,2.700000000000000000e+01,1.170763962905359890e+00
7.833333333333333030e+03,2.800000000000000000e+01,1.191897962207115746e+00
7.833333333333333030e+03,2.900000000000000000e+01,1.212763749929771651e+00
7.833333333333333030e+03,3.000000000000000000e+01,1.233362491320563858e+00
8.000000000000000000e+03,-3.000000000000000000e+01,-2.152554477219576490e-01
8.000000000000000000e+03,-2.900000000000000000e+01,-1.943896599993008567e-01
8.000000000000000000e+03,-2.800000000000000000e+01,-1.732556606975457769e-01
8.000000000000000000e+03,-2.700000000000000000e+01,-1.518527038031635690e-01
8.000000000000000000e+03,-2.600000000000000000e+01,-1.301805053538103718e-01
8.000000000000000000e+03,-2.500000000000000000e+01,-1.082392878900114153e-01
8.000000000000000000e+03,-2.400000000000000000e+01,-8.602982622847360483e-02
8.000000000000000000e+03,-2.300000000000000000e+01,-6.355349416310956956e-02
8.000000000000000000e+03,-2.200000000000000000e+01,-4.081231161176418487e-02
8.000000000000000000e+03,-2.100000000000000000e+01,-1.780899163306842725e-02
8.000000000000000000e+03,-2.000000000000000000e+01,5.453013359044689423e-03
8.000000000000000000e+03,-1.900000000000000000e+01,2.896946695313923348e-02
8.000000000000000000e+03,-1.800000000000000000e+01,5.273530653482055852e-02
8.000000000000000000e+03,-1.700000000000000000e+01,7.674460446978903505e-02
8.000000000000000000e+03,-1.600000000000000000e+01,1.009905337021482774e-01
8.000000000000000000e+03,-1.500000000000000000e+01,1.254653388518657819e-01
8.000000000000000000e+03,-1.400000000000000000e+01,1.501603139287182032e-01
8.000000000000000000e+03,-1.300000000000000000e+01,1.750657877834035925e-01
8.000000000000000000e+03,-1.200000000000000000e+01,2.001711183843200015e-01
8.000000000000000000e+03,-1.100000000000000000e+01,2.254646969354229813e-01
8.000000000000000000e+03,-1.000000000000000000e+01,2.509339627329560951e-01
8.000000000000000000e+03,-9.000000000000000000e+00,2.765654294946919833e-01
8.000000000000000000e+03,-8.000000000000000000e+00,3.023447236846945607e-01
8.000000000000000000e+03,-7.000000000000000000e+00,3.282566351029417850e-01
8.000000000000000000e+03,-6.000000000000000000e+00,3.542851797179955020e-01
8.000000000000000000e+03,-5.000000000000000000e+00,3.804136744017722060e-01
8.000000000000000000e+03,-4.000000000000000000e+00,4.066248228898579065e-01
8.000000000000000000e+03,-3.000000000000000000e+00,4.329008119534211163e-01
8.000000000000000000e+03,-2.000000000000000000e+00,4.592234164449339184e-01
8.000000000000000000e+03,-1.000000000000000000e+00,4.855741115864432578e-01
8.000000000000000000e+03,0.000000000000000000e+00,5.119341906213717985e-01
8.000000000000000000e+03,1.000000000000000000e+00,5.382848857628805828e-01
8.000000000000000000e+03,2.000000000000000000e+00,5.646074902543940510e-01
8.000000000000000000e+03,3.000000000000000000e+00,5.908834793179578160e-01
8.000000000000000000e+03,4.000000000000000000e+00,6.170946278060427392e-01
8.000000000000000000e+03,5.000000000000000000e+00,6.432231224898176114e-01
8.000000000000000000e+03,6.000000000000000000e+00,6.692516671048730492e-01
8.000000000000000000e+03,7.000000000000000000e+00,6.951635785231189413e-01
8.000000000000000000e+03,8.000000000000000000e+00,7.209428727131239611e-01
8.000000000000000000e+03,9.000000000000000000e+00,7.465743394748580730e-01
8.000000000000000000e+03,1.000000000000000000e+01,7.720436052723929077e-01
8.000000000000000000e+03,1.100000000000000000e+01,7.973371838234946107e-01
8.000000000000000000e+03,1.200000000000000000e+01,8.224425144244116304e-01
8.000000000000000000e+03,1.300000000000000000e+01,8.473479882790962980e-01
8.000000000000000000e+03,1.400000000000000000e+01,8.720429633559491078e-01
8.000000000000000000e+03,1.500000000000000000e+01,8.965177685056660017e-01
8.000000000000000000e+03,1.600000000000000000e+01,9.207636977380257992e-01
8.000000000000000000e+03,1.700000000000000000e+01,9.447729956729955525e-01
8.000000000000000000e+03,1.800000000000000000e+01,9.685388352546748791e-01
8.000000000000000000e+03,1.900000000000000000e+01,9.920552888487701448e-01
8.000000000000000000e+03,2.000000000000000000e+01,1.015317293840883428e+00
8.000000000000000000e+03,2.100000000000000000e+01,1.038320613819579519e+00
8.000000000000000000e+03,2.200000000000000000e+01,1.061061796370924792e+00
8.000000000000000000e+03,2.300000000000000000e+01,1.083538128436288384e+00
8.000000000000000000e+03,2.400000000000000000e+01,1.105747590097824196e+00
8.000000000000000000e+03,2.500000000000000000e+01,1.127688807561624484e+00
8.000000000000000000e+03,2.600000000000000000e+01,1.149361006010979569e+00
8.000000000000000000e+03,2.700000000000000000e+01,1.170763962905359890e+00
8.000000000000000000e+03,2.800000000000000000e+01,1.191897962207115746e+00
8.000000000000000000e+03,2.900000000000000000e+01,1.212763749929771651e+00
8.000000000000000000e+03,3.000000000000000000e+01,1.233362491320563858e+00
8.166666666666666060e+03,-3.000000000000000000e+01,-2.152554477219576490e-01
8.166666666666666060e+03,-2.900000000000000000e+01,-1.943896599993008567e-01
8.166666666666666060e+03,-2.800000000000000000e+01,-1.732556606975457769e-01
8.166666666666666060e+03,-2.700000000000000000e+01,-1.518527038031635690e-01
8.166666666666666060e+03,-2.600000000000000000e+01,-1.301805053538103718e-01
8.166666666666666060e+03,-2.500000000000000000e+01,-1.082392878900114153e-01
8.166666666666666060e+03,-2.400000000000000000e+01,-8.602982622847360483e-02
8.166666666666666060e+03,-2.300000000000000000e+01,-6.355349416310956956e-02
8.166666666666666060e+03,-2.200000000000000000e+01,-4.081231161176418487e-02
8.166666666666666060e+03,-2.100000000000000000e+01,-1.780899163306842725e-02
8.166666666666666060e+03,-2.000000000000000000e+01,5.453013359044689423e-03
8.166666666666666060e+03,-1.900000000000000000e+01,2.896946695313923348e-02
8.166666666666666060e+03,-1.800000000000000000e+01,5.273530653482055852e-02
8.166666666666666060e+03,-1.700000000000000000e+01,7.674460446978903505e-02
8.166666666666666060e+03,-1.600000000000000000e+01,1.009905337021482774e-01
8.166666666666666060e+03,-1.500000000000000000e+01,1.254653388518657819e-01
8.166666666666666060e+03,-1.400000000000000000e+01,1.501603139287182032e-01
8.166666666666666060e+03,-1.300000000000000000e+01,1.750657877834035925e-01
8.166666666666666060e+03,-1.200000000000000000e+01,2.001711183843200015e-01
8.166666666666666060e+03,-1.100000000000000000e+01,2.254646969354229813e-01
8.166666666666666060e+03,-1.000000000000000000e+01,2.509339627329560951e-01
8.166666666666666060e+03,-9.000000000000000000e+00,2.765654294946919833e-01
8.166666666666666060e+03,-8.000000000000000000e+00,3.023447236846945607e-01
8.166666666666666060e+03,-7.000000000000000000e+00,3.282566351029417850e-01
8.166666666666666060e+03,-6.000000000000000000e+00,3.542851797179955020e-01
8.166666666666666060e+03,-5.000000000000000000e+00,3.804136744017722060e-01
8.166666666666666060e+03,-4.000000000000000000e+00,4.066248228898579065e-01
8.166666666666666060e+03,-3.000000000000000000e+00,4.329008119534211163e-01
8.166666666666666060e+03,-2.000000000000000000e+00,4.592234164449339184e-01
8.166666666666666060e+03,-1.000000000000000000e+00,4.855741115864432578e-01
8.166666666666666060e+03,0.000000000000000000e+00,5.119341906213717985e-01
8.166666666666666060e+03,1.000000000000000000e+00,5.382848857628805828e-01
8.166666666666666060e+03,2.000000000000000000e+00,5.646074902543940510e-01
8.166666666666666060e+03,3.000000000000000000e+00,5.908834793179578160e-01
8.166666666666666060e+03,4.000000000000000000e+00,6.170946278060427392e-01
8.166666666666666060e+03,5.000000000000000000e+00,6.432231224898176114e-01
8.166666666666666060e+03,6.000000000000000000e+00,6.692516671048730492e-01
8.166666666666666060e+03,7.000000000000000000e+00,6.951635785231189413e-01
8.166666666666666060e+03,8.000000000000000000e+00,7.209428727131239611e-01
8.166666666666666060e+03,9.000000000000000000e+00,7.465743394748580730e-01
8.166666666666666060e+03,1.000000000000000000e+01,7.720436052723929077e-01
8.166666666666666060e+03,1.100000000000000000e+01,7.973371838234946107e-01
8.166666666666666060e+03,1.200000000000000000e+01,8.224425144244116304e-01
8.166666666666666060e+03,1.300000000000000000e+01,8.473479882790962980e-01
8.166666666666666060e+03,1.400000000000000000e+01,8.720429633559491078e-01
8.166666666666666060e+03,1.500000000000000000e+01,8.965177685056660017e-01
8.166666666666666060e+03,1.600000000000000000e+01,9.207636977380257992e-01
8.166666666666666060e+03,1.700000000000000000e+01,9.447729956729955525e-01
8.166666666666666060e+03,1.800000000000000000e+01,9.685388352546748791e-01
8.166666666666666060e+03,1.900000000000000000e+01,9.920552888487701448e-01
8.166666666666666060e+03,2.000000000000000000e+01,1.015317293840883428e+00
8.166666666666666060e+03,2.100000000000000000e+01,1.038320613819579519e+00
8.166666666666666060e+03,2.200000000000000000e+01,1.061061796370924792e+00
8.166666666666666060e+03,2.300000000000000000e+01,1.083538128436288384e+00
8.166666666666666060e+03,2.400000000000000000e+01,1.105747590097824196e+00
8.166666666666666060e+03,2.500000000000000000e+01,1.127688807561624484e+00
8.166666666666666060e+03,2.600000000000000000e+01,1.149361006010979569e+00
8.166666666666666060e+03,2.700000000000000000e+01,1.170763962905359890e+00
8.166666666666666060e+03,2.800000000000000000e+01,1.191897962207115746e+00
8.166666666666666060e+03,2.900000000000000000e+01,1.212763749929771651e+00
8.166666666666666060e+03,3.000000000000000000e+01,1.233362491320563858e+00
8.333333333333332121e+03,-3.000000000000000000e+01,-2.152554477219576490e-01
8.333333333333332121e+03,-2.900000000000000000e+01,-1.943896599993008567e-01
8.333333333333332121e+03,-2.800000000000000000e+01,-1.732556606975457769e-01
8.333333333333332121e+03,-2.700000000000000000e+01,-1.518527038031635690e-01
8.333333333333332121e+03,-2.600000000000000000e+01,-1.301805053538103718e-01
8.333333333333332121e+03,-2.500000000000000000e+01,-1.082392878900114153e-01
8.333333333333332121e+03,-2.400000000000000000e+01,-8.602982622847360483e-02
8.333333333333332121e+03,-2.300000000000000000e+01,-6.355349416310956956e-02
8.333333333333332121e+03,-2.200000000000000000e+01,-4.081231161176418487e-02
8.333333333333332121e+03,-2.100000000000000000e+01,-1.780899163306842725e-02
8.333333333333332121e+03,-2.000000000000000000e+01,5.453013359044689423e-03
8.333333333333332121e+03,-1.900000000000000000e+01,2.896946695313923348e-02
8.333333333333332121e+03,-1.800000000000000000e+01,5.273530653482055852e-02
8.333333333333332121e+03,-1.700000000000000000e+01,7.674460446978903505e-02
8.333333333333332121e+03,-1.600000000000000000e+01,1.009905337021482774e-01
8.333333333333332121e+03,-1.500000000000000000e+01,1.254653388518657819e-01
8.333333333333332121e+03,-1.400000000000000000e+01,1.501603139287182032e-01
8.333333333333332121e+03,-1.300000000000000000e+01,1.750657877834035925e-01
8.333333333333332121e+03,-1.200000000000000000e+01,2.001711183843200015e-01
8.333333333333332121e+03,-1.100000000000000000e+01,2.254646969354229813e-01
8.333333333333332121e+03,-1.000000000000000000e+01,2.509339627329560951e-01
8.333333333333332121e+03,-9.000000000000000000e+00,2.765654294946919833e-01
8.333333333333332121e+03,-8.000000000000000000e+00,3.023447236846945607e-01
8.333333333333332121e+03,-7.000000000000000000e+00,3.282566351029417850e-01
8.333333333333332121e+03,-6.000000000000000000e+00,3.542851797179955020e-01
8.333333333333332121e+03,-5.000000000000000000e+00,3.804136744017722060e-01
8.333333333333332121e+03,-4.000000000000000000e+00,4.066248228898579065e-01
8.333333333333332121e+03,-3.000000000000000000e+00,4.329008119534211163e-01
8.333333333333332121e+03,-2.000000000000000000e+00,4.592234164449339184e-01
8.333333333333332121e+03,-1.000000000000000000e+00,4.855741115864432578e-01
8.333333333333332121e+03,0.000000000000000000e+00,5.119341906213717985e-01
8.333333333333332121e+03,1.000000000000000000e+00,5.382848857628805828e-01
8.333333333333332121e+03,2.000000000000000000e+00,5.646074902543940510e-01
8.333333333333332121e+03,3.000000000000000000e+00,5.908834793179578160e-01
8.333333333333332121e+03,4.000000000000000000e+00,6.170946278060427392e-01
8.333333333333332121e+03,5.000000000000000000e+00,6.432231224898176114e-01
8.333333333333332121e+03,6.000000000000000000e+00,6.692516671048730492e-01
8.333333333333332121e+03,7.000000000000000000e+00,6.951635785231189413e-01
8.333333333333332121e+03,8.000000000000000000e+00,7.209428727131239611e-01
8.333333333333332121e+03,9.000000000000000000e+00,7.465743394748580730e-01
8.333333333333332121e+03,1.000000000000000000e+01,7.720436052723929077e-01
8.333333333333332121e+03,1.100000000000000000e+01,7.973371838234946107e-01
8.333333333333332121e+03,1.200000000000000000e+01,8.224425144244116304e-01
8.333333333333332121e+03,1.300000000000000000e+01,8.473479882790962980e-01
8.333333333333332121e+03,1.400000000000000000e+01,8.720429633559491078e-01
8.333333333333332121e+03,1.500000000000000000e+01,8.965177685056660017e-01
8.333333333333332121e+03,1.600000000000000000e+01,9.207636977380257992e-01
8.333333333333332121e+03,1.700000000000000000e+01,9.447729956729955525e-01
8.333333333333332121e+03,1.800000000000000000e+01,9.685388352546748791e-01
8.333333333333332121e+03,1.900000000000000000e+01,9.920552888487701448e-01
8.333333333333332121e+03,2.000000000000000000e+01,1.015317293840883428e+00
8.333333333333332121e+03,2.100000000000000000e+01,1.038320613819579519e+00
8.333333333333332121e+03,2.200000000000000000e+01,1.061061796370924792e+00
8.333333333333332121e+03,2.300000000000000000e+01,1.083538128436288384e+00
8.333333333333332121e+03,2.400000000000000000e+01,1.105747590097824196e+00
8.333333333333332121e+03,2.500000000000000000e+01,1.127688807561624484e+00
8.333333333333332121e+03,2.600000000000000000e+01,1.149361006010979569e+00
8.333333333333332121e+03,2.700000000000000000e+01,1.170763962905359890e+00
8.333333333333332121e+03,2.800000000000000000e+01,1.191897962207115746e+00
8.333333333333332121e+03,2.900000000000000000e+01,1.212763749929771651e+00
8.333333333333332121e+03,3.000000000000000000e+01,1.233362491320563858e+00
8.500000000000000000e+03,-3.000000000000000000e+01,-2.152554477219576490e-01
8.500000000000000000e+03,-2.900000000000000000e+01,-1.943896599993008567e-01
8.500000000000000000e+03,-2.800000000000000000e+01,-1.732556606975457769e-01
8.500000000000000000e+03,-2.700000000000000000e+01,-1.518527038031635690e-01
8.500000000000000000e+03,-2.600000000000000000e+01,-1.301805053538103718e-01
8.500000000000000000e+03,-2.500000000000000000e+01,-1.082392878900114153e-01
8.500000000000000000e+03,-2.400000000000000000e+01,-8.602982622847360483e-02
8.500000000000000000e+03,-2.300000000000000000e+01,-6.355349416310956956e-02
8.500000000000000000e+03,-2.200000000000000000e+01,-4.081231161176418487e-02
8.500000000000000000e+03,-2.100000000000000000e+01,-1.780899163306842725e-02
8.500000000000000000e+03,-2.000000000000000000e+01,5.453013359044689423e-03
8.500000000000000000e+03,-1.900000000000000000e+01,2.896946695313923348e-02
8.500000000000000000e+03,-1.800000000000000000e+01,5.273530653482055852e-02
8.500000000000000000e+03,-1.700000000000000000e+01,7.674460446978903505e-02
8.500000000000000000e+03,-1.600000000000000000e+01,1.009905337021482774e-01
8.500000000000000000e+03,-1.500000000000000000e+01,1.254653388518657819e-01
8.500000000000000000e+03,-1.400000000000000000e+01,1.501603139287182032e-01
8.500000000000000000e+03,-1.300000000000000000e+01,1.750657877834035925e-01
8.500000000000000000e+03,-1.200000000000000000e+01,2.001711183843200015e-01
8.500000000000000000e+03,-1.100000000000000000e+01,2.254646969354229813e-01
8.500000000000000000e+03,-1.000000000000000000e+01,2.509339627329560951e-01
8.500000000000000000e+03,-9.000000000000000000e+00,2.765654294946919833e-01
8.500000000000000000e+03,-8.000000000000000000e+00,3.023447236846945607e-01
8.500000000000000000e+03,-7.000000000000000000e+00,3.282566351029417850e-01
8.500000000000000000e+03,-6.000000000000000000e+00,3.542851797179955020e-01
8.500000000000000000e+03,-5.000000000000000000e+00,3.804136744017722060e-01
8.500000000000000000e+03,-4.000000000000000000e+00,4.066248228898579065e-01
8.500000000000000000e+03,-3.000000000000000000e+00,4.329008119534211163e-01
8.500000000000000000e+03,-2.000000000000000000e+00,4.592234164449339184e-01
8.500000000000000000e+03,-1.000000000000000000e+00,4.855741115864432578e-01
8.500000000000000000e+03,0.000000000000000000e+00,5.119341906213717985e-01
8.500000000000000000e+03,1.000000000000000000e+00,5.382848857628805828e-01
8.500000000000000000e+03,2.000000000000000000e+00,5.646074902543940510e-01
8.500000000000000000e+03,3.000000000000000000e+00,5.908834793179578160e-01
8.500000000000000000e+03,4.000000000000000000e+00,6.170946278060427392e-01
8.500000000000000000e+03,5.000000000000000000e+00,6.432231224898176114e-01
8.500000000000000000e+03,6.000000000000000000e+00,6.692516671048730492e-01
8.500000000000000000e+03,7.000000000000000000e+00,6.951635785231189413e-01
8.500000000000000000e+03,8.000000000000000000e+00,7.209428727131239611e-01
8.500000000000000000e+03,9.000000000000000000e+00,7.465743394748580730e-01
8.500000000000000000e+03,1.000000000000000000e+01,7.720436052723929077e-01
8.500000000000000000e+03,1.100000000000000000e+01,7.973371838234946107e-01
8.500000000000000000e+03,1.200000000000000000e+01,8.224425144244116304e-01
8.500000000000000000e+03,1.300000000000000000e+01,8.473479882790962980e-01
8.500000000000000000e+03,1.400000000000000000e+01,8.720429633559491078e-01
8.500000000000000000e+03,1.500000000000000000e+01,8.965177685056660017e-01
8.500000000000000000e+03,1.600000000000000000e+01,9.207636977380257992e-01
8.500000000000000000e+03,1.700000000000000000e+01,9.447729956729955525e-01
8.500000000000000000e+03,1.800000000000000000e+01,9.685388352546748791e-01
8.500000000000000000e+03,1.900000000000000000e+01,9.920552888487701448e-01
8.500000000000000000e+03,2.000000000000000000e+01,1.015317293840883428e+00
8.500000000000000000e+03,2.100000000000000000e+01,1.038320613819579519e+00
8.500000000000000000e+03,2.200000000000000000e+01,1.061061796370924792e+00
8.500000000000000000e+03,2.300000000000000000e+01,1.083538128436288384e+00
8.500000000000000000e+03,2.400000000000000000e+01,1.105747590097824196e+00
8.500000000000000000e+03,2.500000000000000000e+01,1.127688807561624484e+00
8.500000000000000000e+03,2.600000000000000000e+01,1.149361006010979569e+00
8.500000000000000000e+03,2.700000000000000000e+01,1.170763962905359890e+00
8.500000000000000000e+03,2.800000000000000000e+01,1.191897962207115746e+00
8.500000000000000000e+03,2.900000000000000000e+01,1.212763749929771651e+00
8.500000000000000000e+03,3.000000000000000000e+01,1.233362491320563858e+00
8.666666666666666060e+03,-3.000000000000000000e+01,-2.152554477219576490e-01
8.666666666666666060e+03,-2.900000000000000000e+01,-1.943896599993008567e-01
8.666666666666666060e+03,-2.800000000000000000e+01,-1.732556606975457769e-01
8.666666666666666060e+03,-2.700000000000000000e+01,-1.518527038031635690e-01
8.666666666666666060e+03,-2.600000000000000000e+01,-1.301805053538103718e-01
8.666666666666666060e+03,-2.500000000000000000e+01,-1.082392878900114153e-01
8.666666666666666060e+03,-2.400000000000000000e+01,-8.602982622847360483e-02
8.666666666666666060e+03,-2.300000000000000000e+01,-6.355349416310956956e-02
8.666666666666666060e+03,-2.200000000000000000e+01,-4.081231161176418487e-02
8.666666666666666060e+03,-2.100000000000000000e+01,-1.780899163306842725e-02
8.666666666666666060e+03,-2.000000000000000000e+01,5.453013359044689423e-03
8.666666666666666060e+03,-1.900000000000000000e+01,2.896946695313923348e-02
8.666666666666666060e+03,-1.800000000000000000e+01,5.273530653482055852e-02
8.666666666666666060e+03,-1.700000000000000000e+01,7.674460446978903505e-02
8.666666666666666060e+03,-1.600000000000000000e+01,1.009905337021482774e-01
8.666666666666666060e+03,-1.500000000000000000e+01,1.254653388518657819e-01
8.666666666666666060e+03,-1.400000000000000000e+01,1.501603139287182032e-01
8.666666666666666060e+03,-1.300000000000000000e+01,1.750657877834035925e-01
8.666666666666666060e+03,-1.200000000000000000e+01,2.001711183843200015e-01
8.666666666666666060e+03,-1.100000000000000000e+01,2.254646969354229813e-01
8.666666666666666060e+03,-1.000000000000000000e+01,2.509339627329560951e-01
8.666666666666666060e+03,-9.000000000000000000e+00,2.765654294946919833e-01
8.666666666666666060e+03,-8.000000000000000000e+00,3.023447236846945607e-01
8.666666666666666060e+03,-7.000000000000000000e+00,3.282566351029417850e-01
8.666666666666666060e+03,-6.000000000000000000e+00,3.542851797179955020e-01
8.666666666666666060e+03,-5.000000000000000000e+00,3.804136744017722060e-01
8.666666666666666060e+03,-4.000000000000000000e+00,4.066248228898579065e-01
8.666666666666666060e+03,-3.000000000000000000e+00,4.329008119534211163e-01
8.666666666666666060e+03,-2.000000000000000000e+00,4.592234164449339184e-01
8.666666666666666060e+03,-1.000000000000000000e+00,4.855741115864432578e-01
8.666666666666666060e+03,0.000000000000000000e+00,5.119341906213717985e-01
8.666666666666666060e+03,1.000000000000000000e+00,5.382848857628805828e-01
8.666666666666666060e+03,2.000000000000000000e+00,5.646074902543940510e-01
8.666666666666666060e+03,3.000000000000000000e+00,5.908834793179578160e-01
8.666666666666666060e+03,4.000000000000000000e+00,6.170946278060427392e-01
8.666666666666666060e+03,5.000000000000000000e+00,6.432231224898176114e-01
8.666666666666666060e+03,6.000000000000000000e+00,6.692516671048730492e-01
8.666666666666666060e+03,7.000000000000000000e+00,6.951635785231189413e-01
8.666666666666666060e+03,8.000000000000000000e+00,7.209428727131239611e-01
8.666666666666666060e+03,9.000000000000000000e+00,7.465743394748580730e-01
8.666666666666666060e+03,1.000000000000000000e+01,7.720436052723929077e-01
8.666666666666666060e+03,1.100000000000000000e+01,7.973371838234946107e-01
8.666666666666666060e+03,1.200000000000000000e+01,8.224425144244116304e-01
8.666666666666666060e+03,1.300000000000000000e+01,8.473479882790962980e-01
8.666666666666666060e+03,1.400000000000000000e+01,8.720429633559491078e-01
8.666666666666666060e+03,1.500000000000000000e+01,8.965177685056660017e-01
8.666666666666666060e+03,1.600000000000000000e+01,9.207636977380257992e-01
8.666666666666666060e+03,1.700000000000000000e+01,9.447729956729955525e-01
8.666666666666666060e+03,1.800000000000000000e+01,9.685388352546748791e-01
8.666666666666666060e+03,1.900000000000000000e+01,9.920552888487701448e-01
8.666666666666666060e+03,2.000000000000000000e+01,1.015317293840883428e+00
8.666666666666666060e+03,2.100000000000000000e+01,1.038320613819579519e+00
8.666666666666666060e+03,2.200000000000000000e+01,1.061061796370924792e+00
8.666666666666666060e+03,2.300000000000000000e+01,1.083538128436288384e+00
8.666666666666666060e+03,2.400000000000000000e+01,1.105747590097824196e+00
8.666666666666666060e+03,2.500000000000000000e+01,1.127688807561624484e+00
8.666666666666666060e+03,2.600000000000000000e+01,1.149361006010979569e+00
8.666666666666666060e+03,2.700000000000000000e+01,1.170763962905359890e+00
8.666666666666666060e+03,2.800000000000000000e+01,1.191897962207115746e+00
8.666666666666666060e+03,2.900000000000000000e+01,1.212763749929771651e+00
8.666666666666666060e+03,3.000000000000000000e+01,1.233362491320563858e+00
8.833333333333332121e+03,-3.000000000000000000e+01,-2.152554477219576490e-01
8.833333333333332121e+03,-2.900000000000000000e+01,-1.943896599993008567e-01
8.833333333333332121e+03,-2.800000000000000000e+01,-1.732556606975457769e-01
8.833333333333332121e+03,-2.700000000000000000e+01,-1.518527038031635690e-01
8.833333333333332121e+03,-2.600000000000000000e+01,-1.301805053538103718e-01
8.833333333333332121e+03,-2.500000000000000000e+01,-1.082392878900114153e-01
8.833333333333332121e+03,-2.400000000000000000e+01,-8.602982622847360483e-02
8.833333333333332121e+03,-2.300000000000000000e+01,-6.355349416310956956e-02
8.833333333333332121e+03,-2.200000000000000000e+01,-4.081231161176418487e-02
8.833333333333332121e+03,-2.100000000000000000e+01,-1.780899163306842725e-02
8.833333333333332121e+03,-2.000000000000000000e+01,5.453013359044689423e-03
8.833333333333332121e+03,-1.900000000000000000e+01,2.896946695313923348e-02
8.833333333333332121e+03,-1.800000000000000000e+01,5.273530653482055852e-02
8.833333333333332121e+03,-1.700000000000000000e+01,7.674460446978903505e-02
8.833333333333332121e+03,-1.600000000000000000e+01,1.009905337021482774e-01
8.833333333333332121e+03,-1.500000000000000000e+01,1.254653388518657819e-01
8.833333333333332121e+03,-1.400000000000000000e+01,1.501603139287182032e-01
8.833333333333332121e+03,-1.300000000000000000e+01,1.750657877834035925e-01
8.833333333333332121e+03,-1.200000000000000000e+01,2.001711183843200015e-01
8.833333333333332121e+03,-1.100000000000000000e+01,2.254646969354229813e-01
8.833333333333332121e+03,-1.000000000000000000e+01,2.509339627329560951e-01
8.833333333333332121e+03,-9.000000000000000000e+00,2.765654294946919833e-01
8.833333333333332121e+03,-8.000000000000000000e+00,3.023447236846945607e-01
8.833333333333332121e+03,-7.000000000000000000e+00,3.282566351029417850e-01
8.833333333333332121e+03,-6.000000000000000000e+00,3.542851797179955020e-01
8.833333333333332121e+03,-5.000000000000000000e+00,3.804136744017722060e-01
8.833333333333332121e+03,-4.000000000000000000e+00,4.066248228898579065e-01
8.833333333333332121e+03,-3.000000000000000000e+00,4.329008119534211163e-01
8.833333333333332121e+03,-2.000000000000000000e+00,4.592234164449339184e-01
8.833333333333332121e+03,-1.000000000000000000e+00,4.855741115864432578e-01
8.833333333333332121e+03,0.000000000000000000e+00,5.119341906213717985e-01
8.833333333333332121e+03,1.000000000000000000e+00,5.382848857628805828e-01
8.833333333333332121e+03,2.000000000000000000e+00,5.646074902543940510e-01
8.833333333333332121e+03,3.000000000000000000e+00,5.908834793179578160e-01
8.833333333333332121e+03,4.000000000000000000e+00,6.170946278060427392e-01
8.833333333333332121e+03,5.000000000000000000e+00,6.432231224898176114e-01
8.833333333333332121e+03,6.000000000000000000e+00,6.692516671048730492e-01
8.833333333333332121e+03,7.000000000000000000e+00,6.951635785231189413e-01
8.833333333333332121e+03,8.000000000000000000e+00,7.209428727131239611e-01
8.833333333333332121e+03,9.000000000000000000e+00,7.465743394748580730e-01
8.833333333333332121e+03,1.000000000000000000e+01,7.720436052723929077e-01
8.833333333333332121e+03,1.100000000000000000e+01,7.973371838234946107e-01
8.833333333333332121e+03,1.200000000000000000e+01,8.224425144244116304e-01
8.833333333333332121e+03,1.300000000000000000e+01,8.473479882790962980e-01
8.833333333333332121e+03,1.400000000000000000e+01,8.720429633559491078e-01
8.833333333333332121e+03,1.500000000000000000e+01,8.965177685056660017e-01
8.833333333333332121e+03,1.600000000000000000e+01,9.207636977380257992e-01
8.833333333333332121e+03,1.700000000000000000e+01,9.447729956729955525e-01
8.833333333333332121e+03,1.800000000000000000e+01,9.685388352546748791e-01
8.833333333333332121e+03,1.900000000000000000e+01,9.920552888487701448e-01
8.833333333333332121e+03,2.000000000000000000e+01,1.015317293840883428e+00
8.833333333333332121e+03,2.100000000000000000e+01,1.038320613819579519e+00
8.833333333333332121e+03,2.200000000000000000e+01,1.061061796370924792e+00
8.833333333333332121e+03,2.300000000000000000e+01,1.083538128436288384e+00
8.833333333333332121e+03,2.400000000000000000e+01,1.105747590097824196e+00
8.833333333333332121e+03,2.500000000000000000e+01,1.127688807561624484e+00
8.833333333333332121e+03,2.600000000000000000e+01,1.149361006010979569e+00
8.833333333333332121e+03,2.700000000000000000e+01,1.170763962905359890e+00
8.833333333333332121e+03,2.800000000000000000e+01,1.191897962207115746e+00
8.833333333333332121e+03,2.900000000000000000e+01,1.212763749929771651e+00
8.833333333333332121e+03,3.000000000000000000e+01,1.233362491320563858e+00
9.000000000000000000e+03,-3.000000000000000000e+01,-2.152554477219576490e-01
9.000000000000000000e+03,-2.900000000000000000e+01,-1.943896599993008567e-01
9.000000000000000000e+03,-2.800000000000000000e+01,-1.732556606975457769e-01
9.000000000000000000e+03,-2.700000000000000000e+01,-1.518527038031635690e-01
9.000000000000000000e+03,-2.600000000000000000e+01,-1.301805053538103718e-01
9.000000000000000000e+03,-2.500000000000000000e+01,-1.082392878900114153e-01
9.000000000000000000e+03,-2.400000000000000000e+01,-8.602982622847360483e-02
9.000000000000000000e+03,-2.300000000000000000e+01,-6.355349416310956956e-02
9.000000000000000000e+03,-2.200000000000000000e+01,-4.081231161176418487e-02
9.000000000000000000e+03,-2.100000000000000000e+01,-1.780899163306842725e-02
9.000000000000000000e+03,-2.000000000000000000e+01,5.453013359044689423e-03
9.000000000000000000e+03,-1.900000000000000000e+01,2.896946695313923348e-02
9.000000000000000000e+03,-1.800000000000000000e+01,5.273530653482055852e-02
9.000000000000000000e+03,-1.700000000000000000e+01,7.674460446978903505e-02
9.000000000000000000e+03,-1.600000000000000000e+01,1.009905337021482774e-01
9.000000000000000000e+03,-1.500000000000000000e+01,1.254653388518657819e-01
9.000000000000000000e+03,-1.400000000000000000e+01,1.501603139287182032e-01
9.000000000000000000e+03,-1.300000000000000000e+01,1.750657877834035925e-01
9.000000000000000000e+03,-1.200000000000000000e+01,2.001711183843200015e-01
9.000000000000000000e+03,-1.100000000000000000e+01,2.254646969354229813e-01
9.000000000000000000e+03,-1.000000000000000000e+01,2.509339627329560951e-01
9.000000000000000000e+03,-9.000000000000000000e+00,2.765654294946919833e-01
9.000000000000000000e+03,-8.000000000000000000e+00,3.023447236846945607e-01
9.000000000000000000e+03,-7.000000000000000000e+00,3.282566351029417850e-01
9.000000000000000000e+03,-6.000000000000000000e+00,3.542851797179955020e-01
9.000000000000000000e+03,-5.000000000000000000e+00,3.804136744017722060e-01
9.000000000000000000e+03,-4.000000000000000000e+00,4.066248228898579065e-01
9.000000000000000000e+03,-3.000000000000000000e+00,4.329008119534211163e-01
9.000000000000000000e+03,-2.000000000000000000e+00,4.592234164449339184e-01
9.000000000000000000e+03,-1.000000000000000000e+00,4.855741115864432578e-01
9.000000000000000000e+03,0.000000000000000000e+00,5.119341906213717985e-01
9.000000000000000000e+03,1.000000000000000000e+00,5.382848857628805828e-01
9.000000000000000000e+03,2.000000000000000000e+00,5.646074902543940510e-01
9.000000000000000000e+03,3.000000000000000000e+00,5.908834793179578160e-01
9.000000000000000000e+03,4.000000000000000000e+00,6.170946278060427392e-01
9.000000000000000000e+03,5.000000000000000000e+00,6.432231224898176114e-01
9.000000000000000000e+03,6.000000000000000000e+00,6.692516671048730492e-01
9.000000000000000000e+03,7.000000000000000000e+00,6.951635785231189413e-01
9.000000000000000000e+03,8.000000000000000000e+00,7.209428727131239611e-01
9.000000000000000000e+03,9.000000000000000000e+00,7.465743394748580730e-01
9.000000000000000000e+03,1.000000000000000000e+01,7.720436052723929077e-01
9.000000000000000000e+03,1.100000000000000000e+01,7.973371838234946107e-01
9.000000000000000000e+03,1.200000000000000000e+01,8.224425144244116304e-01
9.000000000000000000e+03,1.300000000000000000e+01,8.473479882790962980e-01
9.000000000000000000e+03,1.400000000000000000e+01,8.720429633559491078e-01
9.000000000000000000e+03,1.500000000000000000e+01,8.965177685056660017e-01
9.000000000000000000e+03,1.600000000000000000e+01,9.207636977380257992e-01
9.000000000000000000e+03,1.700000000000000000e+01,9.447729956729955525e-01
9.000000000000000000e+03,1.800000000000000000e+01,9.685388352546748791e-01
9.000000000000000000e+03,1.900000000000000000e+01,9.920552888487701448e-01
9.000000000000000000e+03,2.000000000000000000e+01,1.015317293840883428e+00
9.000000000000000000e+03,2.100000000000000000e+01,1.038320613819579519e+00
9.000000000000000000e+03,2.200000000000000000e+01,1.061061796370924792e+00
9.000000000000000000e+03,2.300000000000000000e+01,1.083538128436288384e+00
9.000000000000000000e+03,2.400000000000000000e+01,1.105747590097824196e+00
9.000000000000000000e+03,2.500000000000000000e+01,1.127688807561624484e+00
9.000000000000000000e+03,2.600000000000000000e+01,1.149361006010979569e+00
9.000000000000000000e+03,2.700000000000000000e+01,1.170763962905359890e+00
9.000000000000000000e+03,2.800000000000000000e+01,1.191897962207115746e+00
9.000000000000000000e+03,2.900000000000000000e+01,1.212763749929771651e+00
9.000000000000000000e+03,3.000000000000000000e+01,1.233362491320563858e+00
9.166666666666666060e+03,-3.000000000000000000e+01,-2.152554477219576490e-01
9.166666666666666060e+03,-2.900000000000000000e+01,-1.943896599993008567e-01
9.166666666666666060e+03,-2.800000000000000000e+01,-1.732556606975457769e-01
9.166666666666666060e+03,-2.700000000000000000e+01,-1.518527038031635690e-01
9.166666666666666060e+03,-2.600000000000000000e+01,-1.301805053538103718e-01
9.166666666666666060e+03,-2.500000000000000000e+01,-1.082392878900114153e-01
9.166666666666666060e+03,-2.400000000000000000e+01,-8.602982622847360483e-02
9.166666666666666060e+03,-2.300000000000000000e+01,-6.355349416310956956e-02
9.166666666666666060e+03,-2.200000000000000000e+01,-4.081231161176418487e-02
9.166666666666666060e+03,-2.100000000000000000e+01,-1.780899163306842725e-02
9.166666666666666060e+03,-2.000000000000000000e+01,5.453013359044689423e-03
9.166666666666666060e+03,-1.900000000000000000e+01,2.896946695313923348e-02
9.166666666666666060e+03,-1.800000000000000000e+01,5.273530653482055852e-02
9.166666666666666060e+03,-1.700000000000000000e+01,7.674460446978903505e-02
9.166666666666666060e+03,-1.600000000000000000e+01,1.009905337021482774e-01
9.166666666666666060e+03,-1.500000000000000000e+01,1.254653388518657819e-01
9.166666666666666060e+03,-1.400000000000000000e+01,1.501603139287182032e-01
9.166666666666666060e+03,-1.300000000000000000e+01,1.750657877834035925e-01
9.166666666666666060e+03,-1.200000000000000000e+01,2.001711183843200015e-01
9.166666666666666060e+03,-1.100000000000000000e+01,2.254646969354229813e-01
9.166666666666666060e+03,-1.000000000000000000e+01,2.509339627329560951e-01
9.166666666666666060e+03,-9.000000000000000000e+00,2.765654294946919833e-01
9.166666666666666060e+03,-8.000000000000000000e+00,3.023447236846945607e-01
9.166666666666666060e+03,-7.000000000000000000e+00,3.282566351029417850e-01
9.166666666666666060e+03,-6.000000000000000000e+00,3.542851797179955020e-01
9.166666666666666060e+03,-5.000000000000000000e+00,3.804136744017722060e-01
9.166666666666666060e+03,-4.000000000000000000e+00,4.066248228898579065e-01
9.166666666666666060e+03,-3.000000000000000000e+00,4.329008119534211163e-01
9.166666666666666060e+03,-2.000000000000000000e+00,4.592234164449339184e-01
9.166666666666666060e+03,-1.000000000000000000e+00,4.855741115864432578e-01
9.166666666666666060e+03,0.000000000000000000e+00,5.119341906213717985e-01
9.166666666666666060e+03,1.000000000000000000e+00,5.382848857628805828e-01
9.166666666666666060e+03,2.000000000000000000e+00,5.646074902543940510e-01
9.166666666666666060e+03,3.000000000000000000e+00,5.908834793179578160e-01
9.166666666666666060e+03,4.000000000000000000e+00,6.170946278060427392e-01
9.166666666666666060e+03,5.000000000000000000e+00,6.432231224898176114e-01
9.166666666666666060e+03,6.000000000000000000e+00,6.692516671048730492e-01
9.166666666666666060e+03,7.000000000000000000e+00,6.951635785231189413e-01
9.166666666666666060e+03,8.000000000000000000e+00,7.209428727131239611e-01
9.166666666666666060e+03,9.000000000000000000e+00,7.465743394748580730e-01
9.166666666666666060e+03,1.000000000000000000e+01,7.720436052723929077e-01
9.166666666666666060e+03,1.100000000000000000e+01,7.973371838234946107e-01
9.166666666666666060e+03,1.200000000000000000e+01,8.224425144244116304e-01
9.166666666666666060e+03,1.300000000000000000e+01,8.473479882790962980e-01
9.166666666666666060e+03,1.400000000000000000e+01,8.720429633559491078e-01
9.166666666666666060e+03,1.500000000000000000e+01,8.965177685056660017e-01
9.166666666666666060e+03,1.600000000000000000e+01,9.207636977380257992e-01
9.166666666666666060e+03,1.700000000000000000e+01,9.447729956729955525e-01
9.166666666666666060e+03,1.800000000000000000e+01,9.685388352546748791e-01
9.166666666666666060e+03,1.900000000000000000e+01,9.920552888487701448e-01
9.166666666666666060e+03,2.000000000000000000e+01,1.015317293840883428e+00
9.166666666666666060e+03,2.100000000000000000e+01,1.038320613819579519e+00
9.166666666666666060e+03,2.200000000000000000e+01,1.061061796370924792e+00
9.166666666666666060e+03,2.300000000000000000e+01,1.083538128436288384e+00
9.166666666666666060e+03,2.400000000000000000e+01,1.105747590097824196e+00
9.166666666666666060e+03,2.500000000000000000e+01,1.127688807561624484e+00
9.166666666666666060e+03,2.600000000000000000e+01,1.149361006010979569e+00
9.166666666666666060e+03,2.700000000000000000e+01,1.170763962905359890e+00
9.166666666666666060e+03,2.800000000000000000e+01,1.191897962207115746e+00
9.166666666666666060e+03,2.900000000000000000e+01,1.212763749929771651e+00
9.166666666666666060e+03,3.000000000000000000e+01,1.233362491320563858e+00
9.333333333333332121e+03,-3.000000000000000000e+01,-2.152554477219576490e-01
9.333333333333332121e+03,-2.900000000000000000e+01,-1.943896599993008567e-01
9.333333333333332121e+03,-2.800000000000000000e+01,-1.732556606975457769e-01
9.333333333333332121e+03,-2.700000000000000000e+01,-1.518527038031635690e-01
9.333333333333332121e+03,-2.600000000000000000e+01,-1.301805053538103718e-01
9.333333333333332121e+03,-2.500000000000000000e+01,-1.082392878900114153e-01
9.333333333333332121e+03,-2.400000000000000000e+01,-8.602982622847360483e-02
9.333333333333332121e+03,-2.300000000000000000e+01,-6.355349416310956956e-02
9.333333333333332121e+03,-2.200000000000000000e+01,-4.081231161176418487e-02
9.333333333333332121e+03,-2.100000000000000000e+01,-1.780899163306842725e-02
9.333333333333332121e+03,-2.000000000000000000e+01,5.453013359044689423e-03
9.333333333333332121e+03,-1.900000000000000000e+01,2.896946695313923348e-02
9.333333333333332121e+03,-1.800000000000000000e+01,5.273530653482055852e-02
9.333333333333332121e+03,-1.700000000000000000e+01,7.674460446978903505e-02
9.333333333333332121e+03,-1.600000000000000000e+01,1.009905337021482774e-01
9.333333333333332121e+03,-1.500000000000000000e+01,1.254653388518657819e-01
9.333333333333332121e+03,-1.400000000000000000e+01,1.501603139287182032e-01
9.333333333333332121e+03,-1.300000000000000000e+01,1.750657877834035925e-01
9.333333333333332121e+03,-1.200000000000000000e+01,2.001711183843200015e-01
9.333333333333332121e+03,-1.100000000000000000e+01,2.254646969354229813e-01
9.333333333333332121e+03,-1.000000000000000000e+01,2.509339627329560951e-01
9.333333333333332121e+03,-9.000000000000000000e+00,2.765654294946919833e-01
9.333333333333332121e+03,-8.000000000000000000e+00,3.023447236846945607e-01
9.333333333333332121e+03,-7.000000000000000000e+00,3.282566351029417850e-01
9.333333333333332121e+03,-6.000000000000000000e+00,3.542851797179955020e-01
9.333333333333332121e+03,-5.000000000000000000e+00,3.804136744017722060e-01
9.333333333333332121e+03,-4.000000000000000000e+00,4.066248228898579065e-01
9.333333333333332121e+03,-3.000000000000000000e+00,4.329008119534211163e-01
9.333333333333332121e+03,-2.000000000000000000e+00,4.592234164449339184e-01
9.333333333333332121e+03,-1.000000000000000000e+00,4.855741115864432578e-01
9.333333333333332121e+03,0.000000000000000000e+00,5.119341906213717985e-01
9.333333333333332121e+03,1.000000000000000000e+00,5.382848857628805828e-01
9.333333333333332121e+03,2.000000000000000000e+00,5.646074902543940510e-01
9.333333333333332121e+03,3.000000000000000000e+00,5.908834793179578160e-01
9.333333333333332121e+03,4.000000000000000000e+00,6.170946278060427392e-01
9.333333333333332121e+03,5.000000000000000000e+00,6.432231224898176114e-01
9.333333333333332121e+03,6.000000000000000000e+00,6.692516671048730492e-01
9.333333333333332121e+03,7.000000000000000000e+00,6.951635785231189413e-01
9.333333333333332121e+03,8.000000000000000000e+00,7.209428727131239611e-01
9.333333333333332121e+03,9.000000000000000000e+00,7.465743394748580730e-01
9.333333333333332121e+03,1.000000000000000000e+01,7.720436052723929077e-01
9.333333333333332121e+03,1.100000000000000000e+01,7.973371838234946107e-01
9.333333333333332121e+03,1.200000000000000000e+01,8.224425144244116304e-01
9.333333333333332121e+03,1.300000000000000000e+01,8.473479882790962980e-01
9.333333333333332121e+03,1.400000000000000000e+01,8.720429633559491078e-01
9.333333333333332121e+03,1.500000000000000000e+01,8.965177685056660017e-01
9.333333333333332121e+03,1.600000000000000000e+01,9.207636977380257992e-01
9.333333333333332121e+03,1.700000000000000000e+01,9.447729956729955525e-01
9.333333333333332121e+03,1.800000000000000000e+01,9.685388352546748791e-01
9.333333333333332121e+03,1.900000000000000000e+01,9.920552888487701448e-01
9.333333333333332121e+03,2.000000000000000000e+01,1.015317293840883428e+00
9.333333333333332121e+03,2.100000000000000000e+01,1.038320613819579519e+00
9.333333333333332121e+03,2.200000000000000000e+01,1.061061796370924792e+00
9.333333333333332121e+03,2.300000000000000000e+01,1.083538128436288384e+00
9.333333333333332121e+03,2.400000000000000000e+01,1.105747590097824196e+00
9.333333333333332121e+03,2.500000000000000000e+01,1.127688807561624484e+00
9.333333333333332121e+03,2.600000000000000000e+01,1.149361006010979569e+00
9.333333333333332121e+03,2.700000000000000000e+01,1.170763962905359890e+00
9.333333333333332121e+03,2.800000000000000000e+01,1.191897962207115746e+00
9.333333333333332121e+03,2.900000000000000000e+01,1.212763749929771651e+00
9.333333333333332121e+03,3.000000000000000000e+01,1.233362491320563858e+00
9.500000000000000000e+03,-3.000000000000000000e+01,-2.152554477219576490e-01
9.500000000000000000e+03,-2.900000000000000000e+01,-1.943896599993008567e-01
9.500000000000000000e+03,-2.800000000000000000e+01,-1.732556606975457769e-01
9.500000000000000000e+03,-2.700000000000000000e+01,-1.518527038031635690e-01
9.500000000000000000e+03,-2.600000000000000000e+01,-1.301805053538103718e-01
9.500000000000000000e+03,-2.500000000000000000e+01,-1.082392878900114153e-01
9.500000000000000000e+03,-2.400000000000000000e+01,-8.602982622847360483e-02
9.500000000000000000e+03,-2.300000000000000000e+01,-6.355349416310956956e-02
9.500000000000000000e+03,-2.200000000000000000e+01,-4.081231161176418487e-02
9.500000000000000000e+03,-2.100000000000000000e+01,-1.780899163306842725e-02
9.500000000000000000e+03,-2.000000000000000000e+01,5.453013359044689423e-03
9.500000000000000000e+03,-1.900000000000000000e+01,2.896946695313923348e-02
9.500000000000000000e+03,-1.800000000000000000e+01,5.273530653482055852e-02
9.500000000000000000e+03,-1.700000000000000000e+01,7.674460446978903505e-02
9.500000000000000000e+03,-1.600000000000000000e+01,1.009905337021482774e-01
9.500000000000000000e+03,-1.500000000000000000e+01,1.254653388518657819e-01
9.500000000000000000e+03,-1.400000000000000000e+01,1.501603139287182032e-01
9.500000000000000000e+03,-1.300000000000000000e+01,1.750657877834035925e-01
9.500000000000000000e+03,-1.200000000000000000e+01,2.001711183843200015e-01
9.500000000000000000e+03,-1.100000000000000000e+01,2.254646969354229813e-01
9.500000000000000000e+03,-1.000000000000000000e+01,2.509339627329560951e-01
9.500000000000000000e+03,-9.000000000000000000e+00,2.765654294946919833e-01
9.500000000000000000e+03,-8.000000000000000000e+00,3.023447236846945607e-01
9.500000000000000000e+03,-7.000000000000000000e+00,3.282566351029417850e-01
9.500000000000000000e+03,-6.000000000000000000e+00,3.542851797179955020e-01
9.500000000000000000e+03,-5.000000000000000000e+00,3.804136744017722060e-01
9.500000000000000000e+03,-4.000000000000000000e+00,4.066248228898579065e-01
9.500000000000000000e+03,-3.000000000000000000e+00,4.329008119534211163e-01
9.500000000000000000e+03,-2.000000000000000000e+00,4.592234164449339184e-01
9.500000000000000000e+03,-1.000000000000000000e+00,4.855741115864432578e-01
9.500000000000000000e+03,0.000000000000000000e+00,5.119341906213717985e-01
9.500000000000000000e+03,1.000000000000000000e+00,5.382848857628805828e-01
9.500000000000000000e+03,2.000000000000000000e+00,5.646074902543940510e-01
9.500000000000000000e+03,3.000000000000000000e+00,5.908834793179578160e-01
9.500000000000000000e+03,4.000000000000000000e+00,6.170946278060427392e-01
9.500000000000000000e+03,5.000000000000000000e+00,6.432231224898176114e-01
9.500000000000000000e+03,6.000000000000000000e+00,6.692516671048730492e-01
9.500000000000000000e+03,7.000000000000000000e+00,6.951635785231189413e-01
9.500000000000000000e+03,8.000000000000000000e+00,7.209428727131239611e-01
9.500000000000000000e+03,9.000000000000000000e+00,7.465743394748580730e-01
9.500000000000000000e+03,1.000000000000000000e+01,7.720436052723929077e-01
9.500000000000000000e+03,1.100000000000000000e+01,7.973371838234946107e-01
9.500000000000000000e+03,1.200000000000000000e+01,8.224425144244116304e-01
9.500000000000000000e+03,1.300000000000000000e+01,8.473479882790962980e-01
9.500000000000000000e+03,1.400000000000000000e+01,8.720429633559491078e-01
9.500000000000000000e+03,1.500000000000000000e+01,8.965177685056660017e-01
9.500000000000000000e+03,1.600000000000000000e+01,9.207636977380257992e-01
9.500000000000000000e+03,1.700000000000000000e+01,9.447729956729955525e-01
9.500000000000000000e+03,1.800000000000000000e+01,9.685388352546748791e-01
9.500000000000000000e+03,1.900000000000000000e+01,9.920552888487701448e-01
9.500000000000000000e+03,2.000000000000000000e+01,1.015317293840883428e+00
9.500000000000000000e+03,2.100000000000000000e+01,1.038320613819579519e+00
9.500000000000000000e+03,2.200000000000000000e+01,1.061061796370924792e+00
9.500000000000000000e+03,2.300000000000000000e+01,1.083538128436288384e+00
9.500000000000000000e+03,2.400000000000000000e+01,1.105747590097824196e+00
9.500000000000000000e+03,2.500000000000000000e+01,1.127688807561624484e+00
9.500000000000000000e+03,2.600000000000000000e+01,1.149361006010979569e+00
9.500000000000000000e+03,2.700000000000000000e+01,1.170763962905359890e+00
9.500000000000000000e+03,2.800000000000000000e+01,1.191897962207115746e+00
9.500000000000000000e+03,2.900000000000000000e+01,1.212763749929771651e+00
9.500000000000000000e+03,3.000000000000000000e+01,1.233362491320563858e+00
9.666666666666666060e+03,-3.000000000000000000e+01,-2.152554477219576490e-01
9.666666666666666060e+03,-2.900000000000000000e+01,-1.943896599993008567e-01
9.666666666666666060e+03,-2.800000000000000000e+01,-1.732556606975457769e-01
9.666666666666666060e+03,-2.700000000000000000e+01,-1.518527038031635690e-01
9.666666666666666060e+03,-2.600000000000000000e+01,-1.301805053538103718e-01
9.666666666666666060e+03,-2.500000000000000000e+01,-1.082392878900114153e-01
9.666666666666666060e+03,-2.400000000000000000e+01,-8.602982622847360483e-02
9.666666666666666060e+03,-2.300000000000000000e+01,-6.355349416310956956e-02
9.666666666666666060e+03,-2.200000000000000000e+01,-4.081231161176418487e-02
9.666666666666666060e+03,-2.100000000000000000e+01,-1.780899163306842725e-02
9.666666666666666060e+03,-2.000000000000000000e+01,5.453013359044689423e-03
9.666666666666666060e+03,-1.900000000000000000e+01,2.896946695313923348e-02
9.666666666666666060e+03,-1.800000000000000000e+01,5.273530653482055852e-02
9.666666666666666060e+03,-1.700000000000000000e+01,7.674460446978903505e-02
9.666666666666666060e+03,-1.600000000000000000e+01,1.009905337021482774e-01
9.666666666666666060e+03,-1.500000000000000000e+01,1.254653388518657819e-01
9.666666666666666060e+03,-1.400000000000000000e+01,1.501603139287182032e-01
9.666666666666666060e+03,-1.300000000000000000e+01,1.750657877834035925e-01
9.666666666666666060e+03,-1.200000000000000000e+01,2.001711183843200015e-01
9.666666666666666060e+03,-1.100000000000000000e+01,2.254646969354229813e-01
9.666666666666666060e+03,-1.000000000000000000e+01,2.509339627329560951e-01
9.666666666666666060e+03,-9.000000000000000000e+00,2.765654294946919833e-01
9.666666666666666060e+03,-8.000000000000000000e+00,3.023447236846945607e-01
9.666666666666666060e+03,-7.000000000000000000e+00,3.282566351029417850e-01
9.666666666666666060e+03,-6.000000000000000000e+00,3.542851797179955020e-01
9.666666666666666060e+03,-5.000000000000000000e+00,3.804136744017722060e-01
9.666666666666666060e+03,-4.000000000000000000e+00,4.066248228898579065e-01
9.666666666666666060e+03,-3.000000000000000000e+00,4.329008119534211163e-01
9.666666666666666060e+03,-2.000000000000000000e+00,4.592234164449339184e-01
9.666666666666666060e+03,-1.000000000000000000e+00,4.855741115864432578e-01
9.666666666666666060e+03,0.000000000000000000e+00,5.119341906213717985e-01
9.666666666666666060e+03,1.000000000000000000e+00,5.382848857628805828e-01
9.666666666666666060e+03,2.000000000000000000e+00,5.646074902543940510e-01
9.666666666666666060e+03,3.000000000000000000e+00,5.908834793179578160e-01
9.666666666666666060e+03,4.000000000000000000e+00,6.170946278060427392e-01
9.666666666666666060e+03,5.000000000000000000e+00,6.432231224898176114e-01
9.666666666666666060e+03,6.000000000000000000e+00,6.692516671048730492e-01
9.666666666666666060e+03,7.000000000000000000e+00,6.951635785231189413e-01
9.666666666666666060e+03,8.000000000000000000e+00,7.209428727131239611e-01
9.666666666666666060e+03,9.000000000000000000e+00,7.465743394748580730e-01
9.666666666666666060e+03,1.000000000000000000e+01,7.720436052723929077e-01
9.666666666666666060e+03,1.100000000000000000e+01,7.973371838234946107e-01
9.666666666666666060e+03,1.200000000000000000e+01,8.224425144244116304e-01
9.666666666666666060e+03,1.300000000000000000e+01,8.473479882790962980e-01
9.666666666666666060e+03,1.400000000000000000e+01,8.720429633559491078e-01
9.666666666666666060e+03,1.500000000000000000e+01,8.965177685056660017e-01
9.666666666666666060e+03,1.600000000000000000e+01,9.207636977380257992e-01
9.666666666666666060e+03,1.700000000000000000e+01,9.447729956729955525e-01
9.666666666666666060e+03,1.800000000000000000e+01,9.685388352546748791e-01
9.666666666666666060e+03,1.900000000000000000e+01,9.920552888487701448e-01
9.666666666666666060e+03,2.000000000000000000e+01,1.015317293840883428e+00
9.666666666666666060e+03,2.100000000000000000e+01,1.038320613819579519e+00
9.666666666666666060e+03,2.200000000000000000e+01,1.061061796370924792e+00
9.666666666666666060e+03,2.300000000000000000e+01,1.083538128436288384e+00
9.666666666666666060e+03,2.400000000000000000e+01,1.105747590097824196e+00
9.666666666666666060e+03,2.500000000000000000e+01,1.127688807561624484e+00
9.666666666666666060e+03,2.600000000000000000e+01,1.149361006010979569e+00
9.666666666666666060e+03,2.700000000000000000e+01,1.170763962905359890e+00
9.666666666666666060e+03,2.800000000000000000e+01,1.191897962207115746e+00
9.666666666666666060e+03,2.900000000000000000e+01,1.212763749929771651e+00
9.666666666666666060e+03,3.000000000000000000e+01,1.233362491320563858e+00
9.833333333333332121e+03,-3.000000000000000000e+01,-2.152554477219576490e-01
9.833333333333332121e+03,-2.900000000000000000e+01,-1.943896599993008567e-01
9.833333333333332121e+03,-2.800000000000000000e+01,-1.732556606975457769e-01
9.833333333333332121e+03,-2.700000000000000000e+01,-1.518527038031635690e-01
9.833333333333332121e+03,-2.600000000000000000e+01,-1.301805053538103718e-01
9.833333333333332121e+03,-2.500000000000000000e+01,-1.082392878900114153e-01
9.833333333333332121e+03,-2.400000000000000000e+01,-8.602982622847360483e-02
9.833333333333332121e+03,-2.300000000000000000e+01,-6.355349416310956956e-02
9.833333333333332121e+03,-2.200000000000000000e+01,-4.081231161176418487e-02
9.833333333333332121e+03,-2.100000000000000000e+01,-1.780899163306842725e-02
9.833333333333332121e+03,-2.000000000000000000e+01,5.453013359044689423e-03
9.833333333333332121e+03,-1.900000000000000000e+01,2.896946695313923348e-02
9.833333333333332121e+03,-1.800000000000000000e+01,5.273530653482055852e-02
9.833333333333332121e+03,-1.700000000000000000e+01,7.674460446978903505e-02
9.833333333333332121e+03,-1.600000000000000000e+01,1.009905337021482774e-01
9.833333333333332121e+03,-1.500000000000000000e+01,1.254653388518657819e-01
9.833333333333332121e+03,-1.400000000000000000e+01,1.501603139287182032e-01
9.833333333333332121e+03,-1.300000000000000000e+01,1.750657877834035925e-01
9.833333333333332121e+03,-1.200000000000000000e+01,2.001711183843200015e-01
9.833333333333332121e+03,-1.100000000000000000e+01,2.254646969354229813e-01
9.833333333333332121e+03,-1.000000000000000000e+01,2.509339627329560951e-01
9.833333333333332121e+03,-9.000000000000000000e+00,2.765654294946919833e-01
9.833333333333332121e+03,-8.000000000000000000e+00,3.023447236846945607e-01
9.833333333333332121e+03,-7.000000000000000000e+00,3.282566351029417850e-01
9.833333333333332121e+03,-6.000000000000000000e+00,3.542851797179955020e-01
9.833333333333332121e+03,-5.000000000000000000e+00,3.804136744017722060e-01
9.833333333333332121e+03,-4.000000000000000000e+00,4.066248228898579065e-01
9.833333333333332121e+03,-3.000000000000000000e+00,4.329008119534211163e-01
9.833333333333332121e+03,-2.000000000000000000e+00,4.592234164449339184e-01
9.833333333333332121e+03,-1.000000000000000000e+00,4.855741115864432578e-01
9.833333333333332121e+03,0.000000000000000000e+00,5.119341906213717985e-01
9.833333333333332121e+03,1.000000000000000000e+00,5.382848857628805828e-01
9.833333333333332121e+03,2.000000000000000000e+00,5.646074902543940510e-01
9.833333333333332121e+03,3.000000000000000000e+00,5.908834793179578160e-01
9.833333333333332121e+03,4.000000000000000000e+00,6.170946278060427392e-01
9.833333333333332121e+03,5.000000000000000000e+00,6.432231224898176114e-01
9.833333333333332121e+03,6.000000000000000000e+00,6.692516671048730492e-01
9.833333333333332121e+03,7.000000000000000000e+00,6.951635785231189413e-01
9.833333333333332121e+03,8.000000000000000000e+00,7.209428727131239611e-01
9.833333333333332121e+03,9.000000000000000000e+00,7.465743394748580730e-01
9.833333333333332121e+03,1.000000000000000000e+01,7.720436052723929077e-01
9.833333333333332121e+03,1.100000000000000000e+01,7.973371838234946107e-01
9.833333333333332121e+03,1.200000000000000000e+01,8.224425144244116304e-01
9.833333333333332121e+03,1.300000000000000000e+01,8.473479882790962980e-01
9.833333333333332121e+03,1.400000000000000000e+01,8.720429633559491078e-01
9.833333333333332121e+03,1.500000000000000000e+01,8.965177685056660017e-01
9.833333333333332121e+03,1.600000000000000000e+01,9.207636977380257992e-01
9.833333333333332121e+03,1.700000000000000000e+01,9.447729956729955525e-01
9.833333333333332121e+03,1.800000000000000000e+01,9.685388352546748791e-01
9.833333333333332121e+03,1.900000000000000000e+01,9.920552888487701448e-01
9.833333333333332121e+03,2.000000000000000000e+01,1.015317293840883428e+00
9.833333333333332121e+03,2.100000000000000000e+01,1.038320613819579519e+00
9.833333333333332121e+03,2.200000000000000000e+01,1.061061796370924792e+00
9.833333333333332121e+03,2.300000000000000000e+01,1.083538128436288384e+00
9.833333333333332121e+03,2.400000000000000000e+01,1.105747590097824196e+00
9.833333333333332121e+03,2.500000000000000000e+01,1.127688807561624484e+00
9.833333333333332121e+03,2.600000000000000000e+01,1.149361006010979569e+00
9.833333333333332121e+03,2.700000000000000000e+01,1.170763962905359890e+00
9.833333333333332121e+03,2.800000000000000000e+01,1.191897962207115746e+00
9.833333333333332121e+03,2.900000000000000000e+01,1.212763749929771651e+00
9.833333333333332121e+03,3.000000000000000000e+01,1.233362491320563858e+00
1.000000000000000000e+04,-3.000000000000000000e+01,-2.152554477219576490e-01
1.000000000000000000e+04,-2.900000000000000000e+01,-1.943896599993008567e-01
1.000000000000000000e+04,-2.800000000000000000e+01,-1.732556606975457769e-01
1.000000000000000000e+04,-2.700000000000000000e+01,-1.518527038031635690e-01
1.000000000000000000e+04,-2.600000000000000000e+01,-1.301805053538103718e-01
1.000000000000000000e+04,-2.500000000000000000e+01,-1.082392878900114153e-01
1.000000000000000000e+04,-2.400000000000000000e+01,-8.602982622847360483e-02
1.000000000000000000e+04,-2.300000000000000000e+01,-6.355349416310956956e-02
1.000000000000000000e+04,-2.200000000000000000e+01,-4.081231161176418487e-02
1.000000000000000000e+04,-2.100000000000000000e+01,-1.780899163306842725e-02
1.000000000000000000e+04,-2.000000000000000000e+01,5.453013359044689423e-03
1.000000000000000000e+04,-1.900000000000000000e+01,2.896946695313923348e-02
1.000000000000000000e+04,-1.800000000000000000e+01,5.273530653482055852e-02
1.000000000000000000e+04,-1.700000000000000000e+01,7.674460446978903505e-02
1.000000000000000000e+04,-1.600000000000000000e+01,1.009905337021482774e-01
1.000000000000000000e+04,-1.500000000000000000e+01,1.254653388518657819e-01
1.000000000000000000e+04,-1.400000000000000000e+01,1.501603139287182032e-01
1.000000000000000000e+04,-1.300000000000000000e+01,1.750657877834035925e-01
1.000000000000000000e+04,-1.200000000000000000e+01,2.001711183843200015e-01
1.000000000000000000e+04,-1.100000000000000000e+01,2.254646969354229813e-01
1.000000000000000000e+04,-1.000000000000000000e+01,2.509339627329560951e-01
1.000000000000000000e+04,-9.000000000000000000e+00,2.765654294946919833e-01
1.000000000000000000e+04,-8.000000000000000000e+00,3.023447236846945607e-01
1.000000000000000000e+04,-7.000000000000000000e+00,3.282566351029417850e-01
1.000000000000000000e+04,-6.000000000000000000e+00,3.542851797179955020e-01
1.000000000000000000e+04,-5.000000000000000000e+00,3.804136744017722060e-01
1.000000000000000000e+04,-4.000000000000000000e+00,4.066248228898579065e-01
1.000000000000000000e+04,-3.000000000000000000e+00,4.329008119534211163e-01
1.000000000000000000e+04,-2.000000000000000000e+00,4.592234164449339184e-01
1.000000000000000000e+04,-1.000000000000000000e+00,4.855741115864432578e-01
1.000000000000000000e+04,0.000000000000000000e+00,5.119341906213717985e-01
1.000000000000000000e+04,1.000000000000000000e+00,5.382848857628805828e-01
1.000000000000000000e+04,2.000000000000000000e+00,5.646074902543940510e-01
1.000000000000000000e+04,3.000000000000000000e+00,5.908834793179578160e-01
1.000000000000000000e+04,4.000000000000000000e+00,6.170946278060427392e-01
1.000000000000000000e+04,5.000000000000000000e+00,6.432231224898176114e-01
1.000000000000000000e+04,6.000000000000000000e+00,6.692516671048730492e-01
1.000000000000000000e+04,7.000000000000000000e+00,6.951635785231189413e-01
1.000000000000000000e+04,8.000000000000000000e+00,7.209428727131239611e-01
1.000000000000000000e+04,9.000000000000000000e+00,7.465743394748580730e-01
1.000000000000000000e+04,1.000000000000000000e+01,7.720436052723929077e-01
1.000000000000000000e+04,1.100000000000000000e+01,7.973371838234946107e-01
1.000000000000000000e+04,1.200000000000000000e+01,8.224425144244116304e-01
1.000000000000000000e+04,1.300000000000000000e+01,8.473479882790962980e-01
1.000000000000000000e+04,1.400000000000000000e+01,8.720429633559491078e-01
1.000000000000000000e+04,1.500000000000000000e+01,8.965177685056660017e-01
1.000000000000000000e+04,1.600000000000000000e+01,9.207636977380257992e-01
1.000000000000000000e+04,1.700000000000000000e+01,9.447729956729955525e-01
1.000000000000000000e+04,1.800000000000000000e+01,9.685388352546748791e-01
1.000000000000000000e+04,1.900000000000000000e+01,9.920552888487701448e-01
1.000000000000000000e+04,2.000000000000000000e+01,1.015317293840883428e+00
1.000000000000000000e+04,2.100000000000000000e+01,1.038320613819579519e+00
1.000000000000000000e+04,2.200000000000000000e+01,1.061061796370924792e+00
1.000000000000000000e+04,2.300000000000000000e+01,1.083538128436288384e+00
1.000000000000000000e+04,2.400000000000000000e+01,1.105747590097824196e+00
1.000000000000000000e+04,2.500000000000000000e+01,1.127688807561624484e+00
1.000000000000000000e+04,2.600000000000000000e+01,1.149361006010979569e+00
1.000000000000000000e+04,2.700000000000000000e+01,1.170763962905359890e+00
1.000000000000000000e+04,2.800000000000000000e+01,1.191897962207115746e+00
1.000000000000000000e+04,2.900000000000000000e+01,1.212763749929771651e+00
1.000000000000000000e+04,3.000000000000000000e+01,1.233362491320563858e+00
