tau,q,bid_depth
0.000000000000000000e+00,-3.000000000000000000e+01,4.987541511039073616e-01
0.000000000000000000e+00,-2.900000000000000000e+01,4.987541511039073616e-01
0.000000000000000000e+00,-2.800000000000000000e+01,4.987541511039073616e-01
0.000000000000000000e+00,-2.700000000000000000e+01,4.987541511039073616e-01
0.000000000000000000e+00,-2.600000000000000000e+01,4.987541511039073616e-01
0.000000000000000000e+00,-2.500000000000000000e+01,4.987541511039073616e-01
0.000000000000000000e+00,-2.400000000000000000e+01,4.987541511039073616e-01
0.000000000000000000e+00,-2.300000000000000000e+01,4.987541511039073616e-01
0.000000000000000000e+00,-2.200000000000000000e+01,4.987541511039073616e-01
0.000000000000000000e+00,-2.100000000000000000e+01,4.987541511039073616e-01
0.000000000000000000e+00,-2.000000000000000000e+01,4.987541511039073616e-01
0.000000000000000000e+00,-1.900000000000000000e+01,4.987541511039073616e-01
0.000000000000000000e+00,-1.800000000000000000e+01,4.987541511039073616e-01
0.000000000000000000e+00,-1.700000000000000000e+01,4.987541511039073616e-01
0.000000000000000000e+00,-1.600000000000000000e+01,4.987541511039073616e-01
0.000000000000000000e+00,-1.500000000000000000e+01,4.987541511039073616e-01
0.000000000000000000e+00,-1.400000000000000000e+01,4.987541511039073616e-01
0.000000000000000000e+00,-1.300000000000000000e+01,4.987541511039073616e-01
0.000000000000000000e+00,-1.200000000000000000e+01,4.987541511039073616e-01
0.000000000000000000e+00,-1.100000000000000000e+01,4.987541511039073616e-01
0.000000000000000000e+00,-1.000000000000000000e+01,4.987541511039073616e-01
0.000000000000000000e+00,-9.000000000000000000e+00,4.987541511039073616e-01
0.000000000000000000e+00,-8.000000000000000000e+00,4.987541511039073616e-01
0.000000000000000000e+00,-7.000000000000000000e+00,4.987541511039073616e-01
0.000000000000000000e+00,-6.000000000000000000e+00,4.987541511039073616e-01
0.000000000000000000e+00,-5.000000000000000000e+00,4.987541511039073616e-01
0.000000000000000000e+00,-4.000000000000000000e+00,4.987541511039073616e-01
0.000000000000000000e+00,-3.000000000000000000e+00,4.987541511039073616e-01
0.000000000000000000e+00,-2.000000000000000000e+00,4.987541511039073616e-01
0.000000000000000000e+00,-1.000000000000000000e+00,4.987541511039073616e-01
0.000000000000000000e+00,0.000000000000000000e+00,4.987541511039073616e-01
0.000000000000000000e+00,1.000000000000000000e+00,4.987541511039073616e-01
0.000000000000000000e+00,2.000000000000000000e+00,4.987541511039073616e-01
0.000000000000000000e+00,3.000000000000000000e+00,4.987541511039073616e-01
0.000000000000000000e+00,4.000000000000000000e+00,4.987541511039073616e-01
0.000000000000000000e+00,5.000000000000000000e+00,4.987541511039073616e-01
0.000000000000000000e+00,6.000000000000000000e+00,4.987541511039073616e-01
0.000000000000000000e+00,7.000000000000000000e+00,4.987541511039073616e-01
0.000000000000000000e+00,8.000000000000000000e+00,4.987541511039073616e-01
0.000000000000000000e+00,9.000000000000000000e+00,4.987541511039073616e-01
0.000000000000000000e+00,1.000000000000000000e+01,4.987541511039073616e-01
0.000000000000000000e+00,1.100000000000000000e+01,4.987541511039073616e-01
0.000000000000000000e+00,1.200000000000000000e+01,4.987541511039073616e-01
0.000000000000000000e+00,1.300000000000000000e+01,4.987541511039073616e-01
0.000000000000000000e+00,1.400000000000000000e+01,4.987541511039073616e-01
0.000000000000000000e+00,1.500000000000000000e+01,4.987541511039073616e-01
0.000000000000000000e+00,1.600000000000000000e+01,4.987541511039073616e-01
0.000000000000000000e+00,1.700000000000000000e+01,4.987541511039073616e-01
0.000000000000000000e+00,1.800000000000000000e+01,4.987541511039073616e-01
0.000000000000000000e+00,1.900000000000000000e+01,4.987541511039073616e-01
0.000000000000000000e+00,2.000000000000000000e+01,4.987541511039073616e-01
0.000000000000000000e+00,2.100000000000000000e+01,4.987541511039073616e-01
0.000000000000000000e+00,2.200000000000000000e+01,4.987541511039073616e-01
0.000000000000000000e+00,2.300000000000000000e+01,4.987541511039073616e-01
0.000000000000000000e+00,2.400000000000000000e+01,4.987541511039073616e-01
0.000000000000000000e+00,2.500000000000000000e+01,4.987541511039073616e-01
0.000000000000000000e+00,2.600000000000000000e+01,4.987541511039073616e-01
0.000000000000000000e+00,2.700000000000000000e+01,4.987541511039073616e-01
0.000000000000000000e+00,2.800000000000000000e+01,4.987541511039073616e-01
0.000000000000000000e+00,2.900000000000000000e+01,4.987541511039073616e-01
0.000000000000000000e+00,3.000000000000000000e+01,4.987541511039073616e-01
1.667500000000000000e+02,-3.000000000000000000e+01,-3.097281064953296692e-01
1.667500000000000000e+02,-2.900000000000000000e+01,-2.872410960918099221e-01
1.667500000000000000e+02,-2.800000000000000000e+01,-2.643806082050819128e-01
1.667500000000000000e+02,-2.700000000000000000e+01,-2.411424821974392785e-01
1.667500000000000000e+02,-2.600000000000000000e+01,-2.175231988311985276e-01
1.667500000000000000e+02,-2.500000000000000000e+01,-1.935199711840027703e-01
1.667500000000000000e+02,-2.400000000000000000e+01,-1.691308400633424469e-01
1.667500000000000000e+02,-2.300000000000000000e+01,-1.443547730151326647e-01
1.667500000000000000e+02,-2.200000000000000000e+01,-1.191917657691643484e-01
1.667500000000000000e+02,-2.100000000000000000e+01,-9.364294470435829965e-02
1.667500000000000000e+02,-2.000000000000000000e+01,-6.771066865755415165e-02
1.667500000000000000e+02,-1.900000000000000000e+01,-4.139862815585715339e-02
1.667500000000000000e+02,-1.800000000000000000e+01,-1.471193993686981116e-02
1.667500000000000000e+02,-1.700000000000000000e+01,1.234276555058944069e-02
1.667500000000000000e+02,-1.600000000000000000e+01,3.975726608524876582e-02
1.667500000000000000e+02,-1.500000000000000000e+01,6.752168151318072020e-02
1.667500000000000000e+02,-1.400000000000000000e+01,9.562442190828557287e-02
1.667500000000000000e+02,-1.300000000000000000e+01,1.240521523435598183e-01
1.667500000000000000e+02,-1.200000000000000000e+01,1.527897763424439503e-01
1.667500000000000000e+02,-1.100000000000000000e+01,1.818204397724816346e-01
1.667500000000000000e+02,-1.000000000000000000e+01,2.111255565580998361e-01
1.667500000000000000e+02,-9.000000000000000000e+00,2.406848571387751878e-01
1.667500000000000000e+02,-8.000000000000000000e+00,2.704764600996597546e-01
1.667500000000000000e+02,-7.000000000000000000e+00,3.004769668721942733e-01
1.667500000000000000e+02,-6.000000000000000000e+00,3.306615788616259488e-01
1.667500000000000000e+02,-5.000000000000000000e+00,3.610042358253267580e-01
1.667500000000000000e+02,-4.000000000000000000e+00,3.914777738176245525e-01
1.667500000000000000e+02,-3.000000000000000000e+00,4.220541005487244424e-01
1.667500000000000000e+02,-2.000000000000000000e+00,4.527043855898614799e-01
1.667500000000000000e+02,-1.000000000000000000e+00,4.833992625044409297e-01
1.667500000000000000e+02,0.000000000000000000e+00,5.141090397033785120e-01
1.667500000000000000e+02,1.000000000000000000e+00,5.448039166179582393e-01
1.667500000000000000e+02,2.000000000000000000e+00,5.754542016590956655e-01
1.667500000000000000e+02,3.000000000000000000e+00,6.060305283901961104e-01
1.667500000000000000e+02,4.000000000000000000e+00,6.365040663824937939e-01
1.667500000000000000e+02,5.000000000000000000e+00,6.668467233461938815e-01
1.667500000000000000e+02,6.000000000000000000e+00,6.970313353356255570e-01
1.667500000000000000e+02,7.000000000000000000e+00,7.270318421081580773e-01
1.667500000000000000e+02,8.000000000000000000e+00,7.568234450690419779e-01
1.667500000000000000e+02,9.000000000000000000e+00,7.863827456497172186e-01
1.667500000000000000e+02,1.000000000000000000e+01,8.156878624353358642e-01
1.667500000000000000e+02,1.100000000000000000e+01,8.447185258653724382e-01
1.667500000000000000e+02,1.200000000000000000e+01,8.734561498642574584e-01
1.667500000000000000e+02,1.300000000000000000e+01,9.018838802995308157e-01
1.667500000000000000e+02,1.400000000000000000e+01,9.299866206946378888e-01
1.667500000000000000e+02,1.500000000000000000e+01,9.577510361225685109e-01
1.667500000000000000e+02,1.600000000000000000e+01,9.851655366572287242e-01
1.667500000000000000e+02,1.700000000000000000e+01,1.012220242144685756e+00
1.667500000000000000e+02,1.800000000000000000e+01,1.038906930363674874e+00
1.667500000000000000e+02,1.900000000000000000e+01,1.065218970865370096e+00
1.667500000000000000e+02,2.000000000000000000e+01,1.091151246912179573e+00
1.667500000000000000e+02,2.100000000000000000e+01,1.116700067976981181e+00
1.667500000000000000e+02,2.200000000000000000e+01,1.141863075222948609e+00
1.667500000000000000e+02,2.300000000000000000e+01,1.166639142271164609e+00
1.667500000000000000e+02,2.400000000000000000e+01,1.191028273391816938e+00
1.667500000000000000e+02,2.500000000000000000e+01,1.215031501039023354e+00
1.667500000000000000e+02,2.600000000000000000e+01,1.238650784405253447e+00
1.667500000000000000e+02,2.700000000000000000e+01,1.261888910412908515e+00
1.667500000000000000e+02,2.800000000000000000e+01,1.284749398299629419e+00
1.667500000000000000e+02,2.900000000000000000e+01,1.307236408703150943e+00
1.667500000000000000e+02,3.000000000000000000e+01,1.329354657915706284e+00
3.332500000000000000e+02,-3.000000000000000000e+01,-3.139767494648708634e-01
3.332500000000000000e+02,-2.900000000000000000e+01,-2.915009175427254462e-01
3.332500000000000000e+02,-2.800000000000000000e+01,-2.686445845966076718e-01
3.332500000000000000e+02,-2.700000000000000000e+01,-2.454029119303484663e-01
3.332500000000000000e+02,-2.600000000000000000e+01,-2.217716868733887736e-01
3.332500000000000000e+02,-2.500000000000000000e+01,-1.977474213118508573e-01
3.332500000000000000e+02,-2.400000000000000000e+01,-1.733274561336486386e-01
3.332500000000000000e+02,-2.300000000000000000e+01,-1.485100706544608684e-01
3.332500000000000000e+02,-2.200000000000000000e+01,-1.232945957724744801e-01
3.332500000000000000e+02,-2.100000000000000000e+01,-9.768152926184203722e-02
3.332500000000000000e+02,-2.000000000000000000e+01,-7.167265127502187028e-02
3.332500000000000000e+02,-1.900000000000000000e+01,-4.527113779953939598e-02
3.332500000000000000e+02,-1.800000000000000000e+01,-1.848166952717011924e-02
3.332500000000000000e+02,-1.700000000000000000e+01,8.689466633331477396e-03
3.332500000000000000e+02,-1.600000000000000000e+01,3.623428631392178190e-02
3.332500000000000000e+02,-1.500000000000000000e+01,6.414302967200447014e-02
3.332500000000000000e+02,-1.400000000000000000e+01,9.240409948770311743e-02
3.332500000000000000e+02,-1.300000000000000000e+01,1.210040180664622156e-01
3.332500000000000000e+02,-1.200000000000000000e+01,1.499274053304380239e-01
3.332500000000000000e+02,-1.100000000000000000e+01,1.791569800664059020e-01
3.332500000000000000e+02,-1.000000000000000000e+01,2.086735857960970719e-01
3.332500000000000000e+02,-9.000000000000000000e+00,2.384562421700673340e-01
3.332500000000000000e+02,-8.000000000000000000e+00,2.684822221854435975e-01
3.332500000000000000e+02,-7.000000000000000000e+00,2.987271549168610818e-01
3.332500000000000000e+02,-6.000000000000000000e+00,3.291651528517709480e-01
3.332500000000000000e+02,-5.000000000000000000e+00,3.597689623556182825e-01
3.332500000000000000e+02,-4.000000000000000000e+00,3.905101352738284959e-01
3.332500000000000000e+02,-3.000000000000000000e+00,4.213592192167082695e-01
3.332500000000000000e+02,-2.000000000000000000e+00,4.522859636772887937e-01
3.332500000000000000e+02,-1.000000000000000000e+00,4.832595388050525131e-01
3.332500000000000000e+02,0.000000000000000000e+00,5.142487634027668175e-01
3.332500000000000000e+02,1.000000000000000000e+00,5.452223385305304815e-01
3.332500000000000000e+02,2.000000000000000000e+00,5.761490829911111167e-01
3.332500000000000000e+02,3.000000000000000000e+00,6.069981669339908903e-01
3.332500000000000000e+02,4.000000000000000000e+00,6.377393398522012147e-01
3.332500000000000000e+02,5.000000000000000000e+00,6.683431493560473280e-01
3.332500000000000000e+02,6.000000000000000000e+00,6.987811472909559729e-01
3.332500000000000000e+02,7.000000000000000000e+00,7.290260800223731241e-01
3.332500000000000000e+02,8.000000000000000000e+00,7.590520600377481664e-01
3.332500000000000000e+02,9.000000000000000000e+00,7.888347164117177623e-01
3.332500000000000000e+02,1.000000000000000000e+01,8.183513221414102645e-01
3.332500000000000000e+02,1.100000000000000000e+01,8.475808968773772545e-01
3.332500000000000000e+02,1.200000000000000000e+01,8.765042841413541730e-01
3.332500000000000000e+02,1.300000000000000000e+01,9.051042027201146034e-01
3.332500000000000000e+02,1.400000000000000000e+01,9.333652725358105862e-01
3.332500000000000000e+02,1.500000000000000000e+01,9.612740158938990476e-01
3.332500000000000000e+02,1.600000000000000000e+01,9.888188355744849112e-01
3.332500000000000000e+02,1.700000000000000000e+01,1.015989971734987840e+00
3.332500000000000000e+02,1.800000000000000000e+01,1.042779440007359781e+00
3.332500000000000000e+02,1.900000000000000000e+01,1.069180953482838703e+00
3.332500000000000000e+02,2.000000000000000000e+01,1.095189831469657094e+00
3.332500000000000000e+02,2.100000000000000000e+01,1.120802897980289536e+00
3.332500000000000000e+02,2.200000000000000000e+01,1.146018372862276813e+00
3.332500000000000000e+02,2.300000000000000000e+01,1.170835758341467248e+00
3.332500000000000000e+02,2.400000000000000000e+01,1.195255723519675684e+00
3.332500000000000000e+02,2.500000000000000000e+01,1.219279989081195836e+00
3.332500000000000000e+02,2.600000000000000000e+01,1.242911214138166187e+00
3.332500000000000000e+02,2.700000000000000000e+01,1.266152886804432498e+00
3.332500000000000000e+02,2.800000000000000000e+01,1.289009219750543167e+00
3.332500000000000000e+02,2.900000000000000000e+01,1.311485051672697466e+00
3.332500000000000000e+02,3.000000000000000000e+01,1.333585755317709953e+00
5.000000000000000000e+02,-3.000000000000000000e+01,-3.140954513665636938e-01
5.000000000000000000e+02,-2.900000000000000000e+01,-2.916204381145046654e-01
5.000000000000000000e+02,-2.800000000000000000e+01,-2.687647304236797652e-01
5.000000000000000000e+02,-2.700000000000000000e+01,-2.455234661886596115e-01
5.000000000000000000e+02,-2.600000000000000000e+01,-2.218924084070437175e-01
5.000000000000000000e+02,-2.500000000000000000e+01,-1.978680439712956485e-01
5.000000000000000000e+02,-2.400000000000000000e+01,-1.734476884382747386e-01
5.000000000000000000e+02,-2.300000000000000000e+01,-1.486295958438574871e-01
5.000000000000000000e+02,-2.200000000000000000e+01,-1.234130723072270897e-01
5.000000000000000000e+02,-2.100000000000000000e+01,-9.779859182771666326e-02
5.000000000000000000e+02,-2.000000000000000000e+01,-7.178791233279468997e-02
5.000000000000000000e+02,-1.900000000000000000e+01,-4.538418970674040764e-02
5.000000000000000000e+02,-1.800000000000000000e+01,-1.859208723820415798e-02
5.000000000000000000e+02,-1.700000000000000000e+01,8.582122305154982200e-03
5.000000000000000000e+02,-1.600000000000000000e+01,3.613046491267590810e-02
5.000000000000000000e+02,-1.500000000000000000e+01,6.404318685778953579e-02
5.000000000000000000e+02,-1.400000000000000000e+01,9.230869242232131455e-02
5.000000000000000000e+02,-1.300000000000000000e+01,1.209135005274384334e-01
5.000000000000000000e+02,-1.200000000000000000e+01,1.498422226652085243e-01
5.000000000000000000e+02,-1.100000000000000000e+01,1.790775641026045584e-01
5.000000000000000000e+02,-1.000000000000000000e+01,2.086003498213810925e-01
5.000000000000000000e+02,-9.000000000000000000e+00,2.383895760868532943e-01
5.000000000000000000e+02,-8.000000000000000000e+00,2.684224879334412561e-01
5.000000000000000000e+02,-7.000000000000000000e+00,2.986746822412532643e-01
5.000000000000000000e+02,-6.000000000000000000e+00,3.291202354788820283e-01
5.000000000000000000e+02,-5.000000000000000000e+00,3.597318546224598235e-01
5.000000000000000000e+02,-4.000000000000000000e+00,3.904810492442149505e-01
5.000000000000000000e+02,-3.000000000000000000e+00,4.213383223052838411e-01
5.000000000000000000e+02,-2.000000000000000000e+00,4.522733767942078154e-01
5.000000000000000000e+02,-1.000000000000000000e+00,4.832553350280640037e-01
5.000000000000000000e+02,0.000000000000000000e+00,5.142529671797542168e-01
5.000000000000000000e+02,1.000000000000000000e+00,5.452349254136104051e-01
5.000000000000000000e+02,2.000000000000000000e+00,5.761699799025346014e-01
5.000000000000000000e+02,3.000000000000000000e+00,6.070272529636036030e-01
5.000000000000000000e+02,4.000000000000000000e+00,6.377764475853584525e-01
5.000000000000000000e+02,5.000000000000000000e+00,6.683880667289354705e-01
5.000000000000000000e+02,6.000000000000000000e+00,6.988336199665626802e-01
5.000000000000000000e+02,7.000000000000000000e+00,7.290858142743747994e-01
5.000000000000000000e+02,8.000000000000000000e+00,7.591187261209614290e-01
5.000000000000000000e+02,9.000000000000000000e+00,7.889079523864312993e-01
5.000000000000000000e+02,1.000000000000000000e+01,8.184307381052100538e-01
5.000000000000000000e+02,1.100000000000000000e+01,8.476660795426063100e-01
5.000000000000000000e+02,1.200000000000000000e+01,8.765948016803757348e-01
5.000000000000000000e+02,1.300000000000000000e+01,9.051996097854968504e-01
5.000000000000000000e+02,1.400000000000000000e+01,9.334651153500272969e-01
5.000000000000000000e+02,1.500000000000000000e+01,9.613778372951453655e-01
5.000000000000000000e+02,1.600000000000000000e+01,9.889261799026658473e-01
5.000000000000000000e+02,1.700000000000000000e+01,1.016100389446021879e+00
5.000000000000000000e+02,1.800000000000000000e+01,1.042892491914560793e+00
5.000000000000000000e+02,1.900000000000000000e+01,1.069296214540604417e+00
5.000000000000000000e+02,2.000000000000000000e+01,1.095306894035530831e+00
5.000000000000000000e+02,2.100000000000000000e+01,1.120921374515043922e+00
5.000000000000000000e+02,2.200000000000000000e+01,1.146137898051672543e+00
5.000000000000000000e+02,2.300000000000000000e+01,1.170955990646095124e+00
5.000000000000000000e+02,2.400000000000000000e+01,1.195376346179124027e+00
5.000000000000000000e+02,2.500000000000000000e+01,1.219400710614856109e+00
5.000000000000000000e+02,2.600000000000000000e+01,1.243031768396473780e+00
5.000000000000000000e+02,2.700000000000000000e+01,1.266273032631495710e+00
5.000000000000000000e+02,2.800000000000000000e+01,1.289128740322329492e+00
5.000000000000000000e+02,2.900000000000000000e+01,1.311603753574388520e+00
5.000000000000000000e+02,3.000000000000000000e+01,1.333703467421061717e+00
6.667500000000000000e+02,-3.000000000000000000e+01,-3.140988822209394016e-01
6.667500000000000000e+02,-2.900000000000000000e+01,-2.916238968441451362e-01
6.667500000000000000e+02,-2.800000000000000000e+01,-2.687682115213014811e-01
6.667500000000000000e+02,-2.700000000000000000e+01,-2.455269634346084473e-01
6.667500000000000000e+02,-2.600000000000000000e+01,-2.218959148370416301e-01
6.667500000000000000e+02,-2.500000000000000000e+01,-1.978715518519855721e-01
6.667500000000000000e+02,-2.400000000000000000e+01,-1.734511892524945864e-01
6.667500000000000000e+02,-2.300000000000000000e+01,-1.486330802879578528e-01
6.667500000000000000e+02,-2.200000000000000000e+01,-1.234165303022383142e-01
6.667500000000000000e+02,-2.100000000000000000e+01,-9.780201254638143382e-02
6.667500000000000000e+02,-2.000000000000000000e+01,-7.179128424390412988e-02
6.667500000000000000e+02,-1.900000000000000000e+01,-4.538750063765739640e-02
6.667500000000000000e+02,-1.800000000000000000e+01,-1.859532445593181649e-02
6.667500000000000000e+02,-1.700000000000000000e+01,8.578971994796624756e-03
6.667500000000000000e+02,-1.600000000000000000e+01,3.612741504905692125e-02
6.667500000000000000e+02,-1.500000000000000000e+01,6.404025119464318294e-02
6.667500000000000000e+02,-1.400000000000000000e+01,9.230588478488543913e-02
6.667500000000000000e+02,-1.300000000000000000e+01,1.209108346607390416e-01
6.667500000000000000e+02,-1.200000000000000000e+01,1.498397120771972624e-01
6.667500000000000000e+02,-1.100000000000000000e+01,1.790752219058173722e-01
6.667500000000000000e+02,-1.000000000000000000e+01,2.085981885768282140e-01
6.667500000000000000e+02,-9.000000000000000000e+00,2.383876076534323651e-01
6.667500000000000000e+02,-8.000000000000000000e+00,2.684207233258734115e-01
6.667500000000000000e+02,-7.000000000000000000e+00,2.986731314989315988e-01
6.667500000000000000e+02,-6.000000000000000000e+00,3.291189075475517978e-01
6.667500000000000000e+02,-5.000000000000000000e+00,3.597307572501309281e-01
6.667500000000000000e+02,-4.000000000000000000e+00,3.904801888922470599e-01
6.667500000000000000e+02,-3.000000000000000000e+00,4.213377040752507297e-01
6.667500000000000000e+02,-2.000000000000000000e+00,4.522730043708673153e-01
6.667500000000000000e+02,-1.000000000000000000e+00,4.832552106385816226e-01
6.667500000000000000e+02,0.000000000000000000e+00,5.142530915692370419e-01
6.667500000000000000e+02,1.000000000000000000e+00,5.452352978369513492e-01
6.667500000000000000e+02,2.000000000000000000e+00,5.761705981325678794e-01
6.667500000000000000e+02,3.000000000000000000e+00,6.070281133155721598e-01
6.667500000000000000e+02,4.000000000000000000e+00,6.377775449576877920e-01
6.667500000000000000e+02,5.000000000000000000e+00,6.683893946602655900e-01
6.667500000000000000e+02,6.000000000000000000e+00,6.988351707088849007e-01
6.667500000000000000e+02,7.000000000000000000e+00,7.290875788819423109e-01
6.667500000000000000e+02,8.000000000000000000e+00,7.591206945543816920e-01
6.667500000000000000e+02,9.000000000000000000e+00,7.889101136309843998e-01
6.667500000000000000e+02,1.000000000000000000e+01,8.184330803019963518e-01
6.667500000000000000e+02,1.100000000000000000e+01,8.476685901306195703e-01
6.667500000000000000e+02,1.200000000000000000e+01,8.765974675470751265e-01
6.667500000000000000e+02,1.300000000000000000e+01,9.052024174229345022e-01
6.667500000000000000e+02,1.400000000000000000e+01,9.334680510131700970e-01
6.667500000000000000e+02,1.500000000000000000e+01,9.613808871587652405e-01
6.667500000000000000e+02,1.600000000000000000e+01,9.889293302130197638e-01
6.667500000000000000e+02,1.700000000000000000e+01,1.016103626663753090e+00
6.667500000000000000e+02,1.800000000000000000e+01,1.042895802845474229e+00
6.667500000000000000e+02,1.900000000000000000e+01,1.069299586451720963e+00
6.667500000000000000e+02,2.000000000000000000e+01,1.095310314754200043e+00
6.667500000000000000e+02,2.100000000000000000e+01,1.120924832510054259e+00
6.667500000000000000e+02,2.200000000000000000e+01,1.146141382495774685e+00
6.667500000000000000e+02,2.300000000000000000e+01,1.170959491460319413e+00
6.667500000000000000e+02,2.400000000000000000e+01,1.195379854059801517e+00
6.667500000000000000e+02,2.500000000000000000e+01,1.219404217044855798e+00
6.667500000000000000e+02,2.600000000000000000e+01,1.243035265642424392e+00
6.667500000000000000e+02,2.700000000000000000e+01,1.266276513729120978e+00
6.667500000000000000e+02,2.800000000000000000e+01,1.289132199051969963e+00
6.667500000000000000e+02,2.900000000000000000e+01,1.311607184428757122e+00
6.667500000000000000e+02,3.000000000000000000e+01,1.333706865567306110e+00
8.332500000000000000e+02,-3.000000000000000000e+01,-3.140989820919184439e-01
8.332500000000000000e+02,-2.900000000000000000e+01,-2.916239975644412397e-01
8.332500000000000000e+02,-2.800000000000000000e+01,-2.687683129316926767e-01
8.332500000000000000e+02,-2.700000000000000000e+01,-2.455270653548087267e-01
8.332500000000000000e+02,-2.600000000000000000e+01,-2.218960170647701347e-01
8.332500000000000000e+02,-2.500000000000000000e+01,-1.978716541621370339e-01
8.332500000000000000e+02,-2.400000000000000000e+01,-1.734512913967094505e-01
8.332500000000000000e+02,-2.300000000000000000e+01,-1.486331819944597399e-01
8.332500000000000000e+02,-2.200000000000000000e+01,-1.234166312761146855e-01
8.332500000000000000e+02,-2.100000000000000000e+01,-9.780211247035541788e-02
8.332500000000000000e+02,-2.000000000000000000e+01,-7.179138277959040693e-02
8.332500000000000000e+02,-1.900000000000000000e+01,-4.538759742736608871e-02
8.332500000000000000e+02,-1.800000000000000000e+01,-1.859541912507101102e-02
8.332500000000000000e+02,-1.700000000000000000e+01,8.578879834833408324e-03
8.332500000000000000e+02,-1.600000000000000000e+01,3.612732579745481232e-02
8.332500000000000000e+02,-1.500000000000000000e+01,6.404016525729749887e-02
8.332500000000000000e+02,-1.400000000000000000e+01,9.230580257013309975e-02
8.332500000000000000e+02,-1.300000000000000000e+01,1.209107565748799296e-01
8.332500000000000000e+02,-1.200000000000000000e+01,1.498396385197944269e-01
8.332500000000000000e+02,-1.100000000000000000e+01,1.790751532649779154e-01
8.332500000000000000e+02,-1.000000000000000000e+01,2.085981252245383555e-01
8.332500000000000000e+02,-9.000000000000000000e+00,2.383875499410561538e-01
8.332500000000000000e+02,-8.000000000000000000e+00,2.684206715798957976e-01
8.332500000000000000e+02,-7.000000000000000000e+00,2.986730860170362378e-01
8.332500000000000000e+02,-6.000000000000000000e+00,3.291188685950757753e-01
8.332500000000000000e+02,-5.000000000000000000e+00,3.597307250569416470e-01
8.332500000000000000e+02,-4.000000000000000000e+00,3.904801636500796480e-01
8.332500000000000000e+02,-3.000000000000000000e+00,4.213376859355142390e-01
8.332500000000000000e+02,-2.000000000000000000e+00,4.522729934429335907e-01
8.332500000000000000e+02,-1.000000000000000000e+00,4.832552069885637236e-01
8.332500000000000000e+02,0.000000000000000000e+00,5.142530952192541083e-01
8.332500000000000000e+02,1.000000000000000000e+00,5.452353087648842411e-01
8.332500000000000000e+02,2.000000000000000000e+00,5.761706162723040370e-01
8.332500000000000000e+02,3.000000000000000000e+00,6.070281385577391831e-01
8.332500000000000000e+02,4.000000000000000000e+00,6.377775771508769065e-01
8.332500000000000000e+02,5.000000000000000000e+00,6.683894336127420566e-01
8.332500000000000000e+02,6.000000000000000000e+00,6.988352161907802618e-01
8.332500000000000000e+02,7.000000000000000000e+00,7.290876306279202579e-01
8.332500000000000000e+02,8.000000000000000000e+00,7.591207522667592356e-01
8.332500000000000000e+02,9.000000000000000000e+00,7.889101769832753686e-01
8.332500000000000000e+02,1.000000000000000000e+01,8.184331489428364748e-01
8.332500000000000000e+02,1.100000000000000000e+01,8.476686636880221837e-01
8.332500000000000000e+02,1.200000000000000000e+01,8.765975456329337945e-01
8.332500000000000000e+02,1.300000000000000000e+01,9.052024996376832888e-01
8.332500000000000000e+02,1.400000000000000000e+01,9.334681369505188897e-01
8.332500000000000000e+02,1.500000000000000000e+01,9.613809764103655731e-01
8.332500000000000000e+02,1.600000000000000000e+01,9.889294223729834243e-01
8.332500000000000000e+02,1.700000000000000000e+01,1.016103721332890508e+00
8.332500000000000000e+02,1.800000000000000000e+01,1.042895899635187362e+00
8.332500000000000000e+02,1.900000000000000000e+01,1.069299684987401022e+00
8.332500000000000000e+02,2.000000000000000000e+01,1.095310414678172251e+00
8.332500000000000000e+02,2.100000000000000000e+01,1.120924933483932406e+00
8.332500000000000000e+02,2.200000000000000000e+01,1.146141484202279237e+00
8.332500000000000000e+02,2.300000000000000000e+01,1.170959593604532500e+00
8.332500000000000000e+02,2.400000000000000000e+01,1.195379956369958308e+00
8.332500000000000000e+02,2.500000000000000000e+01,1.219404319272578974e+00
8.332500000000000000e+02,2.600000000000000000e+01,1.243035367562626448e+00
8.332500000000000000e+02,2.700000000000000000e+01,1.266276615139512174e+00
8.332500000000000000e+02,2.800000000000000000e+01,1.289132299772260737e+00
8.332500000000000000e+02,2.900000000000000000e+01,1.311607284299736165e+00
8.332500000000000000e+02,3.000000000000000000e+01,1.333706964449602239e+00
1.000000000000000000e+03,-3.000000000000000000e+01,-3.140989850253657067e-01
1.000000000000000000e+03,-2.900000000000000000e+01,-2.916240005231909294e-01
1.000000000000000000e+03,-2.800000000000000000e+01,-2.687683159110836328e-01
1.000000000000000000e+03,-2.700000000000000000e+01,-2.455270683495562878e-01
1.000000000000000000e+03,-2.600000000000000000e+01,-2.218960200689217288e-01
1.000000000000000000e+03,-2.500000000000000000e+01,-1.978716571691112591e-01
1.000000000000000000e+03,-2.400000000000000000e+01,-1.734512943991948219e-01
1.000000000000000000e+03,-2.300000000000000000e+01,-1.486331849844626518e-01
1.000000000000000000e+03,-2.200000000000000000e+01,-1.234166342449620757e-01
1.000000000000000000e+03,-2.100000000000000000e+01,-9.780211540871697196e-02
1.000000000000000000e+03,-2.000000000000000000e+01,-7.179138567749543398e-02
1.000000000000000000e+03,-1.900000000000000000e+01,-4.538760027428523358e-02
1.000000000000000000e+03,-1.800000000000000000e+01,-1.859542190995799871e-02
1.000000000000000000e+03,-1.700000000000000000e+01,8.578877123435191265e-03
1.000000000000000000e+03,-1.600000000000000000e+01,3.612732317131461812e-02
1.000000000000000000e+03,-1.500000000000000000e+01,6.404016272839241353e-02
1.000000000000000000e+03,-1.400000000000000000e+01,9.230580015051836895e-02
1.000000000000000000e+03,-1.300000000000000000e+01,1.209107542765477383e-01
1.000000000000000000e+03,-1.200000000000000000e+01,1.498396363545442256e-01
1.000000000000000000e+03,-1.100000000000000000e+01,1.790751512442745330e-01
1.000000000000000000e+03,-1.000000000000000000e+01,2.085981233593727779e-01
1.000000000000000000e+03,-9.000000000000000000e+00,2.383875482418091885e-01
1.000000000000000000e+03,-8.000000000000000000e+00,2.684206700562188352e-01
1.000000000000000000e+03,-7.000000000000000000e+00,2.986730846777297943e-01
1.000000000000000000e+03,-6.000000000000000000e+00,3.291188674479829102e-01
1.000000000000000000e+03,-5.000000000000000000e+00,3.597307241088596452e-01
1.000000000000000000e+03,-4.000000000000000000e+00,3.904801629066787516e-01
1.000000000000000000e+03,-3.000000000000000000e+00,4.213376854012718109e-01
1.000000000000000000e+03,-2.000000000000000000e+00,4.522729931210843768e-01
1.000000000000000000e+03,-1.000000000000000000e+00,4.832552068810629931e-01
1.000000000000000000e+03,0.000000000000000000e+00,5.142530953267560045e-01
1.000000000000000000e+03,1.000000000000000000e+00,5.452353090867343433e-01
1.000000000000000000e+03,2.000000000000000000e+00,5.761706168065470202e-01
1.000000000000000000e+03,3.000000000000000000e+00,6.070281393011406346e-01
1.000000000000000000e+03,4.000000000000000000e+00,6.377775780989592969e-01
1.000000000000000000e+03,5.000000000000000000e+00,6.683894347598355878e-01
1.000000000000000000e+03,6.000000000000000000e+00,6.988352175300871494e-01
1.000000000000000000e+03,7.000000000000000000e+00,7.290876321515972203e-01
1.000000000000000000e+03,8.000000000000000000e+00,7.591207539660075332e-01
1.000000000000000000e+03,9.000000000000000000e+00,7.889101788484427225e-01
1.000000000000000000e+03,1.000000000000000000e+01,8.184331509635416335e-01
1.000000000000000000e+03,1.100000000000000000e+01,8.476686658532734953e-01
1.000000000000000000e+03,1.200000000000000000e+01,8.765975479312673180e-01
1.000000000000000000e+03,1.300000000000000000e+01,9.052025020572975755e-01
1.000000000000000000e+03,1.400000000000000000e+01,9.334681394794235310e-01
1.000000000000000000e+03,1.500000000000000000e+01,9.613809790365062113e-01
1.000000000000000000e+03,1.600000000000000000e+01,9.889294250843851941e-01
1.000000000000000000e+03,1.700000000000000000e+01,1.016103724117777496e+00
1.000000000000000000e+03,1.800000000000000000e+01,1.042895902482101178e+00
1.000000000000000000e+03,1.900000000000000000e+01,1.069299687885308714e+00
1.000000000000000000e+03,2.000000000000000000e+01,1.095310417616532916e+00
1.000000000000000000e+03,2.100000000000000000e+01,1.120924936452782461e+00
1.000000000000000000e+03,2.200000000000000000e+01,1.146141487192281261e+00
1.000000000000000000e+03,2.300000000000000000e+01,1.170959596607012543e+00
1.000000000000000000e+03,2.400000000000000000e+01,1.195379959376928980e+00
1.000000000000000000e+03,2.500000000000000000e+01,1.219404322276741226e+00
1.000000000000000000e+03,2.600000000000000000e+01,1.243035370557365127e+00
1.000000000000000000e+03,2.700000000000000000e+01,1.266276618118903130e+00
1.000000000000000000e+03,2.800000000000000000e+01,1.289132302731013979e+00
1.000000000000000000e+03,2.900000000000000000e+01,1.311607287233183428e+00
1.000000000000000000e+03,3.000000000000000000e+01,1.333706967353656125e+00
1.166750000000000000e+03,-3.000000000000000000e+01,-3.140989851111690712e-01
1.166750000000000000e+03,-2.900000000000000000e+01,-2.916240006097439164e-01
1.166750000000000000e+03,-2.800000000000000000e+01,-2.687683159982370285e-01
1.166750000000000000e+03,-2.700000000000000000e+01,-2.455270684371679835e-01
1.166750000000000000e+03,-2.600000000000000000e+01,-2.218960201568176416e-01
1.166750000000000000e+03,-2.500000000000000000e+01,-1.978716572570817789e-01
1.166750000000000000e+03,-2.400000000000000000e+01,-1.734512944870392204e-01
1.166750000000000000e+03,-2.300000000000000000e+01,-1.486331850719473380e-01
1.166750000000000000e+03,-2.200000000000000000e+01,-1.234166343318348069e-01
1.166750000000000000e+03,-2.100000000000000000e+01,-9.780211549469619570e-02
1.166750000000000000e+03,-2.000000000000000000e+01,-7.179138576229870949e-02
1.166750000000000000e+03,-1.900000000000000000e+01,-4.538760035759814571e-02
1.166750000000000000e+03,-1.800000000000000000e+01,-1.859542199146169139e-02
1.166750000000000000e+03,-1.700000000000000000e+01,8.578877044081778536e-03
1.166750000000000000e+03,-1.600000000000000000e+01,3.612732309445254586e-02
1.166750000000000000e+03,-1.500000000000000000e+01,6.404016265437517674e-02
1.166750000000000000e+03,-1.400000000000000000e+01,9.230580007969546585e-02
1.166750000000000000e+03,-1.300000000000000000e+01,1.209107542092735521e-01
1.166750000000000000e+03,-1.200000000000000000e+01,1.498396362911598167e-01
1.166750000000000000e+03,-1.100000000000000000e+01,1.790751511851207400e-01
1.166750000000000000e+03,-1.000000000000000000e+01,2.085981233047717875e-01
1.166750000000000000e+03,-9.000000000000000000e+00,2.383875481920652017e-01
1.166750000000000000e+03,-8.000000000000000000e+00,2.684206700116134048e-01
1.166750000000000000e+03,-7.000000000000000000e+00,2.986730846385202698e-01
1.166750000000000000e+03,-6.000000000000000000e+00,3.291188674143998849e-01
1.166750000000000000e+03,-5.000000000000000000e+00,3.597307240811032925e-01
1.166750000000000000e+03,-4.000000000000000000e+00,3.904801628849142170e-01
1.166750000000000000e+03,-3.000000000000000000e+00,4.213376853856304338e-01
1.166750000000000000e+03,-2.000000000000000000e+00,4.522729931116609703e-01
1.166750000000000000e+03,-1.000000000000000000e+00,4.832552068779149557e-01
1.166750000000000000e+03,0.000000000000000000e+00,5.142530953299027097e-01
1.166750000000000000e+03,1.000000000000000000e+00,5.452353090961566950e-01
1.166750000000000000e+03,2.000000000000000000e+00,5.761706168221878421e-01
1.166750000000000000e+03,3.000000000000000000e+00,6.070281393229047806e-01
1.166750000000000000e+03,4.000000000000000000e+00,6.377775781267155386e-01
1.166750000000000000e+03,5.000000000000000000e+00,6.683894347934180580e-01
1.166750000000000000e+03,6.000000000000000000e+00,6.988352175692961188e-01
1.166750000000000000e+03,7.000000000000000000e+00,7.290876321962027617e-01
1.166750000000000000e+03,8.000000000000000000e+00,7.591207540157516309e-01
1.166750000000000000e+03,9.000000000000000000e+00,7.889101789030428247e-01
1.166750000000000000e+03,1.000000000000000000e+01,8.184331510226934281e-01
1.166750000000000000e+03,1.100000000000000000e+01,8.476686659166532412e-01
1.166750000000000000e+03,1.200000000000000000e+01,8.765975479985415042e-01
1.166750000000000000e+03,1.300000000000000000e+01,9.052025021281218109e-01
1.166750000000000000e+03,1.400000000000000000e+01,9.334681395534421000e-01
1.166750000000000000e+03,1.500000000000000000e+01,9.613809791133665072e-01
1.166750000000000000e+03,1.600000000000000000e+01,9.889294251637390509e-01
1.166750000000000000e+03,1.700000000000000000e+01,1.016103724199277636e+00
1.166750000000000000e+03,1.800000000000000000e+01,1.042895902565416755e+00
1.166750000000000000e+03,1.900000000000000000e+01,1.069299687970112878e+00
1.166750000000000000e+03,2.000000000000000000e+01,1.095310417702514805e+00
1.166750000000000000e+03,2.100000000000000000e+01,1.120924936539654304e+00
1.166750000000000000e+03,2.200000000000000000e+01,1.146141487279768612e+00
1.166750000000000000e+03,2.300000000000000000e+01,1.170959596694862270e+00
1.166750000000000000e+03,2.400000000000000000e+01,1.195379959464901276e+00
1.166750000000000000e+03,2.500000000000000000e+01,1.219404322364630033e+00
1.166750000000000000e+03,2.600000000000000000e+01,1.243035370644975046e+00
1.166750000000000000e+03,2.700000000000000000e+01,1.266276618206060078e+00
1.166750000000000000e+03,2.800000000000000000e+01,1.289132302817563414e+00
1.166750000000000000e+03,2.900000000000000000e+01,1.311607287318992121e+00
1.166750000000000000e+03,3.000000000000000000e+01,1.333706967438603286e+00
1.333250000000000000e+03,-3.000000000000000000e+01,-3.140989851136790634e-01
1.333250000000000000e+03,-2.900000000000000000e+01,-2.916240006122752249e-01
1.333250000000000000e+03,-2.800000000000000000e+01,-2.687683160007914296e-01
1.333250000000000000e+03,-2.700000000000000000e+01,-2.455270684397294900e-01
1.333250000000000000e+03,-2.600000000000000000e+01,-2.218960201593898063e-01
1.333250000000000000e+03,-2.500000000000000000e+01,-1.978716572596574963e-01
1.333250000000000000e+03,-2.400000000000000000e+01,-1.734512944896060560e-01
1.333250000000000000e+03,-2.300000000000000000e+01,-1.486331850745070682e-01
1.333250000000000000e+03,-2.200000000000000000e+01,-1.234166343343749972e-01
1.333250000000000000e+03,-2.100000000000000000e+01,-9.780211549721240516e-02
1.333250000000000000e+03,-2.000000000000000000e+01,-7.179138576477761546e-02
1.333250000000000000e+03,-1.900000000000000000e+01,-4.538760036003530729e-02
1.333250000000000000e+03,-1.800000000000000000e+01,-1.859542199384733863e-02
1.333250000000000000e+03,-1.700000000000000000e+01,8.578877041759191968e-03
1.333250000000000000e+03,-1.600000000000000000e+01,3.612732309220501037e-02
1.333250000000000000e+03,-1.500000000000000000e+01,6.404016265220890958e-02
1.333250000000000000e+03,-1.400000000000000000e+01,9.230580007762156924e-02
1.333250000000000000e+03,-1.300000000000000000e+01,1.209107542073040165e-01
1.333250000000000000e+03,-1.200000000000000000e+01,1.498396362893053002e-01
1.333250000000000000e+03,-1.100000000000000000e+01,1.790751511833916787e-01
1.333250000000000000e+03,-1.000000000000000000e+01,2.085981233031735105e-01
1.333250000000000000e+03,-9.000000000000000000e+00,2.383875481906074789e-01
1.333250000000000000e+03,-8.000000000000000000e+00,2.684206700103071164e-01
1.333250000000000000e+03,-7.000000000000000000e+00,2.986730846373717441e-01
1.333250000000000000e+03,-6.000000000000000000e+00,3.291188674134164494e-01
1.333250000000000000e+03,-5.000000000000000000e+00,3.597307240802903316e-01
1.333250000000000000e+03,-4.000000000000000000e+00,3.904801628842767824e-01
1.333250000000000000e+03,-3.000000000000000000e+00,4.213376853851720227e-01
1.333250000000000000e+03,-2.000000000000000000e+00,4.522729931113847468e-01
1.333250000000000000e+03,-1.000000000000000000e+00,4.832552068778226961e-01
1.333250000000000000e+03,0.000000000000000000e+00,5.142530953299944141e-01
1.333250000000000000e+03,1.000000000000000000e+00,5.452353090964321414e-01
1.333250000000000000e+03,2.000000000000000000e+00,5.761706168226452540e-01
1.333250000000000000e+03,3.000000000000000000e+00,6.070281393235412715e-01
1.333250000000000000e+03,4.000000000000000000e+00,6.377775781275272227e-01
1.333250000000000000e+03,5.000000000000000000e+00,6.683894347943996062e-01
1.333250000000000000e+03,6.000000000000000000e+00,6.988352175704426461e-01
1.333250000000000000e+03,7.000000000000000000e+00,7.290876321975077179e-01
1.333250000000000000e+03,8.000000000000000000e+00,7.591207540172075774e-01
1.333250000000000000e+03,9.000000000000000000e+00,7.889101789046411017e-01
1.333250000000000000e+03,1.000000000000000000e+01,8.184331510244251540e-01
1.333250000000000000e+03,1.100000000000000000e+01,8.476686659185095341e-01
1.333250000000000000e+03,1.200000000000000000e+01,8.765975480005097076e-01
1.333250000000000000e+03,1.300000000000000000e+01,9.052025021301939312e-01
1.333250000000000000e+03,1.400000000000000000e+01,9.334681395556079231e-01
1.333250000000000000e+03,1.500000000000000000e+01,9.613809791156162632e-01
1.333250000000000000e+03,1.600000000000000000e+01,9.889294251660634139e-01
1.333250000000000000e+03,1.700000000000000000e+01,1.016103724201660619e+00
1.333250000000000000e+03,1.800000000000000000e+01,1.042895902567853916e+00
1.333250000000000000e+03,1.900000000000000000e+01,1.069299687972593560e+00
1.333250000000000000e+03,2.000000000000000000e+01,1.095310417705028350e+00
1.333250000000000000e+03,2.100000000000000000e+01,1.120924936542195383e+00
1.333250000000000000e+03,2.200000000000000000e+01,1.146141487282323901e+00
1.333250000000000000e+03,2.300000000000000000e+01,1.170959596697429994e+00
1.333250000000000000e+03,2.400000000000000000e+01,1.195379959467476993e+00
1.333250000000000000e+03,2.500000000000000000e+01,1.219404322367203974e+00
1.333250000000000000e+03,2.600000000000000000e+01,1.243035370647536553e+00
1.333250000000000000e+03,2.700000000000000000e+01,1.266276618208610927e+00
1.333250000000000000e+03,2.800000000000000000e+01,1.289132302820100051e+00
1.333250000000000000e+03,2.900000000000000000e+01,1.311607287321500337e+00
1.333250000000000000e+03,3.000000000000000000e+01,1.333706967441086633e+00
1.500000000000000000e+03,-3.000000000000000000e+01,-3.140989851137518940e-01
1.500000000000000000e+03,-2.900000000000000000e+01,-2.916240006123480555e-01
1.500000000000000000e+03,-2.800000000000000000e+01,-2.687683160008642602e-01
1.500000000000000000e+03,-2.700000000000000000e+01,-2.455270684398023207e-01
1.500000000000000000e+03,-2.600000000000000000e+01,-2.218960201594661896e-01
1.500000000000000000e+03,-2.500000000000000000e+01,-1.978716572597303269e-01
1.500000000000000000e+03,-2.400000000000000000e+01,-1.734512944896753339e-01
1.500000000000000000e+03,-2.300000000000000000e+01,-1.486331850745816752e-01
1.500000000000000000e+03,-2.200000000000000000e+01,-1.234166343344496042e-01
1.500000000000000000e+03,-2.100000000000000000e+01,-9.780211549728434761e-02
1.500000000000000000e+03,-2.000000000000000000e+01,-7.179138576485044609e-02
1.500000000000000000e+03,-1.900000000000000000e+01,-4.538760036010458521e-02
1.500000000000000000e+03,-1.800000000000000000e+01,-1.859542199391661654e-02
1.500000000000000000e+03,-1.700000000000000000e+01,8.578877041691690408e-03
1.500000000000000000e+03,-1.600000000000000000e+01,3.612732309214283788e-02
1.500000000000000000e+03,-1.500000000000000000e+01,6.404016265214496073e-02
1.500000000000000000e+03,-1.400000000000000000e+01,9.230580007756339356e-02
1.500000000000000000e+03,-1.300000000000000000e+01,1.209107542072467290e-01
1.500000000000000000e+03,-1.200000000000000000e+01,1.498396362892515654e-01
1.500000000000000000e+03,-1.100000000000000000e+01,1.790751511833406084e-01
1.500000000000000000e+03,-1.000000000000000000e+01,2.085981233031271032e-01
1.500000000000000000e+03,-9.000000000000000000e+00,2.383875481905657345e-01
1.500000000000000000e+03,-8.000000000000000000e+00,2.684206700102687027e-01
1.500000000000000000e+03,-7.000000000000000000e+00,2.986730846373377712e-01
1.500000000000000000e+03,-6.000000000000000000e+00,3.291188674133871395e-01
1.500000000000000000e+03,-5.000000000000000000e+00,3.597307240802662953e-01
1.500000000000000000e+03,-4.000000000000000000e+00,3.904801628842574646e-01
1.500000000000000000e+03,-3.000000000000000000e+00,4.213376853851581449e-01
1.500000000000000000e+03,-2.000000000000000000e+00,4.522729931113764201e-01
1.500000000000000000e+03,-1.000000000000000000e+00,4.832552068778194765e-01
1.500000000000000000e+03,0.000000000000000000e+00,5.142530953299966345e-01
1.500000000000000000e+03,1.000000000000000000e+00,5.452353090964396909e-01
1.500000000000000000e+03,2.000000000000000000e+00,5.761706168226580216e-01
1.500000000000000000e+03,3.000000000000000000e+00,6.070281393235594791e-01
1.500000000000000000e+03,4.000000000000000000e+00,6.377775781275507594e-01
1.500000000000000000e+03,5.000000000000000000e+00,6.683894347944285830e-01
1.500000000000000000e+03,6.000000000000000000e+00,6.988352175704763969e-01
1.500000000000000000e+03,7.000000000000000000e+00,7.290876321975467977e-01
1.500000000000000000e+03,8.000000000000000000e+00,7.591207540172502100e-01
1.500000000000000000e+03,9.000000000000000000e+00,7.889101789046881752e-01
1.500000000000000000e+03,1.000000000000000000e+01,8.184331510244753360e-01
1.500000000000000000e+03,1.100000000000000000e+01,8.476686659185621586e-01
1.500000000000000000e+03,1.200000000000000000e+01,8.765975480005678833e-01
1.500000000000000000e+03,1.300000000000000000e+01,9.052025021302538832e-01
1.500000000000000000e+03,1.400000000000000000e+01,9.334681395556692074e-01
1.500000000000000000e+03,1.500000000000000000e+01,9.613809791156806561e-01
1.500000000000000000e+03,1.600000000000000000e+01,9.889294251661286950e-01
1.500000000000000000e+03,1.700000000000000000e+01,1.016103724201730785e+00
1.500000000000000000e+03,1.800000000000000000e+01,1.042895902567926747e+00
1.500000000000000000e+03,1.900000000000000000e+01,1.069299687972662838e+00
1.500000000000000000e+03,2.000000000000000000e+01,1.095310417705103845e+00
1.500000000000000000e+03,2.100000000000000000e+01,1.120924936542269990e+00
1.500000000000000000e+03,2.200000000000000000e+01,1.146141487282400284e+00
1.500000000000000000e+03,2.300000000000000000e+01,1.170959596697509042e+00
1.500000000000000000e+03,2.400000000000000000e+01,1.195379959467553377e+00
1.500000000000000000e+03,2.500000000000000000e+01,1.219404322367276805e+00
1.500000000000000000e+03,2.600000000000000000e+01,1.243035370647612936e+00
1.500000000000000000e+03,2.700000000000000000e+01,1.266276618208681981e+00
1.500000000000000000e+03,2.800000000000000000e+01,1.289132302820167553e+00
1.500000000000000000e+03,2.900000000000000000e+01,1.311607287321578497e+00
1.500000000000000000e+03,3.000000000000000000e+01,1.333706967441157687e+00
1.666750000000000000e+03,-3.000000000000000000e+01,-3.140989851137536704e-01
1.666750000000000000e+03,-2.900000000000000000e+01,-2.916240006123480555e-01
1.666750000000000000e+03,-2.800000000000000000e+01,-2.687683160008678129e-01
1.666750000000000000e+03,-2.700000000000000000e+01,-2.455270684398040970e-01
1.666750000000000000e+03,-2.600000000000000000e+01,-2.218960201594697423e-01
1.666750000000000000e+03,-2.500000000000000000e+01,-1.978716572597374324e-01
1.666750000000000000e+03,-2.400000000000000000e+01,-1.734512944896806630e-01
1.666750000000000000e+03,-2.300000000000000000e+01,-1.486331850745887806e-01
1.666750000000000000e+03,-2.200000000000000000e+01,-1.234166343344496042e-01
1.666750000000000000e+03,-2.100000000000000000e+01,-9.780211549728701215e-02
1.666750000000000000e+03,-2.000000000000000000e+01,-7.179138576485133427e-02
1.666750000000000000e+03,-1.900000000000000000e+01,-4.538760036010813792e-02
1.666750000000000000e+03,-1.800000000000000000e+01,-1.859542199391661654e-02
1.666750000000000000e+03,-1.700000000000000000e+01,8.578877041691690408e-03
1.666750000000000000e+03,-1.600000000000000000e+01,3.612732309214017334e-02
1.666750000000000000e+03,-1.500000000000000000e+01,6.404016265214274028e-02
1.666750000000000000e+03,-1.400000000000000000e+01,9.230580007756161720e-02
1.666750000000000000e+03,-1.300000000000000000e+01,1.209107542072453967e-01
1.666750000000000000e+03,-1.200000000000000000e+01,1.498396362892502331e-01
1.666750000000000000e+03,-1.100000000000000000e+01,1.790751511833406084e-01
1.666750000000000000e+03,-1.000000000000000000e+01,2.085981233031262150e-01
1.666750000000000000e+03,-9.000000000000000000e+00,2.383875481905644023e-01
1.666750000000000000e+03,-8.000000000000000000e+00,2.684206700102678145e-01
1.666750000000000000e+03,-7.000000000000000000e+00,2.986730846373371051e-01
1.666750000000000000e+03,-6.000000000000000000e+00,3.291188674133862513e-01
1.666750000000000000e+03,-5.000000000000000000e+00,3.597307240802649075e-01
1.666750000000000000e+03,-4.000000000000000000e+00,3.904801628842561878e-01
1.666750000000000000e+03,-3.000000000000000000e+00,4.213376853851574233e-01
1.666750000000000000e+03,-2.000000000000000000e+00,4.522729931113759205e-01
1.666750000000000000e+03,-1.000000000000000000e+00,4.832552068778189769e-01
1.666750000000000000e+03,0.000000000000000000e+00,5.142530953299961904e-01
1.666750000000000000e+03,1.000000000000000000e+00,5.452353090964392468e-01
1.666750000000000000e+03,2.000000000000000000e+00,5.761706168226577995e-01
1.666750000000000000e+03,3.000000000000000000e+00,6.070281393235592571e-01
1.666750000000000000e+03,4.000000000000000000e+00,6.377775781275507594e-01
1.666750000000000000e+03,5.000000000000000000e+00,6.683894347944283609e-01
1.666750000000000000e+03,6.000000000000000000e+00,6.988352175704763969e-01
1.666750000000000000e+03,7.000000000000000000e+00,7.290876321975471308e-01
1.666750000000000000e+03,8.000000000000000000e+00,7.591207540172505430e-01
1.666750000000000000e+03,9.000000000000000000e+00,7.889101789046883972e-01
1.666750000000000000e+03,1.000000000000000000e+01,8.184331510244755581e-01
1.666750000000000000e+03,1.100000000000000000e+01,8.476686659185637129e-01
1.666750000000000000e+03,1.200000000000000000e+01,8.765975480005687714e-01
1.666750000000000000e+03,1.300000000000000000e+01,9.052025021302565477e-01
1.666750000000000000e+03,1.400000000000000000e+01,9.334681395556692074e-01
1.666750000000000000e+03,1.500000000000000000e+01,9.613809791156837647e-01
1.666750000000000000e+03,1.600000000000000000e+01,9.889294251661291391e-01
1.666750000000000000e+03,1.700000000000000000e+01,1.016103724201731673e+00
1.666750000000000000e+03,1.800000000000000000e+01,1.042895902567926747e+00
1.666750000000000000e+03,1.900000000000000000e+01,1.069299687972665502e+00
1.666750000000000000e+03,2.000000000000000000e+01,1.095310417705106509e+00
1.666750000000000000e+03,2.100000000000000000e+01,1.120924936542269990e+00
1.666750000000000000e+03,2.200000000000000000e+01,1.146141487282402061e+00
1.666750000000000000e+03,2.300000000000000000e+01,1.170959596697511707e+00
1.666750000000000000e+03,2.400000000000000000e+01,1.195379959467555153e+00
1.666750000000000000e+03,2.500000000000000000e+01,1.219404322367280358e+00
1.666750000000000000e+03,2.600000000000000000e+01,1.243035370647614712e+00
1.666750000000000000e+03,2.700000000000000000e+01,1.266276618208683757e+00
1.666750000000000000e+03,2.800000000000000000e+01,1.289132302820171105e+00
1.666750000000000000e+03,2.900000000000000000e+01,1.311607287321582049e+00
1.666750000000000000e+03,3.000000000000000000e+01,1.333706967441159463e+00
1.833250000000000000e+03,-3.000000000000000000e+01,-3.140989851137536704e-01
1.833250000000000000e+03,-2.900000000000000000e+01,-2.916240006123480555e-01
1.833250000000000000e+03,-2.800000000000000000e+01,-2.687683160008678129e-01
1.833250000000000000e+03,-2.700000000000000000e+01,-2.455270684398040970e-01
1.833250000000000000e+03,-2.600000000000000000e+01,-2.218960201594697423e-01
1.833250000000000000e+03,-2.500000000000000000e+01,-1.978716572597374324e-01
1.833250000000000000e+03,-2.400000000000000000e+01,-1.734512944896806630e-01
1.833250000000000000e+03,-2.300000000000000000e+01,-1.486331850745870042e-01
1.833250000000000000e+03,-2.200000000000000000e+01,-1.234166343344487160e-01
1.833250000000000000e+03,-2.100000000000000000e+01,-9.780211549728612397e-02
1.833250000000000000e+03,-2.000000000000000000e+01,-7.179138576485044609e-02
1.833250000000000000e+03,-1.900000000000000000e+01,-4.538760036010636156e-02
1.833250000000000000e+03,-1.800000000000000000e+01,-1.859542199391839290e-02
1.833250000000000000e+03,-1.700000000000000000e+01,8.578877041690802230e-03
1.833250000000000000e+03,-1.600000000000000000e+01,3.612732309214017334e-02
1.833250000000000000e+03,-1.500000000000000000e+01,6.404016265214274028e-02
1.833250000000000000e+03,-1.400000000000000000e+01,9.230580007756072902e-02
1.833250000000000000e+03,-1.300000000000000000e+01,1.209107542072453967e-01
1.833250000000000000e+03,-1.200000000000000000e+01,1.498396362892497891e-01
1.833250000000000000e+03,-1.100000000000000000e+01,1.790751511833394982e-01
1.833250000000000000e+03,-1.000000000000000000e+01,2.085981233031248827e-01
1.833250000000000000e+03,-9.000000000000000000e+00,2.383875481905639582e-01
1.833250000000000000e+03,-8.000000000000000000e+00,2.684206700102675924e-01
1.833250000000000000e+03,-7.000000000000000000e+00,2.986730846373371051e-01
1.833250000000000000e+03,-6.000000000000000000e+00,3.291188674133864733e-01
1.833250000000000000e+03,-5.000000000000000000e+00,3.597307240802652406e-01
1.833250000000000000e+03,-4.000000000000000000e+00,3.904801628842563543e-01
1.833250000000000000e+03,-3.000000000000000000e+00,4.213376853851573678e-01
1.833250000000000000e+03,-2.000000000000000000e+00,4.522729931113758650e-01
1.833250000000000000e+03,-1.000000000000000000e+00,4.832552068778190324e-01
1.833250000000000000e+03,0.000000000000000000e+00,5.142530953299964125e-01
1.833250000000000000e+03,1.000000000000000000e+00,5.452353090964392468e-01
1.833250000000000000e+03,2.000000000000000000e+00,5.761706168226576885e-01
1.833250000000000000e+03,3.000000000000000000e+00,6.070281393235591461e-01
1.833250000000000000e+03,4.000000000000000000e+00,6.377775781275506484e-01
1.833250000000000000e+03,5.000000000000000000e+00,6.683894347944283609e-01
1.833250000000000000e+03,6.000000000000000000e+00,6.988352175704766189e-01
1.833250000000000000e+03,7.000000000000000000e+00,7.290876321975471308e-01
1.833250000000000000e+03,8.000000000000000000e+00,7.591207540172508761e-01
1.833250000000000000e+03,9.000000000000000000e+00,7.889101789046890634e-01
1.833250000000000000e+03,1.000000000000000000e+01,8.184331510244760022e-01
1.833250000000000000e+03,1.100000000000000000e+01,8.476686659185637129e-01
1.833250000000000000e+03,1.200000000000000000e+01,8.765975480005683274e-01
1.833250000000000000e+03,1.300000000000000000e+01,9.052025021302552155e-01
1.833250000000000000e+03,1.400000000000000000e+01,9.334681395556714278e-01
1.833250000000000000e+03,1.500000000000000000e+01,9.613809791156824325e-01
1.833250000000000000e+03,1.600000000000000000e+01,9.889294251661309154e-01
1.833250000000000000e+03,1.700000000000000000e+01,1.016103724201730785e+00
1.833250000000000000e+03,1.800000000000000000e+01,1.042895902567929411e+00
1.833250000000000000e+03,1.900000000000000000e+01,1.069299687972664614e+00
1.833250000000000000e+03,2.000000000000000000e+01,1.095310417705104733e+00
1.833250000000000000e+03,2.100000000000000000e+01,1.120924936542269101e+00
1.833250000000000000e+03,2.200000000000000000e+01,1.146141487282404725e+00
1.833250000000000000e+03,2.300000000000000000e+01,1.170959596697511707e+00
1.833250000000000000e+03,2.400000000000000000e+01,1.195379959467553377e+00
1.833250000000000000e+03,2.500000000000000000e+01,1.219404322367278581e+00
1.833250000000000000e+03,2.600000000000000000e+01,1.243035370647614712e+00
1.833250000000000000e+03,2.700000000000000000e+01,1.266276618208683757e+00
1.833250000000000000e+03,2.800000000000000000e+01,1.289132302820171105e+00
1.833250000000000000e+03,2.900000000000000000e+01,1.311607287321582049e+00
1.833250000000000000e+03,3.000000000000000000e+01,1.333706967441164792e+00
2.000000000000000000e+03,-3.000000000000000000e+01,-3.140989851137536704e-01
2.000000000000000000e+03,-2.900000000000000000e+01,-2.916240006123480555e-01
2.000000000000000000e+03,-2.800000000000000000e+01,-2.687683160008678129e-01
2.000000000000000000e+03,-2.700000000000000000e+01,-2.455270684398040970e-01
2.000000000000000000e+03,-2.600000000000000000e+01,-2.218960201594697423e-01
2.000000000000000000e+03,-2.500000000000000000e+01,-1.978716572597374324e-01
2.000000000000000000e+03,-2.400000000000000000e+01,-1.734512944896806630e-01
2.000000000000000000e+03,-2.300000000000000000e+01,-1.486331850745870042e-01
2.000000000000000000e+03,-2.200000000000000000e+01,-1.234166343344487160e-01
2.000000000000000000e+03,-2.100000000000000000e+01,-9.780211549728612397e-02
2.000000000000000000e+03,-2.000000000000000000e+01,-7.179138576485044609e-02
2.000000000000000000e+03,-1.900000000000000000e+01,-4.538760036010636156e-02
2.000000000000000000e+03,-1.800000000000000000e+01,-1.859542199391839290e-02
2.000000000000000000e+03,-1.700000000000000000e+01,8.578877041690802230e-03
2.000000000000000000e+03,-1.600000000000000000e+01,3.612732309214017334e-02
2.000000000000000000e+03,-1.500000000000000000e+01,6.404016265214274028e-02
2.000000000000000000e+03,-1.400000000000000000e+01,9.230580007756072902e-02
2.000000000000000000e+03,-1.300000000000000000e+01,1.209107542072453967e-01
2.000000000000000000e+03,-1.200000000000000000e+01,1.498396362892497891e-01
2.000000000000000000e+03,-1.100000000000000000e+01,1.790751511833394982e-01
2.000000000000000000e+03,-1.000000000000000000e+01,2.085981233031248827e-01
2.000000000000000000e+03,-9.000000000000000000e+00,2.383875481905639582e-01
2.000000000000000000e+03,-8.000000000000000000e+00,2.684206700102675924e-01
2.000000000000000000e+03,-7.000000000000000000e+00,2.986730846373371051e-01
2.000000000000000000e+03,-6.000000000000000000e+00,3.291188674133864733e-01
2.000000000000000000e+03,-5.000000000000000000e+00,3.597307240802652406e-01
2.000000000000000000e+03,-4.000000000000000000e+00,3.904801628842563543e-01
2.000000000000000000e+03,-3.000000000000000000e+00,4.213376853851573678e-01
2.000000000000000000e+03,-2.000000000000000000e+00,4.522729931113758650e-01
2.000000000000000000e+03,-1.000000000000000000e+00,4.832552068778190324e-01
2.000000000000000000e+03,0.000000000000000000e+00,5.142530953299964125e-01
2.000000000000000000e+03,1.000000000000000000e+00,5.452353090964392468e-01
2.000000000000000000e+03,2.000000000000000000e+00,5.761706168226576885e-01
2.000000000000000000e+03,3.000000000000000000e+00,6.070281393235591461e-01
2.000000000000000000e+03,4.000000000000000000e+00,6.377775781275506484e-01
2.000000000000000000e+03,5.000000000000000000e+00,6.683894347944283609e-01
2.000000000000000000e+03,6.000000000000000000e+00,6.988352175704766189e-01
2.000000000000000000e+03,7.000000000000000000e+00,7.290876321975471308e-01
2.000000000000000000e+03,8.000000000000000000e+00,7.591207540172508761e-01
2.000000000000000000e+03,9.000000000000000000e+00,7.889101789046890634e-01
2.000000000000000000e+03,1.000000000000000000e+01,8.184331510244760022e-01
2.000000000000000000e+03,1.100000000000000000e+01,8.476686659185637129e-01
2.000000000000000000e+03,1.200000000000000000e+01,8.765975480005683274e-01
2.000000000000000000e+03,1.300000000000000000e+01,9.052025021302552155e-01
2.000000000000000000e+03,1.400000000000000000e+01,9.334681395556714278e-01
2.000000000000000000e+03,1.500000000000000000e+01,9.613809791156824325e-01
2.000000000000000000e+03,1.600000000000000000e+01,9.889294251661309154e-01
2.000000000000000000e+03,1.700000000000000000e+01,1.016103724201730785e+00
2.000000000000000000e+03,1.800000000000000000e+01,1.042895902567929411e+00
2.000000000000000000e+03,1.900000000000000000e+01,1.069299687972664614e+00
2.000000000000000000e+03,2.000000000000000000e+01,1.095310417705104733e+00
2.000000000000000000e+03,2.100000000000000000e+01,1.120924936542269101e+00
2.000000000000000000e+03,2.200000000000000000e+01,1.146141487282404725e+00
2.000000000000000000e+03,2.300000000000000000e+01,1.170959596697511707e+00
2.000000000000000000e+03,2.400000000000000000e+01,1.195379959467553377e+00
2.000000000000000000e+03,2.500000000000000000e+01,1.219404322367278581e+00
2.000000000000000000e+03,2.600000000000000000e+01,1.243035370647614712e+00
2.000000000000000000e+03,2.700000000000000000e+01,1.266276618208683757e+00
2.000000000000000000e+03,2.800000000000000000e+01,1.289132302820171105e+00
2.000000000000000000e+03,2.900000000000000000e+01,1.311607287321582049e+00
2.000000000000000000e+03,3.000000000000000000e+01,1.333706967441164792e+00
2.166750000000000000e+03,-3.000000000000000000e+01,-3.140989851137536704e-01
2.166750000000000000e+03,-2.900000000000000000e+01,-2.916240006123480555e-01
2.166750000000000000e+03,-2.800000000000000000e+01,-2.687683160008678129e-01
2.166750000000000000e+03,-2.700000000000000000e+01,-2.455270684398040970e-01
2.166750000000000000e+03,-2.600000000000000000e+01,-2.218960201594697423e-01
2.166750000000000000e+03,-2.500000000000000000e+01,-1.978716572597374324e-01
2.166750000000000000e+03,-2.400000000000000000e+01,-1.734512944896806630e-01
2.166750000000000000e+03,-2.300000000000000000e+01,-1.486331850745870042e-01
2.166750000000000000e+03,-2.200000000000000000e+01,-1.234166343344487160e-01
2.166750000000000000e+03,-2.100000000000000000e+01,-9.780211549728612397e-02
2.166750000000000000e+03,-2.000000000000000000e+01,-7.179138576485044609e-02
2.166750000000000000e+03,-1.900000000000000000e+01,-4.538760036010636156e-02
2.166750000000000000e+03,-1.800000000000000000e+01,-1.859542199391839290e-02
2.166750000000000000e+03,-1.700000000000000000e+01,8.578877041690802230e-03
2.166750000000000000e+03,-1.600000000000000000e+01,3.612732309214017334e-02
2.166750000000000000e+03,-1.500000000000000000e+01,6.404016265214274028e-02
2.166750000000000000e+03,-1.400000000000000000e+01,9.230580007756072902e-02
2.166750000000000000e+03,-1.300000000000000000e+01,1.209107542072453967e-01
2.166750000000000000e+03,-1.200000000000000000e+01,1.498396362892497891e-01
2.166750000000000000e+03,-1.100000000000000000e+01,1.790751511833394982e-01
2.166750000000000000e+03,-1.000000000000000000e+01,2.085981233031248827e-01
2.166750000000000000e+03,-9.000000000000000000e+00,2.383875481905639582e-01
2.166750000000000000e+03,-8.000000000000000000e+00,2.684206700102675924e-01
2.166750000000000000e+03,-7.000000000000000000e+00,2.986730846373371051e-01
2.166750000000000000e+03,-6.000000000000000000e+00,3.291188674133864733e-01
2.166750000000000000e+03,-5.000000000000000000e+00,3.597307240802652406e-01
2.166750000000000000e+03,-4.000000000000000000e+00,3.904801628842563543e-01
2.166750000000000000e+03,-3.000000000000000000e+00,4.213376853851573678e-01
2.166750000000000000e+03,-2.000000000000000000e+00,4.522729931113758650e-01
2.166750000000000000e+03,-1.000000000000000000e+00,4.832552068778190324e-01
2.166750000000000000e+03,0.000000000000000000e+00,5.142530953299964125e-01
2.166750000000000000e+03,1.000000000000000000e+00,5.452353090964392468e-01
2.166750000000000000e+03,2.000000000000000000e+00,5.761706168226576885e-01
2.166750000000000000e+03,3.000000000000000000e+00,6.070281393235591461e-01
2.166750000000000000e+03,4.000000000000000000e+00,6.377775781275506484e-01
2.166750000000000000e+03,5.000000000000000000e+00,6.683894347944283609e-01
2.166750000000000000e+03,6.000000000000000000e+00,6.988352175704766189e-01
2.166750000000000000e+03,7.000000000000000000e+00,7.290876321975471308e-01
2.166750000000000000e+03,8.000000000000000000e+00,7.591207540172508761e-01
2.166750000000000000e+03,9.000000000000000000e+00,7.889101789046890634e-01
2.166750000000000000e+03,1.000000000000000000e+01,8.184331510244760022e-01
2.166750000000000000e+03,1.100000000000000000e+01,8.476686659185637129e-01
2.166750000000000000e+03,1.200000000000000000e+01,8.765975480005683274e-01
2.166750000000000000e+03,1.300000000000000000e+01,9.052025021302552155e-01
2.166750000000000000e+03,1.400000000000000000e+01,9.334681395556714278e-01
2.166750000000000000e+03,1.500000000000000000e+01,9.613809791156824325e-01
2.166750000000000000e+03,1.600000000000000000e+01,9.889294251661309154e-01
2.166750000000000000e+03,1.700000000000000000e+01,1.016103724201730785e+00
2.166750000000000000e+03,1.800000000000000000e+01,1.042895902567929411e+00
2.166750000000000000e+03,1.900000000000000000e+01,1.069299687972664614e+00
2.166750000000000000e+03,2.000000000000000000e+01,1.095310417705104733e+00
2.166750000000000000e+03,2.100000000000000000e+01,1.120924936542269101e+00
2.166750000000000000e+03,2.200000000000000000e+01,1.146141487282404725e+00
2.166750000000000000e+03,2.300000000000000000e+01,1.170959596697511707e+00
2.166750000000000000e+03,2.400000000000000000e+01,1.195379959467553377e+00
2.166750000000000000e+03,2.500000000000000000e+01,1.219404322367278581e+00
2.166750000000000000e+03,2.600000000000000000e+01,1.243035370647614712e+00
2.166750000000000000e+03,2.700000000000000000e+01,1.266276618208683757e+00
2.166750000000000000e+03,2.800000000000000000e+01,1.289132302820171105e+00
2.166750000000000000e+03,2.900000000000000000e+01,1.311607287321582049e+00
2.166750000000000000e+03,3.000000000000000000e+01,1.333706967441164792e+00
2.333250000000000000e+03,-3.000000000000000000e+01,-3.140989851137536704e-01
2.333250000000000000e+03,-2.900000000000000000e+01,-2.916240006123480555e-01
2.333250000000000000e+03,-2.800000000000000000e+01,-2.687683160008678129e-01
2.333250000000000000e+03,-2.700000000000000000e+01,-2.455270684398040970e-01
2.333250000000000000e+03,-2.600000000000000000e+01,-2.218960201594697423e-01
2.333250000000000000e+03,-2.500000000000000000e+01,-1.978716572597374324e-01
2.333250000000000000e+03,-2.400000000000000000e+01,-1.734512944896806630e-01
2.333250000000000000e+03,-2.300000000000000000e+01,-1.486331850745870042e-01
2.333250000000000000e+03,-2.200000000000000000e+01,-1.234166343344487160e-01
2.333250000000000000e+03,-2.100000000000000000e+01,-9.780211549728612397e-02
2.333250000000000000e+03,-2.000000000000000000e+01,-7.179138576485044609e-02
2.333250000000000000e+03,-1.900000000000000000e+01,-4.538760036010636156e-02
2.333250000000000000e+03,-1.800000000000000000e+01,-1.859542199391839290e-02
2.333250000000000000e+03,-1.700000000000000000e+01,8.578877041690802230e-03
2.333250000000000000e+03,-1.600000000000000000e+01,3.612732309214017334e-02
2.333250000000000000e+03,-1.500000000000000000e+01,6.404016265214274028e-02
2.333250000000000000e+03,-1.400000000000000000e+01,9.230580007756072902e-02
2.333250000000000000e+03,-1.300000000000000000e+01,1.209107542072453967e-01
2.333250000000000000e+03,-1.200000000000000000e+01,1.498396362892497891e-01
2.333250000000000000e+03,-1.100000000000000000e+01,1.790751511833394982e-01
2.333250000000000000e+03,-1.000000000000000000e+01,2.085981233031248827e-01
2.333250000000000000e+03,-9.000000000000000000e+00,2.383875481905639582e-01
2.333250000000000000e+03,-8.000000000000000000e+00,2.684206700102675924e-01
2.333250000000000000e+03,-7.000000000000000000e+00,2.986730846373371051e-01
2.333250000000000000e+03,-6.000000000000000000e+00,3.291188674133864733e-01
2.333250000000000000e+03,-5.000000000000000000e+00,3.597307240802652406e-01
2.333250000000000000e+03,-4.000000000000000000e+00,3.904801628842563543e-01
2.333250000000000000e+03,-3.000000000000000000e+00,4.213376853851573678e-01
2.333250000000000000e+03,-2.000000000000000000e+00,4.522729931113758650e-01
2.333250000000000000e+03,-1.000000000000000000e+00,4.832552068778190324e-01
2.333250000000000000e+03,0.000000000000000000e+00,5.142530953299964125e-01
2.333250000000000000e+03,1.000000000000000000e+00,5.452353090964392468e-01
2.333250000000000000e+03,2.000000000000000000e+00,5.761706168226576885e-01
2.333250000000000000e+03,3.000000000000000000e+00,6.070281393235591461e-01
2.333250000000000000e+03,4.000000000000000000e+00,6.377775781275506484e-01
2.333250000000000000e+03,5.000000000000000000e+00,6.683894347944283609e-01
2.333250000000000000e+03,6.000000000000000000e+00,6.988352175704766189e-01
2.333250000000000000e+03,7.000000000000000000e+00,7.290876321975471308e-01
2.333250000000000000e+03,8.000000000000000000e+00,7.591207540172508761e-01
2.333250000000000000e+03,9.000000000000000000e+00,7.889101789046890634e-01
2.333250000000000000e+03,1.000000000000000000e+01,8.184331510244760022e-01
2.333250000000000000e+03,1.100000000000000000e+01,8.476686659185637129e-01
2.333250000000000000e+03,1.200000000000000000e+01,8.765975480005683274e-01
2.333250000000000000e+03,1.300000000000000000e+01,9.052025021302552155e-01
2.333250000000000000e+03,1.400000000000000000e+01,9.334681395556714278e-01
2.333250000000000000e+03,1.500000000000000000e+01,9.613809791156824325e-01
2.333250000000000000e+03,1.600000000000000000e+01,9.889294251661309154e-01
2.333250000000000000e+03,1.700000000000000000e+01,1.016103724201730785e+00
2.333250000000000000e+03,1.800000000000000000e+01,1.042895902567929411e+00
2.333250000000000000e+03,1.900000000000000000e+01,1.069299687972664614e+00
2.333250000000000000e+03,2.000000000000000000e+01,1.095310417705104733e+00
2.333250000000000000e+03,2.100000000000000000e+01,1.120924936542269101e+00
2.333250000000000000e+03,2.200000000000000000e+01,1.146141487282404725e+00
2.333250000000000000e+03,2.300000000000000000e+01,1.170959596697511707e+00
2.333250000000000000e+03,2.400000000000000000e+01,1.195379959467553377e+00
2.333250000000000000e+03,2.500000000000000000e+01,1.219404322367278581e+00
2.333250000000000000e+03,2.600000000000000000e+01,1.243035370647614712e+00
2.333250000000000000e+03,2.700000000000000000e+01,1.266276618208683757e+00
2.333250000000000000e+03,2.800000000000000000e+01,1.289132302820171105e+00
2.333250000000000000e+03,2.900000000000000000e+01,1.311607287321582049e+00
2.333250000000000000e+03,3.000000000000000000e+01,1.333706967441164792e+00
2.500000000000000000e+03,-3.000000000000000000e+01,-3.140989851137536704e-01
2.500000000000000000e+03,-2.900000000000000000e+01,-2.916240006123480555e-01
2.500000000000000000e+03,-2.800000000000000000e+01,-2.687683160008678129e-01
2.500000000000000000e+03,-2.700000000000000000e+01,-2.455270684398040970e-01
2.500000000000000000e+03,-2.600000000000000000e+01,-2.218960201594697423e-01
2.500000000000000000e+03,-2.500000000000000000e+01,-1.978716572597374324e-01
2.500000000000000000e+03,-2.400000000000000000e+01,-1.734512944896806630e-01
2.500000000000000000e+03,-2.300000000000000000e+01,-1.486331850745870042e-01
2.500000000000000000e+03,-2.200000000000000000e+01,-1.234166343344487160e-01
2.500000000000000000e+03,-2.100000000000000000e+01,-9.780211549728612397e-02
2.500000000000000000e+03,-2.000000000000000000e+01,-7.179138576485044609e-02
2.500000000000000000e+03,-1.900000000000000000e+01,-4.538760036010636156e-02
2.500000000000000000e+03,-1.800000000000000000e+01,-1.859542199391839290e-02
2.500000000000000000e+03,-1.700000000000000000e+01,8.578877041690802230e-03
2.500000000000000000e+03,-1.600000000000000000e+01,3.612732309214017334e-02
2.500000000000000000e+03,-1.500000000000000000e+01,6.404016265214274028e-02
2.500000000000000000e+03,-1.400000000000000000e+01,9.230580007756072902e-02
2.500000000000000000e+03,-1.300000000000000000e+01,1.209107542072453967e-01
2.500000000000000000e+03,-1.200000000000000000e+01,1.498396362892497891e-01
2.500000000000000000e+03,-1.100000000000000000e+01,1.790751511833394982e-01
2.500000000000000000e+03,-1.000000000000000000e+01,2.085981233031248827e-01
2.500000000000000000e+03,-9.000000000000000000e+00,2.383875481905639582e-01
2.500000000000000000e+03,-8.000000000000000000e+00,2.684206700102675924e-01
2.500000000000000000e+03,-7.000000000000000000e+00,2.986730846373371051e-01
2.500000000000000000e+03,-6.000000000000000000e+00,3.291188674133864733e-01
2.500000000000000000e+03,-5.000000000000000000e+00,3.597307240802652406e-01
2.500000000000000000e+03,-4.000000000000000000e+00,3.904801628842563543e-01
2.500000000000000000e+03,-3.000000000000000000e+00,4.213376853851573678e-01
2.500000000000000000e+03,-2.000000000000000000e+00,4.522729931113758650e-01
2.500000000000000000e+03,-1.000000000000000000e+00,4.832552068778190324e-01
2.500000000000000000e+03,0.000000000000000000e+00,5.142530953299964125e-01
2.500000000000000000e+03,1.000000000000000000e+00,5.452353090964392468e-01
2.500000000000000000e+03,2.000000000000000000e+00,5.761706168226576885e-01
2.500000000000000000e+03,3.000000000000000000e+00,6.070281393235591461e-01
2.500000000000000000e+03,4.000000000000000000e+00,6.377775781275506484e-01
2.500000000000000000e+03,5.000000000000000000e+00,6.683894347944283609e-01
2.500000000000000000e+03,6.000000000000000000e+00,6.988352175704766189e-01
2.500000000000000000e+03,7.000000000000000000e+00,7.290876321975471308e-01
2.500000000000000000e+03,8.000000000000000000e+00,7.591207540172508761e-01
2.500000000000000000e+03,9.000000000000000000e+00,7.889101789046890634e-01
2.500000000000000000e+03,1.000000000000000000e+01,8.184331510244760022e-01
2.500000000000000000e+03,1.100000000000000000e+01,8.476686659185637129e-01
2.500000000000000000e+03,1.200000000000000000e+01,8.765975480005683274e-01
2.500000000000000000e+03,1.300000000000000000e+01,9.052025021302552155e-01
2.500000000000000000e+03,1.400000000000000000e+01,9.334681395556714278e-01
2.500000000000000000e+03,1.500000000000000000e+01,9.613809791156824325e-01
2.500000000000000000e+03,1.600000000000000000e+01,9.889294251661309154e-01
2.500000000000000000e+03,1.700000000000000000e+01,1.016103724201730785e+00
2.500000000000000000e+03,1.800000000000000000e+01,1.042895902567929411e+00
2.500000000000000000e+03,1.900000000000000000e+01,1.069299687972664614e+00
2.500000000000000000e+03,2.000000000000000000e+01,1.095310417705104733e+00
2.500000000000000000e+03,2.100000000000000000e+01,1.120924936542269101e+00
2.500000000000000000e+03,2.200000000000000000e+01,1.146141487282404725e+00
2.500000000000000000e+03,2.300000000000000000e+01,1.170959596697511707e+00
2.500000000000000000e+03,2.400000000000000000e+01,1.195379959467553377e+00
2.500000000000000000e+03,2.500000000000000000e+01,1.219404322367278581e+00
2.500000000000000000e+03,2.600000000000000000e+01,1.243035370647614712e+00
2.500000000000000000e+03,2.700000000000000000e+01,1.266276618208683757e+00
2.500000000000000000e+03,2.800000000000000000e+01,1.289132302820171105e+00
2.500000000000000000e+03,2.900000000000000000e+01,1.311607287321582049e+00
2.500000000000000000e+03,3.000000000000000000e+01,1.333706967441164792e+00
2.666750000000000000e+03,-3.000000000000000000e+01,-3.140989851137536704e-01
2.666750000000000000e+03,-2.900000000000000000e+01,-2.916240006123480555e-01
2.666750000000000000e+03,-2.800000000000000000e+01,-2.687683160008678129e-01
2.666750000000000000e+03,-2.700000000000000000e+01,-2.455270684398040970e-01
2.666750000000000000e+03,-2.600000000000000000e+01,-2.218960201594697423e-01
2.666750000000000000e+03,-2.500000000000000000e+01,-1.978716572597374324e-01
2.666750000000000000e+03,-2.400000000000000000e+01,-1.734512944896806630e-01
2.666750000000000000e+03,-2.300000000000000000e+01,-1.486331850745870042e-01
2.666750000000000000e+03,-2.200000000000000000e+01,-1.234166343344487160e-01
2.666750000000000000e+03,-2.100000000000000000e+01,-9.780211549728612397e-02
2.666750000000000000e+03,-2.000000000000000000e+01,-7.179138576485044609e-02
2.666750000000000000e+03,-1.900000000000000000e+01,-4.538760036010636156e-02
2.666750000000000000e+03,-1.800000000000000000e+01,-1.859542199391839290e-02
2.666750000000000000e+03,-1.700000000000000000e+01,8.578877041690802230e-03
2.666750000000000000e+03,-1.600000000000000000e+01,3.612732309214017334e-02
2.666750000000000000e+03,-1.500000000000000000e+01,6.404016265214274028e-02
2.666750000000000000e+03,-1.400000000000000000e+01,9.230580007756072902e-02
2.666750000000000000e+03,-1.300000000000000000e+01,1.209107542072453967e-01
2.666750000000000000e+03,-1.200000000000000000e+01,1.498396362892497891e-01
2.666750000000000000e+03,-1.100000000000000000e+01,1.790751511833394982e-01
2.666750000000000000e+03,-1.000000000000000000e+01,2.085981233031248827e-01
2.666750000000000000e+03,-9.000000000000000000e+00,2.383875481905639582e-01
2.666750000000000000e+03,-8.000000000000000000e+00,2.684206700102675924e-01
2.666750000000000000e+03,-7.000000000000000000e+00,2.986730846373371051e-01
2.666750000000000000e+03,-6.000000000000000000e+00,3.291188674133864733e-01
2.666750000000000000e+03,-5.000000000000000000e+00,3.597307240802652406e-01
2.666750000000000000e+03,-4.000000000000000000e+00,3.904801628842563543e-01
2.666750000000000000e+03,-3.000000000000000000e+00,4.213376853851573678e-01
2.666750000000000000e+03,-2.000000000000000000e+00,4.522729931113758650e-01
2.666750000000000000e+03,-1.000000000000000000e+00,4.832552068778190324e-01
2.666750000000000000e+03,0.000000000000000000e+00,5.142530953299964125e-01
2.666750000000000000e+03,1.000000000000000000e+00,5.452353090964392468e-01
2.666750000000000000e+03,2.000000000000000000e+00,5.761706168226576885e-01
2.666750000000000000e+03,3.000000000000000000e+00,6.070281393235591461e-01
2.666750000000000000e+03,4.000000000000000000e+00,6.377775781275506484e-01
2.666750000000000000e+03,5.000000000000000000e+00,6.683894347944283609e-01
2.666750000000000000e+03,6.000000000000000000e+00,6.988352175704766189e-01
2.666750000000000000e+03,7.000000000000000000e+00,7.290876321975471308e-01
2.666750000000000000e+03,8.000000000000000000e+00,7.591207540172508761e-01
2.666750000000000000e+03,9.000000000000000000e+00,7.889101789046890634e-01
2.666750000000000000e+03,1.000000000000000000e+01,8.184331510244760022e-01
2.666750000000000000e+03,1.100000000000000000e+01,8.476686659185637129e-01
2.666750000000000000e+03,1.200000000000000000e+01,8.765975480005683274e-01
2.666750000000000000e+03,1.300000000000000000e+01,9.052025021302552155e-01
2.666750000000000000e+03,1.400000000000000000e+01,9.334681395556714278e-01
2.666750000000000000e+03,1.500000000000000000e+01,9.613809791156824325e-01
2.666750000000000000e+03,1.600000000000000000e+01,9.889294251661309154e-01
2.666750000000000000e+03,1.700000000000000000e+01,1.016103724201730785e+00
2.666750000000000000e+03,1.800000000000000000e+01,1.042895902567929411e+00
2.666750000000000000e+03,1.900000000000000000e+01,1.069299687972664614e+00
2.666750000000000000e+03,2.000000000000000000e+01,1.095310417705104733e+00
2.666750000000000000e+03,2.100000000000000000e+01,1.120924936542269101e+00
2.666750000000000000e+03,2.200000000000000000e+01,1.146141487282404725e+00
2.666750000000000000e+03,2.300000000000000000e+01,1.170959596697511707e+00
2.666750000000000000e+03,2.400000000000000000e+01,1.195379959467553377e+00
2.666750000000000000e+03,2.500000000000000000e+01,1.219404322367278581e+00
2.666750000000000000e+03,2.600000000000000000e+01,1.243035370647614712e+00
2.666750000000000000e+03,2.700000000000000000e+01,1.266276618208683757e+00
2.666750000000000000e+03,2.800000000000000000e+01,1.289132302820171105e+00
2.666750000000000000e+03,2.900000000000000000e+01,1.311607287321582049e+00
2.666750000000000000e+03,3.000000000000000000e+01,1.333706967441164792e+00
2.833250000000000000e+03,-3.000000000000000000e+01,-3.140989851137536704e-01
2.833250000000000000e+03,-2.900000000000000000e+01,-2.916240006123480555e-01
2.833250000000000000e+03,-2.800000000000000000e+01,-2.687683160008678129e-01
2.833250000000000000e+03,-2.700000000000000000e+01,-2.455270684398040970e-01
2.833250000000000000e+03,-2.600000000000000000e+01,-2.218960201594697423e-01
2.833250000000000000e+03,-2.500000000000000000e+01,-1.978716572597374324e-01
2.833250000000000000e+03,-2.400000000000000000e+01,-1.734512944896806630e-01
2.833250000000000000e+03,-2.300000000000000000e+01,-1.486331850745870042e-01
2.833250000000000000e+03,-2.200000000000000000e+01,-1.234166343344487160e-01
2.833250000000000000e+03,-2.100000000000000000e+01,-9.780211549728612397e-02
2.833250000000000000e+03,-2.000000000000000000e+01,-7.179138576485044609e-02
2.833250000000000000e+03,-1.900000000000000000e+01,-4.538760036010636156e-02
2.833250000000000000e+03,-1.800000000000000000e+01,-1.859542199391839290e-02
2.833250000000000000e+03,-1.700000000000000000e+01,8.578877041690802230e-03
2.833250000000000000e+03,-1.600000000000000000e+01,3.612732309214017334e-02
2.833250000000000000e+03,-1.500000000000000000e+01,6.404016265214274028e-02
2.833250000000000000e+03,-1.400000000000000000e+01,9.230580007756072902e-02
2.833250000000000000e+03,-1.300000000000000000e+01,1.209107542072453967e-01
2.833250000000000000e+03,-1.200000000000000000e+01,1.498396362892497891e-01
2.833250000000000000e+03,-1.100000000000000000e+01,1.790751511833394982e-01
2.833250000000000000e+03,-1.000000000000000000e+01,2.085981233031248827e-01
2.833250000000000000e+03,-9.000000000000000000e+00,2.383875481905639582e-01
2.833250000000000000e+03,-8.000000000000000000e+00,2.684206700102675924e-01
2.833250000000000000e+03,-7.000000000000000000e+00,2.986730846373371051e-01
2.833250000000000000e+03,-6.000000000000000000e+00,3.291188674133864733e-01
2.833250000000000000e+03,-5.000000000000000000e+00,3.597307240802652406e-01
2.833250000000000000e+03,-4.000000000000000000e+00,3.904801628842563543e-01
2.833250000000000000e+03,-3.000000000000000000e+00,4.213376853851573678e-01
2.833250000000000000e+03,-2.000000000000000000e+00,4.522729931113758650e-01
2.833250000000000000e+03,-1.000000000000000000e+00,4.832552068778190324e-01
2.833250000000000000e+03,0.000000000000000000e+00,5.142530953299964125e-01
2.833250000000000000e+03,1.000000000000000000e+00,5.452353090964392468e-01
2.833250000000000000e+03,2.000000000000000000e+00,5.761706168226576885e-01
2.833250000000000000e+03,3.000000000000000000e+00,6.070281393235591461e-01
2.833250000000000000e+03,4.000000000000000000e+00,6.377775781275506484e-01
2.833250000000000000e+03,5.000000000000000000e+00,6.683894347944283609e-01
2.833250000000000000e+03,6.000000000000000000e+00,6.988352175704766189e-01
2.833250000000000000e+03,7.000000000000000000e+00,7.290876321975471308e-01
2.833250000000000000e+03,8.000000000000000000e+00,7.591207540172508761e-01
2.833250000000000000e+03,9.000000000000000000e+00,7.889101789046890634e-01
2.833250000000000000e+03,1.000000000000000000e+01,8.184331510244760022e-01
2.833250000000000000e+03,1.100000000000000000e+01,8.476686659185637129e-01
2.833250000000000000e+03,1.200000000000000000e+01,8.765975480005683274e-01
2.833250000000000000e+03,1.300000000000000000e+01,9.052025021302552155e-01
2.833250000000000000e+03,1.400000000000000000e+01,9.334681395556714278e-01
2.833250000000000000e+03,1.500000000000000000e+01,9.613809791156824325e-01
2.833250000000000000e+03,1.600000000000000000e+01,9.889294251661309154e-01
2.833250000000000000e+03,1.700000000000000000e+01,1.016103724201730785e+00
2.833250000000000000e+03,1.800000000000000000e+01,1.042895902567929411e+00
2.833250000000000000e+03,1.900000000000000000e+01,1.069299687972664614e+00
2.833250000000000000e+03,2.000000000000000000e+01,1.095310417705104733e+00
2.833250000000000000e+03,2.100000000000000000e+01,1.120924936542269101e+00
2.833250000000000000e+03,2.200000000000000000e+01,1.146141487282404725e+00
2.833250000000000000e+03,2.300000000000000000e+01,1.170959596697511707e+00
2.833250000000000000e+03,2.400000000000000000e+01,1.195379959467553377e+00
2.833250000000000000e+03,2.500000000000000000e+01,1.219404322367278581e+00
2.833250000000000000e+03,2.600000000000000000e+01,1.243035370647614712e+00
2.833250000000000000e+03,2.700000000000000000e+01,1.266276618208683757e+00
2.833250000000000000e+03,2.800000000000000000e+01,1.289132302820171105e+00
2.833250000000000000e+03,2.900000000000000000e+01,1.311607287321582049e+00
2.833250000000000000e+03,3.000000000000000000e+01,1.333706967441164792e+00
3.000000000000000000e+03,-3.000000000000000000e+01,-3.140989851137536704e-01
3.000000000000000000e+03,-2.900000000000000000e+01,-2.916240006123480555e-01
3.000000000000000000e+03,-2.800000000000000000e+01,-2.687683160008678129e-01
3.000000000000000000e+03,-2.700000000000000000e+01,-2.455270684398040970e-01
3.000000000000000000e+03,-2.600000000000000000e+01,-2.218960201594697423e-01
3.000000000000000000e+03,-2.500000000000000000e+01,-1.978716572597374324e-01
3.000000000000000000e+03,-2.400000000000000000e+01,-1.734512944896806630e-01
3.000000000000000000e+03,-2.300000000000000000e+01,-1.486331850745870042e-01
3.000000000000000000e+03,-2.200000000000000000e+01,-1.234166343344487160e-01
3.000000000000000000e+03,-2.100000000000000000e+01,-9.780211549728612397e-02
3.000000000000000000e+03,-2.000000000000000000e+01,-7.179138576485044609e-02
3.000000000000000000e+03,-1.900000000000000000e+01,-4.538760036010636156e-02
3.000000000000000000e+03,-1.800000000000000000e+01,-1.859542199391839290e-02
3.000000000000000000e+03,-1.700000000000000000e+01,8.578877041690802230e-03
3.000000000000000000e+03,-1.600000000000000000e+01,3.612732309214017334e-02
3.000000000000000000e+03,-1.500000000000000000e+01,6.404016265214274028e-02
3.000000000000000000e+03,-1.400000000000000000e+01,9.230580007756072902e-02
3.000000000000000000e+03,-1.300000000000000000e+01,1.209107542072453967e-01
3.000000000000000000e+03,-1.200000000000000000e+01,1.498396362892497891e-01
3.000000000000000000e+03,-1.100000000000000000e+01,1.790751511833394982e-01
3.000000000000000000e+03,-1.000000000000000000e+01,2.085981233031248827e-01
3.000000000000000000e+03,-9.000000000000000000e+00,2.383875481905639582e-01
3.000000000000000000e+03,-8.000000000000000000e+00,2.684206700102675924e-01
3.000000000000000000e+03,-7.000000000000000000e+00,2.986730846373371051e-01
3.000000000000000000e+03,-6.000000000000000000e+00,3.291188674133864733e-01
3.000000000000000000e+03,-5.000000000000000000e+00,3.597307240802652406e-01
3.000000000000000000e+03,-4.000000000000000000e+00,3.904801628842563543e-01
3.000000000000000000e+03,-3.000000000000000000e+00,4.213376853851573678e-01
3.000000000000000000e+03,-2.000000000000000000e+00,4.522729931113758650e-01
3.000000000000000000e+03,-1.000000000000000000e+00,4.832552068778190324e-01
3.000000000000000000e+03,0.000000000000000000e+00,5.142530953299964125e-01
3.000000000000000000e+03,1.000000000000000000e+00,5.452353090964392468e-01
3.000000000000000000e+03,2.000000000000000000e+00,5.761706168226576885e-01
3.000000000000000000e+03,3.000000000000000000e+00,6.070281393235591461e-01
3.000000000000000000e+03,4.000000000000000000e+00,6.377775781275506484e-01
3.000000000000000000e+03,5.000000000000000000e+00,6.683894347944283609e-01
3.000000000000000000e+03,6.000000000000000000e+00,6.988352175704766189e-01
3.000000000000000000e+03,7.000000000000000000e+00,7.290876321975471308e-01
3.000000000000000000e+03,8.000000000000000000e+00,7.591207540172508761e-01
3.000000000000000000e+03,9.000000000000000000e+00,7.889101789046890634e-01
3.000000000000000000e+03,1.000000000000000000e+01,8.184331510244760022e-01
3.000000000000000000e+03,1.100000000000000000e+01,8.476686659185637129e-01
3.000000000000000000e+03,1.200000000000000000e+01,8.765975480005683274e-01
3.000000000000000000e+03,1.300000000000000000e+01,9.052025021302552155e-01
3.000000000000000000e+03,1.400000000000000000e+01,9.334681395556714278e-01
3.000000000000000000e+03,1.500000000000000000e+01,9.613809791156824325e-01
3.000000000000000000e+03,1.600000000000000000e+01,9.889294251661309154e-01
3.000000000000000000e+03,1.700000000000000000e+01,1.016103724201730785e+00
3.000000000000000000e+03,1.800000000000000000e+01,1.042895902567929411e+00
3.000000000000000000e+03,1.900000000000000000e+01,1.069299687972664614e+00
3.000000000000000000e+03,2.000000000000000000e+01,1.095310417705104733e+00
3.000000000000000000e+03,2.100000000000000000e+01,1.120924936542269101e+00
3.000000000000000000e+03,2.200000000000000000e+01,1.146141487282404725e+00
3.000000000000000000e+03,2.300000000000000000e+01,1.170959596697511707e+00
3.000000000000000000e+03,2.400000000000000000e+01,1.195379959467553377e+00
3.000000000000000000e+03,2.500000000000000000e+01,1.219404322367278581e+00
3.000000000000000000e+03,2.600000000000000000e+01,1.243035370647614712e+00
3.000000000000000000e+03,2.700000000000000000e+01,1.266276618208683757e+00
3.000000000000000000e+03,2.800000000000000000e+01,1.289132302820171105e+00
3.000000000000000000e+03,2.900000000000000000e+01,1.311607287321582049e+00
3.000000000000000000e+03,3.000000000000000000e+01,1.333706967441164792e+00
3.166750000000000000e+03,-3.000000000000000000e+01,-3.140989851137536704e-01
3.166750000000000000e+03,-2.900000000000000000e+01,-2.916240006123480555e-01
3.166750000000000000e+03,-2.800000000000000000e+01,-2.687683160008678129e-01
3.166750000000000000e+03,-2.700000000000000000e+01,-2.455270684398040970e-01
3.166750000000000000e+03,-2.600000000000000000e+01,-2.218960201594697423e-01
3.166750000000000000e+03,-2.500000000000000000e+01,-1.978716572597374324e-01
3.166750000000000000e+03,-2.400000000000000000e+01,-1.734512944896806630e-01
3.166750000000000000e+03,-2.300000000000000000e+01,-1.486331850745870042e-01
3.166750000000000000e+03,-2.200000000000000000e+01,-1.234166343344487160e-01
3.166750000000000000e+03,-2.100000000000000000e+01,-9.780211549728612397e-02
3.166750000000000000e+03,-2.000000000000000000e+01,-7.179138576485044609e-02
3.166750000000000000e+03,-1.900000000000000000e+01,-4.538760036010636156e-02
3.166750000000000000e+03,-1.800000000000000000e+01,-1.859542199391839290e-02
3.166750000000000000e+03,-1.700000000000000000e+01,8.578877041690802230e-03
3.166750000000000000e+03,-1.600000000000000000e+01,3.612732309214017334e-02
3.166750000000000000e+03,-1.500000000000000000e+01,6.404016265214274028e-02
3.166750000000000000e+03,-1.400000000000000000e+01,9.230580007756072902e-02
3.166750000000000000e+03,-1.300000000000000000e+01,1.209107542072453967e-01
3.166750000000000000e+03,-1.200000000000000000e+01,1.498396362892497891e-01
3.166750000000000000e+03,-1.100000000000000000e+01,1.790751511833394982e-01
3.166750000000000000e+03,-1.000000000000000000e+01,2.085981233031248827e-01
3.166750000000000000e+03,-9.000000000000000000e+00,2.383875481905639582e-01
3.166750000000000000e+03,-8.000000000000000000e+00,2.684206700102675924e-01
3.166750000000000000e+03,-7.000000000000000000e+00,2.986730846373371051e-01
3.166750000000000000e+03,-6.000000000000000000e+00,3.291188674133864733e-01
3.166750000000000000e+03,-5.000000000000000000e+00,3.597307240802652406e-01
3.166750000000000000e+03,-4.000000000000000000e+00,3.904801628842563543e-01
3.166750000000000000e+03,-3.000000000000000000e+00,4.213376853851573678e-01
3.166750000000000000e+03,-2.000000000000000000e+00,4.522729931113758650e-01
3.166750000000000000e+03,-1.000000000000000000e+00,4.832552068778190324e-01
3.166750000000000000e+03,0.000000000000000000e+00,5.142530953299964125e-01
3.166750000000000000e+03,1.000000000000000000e+00,5.452353090964392468e-01
3.166750000000000000e+03,2.000000000000000000e+00,5.761706168226576885e-01
3.166750000000000000e+03,3.000000000000000000e+00,6.070281393235591461e-01
3.166750000000000000e+03,4.000000000000000000e+00,6.377775781275506484e-01
3.166750000000000000e+03,5.000000000000000000e+00,6.683894347944283609e-01
3.166750000000000000e+03,6.000000000000000000e+00,6.988352175704766189e-01
3.166750000000000000e+03,7.000000000000000000e+00,7.290876321975471308e-01
3.166750000000000000e+03,8.000000000000000000e+00,7.591207540172508761e-01
3.166750000000000000e+03,9.000000000000000000e+00,7.889101789046890634e-01
3.166750000000000000e+03,1.000000000000000000e+01,8.184331510244760022e-01
3.166750000000000000e+03,1.100000000000000000e+01,8.476686659185637129e-01
3.166750000000000000e+03,1.200000000000000000e+01,8.765975480005683274e-01
3.166750000000000000e+03,1.300000000000000000e+01,9.052025021302552155e-01
3.166750000000000000e+03,1.400000000000000000e+01,9.334681395556714278e-01
3.166750000000000000e+03,1.500000000000000000e+01,9.613809791156824325e-01
3.166750000000000000e+03,1.600000000000000000e+01,9.889294251661309154e-01
3.166750000000000000e+03,1.700000000000000000e+01,1.016103724201730785e+00
3.166750000000000000e+03,1.800000000000000000e+01,1.042895902567929411e+00
3.166750000000000000e+03,1.900000000000000000e+01,1.069299687972664614e+00
3.166750000000000000e+03,2.000000000000000000e+01,1.095310417705104733e+00
3.166750000000000000e+03,2.100000000000000000e+01,1.120924936542269101e+00
3.166750000000000000e+03,2.200000000000000000e+01,1.146141487282404725e+00
3.166750000000000000e+03,2.300000000000000000e+01,1.170959596697511707e+00
3.166750000000000000e+03,2.400000000000000000e+01,1.195379959467553377e+00
3.166750000000000000e+03,2.500000000000000000e+01,1.219404322367278581e+00
3.166750000000000000e+03,2.600000000000000000e+01,1.243035370647614712e+00
3.166750000000000000e+03,2.700000000000000000e+01,1.266276618208683757e+00
3.166750000000000000e+03,2.800000000000000000e+01,1.289132302820171105e+00
3.166750000000000000e+03,2.900000000000000000e+01,1.311607287321582049e+00
3.166750000000000000e+03,3.000000000000000000e+01,1.333706967441164792e+00
3.333250000000000000e+03,-3.000000000000000000e+01,-3.140989851137536704e-01
3.333250000000000000e+03,-2.900000000000000000e+01,-2.916240006123480555e-01
3.333250000000000000e+03,-2.800000000000000000e+01,-2.687683160008678129e-01
3.333250000000000000e+03,-2.700000000000000000e+01,-2.455270684398040970e-01
3.333250000000000000e+03,-2.600000000000000000e+01,-2.218960201594697423e-01
3.333250000000000000e+03,-2.500000000000000000e+01,-1.978716572597374324e-01
3.333250000000000000e+03,-2.400000000000000000e+01,-1.734512944896806630e-01
3.333250000000000000e+03,-2.300000000000000000e+01,-1.486331850745870042e-01
3.333250000000000000e+03,-2.200000000000000000e+01,-1.234166343344487160e-01
3.333250000000000000e+03,-2.100000000000000000e+01,-9.780211549728612397e-02
3.333250000000000000e+03,-2.000000000000000000e+01,-7.179138576485044609e-02
3.333250000000000000e+03,-1.900000000000000000e+01,-4.538760036010636156e-02
3.333250000000000000e+03,-1.800000000000000000e+01,-1.859542199391839290e-02
3.333250000000000000e+03,-1.700000000000000000e+01,8.578877041690802230e-03
3.333250000000000000e+03,-1.600000000000000000e+01,3.612732309214017334e-02
3.333250000000000000e+03,-1.500000000000000000e+01,6.404016265214274028e-02
3.333250000000000000e+03,-1.400000000000000000e+01,9.230580007756072902e-02
3.333250000000000000e+03,-1.300000000000000000e+01,1.209107542072453967e-01
3.333250000000000000e+03,-1.200000000000000000e+01,1.498396362892497891e-01
3.333250000000000000e+03,-1.100000000000000000e+01,1.790751511833394982e-01
3.333250000000000000e+03,-1.000000000000000000e+01,2.085981233031248827e-01
3.333250000000000000e+03,-9.000000000000000000e+00,2.383875481905639582e-01
3.333250000000000000e+03,-8.000000000000000000e+00,2.684206700102675924e-01
3.333250000000000000e+03,-7.000000000000000000e+00,2.986730846373371051e-01
3.333250000000000000e+03,-6.000000000000000000e+00,3.291188674133864733e-01
3.333250000000000000e+03,-5.000000000000000000e+00,3.597307240802652406e-01
3.333250000000000000e+03,-4.000000000000000000e+00,3.904801628842563543e-01
3.333250000000000000e+03,-3.000000000000000000e+00,4.213376853851573678e-01
3.333250000000000000e+03,-2.000000000000000000e+00,4.522729931113758650e-01
3.333250000000000000e+03,-1.000000000000000000e+00,4.832552068778190324e-01
3.333250000000000000e+03,0.000000000000000000e+00,5.142530953299964125e-01
3.333250000000000000e+03,1.000000000000000000e+00,5.452353090964392468e-01
3.333250000000000000e+03,2.000000000000000000e+00,5.761706168226576885e-01
3.333250000000000000e+03,3.000000000000000000e+00,6.070281393235591461e-01
3.333250000000000000e+03,4.000000000000000000e+00,6.377775781275506484e-01
3.333250000000000000e+03,5.000000000000000000e+00,6.683894347944283609e-01
3.333250000000000000e+03,6.000000000000000000e+00,6.988352175704766189e-01
3.333250000000000000e+03,7.000000000000000000e+00,7.290876321975471308e-01
3.333250000000000000e+03,8.000000000000000000e+00,7.591207540172508761e-01
3.333250000000000000e+03,9.000000000000000000e+00,7.889101789046890634e-01
3.333250000000000000e+03,1.000000000000000000e+01,8.184331510244760022e-01
3.333250000000000000e+03,1.100000000000000000e+01,8.476686659185637129e-01
3.333250000000000000e+03,1.200000000000000000e+01,8.765975480005683274e-01
3.333250000000000000e+03,1.300000000000000000e+01,9.052025021302552155e-01
3.333250000000000000e+03,1.400000000000000000e+01,9.334681395556714278e-01
3.333250000000000000e+03,1.500000000000000000e+01,9.613809791156824325e-01
3.333250000000000000e+03,1.600000000000000000e+01,9.889294251661309154e-01
3.333250000000000000e+03,1.700000000000000000e+01,1.016103724201730785e+00
3.333250000000000000e+03,1.800000000000000000e+01,1.042895902567929411e+00
3.333250000000000000e+03,1.900000000000000000e+01,1.069299687972664614e+00
3.333250000000000000e+03,2.000000000000000000e+01,1.095310417705104733e+00
3.333250000000000000e+03,2.100000000000000000e+01,1.120924936542269101e+00
3.333250000000000000e+03,2.200000000000000000e+01,1.146141487282404725e+00
3.333250000000000000e+03,2.300000000000000000e+01,1.170959596697511707e+00
3.333250000000000000e+03,2.400000000000000000e+01,1.195379959467553377e+00
3.333250000000000000e+03,2.500000000000000000e+01,1.219404322367278581e+00
3.333250000000000000e+03,2.600000000000000000e+01,1.243035370647614712e+00
3.333250000000000000e+03,2.700000000000000000e+01,1.266276618208683757e+00
3.333250000000000000e+03,2.800000000000000000e+01,1.289132302820171105e+00
3.333250000000000000e+03,2.900000000000000000e+01,1.311607287321582049e+00
3.333250000000000000e+03,3.000000000000000000e+01,1.333706967441164792e+00
3.500000000000000000e+03,-3.000000000000000000e+01,-3.140989851137536704e-01
3.500000000000000000e+03,-2.900000000000000000e+01,-2.916240006123480555e-01
3.500000000000000000e+03,-2.800000000000000000e+01,-2.687683160008678129e-01
3.500000000000000000e+03,-2.700000000000000000e+01,-2.455270684398040970e-01
3.500000000000000000e+03,-2.600000000000000000e+01,-2.218960201594697423e-01
3.500000000000000000e+03,-2.500000000000000000e+01,-1.978716572597374324e-01
3.500000000000000000e+03,-2.400000000000000000e+01,-1.734512944896806630e-01
3.500000000000000000e+03,-2.300000000000000000e+01,-1.486331850745870042e-01
3.500000000000000000e+03,-2.200000000000000000e+01,-1.234166343344487160e-01
3.500000000000000000e+03,-2.100000000000000000e+01,-9.780211549728612397e-02
3.500000000000000000e+03,-2.000000000000000000e+01,-7.179138576485044609e-02
3.500000000000000000e+03,-1.900000000000000000e+01,-4.538760036010636156e-02
3.500000000000000000e+03,-1.800000000000000000e+01,-1.859542199391839290e-02
3.500000000000000000e+03,-1.700000000000000000e+01,8.578877041690802230e-03
3.500000000000000000e+03,-1.600000000000000000e+01,3.612732309214017334e-02
3.500000000000000000e+03,-1.500000000000000000e+01,6.404016265214274028e-02
3.500000000000000000e+03,-1.400000000000000000e+01,9.230580007756072902e-02
3.500000000000000000e+03,-1.300000000000000000e+01,1.209107542072453967e-01
3.500000000000000000e+03,-1.200000000000000000e+01,1.498396362892497891e-01
3.500000000000000000e+03,-1.100000000000000000e+01,1.790751511833394982e-01
3.500000000000000000e+03,-1.000000000000000000e+01,2.085981233031248827e-01
3.500000000000000000e+03,-9.000000000000000000e+00,2.383875481905639582e-01
3.500000000000000000e+03,-8.000000000000000000e+00,2.684206700102675924e-01
3.500000000000000000e+03,-7.000000000000000000e+00,2.986730846373371051e-01
3.500000000000000000e+03,-6.000000000000000000e+00,3.291188674133864733e-01
3.500000000000000000e+03,-5.000000000000000000e+00,3.597307240802652406e-01
3.500000000000000000e+03,-4.000000000000000000e+00,3.904801628842563543e-01
3.500000000000000000e+03,-3.000000000000000000e+00,4.213376853851573678e-01
3.500000000000000000e+03,-2.000000000000000000e+00,4.522729931113758650e-01
3.500000000000000000e+03,-1.000000000000000000e+00,4.832552068778190324e-01
3.500000000000000000e+03,0.000000000000000000e+00,5.142530953299964125e-01
3.500000000000000000e+03,1.000000000000000000e+00,5.452353090964392468e-01
3.500000000000000000e+03,2.000000000000000000e+00,5.761706168226576885e-01
3.500000000000000000e+03,3.000000000000000000e+00,6.070281393235591461e-01
3.500000000000000000e+03,4.000000000000000000e+00,6.377775781275506484e-01
3.500000000000000000e+03,5.000000000000000000e+00,6.683894347944283609e-01
3.500000000000000000e+03,6.000000000000000000e+00,6.988352175704766189e-01
3.500000000000000000e+03,7.000000000000000000e+00,7.290876321975471308e-01
3.500000000000000000e+03,8.000000000000000000e+00,7.591207540172508761e-01
3.500000000000000000e+03,9.000000000000000000e+00,7.889101789046890634e-01
3.500000000000000000e+03,1.000000000000000000e+01,8.184331510244760022e-01
3.500000000000000000e+03,1.100000000000000000e+01,8.476686659185637129e-01
3.500000000000000000e+03,1.200000000000000000e+01,8.765975480005683274e-01
3.500000000000000000e+03,1.300000000000000000e+01,9.052025021302552155e-01
3.500000000000000000e+03,1.400000000000000000e+01,9.334681395556714278e-01
3.500000000000000000e+03,1.500000000000000000e+01,9.613809791156824325e-01
3.500000000000000000e+03,1.600000000000000000e+01,9.889294251661309154e-01
3.500000000000000000e+03,1.700000000000000000e+01,1.016103724201730785e+00
3.500000000000000000e+03,1.800000000000000000e+01,1.042895902567929411e+00
3.500000000000000000e+03,1.900000000000000000e+01,1.069299687972664614e+00
3.500000000000000000e+03,2.000000000000000000e+01,1.095310417705104733e+00
3.500000000000000000e+03,2.100000000000000000e+01,1.120924936542269101e+00
3.500000000000000000e+03,2.200000000000000000e+01,1.146141487282404725e+00
3.500000000000000000e+03,2.300000000000000000e+01,1.170959596697511707e+00
3.500000000000000000e+03,2.400000000000000000e+01,1.195379959467553377e+00
3.500000000000000000e+03,2.500000000000000000e+01,1.219404322367278581e+00
3.500000000000000000e+03,2.600000000000000000e+01,1.243035370647614712e+00
3.500000000000000000e+03,2.700000000000000000e+01,1.266276618208683757e+00
3.500000000000000000e+03,2.800000000000000000e+01,1.289132302820171105e+00
3.500000000000000000e+03,2.900000000000000000e+01,1.311607287321582049e+00
3.500000000000000000e+03,3.000000000000000000e+01,1.333706967441164792e+00
3.666750000000000000e+03,-3.000000000000000000e+01,-3.140989851137536704e-01
3.666750000000000000e+03,-2.900000000000000000e+01,-2.916240006123480555e-01
3.666750000000000000e+03,-2.800000000000000000e+01,-2.687683160008678129e-01
3.666750000000000000e+03,-2.700000000000000000e+01,-2.455270684398040970e-01
3.666750000000000000e+03,-2.600000000000000000e+01,-2.218960201594697423e-01
3.666750000000000000e+03,-2.500000000000000000e+01,-1.978716572597374324e-01
3.666750000000000000e+03,-2.400000000000000000e+01,-1.734512944896806630e-01
3.666750000000000000e+03,-2.300000000000000000e+01,-1.486331850745870042e-01
3.666750000000000000e+03,-2.200000000000000000e+01,-1.234166343344487160e-01
3.666750000000000000e+03,-2.100000000000000000e+01,-9.780211549728612397e-02
3.666750000000000000e+03,-2.000000000000000000e+01,-7.179138576485044609e-02
3.666750000000000000e+03,-1.900000000000000000e+01,-4.538760036010636156e-02
3.666750000000000000e+03,-1.800000000000000000e+01,-1.859542199391839290e-02
3.666750000000000000e+03,-1.700000000000000000e+01,8.578877041690802230e-03
3.666750000000000000e+03,-1.600000000000000000e+01,3.612732309214017334e-02
3.666750000000000000e+03,-1.500000000000000000e+01,6.404016265214274028e-02
3.666750000000000000e+03,-1.400000000000000000e+01,9.230580007756072902e-02
3.666750000000000000e+03,-1.300000000000000000e+01,1.209107542072453967e-01
3.666750000000000000e+03,-1.200000000000000000e+01,1.498396362892497891e-01
3.666750000000000000e+03,-1.100000000000000000e+01,1.790751511833394982e-01
3.666750000000000000e+03,-1.000000000000000000e+01,2.085981233031248827e-01
3.666750000000000000e+03,-9.000000000000000000e+00,2.383875481905639582e-01
3.666750000000000000e+03,-8.000000000000000000e+00,2.684206700102675924e-01
3.666750000000000000e+03,-7.000000000000000000e+00,2.986730846373371051e-01
3.666750000000000000e+03,-6.000000000000000000e+00,3.291188674133864733e-01
3.666750000000000000e+03,-5.000000000000000000e+00,3.597307240802652406e-01
3.666750000000000000e+03,-4.000000000000000000e+00,3.904801628842563543e-01
3.666750000000000000e+03,-3.000000000000000000e+00,4.213376853851573678e-01
3.666750000000000000e+03,-2.000000000000000000e+00,4.522729931113758650e-01
3.666750000000000000e+03,-1.000000000000000000e+00,4.832552068778190324e-01
3.666750000000000000e+03,0.000000000000000000e+00,5.142530953299964125e-01
3.666750000000000000e+03,1.000000000000000000e+00,5.452353090964392468e-01
3.666750000000000000e+03,2.000000000000000000e+00,5.761706168226576885e-01
3.666750000000000000e+03,3.000000000000000000e+00,6.070281393235591461e-01
3.666750000000000000e+03,4.000000000000000000e+00,6.377775781275506484e-01
3.666750000000000000e+03,5.000000000000000000e+00,6.683894347944283609e-01
3.666750000000000000e+03,6.000000000000000000e+00,6.988352175704766189e-01
3.666750000000000000e+03,7.000000000000000000e+00,7.290876321975471308e-01
3.666750000000000000e+03,8.000000000000000000e+00,7.591207540172508761e-01
3.666750000000000000e+03,9.000000000000000000e+00,7.889101789046890634e-01
3.666750000000000000e+03,1.000000000000000000e+01,8.184331510244760022e-01
3.666750000000000000e+03,1.100000000000000000e+01,8.476686659185637129e-01
3.666750000000000000e+03,1.200000000000000000e+01,8.765975480005683274e-01
3.666750000000000000e+03,1.300000000000000000e+01,9.052025021302552155e-01
3.666750000000000000e+03,1.400000000000000000e+01,9.334681395556714278e-01
3.666750000000000000e+03,1.500000000000000000e+01,9.613809791156824325e-01
3.666750000000000000e+03,1.600000000000000000e+01,9.889294251661309154e-01
3.666750000000000000e+03,1.700000000000000000e+01,1.016103724201730785e+00
3.666750000000000000e+03,1.800000000000000000e+01,1.042895902567929411e+00
3.666750000000000000e+03,1.900000000000000000e+01,1.069299687972664614e+00
3.666750000000000000e+03,2.000000000000000000e+01,1.095310417705104733e+00
3.666750000000000000e+03,2.100000000000000000e+01,1.120924936542269101e+00
3.666750000000000000e+03,2.200000000000000000e+01,1.146141487282404725e+00
3.666750000000000000e+03,2.300000000000000000e+01,1.170959596697511707e+00
3.666750000000000000e+03,2.400000000000000000e+01,1.195379959467553377e+00
3.666750000000000000e+03,2.500000000000000000e+01,1.219404322367278581e+00
3.666750000000000000e+03,2.600000000000000000e+01,1.243035370647614712e+00
3.666750000000000000e+03,2.700000000000000000e+01,1.266276618208683757e+00
3.666750000000000000e+03,2.800000000000000000e+01,1.289132302820171105e+00
3.666750000000000000e+03,2.900000000000000000e+01,1.311607287321582049e+00
3.666750000000000000e+03,3.000000000000000000e+01,1.333706967441164792e+00
3.833250000000000000e+03,-3.000000000000000000e+01,-3.140989851137536704e-01
3.833250000000000000e+03,-2.900000000000000000e+01,-2.916240006123480555e-01
3.833250000000000000e+03,-2.800000000000000000e+01,-2.687683160008678129e-01
3.833250000000000000e+03,-2.700000000000000000e+01,-2.455270684398040970e-01
3.833250000000000000e+03,-2.600000000000000000e+01,-2.218960201594697423e-01
3.833250000000000000e+03,-2.500000000000000000e+01,-1.978716572597374324e-01
3.833250000000000000e+03,-2.400000000000000000e+01,-1.734512944896806630e-01
3.833250000000000000e+03,-2.300000000000000000e+01,-1.486331850745870042e-01
3.833250000000000000e+03,-2.200000000000000000e+01,-1.234166343344487160e-01
3.833250000000000000e+03,-2.100000000000000000e+01,-9.780211549728612397e-02
3.833250000000000000e+03,-2.000000000000000000e+01,-7.179138576485044609e-02
3.833250000000000000e+03,-1.900000000000000000e+01,-4.538760036010636156e-02
3.833250000000000000e+03,-1.800000000000000000e+01,-1.859542199391839290e-02
3.833250000000000000e+03,-1.700000000000000000e+01,8.578877041690802230e-03
3.833250000000000000e+03,-1.600000000000000000e+01,3.612732309214017334e-02
3.833250000000000000e+03,-1.500000000000000000e+01,6.404016265214274028e-02
3.833250000000000000e+03,-1.400000000000000000e+01,9.230580007756072902e-02
3.833250000000000000e+03,-1.300000000000000000e+01,1.209107542072453967e-01
3.833250000000000000e+03,-1.200000000000000000e+01,1.498396362892497891e-01
3.833250000000000000e+03,-1.100000000000000000e+01,1.790751511833394982e-01
3.833250000000000000e+03,-1.000000000000000000e+01,2.085981233031248827e-01
3.833250000000000000e+03,-9.000000000000000000e+00,2.383875481905639582e-01
3.833250000000000000e+03,-8.000000000000000000e+00,2.684206700102675924e-01
3.833250000000000000e+03,-7.000000000000000000e+00,2.986730846373371051e-01
3.833250000000000000e+03,-6.000000000000000000e+00,3.291188674133864733e-01
3.833250000000000000e+03,-5.000000000000000000e+00,3.597307240802652406e-01
3.833250000000000000e+03,-4.000000000000000000e+00,3.904801628842563543e-01
3.833250000000000000e+03,-3.000000000000000000e+00,4.213376853851573678e-01
3.833250000000000000e+03,-2.000000000000000000e+00,4.522729931113758650e-01
3.833250000000000000e+03,-1.000000000000000000e+00,4.832552068778190324e-01
3.833250000000000000e+03,0.000000000000000000e+00,5.142530953299964125e-01
3.833250000000000000e+03,1.000000000000000000e+00,5.452353090964392468e-01
3.833250000000000000e+03,2.000000000000000000e+00,5.761706168226576885e-01
3.833250000000000000e+03,3.000000000000000000e+00,6.070281393235591461e-01
3.833250000000000000e+03,4.000000000000000000e+00,6.377775781275506484e-01
3.833250000000000000e+03,5.000000000000000000e+00,6.683894347944283609e-01
3.833250000000000000e+03,6.000000000000000000e+00,6.988352175704766189e-01
3.833250000000000000e+03,7.000000000000000000e+00,7.290876321975471308e-01
3.833250000000000000e+03,8.000000000000000000e+00,7.591207540172508761e-01
3.833250000000000000e+03,9.000000000000000000e+00,7.889101789046890634e-01
3.833250000000000000e+03,1.000000000000000000e+01,8.184331510244760022e-01
3.833250000000000000e+03,1.100000000000000000e+01,8.476686659185637129e-01
3.833250000000000000e+03,1.200000000000000000e+01,8.765975480005683274e-01
3.833250000000000000e+03,1.300000000000000000e+01,9.052025021302552155e-01
3.833250000000000000e+03,1.400000000000000000e+01,9.334681395556714278e-01
3.833250000000000000e+03,1.500000000000000000e+01,9.613809791156824325e-01
3.833250000000000000e+03,1.600000000000000000e+01,9.889294251661309154e-01
3.833250000000000000e+03,1.700000000000000000e+01,1.016103724201730785e+00
3.833250000000000000e+03,1.800000000000000000e+01,1.042895902567929411e+00
3.833250000000000000e+03,1.900000000000000000e+01,1.069299687972664614e+00
3.833250000000000000e+03,2.000000000000000000e+01,1.095310417705104733e+00
3.833250000000000000e+03,2.100000000000000000e+01,1.120924936542269101e+00
3.833250000000000000e+03,2.200000000000000000e+01,1.146141487282404725e+00
3.833250000000000000e+03,2.300000000000000000e+01,1.170959596697511707e+00
3.833250000000000000e+03,2.400000000000000000e+01,1.195379959467553377e+00
3.833250000000000000e+03,2.500000000000000000e+01,1.219404322367278581e+00
3.833250000000000000e+03,2.600000000000000000e+01,1.243035370647614712e+00
3.833250000000000000e+03,2.700000000000000000e+01,1.266276618208683757e+00
3.833250000000000000e+03,2.800000000000000000e+01,1.289132302820171105e+00
3.833250000000000000e+03,2.900000000000000000e+01,1.311607287321582049e+00
3.833250000000000000e+03,3.000000000000000000e+01,1.333706967441164792e+00
4.000000000000000000e+03,-3.000000000000000000e+01,-3.140989851137536704e-01
4.000000000000000000e+03,-2.900000000000000000e+01,-2.916240006123480555e-01
4.000000000000000000e+03,-2.800000000000000000e+01,-2.687683160008678129e-01
4.000000000000000000e+03,-2.700000000000000000e+01,-2.455270684398040970e-01
4.000000000000000000e+03,-2.600000000000000000e+01,-2.218960201594697423e-01
4.000000000000000000e+03,-2.500000000000000000e+01,-1.978716572597374324e-01
4.000000000000000000e+03,-2.400000000000000000e+01,-1.734512944896806630e-01
4.000000000000000000e+03,-2.300000000000000000e+01,-1.486331850745870042e-01
4.000000000000000000e+03,-2.200000000000000000e+01,-1.234166343344487160e-01
4.000000000000000000e+03,-2.100000000000000000e+01,-9.780211549728612397e-02
4.000000000000000000e+03,-2.000000000000000000e+01,-7.179138576485044609e-02
4.000000000000000000e+03,-1.900000000000000000e+01,-4.538760036010636156e-02
4.000000000000000000e+03,-1.800000000000000000e+01,-1.859542199391839290e-02
4.000000000000000000e+03,-1.700000000000000000e+01,8.578877041690802230e-03
4.000000000000000000e+03,-1.600000000000000000e+01,3.612732309214017334e-02
4.000000000000000000e+03,-1.500000000000000000e+01,6.404016265214274028e-02
4.000000000000000000e+03,-1.400000000000000000e+01,9.230580007756072902e-02
4.000000000000000000e+03,-1.300000000000000000e+01,1.209107542072453967e-01
4.000000000000000000e+03,-1.200000000000000000e+01,1.498396362892497891e-01
4.000000000000000000e+03,-1.100000000000000000e+01,1.790751511833394982e-01
4.000000000000000000e+03,-1.000000000000000000e+01,2.085981233031248827e-01
4.000000000000000000e+03,-9.000000000000000000e+00,2.383875481905639582e-01
4.000000000000000000e+03,-8.000000000000000000e+00,2.684206700102675924e-01
4.000000000000000000e+03,-7.000000000000000000e+00,2.986730846373371051e-01
4.000000000000000000e+03,-6.000000000000000000e+00,3.291188674133864733e-01
4.000000000000000000e+03,-5.000000000000000000e+00,3.597307240802652406e-01
4.000000000000000000e+03,-4.000000000000000000e+00,3.904801628842563543e-01
4.000000000000000000e+03,-3.000000000000000000e+00,4.213376853851573678e-01
4.000000000000000000e+03,-2.000000000000000000e+00,4.522729931113758650e-01
4.000000000000000000e+03,-1.000000000000000000e+00,4.832552068778190324e-01
4.000000000000000000e+03,0.000000000000000000e+00,5.142530953299964125e-01
4.000000000000000000e+03,1.000000000000000000e+00,5.452353090964392468e-01
4.000000000000000000e+03,2.000000000000000000e+00,5.761706168226576885e-01
4.000000000000000000e+03,3.000000000000000000e+00,6.070281393235591461e-01
4.000000000000000000e+03,4.000000000000000000e+00,6.377775781275506484e-01
4.000000000000000000e+03,5.000000000000000000e+00,6.683894347944283609e-01
4.000000000000000000e+03,6.000000000000000000e+00,6.988352175704766189e-01
4.000000000000000000e+03,7.000000000000000000e+00,7.290876321975471308e-01
4.000000000000000000e+03,8.000000000000000000e+00,7.591207540172508761e-01
4.000000000000000000e+03,9.000000000000000000e+00,7.889101789046890634e-01
4.000000000000000000e+03,1.000000000000000000e+01,8.184331510244760022e-01
4.000000000000000000e+03,1.100000000000000000e+01,8.476686659185637129e-01
4.000000000000000000e+03,1.200000000000000000e+01,8.765975480005683274e-01
4.000000000000000000e+03,1.300000000000000000e+01,9.052025021302552155e-01
4.000000000000000000e+03,1.400000000000000000e+01,9.334681395556714278e-01
4.000000000000000000e+03,1.500000000000000000e+01,9.613809791156824325e-01
4.000000000000000000e+03,1.600000000000000000e+01,9.889294251661309154e-01
4.000000000000000000e+03,1.700000000000000000e+01,1.016103724201730785e+00
4.000000000000000000e+03,1.800000000000000000e+01,1.042895902567929411e+00
4.000000000000000000e+03,1.900000000000000000e+01,1.069299687972664614e+00
4.000000000000000000e+03,2.000000000000000000e+01,1.095310417705104733e+00
4.000000000000000000e+03,2.100000000000000000e+01,1.120924936542269101e+00
4.000000000000000000e+03,2.200000000000000000e+01,1.146141487282404725e+00
4.000000000000000000e+03,2.300000000000000000e+01,1.170959596697511707e+00
4.000000000000000000e+03,2.400000000000000000e+01,1.195379959467553377e+00
4.000000000000000000e+03,2.500000000000000000e+01,1.219404322367278581e+00
4.000000000000000000e+03,2.600000000000000000e+01,1.243035370647614712e+00
4.000000000000000000e+03,2.700000000000000000e+01,1.266276618208683757e+00
4.000000000000000000e+03,2.800000000000000000e+01,1.289132302820171105e+00
4.000000000000000000e+03,2.900000000000000000e+01,1.311607287321582049e+00
4.000000000000000000e+03,3.000000000000000000e+01,1.333706967441164792e+00
4.166750000000000000e+03,-3.000000000000000000e+01,-3.140989851137536704e-01
4.166750000000000000e+03,-2.900000000000000000e+01,-2.916240006123480555e-01
4.166750000000000000e+03,-2.800000000000000000e+01,-2.687683160008678129e-01
4.166750000000000000e+03,-2.700000000000000000e+01,-2.455270684398040970e-01
4.166750000000000000e+03,-2.600000000000000000e+01,-2.218960201594697423e-01
4.166750000000000000e+03,-2.500000000000000000e+01,-1.978716572597374324e-01
4.166750000000000000e+03,-2.400000000000000000e+01,-1.734512944896806630e-01
4.166750000000000000e+03,-2.300000000000000000e+01,-1.486331850745870042e-01
4.166750000000000000e+03,-2.200000000000000000e+01,-1.234166343344487160e-01
4.166750000000000000e+03,-2.100000000000000000e+01,-9.780211549728612397e-02
4.166750000000000000e+03,-2.000000000000000000e+01,-7.179138576485044609e-02
4.166750000000000000e+03,-1.900000000000000000e+01,-4.538760036010636156e-02
4.166750000000000000e+03,-1.800000000000000000e+01,-1.859542199391839290e-02
4.166750000000000000e+03,-1.700000000000000000e+01,8.578877041690802230e-03
4.166750000000000000e+03,-1.600000000000000000e+01,3.612732309214017334e-02
4.166750000000000000e+03,-1.500000000000000000e+01,6.404016265214274028e-02
4.166750000000000000e+03,-1.400000000000000000e+01,9.230580007756072902e-02
4.166750000000000000e+03,-1.300000000000000000e+01,1.209107542072453967e-01
4.166750000000000000e+03,-1.200000000000000000e+01,1.498396362892497891e-01
4.166750000000000000e+03,-1.100000000000000000e+01,1.790751511833394982e-01
4.166750000000000000e+03,-1.000000000000000000e+01,2.085981233031248827e-01
4.166750000000000000e+03,-9.000000000000000000e+00,2.383875481905639582e-01
4.166750000000000000e+03,-8.000000000000000000e+00,2.684206700102675924e-01
4.166750000000000000e+03,-7.000000000000000000e+00,2.986730846373371051e-01
4.166750000000000000e+03,-6.000000000000000000e+00,3.291188674133864733e-01
4.166750000000000000e+03,-5.000000000000000000e+00,3.597307240802652406e-01
4.166750000000000000e+03,-4.000000000000000000e+00,3.904801628842563543e-01
4.166750000000000000e+03,-3.000000000000000000e+00,4.213376853851573678e-01
4.166750000000000000e+03,-2.000000000000000000e+00,4.522729931113758650e-01
4.166750000000000000e+03,-1.000000000000000000e+00,4.832552068778190324e-01
4.166750000000000000e+03,0.000000000000000000e+00,5.142530953299964125e-01
4.166750000000000000e+03,1.000000000000000000e+00,5.452353090964392468e-01
4.166750000000000000e+03,2.000000000000000000e+00,5.761706168226576885e-01
4.166750000000000000e+03,3.000000000000000000e+00,6.070281393235591461e-01
4.166750000000000000e+03,4.000000000000000000e+00,6.377775781275506484e-01
4.166750000000000000e+03,5.000000000000000000e+00,6.683894347944283609e-01
4.166750000000000000e+03,6.000000000000000000e+00,6.988352175704766189e-01
4.166750000000000000e+03,7.000000000000000000e+00,7.290876321975471308e-01
4.166750000000000000e+03,8.000000000000000000e+00,7.591207540172508761e-01
4.166750000000000000e+03,9.000000000000000000e+00,7.889101789046890634e-01
4.166750000000000000e+03,1.000000000000000000e+01,8.184331510244760022e-01
4.166750000000000000e+03,1.100000000000000000e+01,8.476686659185637129e-01
4.166750000000000000e+03,1.200000000000000000e+01,8.765975480005683274e-01
4.166750000000000000e+03,1.300000000000000000e+01,9.052025021302552155e-01
4.166750000000000000e+03,1.400000000000000000e+01,9.334681395556714278e-01
4.166750000000000000e+03,1.500000000000000000e+01,9.613809791156824325e-01
4.166750000000000000e+03,1.600000000000000000e+01,9.889294251661309154e-01
4.166750000000000000e+03,1.700000000000000000e+01,1.016103724201730785e+00
4.166750000000000000e+03,1.800000000000000000e+01,1.042895902567929411e+00
4.166750000000000000e+03,1.900000000000000000e+01,1.069299687972664614e+00
4.166750000000000000e+03,2.000000000000000000e+01,1.095310417705104733e+00
4.166750000000000000e+03,2.100000000000000000e+01,1.120924936542269101e+00
4.166750000000000000e+03,2.200000000000000000e+01,1.146141487282404725e+00
4.166750000000000000e+03,2.300000000000000000e+01,1.170959596697511707e+00
4.166750000000000000e+03,2.400000000000000000e+01,1.195379959467553377e+00
4.166750000000000000e+03,2.500000000000000000e+01,1.219404322367278581e+00
4.166750000000000000e+03,2.600000000000000000e+01,1.243035370647614712e+00
4.166750000000000000e+03,2.700000000000000000e+01,1.266276618208683757e+00
4.166750000000000000e+03,2.800000000000000000e+01,1.289132302820171105e+00
4.166750000000000000e+03,2.900000000000000000e+01,1.311607287321582049e+00
4.166750000000000000e+03,3.000000000000000000e+01,1.333706967441164792e+00
4.333250000000000000e+03,-3.000000000000000000e+01,-3.140989851137536704e-01
4.333250000000000000e+03,-2.900000000000000000e+01,-2.916240006123480555e-01
4.333250000000000000e+03,-2.800000000000000000e+01,-2.687683160008678129e-01
4.333250000000000000e+03,-2.700000000000000000e+01,-2.455270684398040970e-01
4.333250000000000000e+03,-2.600000000000000000e+01,-2.218960201594697423e-01
4.333250000000000000e+03,-2.500000000000000000e+01,-1.978716572597374324e-01
4.333250000000000000e+03,-2.400000000000000000e+01,-1.734512944896806630e-01
4.333250000000000000e+03,-2.300000000000000000e+01,-1.486331850745870042e-01
4.333250000000000000e+03,-2.200000000000000000e+01,-1.234166343344487160e-01
4.333250000000000000e+03,-2.100000000000000000e+01,-9.780211549728612397e-02
4.333250000000000000e+03,-2.000000000000000000e+01,-7.179138576485044609e-02
4.333250000000000000e+03,-1.900000000000000000e+01,-4.538760036010636156e-02
4.333250000000000000e+03,-1.800000000000000000e+01,-1.859542199391839290e-02
4.333250000000000000e+03,-1.700000000000000000e+01,8.578877041690802230e-03
4.333250000000000000e+03,-1.600000000000000000e+01,3.612732309214017334e-02
4.333250000000000000e+03,-1.500000000000000000e+01,6.404016265214274028e-02
4.333250000000000000e+03,-1.400000000000000000e+01,9.230580007756072902e-02
4.333250000000000000e+03,-1.300000000000000000e+01,1.209107542072453967e-01
4.333250000000000000e+03,-1.200000000000000000e+01,1.498396362892497891e-01
4.333250000000000000e+03,-1.100000000000000000e+01,1.790751511833394982e-01
4.333250000000000000e+03,-1.000000000000000000e+01,2.085981233031248827e-01
4.333250000000000000e+03,-9.000000000000000000e+00,2.383875481905639582e-01
4.333250000000000000e+03,-8.000000000000000000e+00,2.684206700102675924e-01
4.333250000000000000e+03,-7.000000000000000000e+00,2.986730846373371051e-01
4.333250000000000000e+03,-6.000000000000000000e+00,3.291188674133864733e-01
4.333250000000000000e+03,-5.000000000000000000e+00,3.597307240802652406e-01
4.333250000000000000e+03,-4.000000000000000000e+00,3.904801628842563543e-01
4.333250000000000000e+03,-3.000000000000000000e+00,4.213376853851573678e-01
4.333250000000000000e+03,-2.000000000000000000e+00,4.522729931113758650e-01
4.333250000000000000e+03,-1.000000000000000000e+00,4.832552068778190324e-01
4.333250000000000000e+03,0.000000000000000000e+00,5.142530953299964125e-01
4.333250000000000000e+03,1.000000000000000000e+00,5.452353090964392468e-01
4.333250000000000000e+03,2.000000000000000000e+00,5.761706168226576885e-01
4.333250000000000000e+03,3.000000000000000000e+00,6.070281393235591461e-01
4.333250000000000000e+03,4.000000000000000000e+00,6.377775781275506484e-01
4.333250000000000000e+03,5.000000000000000000e+00,6.683894347944283609e-01
4.333250000000000000e+03,6.000000000000000000e+00,6.988352175704766189e-01
4.333250000000000000e+03,7.000000000000000000e+00,7.290876321975471308e-01
4.333250000000000000e+03,8.000000000000000000e+00,7.591207540172508761e-01
4.333250000000000000e+03,9.000000000000000000e+00,7.889101789046890634e-01
4.333250000000000000e+03,1.000000000000000000e+01,8.184331510244760022e-01
4.333250000000000000e+03,1.100000000000000000e+01,8.476686659185637129e-01
4.333250000000000000e+03,1.200000000000000000e+01,8.765975480005683274e-01
4.333250000000000000e+03,1.300000000000000000e+01,9.052025021302552155e-01
4.333250000000000000e+03,1.400000000000000000e+01,9.334681395556714278e-01
4.333250000000000000e+03,1.500000000000000000e+01,9.613809791156824325e-01
4.333250000000000000e+03,1.600000000000000000e+01,9.889294251661309154e-01
4.333250000000000000e+03,1.700000000000000000e+01,1.016103724201730785e+00
4.333250000000000000e+03,1.800000000000000000e+01,1.042895902567929411e+00
4.333250000000000000e+03,1.900000000000000000e+01,1.069299687972664614e+00
4.333250000000000000e+03,2.000000000000000000e+01,1.095310417705104733e+00
4.333250000000000000e+03,2.100000000000000000e+01,1.120924936542269101e+00
4.333250000000000000e+03,2.200000000000000000e+01,1.146141487282404725e+00
4.333250000000000000e+03,2.300000000000000000e+01,1.170959596697511707e+00
4.333250000000000000e+03,2.400000000000000000e+01,1.195379959467553377e+00
4.333250000000000000e+03,2.500000000000000000e+01,1.219404322367278581e+00
4.333250000000000000e+03,2.600000000000000000e+01,1.243035370647614712e+00
4.333250000000000000e+03,2.700000000000000000e+01,1.266276618208683757e+00
4.333250000000000000e+03,2.800000000000000000e+01,1.289132302820171105e+00
4.333250000000000000e+03,2.900000000000000000e+01,1.311607287321582049e+00
4.333250000000000000e+03,3.000000000000000000e+01,1.333706967441164792e+00
4.500000000000000000e+03,-3.000000000000000000e+01,-3.140989851137536704e-01
4.500000000000000000e+03,-2.900000000000000000e+01,-2.916240006123480555e-01
4.500000000000000000e+03,-2.800000000000000000e+01,-2.687683160008678129e-01
4.500000000000000000e+03,-2.700000000000000000e+01,-2.455270684398040970e-01
4.500000000000000000e+03,-2.600000000000000000e+01,-2.218960201594697423e-01
4.500000000000000000e+03,-2.500000000000000000e+01,-1.978716572597374324e-01
4.500000000000000000e+03,-2.400000000000000000e+01,-1.734512944896806630e-01
4.500000000000000000e+03,-2.300000000000000000e+01,-1.486331850745870042e-01
4.500000000000000000e+03,-2.200000000000000000e+01,-1.234166343344487160e-01
4.500000000000000000e+03,-2.100000000000000000e+01,-9.780211549728612397e-02
4.500000000000000000e+03,-2.000000000000000000e+01,-7.179138576485044609e-02
4.500000000000000000e+03,-1.900000000000000000e+01,-4.538760036010636156e-02
4.500000000000000000e+03,-1.800000000000000000e+01,-1.859542199391839290e-02
4.500000000000000000e+03,-1.700000000000000000e+01,8.578877041690802230e-03
4.500000000000000000e+03,-1.600000000000000000e+01,3.612732309214017334e-02
4.500000000000000000e+03,-1.500000000000000000e+01,6.404016265214274028e-02
4.500000000000000000e+03,-1.400000000000000000e+01,9.230580007756072902e-02
4.500000000000000000e+03,-1.300000000000000000e+01,1.209107542072453967e-01
4.500000000000000000e+03,-1.200000000000000000e+01,1.498396362892497891e-01
4.500000000000000000e+03,-1.100000000000000000e+01,1.790751511833394982e-01
4.500000000000000000e+03,-1.000000000000000000e+01,2.085981233031248827e-01
4.500000000000000000e+03,-9.000000000000000000e+00,2.383875481905639582e-01
4.500000000000000000e+03,-8.000000000000000000e+00,2.684206700102675924e-01
4.500000000000000000e+03,-7.000000000000000000e+00,2.986730846373371051e-01
4.500000000000000000e+03,-6.000000000000000000e+00,3.291188674133864733e-01
4.500000000000000000e+03,-5.000000000000000000e+00,3.597307240802652406e-01
4.500000000000000000e+03,-4.000000000000000000e+00,3.904801628842563543e-01
4.500000000000000000e+03,-3.000000000000000000e+00,4.213376853851573678e-01
4.500000000000000000e+03,-2.000000000000000000e+00,4.522729931113758650e-01
4.500000000000000000e+03,-1.000000000000000000e+00,4.832552068778190324e-01
4.500000000000000000e+03,0.000000000000000000e+00,5.142530953299964125e-01
4.500000000000000000e+03,1.000000000000000000e+00,5.452353090964392468e-01
4.500000000000000000e+03,2.000000000000000000e+00,5.761706168226576885e-01
4.500000000000000000e+03,3.000000000000000000e+00,6.070281393235591461e-01
4.500000000000000000e+03,4.000000000000000000e+00,6.377775781275506484e-01
4.500000000000000000e+03,5.000000000000000000e+00,6.683894347944283609e-01
4.500000000000000000e+03,6.000000000000000000e+00,6.988352175704766189e-01
4.500000000000000000e+03,7.000000000000000000e+00,7.290876321975471308e-01
4.500000000000000000e+03,8.000000000000000000e+00,7.591207540172508761e-01
4.500000000000000000e+03,9.000000000000000000e+00,7.889101789046890634e-01
4.500000000000000000e+03,1.000000000000000000e+01,8.184331510244760022e-01
4.500000000000000000e+03,1.100000000000000000e+01,8.476686659185637129e-01
4.500000000000000000e+03,1.200000000000000000e+01,8.765975480005683274e-01
4.500000000000000000e+03,1.300000000000000000e+01,9.052025021302552155e-01
4.500000000000000000e+03,1.400000000000000000e+01,9.334681395556714278e-01
4.500000000000000000e+03,1.500000000000000000e+01,9.613809791156824325e-01
4.500000000000000000e+03,1.600000000000000000e+01,9.889294251661309154e-01
4.500000000000000000e+03,1.700000000000000000e+01,1.016103724201730785e+00
4.500000000000000000e+03,1.800000000000000000e+01,1.042895902567929411e+00
4.500000000000000000e+03,1.900000000000000000e+01,1.069299687972664614e+00
4.500000000000000000e+03,2.000000000000000000e+01,1.095310417705104733e+00
4.500000000000000000e+03,2.100000000000000000e+01,1.120924936542269101e+00
4.500000000000000000e+03,2.200000000000000000e+01,1.146141487282404725e+00
4.500000000000000000e+03,2.300000000000000000e+01,1.170959596697511707e+00
4.500000000000000000e+03,2.400000000000000000e+01,1.195379959467553377e+00
4.500000000000000000e+03,2.500000000000000000e+01,1.219404322367278581e+00
4.500000000000000000e+03,2.600000000000000000e+01,1.243035370647614712e+00
4.500000000000000000e+03,2.700000000000000000e+01,1.266276618208683757e+00
4.500000000000000000e+03,2.800000000000000000e+01,1.289132302820171105e+00
4.500000000000000000e+03,2.900000000000000000e+01,1.311607287321582049e+00
4.500000000000000000e+03,3.000000000000000000e+01,1.333706967441164792e+00
4.666750000000000000e+03,-3.000000000000000000e+01,-3.140989851137536704e-01
4.666750000000000000e+03,-2.900000000000000000e+01,-2.916240006123480555e-01
4.666750000000000000e+03,-2.800000000000000000e+01,-2.687683160008678129e-01
4.666750000000000000e+03,-2.700000000000000000e+01,-2.455270684398040970e-01
4.666750000000000000e+03,-2.600000000000000000e+01,-2.218960201594697423e-01
4.666750000000000000e+03,-2.500000000000000000e+01,-1.978716572597374324e-01
4.666750000000000000e+03,-2.400000000000000000e+01,-1.734512944896806630e-01
4.666750000000000000e+03,-2.300000000000000000e+01,-1.486331850745870042e-01
4.666750000000000000e+03,-2.200000000000000000e+01,-1.234166343344487160e-01
4.666750000000000000e+03,-2.100000000000000000e+01,-9.780211549728612397e-02
4.666750000000000000e+03,-2.000000000000000000e+01,-7.179138576485044609e-02
4.666750000000000000e+03,-1.900000000000000000e+01,-4.538760036010636156e-02
4.666750000000000000e+03,-1.800000000000000000e+01,-1.859542199391839290e-02
4.666750000000000000e+03,-1.700000000000000000e+01,8.578877041690802230e-03
4.666750000000000000e+03,-1.600000000000000000e+01,3.612732309214017334e-02
4.666750000000000000e+03,-1.500000000000000000e+01,6.404016265214274028e-02
4.666750000000000000e+03,-1.400000000000000000e+01,9.230580007756072902e-02
4.666750000000000000e+03,-1.300000000000000000e+01,1.209107542072453967e-01
4.666750000000000000e+03,-1.200000000000000000e+01,1.498396362892497891e-01
4.666750000000000000e+03,-1.100000000000000000e+01,1.790751511833394982e-01
4.666750000000000000e+03,-1.000000000000000000e+01,2.085981233031248827e-01
4.666750000000000000e+03,-9.000000000000000000e+00,2.383875481905639582e-01
4.666750000000000000e+03,-8.000000000000000000e+00,2.684206700102675924e-01
4.666750000000000000e+03,-7.000000000000000000e+00,2.986730846373371051e-01
4.666750000000000000e+03,-6.000000000000000000e+00,3.291188674133864733e-01
4.666750000000000000e+03,-5.000000000000000000e+00,3.597307240802652406e-01
4.666750000000000000e+03,-4.000000000000000000e+00,3.904801628842563543e-01
4.666750000000000000e+03,-3.000000000000000000e+00,4.213376853851573678e-01
4.666750000000000000e+03,-2.000000000000000000e+00,4.522729931113758650e-01
4.666750000000000000e+03,-1.000000000000000000e+00,4.832552068778190324e-01
4.666750000000000000e+03,0.000000000000000000e+00,5.142530953299964125e-01
4.666750000000000000e+03,1.000000000000000000e+00,5.452353090964392468e-01
4.666750000000000000e+03,2.000000000000000000e+00,5.761706168226576885e-01
4.666750000000000000e+03,3.000000000000000000e+00,6.070281393235591461e-01
4.666750000000000000e+03,4.000000000000000000e+00,6.377775781275506484e-01
4.666750000000000000e+03,5.000000000000000000e+00,6.683894347944283609e-01
4.666750000000000000e+03,6.000000000000000000e+00,6.988352175704766189e-01
4.666750000000000000e+03,7.000000000000000000e+00,7.290876321975471308e-01
4.666750000000000000e+03,8.000000000000000000e+00,7.591207540172508761e-01
4.666750000000000000e+03,9.000000000000000000e+00,7.889101789046890634e-01
4.666750000000000000e+03,1.000000000000000000e+01,8.184331510244760022e-01
4.666750000000000000e+03,1.100000000000000000e+01,8.476686659185637129e-01
4.666750000000000000e+03,1.200000000000000000e+01,8.765975480005683274e-01
4.666750000000000000e+03,1.300000000000000000e+01,9.052025021302552155e-01
4.666750000000000000e+03,1.400000000000000000e+01,9.334681395556714278e-01
4.666750000000000000e+03,1.500000000000000000e+01,9.613809791156824325e-01
4.666750000000000000e+03,1.600000000000000000e+01,9.889294251661309154e-01
4.666750000000000000e+03,1.700000000000000000e+01,1.016103724201730785e+00
4.666750000000000000e+03,1.800000000000000000e+01,1.042895902567929411e+00
4.666750000000000000e+03,1.900000000000000000e+01,1.069299687972664614e+00
4.666750000000000000e+03,2.000000000000000000e+01,1.095310417705104733e+00
4.666750000000000000e+03,2.100000000000000000e+01,1.120924936542269101e+00
4.666750000000000000e+03,2.200000000000000000e+01,1.146141487282404725e+00
4.666750000000000000e+03,2.300000000000000000e+01,1.170959596697511707e+00
4.666750000000000000e+03,2.400000000000000000e+01,1.195379959467553377e+00
4.666750000000000000e+03,2.500000000000000000e+01,1.219404322367278581e+00
4.666750000000000000e+03,2.600000000000000000e+01,1.243035370647614712e+00
4.666750000000000000e+03,2.700000000000000000e+01,1.266276618208683757e+00
4.666750000000000000e+03,2.800000000000000000e+01,1.289132302820171105e+00
4.666750000000000000e+03,2.900000000000000000e+01,1.311607287321582049e+00
4.666750000000000000e+03,3.000000000000000000e+01,1.333706967441164792e+00
4.833250000000000000e+03,-3.000000000000000000e+01,-3.140989851137536704e-01
4.833250000000000000e+03,-2.900000000000000000e+01,-2.916240006123480555e-01
4.833250000000000000e+03,-2.800000000000000000e+01,-2.687683160008678129e-01
4.833250000000000000e+03,-2.700000000000000000e+01,-2.455270684398040970e-01
4.833250000000000000e+03,-2.600000000000000000e+01,-2.218960201594697423e-01
4.833250000000000000e+03,-2.500000000000000000e+01,-1.978716572597374324e-01
4.833250000000000000e+03,-2.400000000000000000e+01,-1.734512944896806630e-01
4.833250000000000000e+03,-2.300000000000000000e+01,-1.486331850745870042e-01
4.833250000000000000e+03,-2.200000000000000000e+01,-1.234166343344487160e-01
4.833250000000000000e+03,-2.100000000000000000e+01,-9.780211549728612397e-02
4.833250000000000000e+03,-2.000000000000000000e+01,-7.179138576485044609e-02
4.833250000000000000e+03,-1.900000000000000000e+01,-4.538760036010636156e-02
4.833250000000000000e+03,-1.800000000000000000e+01,-1.859542199391839290e-02
4.833250000000000000e+03,-1.700000000000000000e+01,8.578877041690802230e-03
4.833250000000000000e+03,-1.600000000000000000e+01,3.612732309214017334e-02
4.833250000000000000e+03,-1.500000000000000000e+01,6.404016265214274028e-02
4.833250000000000000e+03,-1.400000000000000000e+01,9.230580007756072902e-02
4.833250000000000000e+03,-1.300000000000000000e+01,1.209107542072453967e-01
4.833250000000000000e+03,-1.200000000000000000e+01,1.498396362892497891e-01
4.833250000000000000e+03,-1.100000000000000000e+01,1.790751511833394982e-01
4.833250000000000000e+03,-1.000000000000000000e+01,2.085981233031248827e-01
4.833250000000000000e+03,-9.000000000000000000e+00,2.383875481905639582e-01
4.833250000000000000e+03,-8.000000000000000000e+00,2.684206700102675924e-01
4.833250000000000000e+03,-7.000000000000000000e+00,2.986730846373371051e-01
4.833250000000000000e+03,-6.000000000000000000e+00,3.291188674133864733e-01
4.833250000000000000e+03,-5.000000000000000000e+00,3.597307240802652406e-01
4.833250000000000000e+03,-4.000000000000000000e+00,3.904801628842563543e-01
4.833250000000000000e+03,-3.000000000000000000e+00,4.213376853851573678e-01
4.833250000000000000e+03,-2.000000000000000000e+00,4.522729931113758650e-01
4.833250000000000000e+03,-1.000000000000000000e+00,4.832552068778190324e-01
4.833250000000000000e+03,0.000000000000000000e+00,5.142530953299964125e-01
4.833250000000000000e+03,1.000000000000000000e+00,5.452353090964392468e-01
4.833250000000000000e+03,2.000000000000000000e+00,5.761706168226576885e-01
4.833250000000000000e+03,3.000000000000000000e+00,6.070281393235591461e-01
4.833250000000000000e+03,4.000000000000000000e+00,6.377775781275506484e-01
4.833250000000000000e+03,5.000000000000000000e+00,6.683894347944283609e-01
4.833250000000000000e+03,6.000000000000000000e+00,6.988352175704766189e-01
4.833250000000000000e+03,7.000000000000000000e+00,7.290876321975471308e-01
4.833250000000000000e+03,8.000000000000000000e+00,7.591207540172508761e-01
4.833250000000000000e+03,9.000000000000000000e+00,7.889101789046890634e-01
4.833250000000000000e+03,1.000000000000000000e+01,8.184331510244760022e-01
4.833250000000000000e+03,1.100000000000000000e+01,8.476686659185637129e-01
4.833250000000000000e+03,1.200000000000000000e+01,8.765975480005683274e-01
4.833250000000000000e+03,1.300000000000000000e+01,9.052025021302552155e-01
4.833250000000000000e+03,1.400000000000000000e+01,9.334681395556714278e-01
4.833250000000000000e+03,1.500000000000000000e+01,9.613809791156824325e-01
4.833250000000000000e+03,1.600000000000000000e+01,9.889294251661309154e-01
4.833250000000000000e+03,1.700000000000000000e+01,1.016103724201730785e+00
4.833250000000000000e+03,1.800000000000000000e+01,1.042895902567929411e+00
4.833250000000000000e+03,1.900000000000000000e+01,1.069299687972664614e+00
4.833250000000000000e+03,2.000000000000000000e+01,1.095310417705104733e+00
4.833250000000000000e+03,2.100000000000000000e+01,1.120924936542269101e+00
4.833250000000000000e+03,2.200000000000000000e+01,1.146141487282404725e+00
4.833250000000000000e+03,2.300000000000000000e+01,1.170959596697511707e+00
4.833250000000000000e+03,2.400000000000000000e+01,1.195379959467553377e+00
4.833250000000000000e+03,2.500000000000000000e+01,1.219404322367278581e+00
4.833250000000000000e+03,2.600000000000000000e+01,1.243035370647614712e+00
4.833250000000000000e+03,2.700000000000000000e+01,1.266276618208683757e+00
4.833250000000000000e+03,2.800000000000000000e+01,1.289132302820171105e+00
4.833250000000000000e+03,2.900000000000000000e+01,1.311607287321582049e+00
4.833250000000000000e+03,3.000000000000000000e+01,1.333706967441164792e+00
5.000000000000000000e+03,-3.000000000000000000e+01,-3.140989851137536704e-01
5.000000000000000000e+03,-2.900000000000000000e+01,-2.916240006123480555e-01
5.000000000000000000e+03,-2.800000000000000000e+01,-2.687683160008678129e-01
5.000000000000000000e+03,-2.700000000000000000e+01,-2.455270684398040970e-01
5.000000000000000000e+03,-2.600000000000000000e+01,-2.218960201594697423e-01
5.000000000000000000e+03,-2.500000000000000000e+01,-1.978716572597374324e-01
5.000000000000000000e+03,-2.400000000000000000e+01,-1.734512944896806630e-01
5.000000000000000000e+03,-2.300000000000000000e+01,-1.486331850745870042e-01
5.000000000000000000e+03,-2.200000000000000000e+01,-1.234166343344487160e-01
5.000000000000000000e+03,-2.100000000000000000e+01,-9.780211549728612397e-02
5.000000000000000000e+03,-2.000000000000000000e+01,-7.179138576485044609e-02
5.000000000000000000e+03,-1.900000000000000000e+01,-4.538760036010636156e-02
5.000000000000000000e+03,-1.800000000000000000e+01,-1.859542199391839290e-02
5.000000000000000000e+03,-1.700000000000000000e+01,8.578877041690802230e-03
5.000000000000000000e+03,-1.600000000000000000e+01,3.612732309214017334e-02
5.000000000000000000e+03,-1.500000000000000000e+01,6.404016265214274028e-02
5.000000000000000000e+03,-1.400000000000000000e+01,9.230580007756072902e-02
5.000000000000000000e+03,-1.300000000000000000e+01,1.209107542072453967e-01
5.000000000000000000e+03,-1.200000000000000000e+01,1.498396362892497891e-01
5.000000000000000000e+03,-1.100000000000000000e+01,1.790751511833394982e-01
5.000000000000000000e+03,-1.000000000000000000e+01,2.085981233031248827e-01
5.000000000000000000e+03,-9.000000000000000000e+00,2.383875481905639582e-01
5.000000000000000000e+03,-8.000000000000000000e+00,2.684206700102675924e-01
5.000000000000000000e+03,-7.000000000000000000e+00,2.986730846373371051e-01
5.000000000000000000e+03,-6.000000000000000000e+00,3.291188674133864733e-01
5.000000000000000000e+03,-5.000000000000000000e+00,3.597307240802652406e-01
5.000000000000000000e+03,-4.000000000000000000e+00,3.904801628842563543e-01
5.000000000000000000e+03,-3.000000000000000000e+00,4.213376853851573678e-01
5.000000000000000000e+03,-2.000000000000000000e+00,4.522729931113758650e-01
5.000000000000000000e+03,-1.000000000000000000e+00,4.832552068778190324e-01
5.000000000000000000e+03,0.000000000000000000e+00,5.142530953299964125e-01
5.000000000000000000e+03,1.000000000000000000e+00,5.452353090964392468e-01
5.000000000000000000e+03,2.000000000000000000e+00,5.761706168226576885e-01
5.000000000000000000e+03,3.000000000000000000e+00,6.070281393235591461e-01
5.000000000000000000e+03,4.000000000000000000e+00,6.377775781275506484e-01
5.000000000000000000e+03,5.000000000000000000e+00,6.683894347944283609e-01
5.000000000000000000e+03,6.000000000000000000e+00,6.988352175704766189e-01
5.000000000000000000e+03,7.000000000000000000e+00,7.290876321975471308e-01
5.000000000000000000e+03,8.000000000000000000e+00,7.591207540172508761e-01
5.000000000000000000e+03,9.000000000000000000e+00,7.889101789046890634e-01
5.000000000000000000e+03,1.000000000000000000e+01,8.184331510244760022e-01
5.000000000000000000e+03,1.100000000000000000e+01,8.476686659185637129e-01
5.000000000000000000e+03,1.200000000000000000e+01,8.765975480005683274e-01
5.000000000000000000e+03,1.300000000000000000e+01,9.052025021302552155e-01
5.000000000000000000e+03,1.400000000000000000e+01,9.334681395556714278e-01
5.000000000000000000e+03,1.500000000000000000e+01,9.613809791156824325e-01
5.000000000000000000e+03,1.600000000000000000e+01,9.889294251661309154e-01
5.000000000000000000e+03,1.700000000000000000e+01,1.016103724201730785e+00
5.000000000000000000e+03,1.800000000000000000e+01,1.042895902567929411e+00
5.000000000000000000e+03,1.900000000000000000e+01,1.069299687972664614e+00
5.000000000000000000e+03,2.000000000000000000e+01,1.095310417705104733e+00
5.000000000000000000e+03,2.100000000000000000e+01,1.120924936542269101e+00
5.000000000000000000e+03,2.200000000000000000e+01,1.146141487282404725e+00
5.000000000000000000e+03,2.300000000000000000e+01,1.170959596697511707e+00
5.000000000000000000e+03,2.400000000000000000e+01,1.195379959467553377e+00
5.000000000000000000e+03,2.500000000000000000e+01,1.219404322367278581e+00
5.000000000000000000e+03,2.600000000000000000e+01,1.243035370647614712e+00
5.000000000000000000e+03,2.700000000000000000e+01,1.266276618208683757e+00
5.000000000000000000e+03,2.800000000000000000e+01,1.289132302820171105e+00
5.000000000000000000e+03,2.900000000000000000e+01,1.311607287321582049e+00
5.000000000000000000e+03,3.000000000000000000e+01,1.333706967441164792e+00
5.166750000000000000e+03,-3.000000000000000000e+01,-3.140989851137536704e-01
5.166750000000000000e+03,-2.900000000000000000e+01,-2.916240006123480555e-01
5.166750000000000000e+03,-2.800000000000000000e+01,-2.687683160008678129e-01
5.166750000000000000e+03,-2.700000000000000000e+01,-2.455270684398040970e-01
5.166750000000000000e+03,-2.600000000000000000e+01,-2.218960201594697423e-01
5.166750000000000000e+03,-2.500000000000000000e+01,-1.978716572597374324e-01
5.166750000000000000e+03,-2.400000000000000000e+01,-1.734512944896806630e-01
5.166750000000000000e+03,-2.300000000000000000e+01,-1.486331850745870042e-01
5.166750000000000000e+03,-2.200000000000000000e+01,-1.234166343344487160e-01
5.166750000000000000e+03,-2.100000000000000000e+01,-9.780211549728612397e-02
5.166750000000000000e+03,-2.000000000000000000e+01,-7.179138576485044609e-02
5.166750000000000000e+03,-1.900000000000000000e+01,-4.538760036010636156e-02
5.166750000000000000e+03,-1.800000000000000000e+01,-1.859542199391839290e-02
5.166750000000000000e+03,-1.700000000000000000e+01,8.578877041690802230e-03
5.166750000000000000e+03,-1.600000000000000000e+01,3.612732309214017334e-02
5.166750000000000000e+03,-1.500000000000000000e+01,6.404016265214274028e-02
5.166750000000000000e+03,-1.400000000000000000e+01,9.230580007756072902e-02
5.166750000000000000e+03,-1.300000000000000000e+01,1.209107542072453967e-01
5.166750000000000000e+03,-1.200000000000000000e+01,1.498396362892497891e-01
5.166750000000000000e+03,-1.100000000000000000e+01,1.790751511833394982e-01
5.166750000000000000e+03,-1.000000000000000000e+01,2.085981233031248827e-01
5.166750000000000000e+03,-9.000000000000000000e+00,2.383875481905639582e-01
5.166750000000000000e+03,-8.000000000000000000e+00,2.684206700102675924e-01
5.166750000000000000e+03,-7.000000000000000000e+00,2.986730846373371051e-01
5.166750000000000000e+03,-6.000000000000000000e+00,3.291188674133864733e-01
5.166750000000000000e+03,-5.000000000000000000e+00,3.597307240802652406e-01
5.166750000000000000e+03,-4.000000000000000000e+00,3.904801628842563543e-01
5.166750000000000000e+03,-3.000000000000000000e+00,4.213376853851573678e-01
5.166750000000000000e+03,-2.000000000000000000e+00,4.522729931113758650e-01
5.166750000000000000e+03,-1.000000000000000000e+00,4.832552068778190324e-01
5.166750000000000000e+03,0.000000000000000000e+00,5.142530953299964125e-01
5.166750000000000000e+03,1.000000000000000000e+00,5.452353090964392468e-01
5.166750000000000000e+03,2.000000000000000000e+00,5.761706168226576885e-01
5.166750000000000000e+03,3.000000000000000000e+00,6.070281393235591461e-01
5.166750000000000000e+03,4.000000000000000000e+00,6.377775781275506484e-01
5.166750000000000000e+03,5.000000000000000000e+00,6.683894347944283609e-01
5.166750000000000000e+03,6.000000000000000000e+00,6.988352175704766189e-01
5.166750000000000000e+03,7.000000000000000000e+00,7.290876321975471308e-01
5.166750000000000000e+03,8.000000000000000000e+00,7.591207540172508761e-01
5.166750000000000000e+03,9.000000000000000000e+00,7.889101789046890634e-01
5.166750000000000000e+03,1.000000000000000000e+01,8.184331510244760022e-01
5.166750000000000000e+03,1.100000000000000000e+01,8.476686659185637129e-01
5.166750000000000000e+03,1.200000000000000000e+01,8.765975480005683274e-01
5.166750000000000000e+03,1.300000000000000000e+01,9.052025021302552155e-01
5.166750000000000000e+03,1.400000000000000000e+01,9.334681395556714278e-01
5.166750000000000000e+03,1.500000000000000000e+01,9.613809791156824325e-01
5.166750000000000000e+03,1.600000000000000000e+01,9.889294251661309154e-01
5.166750000000000000e+03,1.700000000000000000e+01,1.016103724201730785e+00
5.166750000000000000e+03,1.800000000000000000e+01,1.042895902567929411e+00
5.166750000000000000e+03,1.900000000000000000e+01,1.069299687972664614e+00
5.166750000000000000e+03,2.000000000000000000e+01,1.095310417705104733e+00
5.166750000000000000e+03,2.100000000000000000e+01,1.120924936542269101e+00
5.166750000000000000e+03,2.200000000000000000e+01,1.146141487282404725e+00
5.166750000000000000e+03,2.300000000000000000e+01,1.170959596697511707e+00
5.166750000000000000e+03,2.400000000000000000e+01,1.195379959467553377e+00
5.166750000000000000e+03,2.500000000000000000e+01,1.219404322367278581e+00
5.166750000000000000e+03,2.600000000000000000e+01,1.243035370647614712e+00
5.166750000000000000e+03,2.700000000000000000e+01,1.266276618208683757e+00
5.166750000000000000e+03,2.800000000000000000e+01,1.289132302820171105e+00
5.166750000000000000e+03,2.900000000000000000e+01,1.311607287321582049e+00
5.166750000000000000e+03,3.000000000000000000e+01,1.333706967441164792e+00
5.333250000000000000e+03,-3.000000000000000000e+01,-3.140989851137536704e-01
5.333250000000000000e+03,-2.900000000000000000e+01,-2.916240006123480555e-01
5.333250000000000000e+03,-2.800000000000000000e+01,-2.687683160008678129e-01
5.333250000000000000e+03,-2.700000000000000000e+01,-2.455270684398040970e-01
5.333250000000000000e+03,-2.600000000000000000e+01,-2.218960201594697423e-01
5.333250000000000000e+03,-2.500000000000000000e+01,-1.978716572597374324e-01
5.333250000000000000e+03,-2.400000000000000000e+01,-1.734512944896806630e-01
5.333250000000000000e+03,-2.300000000000000000e+01,-1.486331850745870042e-01
5.333250000000000000e+03,-2.200000000000000000e+01,-1.234166343344487160e-01
5.333250000000000000e+03,-2.100000000000000000e+01,-9.780211549728612397e-02
5.333250000000000000e+03,-2.000000000000000000e+01,-7.179138576485044609e-02
5.333250000000000000e+03,-1.900000000000000000e+01,-4.538760036010636156e-02
5.333250000000000000e+03,-1.800000000000000000e+01,-1.859542199391839290e-02
5.333250000000000000e+03,-1.700000000000000000e+01,8.578877041690802230e-03
5.333250000000000000e+03,-1.600000000000000000e+01,3.612732309214017334e-02
5.333250000000000000e+03,-1.500000000000000000e+01,6.404016265214274028e-02
5.333250000000000000e+03,-1.400000000000000000e+01,9.230580007756072902e-02
5.333250000000000000e+03,-1.300000000000000000e+01,1.209107542072453967e-01
5.333250000000000000e+03,-1.200000000000000000e+01,1.498396362892497891e-01
5.333250000000000000e+03,-1.100000000000000000e+01,1.790751511833394982e-01
5.333250000000000000e+03,-1.000000000000000000e+01,2.085981233031248827e-01
5.333250000000000000e+03,-9.000000000000000000e+00,2.383875481905639582e-01
5.333250000000000000e+03,-8.000000000000000000e+00,2.684206700102675924e-01
5.333250000000000000e+03,-7.000000000000000000e+00,2.986730846373371051e-01
5.333250000000000000e+03,-6.000000000000000000e+00,3.291188674133864733e-01
5.333250000000000000e+03,-5.000000000000000000e+00,3.597307240802652406e-01
5.333250000000000000e+03,-4.000000000000000000e+00,3.904801628842563543e-01
5.333250000000000000e+03,-3.000000000000000000e+00,4.213376853851573678e-01
5.333250000000000000e+03,-2.000000000000000000e+00,4.522729931113758650e-01
5.333250000000000000e+03,-1.000000000000000000e+00,4.832552068778190324e-01
5.333250000000000000e+03,0.000000000000000000e+00,5.142530953299964125e-01
5.333250000000000000e+03,1.000000000000000000e+00,5.452353090964392468e-01
5.333250000000000000e+03,2.000000000000000000e+00,5.761706168226576885e-01
5.333250000000000000e+03,3.000000000000000000e+00,6.070281393235591461e-01
5.333250000000000000e+03,4.000000000000000000e+00,6.377775781275506484e-01
5.333250000000000000e+03,5.000000000000000000e+00,6.683894347944283609e-01
5.333250000000000000e+03,6.000000000000000000e+00,6.988352175704766189e-01
5.333250000000000000e+03,7.000000000000000000e+00,7.290876321975471308e-01
5.333250000000000000e+03,8.000000000000000000e+00,7.591207540172508761e-01
5.333250000000000000e+03,9.000000000000000000e+00,7.889101789046890634e-01
5.333250000000000000e+03,1.000000000000000000e+01,8.184331510244760022e-01
5.333250000000000000e+03,1.100000000000000000e+01,8.476686659185637129e-01
5.333250000000000000e+03,1.200000000000000000e+01,8.765975480005683274e-01
5.333250000000000000e+03,1.300000000000000000e+01,9.052025021302552155e-01
5.333250000000000000e+03,1.400000000000000000e+01,9.334681395556714278e-01
5.333250000000000000e+03,1.500000000000000000e+01,9.613809791156824325e-01
5.333250000000000000e+03,1.600000000000000000e+01,9.889294251661309154e-01
5.333250000000000000e+03,1.700000000000000000e+01,1.016103724201730785e+00
5.333250000000000000e+03,1.800000000000000000e+01,1.042895902567929411e+00
5.333250000000000000e+03,1.900000000000000000e+01,1.069299687972664614e+00
5.333250000000000000e+03,2.000000000000000000e+01,1.095310417705104733e+00
5.333250000000000000e+03,2.100000000000000000e+01,1.120924936542269101e+00
5.333250000000000000e+03,2.200000000000000000e+01,1.146141487282404725e+00
5.333250000000000000e+03,2.300000000000000000e+01,1.170959596697511707e+00
5.333250000000000000e+03,2.400000000000000000e+01,1.195379959467553377e+00
5.333250000000000000e+03,2.500000000000000000e+01,1.219404322367278581e+00
5.333250000000000000e+03,2.600000000000000000e+01,1.243035370647614712e+00
5.333250000000000000e+03,2.700000000000000000e+01,1.266276618208683757e+00
5.333250000000000000e+03,2.800000000000000000e+01,1.289132302820171105e+00
5.333250000000000000e+03,2.900000000000000000e+01,1.311607287321582049e+00
5.333250000000000000e+03,3.000000000000000000e+01,1.333706967441164792e+00
5.500000000000000000e+03,-3.000000000000000000e+01,-3.140989851137536704e-01
5.500000000000000000e+03,-2.900000000000000000e+01,-2.916240006123480555e-01
5.500000000000000000e+03,-2.800000000000000000e+01,-2.687683160008678129e-01
5.500000000000000000e+03,-2.700000000000000000e+01,-2.455270684398040970e-01
5.500000000000000000e+03,-2.600000000000000000e+01,-2.218960201594697423e-01
5.500000000000000000e+03,-2.500000000000000000e+01,-1.978716572597374324e-01
5.500000000000000000e+03,-2.400000000000000000e+01,-1.734512944896806630e-01
5.500000000000000000e+03,-2.300000000000000000e+01,-1.486331850745870042e-01
5.500000000000000000e+03,-2.200000000000000000e+01,-1.234166343344487160e-01
5.500000000000000000e+03,-2.100000000000000000e+01,-9.780211549728612397e-02
5.500000000000000000e+03,-2.000000000000000000e+01,-7.179138576485044609e-02
5.500000000000000000e+03,-1.900000000000000000e+01,-4.538760036010636156e-02
5.500000000000000000e+03,-1.800000000000000000e+01,-1.859542199391839290e-02
5.500000000000000000e+03,-1.700000000000000000e+01,8.578877041690802230e-03
5.500000000000000000e+03,-1.600000000000000000e+01,3.612732309214017334e-02
5.500000000000000000e+03,-1.500000000000000000e+01,6.404016265214274028e-02
5.500000000000000000e+03,-1.400000000000000000e+01,9.230580007756072902e-02
5.500000000000000000e+03,-1.300000000000000000e+01,1.209107542072453967e-01
5.500000000000000000e+03,-1.200000000000000000e+01,1.498396362892497891e-01
5.500000000000000000e+03,-1.100000000000000000e+01,1.790751511833394982e-01
5.500000000000000000e+03,-1.000000000000000000e+01,2.085981233031248827e-01
5.500000000000000000e+03,-9.000000000000000000e+00,2.383875481905639582e-01
5.500000000000000000e+03,-8.000000000000000000e+00,2.684206700102675924e-01
5.500000000000000000e+03,-7.000000000000000000e+00,2.986730846373371051e-01
5.500000000000000000e+03,-6.000000000000000000e+00,3.291188674133864733e-01
5.500000000000000000e+03,-5.000000000000000000e+00,3.597307240802652406e-01
5.500000000000000000e+03,-4.000000000000000000e+00,3.904801628842563543e-01
5.500000000000000000e+03,-3.000000000000000000e+00,4.213376853851573678e-01
5.500000000000000000e+03,-2.000000000000000000e+00,4.522729931113758650e-01
5.500000000000000000e+03,-1.000000000000000000e+00,4.832552068778190324e-01
5.500000000000000000e+03,0.000000000000000000e+00,5.142530953299964125e-01
5.500000000000000000e+03,1.000000000000000000e+00,5.452353090964392468e-01
5.500000000000000000e+03,2.000000000000000000e+00,5.761706168226576885e-01
5.500000000000000000e+03,3.000000000000000000e+00,6.070281393235591461e-01
5.500000000000000000e+03,4.000000000000000000e+00,6.377775781275506484e-01
5.500000000000000000e+03,5.000000000000000000e+00,6.683894347944283609e-01
5.500000000000000000e+03,6.000000000000000000e+00,6.988352175704766189e-01
5.500000000000000000e+03,7.000000000000000000e+00,7.290876321975471308e-01
5.500000000000000000e+03,8.000000000000000000e+00,7.591207540172508761e-01
5.500000000000000000e+03,9.000000000000000000e+00,7.889101789046890634e-01
5.500000000000000000e+03,1.000000000000000000e+01,8.184331510244760022e-01
5.500000000000000000e+03,1.100000000000000000e+01,8.476686659185637129e-01
5.500000000000000000e+03,1.200000000000000000e+01,8.765975480005683274e-01
5.500000000000000000e+03,1.300000000000000000e+01,9.052025021302552155e-01
5.500000000000000000e+03,1.400000000000000000e+01,9.334681395556714278e-01
5.500000000000000000e+03,1.500000000000000000e+01,9.613809791156824325e-01
5.500000000000000000e+03,1.600000000000000000e+01,9.889294251661309154e-01
5.500000000000000000e+03,1.700000000000000000e+01,1.016103724201730785e+00
5.500000000000000000e+03,1.800000000000000000e+01,1.042895902567929411e+00
5.500000000000000000e+03,1.900000000000000000e+01,1.069299687972664614e+00
5.500000000000000000e+03,2.000000000000000000e+01,1.095310417705104733e+00
5.500000000000000000e+03,2.100000000000000000e+01,1.120924936542269101e+00
5.500000000000000000e+03,2.200000000000000000e+01,1.146141487282404725e+00
5.500000000000000000e+03,2.300000000000000000e+01,1.170959596697511707e+00
5.500000000000000000e+03,2.400000000000000000e+01,1.195379959467553377e+00
5.500000000000000000e+03,2.500000000000000000e+01,1.219404322367278581e+00
5.500000000000000000e+03,2.600000000000000000e+01,1.243035370647614712e+00
5.500000000000000000e+03,2.700000000000000000e+01,1.266276618208683757e+00
5.500000000000000000e+03,2.800000000000000000e+01,1.289132302820171105e+00
5.500000000000000000e+03,2.900000000000000000e+01,1.311607287321582049e+00
5.500000000000000000e+03,3.000000000000000000e+01,1.333706967441164792e+00
5.666750000000000000e+03,-3.000000000000000000e+01,-3.140989851137536704e-01
5.666750000000000000e+03,-2.900000000000000000e+01,-2.916240006123480555e-01
5.666750000000000000e+03,-2.800000000000000000e+01,-2.687683160008678129e-01
5.666750000000000000e+03,-2.700000000000000000e+01,-2.455270684398040970e-01
5.666750000000000000e+03,-2.600000000000000000e+01,-2.218960201594697423e-01
5.666750000000000000e+03,-2.500000000000000000e+01,-1.978716572597374324e-01
5.666750000000000000e+03,-2.400000000000000000e+01,-1.734512944896806630e-01
5.666750000000000000e+03,-2.300000000000000000e+01,-1.486331850745870042e-01
5.666750000000000000e+03,-2.200000000000000000e+01,-1.234166343344487160e-01
5.666750000000000000e+03,-2.100000000000000000e+01,-9.780211549728612397e-02
5.666750000000000000e+03,-2.000000000000000000e+01,-7.179138576485044609e-02
5.666750000000000000e+03,-1.900000000000000000e+01,-4.538760036010636156e-02
5.666750000000000000e+03,-1.800000000000000000e+01,-1.859542199391839290e-02
5.666750000000000000e+03,-1.700000000000000000e+01,8.578877041690802230e-03
5.666750000000000000e+03,-1.600000000000000000e+01,3.612732309214017334e-02
5.666750000000000000e+03,-1.500000000000000000e+01,6.404016265214274028e-02
5.666750000000000000e+03,-1.400000000000000000e+01,9.230580007756072902e-02
5.666750000000000000e+03,-1.300000000000000000e+01,1.209107542072453967e-01
5.666750000000000000e+03,-1.200000000000000000e+01,1.498396362892497891e-01
5.666750000000000000e+03,-1.100000000000000000e+01,1.790751511833394982e-01
5.666750000000000000e+03,-1.000000000000000000e+01,2.085981233031248827e-01
5.666750000000000000e+03,-9.000000000000000000e+00,2.383875481905639582e-01
5.666750000000000000e+03,-8.000000000000000000e+00,2.684206700102675924e-01
5.666750000000000000e+03,-7.000000000000000000e+00,2.986730846373371051e-01
5.666750000000000000e+03,-6.000000000000000000e+00,3.291188674133864733e-01
5.666750000000000000e+03,-5.000000000000000000e+00,3.597307240802652406e-01
5.666750000000000000e+03,-4.000000000000000000e+00,3.904801628842563543e-01
5.666750000000000000e+03,-3.000000000000000000e+00,4.213376853851573678e-01
5.666750000000000000e+03,-2.000000000000000000e+00,4.522729931113758650e-01
5.666750000000000000e+03,-1.000000000000000000e+00,4.832552068778190324e-01
5.666750000000000000e+03,0.000000000000000000e+00,5.142530953299964125e-01
5.666750000000000000e+03,1.000000000000000000e+00,5.452353090964392468e-01
5.666750000000000000e+03,2.000000000000000000e+00,5.761706168226576885e-01
5.666750000000000000e+03,3.000000000000000000e+00,6.070281393235591461e-01
5.666750000000000000e+03,4.000000000000000000e+00,6.377775781275506484e-01
5.666750000000000000e+03,5.000000000000000000e+00,6.683894347944283609e-01
5.666750000000000000e+03,6.000000000000000000e+00,6.988352175704766189e-01
5.666750000000000000e+03,7.000000000000000000e+00,7.290876321975471308e-01
5.666750000000000000e+03,8.000000000000000000e+00,7.591207540172508761e-01
5.666750000000000000e+03,9.000000000000000000e+00,7.889101789046890634e-01
5.666750000000000000e+03,1.000000000000000000e+01,8.184331510244760022e-01
5.666750000000000000e+03,1.100000000000000000e+01,8.476686659185637129e-01
5.666750000000000000e+03,1.200000000000000000e+01,8.765975480005683274e-01
5.666750000000000000e+03,1.300000000000000000e+01,9.052025021302552155e-01
5.666750000000000000e+03,1.400000000000000000e+01,9.334681395556714278e-01
5.666750000000000000e+03,1.500000000000000000e+01,9.613809791156824325e-01
5.666750000000000000e+03,1.600000000000000000e+01,9.889294251661309154e-01
5.666750000000000000e+03,1.700000000000000000e+01,1.016103724201730785e+00
5.666750000000000000e+03,1.800000000000000000e+01,1.042895902567929411e+00
5.666750000000000000e+03,1.900000000000000000e+01,1.069299687972664614e+00
5.666750000000000000e+03,2.000000000000000000e+01,1.095310417705104733e+00
5.666750000000000000e+03,2.100000000000000000e+01,1.120924936542269101e+00
5.666750000000000000e+03,2.200000000000000000e+01,1.146141487282404725e+00
5.666750000000000000e+03,2.300000000000000000e+01,1.170959596697511707e+00
5.666750000000000000e+03,2.400000000000000000e+01,1.195379959467553377e+00
5.666750000000000000e+03,2.500000000000000000e+01,1.219404322367278581e+00
5.666750000000000000e+03,2.600000000000000000e+01,1.243035370647614712e+00
5.666750000000000000e+03,2.700000000000000000e+01,1.266276618208683757e+00
5.666750000000000000e+03,2.800000000000000000e+01,1.289132302820171105e+00
5.666750000000000000e+03,2.900000000000000000e+01,1.311607287321582049e+00
5.666750000000000000e+03,3.000000000000000000e+01,1.333706967441164792e+00
5.833250000000000000e+03,-3.000000000000000000e+01,-3.140989851137536704e-01
5.833250000000000000e+03,-2.900000000000000000e+01,-2.916240006123480555e-01
5.833250000000000000e+03,-2.800000000000000000e+01,-2.687683160008678129e-01
5.833250000000000000e+03,-2.700000000000000000e+01,-2.455270684398040970e-01
5.833250000000000000e+03,-2.600000000000000000e+01,-2.218960201594697423e-01
5.833250000000000000e+03,-2.500000000000000000e+01,-1.978716572597374324e-01
5.833250000000000000e+03,-2.400000000000000000e+01,-1.734512944896806630e-01
5.833250000000000000e+03,-2.300000000000000000e+01,-1.486331850745870042e-01
5.833250000000000000e+03,-2.200000000000000000e+01,-1.234166343344487160e-01
5.833250000000000000e+03,-2.100000000000000000e+01,-9.780211549728612397e-02
5.833250000000000000e+03,-2.000000000000000000e+01,-7.179138576485044609e-02
5.833250000000000000e+03,-1.900000000000000000e+01,-4.538760036010636156e-02
5.833250000000000000e+03,-1.800000000000000000e+01,-1.859542199391839290e-02
5.833250000000000000e+03,-1.700000000000000000e+01,8.578877041690802230e-03
5.833250000000000000e+03,-1.600000000000000000e+01,3.612732309214017334e-02
5.833250000000000000e+03,-1.500000000000000000e+01,6.404016265214274028e-02
5.833250000000000000e+03,-1.400000000000000000e+01,9.230580007756072902e-02
5.833250000000000000e+03,-1.300000000000000000e+01,1.209107542072453967e-01
5.833250000000000000e+03,-1.200000000000000000e+01,1.498396362892497891e-01
5.833250000000000000e+03,-1.100000000000000000e+01,1.790751511833394982e-01
5.833250000000000000e+03,-1.000000000000000000e+01,2.085981233031248827e-01
5.833250000000000000e+03,-9.000000000000000000e+00,2.383875481905639582e-01
5.833250000000000000e+03,-8.000000000000000000e+00,2.684206700102675924e-01
5.833250000000000000e+03,-7.000000000000000000e+00,2.986730846373371051e-01
5.833250000000000000e+03,-6.000000000000000000e+00,3.291188674133864733e-01
5.833250000000000000e+03,-5.000000000000000000e+00,3.597307240802652406e-01
5.833250000000000000e+03,-4.000000000000000000e+00,3.904801628842563543e-01
5.833250000000000000e+03,-3.000000000000000000e+00,4.213376853851573678e-01
5.833250000000000000e+03,-2.000000000000000000e+00,4.522729931113758650e-01
5.833250000000000000e+03,-1.000000000000000000e+00,4.832552068778190324e-01
5.833250000000000000e+03,0.000000000000000000e+00,5.142530953299964125e-01
5.833250000000000000e+03,1.000000000000000000e+00,5.452353090964392468e-01
5.833250000000000000e+03,2.000000000000000000e+00,5.761706168226576885e-01
5.833250000000000000e+03,3.000000000000000000e+00,6.070281393235591461e-01
5.833250000000000000e+03,4.000000000000000000e+00,6.377775781275506484e-01
5.833250000000000000e+03,5.000000000000000000e+00,6.683894347944283609e-01
5.833250000000000000e+03,6.000000000000000000e+00,6.988352175704766189e-01
5.833250000000000000e+03,7.000000000000000000e+00,7.290876321975471308e-01
5.833250000000000000e+03,8.000000000000000000e+00,7.591207540172508761e-01
5.833250000000000000e+03,9.000000000000000000e+00,7.889101789046890634e-01
5.833250000000000000e+03,1.000000000000000000e+01,8.184331510244760022e-01
5.833250000000000000e+03,1.100000000000000000e+01,8.476686659185637129e-01
5.833250000000000000e+03,1.200000000000000000e+01,8.765975480005683274e-01
5.833250000000000000e+03,1.300000000000000000e+01,9.052025021302552155e-01
5.833250000000000000e+03,1.400000000000000000e+01,9.334681395556714278e-01
5.833250000000000000e+03,1.500000000000000000e+01,9.613809791156824325e-01
5.833250000000000000e+03,1.600000000000000000e+01,9.889294251661309154e-01
5.833250000000000000e+03,1.700000000000000000e+01,1.016103724201730785e+00
5.833250000000000000e+03,1.800000000000000000e+01,1.042895902567929411e+00
5.833250000000000000e+03,1.900000000000000000e+01,1.069299687972664614e+00
5.833250000000000000e+03,2.000000000000000000e+01,1.095310417705104733e+00
5.833250000000000000e+03,2.100000000000000000e+01,1.120924936542269101e+00
5.833250000000000000e+03,2.200000000000000000e+01,1.146141487282404725e+00
5.833250000000000000e+03,2.300000000000000000e+01,1.170959596697511707e+00
5.833250000000000000e+03,2.400000000000000000e+01,1.195379959467553377e+00
5.833250000000000000e+03,2.500000000000000000e+01,1.219404322367278581e+00
5.833250000000000000e+03,2.600000000000000000e+01,1.243035370647614712e+00
5.833250000000000000e+03,2.700000000000000000e+01,1.266276618208683757e+00
5.833250000000000000e+03,2.800000000000000000e+01,1.289132302820171105e+00
5.833250000000000000e+03,2.900000000000000000e+01,1.311607287321582049e+00
5.833250000000000000e+03,3.000000000000000000e+01,1.333706967441164792e+00
6.000000000000000000e+03,-3.000000000000000000e+01,-3.140989851137536704e-01
6.000000000000000000e+03,-2.900000000000000000e+01,-2.916240006123480555e-01
6.000000000000000000e+03,-2.800000000000000000e+01,-2.687683160008678129e-01
6.000000000000000000e+03,-2.700000000000000000e+01,-2.455270684398040970e-01
6.000000000000000000e+03,-2.600000000000000000e+01,-2.218960201594697423e-01
6.000000000000000000e+03,-2.500000000000000000e+01,-1.978716572597374324e-01
6.000000000000000000e+03,-2.400000000000000000e+01,-1.734512944896806630e-01
6.000000000000000000e+03,-2.300000000000000000e+01,-1.486331850745870042e-01
6.000000000000000000e+03,-2.200000000000000000e+01,-1.234166343344487160e-01
6.000000000000000000e+03,-2.100000000000000000e+01,-9.780211549728612397e-02
6.000000000000000000e+03,-2.000000000000000000e+01,-7.179138576485044609e-02
6.000000000000000000e+03,-1.900000000000000000e+01,-4.538760036010636156e-02
6.000000000000000000e+03,-1.800000000000000000e+01,-1.859542199391839290e-02
6.000000000000000000e+03,-1.700000000000000000e+01,8.578877041690802230e-03
6.000000000000000000e+03,-1.600000000000000000e+01,3.612732309214017334e-02
6.000000000000000000e+03,-1.500000000000000000e+01,6.404016265214274028e-02
6.000000000000000000e+03,-1.400000000000000000e+01,9.230580007756072902e-02
6.000000000000000000e+03,-1.300000000000000000e+01,1.209107542072453967e-01
6.000000000000000000e+03,-1.200000000000000000e+01,1.498396362892497891e-01
6.000000000000000000e+03,-1.100000000000000000e+01,1.790751511833394982e-01
6.000000000000000000e+03,-1.000000000000000000e+01,2.085981233031248827e-01
6.000000000000000000e+03,-9.000000000000000000e+00,2.383875481905639582e-01
6.000000000000000000e+03,-8.000000000000000000e+00,2.684206700102675924e-01
6.000000000000000000e+03,-7.000000000000000000e+00,2.986730846373371051e-01
6.000000000000000000e+03,-6.000000000000000000e+00,3.291188674133864733e-01
6.000000000000000000e+03,-5.000000000000000000e+00,3.597307240802652406e-01
6.000000000000000000e+03,-4.000000000000000000e+00,3.904801628842563543e-01
6.000000000000000000e+03,-3.000000000000000000e+00,4.213376853851573678e-01
6.000000000000000000e+03,-2.000000000000000000e+00,4.522729931113758650e-01
6.000000000000000000e+03,-1.000000000000000000e+00,4.832552068778190324e-01
6.000000000000000000e+03,0.000000000000000000e+00,5.142530953299964125e-01
6.000000000000000000e+03,1.000000000000000000e+00,5.452353090964392468e-01
6.000000000000000000e+03,2.000000000000000000e+00,5.761706168226576885e-01
6.000000000000000000e+03,3.000000000000000000e+00,6.070281393235591461e-01
6.000000000000000000e+03,4.000000000000000000e+00,6.377775781275506484e-01
6.000000000000000000e+03,5.000000000000000000e+00,6.683894347944283609e-01
6.000000000000000000e+03,6.000000000000000000e+00,6.988352175704766189e-01
6.000000000000000000e+03,7.000000000000000000e+00,7.290876321975471308e-01
6.000000000000000000e+03,8.000000000000000000e+00,7.591207540172508761e-01
6.000000000000000000e+03,9.000000000000000000e+00,7.889101789046890634e-01
6.000000000000000000e+03,1.000000000000000000e+01,8.184331510244760022e-01
6.000000000000000000e+03,1.100000000000000000e+01,8.476686659185637129e-01
6.000000000000000000e+03,1.200000000000000000e+01,8.765975480005683274e-01
6.000000000000000000e+03,1.300000000000000000e+01,9.052025021302552155e-01
6.000000000000000000e+03,1.400000000000000000e+01,9.334681395556714278e-01
6.000000000000000000e+03,1.500000000000000000e+01,9.613809791156824325e-01
6.000000000000000000e+03,1.600000000000000000e+01,9.889294251661309154e-01
6.000000000000000000e+03,1.700000000000000000e+01,1.016103724201730785e+00
6.000000000000000000e+03,1.800000000000000000e+01,1.042895902567929411e+00
6.000000000000000000e+03,1.900000000000000000e+01,1.069299687972664614e+00
6.000000000000000000e+03,2.000000000000000000e+01,1.095310417705104733e+00
6.000000000000000000e+03,2.100000000000000000e+01,1.120924936542269101e+00
6.000000000000000000e+03,2.200000000000000000e+01,1.146141487282404725e+00
6.000000000000000000e+03,2.300000000000000000e+01,1.170959596697511707e+00
6.000000000000000000e+03,2.400000000000000000e+01,1.195379959467553377e+00
6.000000000000000000e+03,2.500000000000000000e+01,1.219404322367278581e+00
6.000000000000000000e+03,2.600000000000000000e+01,1.243035370647614712e+00
6.000000000000000000e+03,2.700000000000000000e+01,1.266276618208683757e+00
6.000000000000000000e+03,2.800000000000000000e+01,1.289132302820171105e+00
6.000000000000000000e+03,2.900000000000000000e+01,1.311607287321582049e+00
6.000000000000000000e+03,3.000000000000000000e+01,1.333706967441164792e+00
6.166750000000000000e+03,-3.000000000000000000e+01,-3.140989851137536704e-01
6.166750000000000000e+03,-2.900000000000000000e+01,-2.916240006123480555e-01
6.166750000000000000e+03,-2.800000000000000000e+01,-2.687683160008678129e-01
6.166750000000000000e+03,-2.700000000000000000e+01,-2.455270684398040970e-01
6.166750000000000000e+03,-2.600000000000000000e+01,-2.218960201594697423e-01
6.166750000000000000e+03,-2.500000000000000000e+01,-1.978716572597374324e-01
6.166750000000000000e+03,-2.400000000000000000e+01,-1.734512944896806630e-01
6.166750000000000000e+03,-2.300000000000000000e+01,-1.486331850745870042e-01
6.166750000000000000e+03,-2.200000000000000000e+01,-1.234166343344487160e-01
6.166750000000000000e+03,-2.100000000000000000e+01,-9.780211549728612397e-02
6.166750000000000000e+03,-2.000000000000000000e+01,-7.179138576485044609e-02
6.166750000000000000e+03,-1.900000000000000000e+01,-4.538760036010636156e-02
6.166750000000000000e+03,-1.800000000000000000e+01,-1.859542199391839290e-02
6.166750000000000000e+03,-1.700000000000000000e+01,8.578877041690802230e-03
6.166750000000000000e+03,-1.600000000000000000e+01,3.612732309214017334e-02
6.166750000000000000e+03,-1.500000000000000000e+01,6.404016265214274028e-02
6.166750000000000000e+03,-1.400000000000000000e+01,9.230580007756072902e-02
6.166750000000000000e+03,-1.300000000000000000e+01,1.209107542072453967e-01
6.166750000000000000e+03,-1.200000000000000000e+01,1.498396362892497891e-01
6.166750000000000000e+03,-1.100000000000000000e+01,1.790751511833394982e-01
6.166750000000000000e+03,-1.000000000000000000e+01,2.085981233031248827e-01
6.166750000000000000e+03,-9.000000000000000000e+00,2.383875481905639582e-01
6.166750000000000000e+03,-8.000000000000000000e+00,2.684206700102675924e-01
6.166750000000000000e+03,-7.000000000000000000e+00,2.986730846373371051e-01
6.166750000000000000e+03,-6.000000000000000000e+00,3.291188674133864733e-01
6.166750000000000000e+03,-5.000000000000000000e+00,3.597307240802652406e-01
6.166750000000000000e+03,-4.000000000000000000e+00,3.904801628842563543e-01
6.166750000000000000e+03,-3.000000000000000000e+00,4.213376853851573678e-01
6.166750000000000000e+03,-2.000000000000000000e+00,4.522729931113758650e-01
6.166750000000000000e+03,-1.000000000000000000e+00,4.832552068778190324e-01
6.166750000000000000e+03,0.000000000000000000e+00,5.142530953299964125e-01
6.166750000000000000e+03,1.000000000000000000e+00,5.452353090964392468e-01
6.166750000000000000e+03,2.000000000000000000e+00,5.761706168226576885e-01
6.166750000000000000e+03,3.000000000000000000e+00,6.070281393235591461e-01
6.166750000000000000e+03,4.000000000000000000e+00,6.377775781275506484e-01
6.166750000000000000e+03,5.000000000000000000e+00,6.683894347944283609e-01
6.166750000000000000e+03,6.000000000000000000e+00,6.988352175704766189e-01
6.166750000000000000e+03,7.000000000000000000e+00,7.290876321975471308e-01
6.166750000000000000e+03,8.000000000000000000e+00,7.591207540172508761e-01
6.166750000000000000e+03,9.000000000000000000e+00,7.889101789046890634e-01
6.166750000000000000e+03,1.000000000000000000e+01,8.184331510244760022e-01
6.166750000000000000e+03,1.100000000000000000e+01,8.476686659185637129e-01
6.166750000000000000e+03,1.200000000000000000e+01,8.765975480005683274e-01
6.166750000000000000e+03,1.300000000000000000e+01,9.052025021302552155e-01
6.166750000000000000e+03,1.400000000000000000e+01,9.334681395556714278e-01
6.166750000000000000e+03,1.500000000000000000e+01,9.613809791156824325e-01
6.166750000000000000e+03,1.600000000000000000e+01,9.889294251661309154e-01
6.166750000000000000e+03,1.700000000000000000e+01,1.016103724201730785e+00
6.166750000000000000e+03,1.800000000000000000e+01,1.042895902567929411e+00
6.166750000000000000e+03,1.900000000000000000e+01,1.069299687972664614e+00
6.166750000000000000e+03,2.000000000000000000e+01,1.095310417705104733e+00
6.166750000000000000e+03,2.100000000000000000e+01,1.120924936542269101e+00
6.166750000000000000e+03,2.200000000000000000e+01,1.146141487282404725e+00
6.166750000000000000e+03,2.300000000000000000e+01,1.170959596697511707e+00
6.166750000000000000e+03,2.400000000000000000e+01,1.195379959467553377e+00
6.166750000000000000e+03,2.500000000000000000e+01,1.219404322367278581e+00
6.166750000000000000e+03,2.600000000000000000e+01,1.243035370647614712e+00
6.166750000000000000e+03,2.700000000000000000e+01,1.266276618208683757e+00
6.166750000000000000e+03,2.800000000000000000e+01,1.289132302820171105e+00
6.166750000000000000e+03,2.900000000000000000e+01,1.311607287321582049e+00
6.166750000000000000e+03,3.000000000000000000e+01,1.333706967441164792e+00
6.333250000000000000e+03,-3.000000000000000000e+01,-3.140989851137536704e-01
6.333250000000000000e+03,-2.900000000000000000e+01,-2.916240006123480555e-01
6.333250000000000000e+03,-2.800000000000000000e+01,-2.687683160008678129e-01
6.333250000000000000e+03,-2.700000000000000000e+01,-2.455270684398040970e-01
6.333250000000000000e+03,-2.600000000000000000e+01,-2.218960201594697423e-01
6.333250000000000000e+03,-2.500000000000000000e+01,-1.978716572597374324e-01
6.333250000000000000e+03,-2.400000000000000000e+01,-1.734512944896806630e-01
6.333250000000000000e+03,-2.300000000000000000e+01,-1.486331850745870042e-01
6.333250000000000000e+03,-2.200000000000000000e+01,-1.234166343344487160e-01
6.333250000000000000e+03,-2.100000000000000000e+01,-9.780211549728612397e-02
6.333250000000000000e+03,-2.000000000000000000e+01,-7.179138576485044609e-02
6.333250000000000000e+03,-1.900000000000000000e+01,-4.538760036010636156e-02
6.333250000000000000e+03,-1.800000000000000000e+01,-1.859542199391839290e-02
6.333250000000000000e+03,-1.700000000000000000e+01,8.578877041690802230e-03
6.333250000000000000e+03,-1.600000000000000000e+01,3.612732309214017334e-02
6.333250000000000000e+03,-1.500000000000000000e+01,6.404016265214274028e-02
6.333250000000000000e+03,-1.400000000000000000e+01,9.230580007756072902e-02
6.333250000000000000e+03,-1.300000000000000000e+01,1.209107542072453967e-01
6.333250000000000000e+03,-1.200000000000000000e+01,1.498396362892497891e-01
6.333250000000000000e+03,-1.100000000000000000e+01,1.790751511833394982e-01
6.333250000000000000e+03,-1.000000000000000000e+01,2.085981233031248827e-01
6.333250000000000000e+03,-9.000000000000000000e+00,2.383875481905639582e-01
6.333250000000000000e+03,-8.000000000000000000e+00,2.684206700102675924e-01
6.333250000000000000e+03,-7.000000000000000000e+00,2.986730846373371051e-01
6.333250000000000000e+03,-6.000000000000000000e+00,3.291188674133864733e-01
6.333250000000000000e+03,-5.000000000000000000e+00,3.597307240802652406e-01
6.333250000000000000e+03,-4.000000000000000000e+00,3.904801628842563543e-01
6.333250000000000000e+03,-3.000000000000000000e+00,4.213376853851573678e-01
6.333250000000000000e+03,-2.000000000000000000e+00,4.522729931113758650e-01
6.333250000000000000e+03,-1.000000000000000000e+00,4.832552068778190324e-01
6.333250000000000000e+03,0.000000000000000000e+00,5.142530953299964125e-01
6.333250000000000000e+03,1.000000000000000000e+00,5.452353090964392468e-01
6.333250000000000000e+03,2.000000000000000000e+00,5.761706168226576885e-01
6.333250000000000000e+03,3.000000000000000000e+00,6.070281393235591461e-01
6.333250000000000000e+03,4.000000000000000000e+00,6.377775781275506484e-01
6.333250000000000000e+03,5.000000000000000000e+00,6.683894347944283609e-01
6.333250000000000000e+03,6.000000000000000000e+00,6.988352175704766189e-01
6.333250000000000000e+03,7.000000000000000000e+00,7.290876321975471308e-01
6.333250000000000000e+03,8.000000000000000000e+00,7.591207540172508761e-01
6.333250000000000000e+03,9.000000000000000000e+00,7.889101789046890634e-01
6.333250000000000000e+03,1.000000000000000000e+01,8.184331510244760022e-01
6.333250000000000000e+03,1.100000000000000000e+01,8.476686659185637129e-01
6.333250000000000000e+03,1.200000000000000000e+01,8.765975480005683274e-01
6.333250000000000000e+03,1.300000000000000000e+01,9.052025021302552155e-01
6.333250000000000000e+03,1.400000000000000000e+01,9.334681395556714278e-01
6.333250000000000000e+03,1.500000000000000000e+01,9.613809791156824325e-01
6.333250000000000000e+03,1.600000000000000000e+01,9.889294251661309154e-01
6.333250000000000000e+03,1.700000000000000000e+01,1.016103724201730785e+00
6.333250000000000000e+03,1.800000000000000000e+01,1.042895902567929411e+00
6.333250000000000000e+03,1.900000000000000000e+01,1.069299687972664614e+00
6.333250000000000000e+03,2.000000000000000000e+01,1.095310417705104733e+00
6.333250000000000000e+03,2.100000000000000000e+01,1.120924936542269101e+00
6.333250000000000000e+03,2.200000000000000000e+01,1.146141487282404725e+00
6.333250000000000000e+03,2.300000000000000000e+01,1.170959596697511707e+00
6.333250000000000000e+03,2.400000000000000000e+01,1.195379959467553377e+00
6.333250000000000000e+03,2.500000000000000000e+01,1.219404322367278581e+00
6.333250000000000000e+03,2.600000000000000000e+01,1.243035370647614712e+00
6.333250000000000000e+03,2.700000000000000000e+01,1.266276618208683757e+00
6.333250000000000000e+03,2.800000000000000000e+01,1.289132302820171105e+00
6.333250000000000000e+03,2.900000000000000000e+01,1.311607287321582049e+00
6.333250000000000000e+03,3.000000000000000000e+01,1.333706967441164792e+00
6.500000000000000000e+03,-3.000000000000000000e+01,-3.140989851137536704e-01
6.500000000000000000e+03,-2.900000000000000000e+01,-2.916240006123480555e-01
6.500000000000000000e+03,-2.800000000000000000e+01,-2.687683160008678129e-01
6.500000000000000000e+03,-2.700000000000000000e+01,-2.455270684398040970e-01
6.500000000000000000e+03,-2.600000000000000000e+01,-2.218960201594697423e-01
6.500000000000000000e+03,-2.500000000000000000e+01,-1.978716572597374324e-01
6.500000000000000000e+03,-2.400000000000000000e+01,-1.734512944896806630e-01
6.500000000000000000e+03,-2.300000000000000000e+01,-1.486331850745870042e-01
6.500000000000000000e+03,-2.200000000000000000e+01,-1.234166343344487160e-01
6.500000000000000000e+03,-2.100000000000000000e+01,-9.780211549728612397e-02
6.500000000000000000e+03,-2.000000000000000000e+01,-7.179138576485044609e-02
6.500000000000000000e+03,-1.900000000000000000e+01,-4.538760036010636156e-02
6.500000000000000000e+03,-1.800000000000000000e+01,-1.859542199391839290e-02
6.500000000000000000e+03,-1.700000000000000000e+01,8.578877041690802230e-03
6.500000000000000000e+03,-1.600000000000000000e+01,3.612732309214017334e-02
6.500000000000000000e+03,-1.500000000000000000e+01,6.404016265214274028e-02
6.500000000000000000e+03,-1.400000000000000000e+01,9.230580007756072902e-02
6.500000000000000000e+03,-1.300000000000000000e+01,1.209107542072453967e-01
6.500000000000000000e+03,-1.200000000000000000e+01,1.498396362892497891e-01
6.500000000000000000e+03,-1.100000000000000000e+01,1.790751511833394982e-01
6.500000000000000000e+03,-1.000000000000000000e+01,2.085981233031248827e-01
6.500000000000000000e+03,-9.000000000000000000e+00,2.383875481905639582e-01
6.500000000000000000e+03,-8.000000000000000000e+00,2.684206700102675924e-01
6.500000000000000000e+03,-7.000000000000000000e+00,2.986730846373371051e-01
6.500000000000000000e+03,-6.000000000000000000e+00,3.291188674133864733e-01
6.500000000000000000e+03,-5.000000000000000000e+00,3.597307240802652406e-01
6.500000000000000000e+03,-4.000000000000000000e+00,3.904801628842563543e-01
6.500000000000000000e+03,-3.000000000000000000e+00,4.213376853851573678e-01
6.500000000000000000e+03,-2.000000000000000000e+00,4.522729931113758650e-01
6.500000000000000000e+03,-1.000000000000000000e+00,4.832552068778190324e-01
6.500000000000000000e+03,0.000000000000000000e+00,5.142530953299964125e-01
6.500000000000000000e+03,1.000000000000000000e+00,5.452353090964392468e-01
6.500000000000000000e+03,2.000000000000000000e+00,5.761706168226576885e-01
6.500000000000000000e+03,3.000000000000000000e+00,6.070281393235591461e-01
6.500000000000000000e+03,4.000000000000000000e+00,6.377775781275506484e-01
6.500000000000000000e+03,5.000000000000000000e+00,6.683894347944283609e-01
6.500000000000000000e+03,6.000000000000000000e+00,6.988352175704766189e-01
6.500000000000000000e+03,7.000000000000000000e+00,7.290876321975471308e-01
6.500000000000000000e+03,8.000000000000000000e+00,7.591207540172508761e-01
6.500000000000000000e+03,9.000000000000000000e+00,7.889101789046890634e-01
6.500000000000000000e+03,1.000000000000000000e+01,8.184331510244760022e-01
6.500000000000000000e+03,1.100000000000000000e+01,8.476686659185637129e-01
6.500000000000000000e+03,1.200000000000000000e+01,8.765975480005683274e-01
6.500000000000000000e+03,1.300000000000000000e+01,9.052025021302552155e-01
6.500000000000000000e+03,1.400000000000000000e+01,9.334681395556714278e-01
6.500000000000000000e+03,1.500000000000000000e+01,9.613809791156824325e-01
6.500000000000000000e+03,1.600000000000000000e+01,9.889294251661309154e-01
6.500000000000000000e+03,1.700000000000000000e+01,1.016103724201730785e+00
6.500000000000000000e+03,1.800000000000000000e+01,1.042895902567929411e+00
6.500000000000000000e+03,1.900000000000000000e+01,1.069299687972664614e+00
6.500000000000000000e+03,2.000000000000000000e+01,1.095310417705104733e+00
6.500000000000000000e+03,2.100000000000000000e+01,1.120924936542269101e+00
6.500000000000000000e+03,2.200000000000000000e+01,1.146141487282404725e+00
6.500000000000000000e+03,2.300000000000000000e+01,1.170959596697511707e+00
6.500000000000000000e+03,2.400000000000000000e+01,1.195379959467553377e+00
6.500000000000000000e+03,2.500000000000000000e+01,1.219404322367278581e+00
6.500000000000000000e+03,2.600000000000000000e+01,1.243035370647614712e+00
6.500000000000000000e+03,2.700000000000000000e+01,1.266276618208683757e+00
6.500000000000000000e+03,2.800000000000000000e+01,1.289132302820171105e+00
6.500000000000000000e+03,2.900000000000000000e+01,1.311607287321582049e+00
6.500000000000000000e+03,3.000000000000000000e+01,1.333706967441164792e+00
6.666750000000000000e+03,-3.000000000000000000e+01,-3.140989851137536704e-01
6.666750000000000000e+03,-2.900000000000000000e+01,-2.916240006123480555e-01
6.666750000000000000e+03,-2.800000000000000000e+01,-2.687683160008678129e-01
6.666750000000000000e+03,-2.700000000000000000e+01,-2.455270684398040970e-01
6.666750000000000000e+03,-2.600000000000000000e+01,-2.218960201594697423e-01
6.666750000000000000e+03,-2.500000000000000000e+01,-1.978716572597374324e-01
6.666750000000000000e+03,-2.400000000000000000e+01,-1.734512944896806630e-01
6.666750000000000000e+03,-2.300000000000000000e+01,-1.486331850745870042e-01
6.666750000000000000e+03,-2.200000000000000000e+01,-1.234166343344487160e-01
6.666750000000000000e+03,-2.100000000000000000e+01,-9.780211549728612397e-02
6.666750000000000000e+03,-2.000000000000000000e+01,-7.179138576485044609e-02
6.666750000000000000e+03,-1.900000000000000000e+01,-4.538760036010636156e-02
6.666750000000000000e+03,-1.800000000000000000e+01,-1.859542199391839290e-02
6.666750000000000000e+03,-1.700000000000000000e+01,8.578877041690802230e-03
6.666750000000000000e+03,-1.600000000000000000e+01,3.612732309214017334e-02
6.666750000000000000e+03,-1.500000000000000000e+01,6.404016265214274028e-02
6.666750000000000000e+03,-1.400000000000000000e+01,9.230580007756072902e-02
6.666750000000000000e+03,-1.300000000000000000e+01,1.209107542072453967e-01
6.666750000000000000e+03,-1.200000000000000000e+01,1.498396362892497891e-01
6.666750000000000000e+03,-1.100000000000000000e+01,1.790751511833394982e-01
6.666750000000000000e+03,-1.000000000000000000e+01,2.085981233031248827e-01
6.666750000000000000e+03,-9.000000000000000000e+00,2.383875481905639582e-01
6.666750000000000000e+03,-8.000000000000000000e+00,2.684206700102675924e-01
6.666750000000000000e+03,-7.000000000000000000e+00,2.986730846373371051e-01
6.666750000000000000e+03,-6.000000000000000000e+00,3.291188674133864733e-01
6.666750000000000000e+03,-5.000000000000000000e+00,3.597307240802652406e-01
6.666750000000000000e+03,-4.000000000000000000e+00,3.904801628842563543e-01
6.666750000000000000e+03,-3.000000000000000000e+00,4.213376853851573678e-01
6.666750000000000000e+03,-2.000000000000000000e+00,4.522729931113758650e-01
6.666750000000000000e+03,-1.000000000000000000e+00,4.832552068778190324e-01
6.666750000000000000e+03,0.000000000000000000e+00,5.142530953299964125e-01
6.666750000000000000e+03,1.000000000000000000e+00,5.452353090964392468e-01
6.666750000000000000e+03,2.000000000000000000e+00,5.761706168226576885e-01
6.666750000000000000e+03,3.000000000000000000e+00,6.070281393235591461e-01
6.666750000000000000e+03,4.000000000000000000e+00,6.377775781275506484e-01
6.666750000000000000e+03,5.000000000000000000e+00,6.683894347944283609e-01
6.666750000000000000e+03,6.000000000000000000e+00,6.988352175704766189e-01
6.666750000000000000e+03,7.000000000000000000e+00,7.290876321975471308e-01
6.666750000000000000e+03,8.000000000000000000e+00,7.591207540172508761e-01
6.666750000000000000e+03,9.000000000000000000e+00,7.889101789046890634e-01
6.666750000000000000e+03,1.000000000000000000e+01,8.184331510244760022e-01
6.666750000000000000e+03,1.100000000000000000e+01,8.476686659185637129e-01
6.666750000000000000e+03,1.200000000000000000e+01,8.765975480005683274e-01
6.666750000000000000e+03,1.300000000000000000e+01,9.052025021302552155e-01
6.666750000000000000e+03,1.400000000000000000e+01,9.334681395556714278e-01
6.666750000000000000e+03,1.500000000000000000e+01,9.613809791156824325e-01
6.666750000000000000e+03,1.600000000000000000e+01,9.889294251661309154e-01
6.666750000000000000e+03,1.700000000000000000e+01,1.016103724201730785e+00
6.666750000000000000e+03,1.800000000000000000e+01,1.042895902567929411e+00
6.666750000000000000e+03,1.900000000000000000e+01,1.069299687972664614e+00
6.666750000000000000e+03,2.000000000000000000e+01,1.095310417705104733e+00
6.666750000000000000e+03,2.100000000000000000e+01,1.120924936542269101e+00
6.666750000000000000e+03,2.200000000000000000e+01,1.146141487282404725e+00
6.666750000000000000e+03,2.300000000000000000e+01,1.170959596697511707e+00
6.666750000000000000e+03,2.400000000000000000e+01,1.195379959467553377e+00
6.666750000000000000e+03,2.500000000000000000e+01,1.219404322367278581e+00
6.666750000000000000e+03,2.600000000000000000e+01,1.243035370647614712e+00
6.666750000000000000e+03,2.700000000000000000e+01,1.266276618208683757e+00
6.666750000000000000e+03,2.800000000000000000e+01,1.289132302820171105e+00
6.666750000000000000e+03,2.900000000000000000e+01,1.311607287321582049e+00
6.666750000000000000e+03,3.000000000000000000e+01,1.333706967441164792e+00
6.833250000000000000e+03,-3.000000000000000000e+01,-3.140989851137536704e-01
6.833250000000000000e+03,-2.900000000000000000e+01,-2.916240006123480555e-01
6.833250000000000000e+03,-2.800000000000000000e+01,-2.687683160008678129e-01
6.833250000000000000e+03,-2.700000000000000000e+01,-2.455270684398040970e-01
6.833250000000000000e+03,-2.600000000000000000e+01,-2.218960201594697423e-01
6.833250000000000000e+03,-2.500000000000000000e+01,-1.978716572597374324e-01
6.833250000000000000e+03,-2.400000000000000000e+01,-1.734512944896806630e-01
6.833250000000000000e+03,-2.300000000000000000e+01,-1.486331850745870042e-01
6.833250000000000000e+03,-2.200000000000000000e+01,-1.234166343344487160e-01
6.833250000000000000e+03,-2.100000000000000000e+01,-9.780211549728612397e-02
6.833250000000000000e+03,-2.000000000000000000e+01,-7.179138576485044609e-02
6.833250000000000000e+03,-1.900000000000000000e+01,-4.538760036010636156e-02
6.833250000000000000e+03,-1.800000000000000000e+01,-1.859542199391839290e-02
6.833250000000000000e+03,-1.700000000000000000e+01,8.578877041690802230e-03
6.833250000000000000e+03,-1.600000000000000000e+01,3.612732309214017334e-02
6.833250000000000000e+03,-1.500000000000000000e+01,6.404016265214274028e-02
6.833250000000000000e+03,-1.400000000000000000e+01,9.230580007756072902e-02
6.833250000000000000e+03,-1.300000000000000000e+01,1.209107542072453967e-01
6.833250000000000000e+03,-1.200000000000000000e+01,1.498396362892497891e-01
6.833250000000000000e+03,-1.100000000000000000e+01,1.790751511833394982e-01
6.833250000000000000e+03,-1.000000000000000000e+01,2.085981233031248827e-01
6.833250000000000000e+03,-9.000000000000000000e+00,2.383875481905639582e-01
6.833250000000000000e+03,-8.000000000000000000e+00,2.684206700102675924e-01
6.833250000000000000e+03,-7.000000000000000000e+00,2.986730846373371051e-01
6.833250000000000000e+03,-6.000000000000000000e+00,3.291188674133864733e-01
6.833250000000000000e+03,-5.000000000000000000e+00,3.597307240802652406e-01
6.833250000000000000e+03,-4.000000000000000000e+00,3.904801628842563543e-01
6.833250000000000000e+03,-3.000000000000000000e+00,4.213376853851573678e-01
6.833250000000000000e+03,-2.000000000000000000e+00,4.522729931113758650e-01
6.833250000000000000e+03,-1.000000000000000000e+00,4.832552068778190324e-01
6.833250000000000000e+03,0.000000000000000000e+00,5.142530953299964125e-01
6.833250000000000000e+03,1.000000000000000000e+00,5.452353090964392468e-01
6.833250000000000000e+03,2.000000000000000000e+00,5.761706168226576885e-01
6.833250000000000000e+03,3.000000000000000000e+00,6.070281393235591461e-01
6.833250000000000000e+03,4.000000000000000000e+00,6.377775781275506484e-01
6.833250000000000000e+03,5.000000000000000000e+00,6.683894347944283609e-01
6.833250000000000000e+03,6.000000000000000000e+00,6.988352175704766189e-01
6.833250000000000000e+03,7.000000000000000000e+00,7.290876321975471308e-01
6.833250000000000000e+03,8.000000000000000000e+00,7.591207540172508761e-01
6.833250000000000000e+03,9.000000000000000000e+00,7.889101789046890634e-01
6.833250000000000000e+03,1.000000000000000000e+01,8.184331510244760022e-01
6.833250000000000000e+03,1.100000000000000000e+01,8.476686659185637129e-01
6.833250000000000000e+03,1.200000000000000000e+01,8.765975480005683274e-01
6.833250000000000000e+03,1.300000000000000000e+01,9.052025021302552155e-01
6.833250000000000000e+03,1.400000000000000000e+01,9.334681395556714278e-01
6.833250000000000000e+03,1.500000000000000000e+01,9.613809791156824325e-01
6.833250000000000000e+03,1.600000000000000000e+01,9.889294251661309154e-01
6.833250000000000000e+03,1.700000000000000000e+01,1.016103724201730785e+00
6.833250000000000000e+03,1.800000000000000000e+01,1.042895902567929411e+00
6.833250000000000000e+03,1.900000000000000000e+01,1.069299687972664614e+00
6.833250000000000000e+03,2.000000000000000000e+01,1.095310417705104733e+00
6.833250000000000000e+03,2.100000000000000000e+01,1.120924936542269101e+00
6.833250000000000000e+03,2.200000000000000000e+01,1.146141487282404725e+00
6.833250000000000000e+03,2.300000000000000000e+01,1.170959596697511707e+00
6.833250000000000000e+03,2.400000000000000000e+01,1.195379959467553377e+00
6.833250000000000000e+03,2.500000000000000000e+01,1.219404322367278581e+00
6.833250000000000000e+03,2.600000000000000000e+01,1.243035370647614712e+00
6.833250000000000000e+03,2.700000000000000000e+01,1.266276618208683757e+00
6.833250000000000000e+03,2.800000000000000000e+01,1.289132302820171105e+00
6.833250000000000000e+03,2.900000000000000000e+01,1.311607287321582049e+00
6.833250000000000000e+03,3.000000000000000000e+01,1.333706967441164792e+00
7.000000000000000000e+03,-3.000000000000000000e+01,-3.140989851137536704e-01
7.000000000000000000e+03,-2.900000000000000000e+01,-2.916240006123480555e-01
7.000000000000000000e+03,-2.800000000000000000e+01,-2.687683160008678129e-01
7.000000000000000000e+03,-2.700000000000000000e+01,-2.455270684398040970e-01
7.000000000000000000e+03,-2.600000000000000000e+01,-2.218960201594697423e-01
7.000000000000000000e+03,-2.500000000000000000e+01,-1.978716572597374324e-01
7.000000000000000000e+03,-2.400000000000000000e+01,-1.734512944896806630e-01
7.000000000000000000e+03,-2.300000000000000000e+01,-1.486331850745870042e-01
7.000000000000000000e+03,-2.200000000000000000e+01,-1.234166343344487160e-01
7.000000000000000000e+03,-2.100000000000000000e+01,-9.780211549728612397e-02
7.000000000000000000e+03,-2.000000000000000000e+01,-7.179138576485044609e-02
7.000000000000000000e+03,-1.900000000000000000e+01,-4.538760036010636156e-02
7.000000000000000000e+03,-1.800000000000000000e+01,-1.859542199391839290e-02
7.000000000000000000e+03,-1.700000000000000000e+01,8.578877041690802230e-03
7.000000000000000000e+03,-1.600000000000000000e+01,3.612732309214017334e-02
7.000000000000000000e+03,-1.500000000000000000e+01,6.404016265214274028e-02
7.000000000000000000e+03,-1.400000000000000000e+01,9.230580007756072902e-02
7.000000000000000000e+03,-1.300000000000000000e+01,1.209107542072453967e-01
7.000000000000000000e+03,-1.200000000000000000e+01,1.498396362892497891e-01
7.000000000000000000e+03,-1.100000000000000000e+01,1.790751511833394982e-01
7.000000000000000000e+03,-1.000000000000000000e+01,2.085981233031248827e-01
7.000000000000000000e+03,-9.000000000000000000e+00,2.383875481905639582e-01
7.000000000000000000e+03,-8.000000000000000000e+00,2.684206700102675924e-01
7.000000000000000000e+03,-7.000000000000000000e+00,2.986730846373371051e-01
7.000000000000000000e+03,-6.000000000000000000e+00,3.291188674133864733e-01
7.000000000000000000e+03,-5.000000000000000000e+00,3.597307240802652406e-01
7.000000000000000000e+03,-4.000000000000000000e+00,3.904801628842563543e-01
7.000000000000000000e+03,-3.000000000000000000e+00,4.213376853851573678e-01
7.000000000000000000e+03,-2.000000000000000000e+00,4.522729931113758650e-01
7.000000000000000000e+03,-1.000000000000000000e+00,4.832552068778190324e-01
7.000000000000000000e+03,0.000000000000000000e+00,5.142530953299964125e-01
7.000000000000000000e+03,1.000000000000000000e+00,5.452353090964392468e-01
7.000000000000000000e+03,2.000000000000000000e+00,5.761706168226576885e-01
7.000000000000000000e+03,3.000000000000000000e+00,6.070281393235591461e-01
7.000000000000000000e+03,4.000000000000000000e+00,6.377775781275506484e-01
7.000000000000000000e+03,5.000000000000000000e+00,6.683894347944283609e-01
7.000000000000000000e+03,6.000000000000000000e+00,6.988352175704766189e-01
7.000000000000000000e+03,7.000000000000000000e+00,7.290876321975471308e-01
7.000000000000000000e+03,8.000000000000000000e+00,7.591207540172508761e-01
7.000000000000000000e+03,9.000000000000000000e+00,7.889101789046890634e-01
7.000000000000000000e+03,1.000000000000000000e+01,8.184331510244760022e-01
7.000000000000000000e+03,1.100000000000000000e+01,8.476686659185637129e-01
7.000000000000000000e+03,1.200000000000000000e+01,8.765975480005683274e-01
7.000000000000000000e+03,1.300000000000000000e+01,9.052025021302552155e-01
7.000000000000000000e+03,1.400000000000000000e+01,9.334681395556714278e-01
7.000000000000000000e+03,1.500000000000000000e+01,9.613809791156824325e-01
7.000000000000000000e+03,1.600000000000000000e+01,9.889294251661309154e-01
7.000000000000000000e+03,1.700000000000000000e+01,1.016103724201730785e+00
7.000000000000000000e+03,1.800000000000000000e+01,1.042895902567929411e+00
7.000000000000000000e+03,1.900000000000000000e+01,1.069299687972664614e+00
7.000000000000000000e+03,2.000000000000000000e+01,1.095310417705104733e+00
7.000000000000000000e+03,2.100000000000000000e+01,1.120924936542269101e+00
7.000000000000000000e+03,2.200000000000000000e+01,1.146141487282404725e+00
7.000000000000000000e+03,2.300000000000000000e+01,1.170959596697511707e+00
7.000000000000000000e+03,2.400000000000000000e+01,1.195379959467553377e+00
7.000000000000000000e+03,2.500000000000000000e+01,1.219404322367278581e+00
7.000000000000000000e+03,2.600000000000000000e+01,1.243035370647614712e+00
7.000000000000000000e+03,2.700000000000000000e+01,1.266276618208683757e+00
7.000000000000000000e+03,2.800000000000000000e+01,1.289132302820171105e+00
7.000000000000000000e+03,2.900000000000000000e+01,1.311607287321582049e+00
7.000000000000000000e+03,3.000000000000000000e+01,1.333706967441164792e+00
7.166750000000000000e+03,-3.000000000000000000e+01,-3.140989851137536704e-01
7.166750000000000000e+03,-2.900000000000000000e+01,-2.916240006123480555e-01
7.166750000000000000e+03,-2.800000000000000000e+01,-2.687683160008678129e-01
7.166750000000000000e+03,-2.700000000000000000e+01,-2.455270684398040970e-01
7.166750000000000000e+03,-2.600000000000000000e+01,-2.218960201594697423e-01
7.166750000000000000e+03,-2.500000000000000000e+01,-1.978716572597374324e-01
7.166750000000000000e+03,-2.400000000000000000e+01,-1.734512944896806630e-01
7.166750000000000000e+03,-2.300000000000000000e+01,-1.486331850745870042e-01
7.166750000000000000e+03,-2.200000000000000000e+01,-1.234166343344487160e-01
7.166750000000000000e+03,-2.100000000000000000e+01,-9.780211549728612397e-02
7.166750000000000000e+03,-2.000000000000000000e+01,-7.179138576485044609e-02
7.166750000000000000e+03,-1.900000000000000000e+01,-4.538760036010636156e-02
7.166750000000000000e+03,-1.800000000000000000e+01,-1.859542199391839290e-02
7.166750000000000000e+03,-1.700000000000000000e+01,8.578877041690802230e-03
7.166750000000000000e+03,-1.600000000000000000e+01,3.612732309214017334e-02
7.166750000000000000e+03,-1.500000000000000000e+01,6.404016265214274028e-02
7.166750000000000000e+03,-1.400000000000000000e+01,9.230580007756072902e-02
7.166750000000000000e+03,-1.300000000000000000e+01,1.209107542072453967e-01
7.166750000000000000e+03,-1.200000000000000000e+01,1.498396362892497891e-01
7.166750000000000000e+03,-1.100000000000000000e+01,1.790751511833394982e-01
7.166750000000000000e+03,-1.000000000000000000e+01,2.085981233031248827e-01
7.166750000000000000e+03,-9.000000000000000000e+00,2.383875481905639582e-01
7.166750000000000000e+03,-8.000000000000000000e+00,2.684206700102675924e-01
7.166750000000000000e+03,-7.000000000000000000e+00,2.986730846373371051e-01
7.166750000000000000e+03,-6.000000000000000000e+00,3.291188674133864733e-01
7.166750000000000000e+03,-5.000000000000000000e+00,3.597307240802652406e-01
7.166750000000000000e+03,-4.000000000000000000e+00,3.904801628842563543e-01
7.166750000000000000e+03,-3.000000000000000000e+00,4.213376853851573678e-01
7.166750000000000000e+03,-2.000000000000000000e+00,4.522729931113758650e-01
7.166750000000000000e+03,-1.000000000000000000e+00,4.832552068778190324e-01
7.166750000000000000e+03,0.000000000000000000e+00,5.142530953299964125e-01
7.166750000000000000e+03,1.000000000000000000e+00,5.452353090964392468e-01
7.166750000000000000e+03,2.000000000000000000e+00,5.761706168226576885e-01
7.166750000000000000e+03,3.000000000000000000e+00,6.070281393235591461e-01
7.166750000000000000e+03,4.000000000000000000e+00,6.377775781275506484e-01
7.166750000000000000e+03,5.000000000000000000e+00,6.683894347944283609e-01
7.166750000000000000e+03,6.000000000000000000e+00,6.988352175704766189e-01
7.166750000000000000e+03,7.000000000000000000e+00,7.290876321975471308e-01
7.166750000000000000e+03,8.000000000000000000e+00,7.591207540172508761e-01
7.166750000000000000e+03,9.000000000000000000e+00,7.889101789046890634e-01
7.166750000000000000e+03,1.000000000000000000e+01,8.184331510244760022e-01
7.166750000000000000e+03,1.100000000000000000e+01,8.476686659185637129e-01
7.166750000000000000e+03,1.200000000000000000e+01,8.765975480005683274e-01
7.166750000000000000e+03,1.300000000000000000e+01,9.052025021302552155e-01
7.166750000000000000e+03,1.400000000000000000e+01,9.334681395556714278e-01
7.166750000000000000e+03,1.500000000000000000e+01,9.613809791156824325e-01
7.166750000000000000e+03,1.600000000000000000e+01,9.889294251661309154e-01
7.166750000000000000e+03,1.700000000000000000e+01,1.016103724201730785e+00
7.166750000000000000e+03,1.800000000000000000e+01,1.042895902567929411e+00
7.166750000000000000e+03,1.900000000000000000e+01,1.069299687972664614e+00
7.166750000000000000e+03,2.000000000000000000e+01,1.095310417705104733e+00
7.166750000000000000e+03,2.100000000000000000e+01,1.120924936542269101e+00
7.166750000000000000e+03,2.200000000000000000e+01,1.146141487282404725e+00
7.166750000000000000e+03,2.300000000000000000e+01,1.170959596697511707e+00
7.166750000000000000e+03,2.400000000000000000e+01,1.195379959467553377e+00
7.166750000000000000e+03,2.500000000000000000e+01,1.219404322367278581e+00
7.166750000000000000e+03,2.600000000000000000e+01,1.243035370647614712e+00
7.166750000000000000e+03,2.700000000000000000e+01,1.266276618208683757e+00
7.166750000000000000e+03,2.800000000000000000e+01,1.289132302820171105e+00
7.166750000000000000e+03,2.900000000000000000e+01,1.311607287321582049e+00
7.166750000000000000e+03,3.000000000000000000e+01,1.333706967441164792e+00
7.333250000000000000e+03,-3.000000000000000000e+01,-3.140989851137536704e-01
7.333250000000000000e+03,-2.900000000000000000e+01,-2.916240006123480555e-01
7.333250000000000000e+03,-2.800000000000000000e+01,-2.687683160008678129e-01
7.333250000000000000e+03,-2.700000000000000000e+01,-2.455270684398040970e-01
7.333250000000000000e+03,-2.600000000000000000e+01,-2.218960201594697423e-01
7.333250000000000000e+03,-2.500000000000000000e+01,-1.978716572597374324e-01
7.333250000000000000e+03,-2.400000000000000000e+01,-1.734512944896806630e-01
7.333250000000000000e+03,-2.300000000000000000e+01,-1.486331850745870042e-01
7.333250000000000000e+03,-2.200000000000000000e+01,-1.234166343344487160e-01
7.333250000000000000e+03,-2.100000000000000000e+01,-9.780211549728612397e-02
7.333250000000000000e+03,-2.000000000000000000e+01,-7.179138576485044609e-02
7.333250000000000000e+03,-1.900000000000000000e+01,-4.538760036010636156e-02
7.333250000000000000e+03,-1.800000000000000000e+01,-1.859542199391839290e-02
7.333250000000000000e+03,-1.700000000000000000e+01,8.578877041690802230e-03
7.333250000000000000e+03,-1.600000000000000000e+01,3.612732309214017334e-02
7.333250000000000000e+03,-1.500000000000000000e+01,6.404016265214274028e-02
7.333250000000000000e+03,-1.400000000000000000e+01,9.230580007756072902e-02
7.333250000000000000e+03,-1.300000000000000000e+01,1.209107542072453967e-01
7.333250000000000000e+03,-1.200000000000000000e+01,1.498396362892497891e-01
7.333250000000000000e+03,-1.100000000000000000e+01,1.790751511833394982e-01
7.333250000000000000e+03,-1.000000000000000000e+01,2.085981233031248827e-01
7.333250000000000000e+03,-9.000000000000000000e+00,2.383875481905639582e-01
7.333250000000000000e+03,-8.000000000000000000e+00,2.684206700102675924e-01
7.333250000000000000e+03,-7.000000000000000000e+00,2.986730846373371051e-01
7.333250000000000000e+03,-6.000000000000000000e+00,3.291188674133864733e-01
7.333250000000000000e+03,-5.000000000000000000e+00,3.597307240802652406e-01
7.333250000000000000e+03,-4.000000000000000000e+00,3.904801628842563543e-01
7.333250000000000000e+03,-3.000000000000000000e+00,4.213376853851573678e-01
7.333250000000000000e+03,-2.000000000000000000e+00,4.522729931113758650e-01
7.333250000000000000e+03,-1.000000000000000000e+00,4.832552068778190324e-01
7.333250000000000000e+03,0.000000000000000000e+00,5.142530953299964125e-01
7.333250000000000000e+03,1.000000000000000000e+00,5.452353090964392468e-01
7.333250000000000000e+03,2.000000000000000000e+00,5.761706168226576885e-01
7.333250000000000000e+03,3.000000000000000000e+00,6.070281393235591461e-01
7.333250000000000000e+03,4.000000000000000000e+00,6.377775781275506484e-01
7.333250000000000000e+03,5.000000000000000000e+00,6.683894347944283609e-01
7.333250000000000000e+03,6.000000000000000000e+00,6.988352175704766189e-01
7.333250000000000000e+03,7.000000000000000000e+00,7.290876321975471308e-01
7.333250000000000000e+03,8.000000000000000000e+00,7.591207540172508761e-01
7.333250000000000000e+03,9.000000000000000000e+00,7.889101789046890634e-01
7.333250000000000000e+03,1.000000000000000000e+01,8.184331510244760022e-01
7.333250000000000000e+03,1.100000000000000000e+01,8.476686659185637129e-01
7.333250000000000000e+03,1.200000000000000000e+01,8.765975480005683274e-01
7.333250000000000000e+03,1.300000000000000000e+01,9.052025021302552155e-01
7.333250000000000000e+03,1.400000000000000000e+01,9.334681395556714278e-01
7.333250000000000000e+03,1.500000000000000000e+01,9.613809791156824325e-01
7.333250000000000000e+03,1.600000000000000000e+01,9.889294251661309154e-01
7.333250000000000000e+03,1.700000000000000000e+01,1.016103724201730785e+00
7.333250000000000000e+03,1.800000000000000000e+01,1.042895902567929411e+00
7.333250000000000000e+03,1.900000000000000000e+01,1.069299687972664614e+00
7.333250000000000000e+03,2.000000000000000000e+01,1.095310417705104733e+00
7.333250000000000000e+03,2.100000000000000000e+01,1.120924936542269101e+00
7.333250000000000000e+03,2.200000000000000000e+01,1.146141487282404725e+00
7.333250000000000000e+03,2.300000000000000000e+01,1.170959596697511707e+00
7.333250000000000000e+03,2.400000000000000000e+01,1.195379959467553377e+00
7.333250000000000000e+03,2.500000000000000000e+01,1.219404322367278581e+00
7.333250000000000000e+03,2.600000000000000000e+01,1.243035370647614712e+00
7.333250000000000000e+03,2.700000000000000000e+01,1.266276618208683757e+00
7.333250000000000000e+03,2.800000000000000000e+01,1.289132302820171105e+00
7.333250000000000000e+03,2.900000000000000000e+01,1.311607287321582049e+00
7.333250000000000000e+03,3.000000000000000000e+01,1.333706967441164792e+00
7.500000000000000000e+03,-3.000000000000000000e+01,-3.140989851137536704e-01
7.500000000000000000e+03,-2.900000000000000000e+01,-2.916240006123480555e-01
7.500000000000000000e+03,-2.800000000000000000e+01,-2.687683160008678129e-01
7.500000000000000000e+03,-2.700000000000000000e+01,-2.455270684398040970e-01
7.500000000000000000e+03,-2.600000000000000000e+01,-2.218960201594697423e-01
7.500000000000000000e+03,-2.500000000000000000e+01,-1.978716572597374324e-01
7.500000000000000000e+03,-2.400000000000000000e+01,-1.734512944896806630e-01
7.500000000000000000e+03,-2.300000000000000000e+01,-1.486331850745870042e-01
7.500000000000000000e+03,-2.200000000000000000e+01,-1.234166343344487160e-01
7.500000000000000000e+03,-2.100000000000000000e+01,-9.780211549728612397e-02
7.500000000000000000e+03,-2.000000000000000000e+01,-7.179138576485044609e-02
7.500000000000000000e+03,-1.900000000000000000e+01,-4.538760036010636156e-02
7.500000000000000000e+03,-1.800000000000000000e+01,-1.859542199391839290e-02
7.500000000000000000e+03,-1.700000000000000000e+01,8.578877041690802230e-03
7.500000000000000000e+03,-1.600000000000000000e+01,3.612732309214017334e-02
7.500000000000000000e+03,-1.500000000000000000e+01,6.404016265214274028e-02
7.500000000000000000e+03,-1.400000000000000000e+01,9.230580007756072902e-02
7.500000000000000000e+03,-1.300000000000000000e+01,1.209107542072453967e-01
7.500000000000000000e+03,-1.200000000000000000e+01,1.498396362892497891e-01
7.500000000000000000e+03,-1.100000000000000000e+01,1.790751511833394982e-01
7.500000000000000000e+03,-1.000000000000000000e+01,2.085981233031248827e-01
7.500000000000000000e+03,-9.000000000000000000e+00,2.383875481905639582e-01
7.500000000000000000e+03,-8.000000000000000000e+00,2.684206700102675924e-01
7.500000000000000000e+03,-7.000000000000000000e+00,2.986730846373371051e-01
7.500000000000000000e+03,-6.000000000000000000e+00,3.291188674133864733e-01
7.500000000000000000e+03,-5.000000000000000000e+00,3.597307240802652406e-01
7.500000000000000000e+03,-4.000000000000000000e+00,3.904801628842563543e-01
7.500000000000000000e+03,-3.000000000000000000e+00,4.213376853851573678e-01
7.500000000000000000e+03,-2.000000000000000000e+00,4.522729931113758650e-01
7.500000000000000000e+03,-1.000000000000000000e+00,4.832552068778190324e-01
7.500000000000000000e+03,0.000000000000000000e+00,5.142530953299964125e-01
7.500000000000000000e+03,1.000000000000000000e+00,5.452353090964392468e-01
7.500000000000000000e+03,2.000000000000000000e+00,5.761706168226576885e-01
7.500000000000000000e+03,3.000000000000000000e+00,6.070281393235591461e-01
7.500000000000000000e+03,4.000000000000000000e+00,6.377775781275506484e-01
7.500000000000000000e+03,5.000000000000000000e+00,6.683894347944283609e-01
7.500000000000000000e+03,6.000000000000000000e+00,6.988352175704766189e-01
7.500000000000000000e+03,7.000000000000000000e+00,7.290876321975471308e-01
7.500000000000000000e+03,8.000000000000000000e+00,7.591207540172508761e-01
7.500000000000000000e+03,9.000000000000000000e+00,7.889101789046890634e-01
7.500000000000000000e+03,1.000000000000000000e+01,8.184331510244760022e-01
7.500000000000000000e+03,1.100000000000000000e+01,8.476686659185637129e-01
7.500000000000000000e+03,1.200000000000000000e+01,8.765975480005683274e-01
7.500000000000000000e+03,1.300000000000000000e+01,9.052025021302552155e-01
7.500000000000000000e+03,1.400000000000000000e+01,9.334681395556714278e-01
7.500000000000000000e+03,1.500000000000000000e+01,9.613809791156824325e-01
7.500000000000000000e+03,1.600000000000000000e+01,9.889294251661309154e-01
7.500000000000000000e+03,1.700000000000000000e+01,1.016103724201730785e+00
7.500000000000000000e+03,1.800000000000000000e+01,1.042895902567929411e+00
7.500000000000000000e+03,1.900000000000000000e+01,1.069299687972664614e+00
7.500000000000000000e+03,2.000000000000000000e+01,1.095310417705104733e+00
7.500000000000000000e+03,2.100000000000000000e+01,1.120924936542269101e+00
7.500000000000000000e+03,2.200000000000000000e+01,1.146141487282404725e+00
7.500000000000000000e+03,2.300000000000000000e+01,1.170959596697511707e+00
7.500000000000000000e+03,2.400000000000000000e+01,1.195379959467553377e+00
7.500000000000000000e+03,2.500000000000000000e+01,1.219404322367278581e+00
7.500000000000000000e+03,2.600000000000000000e+01,1.243035370647614712e+00
7.500000000000000000e+03,2.700000000000000000e+01,1.266276618208683757e+00
7.500000000000000000e+03,2.800000000000000000e+01,1.289132302820171105e+00
7.500000000000000000e+03,2.900000000000000000e+01,1.311607287321582049e+00
7.500000000000000000e+03,3.000000000000000000e+01,1.333706967441164792e+00
7.666750000000000000e+03,-3.000000000000000000e+01,-3.140989851137536704e-01
7.666750000000000000e+03,-2.900000000000000000e+01,-2.916240006123480555e-01
7.666750000000000000e+03,-2.800000000000000000e+01,-2.687683160008678129e-01
7.666750000000000000e+03,-2.700000000000000000e+01,-2.455270684398040970e-01
7.666750000000000000e+03,-2.600000000000000000e+01,-2.218960201594697423e-01
7.666750000000000000e+03,-2.500000000000000000e+01,-1.978716572597374324e-01
7.666750000000000000e+03,-2.400000000000000000e+01,-1.734512944896806630e-01
7.666750000000000000e+03,-2.300000000000000000e+01,-1.486331850745870042e-01
7.666750000000000000e+03,-2.200000000000000000e+01,-1.234166343344487160e-01
7.666750000000000000e+03,-2.100000000000000000e+01,-9.780211549728612397e-02
7.666750000000000000e+03,-2.000000000000000000e+01,-7.179138576485044609e-02
7.666750000000000000e+03,-1.900000000000000000e+01,-4.538760036010636156e-02
7.666750000000000000e+03,-1.800000000000000000e+01,-1.859542199391839290e-02
7.666750000000000000e+03,-1.700000000000000000e+01,8.578877041690802230e-03
7.666750000000000000e+03,-1.600000000000000000e+01,3.612732309214017334e-02
7.666750000000000000e+03,-1.500000000000000000e+01,6.404016265214274028e-02
7.666750000000000000e+03,-1.400000000000000000e+01,9.230580007756072902e-02
7.666750000000000000e+03,-1.300000000000000000e+01,1.209107542072453967e-01
7.666750000000000000e+03,-1.200000000000000000e+01,1.498396362892497891e-01
7.666750000000000000e+03,-1.100000000000000000e+01,1.790751511833394982e-01
7.666750000000000000e+03,-1.000000000000000000e+01,2.085981233031248827e-01
7.666750000000000000e+03,-9.000000000000000000e+00,2.383875481905639582e-01
7.666750000000000000e+03,-8.000000000000000000e+00,2.684206700102675924e-01
7.666750000000000000e+03,-7.000000000000000000e+00,2.986730846373371051e-01
7.666750000000000000e+03,-6.000000000000000000e+00,3.291188674133864733e-01
7.666750000000000000e+03,-5.000000000000000000e+00,3.597307240802652406e-01
7.666750000000000000e+03,-4.000000000000000000e+00,3.904801628842563543e-01
7.666750000000000000e+03,-3.000000000000000000e+00,4.213376853851573678e-01
7.666750000000000000e+03,-2.000000000000000000e+00,4.522729931113758650e-01
7.666750000000000000e+03,-1.000000000000000000e+00,4.832552068778190324e-01
7.666750000000000000e+03,0.000000000000000000e+00,5.142530953299964125e-01
7.666750000000000000e+03,1.000000000000000000e+00,5.452353090964392468e-01
7.666750000000000000e+03,2.000000000000000000e+00,5.761706168226576885e-01
7.666750000000000000e+03,3.000000000000000000e+00,6.070281393235591461e-01
7.666750000000000000e+03,4.000000000000000000e+00,6.377775781275506484e-01
7.666750000000000000e+03,5.000000000000000000e+00,6.683894347944283609e-01
7.666750000000000000e+03,6.000000000000000000e+00,6.988352175704766189e-01
7.666750000000000000e+03,7.000000000000000000e+00,7.290876321975471308e-01
7.666750000000000000e+03,8.000000000000000000e+00,7.591207540172508761e-01
7.666750000000000000e+03,9.000000000000000000e+00,7.889101789046890634e-01
7.666750000000000000e+03,1.000000000000000000e+01,8.184331510244760022e-01
7.666750000000000000e+03,1.100000000000000000e+01,8.476686659185637129e-01
7.666750000000000000e+03,1.200000000000000000e+01,8.765975480005683274e-01
7.666750000000000000e+03,1.300000000000000000e+01,9.052025021302552155e-01
7.666750000000000000e+03,1.400000000000000000e+01,9.334681395556714278e-01
7.666750000000000000e+03,1.500000000000000000e+01,9.613809791156824325e-01
7.666750000000000000e+03,1.600000000000000000e+01,9.889294251661309154e-01
7.666750000000000000e+03,1.700000000000000000e+01,1.016103724201730785e+00
7.666750000000000000e+03,1.800000000000000000e+01,1.042895902567929411e+00
7.666750000000000000e+03,1.900000000000000000e+01,1.069299687972664614e+00
7.666750000000000000e+03,2.000000000000000000e+01,1.095310417705104733e+00
7.666750000000000000e+03,2.100000000000000000e+01,1.120924936542269101e+00
7.666750000000000000e+03,2.200000000000000000e+01,1.146141487282404725e+00
7.666750000000000000e+03,2.300000000000000000e+01,1.170959596697511707e+00
7.666750000000000000e+03,2.400000000000000000e+01,1.195379959467553377e+00
7.666750000000000000e+03,2.500000000000000000e+01,1.219404322367278581e+00
7.666750000000000000e+03,2.600000000000000000e+01,1.243035370647614712e+00
7.666750000000000000e+03,2.700000000000000000e+01,1.266276618208683757e+00
7.666750000000000000e+03,2.800000000000000000e+01,1.289132302820171105e+00
7.666750000000000000e+03,2.900000000000000000e+01,1.311607287321582049e+00
7.666750000000000000e+03,3.000000000000000000e+01,1.333706967441164792e+00
7.833250000000000000e+03,-3.000000000000000000e+01,-3.140989851137536704e-01
7.833250000000000000e+03,-2.900000000000000000e+01,-2.916240006123480555e-01
7.833250000000000000e+03,-2.800000000000000000e+01,-2.687683160008678129e-01
7.833250000000000000e+03,-2.700000000000000000e+01,-2.455270684398040970e-01
7.833250000000000000e+03,-2.600000000000000000e+01,-2.218960201594697423e-01
7.833250000000000000e+03,-2.500000000000000000e+01,-1.978716572597374324e-01
7.833250000000000000e+03,-2.400000000000000000e+01,-1.734512944896806630e-01
7.833250000000000000e+03,-2.300000000000000000e+01,-1.486331850745870042e-01
7.833250000000000000e+03,-2.200000000000000000e+01,-1.234166343344487160e-01
7.833250000000000000e+03,-2.100000000000000000e+01,-9.780211549728612397e-02
7.833250000000000000e+03,-2.000000000000000000e+01,-7.179138576485044609e-02
7.833250000000000000e+03,-1.900000000000000000e+01,-4.538760036010636156e-02
7.833250000000000000e+03,-1.800000000000000000e+01,-1.859542199391839290e-02
7.833250000000000000e+03,-1.700000000000000000e+01,8.578877041690802230e-03
7.833250000000000000e+03,-1.600000000000000000e+01,3.612732309214017334e-02
7.833250000000000000e+03,-1.500000000000000000e+01,6.404016265214274028e-02
7.833250000000000000e+03,-1.400000000000000000e+01,9.230580007756072902e-02
7.833250000000000000e+03,-1.300000000000000000e+01,1.209107542072453967e-01
7.833250000000000000e+03,-1.200000000000000000e+01,1.498396362892497891e-01
7.833250000000000000e+03,-1.100000000000000000e+01,1.790751511833394982e-01
7.833250000000000000e+03,-1.000000000000000000e+01,2.085981233031248827e-01
7.833250000000000000e+03,-9.000000000000000000e+00,2.383875481905639582e-01
7.833250000000000000e+03,-8.000000000000000000e+00,2.684206700102675924e-01
7.833250000000000000e+03,-7.000000000000000000e+00,2.986730846373371051e-01
7.833250000000000000e+03,-6.000000000000000000e+00,3.291188674133864733e-01
7.833250000000000000e+03,-5.000000000000000000e+00,3.597307240802652406e-01
7.833250000000000000e+03,-4.000000000000000000e+00,3.904801628842563543e-01
7.833250000000000000e+03,-3.000000000000000000e+00,4.213376853851573678e-01
7.833250000000000000e+03,-2.000000000000000000e+00,4.522729931113758650e-01
7.833250000000000000e+03,-1.000000000000000000e+00,4.832552068778190324e-01
7.833250000000000000e+03,0.000000000000000000e+00,5.142530953299964125e-01
7.833250000000000000e+03,1.000000000000000000e+00,5.452353090964392468e-01
7.833250000000000000e+03,2.000000000000000000e+00,5.761706168226576885e-01
7.833250000000000000e+03,3.000000000000000000e+00,6.070281393235591461e-01
7.833250000000000000e+03,4.000000000000000000e+00,6.377775781275506484e-01
7.833250000000000000e+03,5.000000000000000000e+00,6.683894347944283609e-01
7.833250000000000000e+03,6.000000000000000000e+00,6.988352175704766189e-01
7.833250000000000000e+03,7.000000000000000000e+00,7.290876321975471308e-01
7.833250000000000000e+03,8.000000000000000000e+00,7.591207540172508761e-01
7.833250000000000000e+03,9.000000000000000000e+00,7.889101789046890634e-01
7.833250000000000000e+03,1.000000000000000000e+01,8.184331510244760022e-01
7.833250000000000000e+03,1.100000000000000000e+01,8.476686659185637129e-01
7.833250000000000000e+03,1.200000000000000000e+01,8.765975480005683274e-01
7.833250000000000000e+03,1.300000000000000000e+01,9.052025021302552155e-01
7.833250000000000000e+03,1.400000000000000000e+01,9.334681395556714278e-01
7.833250000000000000e+03,1.500000000000000000e+01,9.613809791156824325e-01
7.833250000000000000e+03,1.600000000000000000e+01,9.889294251661309154e-01
7.833250000000000000e+03,1.700000000000000000e+01,1.016103724201730785e+00
7.833250000000000000e+03,1.800000000000000000e+01,1.042895902567929411e+00
7.833250000000000000e+03,1.900000000000000000e+01,1.069299687972664614e+00
7.833250000000000000e+03,2.000000000000000000e+01,1.095310417705104733e+00
7.833250000000000000e+03,2.100000000000000000e+01,1.120924936542269101e+00
7.833250000000000000e+03,2.200000000000000000e+01,1.146141487282404725e+00
7.833250000000000000e+03,2.300000000000000000e+01,1.170959596697511707e+00
7.833250000000000000e+03,2.400000000000000000e+01,1.195379959467553377e+00
7.833250000000000000e+03,2.500000000000000000e+01,1.219404322367278581e+00
7.833250000000000000e+03,2.600000000000000000e+01,1.243035370647614712e+00
7.833250000000000000e+03,2.700000000000000000e+01,1.266276618208683757e+00
7.833250000000000000e+03,2.800000000000000000e+01,1.289132302820171105e+00
7.833250000000000000e+03,2.900000000000000000e+01,1.311607287321582049e+00
7.833250000000000000e+03,3.000000000000000000e+01,1.333706967441164792e+00
8.000000000000000000e+03,-3.000000000000000000e+01,-3.140989851137536704e-01
8.000000000000000000e+03,-2.900000000000000000e+01,-2.916240006123480555e-01
8.000000000000000000e+03,-2.800000000000000000e+01,-2.687683160008678129e-01
8.000000000000000000e+03,-2.700000000000000000e+01,-2.455270684398040970e-01
8.000000000000000000e+03,-2.600000000000000000e+01,-2.218960201594697423e-01
8.000000000000000000e+03,-2.500000000000000000e+01,-1.978716572597374324e-01
8.000000000000000000e+03,-2.400000000000000000e+01,-1.734512944896806630e-01
8.000000000000000000e+03,-2.300000000000000000e+01,-1.486331850745870042e-01
8.000000000000000000e+03,-2.200000000000000000e+01,-1.234166343344487160e-01
8.000000000000000000e+03,-2.100000000000000000e+01,-9.780211549728612397e-02
8.000000000000000000e+03,-2.000000000000000000e+01,-7.179138576485044609e-02
8.000000000000000000e+03,-1.900000000000000000e+01,-4.538760036010636156e-02
8.000000000000000000e+03,-1.800000000000000000e+01,-1.859542199391839290e-02
8.000000000000000000e+03,-1.700000000000000000e+01,8.578877041690802230e-03
8.000000000000000000e+03,-1.600000000000000000e+01,3.612732309214017334e-02
8.000000000000000000e+03,-1.500000000000000000e+01,6.404016265214274028e-02
8.000000000000000000e+03,-1.400000000000000000e+01,9.230580007756072902e-02
8.000000000000000000e+03,-1.300000000000000000e+01,1.209107542072453967e-01
8.000000000000000000e+03,-1.200000000000000000e+01,1.498396362892497891e-01
8.000000000000000000e+03,-1.100000000000000000e+01,1.790751511833394982e-01
8.000000000000000000e+03,-1.000000000000000000e+01,2.085981233031248827e-01
8.000000000000000000e+03,-9.000000000000000000e+00,2.383875481905639582e-01
8.000000000000000000e+03,-8.000000000000000000e+00,2.684206700102675924e-01
8.000000000000000000e+03,-7.000000000000000000e+00,2.986730846373371051e-01
8.000000000000000000e+03,-6.000000000000000000e+00,3.291188674133864733e-01
8.000000000000000000e+03,-5.000000000000000000e+00,3.597307240802652406e-01
8.000000000000000000e+03,-4.000000000000000000e+00,3.904801628842563543e-01
8.000000000000000000e+03,-3.000000000000000000e+00,4.213376853851573678e-01
8.000000000000000000e+03,-2.000000000000000000e+00,4.522729931113758650e-01
8.000000000000000000e+03,-1.000000000000000000e+00,4.832552068778190324e-01
8.000000000000000000e+03,0.000000000000000000e+00,5.142530953299964125e-01
8.000000000000000000e+03,1.000000000000000000e+00,5.452353090964392468e-01
8.000000000000000000e+03,2.000000000000000000e+00,5.761706168226576885e-01
8.000000000000000000e+03,3.000000000000000000e+00,6.070281393235591461e-01
8.000000000000000000e+03,4.000000000000000000e+00,6.377775781275506484e-01
8.000000000000000000e+03,5.000000000000000000e+00,6.683894347944283609e-01
8.000000000000000000e+03,6.000000000000000000e+00,6.988352175704766189e-01
8.000000000000000000e+03,7.000000000000000000e+00,7.290876321975471308e-01
8.000000000000000000e+03,8.000000000000000000e+00,7.591207540172508761e-01
8.000000000000000000e+03,9.000000000000000000e+00,7.889101789046890634e-01
8.000000000000000000e+03,1.000000000000000000e+01,8.184331510244760022e-01
8.000000000000000000e+03,1.100000000000000000e+01,8.476686659185637129e-01
8.000000000000000000e+03,1.200000000000000000e+01,8.765975480005683274e-01
8.000000000000000000e+03,1.300000000000000000e+01,9.052025021302552155e-01
8.000000000000000000e+03,1.400000000000000000e+01,9.334681395556714278e-01
8.000000000000000000e+03,1.500000000000000000e+01,9.613809791156824325e-01
8.000000000000000000e+03,1.600000000000000000e+01,9.889294251661309154e-01
8.000000000000000000e+03,1.700000000000000000e+01,1.016103724201730785e+00
8.000000000000000000e+03,1.800000000000000000e+01,1.042895902567929411e+00
8.000000000000000000e+03,1.900000000000000000e+01,1.069299687972664614e+00
8.000000000000000000e+03,2.000000000000000000e+01,1.095310417705104733e+00
8.000000000000000000e+03,2.100000000000000000e+01,1.120924936542269101e+00
8.000000000000000000e+03,2.200000000000000000e+01,1.146141487282404725e+00
8.000000000000000000e+03,2.300000000000000000e+01,1.170959596697511707e+00
8.000000000000000000e+03,2.400000000000000000e+01,1.195379959467553377e+00
8.000000000000000000e+03,2.500000000000000000e+01,1.219404322367278581e+00
8.000000000000000000e+03,2.600000000000000000e+01,1.243035370647614712e+00
8.000000000000000000e+03,2.700000000000000000e+01,1.266276618208683757e+00
8.000000000000000000e+03,2.800000000000000000e+01,1.289132302820171105e+00
8.000000000000000000e+03,2.900000000000000000e+01,1.311607287321582049e+00
8.000000000000000000e+03,3.000000000000000000e+01,1.333706967441164792e+00
8.166750000000000000e+03,-3.000000000000000000e+01,-3.140989851137536704e-01
8.166750000000000000e+03,-2.900000000000000000e+01,-2.916240006123480555e-01
8.166750000000000000e+03,-2.800000000000000000e+01,-2.687683160008678129e-01
8.166750000000000000e+03,-2.700000000000000000e+01,-2.455270684398040970e-01
8.166750000000000000e+03,-2.600000000000000000e+01,-2.218960201594697423e-01
8.166750000000000000e+03,-2.500000000000000000e+01,-1.978716572597374324e-01
8.166750000000000000e+03,-2.400000000000000000e+01,-1.734512944896806630e-01
8.166750000000000000e+03,-2.300000000000000000e+01,-1.486331850745870042e-01
8.166750000000000000e+03,-2.200000000000000000e+01,-1.234166343344487160e-01
8.166750000000000000e+03,-2.100000000000000000e+01,-9.780211549728612397e-02
8.166750000000000000e+03,-2.000000000000000000e+01,-7.179138576485044609e-02
8.166750000000000000e+03,-1.900000000000000000e+01,-4.538760036010636156e-02
8.166750000000000000e+03,-1.800000000000000000e+01,-1.859542199391839290e-02
8.166750000000000000e+03,-1.700000000000000000e+01,8.578877041690802230e-03
8.166750000000000000e+03,-1.600000000000000000e+01,3.612732309214017334e-02
8.166750000000000000e+03,-1.500000000000000000e+01,6.404016265214274028e-02
8.166750000000000000e+03,-1.400000000000000000e+01,9.230580007756072902e-02
8.166750000000000000e+03,-1.300000000000000000e+01,1.209107542072453967e-01
8.166750000000000000e+03,-1.200000000000000000e+01,1.498396362892497891e-01
8.166750000000000000e+03,-1.100000000000000000e+01,1.790751511833394982e-01
8.166750000000000000e+03,-1.000000000000000000e+01,2.085981233031248827e-01
8.166750000000000000e+03,-9.000000000000000000e+00,2.383875481905639582e-01
8.166750000000000000e+03,-8.000000000000000000e+00,2.684206700102675924e-01
8.166750000000000000e+03,-7.000000000000000000e+00,2.986730846373371051e-01
8.166750000000000000e+03,-6.000000000000000000e+00,3.291188674133864733e-01
8.166750000000000000e+03,-5.000000000000000000e+00,3.597307240802652406e-01
8.166750000000000000e+03,-4.000000000000000000e+00,3.904801628842563543e-01
8.166750000000000000e+03,-3.000000000000000000e+00,4.213376853851573678e-01
8.166750000000000000e+03,-2.000000000000000000e+00,4.522729931113758650e-01
8.166750000000000000e+03,-1.000000000000000000e+00,4.832552068778190324e-01
8.166750000000000000e+03,0.000000000000000000e+00,5.142530953299964125e-01
8.166750000000000000e+03,1.000000000000000000e+00,5.452353090964392468e-01
8.166750000000000000e+03,2.000000000000000000e+00,5.761706168226576885e-01
8.166750000000000000e+03,3.000000000000000000e+00,6.070281393235591461e-01
8.166750000000000000e+03,4.000000000000000000e+00,6.377775781275506484e-01
8.166750000000000000e+03,5.000000000000000000e+00,6.683894347944283609e-01
8.166750000000000000e+03,6.000000000000000000e+00,6.988352175704766189e-01
8.166750000000000000e+03,7.000000000000000000e+00,7.290876321975471308e-01
8.166750000000000000e+03,8.000000000000000000e+00,7.591207540172508761e-01
8.166750000000000000e+03,9.000000000000000000e+00,7.889101789046890634e-01
8.166750000000000000e+03,1.000000000000000000e+01,8.184331510244760022e-01
8.166750000000000000e+03,1.100000000000000000e+01,8.476686659185637129e-01
8.166750000000000000e+03,1.200000000000000000e+01,8.765975480005683274e-01
8.166750000000000000e+03,1.300000000000000000e+01,9.052025021302552155e-01
8.166750000000000000e+03,1.400000000000000000e+01,9.334681395556714278e-01
8.166750000000000000e+03,1.500000000000000000e+01,9.613809791156824325e-01
8.166750000000000000e+03,1.600000000000000000e+01,9.889294251661309154e-01
8.166750000000000000e+03,1.700000000000000000e+01,1.016103724201730785e+00
8.166750000000000000e+03,1.800000000000000000e+01,1.042895902567929411e+00
8.166750000000000000e+03,1.900000000000000000e+01,1.069299687972664614e+00
8.166750000000000000e+03,2.000000000000000000e+01,1.095310417705104733e+00
8.166750000000000000e+03,2.100000000000000000e+01,1.120924936542269101e+00
8.166750000000000000e+03,2.200000000000000000e+01,1.146141487282404725e+00
8.166750000000000000e+03,2.300000000000000000e+01,1.170959596697511707e+00
8.166750000000000000e+03,2.400000000000000000e+01,1.195379959467553377e+00
8.166750000000000000e+03,2.500000000000000000e+01,1.219404322367278581e+00
8.166750000000000000e+03,2.600000000000000000e+01,1.243035370647614712e+00
8.166750000000000000e+03,2.700000000000000000e+01,1.266276618208683757e+00
8.166750000000000000e+03,2.800000000000000000e+01,1.289132302820171105e+00
8.166750000000000000e+03,2.900000000000000000e+01,1.311607287321582049e+00
8.166750000000000000e+03,3.000000000000000000e+01,1.333706967441164792e+00
8.333250000000000000e+03,-3.000000000000000000e+01,-3.140989851137536704e-01
8.333250000000000000e+03,-2.900000000000000000e+01,-2.916240006123480555e-01
8.333250000000000000e+03,-2.800000000000000000e+01,-2.687683160008678129e-01
8.333250000000000000e+03,-2.700000000000000000e+01,-2.455270684398040970e-01
8.333250000000000000e+03,-2.600000000000000000e+01,-2.218960201594697423e-01
8.333250000000000000e+03,-2.500000000000000000e+01,-1.978716572597374324e-01
8.333250000000000000e+03,-2.400000000000000000e+01,-1.734512944896806630e-01
8.333250000000000000e+03,-2.300000000000000000e+01,-1.486331850745870042e-01
8.333250000000000000e+03,-2.200000000000000000e+01,-1.234166343344487160e-01
8.333250000000000000e+03,-2.100000000000000000e+01,-9.780211549728612397e-02
8.333250000000000000e+03,-2.000000000000000000e+01,-7.179138576485044609e-02
8.333250000000000000e+03,-1.900000000000000000e+01,-4.538760036010636156e-02
8.333250000000000000e+03,-1.800000000000000000e+01,-1.859542199391839290e-02
8.333250000000000000e+03,-1.700000000000000000e+01,8.578877041690802230e-03
8.333250000000000000e+03,-1.600000000000000000e+01,3.612732309214017334e-02
8.333250000000000000e+03,-1.500000000000000000e+01,6.404016265214274028e-02
8.333250000000000000e+03,-1.400000000000000000e+01,9.230580007756072902e-02
8.333250000000000000e+03,-1.300000000000000000e+01,1.209107542072453967e-01
8.333250000000000000e+03,-1.200000000000000000e+01,1.498396362892497891e-01
8.333250000000000000e+03,-1.100000000000000000e+01,1.790751511833394982e-01
8.333250000000000000e+03,-1.000000000000000000e+01,2.085981233031248827e-01
8.333250000000000000e+03,-9.000000000000000000e+00,2.383875481905639582e-01
8.333250000000000000e+03,-8.000000000000000000e+00,2.684206700102675924e-01
8.333250000000000000e+03,-7.000000000000000000e+00,2.986730846373371051e-01
8.333250000000000000e+03,-6.000000000000000000e+00,3.291188674133864733e-01
8.333250000000000000e+03,-5.000000000000000000e+00,3.597307240802652406e-01
8.333250000000000000e+03,-4.000000000000000000e+00,3.904801628842563543e-01
8.333250000000000000e+03,-3.000000000000000000e+00,4.213376853851573678e-01
8.333250000000000000e+03,-2.000000000000000000e+00,4.522729931113758650e-01
8.333250000000000000e+03,-1.000000000000000000e+00,4.832552068778190324e-01
8.333250000000000000e+03,0.000000000000000000e+00,5.142530953299964125e-01
8.333250000000000000e+03,1.000000000000000000e+00,5.452353090964392468e-01
8.333250000000000000e+03,2.000000000000000000e+00,5.761706168226576885e-01
8.333250000000000000e+03,3.000000000000000000e+00,6.070281393235591461e-01
8.333250000000000000e+03,4.000000000000000000e+00,6.377775781275506484e-01
8.333250000000000000e+03,5.000000000000000000e+00,6.683894347944283609e-01
8.333250000000000000e+03,6.000000000000000000e+00,6.988352175704766189e-01
8.333250000000000000e+03,7.000000000000000000e+00,7.290876321975471308e-01
8.333250000000000000e+03,8.000000000000000000e+00,7.591207540172508761e-01
8.333250000000000000e+03,9.000000000000000000e+00,7.889101789046890634e-01
8.333250000000000000e+03,1.000000000000000000e+01,8.184331510244760022e-01
8.333250000000000000e+03,1.100000000000000000e+01,8.476686659185637129e-01
8.333250000000000000e+03,1.200000000000000000e+01,8.765975480005683274e-01
8.333250000000000000e+03,1.300000000000000000e+01,9.052025021302552155e-01
8.333250000000000000e+03,1.400000000000000000e+01,9.334681395556714278e-01
8.333250000000000000e+03,1.500000000000000000e+01,9.613809791156824325e-01
8.333250000000000000e+03,1.600000000000000000e+01,9.889294251661309154e-01
8.333250000000000000e+03,1.700000000000000000e+01,1.016103724201730785e+00
8.333250000000000000e+03,1.800000000000000000e+01,1.042895902567929411e+00
8.333250000000000000e+03,1.900000000000000000e+01,1.069299687972664614e+00
8.333250000000000000e+03,2.000000000000000000e+01,1.095310417705104733e+00
8.333250000000000000e+03,2.100000000000000000e+01,1.120924936542269101e+00
8.333250000000000000e+03,2.200000000000000000e+01,1.146141487282404725e+00
8.333250000000000000e+03,2.300000000000000000e+01,1.170959596697511707e+00
8.333250000000000000e+03,2.400000000000000000e+01,1.195379959467553377e+00
8.333250000000000000e+03,2.500000000000000000e+01,1.219404322367278581e+00
8.333250000000000000e+03,2.600000000000000000e+01,1.243035370647614712e+00
8.333250000000000000e+03,2.700000000000000000e+01,1.266276618208683757e+00
8.333250000000000000e+03,2.800000000000000000e+01,1.289132302820171105e+00
8.333250000000000000e+03,2.900000000000000000e+01,1.311607287321582049e+00
8.333250000000000000e+03,3.000000000000000000e+01,1.333706967441164792e+00
8.500000000000000000e+03,-3.000000000000000000e+01,-3.140989851137536704e-01
8.500000000000000000e+03,-2.900000000000000000e+01,-2.916240006123480555e-01
8.500000000000000000e+03,-2.800000000000000000e+01,-2.687683160008678129e-01
8.500000000000000000e+03,-2.700000000000000000e+01,-2.455270684398040970e-01
8.500000000000000000e+03,-2.600000000000000000e+01,-2.218960201594697423e-01
8.500000000000000000e+03,-2.500000000000000000e+01,-1.978716572597374324e-01
8.500000000000000000e+03,-2.400000000000000000e+01,-1.734512944896806630e-01
8.500000000000000000e+03,-2.300000000000000000e+01,-1.486331850745870042e-01
8.500000000000000000e+03,-2.200000000000000000e+01,-1.234166343344487160e-01
8.500000000000000000e+03,-2.100000000000000000e+01,-9.780211549728612397e-02
8.500000000000000000e+03,-2.000000000000000000e+01,-7.179138576485044609e-02
8.500000000000000000e+03,-1.900000000000000000e+01,-4.538760036010636156e-02
8.500000000000000000e+03,-1.800000000000000000e+01,-1.859542199391839290e-02
8.500000000000000000e+03,-1.700000000000000000e+01,8.578877041690802230e-03
8.500000000000000000e+03,-1.600000000000000000e+01,3.612732309214017334e-02
8.500000000000000000e+03,-1.500000000000000000e+01,6.404016265214274028e-02
8.500000000000000000e+03,-1.400000000000000000e+01,9.230580007756072902e-02
8.500000000000000000e+03,-1.300000000000000000e+01,1.209107542072453967e-01
8.500000000000000000e+03,-1.200000000000000000e+01,1.498396362892497891e-01
8.500000000000000000e+03,-1.100000000000000000e+01,1.790751511833394982e-01
8.500000000000000000e+03,-1.000000000000000000e+01,2.085981233031248827e-01
8.500000000000000000e+03,-9.000000000000000000e+00,2.383875481905639582e-01
8.500000000000000000e+03,-8.000000000000000000e+00,2.684206700102675924e-01
8.500000000000000000e+03,-7.000000000000000000e+00,2.986730846373371051e-01
8.500000000000000000e+03,-6.000000000000000000e+00,3.291188674133864733e-01
8.500000000000000000e+03,-5.000000000000000000e+00,3.597307240802652406e-01
8.500000000000000000e+03,-4.000000000000000000e+00,3.904801628842563543e-01
8.500000000000000000e+03,-3.000000000000000000e+00,4.213376853851573678e-01
8.500000000000000000e+03,-2.000000000000000000e+00,4.522729931113758650e-01
8.500000000000000000e+03,-1.000000000000000000e+00,4.832552068778190324e-01
8.500000000000000000e+03,0.000000000000000000e+00,5.142530953299964125e-01
8.500000000000000000e+03,1.000000000000000000e+00,5.452353090964392468e-01
8.500000000000000000e+03,2.000000000000000000e+00,5.761706168226576885e-01
8.500000000000000000e+03,3.000000000000000000e+00,6.070281393235591461e-01
8.500000000000000000e+03,4.000000000000000000e+00,6.377775781275506484e-01
8.500000000000000000e+03,5.000000000000000000e+00,6.683894347944283609e-01
8.500000000000000000e+03,6.000000000000000000e+00,6.988352175704766189e-01
8.500000000000000000e+03,7.000000000000000000e+00,7.290876321975471308e-01
8.500000000000000000e+03,8.000000000000000000e+00,7.591207540172508761e-01
8.500000000000000000e+03,9.000000000000000000e+00,7.889101789046890634e-01
8.500000000000000000e+03,1.000000000000000000e+01,8.184331510244760022e-01
8.500000000000000000e+03,1.100000000000000000e+01,8.476686659185637129e-01
8.500000000000000000e+03,1.200000000000000000e+01,8.765975480005683274e-01
8.500000000000000000e+03,1.300000000000000000e+01,9.052025021302552155e-01
8.500000000000000000e+03,1.400000000000000000e+01,9.334681395556714278e-01
8.500000000000000000e+03,1.500000000000000000e+01,9.613809791156824325e-01
8.500000000000000000e+03,1.600000000000000000e+01,9.889294251661309154e-01
8.500000000000000000e+03,1.700000000000000000e+01,1.016103724201730785e+00
8.500000000000000000e+03,1.800000000000000000e+01,1.042895902567929411e+00
8.500000000000000000e+03,1.900000000000000000e+01,1.069299687972664614e+00
8.500000000000000000e+03,2.000000000000000000e+01,1.095310417705104733e+00
8.500000000000000000e+03,2.100000000000000000e+01,1.120924936542269101e+00
8.500000000000000000e+03,2.200000000000000000e+01,1.146141487282404725e+00
8.500000000000000000e+03,2.300000000000000000e+01,1.170959596697511707e+00
8.500000000000000000e+03,2.400000000000000000e+01,1.195379959467553377e+00
8.500000000000000000e+03,2.500000000000000000e+01,1.219404322367278581e+00
8.500000000000000000e+03,2.600000000000000000e+01,1.243035370647614712e+00
8.500000000000000000e+03,2.700000000000000000e+01,1.266276618208683757e+00
8.500000000000000000e+03,2.800000000000000000e+01,1.289132302820171105e+00
8.500000000000000000e+03,2.900000000000000000e+01,1.311607287321582049e+00
8.500000000000000000e+03,3.000000000000000000e+01,1.333706967441164792e+00
8.666750000000000000e+03,-3.000000000000000000e+01,-3.140989851137536704e-01
8.666750000000000000e+03,-2.900000000000000000e+01,-2.916240006123480555e-01
8.666750000000000000e+03,-2.800000000000000000e+01,-2.687683160008678129e-01
8.666750000000000000e+03,-2.700000000000000000e+01,-2.455270684398040970e-01
8.666750000000000000e+03,-2.600000000000000000e+01,-2.218960201594697423e-01
8.666750000000000000e+03,-2.500000000000000000e+01,-1.978716572597374324e-01
8.666750000000000000e+03,-2.400000000000000000e+01,-1.734512944896806630e-01
8.666750000000000000e+03,-2.300000000000000000e+01,-1.486331850745870042e-01
8.666750000000000000e+03,-2.200000000000000000e+01,-1.234166343344487160e-01
8.666750000000000000e+03,-2.100000000000000000e+01,-9.780211549728612397e-02
8.666750000000000000e+03,-2.000000000000000000e+01,-7.179138576485044609e-02
8.666750000000000000e+03,-1.900000000000000000e+01,-4.538760036010636156e-02
8.666750000000000000e+03,-1.800000000000000000e+01,-1.859542199391839290e-02
8.666750000000000000e+03,-1.700000000000000000e+01,8.578877041690802230e-03
8.666750000000000000e+03,-1.600000000000000000e+01,3.612732309214017334e-02
8.666750000000000000e+03,-1.500000000000000000e+01,6.404016265214274028e-02
8.666750000000000000e+03,-1.400000000000000000e+01,9.230580007756072902e-02
8.666750000000000000e+03,-1.300000000000000000e+01,1.209107542072453967e-01
8.666750000000000000e+03,-1.200000000000000000e+01,1.498396362892497891e-01
8.666750000000000000e+03,-1.100000000000000000e+01,1.790751511833394982e-01
8.666750000000000000e+03,-1.000000000000000000e+01,2.085981233031248827e-01
8.666750000000000000e+03,-9.000000000000000000e+00,2.383875481905639582e-01
8.666750000000000000e+03,-8.000000000000000000e+00,2.684206700102675924e-01
8.666750000000000000e+03,-7.000000000000000000e+00,2.986730846373371051e-01
8.666750000000000000e+03,-6.000000000000000000e+00,3.291188674133864733e-01
8.666750000000000000e+03,-5.000000000000000000e+00,3.597307240802652406e-01
8.666750000000000000e+03,-4.000000000000000000e+00,3.904801628842563543e-01
8.666750000000000000e+03,-3.000000000000000000e+00,4.213376853851573678e-01
8.666750000000000000e+03,-2.000000000000000000e+00,4.522729931113758650e-01
8.666750000000000000e+03,-1.000000000000000000e+00,4.832552068778190324e-01
8.666750000000000000e+03,0.000000000000000000e+00,5.142530953299964125e-01
8.666750000000000000e+03,1.000000000000000000e+00,5.452353090964392468e-01
8.666750000000000000e+03,2.000000000000000000e+00,5.761706168226576885e-01
8.666750000000000000e+03,3.000000000000000000e+00,6.070281393235591461e-01
8.666750000000000000e+03,4.000000000000000000e+00,6.377775781275506484e-01
8.666750000000000000e+03,5.000000000000000000e+00,6.683894347944283609e-01
8.666750000000000000e+03,6.000000000000000000e+00,6.988352175704766189e-01
8.666750000000000000e+03,7.000000000000000000e+00,7.290876321975471308e-01
8.666750000000000000e+03,8.000000000000000000e+00,7.591207540172508761e-01
8.666750000000000000e+03,9.000000000000000000e+00,7.889101789046890634e-01
8.666750000000000000e+03,1.000000000000000000e+01,8.184331510244760022e-01
8.666750000000000000e+03,1.100000000000000000e+01,8.476686659185637129e-01
8.666750000000000000e+03,1.200000000000000000e+01,8.765975480005683274e-01
8.666750000000000000e+03,1.300000000000000000e+01,9.052025021302552155e-01
8.666750000000000000e+03,1.400000000000000000e+01,9.334681395556714278e-01
8.666750000000000000e+03,1.500000000000000000e+01,9.613809791156824325e-01
8.666750000000000000e+03,1.600000000000000000e+01,9.889294251661309154e-01
8.666750000000000000e+03,1.700000000000000000e+01,1.016103724201730785e+00
8.666750000000000000e+03,1.800000000000000000e+01,1.042895902567929411e+00
8.666750000000000000e+03,1.900000000000000000e+01,1.069299687972664614e+00
8.666750000000000000e+03,2.000000000000000000e+01,1.095310417705104733e+00
8.666750000000000000e+03,2.100000000000000000e+01,1.120924936542269101e+00
8.666750000000000000e+03,2.200000000000000000e+01,1.146141487282404725e+00
8.666750000000000000e+03,2.300000000000000000e+01,1.170959596697511707e+00
8.666750000000000000e+03,2.400000000000000000e+01,1.195379959467553377e+00
8.666750000000000000e+03,2.500000000000000000e+01,1.219404322367278581e+00
8.666750000000000000e+03,2.600000000000000000e+01,1.243035370647614712e+00
8.666750000000000000e+03,2.700000000000000000e+01,1.266276618208683757e+00
8.666750000000000000e+03,2.800000000000000000e+01,1.289132302820171105e+00
8.666750000000000000e+03,2.900000000000000000e+01,1.311607287321582049e+00
8.666750000000000000e+03,3.000000000000000000e+01,1.333706967441164792e+00
8.833250000000000000e+03,-3.000000000000000000e+01,-3.140989851137536704e-01
8.833250000000000000e+03,-2.900000000000000000e+01,-2.916240006123480555e-01
8.833250000000000000e+03,-2.800000000000000000e+01,-2.687683160008678129e-01
8.833250000000000000e+03,-2.700000000000000000e+01,-2.455270684398040970e-01
8.833250000000000000e+03,-2.600000000000000000e+01,-2.218960201594697423e-01
8.833250000000000000e+03,-2.500000000000000000e+01,-1.978716572597374324e-01
8.833250000000000000e+03,-2.400000000000000000e+01,-1.734512944896806630e-01
8.833250000000000000e+03,-2.300000000000000000e+01,-1.486331850745870042e-01
8.833250000000000000e+03,-2.200000000000000000e+01,-1.234166343344487160e-01
8.833250000000000000e+03,-2.100000000000000000e+01,-9.780211549728612397e-02
8.833250000000000000e+03,-2.000000000000000000e+01,-7.179138576485044609e-02
8.833250000000000000e+03,-1.900000000000000000e+01,-4.538760036010636156e-02
8.833250000000000000e+03,-1.800000000000000000e+01,-1.859542199391839290e-02
8.833250000000000000e+03,-1.700000000000000000e+01,8.578877041690802230e-03
8.833250000000000000e+03,-1.600000000000000000e+01,3.612732309214017334e-02
8.833250000000000000e+03,-1.500000000000000000e+01,6.404016265214274028e-02
8.833250000000000000e+03,-1.400000000000000000e+01,9.230580007756072902e-02
8.833250000000000000e+03,-1.300000000000000000e+01,1.209107542072453967e-01
8.833250000000000000e+03,-1.200000000000000000e+01,1.498396362892497891e-01
8.833250000000000000e+03,-1.100000000000000000e+01,1.790751511833394982e-01
8.833250000000000000e+03,-1.000000000000000000e+01,2.085981233031248827e-01
8.833250000000000000e+03,-9.000000000000000000e+00,2.383875481905639582e-01
8.833250000000000000e+03,-8.000000000000000000e+00,2.684206700102675924e-01
8.833250000000000000e+03,-7.000000000000000000e+00,2.986730846373371051e-01
8.833250000000000000e+03,-6.000000000000000000e+00,3.291188674133864733e-01
8.833250000000000000e+03,-5.000000000000000000e+00,3.597307240802652406e-01
8.833250000000000000e+03,-4.000000000000000000e+00,3.904801628842563543e-01
8.833250000000000000e+03,-3.000000000000000000e+00,4.213376853851573678e-01
8.833250000000000000e+03,-2.000000000000000000e+00,4.522729931113758650e-01
8.833250000000000000e+03,-1.000000000000000000e+00,4.832552068778190324e-01
8.833250000000000000e+03,0.000000000000000000e+00,5.142530953299964125e-01
8.833250000000000000e+03,1.000000000000000000e+00,5.452353090964392468e-01
8.833250000000000000e+03,2.000000000000000000e+00,5.761706168226576885e-01
8.833250000000000000e+03,3.000000000000000000e+00,6.070281393235591461e-01
8.833250000000000000e+03,4.000000000000000000e+00,6.377775781275506484e-01
8.833250000000000000e+03,5.000000000000000000e+00,6.683894347944283609e-01
8.833250000000000000e+03,6.000000000000000000e+00,6.988352175704766189e-01
8.833250000000000000e+03,7.000000000000000000e+00,7.290876321975471308e-01
8.833250000000000000e+03,8.000000000000000000e+00,7.591207540172508761e-01
8.833250000000000000e+03,9.000000000000000000e+00,7.889101789046890634e-01
8.833250000000000000e+03,1.000000000000000000e+01,8.184331510244760022e-01
8.833250000000000000e+03,1.100000000000000000e+01,8.476686659185637129e-01
8.833250000000000000e+03,1.200000000000000000e+01,8.765975480005683274e-01
8.833250000000000000e+03,1.300000000000000000e+01,9.052025021302552155e-01
8.833250000000000000e+03,1.400000000000000000e+01,9.334681395556714278e-01
8.833250000000000000e+03,1.500000000000000000e+01,9.613809791156824325e-01
8.833250000000000000e+03,1.600000000000000000e+01,9.889294251661309154e-01
8.833250000000000000e+03,1.700000000000000000e+01,1.016103724201730785e+00
8.833250000000000000e+03,1.800000000000000000e+01,1.042895902567929411e+00
8.833250000000000000e+03,1.900000000000000000e+01,1.069299687972664614e+00
8.833250000000000000e+03,2.000000000000000000e+01,1.095310417705104733e+00
8.833250000000000000e+03,2.100000000000000000e+01,1.120924936542269101e+00
8.833250000000000000e+03,2.200000000000000000e+01,1.146141487282404725e+00
8.833250000000000000e+03,2.300000000000000000e+01,1.170959596697511707e+00
8.833250000000000000e+03,2.400000000000000000e+01,1.195379959467553377e+00
8.833250000000000000e+03,2.500000000000000000e+01,1.219404322367278581e+00
8.833250000000000000e+03,2.600000000000000000e+01,1.243035370647614712e+00
8.833250000000000000e+03,2.700000000000000000e+01,1.266276618208683757e+00
8.833250000000000000e+03,2.800000000000000000e+01,1.289132302820171105e+00
8.833250000000000000e+03,2.900000000000000000e+01,1.311607287321582049e+00
8.833250000000000000e+03,3.000000000000000000e+01,1.333706967441164792e+00
9.000000000000000000e+03,-3.000000000000000000e+01,-3.140989851137536704e-01
9.000000000000000000e+03,-2.900000000000000000e+01,-2.916240006123480555e-01
9.000000000000000000e+03,-2.800000000000000000e+01,-2.687683160008678129e-01
9.000000000000000000e+03,-2.700000000000000000e+01,-2.455270684398040970e-01
9.000000000000000000e+03,-2.600000000000000000e+01,-2.218960201594697423e-01
9.000000000000000000e+03,-2.500000000000000000e+01,-1.978716572597374324e-01
9.000000000000000000e+03,-2.400000000000000000e+01,-1.734512944896806630e-01
9.000000000000000000e+03,-2.300000000000000000e+01,-1.486331850745870042e-01
9.000000000000000000e+03,-2.200000000000000000e+01,-1.234166343344487160e-01
9.000000000000000000e+03,-2.100000000000000000e+01,-9.780211549728612397e-02
9.000000000000000000e+03,-2.000000000000000000e+01,-7.179138576485044609e-02
9.000000000000000000e+03,-1.900000000000000000e+01,-4.538760036010636156e-02
9.000000000000000000e+03,-1.800000000000000000e+01,-1.859542199391839290e-02
9.000000000000000000e+03,-1.700000000000000000e+01,8.578877041690802230e-03
9.000000000000000000e+03,-1.600000000000000000e+01,3.612732309214017334e-02
9.000000000000000000e+03,-1.500000000000000000e+01,6.404016265214274028e-02
9.000000000000000000e+03,-1.400000000000000000e+01,9.230580007756072902e-02
9.000000000000000000e+03,-1.300000000000000000e+01,1.209107542072453967e-01
9.000000000000000000e+03,-1.200000000000000000e+01,1.498396362892497891e-01
9.000000000000000000e+03,-1.100000000000000000e+01,1.790751511833394982e-01
9.000000000000000000e+03,-1.000000000000000000e+01,2.085981233031248827e-01
9.000000000000000000e+03,-9.000000000000000000e+00,2.383875481905639582e-01
9.000000000000000000e+03,-8.000000000000000000e+00,2.684206700102675924e-01
9.000000000000000000e+03,-7.000000000000000000e+00,2.986730846373371051e-01
9.000000000000000000e+03,-6.000000000000000000e+00,3.291188674133864733e-01
9.000000000000000000e+03,-5.000000000000000000e+00,3.597307240802652406e-01
9.000000000000000000e+03,-4.000000000000000000e+00,3.904801628842563543e-01
9.000000000000000000e+03,-3.000000000000000000e+00,4.213376853851573678e-01
9.000000000000000000e+03,-2.000000000000000000e+00,4.522729931113758650e-01
9.000000000000000000e+03,-1.000000000000000000e+00,4.832552068778190324e-01
9.000000000000000000e+03,0.000000000000000000e+00,5.142530953299964125e-01
9.000000000000000000e+03,1.000000000000000000e+00,5.452353090964392468e-01
9.000000000000000000e+03,2.000000000000000000e+00,5.761706168226576885e-01
9.000000000000000000e+03,3.000000000000000000e+00,6.070281393235591461e-01
9.000000000000000000e+03,4.000000000000000000e+00,6.377775781275506484e-01
9.000000000000000000e+03,5.000000000000000000e+00,6.683894347944283609e-01
9.000000000000000000e+03,6.000000000000000000e+00,6.988352175704766189e-01
9.000000000000000000e+03,7.000000000000000000e+00,7.290876321975471308e-01
9.000000000000000000e+03,8.000000000000000000e+00,7.591207540172508761e-01
9.000000000000000000e+03,9.000000000000000000e+00,7.889101789046890634e-01
9.000000000000000000e+03,1.000000000000000000e+01,8.184331510244760022e-01
9.000000000000000000e+03,1.100000000000000000e+01,8.476686659185637129e-01
9.000000000000000000e+03,1.200000000000000000e+01,8.765975480005683274e-01
9.000000000000000000e+03,1.300000000000000000e+01,9.052025021302552155e-01
9.000000000000000000e+03,1.400000000000000000e+01,9.334681395556714278e-01
9.000000000000000000e+03,1.500000000000000000e+01,9.613809791156824325e-01
9.000000000000000000e+03,1.600000000000000000e+01,9.889294251661309154e-01
9.000000000000000000e+03,1.700000000000000000e+01,1.016103724201730785e+00
9.000000000000000000e+03,1.800000000000000000e+01,1.042895902567929411e+00
9.000000000000000000e+03,1.900000000000000000e+01,1.069299687972664614e+00
9.000000000000000000e+03,2.000000000000000000e+01,1.095310417705104733e+00
9.000000000000000000e+03,2.100000000000000000e+01,1.120924936542269101e+00
9.000000000000000000e+03,2.200000000000000000e+01,1.146141487282404725e+00
9.000000000000000000e+03,2.300000000000000000e+01,1.170959596697511707e+00
9.000000000000000000e+03,2.400000000000000000e+01,1.195379959467553377e+00
9.000000000000000000e+03,2.500000000000000000e+01,1.219404322367278581e+00
9.000000000000000000e+03,2.600000000000000000e+01,1.243035370647614712e+00
9.000000000000000000e+03,2.700000000000000000e+01,1.266276618208683757e+00
9.000000000000000000e+03,2.800000000000000000e+01,1.289132302820171105e+00
9.000000000000000000e+03,2.900000000000000000e+01,1.311607287321582049e+00
9.000000000000000000e+03,3.000000000000000000e+01,1.333706967441164792e+00
9.166750000000000000e+03,-3.000000000000000000e+01,-3.140989851137536704e-01
9.166750000000000000e+03,-2.900000000000000000e+01,-2.916240006123480555e-01
9.166750000000000000e+03,-2.800000000000000000e+01,-2.687683160008678129e-01
9.166750000000000000e+03,-2.700000000000000000e+01,-2.455270684398040970e-01
9.166750000000000000e+03,-2.600000000000000000e+01,-2.218960201594697423e-01
9.166750000000000000e+03,-2.500000000000000000e+01,-1.978716572597374324e-01
9.166750000000000000e+03,-2.400000000000000000e+01,-1.734512944896806630e-01
9.166750000000000000e+03,-2.300000000000000000e+01,-1.486331850745870042e-01
9.166750000000000000e+03,-2.200000000000000000e+01,-1.234166343344487160e-01
9.166750000000000000e+03,-2.100000000000000000e+01,-9.780211549728612397e-02
9.166750000000000000e+03,-2.000000000000000000e+01,-7.179138576485044609e-02
9.166750000000000000e+03,-1.900000000000000000e+01,-4.538760036010636156e-02
9.166750000000000000e+03,-1.800000000000000000e+01,-1.859542199391839290e-02
9.166750000000000000e+03,-1.700000000000000000e+01,8.578877041690802230e-03
9.166750000000000000e+03,-1.600000000000000000e+01,3.612732309214017334e-02
9.166750000000000000e+03,-1.500000000000000000e+01,6.404016265214274028e-02
9.166750000000000000e+03,-1.400000000000000000e+01,9.230580007756072902e-02
9.166750000000000000e+03,-1.300000000000000000e+01,1.209107542072453967e-01
9.166750000000000000e+03,-1.200000000000000000e+01,1.498396362892497891e-01
9.166750000000000000e+03,-1.100000000000000000e+01,1.790751511833394982e-01
9.166750000000000000e+03,-1.000000000000000000e+01,2.085981233031248827e-01
9.166750000000000000e+03,-9.000000000000000000e+00,2.383875481905639582e-01
9.166750000000000000e+03,-8.000000000000000000e+00,2.684206700102675924e-01
9.166750000000000000e+03,-7.000000000000000000e+00,2.986730846373371051e-01
9.166750000000000000e+03,-6.000000000000000000e+00,3.291188674133864733e-01
9.166750000000000000e+03,-5.000000000000000000e+00,3.597307240802652406e-01
9.166750000000000000e+03,-4.000000000000000000e+00,3.904801628842563543e-01
9.166750000000000000e+03,-3.000000000000000000e+00,4.213376853851573678e-01
9.166750000000000000e+03,-2.000000000000000000e+00,4.522729931113758650e-01
9.166750000000000000e+03,-1.000000000000000000e+00,4.832552068778190324e-01
9.166750000000000000e+03,0.000000000000000000e+00,5.142530953299964125e-01
9.166750000000000000e+03,1.000000000000000000e+00,5.452353090964392468e-01
9.166750000000000000e+03,2.000000000000000000e+00,5.761706168226576885e-01
9.166750000000000000e+03,3.000000000000000000e+00,6.070281393235591461e-01
9.166750000000000000e+03,4.000000000000000000e+00,6.377775781275506484e-01
9.166750000000000000e+03,5.000000000000000000e+00,6.683894347944283609e-01
9.166750000000000000e+03,6.000000000000000000e+00,6.988352175704766189e-01
9.166750000000000000e+03,7.000000000000000000e+00,7.290876321975471308e-01
9.166750000000000000e+03,8.000000000000000000e+00,7.591207540172508761e-01
9.166750000000000000e+03,9.000000000000000000e+00,7.889101789046890634e-01
9.166750000000000000e+03,1.000000000000000000e+01,8.184331510244760022e-01
9.166750000000000000e+03,1.100000000000000000e+01,8.476686659185637129e-01
9.166750000000000000e+03,1.200000000000000000e+01,8.765975480005683274e-01
9.166750000000000000e+03,1.300000000000000000e+01,9.052025021302552155e-01
9.166750000000000000e+03,1.400000000000000000e+01,9.334681395556714278e-01
9.166750000000000000e+03,1.500000000000000000e+01,9.613809791156824325e-01
9.166750000000000000e+03,1.600000000000000000e+01,9.889294251661309154e-01
9.166750000000000000e+03,1.700000000000000000e+01,1.016103724201730785e+00
9.166750000000000000e+03,1.800000000000000000e+01,1.042895902567929411e+00
9.166750000000000000e+03,1.900000000000000000e+01,1.069299687972664614e+00
9.166750000000000000e+03,2.000000000000000000e+01,1.095310417705104733e+00
9.166750000000000000e+03,2.100000000000000000e+01,1.120924936542269101e+00
9.166750000000000000e+03,2.200000000000000000e+01,1.146141487282404725e+00
9.166750000000000000e+03,2.300000000000000000e+01,1.170959596697511707e+00
9.166750000000000000e+03,2.400000000000000000e+01,1.195379959467553377e+00
9.166750000000000000e+03,2.500000000000000000e+01,1.219404322367278581e+00
9.166750000000000000e+03,2.600000000000000000e+01,1.243035370647614712e+00
9.166750000000000000e+03,2.700000000000000000e+01,1.266276618208683757e+00
9.166750000000000000e+03,2.800000000000000000e+01,1.289132302820171105e+00
9.166750000000000000e+03,2.900000000000000000e+01,1.311607287321582049e+00
9.166750000000000000e+03,3.000000000000000000e+01,1.333706967441164792e+00
9.333250000000000000e+03,-3.000000000000000000e+01,-3.140989851137536704e-01
9.333250000000000000e+03,-2.900000000000000000e+01,-2.916240006123480555e-01
9.333250000000000000e+03,-2.800000000000000000e+01,-2.687683160008678129e-01
9.333250000000000000e+03,-2.700000000000000000e+01,-2.455270684398040970e-01
9.333250000000000000e+03,-2.600000000000000000e+01,-2.218960201594697423e-01
9.333250000000000000e+03,-2.500000000000000000e+01,-1.978716572597374324e-01
9.333250000000000000e+03,-2.400000000000000000e+01,-1.734512944896806630e-01
9.333250000000000000e+03,-2.300000000000000000e+01,-1.486331850745870042e-01
9.333250000000000000e+03,-2.200000000000000000e+01,-1.234166343344487160e-01
9.333250000000000000e+03,-2.100000000000000000e+01,-9.780211549728612397e-02
9.333250000000000000e+03,-2.000000000000000000e+01,-7.179138576485044609e-02
9.333250000000000000e+03,-1.900000000000000000e+01,-4.538760036010636156e-02
9.333250000000000000e+03,-1.800000000000000000e+01,-1.859542199391839290e-02
9.333250000000000000e+03,-1.700000000000000000e+01,8.578877041690802230e-03
9.333250000000000000e+03,-1.600000000000000000e+01,3.612732309214017334e-02
9.333250000000000000e+03,-1.500000000000000000e+01,6.404016265214274028e-02
9.333250000000000000e+03,-1.400000000000000000e+01,9.230580007756072902e-02
9.333250000000000000e+03,-1.300000000000000000e+01,1.209107542072453967e-01
9.333250000000000000e+03,-1.200000000000000000e+01,1.498396362892497891e-01
9.333250000000000000e+03,-1.100000000000000000e+01,1.790751511833394982e-01
9.333250000000000000e+03,-1.000000000000000000e+01,2.085981233031248827e-01
9.333250000000000000e+03,-9.000000000000000000e+00,2.383875481905639582e-01
9.333250000000000000e+03,-8.000000000000000000e+00,2.684206700102675924e-01
9.333250000000000000e+03,-7.000000000000000000e+00,2.986730846373371051e-01
9.333250000000000000e+03,-6.000000000000000000e+00,3.291188674133864733e-01
9.333250000000000000e+03,-5.000000000000000000e+00,3.597307240802652406e-01
9.333250000000000000e+03,-4.000000000000000000e+00,3.904801628842563543e-01
9.333250000000000000e+03,-3.000000000000000000e+00,4.213376853851573678e-01
9.333250000000000000e+03,-2.000000000000000000e+00,4.522729931113758650e-01
9.333250000000000000e+03,-1.000000000000000000e+00,4.832552068778190324e-01
9.333250000000000000e+03,0.000000000000000000e+00,5.142530953299964125e-01
9.333250000000000000e+03,1.000000000000000000e+00,5.452353090964392468e-01
9.333250000000000000e+03,2.000000000000000000e+00,5.761706168226576885e-01
9.333250000000000000e+03,3.000000000000000000e+00,6.070281393235591461e-01
9.333250000000000000e+03,4.000000000000000000e+00,6.377775781275506484e-01
9.333250000000000000e+03,5.000000000000000000e+00,6.683894347944283609e-01
9.333250000000000000e+03,6.000000000000000000e+00,6.988352175704766189e-01
9.333250000000000000e+03,7.000000000000000000e+00,7.290876321975471308e-01
9.333250000000000000e+03,8.000000000000000000e+00,7.591207540172508761e-01
9.333250000000000000e+03,9.000000000000000000e+00,7.889101789046890634e-01
9.333250000000000000e+03,1.000000000000000000e+01,8.184331510244760022e-01
9.333250000000000000e+03,1.100000000000000000e+01,8.476686659185637129e-01
9.333250000000000000e+03,1.200000000000000000e+01,8.765975480005683274e-01
9.333250000000000000e+03,1.300000000000000000e+01,9.052025021302552155e-01
9.333250000000000000e+03,1.400000000000000000e+01,9.334681395556714278e-01
9.333250000000000000e+03,1.500000000000000000e+01,9.613809791156824325e-01
9.333250000000000000e+03,1.600000000000000000e+01,9.889294251661309154e-01
9.333250000000000000e+03,1.700000000000000000e+01,1.016103724201730785e+00
9.333250000000000000e+03,1.800000000000000000e+01,1.042895902567929411e+00
9.333250000000000000e+03,1.900000000000000000e+01,1.069299687972664614e+00
9.333250000000000000e+03,2.000000000000000000e+01,1.095310417705104733e+00
9.333250000000000000e+03,2.100000000000000000e+01,1.120924936542269101e+00
9.333250000000000000e+03,2.200000000000000000e+01,1.146141487282404725e+00
9.333250000000000000e+03,2.300000000000000000e+01,1.170959596697511707e+00
9.333250000000000000e+03,2.400000000000000000e+01,1.195379959467553377e+00
9.333250000000000000e+03,2.500000000000000000e+01,1.219404322367278581e+00
9.333250000000000000e+03,2.600000000000000000e+01,1.243035370647614712e+00
9.333250000000000000e+03,2.700000000000000000e+01,1.266276618208683757e+00
9.333250000000000000e+03,2.800000000000000000e+01,1.289132302820171105e+00
9.333250000000000000e+03,2.900000000000000000e+01,1.311607287321582049e+00
9.333250000000000000e+03,3.000000000000000000e+01,1.333706967441164792e+00
9.500000000000000000e+03,-3.000000000000000000e+01,-3.140989851137536704e-01
9.500000000000000000e+03,-2.900000000000000000e+01,-2.916240006123480555e-01
9.500000000000000000e+03,-2.800000000000000000e+01,-2.687683160008678129e-01
9.500000000000000000e+03,-2.700000000000000000e+01,-2.455270684398040970e-01
9.500000000000000000e+03,-2.600000000000000000e+01,-2.218960201594697423e-01
9.500000000000000000e+03,-2.500000000000000000e+01,-1.978716572597374324e-01
9.500000000000000000e+03,-2.400000000000000000e+01,-1.734512944896806630e-01
9.500000000000000000e+03,-2.300000000000000000e+01,-1.486331850745870042e-01
9.500000000000000000e+03,-2.200000000000000000e+01,-1.234166343344487160e-01
9.500000000000000000e+03,-2.100000000000000000e+01,-9.780211549728612397e-02
9.500000000000000000e+03,-2.000000000000000000e+01,-7.179138576485044609e-02
9.500000000000000000e+03,-1.900000000000000000e+01,-4.538760036010636156e-02
9.500000000000000000e+03,-1.800000000000000000e+01,-1.859542199391839290e-02
9.500000000000000000e+03,-1.700000000000000000e+01,8.578877041690802230e-03
9.500000000000000000e+03,-1.600000000000000000e+01,3.612732309214017334e-02
9.500000000000000000e+03,-1.500000000000000000e+01,6.404016265214274028e-02
9.500000000000000000e+03,-1.400000000000000000e+01,9.230580007756072902e-02
9.500000000000000000e+03,-1.300000000000000000e+01,1.209107542072453967e-01
9.500000000000000000e+03,-1.200000000000000000e+01,1.498396362892497891e-01
9.500000000000000000e+03,-1.100000000000000000e+01,1.790751511833394982e-01
9.500000000000000000e+03,-1.000000000000000000e+01,2.085981233031248827e-01
9.500000000000000000e+03,-9.000000000000000000e+00,2.383875481905639582e-01
9.500000000000000000e+03,-8.000000000000000000e+00,2.684206700102675924e-01
9.500000000000000000e+03,-7.000000000000000000e+00,2.986730846373371051e-01
9.500000000000000000e+03,-6.000000000000000000e+00,3.291188674133864733e-01
9.500000000000000000e+03,-5.000000000000000000e+00,3.597307240802652406e-01
9.500000000000000000e+03,-4.000000000000000000e+00,3.904801628842563543e-01
9.500000000000000000e+03,-3.000000000000000000e+00,4.213376853851573678e-01
9.500000000000000000e+03,-2.000000000000000000e+00,4.522729931113758650e-01
9.500000000000000000e+03,-1.000000000000000000e+00,4.832552068778190324e-01
9.500000000000000000e+03,0.000000000000000000e+00,5.142530953299964125e-01
9.500000000000000000e+03,1.000000000000000000e+00,5.452353090964392468e-01
9.500000000000000000e+03,2.000000000000000000e+00,5.761706168226576885e-01
9.500000000000000000e+03,3.000000000000000000e+00,6.070281393235591461e-01
9.500000000000000000e+03,4.000000000000000000e+00,6.377775781275506484e-01
9.500000000000000000e+03,5.000000000000000000e+00,6.683894347944283609e-01
9.500000000000000000e+03,6.000000000000000000e+00,6.988352175704766189e-01
9.500000000000000000e+03,7.000000000000000000e+00,7.290876321975471308e-01
9.500000000000000000e+03,8.000000000000000000e+00,7.591207540172508761e-01
9.500000000000000000e+03,9.000000000000000000e+00,7.889101789046890634e-01
9.500000000000000000e+03,1.000000000000000000e+01,8.184331510244760022e-01
9.500000000000000000e+03,1.100000000000000000e+01,8.476686659185637129e-01
9.500000000000000000e+03,1.200000000000000000e+01,8.765975480005683274e-01
9.500000000000000000e+03,1.300000000000000000e+01,9.052025021302552155e-01
9.500000000000000000e+03,1.400000000000000000e+01,9.334681395556714278e-01
9.500000000000000000e+03,1.500000000000000000e+01,9.613809791156824325e-01
9.500000000000000000e+03,1.600000000000000000e+01,9.889294251661309154e-01
9.500000000000000000e+03,1.700000000000000000e+01,1.016103724201730785e+00
9.500000000000000000e+03,1.800000000000000000e+01,1.042895902567929411e+00
9.500000000000000000e+03,1.900000000000000000e+01,1.069299687972664614e+00
9.500000000000000000e+03,2.000000000000000000e+01,1.095310417705104733e+00
9.500000000000000000e+03,2.100000000000000000e+01,1.120924936542269101e+00
9.500000000000000000e+03,2.200000000000000000e+01,1.146141487282404725e+00
9.500000000000000000e+03,2.300000000000000000e+01,1.170959596697511707e+00
9.500000000000000000e+03,2.400000000000000000e+01,1.195379959467553377e+00
9.500000000000000000e+03,2.500000000000000000e+01,1.219404322367278581e+00
9.500000000000000000e+03,2.600000000000000000e+01,1.243035370647614712e+00
9.500000000000000000e+03,2.700000000000000000e+01,1.266276618208683757e+00
9.500000000000000000e+03,2.800000000000000000e+01,1.289132302820171105e+00
9.500000000000000000e+03,2.900000000000000000e+01,1.311607287321582049e+00
9.500000000000000000e+03,3.000000000000000000e+01,1.333706967441164792e+00
9.666750000000000000e+03,-3.000000000000000000e+01,-3.140989851137536704e-01
9.666750000000000000e+03,-2.900000000000000000e+01,-2.916240006123480555e-01
9.666750000000000000e+03,-2.800000000000000000e+01,-2.687683160008678129e-01
9.666750000000000000e+03,-2.700000000000000000e+01,-2.455270684398040970e-01
9.666750000000000000e+03,-2.600000000000000000e+01,-2.218960201594697423e-01
9.666750000000000000e+03,-2.500000000000000000e+01,-1.978716572597374324e-01
9.666750000000000000e+03,-2.400000000000000000e+01,-1.734512944896806630e-01
9.666750000000000000e+03,-2.300000000000000000e+01,-1.486331850745870042e-01
9.666750000000000000e+03,-2.200000000000000000e+01,-1.234166343344487160e-01
9.666750000000000000e+03,-2.100000000000000000e+01,-9.780211549728612397e-02
9.666750000000000000e+03,-2.000000000000000000e+01,-7.179138576485044609e-02
9.666750000000000000e+03,-1.900000000000000000e+01,-4.538760036010636156e-02
9.666750000000000000e+03,-1.800000000000000000e+01,-1.859542199391839290e-02
9.666750000000000000e+03,-1.700000000000000000e+01,8.578877041690802230e-03
9.666750000000000000e+03,-1.600000000000000000e+01,3.612732309214017334e-02
9.666750000000000000e+03,-1.500000000000000000e+01,6.404016265214274028e-02
9.666750000000000000e+03,-1.400000000000000000e+01,9.230580007756072902e-02
9.666750000000000000e+03,-1.300000000000000000e+01,1.209107542072453967e-01
9.666750000000000000e+03,-1.200000000000000000e+01,1.498396362892497891e-01
9.666750000000000000e+03,-1.100000000000000000e+01,1.790751511833394982e-01
9.666750000000000000e+03,-1.000000000000000000e+01,2.085981233031248827e-01
9.666750000000000000e+03,-9.000000000000000000e+00,2.383875481905639582e-01
9.666750000000000000e+03,-8.000000000000000000e+00,2.684206700102675924e-01
9.666750000000000000e+03,-7.000000000000000000e+00,2.986730846373371051e-01
9.666750000000000000e+03,-6.000000000000000000e+00,3.291188674133864733e-01
9.666750000000000000e+03,-5.000000000000000000e+00,3.597307240802652406e-01
9.666750000000000000e+03,-4.000000000000000000e+00,3.904801628842563543e-01
9.666750000000000000e+03,-3.000000000000000000e+00,4.213376853851573678e-01
9.666750000000000000e+03,-2.000000000000000000e+00,4.522729931113758650e-01
9.666750000000000000e+03,-1.000000000000000000e+00,4.832552068778190324e-01
9.666750000000000000e+03,0.000000000000000000e+00,5.142530953299964125e-01
9.666750000000000000e+03,1.000000000000000000e+00,5.452353090964392468e-01
9.666750000000000000e+03,2.000000000000000000e+00,5.761706168226576885e-01
9.666750000000000000e+03,3.000000000000000000e+00,6.070281393235591461e-01
9.666750000000000000e+03,4.000000000000000000e+00,6.377775781275506484e-01
9.666750000000000000e+03,5.000000000000000000e+00,6.683894347944283609e-01
9.666750000000000000e+03,6.000000000000000000e+00,6.988352175704766189e-01
9.666750000000000000e+03,7.000000000000000000e+00,7.290876321975471308e-01
9.666750000000000000e+03,8.000000000000000000e+00,7.591207540172508761e-01
9.666750000000000000e+03,9.000000000000000000e+00,7.889101789046890634e-01
9.666750000000000000e+03,1.000000000000000000e+01,8.184331510244760022e-01
9.666750000000000000e+03,1.100000000000000000e+01,8.476686659185637129e-01
9.666750000000000000e+03,1.200000000000000000e+01,8.765975480005683274e-01
9.666750000000000000e+03,1.300000000000000000e+01,9.052025021302552155e-01
9.666750000000000000e+03,1.400000000000000000e+01,9.334681395556714278e-01
9.666750000000000000e+03,1.500000000000000000e+01,9.613809791156824325e-01
9.666750000000000000e+03,1.600000000000000000e+01,9.889294251661309154e-01
9.666750000000000000e+03,1.700000000000000000e+01,1.016103724201730785e+00
9.666750000000000000e+03,1.800000000000000000e+01,1.042895902567929411e+00
9.666750000000000000e+03,1.900000000000000000e+01,1.069299687972664614e+00
9.666750000000000000e+03,2.000000000000000000e+01,1.095310417705104733e+00
9.666750000000000000e+03,2.100000000000000000e+01,1.120924936542269101e+00
9.666750000000000000e+03,2.200000000000000000e+01,1.146141487282404725e+00
9.666750000000000000e+03,2.300000000000000000e+01,1.170959596697511707e+00
9.666750000000000000e+03,2.400000000000000000e+01,1.195379959467553377e+00
9.666750000000000000e+03,2.500000000000000000e+01,1.219404322367278581e+00
9.666750000000000000e+03,2.600000000000000000e+01,1.243035370647614712e+00
9.666750000000000000e+03,2.700000000000000000e+01,1.266276618208683757e+00
9.666750000000000000e+03,2.800000000000000000e+01,1.289132302820171105e+00
9.666750000000000000e+03,2.900000000000000000e+01,1.311607287321582049e+00
9.666750000000000000e+03,3.000000000000000000e+01,1.333706967441164792e+00
9.833250000000000000e+03,-3.000000000000000000e+01,-3.140989851137536704e-01
9.833250000000000000e+03,-2.900000000000000000e+01,-2.916240006123480555e-01
9.833250000000000000e+03,-2.800000000000000000e+01,-2.687683160008678129e-01
9.833250000000000000e+03,-2.700000000000000000e+01,-2.455270684398040970e-01
9.833250000000000000e+03,-2.600000000000000000e+01,-2.218960201594697423e-01
9.833250000000000000e+03,-2.500000000000000000e+01,-1.978716572597374324e-01
9.833250000000000000e+03,-2.400000000000000000e+01,-1.734512944896806630e-01
9.833250000000000000e+03,-2.300000000000000000e+01,-1.486331850745870042e-01
9.833250000000000000e+03,-2.200000000000000000e+01,-1.234166343344487160e-01
9.833250000000000000e+03,-2.100000000000000000e+01,-9.780211549728612397e-02
9.833250000000000000e+03,-2.000000000000000000e+01,-7.179138576485044609e-02
9.833250000000000000e+03,-1.900000000000000000e+01,-4.538760036010636156e-02
9.833250000000000000e+03,-1.800000000000000000e+01,-1.859542199391839290e-02
9.833250000000000000e+03,-1.700000000000000000e+01,8.578877041690802230e-03
9.833250000000000000e+03,-1.600000000000000000e+01,3.612732309214017334e-02
9.833250000000000000e+03,-1.500000000000000000e+01,6.404016265214274028e-02
9.833250000000000000e+03,-1.400000000000000000e+01,9.230580007756072902e-02
9.833250000000000000e+03,-1.300000000000000000e+01,1.209107542072453967e-01
9.833250000000000000e+03,-1.200000000000000000e+01,1.498396362892497891e-01
9.833250000000000000e+03,-1.100000000000000000e+01,1.790751511833394982e-01
9.833250000000000000e+03,-1.000000000000000000e+01,2.085981233031248827e-01
9.833250000000000000e+03,-9.000000000000000000e+00,2.383875481905639582e-01
9.833250000000000000e+03,-8.000000000000000000e+00,2.684206700102675924e-01
9.833250000000000000e+03,-7.000000000000000000e+00,2.986730846373371051e-01
9.833250000000000000e+03,-6.000000000000000000e+00,3.291188674133864733e-01
9.833250000000000000e+03,-5.000000000000000000e+00,3.597307240802652406e-01
9.833250000000000000e+03,-4.000000000000000000e+00,3.904801628842563543e-01
9.833250000000000000e+03,-3.000000000000000000e+00,4.213376853851573678e-01
9.833250000000000000e+03,-2.000000000000000000e+00,4.522729931113758650e-01
9.833250000000000000e+03,-1.000000000000000000e+00,4.832552068778190324e-01
9.833250000000000000e+03,0.000000000000000000e+00,5.142530953299964125e-01
9.833250000000000000e+03,1.000000000000000000e+00,5.452353090964392468e-01
9.833250000000000000e+03,2.000000000000000000e+00,5.761706168226576885e-01
9.833250000000000000e+03,3.000000000000000000e+00,6.070281393235591461e-01
9.833250000000000000e+03,4.000000000000000000e+00,6.377775781275506484e-01
9.833250000000000000e+03,5.000000000000000000e+00,6.683894347944283609e-01
9.833250000000000000e+03,6.000000000000000000e+00,6.988352175704766189e-01
9.833250000000000000e+03,7.000000000000000000e+00,7.290876321975471308e-01
9.833250000000000000e+03,8.000000000000000000e+00,7.591207540172508761e-01
9.833250000000000000e+03,9.000000000000000000e+00,7.889101789046890634e-01
9.833250000000000000e+03,1.000000000000000000e+01,8.184331510244760022e-01
9.833250000000000000e+03,1.100000000000000000e+01,8.476686659185637129e-01
9.833250000000000000e+03,1.200000000000000000e+01,8.765975480005683274e-01
9.833250000000000000e+03,1.300000000000000000e+01,9.052025021302552155e-01
9.833250000000000000e+03,1.400000000000000000e+01,9.334681395556714278e-01
9.833250000000000000e+03,1.500000000000000000e+01,9.613809791156824325e-01
9.833250000000000000e+03,1.600000000000000000e+01,9.889294251661309154e-01
9.833250000000000000e+03,1.700000000000000000e+01,1.016103724201730785e+00
9.833250000000000000e+03,1.800000000000000000e+01,1.042895902567929411e+00
9.833250000000000000e+03,1.900000000000000000e+01,1.069299687972664614e+00
9.833250000000000000e+03,2.000000000000000000e+01,1.095310417705104733e+00
9.833250000000000000e+03,2.100000000000000000e+01,1.120924936542269101e+00
9.833250000000000000e+03,2.200000000000000000e+01,1.146141487282404725e+00
9.833250000000000000e+03,2.300000000000000000e+01,1.170959596697511707e+00
9.833250000000000000e+03,2.400000000000000000e+01,1.195379959467553377e+00
9.833250000000000000e+03,2.500000000000000000e+01,1.219404322367278581e+00
9.833250000000000000e+03,2.600000000000000000e+01,1.243035370647614712e+00
9.833250000000000000e+03,2.700000000000000000e+01,1.266276618208683757e+00
9.833250000000000000e+03,2.800000000000000000e+01,1.289132302820171105e+00
9.833250000000000000e+03,2.900000000000000000e+01,1.311607287321582049e+00
9.833250000000000000e+03,3.000000000000000000e+01,1.333706967441164792e+00
1.000000000000000000e+04,-3.000000000000000000e+01,-3.140989851137536704e-01
1.000000000000000000e+04,-2.900000000000000000e+01,-2.916240006123480555e-01
1.000000000000000000e+04,-2.800000000000000000e+01,-2.687683160008678129e-01
1.000000000000000000e+04,-2.700000000000000000e+01,-2.455270684398040970e-01
1.000000000000000000e+04,-2.600000000000000000e+01,-2.218960201594697423e-01
1.000000000000000000e+04,-2.500000000000000000e+01,-1.978716572597374324e-01
1.000000000000000000e+04,-2.400000000000000000e+01,-1.734512944896806630e-01
1.000000000000000000e+04,-2.300000000000000000e+01,-1.486331850745870042e-01
1.000000000000000000e+04,-2.200000000000000000e+01,-1.234166343344487160e-01
1.000000000000000000e+04,-2.100000000000000000e+01,-9.780211549728612397e-02
1.000000000000000000e+04,-2.000000000000000000e+01,-7.179138576485044609e-02
1.000000000000000000e+04,-1.900000000000000000e+01,-4.538760036010636156e-02
1.000000000000000000e+04,-1.800000000000000000e+01,-1.859542199391839290e-02
1.000000000000000000e+04,-1.700000000000000000e+01,8.578877041690802230e-03
1.000000000000000000e+04,-1.600000000000000000e+01,3.612732309214017334e-02
1.000000000000000000e+04,-1.500000000000000000e+01,6.404016265214274028e-02
1.000000000000000000e+04,-1.400000000000000000e+01,9.230580007756072902e-02
1.000000000000000000e+04,-1.300000000000000000e+01,1.209107542072453967e-01
1.000000000000000000e+04,-1.200000000000000000e+01,1.498396362892497891e-01
1.000000000000000000e+04,-1.100000000000000000e+01,1.790751511833394982e-01
1.000000000000000000e+04,-1.000000000000000000e+01,2.085981233031248827e-01
1.000000000000000000e+04,-9.000000000000000000e+00,2.383875481905639582e-01
1.000000000000000000e+04,-8.000000000000000000e+00,2.684206700102675924e-01
1.000000000000000000e+04,-7.000000000000000000e+00,2.986730846373371051e-01
1.000000000000000000e+04,-6.000000000000000000e+00,3.291188674133864733e-01
1.000000000000000000e+04,-5.000000000000000000e+00,3.597307240802652406e-01
1.000000000000000000e+04,-4.000000000000000000e+00,3.904801628842563543e-01
1.000000000000000000e+04,-3.000000000000000000e+00,4.213376853851573678e-01
1.000000000000000000e+04,-2.000000000000000000e+00,4.522729931113758650e-01
1.000000000000000000e+04,-1.000000000000000000e+00,4.832552068778190324e-01
1.000000000000000000e+04,0.000000000000000000e+00,5.142530953299964125e-01
1.000000000000000000e+04,1.000000000000000000e+00,5.452353090964392468e-01
1.000000000000000000e+04,2.000000000000000000e+00,5.761706168226576885e-01
1.000000000000000000e+04,3.000000000000000000e+00,6.070281393235591461e-01
1.000000000000000000e+04,4.000000000000000000e+00,6.377775781275506484e-01
1.000000000000000000e+04,5.000000000000000000e+00,6.683894347944283609e-01
1.000000000000000000e+04,6.000000000000000000e+00,6.988352175704766189e-01
1.000000000000000000e+04,7.000000000000000000e+00,7.290876321975471308e-01
1.000000000000000000e+04,8.000000000000000000e+00,7.591207540172508761e-01
1.000000000000000000e+04,9.000000000000000000e+00,7.889101789046890634e-01
1.000000000000000000e+04,1.000000000000000000e+01,8.184331510244760022e-01
1.000000000000000000e+04,1.100000000000000000e+01,8.476686659185637129e-01
1.000000000000000000e+04,1.200000000000000000e+01,8.765975480005683274e-01
1.000000000000000000e+04,1.300000000000000000e+01,9.052025021302552155e-01
1.000000000000000000e+04,1.400000000000000000e+01,9.334681395556714278e-01
1.000000000000000000e+04,1.500000000000000000e+01,9.613809791156824325e-01
1.000000000000000000e+04,1.600000000000000000e+01,9.889294251661309154e-01
1.000000000000000000e+04,1.700000000000000000e+01,1.016103724201730785e+00
1.000000000000000000e+04,1.800000000000000000e+01,1.042895902567929411e+00
1.000000000000000000e+04,1.900000000000000000e+01,1.069299687972664614e+00
1.000000000000000000e+04,2.000000000000000000e+01,1.095310417705104733e+00
1.000000000000000000e+04,2.100000000000000000e+01,1.120924936542269101e+00
1.000000000000000000e+04,2.200000000000000000e+01,1.146141487282404725e+00
1.000000000000000000e+04,2.300000000000000000e+01,1.170959596697511707e+00
1.000000000000000000e+04,2.400000000000000000e+01,1.195379959467553377e+00
1.000000000000000000e+04,2.500000000000000000e+01,1.219404322367278581e+00
1.000000000000000000e+04,2.600000000000000000e+01,1.243035370647614712e+00
1.000000000000000000e+04,2.700000000000000000e+01,1.266276618208683757e+00
1.000000000000000000e+04,2.800000000000000000e+01,1.289132302820171105e+00
1.000000000000000000e+04,2.900000000000000000e+01,1.311607287321582049e+00
1.000000000000000000e+04,3.000000000000000000e+01,1.333706967441164792e+00
