time,Signal-blind Gaussian GLFT,I-aware RHJB,cubic-skew refined ansatz,I-aware galerkin ansatz
0.05,0.01565905138,0.01595034935,0.0154477618,0.01584293278
1.05,0.3490459148,0.3440046924,0.3424068326,0.3404149308
2.05,0.6745327515,0.6611574949,0.6687318019,0.661789731
3.05,1.000036545,0.9821344838,0.9847949908,0.9789100599
4.05,1.331054945,1.299344698,1.306487437,1.298145456
5.05,1.653895484,1.606918117,1.613171348,1.606675363
6.05,1.986696354,1.914107812,1.925948753,1.910193542
7.05,2.323418047,2.21360231,2.223653189,2.216338282
8.05,2.65568796,2.513385909,2.526815577,2.51399609
9.05,2.984700407,2.817041048,2.825198019,2.807600763
10.05,3.318186762,3.109239339,3.12303177,3.095480209
11.05,3.644894515,3.405862724,3.42177275,3.392279879
12.05,3.970202756,3.693628187,3.712551465,3.679931001
13.05,4.289490646,3.987738358,3.990501396,3.963090098
14.05,4.613816674,4.274934336,4.277808064,4.248732866
15.05,4.939000494,4.556927262,4.568661799,4.541581632
16.05,5.282693242,4.85109148,4.860419532,4.842412643
17.05,5.599985532,5.133135716,5.140624866,5.116109447
18.05,5.936707793,5.41401571,5.430295334,5.39757305
19.05,6.259369878,5.683456482,5.700237144,5.680440011
20.05,6.580327637,5.961800984,5.976267994,5.950948688
21.05,6.923590607,6.240164017,6.263142064,6.229947854
22.05,7.24510986,6.512207851,6.532533606,6.50006804
23.05,7.564589529,6.775096328,6.803046649,6.772538214
24.05,7.881105284,7.039592951,7.066872163,7.038357201
25.05,8.183185737,7.301356347,7.319968375,7.298891811
26.05,8.504451377,7.575445707,7.583304775,7.57509069
27.05,8.815599126,7.829331615,7.83756066,7.822401359
28.05,9.120507252,8.079068268,8.097551031,8.071637933
29.05,9.439134134,8.339494413,8.357708992,8.326145056
30.05,9.742322689,8.606272199,8.612188788,8.578264073
31.05,10.06129559,8.862538564,8.874995777,8.844722259
32.05,10.35283107,9.109261509,9.132822689,9.089625691
33.05,10.66304676,9.377010795,9.375842938,9.350885629
34.05,10.97200951,9.632289346,9.629879517,9.605329302
35.05,11.25697547,9.871173892,9.878917286,9.859318466
36.05,11.59856672,10.12376084,10.15092055,10.13014568
37.05,11.90368867,10.36424868,10.40132246,10.38480686
38.05,12.21093505,10.60478129,10.65207569,10.64227836
39.05,12.49942087,10.84403849,10.88361969,10.8891815
40.05,12.81899027,11.09174786,11.14247123,11.14395876
41.05,13.09627594,11.33125834,11.37021549,11.38865734
42.05,13.3907423,11.57618262,11.60420425,11.62222873
43.05,13.6853225,11.82041261,11.84413156,11.87017526
44.05,14.02327008,12.0723979,12.09253514,12.12440839
45.05,14.29776672,12.30744841,12.32611434,12.35337172
46.05,14.5920247,12.5580373,12.56923205,12.60169285
47.05,14.90790674,12.80413287,12.81274588,12.85602812
48.05,15.20450379,13.04663147,13.05563286,13.11184817
49.05,15.50193614,13.28927906,13.29666919,13.35065248
50.05,15.73883139,13.51612784,13.51899669,13.57460394
51.05,16.04652926,13.74906081,13.75385382,13.81879237
52.05,16.33511153,13.98957793,13.97803176,14.05776356
53.05,16.65666831,14.24612227,14.23603992,14.30941676
54.05,16.98037093,14.4922321,14.4913035,14.55848153
55.05,17.21976362,14.71005254,14.71181973,14.78704647
56.05,17.49909118,14.95061098,14.94363943,15.01810842
57.05,17.79738622,15.18802282,15.17145478,15.25012042
58.05,18.06511497,15.40858848,15.38717847,15.47492566
59.05,18.35669562,15.63996927,15.62781483,15.70760774
60.05,18.61152886,15.85605676,15.8510593,15.93665769
61.05,18.8916205,16.07909157,16.07423687,16.16165741
62.05,19.19335082,16.30278343,16.31579243,16.40259301
63.05,19.51089192,16.54727987,16.55578761,16.62736739
64.05,19.83143704,16.77722217,16.80084721,16.87515023
65.05,20.14330558,17.02405146,17.04300522,17.12055319
66.05,20.41947531,17.25409348,17.27736211,17.34327553
67.05,20.71767395,17.48930714,17.51551193,17.58209441
68.05,21.01515717,17.72268208,17.75133989,17.82655406
69.05,21.26841338,17.93642534,17.96307753,18.04973241
70.05,21.63261146,18.19010206,18.2099852,18.2981242
71.05,21.90149841,18.40967874,18.43636338,18.5194908
72.05,22.18185542,18.63257263,18.65055235,18.74545661
73.05,22.44392079,18.86479487,18.88861529,18.96944069
74.05,22.68241476,19.06592425,19.10593299,19.18053083
75.05,22.96198982,19.28784824,19.33151644,19.40785224
76.05,23.26596817,19.51381847,19.56518312,19.63692564
77.05,23.51561077,19.73233781,19.78642423,19.85728372
78.05,23.79536136,19.96503941,20.00728253,20.08443971
79.05,24.04202721,20.17148636,20.22750319,20.3025651
80.05,24.29986388,20.39358766,20.43848533,20.52088234
81.05,24.52889028,20.61539554,20.65895964,20.72362873
82.05,24.78685171,20.82967907,20.88267084,20.9312173
83.05,25.04721976,21.04838334,21.11117443,21.14819737
84.05,25.33917676,21.27094965,21.33712051,21.37712773
85.05,25.59904455,21.48707429,21.55360736,21.59464653
86.05,25.88408761,21.71002805,21.78132779,21.82269516
87.05,26.16944665,21.93075795,22.01278,22.05332394
88.05,26.45998541,22.15866422,22.24196006,22.28973435
89.05,26.74641025,22.38791498,22.46301515,22.51471145
90.05,26.98175931,22.60642572,22.67822138,22.71904957
91.05,27.22030273,22.82445603,22.88796021,22.92272809
92.05,27.47463405,23.04537933,23.09687841,23.13523866
93.05,27.72495519,23.26502619,23.30433741,23.35394801
94.05,27.99017303,23.48719743,23.52687581,23.57316206
95.05,28.24644217,23.71352125,23.73823776,23.79228428
96.05,28.43741699,23.91791784,23.92967183,23.99324158
97.05,28.67075831,24.12345592,24.13711422,24.19131292
98.05,28.92425973,24.35056665,24.36054369,24.40560792
99.05,29.23453513,24.57124832,24.57910793,24.6375535
100.05,29.48720745,24.79485513,24.80191698,24.85502181
101.05,29.73946175,25.0148232,25.01124433,25.06390765
102.05,30.0608788,25.2500126,25.24530984,25.30313411
103.05,30.35409479,25.47989473,25.47832927,25.52821793
104.05,30.6229509,25.7037919,25.70929514,25.75017308
105.05,30.86592014,25.90575292,25.92085457,25.96092329
106.05,31.18695972,26.13877927,26.16951831,26.20236009
107.05,31.43571695,26.3574941,26.39009237,26.41965435
108.05,31.69709089,26.58708254,26.59802325,26.64042942
109.05,31.92268573,26.79384487,26.80884169,26.83980566
110.05,32.16686858,27.01377051,27.0250727,27.04480337
111.05,32.48794869,27.23364424,27.25514308,27.28037869
112.05,32.71364152,27.43474401,27.46213645,27.49665283
113.05,32.93718507,27.65528686,27.67862274,27.70969962
114.05,33.27933167,27.9084141,27.9164096,27.94955093
115.05,33.53451134,28.11953855,28.1421292,28.17279001
116.05,33.77653827,28.32758809,28.35090676,28.38947409
117.05,34.05223692,28.54633875,28.5760592,28.60017042
118.05,34.36389378,28.77702426,28.82488269,28.83747727
119.05,34.57584747,28.97889281,29.02733525,29.03163037
120.05,34.82355581,29.20007118,29.24773659,29.24817869
121.05,35.08167628,29.41979638,29.46759821,29.45816646
122.05,35.30392524,29.64462255,29.67736428,29.65993215
123.05,35.55635084,29.85646311,29.88380236,29.86326021
124.05,35.7758247,30.06395429,30.08097014,30.06999026
125.05,36.01642466,30.26945626,30.29502242,30.28057571
126.05,36.20918573,30.45688118,30.49474247,30.46014086
127.05,36.46722201,30.66754243,30.69931737,30.68393736
128.05,36.78553573,30.90666305,30.92242678,30.91232573
129.05,37.04065962,31.11650958,31.14714934,31.12270081
130.05,37.31817664,31.33834612,31.37410633,31.3458236
131.05,37.45437771,31.50749515,31.54948932,31.52001643
132.05,37.64566169,31.70673468,31.74333959,31.72389729
133.05,37.89214721,31.91789599,31.96025326,31.93503868
134.05,38.13715349,32.1338655,32.16416077,32.14475198
135.05,38.3780677,32.33334168,32.36628008,32.35964346
136.05,38.64609937,32.56049141,32.58890913,32.57865686
137.05,38.85570042,32.76176282,32.78551707,32.77513219
138.05,39.15050507,32.99154842,33.01451254,33.00465512
139.05,39.40381332,33.20540561,33.22520888,33.21963893
140.05,39.65651956,33.42839992,33.43835923,33.43056137
141.05,39.92128146,33.65512855,33.66127585,33.66581649
142.05,40.13040758,33.85014305,33.86762706,33.86373376
143.05,40.33098178,34.04796579,34.04687621,34.06542479
144.05,40.61048977,34.27919661,34.28387587,34.28598101
145.05,40.8457967,34.49609697,34.49851524,34.49707959
146.05,41.09521015,34.7177852,34.71248033,34.69688931
147.05,41.32529592,34.92038589,34.92429791,34.91022745
148.05,41.5269956,35.10784086,35.115469,35.10971857
149.05,41.75790508,35.32845464,35.31857643,35.31237488
150.05,42.00845084,35.53006815,35.52499249,35.51495049
151.05,42.24756517,35.72840727,35.7356776,35.71049899
152.05,42.52551391,35.94728533,35.96311556,35.95196807
153.05,42.77136543,36.16056538,36.16100034,36.15576345
154.05,42.97932527,36.35075111,36.36638714,36.35440332
155.05,43.22779965,36.56774958,36.56962942,36.55803632
156.05,43.43880886,36.7614154,36.77514518,36.76089388
157.05,43.71835473,36.98031458,36.99920692,36.96919794
158.05,43.95579923,37.18540989,37.20713673,37.17543601
159.05,44.14852485,37.37114025,37.41396495,37.36309897
160.05,44.44824804,37.59559743,37.64984239,37.59530839
161.05,44.64669017,37.7850944,37.84939601,37.78365627
162.05,44.81906267,37.98134434,38.03044691,37.98882889
163.05,45.03239235,38.18450325,38.22702148,38.18512806
164.05,45.34633081,38.41107988,38.46239409,38.41510153
165.05,45.60605236,38.62327715,38.67799483,38.63683602
166.05,45.80844116,38.812175,38.87169288,38.83845583
167.05,46.0500944,39.02703188,39.08355075,39.04820454
168.05,46.33300441,39.25317065,39.30915771,39.28570841
169.05,46.62843215,39.4812348,39.54265849,39.51552911
170.05,46.92885503,39.70139524,39.76207298,39.74322119
171.05,47.20192524,39.93508362,39.99180103,39.96910772
172.05,47.38382103,40.12545849,40.18882614,40.15586666
173.05,47.6423254,40.34633047,40.4131802,40.37282761
174.05,47.90317414,40.56530464,40.63008781,40.5831464
175.05,48.1309872,40.76183071,40.85009028,40.78416594
176.05,48.37287516,40.97566032,41.06920294,40.99286636
177.05,48.57484292,41.16430527,41.27034288,41.18120796
178.05,48.78833009,41.36676911,41.47329801,41.37374423
179.05,48.99575414,41.56023506,41.67418941,41.57699436
180.05,49.22499824,41.76106171,41.87000878,41.77501342
181.05,49.45220618,41.96154836,42.07706088,41.98329562
182.05,49.66361002,42.15154207,42.27602145,42.17822137
183.05,49.92695806,42.36409903,42.49534924,42.3943321
184.05,50.13295764,42.55679204,42.68527224,42.59847338
185.05,50.33932814,42.76255474,42.87661153,42.80025637
186.05,50.48107967,42.93606406,43.05143881,42.96658255
187.05,50.67080864,43.11583122,43.24658744,43.16103352
188.05,50.92613118,43.33161674,43.46537233,43.37906019
189.05,51.21827034,43.55552818,43.69821228,43.60732626
190.05,51.38712165,43.744792,43.88783625,43.8019801
191.05,51.68485055,43.98489878,44.12176085,44.03960092
192.05,51.93520516,44.18880539,44.33246077,44.24663507
193.05,52.20566153,44.41941536,44.55900436,44.46552339
194.05,52.38432483,44.6226073,44.74348973,44.64599148
195.05,52.58735911,44.81851496,44.94769257,44.8300801
196.05,52.83050096,45.02979471,45.15809619,45.0373598
197.05,53.04166582,45.21975627,45.35556317,45.23158793
198.05,53.2829583,45.42997145,45.55670643,45.44503827
199.05,53.53840256,45.63526017,45.76897748,45.66665968
200.05,53.79854622,45.85551038,45.97966494,45.87948642
201.05,54.06020528,46.06401141,46.19321805,46.09007712
202.05,54.29033795,46.27287475,46.40446394,46.29668353
203.05,54.52420384,46.48492536,46.61781027,46.51037068
204.05,54.70420152,46.67087033,46.82056242,46.6920593
205.05,54.90531398,46.86028649,47.01953308,46.88450471
206.05,55.1730455,47.06496115,47.23873029,47.10110142
207.05,55.33553545,47.2473642,47.42870724,47.27686548
208.05,55.54615408,47.44229528,47.62684383,47.47832018
209.05,55.79070356,47.65454502,47.83288651,47.67834428
210.05,55.99883444,47.85340203,48.03300683,47.87374244
211.05,56.25780986,48.06160038,48.23545516,48.07358489
212.05,56.49434356,48.28321686,48.44786994,48.28966689
213.05,56.77487061,48.49597419,48.66842758,48.50616
214.05,57.05705349,48.72005351,48.90229938,48.72016594
215.05,57.24817023,48.92124545,49.10401758,48.92360271
216.05,57.45724606,49.1084217,49.31390179,49.12696369
217.05,57.72176525,49.32494062,49.53658292,49.33816678
218.05,57.91090812,49.51507476,49.72911247,49.52977827
219.05,58.2075147,49.73657014,49.9624179,49.74703236
220.05,58.51147292,49.97602066,50.19700586,49.98292594
221.05,58.72125022,50.17281668,50.39484245,50.17441367
222.05,58.98267335,50.38269076,50.61178903,50.39117055
223.05,59.22402794,50.59492968,50.81744031,50.59699961
224.05,59.49568593,50.8204023,51.03640013,50.82466662
225.05,59.72796704,51.03054702,51.233717,51.02482065
226.05,59.97793123,51.241848,51.45875439,51.2352056
227.05,60.22322969,51.439512,51.65890037,51.44160297
228.05,60.40696177,51.63023522,51.84113223,51.64517779
229.05,60.65436735,51.83919334,52.04976042,51.85480456
230.05,60.86873073,52.03278639,52.25142708,52.04283359
231.05,61.14280542,52.25092631,52.47784183,52.26656851
232.05,61.45481456,52.48522457,52.70944221,52.50418545
233.05,61.60761574,52.66207087,52.88210964,52.68427013
234.05,61.87965814,52.87083847,53.09945488,52.90445041
235.05,62.13628162,53.08575998,53.3129767,53.11540627
236.05,62.35640952,53.28989709,53.51729167,53.33045864
237.05,62.6081581,53.50456957,53.71930137,53.55104048
238.05,62.79983775,53.70294216,53.90843487,53.7445103
239.05,63.03406488,53.91257309,54.12307493,53.95110807
240.05,63.30355677,54.1336535,54.34043499,54.18065585
241.05,63.56181958,54.3545133,54.56561587,54.40177812
242.05,63.81824676,54.56526997,54.7741623,54.60637773
243.05,64.10445768,54.78800116,55.00858861,54.83214827
244.05,64.38946375,55.00500353,55.23217887,55.05446626
245.05,64.6297377,55.21591841,55.43918436,55.25589891
246.05,64.90765034,55.43227005,55.66796195,55.4810224
247.05,65.13146354,55.6375629,55.87006174,55.69113674
248.05,65.42792346,55.86891465,56.10431615,55.92896549
249.05,65.63934945,56.0640718,56.32538554,56.13067471
250.05,65.92718651,56.28170926,56.5433604,56.35930757
251.05,66.18420056,56.50098377,56.7510358,56.56786447
252.05,66.45830972,56.7240348,56.97501482,56.78029168
253.05,66.68971153,56.93827817,57.18379546,56.99349701
254.05,66.97761665,57.16181273,57.40846345,57.20292419
255.05,67.2757768,57.39329578,57.6430228,57.42610998
256.05,67.55018894,57.59932915,57.86361679,57.65399072
257.05,67.73545292,57.7925803,58.05040677,57.8406423
258.05,67.96631397,57.99507928,58.25662383,58.04423913
259.05,68.16974803,58.19475825,58.46284453,58.24369029
260.05,68.37543772,58.39823616,58.6627019,58.43381793
261.05,68.6111036,58.60375903,58.88251814,58.63511365
262.05,68.81110418,58.79521708,59.07796857,58.83451239
263.05,69.07277444,59.018444,59.29891853,59.05184975
264.05,69.30374785,59.22806277,59.50845695,59.25649247
265.05,69.50939822,59.43414388,59.69866499,59.45387474
266.05,69.77369269,59.65593788,59.91068001,59.66744864
267.05,70.0397922,59.86685086,60.13839455,59.88045728
268.05,70.34378165,60.09583366,60.38692944,60.1102204
269.05,70.58057217,60.29404647,60.59729631,60.32703392
270.05,70.79267192,60.49627646,60.791421,60.52364775
271.05,71.06037424,60.71155789,61.02955656,60.75363064
272.05,71.30734528,60.92316867,61.24245389,60.95715124
273.05,71.58368065,61.13634767,61.46355545,61.17834475
274.05,71.83365398,61.35199537,61.67297474,61.39020319
275.05,72.13347049,61.57198802,61.90189573,61.62674228
276.05,72.38069188,61.78126355,62.10106286,61.82083107
277.05,72.60514369,61.98736123,62.30755837,62.01469773
278.05,72.86680408,62.19253254,62.51136012,62.22383611
279.05,73.10202796,62.40428558,62.73716261,62.4341064
280.05,73.35110535,62.62457972,62.9451046,62.63618977
281.05,73.64252047,62.85144651,63.1720332,62.84696889
282.05,73.84231412,63.04641025,63.36925576,63.03779443
283.05,74.03742722,63.24251629,63.55289507,63.2316897
284.05,74.31124982,63.46122956,63.77133422,63.45331034
285.05,74.55573151,63.66872821,63.98138799,63.66368623
286.05,74.76499481,63.87291494,64.18872234,63.86380307
287.05,74.97412223,64.07358735,64.39705501,64.06330719
288.05,75.16244632,64.2614559,64.59306966,64.25662501
289.05,75.36045768,64.45848736,64.79407224,64.45445192
290.05,75.67904203,64.69317394,65.01680782,64.69749397
291.05,75.88521276,64.89319947,65.21125129,64.90570181
292.05,76.18381191,65.12693945,65.41984805,65.1349912
293.05,76.36867978,65.32231909,65.60878242,65.32292907
294.05,76.63550721,65.54186948,65.83090384,65.54943422
295.05,76.80397521,65.72054332,66.02258269,65.74275317
296.05,77.03801917,65.91651887,66.22519803,65.94445981
297.05,77.23163081,66.11076171,66.42417463,66.14427344
298.05,77.50152757,66.32706098,66.64560307,66.352951
299.05,77.76776952,66.54956919,66.86705111,66.5578214
300.05,78.11938801,66.78327665,67.11476208,66.81740218
301.05,78.4497752,67.01327572,67.33150897,67.0432045
302.05,78.70534821,67.22545746,67.5431841,67.25952164
303.05,78.92346987,67.41581482,67.74657545,67.46551513
304.05,79.11368795,67.61473306,67.94001677,67.66059076
305.05,79.27161897,67.80361773,68.1375958,67.83806992
306.05,79.52451659,68.01739747,68.3568563,68.05771496
307.05,79.78477575,68.22763197,68.57413942,68.26772639
308.05,79.99149254,68.42851836,68.77216273,68.4609041
309.05,80.18629729,68.62972828,68.96053474,68.6520774
310.05,80.41782808,68.83027438,69.15732578,68.86053664
311.05,80.67752726,69.04203386,69.37702461,69.08055789
312.05,80.9007274,69.24427298,69.5943111,69.28559123
313.05,81.15739444,69.45374964,69.81039659,69.50679598
314.05,81.41799299,69.67261839,70.03070961,69.72419671
315.05,81.72498946,69.89607973,70.25156254,69.94936249
316.05,81.9246446,70.09380991,70.44155647,70.14402006
317.05,82.14685505,70.29136014,70.65723693,70.34181673
318.05,82.43064273,70.51413084,70.88820921,70.56178793
319.05,82.67560421,70.71239706,71.10080491,70.76886402
320.05,82.90596717,70.91948591,71.30349993,70.97101131
321.05,83.24098776,71.152198,71.54704157,71.21545727
322.05,83.52858869,71.38250978,71.7773697,71.44418462
323.05,83.80270486,71.59349397,71.99334438,71.66096184
324.05,84.04699463,71.8088014,72.19301531,71.87339448
325.05,84.2959521,72.02946144,72.40704211,72.08546437
326.05,84.55043632,72.24643123,72.62147218,72.29469
327.05,84.73888068,72.44038187,72.80954296,72.48991961
328.05,85.01107666,72.66512532,73.0228797,72.70976116
329.05,85.21085377,72.86207801,73.21938812,72.90828152
330.05,85.40263923,73.05613128,73.41298048,73.11544943
331.05,85.65019005,73.27740638,73.6279836,73.32794289
332.05,85.91571613,73.49901227,73.85299659,73.54730305
333.05,86.13348549,73.69758143,74.05651897,73.7571744
334.05,86.34846598,73.90067949,74.26502801,73.95481463
335.05,86.58443636,74.1105877,74.47735127,74.1655846
336.05,86.84744869,74.33029608,74.69967621,74.38301727
337.05,87.07595512,74.52378023,74.90682554,74.58424073
338.05,87.25029089,74.71010448,75.09794366,74.77407256
339.05,87.43046719,74.90839667,75.2906124,74.96150407
340.05,87.63581926,75.11575987,75.48811002,75.16320904
341.05,87.90141993,75.34593561,75.69266838,75.3695425
342.05,88.12862418,75.55439859,75.90768332,75.5699277
343.05,88.25815331,75.72183608,76.07843235,75.75211632
344.05,88.4916858,75.91946179,76.28384913,75.95781181
345.05,88.79115353,76.14240397,76.50797047,76.18041166
346.05,89.072635,76.36640046,76.73310976,76.39681618
347.05,89.29322837,76.56885527,76.94103775,76.60295748
348.05,89.46409766,76.76439036,77.12937662,76.79480062
349.05,89.73298486,76.99513588,77.35386464,77.01646016
350.05,89.94537033,77.18868936,77.54560995,77.20472272
351.05,90.18128956,77.39312279,77.75531683,77.41437611
352.05,90.40465977,77.59398872,77.95744338,77.61221034
353.05,90.69638494,77.81321317,78.19243582,77.8437191
354.05,90.89890276,78.01474023,78.39338359,78.03877612
355.05,91.1427345,78.2273451,78.62006461,78.24543677
356.05,91.33635339,78.43964145,78.7971967,78.44376366
357.05,91.60827571,78.66050729,79.01665288,78.65842403
358.05,91.85182653,78.87789592,79.23253048,78.86566813
359.05,92.08315363,79.0868367,79.44422415,79.08210656
360.05,92.40464086,79.31702849,79.68320223,79.31625644
361.05,92.68863456,79.53943079,79.89747076,79.54425561
362.05,92.93695298,79.74987869,80.12089795,79.7488417
363.05,93.21482681,79.96596748,80.33209645,79.96237606
364.05,93.47971033,80.18757989,80.54732297,80.17873517
365.05,93.70055221,80.39572443,80.75862856,80.38163383
366.05,93.99975311,80.61893149,80.9934345,80.60213025
367.05,94.30136174,80.83531736,81.22243101,80.8332776
368.05,94.51260867,81.02647249,81.41232644,81.03217067
369.05,94.77660228,81.23408412,81.6384735,81.24890195
370.05,94.9123837,81.42394819,81.81691985,81.43616467
371.05,95.16481118,81.63076375,82.02310739,81.64366044
372.05,95.36749411,81.8159131,82.2091763,81.84516623
373.05,95.57105025,82.00872618,82.41337177,82.05207864
374.05,95.74409819,82.18671393,82.60145479,82.23474403
375.05,95.97774924,82.39750931,82.82235383,82.44772516
376.05,96.22536316,82.61390002,83.02928582,82.65424387
377.05,96.52060152,82.83623438,83.2493721,82.8789956
378.05,96.76329066,83.04775047,83.44464069,83.0892102
379.05,97.01527866,83.25795779,83.65607464,83.2964968
380.05,97.26838161,83.47446822,83.86931659,83.49774108
381.05,97.52976247,83.69248032,84.07882778,83.71643487
382.05,97.80081232,83.9094969,84.29792943,83.93144521
383.05,97.99427857,84.11728846,84.49298481,84.12311736
384.05,98.30789959,84.33468088,84.72168247,84.33958764
385.05,98.60025547,84.56394616,84.9634807,84.58394581
386.05,98.82515203,84.77108496,85.16856299,84.7845703
387.05,99.04872422,84.97565669,85.3729609,84.99347863
388.05,99.34135135,85.20945111,85.59260665,85.22086995
389.05,99.60414199,85.42856331,85.80157713,85.44370219
390.05,99.8637168,85.63905881,86.01827248,85.65271663
391.05,100.0602837,85.8304145,86.202233,85.83994736
392.05,100.2955659,86.03378072,86.41375479,86.05229005
393.05,100.5898381,86.2644767,86.64484493,86.28054141
394.05,100.7830234,86.45375025,86.83287125,86.48909851
395.05,101.034968,86.66579771,87.05337068,86.70609381
396.05,101.1808205,86.83843335,87.22392613,86.87467083
397.05,101.4050351,87.05276013,87.43879489,87.0852535
398.05,101.7591953,87.29763425,87.68432813,87.3266148
399.05,101.9415739,87.49542884,87.87157252,87.51453259
400.05,102.0856449,87.66518273,88.04421282,87.68103094
401.05,102.3440118,87.88896104,88.25630606,87.8902584
402.05,102.6186243,88.10768749,88.48139734,88.12177915
403.05,102.8185631,88.30509022,88.67048352,88.30716054
404.05,103.10275,88.53166127,88.89586498,88.53270843
405.05,103.3348569,88.7417704,89.1041212,88.73692677
406.05,103.5844595,88.94603742,89.29787731,88.9317723
407.05,103.8067145,89.14262658,89.50508145,89.13289526
408.05,104.0419254,89.35546869,89.70851833,89.34089378
409.05,104.2771854,89.55695722,89.90657089,89.54657343
410.05,104.5329024,89.77855359,90.13071911,89.77118275
411.05,104.7429398,89.9823012,90.33724173,89.97561793
412.05,104.9483561,90.18618542,90.53560915,90.17331865
413.05,105.2194717,90.39011422,90.75169421,90.38728942
414.05,105.473548,90.60391083,90.96055289,90.59028771
415.05,105.6735093,90.7993483,91.16439661,90.78316376
416.05,105.9427311,91.02282887,91.38433181,91.00001666
417.05,106.1552008,91.23717604,91.5749597,91.20012539
418.05,106.4370954,91.4621121,91.79640552,91.43009834
419.05,106.6808556,91.65008211,92.01108296,91.63259041
420.05,106.8748665,91.8453725,92.21340062,91.81473438
421.05,107.1477675,92.05670856,92.42235481,92.02146541
422.05,107.337132,92.26031582,92.61354996,92.21531363
423.05,107.5829923,92.4711447,92.8309955,92.42324136
424.05,107.8717361,92.69786583,93.0551756,92.65495024
425.05,108.1623622,92.92902691,93.29064051,92.8934909
426.05,108.3748479,93.12860924,93.49513524,93.10355697
427.05,108.6668999,93.35176729,93.71527459,93.33488403
428.05,108.9197327,93.570111,93.94216834,93.5584518
429.05,109.2322396,93.80195883,94.17550775,93.78286821
430.05,109.4587341,94.01194283,94.37365767,93.99126445
431.05,109.7385818,94.22025338,94.58395335,94.21737501
432.05,109.9828595,94.43335735,94.79983597,94.44617653
433.05,110.2137278,94.63925146,95.01380892,94.64422093
434.05,110.4062407,94.83311023,95.20095651,94.84093799
435.05,110.6444308,95.05034299,95.41553113,95.05337486
436.05,110.9512222,95.2757711,95.63391356,95.27495674
437.05,111.2446925,95.50602322,95.8635513,95.48677822
438.05,111.3497969,95.68669383,96.01772511,95.65761919
439.05,111.6254274,95.9010406,96.24145513,95.88277449
440.05,111.8439683,96.09807548,96.44211057,96.09278235
441.05,112.0707831,96.30638737,96.63210102,96.28967299
442.05,112.3365148,96.52546466,96.84797147,96.50640965
443.05,112.6294925,96.75576618,97.06580773,96.7413761
444.05,112.8753169,96.96863937,97.28203891,96.96709089
445.05,113.1231838,97.19335103,97.50005602,97.17294074
446.05,113.4217972,97.42710245,97.72541515,97.41367256
447.05,113.6507976,97.63468724,97.93100121,97.62501615
448.05,113.8884637,97.84061889,98.13195192,97.82840989
449.05,114.0816552,98.03922944,98.33261403,98.03025361
450.05,114.3676942,98.25654491,98.54972368,98.25369879
451.05,114.6482663,98.47422287,98.76786383,98.46098972
452.05,114.9306013,98.69324852,98.98913562,98.67798171
453.05,115.1441008,98.89673074,99.19675427,98.87300111
454.05,115.3359391,99.08588824,99.39456233,99.06095827
455.05,115.5860264,99.28947201,99.60507255,99.27377985
456.05,115.7977349,99.49529063,99.81071812,99.47436171
457.05,116.0679959,99.7099828,100.031888,99.68797863
458.05,116.2733157,99.91208351,100.2378514,99.88711607
459.05,116.4829306,100.1151463,100.4528969,100.0840067
460.05,116.7575783,100.3315064,100.6700422,100.3026396
461.05,116.9212674,100.5259103,100.8489811,100.4823628
462.05,117.0791027,100.7124679,101.0471521,100.6686868
463.05,117.3525531,100.938124,101.2622686,100.8950467
464.05,117.5842873,101.1450395,101.4725174,101.0966062
465.05,117.8608033,101.3640932,101.6968208,101.3186081
466.05,118.0284581,101.5598932,101.8778397,101.4998953
467.05,118.2683558,101.7708677,102.0804303,101.7127937
468.05,118.4838342,101.9706067,102.2746337,101.9167849
469.05,118.7390255,102.1849333,102.4914818,102.1310705
470.05,118.9092736,102.3582348,102.68299,102.3170882
471.05,119.1469722,102.5700582,102.9027677,102.5251342
472.05,119.3333179,102.7628147,103.1030691,102.7144754
473.05,119.5423294,102.9634072,103.3049882,102.9152152
474.05,119.8401507,103.2021689,103.5418903,103.1484138
475.05,120.0632029,103.4204912,103.7460342,103.3678504
476.05,120.2878669,103.6321146,103.9512586,103.5843417
477.05,120.5636014,103.8560248,104.1775118,103.8238196
478.05,120.8160217,104.0769688,104.3943815,104.0414425
479.05,121.065963,104.2955349,104.6003435,104.2660016
480.05,121.3032941,104.4868963,104.8139674,104.4715609
481.05,121.4890154,104.6806554,105.000062,104.6723381
482.05,121.7717784,104.9024963,105.2264585,104.9013639
483.05,121.9944203,105.1057145,105.4409533,105.1113702
484.05,122.3097916,105.3337793,105.6814909,105.3413887
485.05,122.5567712,105.5523003,105.8923151,105.562515
486.05,122.8022706,105.7561462,106.094491,105.7767965
487.05,123.0810643,105.9820292,106.3286874,105.9954241
488.05,123.3045102,106.1824303,106.5401154,106.2034901
489.05,123.5876755,106.4100608,106.7623852,106.4302203
490.05,123.8598783,106.6192481,106.9793529,106.6506635
491.05,124.1028585,106.8362163,107.2039694,106.8683006
492.05,124.3544791,107.0466259,107.4135264,107.0788118
493.05,124.5929597,107.2479038,107.6341403,107.2918849
494.05,124.7742347,107.435742,107.818286,107.4889062
495.05,125.0890552,107.6724213,108.0595497,107.7219903
496.05,125.3050481,107.882722,108.2720224,107.9390186
497.05,125.5559656,108.0903491,108.4947484,108.1388786
498.05,125.7082762,108.2677576,108.6767586,108.3234697
499.05,125.9773649,108.4912748,108.8857746,108.5292611
500.05,126.193525,108.6893768,109.1010902,108.7287896
501.05,126.3589887,108.8744492,109.2829527,108.916578
502.05,126.5803769,109.0795891,109.4760441,109.1138433
503.05,126.8792028,109.297917,109.7135224,109.3406679
504.05,127.0884046,109.5053214,109.9262333,109.5431519
505.05,127.2749115,109.6932858,110.119296,109.7313666
506.05,127.5092742,109.8880817,110.3290123,109.9300152
507.05,127.6524137,110.0674788,110.5067921,110.1106018
508.05,127.8713298,110.2665038,110.7160527,110.3179451
509.05,128.0370438,110.4414255,110.895706,110.4996169
510.05,128.2920968,110.6556826,111.1179437,110.7163015
511.05,128.5923742,110.8874146,111.3485854,110.9408284
512.05,128.8887283,111.1086006,111.5726152,111.1678395
513.05,129.1315261,111.3101301,111.7828832,111.373145
514.05,129.3867051,111.5216508,111.9931396,111.5817264
515.05,129.6048058,111.7371248,112.1914461,111.7805267
516.05,129.8395434,111.9449312,112.4000332,111.9916175
517.05,130.0352511,112.1382177,112.5873812,112.1854829
518.05,130.2758837,112.3494758,112.800526,112.3946306
519.05,130.4884659,112.545159,113.0019482,112.5854475
520.05,130.7079604,112.7529067,113.2074816,112.785108
521.05,131.0525304,113.0051641,113.4486051,113.0128852
522.05,131.3362323,113.2278245,113.6637201,113.2270754
523.05,131.6357464,113.4581641,113.9030389,113.4571403
524.05,131.8940006,113.6716289,114.1172572,113.6645532
525.05,132.1253086,113.8760785,114.3256049,113.8765293
526.05,132.3336013,114.0712705,114.5266314,114.0819614
527.05,132.5217747,114.2680166,114.7168165,114.2740802
528.05,132.7520982,114.4698805,114.9152793,114.4810473
529.05,133.0141167,114.6889291,115.139497,114.6885151
530.05,133.3298727,114.9175687,115.3804152,114.9290063
531.05,133.5586831,115.1276111,115.5863417,115.1389404
532.05,133.7478865,115.3212825,115.7833528,115.3370114
533.05,134.016247,115.5420199,116.0025215,115.5535506
534.05,134.2619597,115.7411953,116.2068989,115.7638971
535.05,134.4778066,115.9446072,116.4147365,115.9771865
536.05,134.7643374,116.1736909,116.6440283,116.2154257
537.05,134.9868389,116.3768757,116.8448125,116.4237851
538.05,135.1858975,116.566226,117.0481687,116.6411628
539.05,135.5317904,116.8002968,117.3062428,116.883484
540.05,135.7490034,117.0004352,117.5066035,117.0739493
541.05,135.9289746,117.2002605,117.7098146,117.271428
542.05,136.1418675,117.3975115,117.9110645,117.4778841
543.05,136.3864387,117.6004456,118.1229962,117.6839773
544.05,136.547763,117.7886527,118.3038533,117.8818239
545.05,136.8164205,117.9931736,118.5203878,118.090429
546.05,137.04075,118.1957419,118.7175537,118.2974358
547.05,137.3093605,118.4244035,118.9416291,118.5251945
548.05,137.5323065,118.6224317,119.1456526,118.7216338
549.05,137.768216,118.8124256,119.3480546,118.9227515
550.05,138.0523733,119.0285935,119.5771189,119.1435034
551.05,138.3364293,119.2509291,119.792277,119.3709601
552.05,138.5752836,119.4603895,119.9992297,119.5819104
553.05,138.7397594,119.6388644,120.17739,119.7757521
554.05,139.0498735,119.8654092,120.4086366,120.0012923
555.05,139.2968534,120.0718545,120.6236367,120.2118213
556.05,139.5226024,120.2735173,120.8342293,120.4248036
557.05,139.7451918,120.486032,121.0384653,120.6248926
558.05,139.9832001,120.7016513,121.2539771,120.8517163
559.05,140.2513713,120.9274943,121.4780655,121.0719877
560.05,140.5000341,121.1414021,121.6895595,121.2779239
561.05,140.7422077,121.3523228,121.9022836,121.4996151
562.05,140.987401,121.5675611,122.1198013,121.7094477
563.05,141.1899152,121.778325,122.3097995,121.905112
564.05,141.4289347,121.9837757,122.5108042,122.1091388
565.05,141.69254,122.2001772,122.712545,122.3173751
566.05,141.9178156,122.4029375,122.9221188,122.5346506
567.05,142.1422557,122.6060415,123.1235991,122.7342513
568.05,142.3262486,122.7912023,123.3265671,122.9062096
569.05,142.5320015,122.9838541,123.5240977,123.11334
570.05,142.7830713,123.2035483,123.7439703,123.3228084
571.05,143.0360446,123.4225468,123.9478288,123.550464
572.05,143.2706699,123.6299683,124.1557392,123.759327
573.05,143.5341119,123.8394071,124.3763636,123.9742218
574.05,143.7679869,124.0419402,124.592353,124.1736351
575.05,144.0241939,124.2691483,124.8101736,124.3888858
576.05,144.2535828,124.4757037,125.0240023,124.5896187
577.05,144.5639975,124.7053398,125.2531038,124.8421011
578.05,144.7720595,124.910748,125.4441984,125.0426869
579.05,145.0314964,125.1228691,125.6656908,125.2643943
580.05,145.2788639,125.3385546,125.8768523,125.4735107
581.05,145.4920052,125.5486734,126.0834917,125.6742251
582.05,145.740724,125.7528236,126.2972514,125.8873594
583.05,145.9655154,125.9633285,126.4966686,126.1012162
584.05,146.2290214,126.1842494,126.717041,126.3272982
585.05,146.4277221,126.3829551,126.9238811,126.5251816
586.05,146.6974781,126.5965659,127.1405117,126.7368156
587.05,146.9897275,126.8271969,127.3693999,126.9616154
588.05,147.2240969,127.0344812,127.5705889,127.1709707
589.05,147.4875122,127.2567345,127.8019184,127.3890001
590.05,147.770972,127.490245,128.0345262,127.6039352
591.05,147.9721739,127.6907969,128.2312296,127.7972888
592.05,148.21791,127.911173,128.4369769,128.0211535
593.05,148.4018558,128.1054243,128.633935,128.2054168
594.05,148.6306421,128.3161351,128.8356019,128.4168321
595.05,148.886991,128.5282598,129.0517052,128.6338741
596.05,149.0707862,128.7127029,129.2479154,128.8220977
597.05,149.3100721,128.9192763,129.4649814,129.0379871
598.05,149.4961664,129.1066208,129.6637972,129.2338258
599.05,149.7378571,129.3156785,129.8632069,129.4302037
600.05,150.0324581,129.5392327,130.0876619,129.6528914
601.05,150.2559146,129.7404233,130.2996136,129.8543502
602.05,150.4201891,129.9269805,130.4983935,130.0437971
603.05,150.6591386,130.1345431,130.712755,130.2434725
604.05,150.9357498,130.358253,130.9394253,130.4682746
605.05,151.1883866,130.5665752,131.1383704,130.6835051
606.05,151.4696928,130.7876179,131.3608344,130.8986261
607.05,151.7212277,130.9996132,131.5705086,131.1020779
608.05,152.0103815,131.2315268,131.793056,131.328052
609.05,152.3156917,131.4489614,132.0015447,131.5417752
610.05,152.4707096,131.634744,132.1865009,131.7237823
611.05,152.7194851,131.8429563,132.3981551,131.9370209
612.05,152.8931501,132.0197755,132.5896241,132.117192
613.05,153.0967919,132.2200196,132.7912262,132.3161298
614.05,153.3448484,132.4363865,133.0078729,132.5262454
615.05,153.6248805,132.6635062,133.2219512,132.748889
616.05,153.9013444,132.8885255,133.448503,132.9624636
617.05,154.1185077,133.0893835,133.6576392,133.1508885
618.05,154.3740497,133.2951467,133.86665,133.3717587
619.05,154.6698545,133.5321334,134.0959014,133.5968487
620.05,154.9197768,133.752948,134.3037691,133.8012719
621.05,155.2023255,133.9816705,134.5302783,134.0316098
622.05,155.3787859,134.1701292,134.7221089,134.2192698
623.05,155.569634,134.3570725,134.9211604,134.4102643
624.05,155.7788351,134.5592398,135.1148008,134.6069622
625.05,156.0442697,134.7721061,135.339907,134.8238832
626.05,156.2524423,134.9652932,135.5472734,135.0217188
627.05,156.4915208,135.1827204,135.7606422,135.2339329
628.05,156.7102464,135.3832871,135.9757785,135.436772
629.05,156.9299396,135.5742245,136.1776067,135.6349196
630.05,157.1583482,135.7797471,136.382771,135.8283459
631.05,157.3742484,135.9990391,136.5965393,136.0251537
632.05,157.6019445,136.2165376,136.8163702,136.2323441
633.05,157.824224,136.4279795,137.0276302,136.4379394
634.05,158.0957044,136.6471934,137.2529955,136.664279
635.05,158.3017006,136.8414651,137.4428767,136.8773834
636.05,158.5495335,137.0549274,137.6530043,137.09117
637.05,158.8388222,137.2724616,137.8772218,137.3204331
638.05,159.1012184,137.4816111,138.0857529,137.5316427
639.05,159.3706879,137.6977166,138.2996293,137.7561892
640.05,159.6161449,137.9098626,138.501972,137.9706654
641.05,159.8744267,138.1177597,138.7208192,138.1941173
642.05,160.1258481,138.338998,138.931815,138.4002277
643.05,160.3600016,138.5428771,139.145954,138.6096077
644.05,160.5404656,138.7272362,139.3334911,138.7941859
645.05,160.7716871,138.9304843,139.5480352,139.000226
646.05,161.0029872,139.1365232,139.751741,139.2060341
647.05,161.2807236,139.351676,139.9717057,139.4190533
648.05,161.5097277,139.5546709,140.1706228,139.6243002
649.05,161.6918077,139.7360838,140.3641251,139.8239992
650.05,161.87709,139.9321271,140.5631516,140.0163362
651.05,162.0542258,140.1218137,140.7607428,140.2208832
652.05,162.2962293,140.3284779,140.9733277,140.4287454
653.05,162.576955,140.5610893,141.1948436,140.6488531
654.05,162.7856693,140.7568446,141.3921767,140.8452303
655.05,162.972402,140.9588405,141.5850044,141.0443459
656.05,163.1549088,141.1634636,141.7741367,141.2308969
657.05,163.363684,141.3681693,141.9731532,141.437387
658.05,163.5829162,141.578595,142.1751898,141.6374625
659.05,163.7963626,141.7863365,142.3782859,141.8443653
660.05,164.0704961,142.0073307,142.6049856,142.0625823
661.05,164.330038,142.221957,142.824362,142.2751862
662.05,164.6560204,142.4630258,143.0595061,142.5108745
663.05,164.8995342,142.6842311,143.2793732,142.7260275
664.05,165.2124709,142.9055285,143.5241675,142.9567892
665.05,165.5272753,143.1441154,143.777239,143.1841513
666.05,165.835624,143.3769626,144.0138985,143.4060796
667.05,166.0729556,143.5912051,144.2225206,143.6190619
668.05,166.299911,143.8059037,144.4299235,143.8228922
669.05,166.624559,144.0298159,144.6609468,144.0537151
670.05,166.8320592,144.2214516,144.8597012,144.2367465
671.05,167.0430952,144.4289627,145.0653966,144.4365875
672.05,167.2729072,144.6356503,145.2838277,144.6367704
673.05,167.5638727,144.861244,145.5087126,144.8561569
674.05,167.821636,145.0782488,145.7348808,145.072469
675.05,168.0419832,145.2796256,145.9334424,145.2697628
676.05,168.3421026,145.5039545,146.1491255,145.4930261
677.05,168.5821031,145.7125074,146.3678253,145.7168643
678.05,168.8236053,145.9107045,146.5824502,145.9170976
679.05,169.0532707,146.1120878,146.778822,146.1146097
680.05,169.2662462,146.3180679,146.9876563,146.3137545
681.05,169.4429539,146.5108753,147.1915715,146.5113493
682.05,169.6815379,146.7182544,147.3997712,146.7082105
683.05,170.0386346,146.969031,147.6420191,146.9496372
684.05,170.2388047,147.1763285,147.8316568,147.1356368
685.05,170.5005639,147.3821374,148.0568096,147.3425825
686.05,170.6974952,147.5846556,148.2548735,147.5398199
687.05,170.9715549,147.8035667,148.4840898,147.7649274
688.05,171.2699226,148.0382255,148.7166557,147.9909622
689.05,171.4837521,148.2389197,148.9265948,148.1841323
690.05,171.7753069,148.4714805,149.1731566,148.4151268
691.05,172.0212465,148.6780689,149.3788042,148.6399958
692.05,172.2488792,148.8858592,149.5828758,148.8497682
693.05,172.5384913,149.1055455,149.8193001,149.0667721
694.05,172.8224684,149.3341397,150.045533,149.3020923
695.05,172.9656698,149.5113432,150.2096025,149.4787738
696.05,173.2649843,149.7460008,150.430818,149.6939355
697.05,173.540695,149.9790202,150.6545363,149.9280779
698.05,173.7819869,150.195468,150.8639435,150.1325599
699.05,173.9896086,150.3918801,151.0524429,150.3200472
700.05,174.1875684,150.5785698,151.2376224,150.5194131
701.05,174.4048533,150.7819383,151.4365439,150.7174141
702.05,174.6027861,150.9834368,151.6382447,150.9187267
703.05,174.805229,151.1782263,151.8302954,151.1161188
704.05,175.0477475,151.3890872,152.0405709,151.33109
705.05,175.2650422,151.5858135,152.2540524,151.5386248
706.05,175.4574893,151.7870256,152.4530898,151.7377845
707.05,175.7007322,151.9814355,152.6698986,151.9367456
708.05,175.9400363,152.1850647,152.8872121,152.1501557
709.05,176.2068773,152.4054075,153.1032527,152.3635465
710.05,176.4694364,152.6209167,153.3115637,152.5668514
711.05,176.7888961,152.8637535,153.5617447,152.8110072
712.05,177.0013137,153.0541113,153.7685456,153.0095761
713.05,177.3165923,153.2818285,154.0027227,153.2493721
714.05,177.5266324,153.4878363,154.1994176,153.4532794
715.05,177.8146193,153.7044535,154.4277397,153.6763923
716.05,178.0282809,153.9022763,154.6325343,153.8750736
717.05,178.2988477,154.1187595,154.8558687,154.0968837
718.05,178.4949616,154.3239388,155.0661337,154.2916387
719.05,178.7531139,154.5436679,155.2768782,154.4991961
720.05,178.9458222,154.7347518,155.4714714,154.6920259
721.05,179.263537,154.9671363,155.7034212,154.9261246
722.05,179.518306,155.1844115,155.9104139,155.1378421
723.05,179.7714587,155.4050731,156.1253805,155.3604942
724.05,180.0153698,155.6226826,156.3417563,155.5705287
725.05,180.2318013,155.8191378,156.5555973,155.7831415
726.05,180.3680064,155.9964761,156.7440573,155.9604987
727.05,180.5982606,156.2011864,156.9488323,156.1700038
728.05,180.8443366,156.4137858,157.1611667,156.3843094
729.05,181.0946346,156.6247853,157.3780152,156.6054566
730.05,181.2873967,156.8206887,157.5742706,156.7979112
731.05,181.5616608,157.0440005,157.7935438,157.0148199
732.05,181.7458865,157.2476915,157.9835146,157.2039457
733.05,182.005447,157.4735303,158.1999886,157.4240923
734.05,182.2648429,157.682489,158.426117,157.6477605
735.05,182.5277568,157.9034499,158.6433359,157.8646066
736.05,182.7790313,158.1032688,158.862112,158.0644199
737.05,183.0326993,158.3219742,159.0916211,158.2771651
738.05,183.2949057,158.5396721,159.3044741,158.4808402
739.05,183.4978991,158.7356216,159.4942973,158.6755032
740.05,183.7039228,158.9418666,159.6902628,158.8910978
741.05,183.9661587,159.167845,159.9070602,159.1078684
742.05,184.1698394,159.3706201,160.1236336,159.3067924
743.05,184.3778239,159.561242,160.3177623,159.5032931
744.05,184.6050874,159.773307,160.5228695,159.7132452
745.05,184.8646833,159.9881112,160.7531581,159.9246863
746.05,185.0738049,160.1955504,160.9629749,160.1218499
747.05,185.2451966,160.3861317,161.1442961,160.3073904
748.05,185.4670521,160.5871654,161.356684,160.5087283
749.05,185.7159848,160.8002354,161.5721224,160.6986419
750.05,186.0158422,161.0236325,161.8037964,160.9151028
751.05,186.3195135,161.2456611,162.0310939,161.1460491
752.05,186.5926401,161.4549708,162.2451236,161.3631812
753.05,186.8146053,161.6736682,162.4510146,161.571853
754.05,187.010813,161.856633,162.647211,161.7611007
755.05,187.3231575,162.084187,162.8820134,162.0014466
756.05,187.6226256,162.3246163,163.1148649,162.232148
757.05,187.9119561,162.563549,163.3329366,162.4524983
758.05,188.1810901,162.7859736,163.546755,162.6618793
759.05,188.401343,162.9831151,163.7498734,162.8702103
760.05,188.5851139,163.1652319,163.9476235,163.0634666
761.05,188.8738308,163.3944027,164.1928024,163.2861427
762.05,189.0777698,163.5855807,164.3945114,163.4853517
763.05,189.3036513,163.7831854,164.5970977,163.688402
764.05,189.5062381,163.9879769,164.7962304,163.9031698
765.05,189.7100413,164.1847378,164.9946308,164.104977
766.05,190.0096106,164.4098873,165.2128899,164.3353218
767.05,190.2059142,164.5991649,165.411458,164.5345548
768.05,190.4625006,164.8081655,165.6283216,164.7387846
769.05,190.7167006,165.0178457,165.8473896,164.9534827
770.05,191.0117625,165.2364912,166.0775108,165.1638957
771.05,191.255201,165.4484869,166.2833493,165.3806134
772.05,191.5521087,165.6724568,166.5054638,165.6126364
773.05,191.8278287,165.8829779,166.7193815,165.8328599
774.05,192.1050245,166.1167816,166.9327814,166.0613348
775.05,192.3287793,166.3189244,167.1432267,166.2588658
776.05,192.5496421,166.5124206,167.3430276,166.4584636
777.05,192.8032615,166.7389704,167.5631281,166.6734965
778.05,192.9917021,166.9378509,167.762213,166.862248
779.05,193.2255519,167.1410496,167.9710027,167.0555571
780.05,193.4421201,167.3431196,168.166921,167.2612091
781.05,193.6913972,167.5495107,168.3737564,167.4699637
782.05,194.0155148,167.7775513,168.6188048,167.7117863
783.05,194.2925795,167.9948589,168.8416757,167.9409237
784.05,194.561039,168.2070929,169.0587283,168.1508791
785.05,194.8322048,168.4232523,169.2761209,168.3857039
786.05,195.0682295,168.6319597,169.4900809,168.5835852
787.05,195.3116068,168.8424858,169.7026276,168.7884862
788.05,195.6150739,169.0698356,169.928474,169.0160122
789.05,195.8601083,169.2835326,170.1536292,169.2326609
790.05,196.115435,169.4869569,170.3724273,169.4271925
791.05,196.4087124,169.7058554,170.5951851,169.6555893
792.05,196.6833655,169.9163819,170.806292,169.8719733
793.05,196.9166718,170.1280472,171.0166273,170.0804825
794.05,197.1379479,170.3162925,171.2111724,170.2748348
795.05,197.4086952,170.5433923,171.4348322,170.5076274
796.05,197.6960787,170.7716534,171.6656412,170.7273545
797.05,197.9592283,170.9920491,171.885144,170.9411506
798.05,198.1527832,171.1885382,172.0770377,171.1330778
799.05,198.3649101,171.3866946,172.2829911,171.3287241
800.05,198.5967817,171.6001456,172.5002818,171.5429056
801.05,198.8473137,171.8102327,172.7239011,171.7533758
802.05,199.1560476,172.0410253,172.9573546,171.9864938
803.05,199.414258,172.2701582,173.1859228,172.2005143
804.05,199.7054298,172.491753,173.4092903,172.4157682
805.05,199.9518176,172.6908329,173.6211179,172.6177667
806.05,200.2071282,172.909152,173.8393279,172.8250605
807.05,200.4657153,173.1315767,174.0656603,173.0397168
808.05,200.7036399,173.3347256,174.2680468,173.2592216
809.05,200.9329072,173.5468915,174.4894476,173.4510352
810.05,201.223966,173.7757991,174.7209005,173.680378
811.05,201.4789969,173.9800227,174.9386795,173.8999263
812.05,201.7292595,174.1972243,175.1512768,174.1192565
813.05,202.0053447,174.4101584,175.3726513,174.3361704
814.05,202.2520684,174.6193816,175.5833172,174.5656669
815.05,202.5670633,174.8522973,175.8325626,174.7979877
816.05,202.813939,175.0594034,176.0605597,175.022646
817.05,203.0381745,175.2780934,176.2671135,175.2344724
818.05,203.2651403,175.4776198,176.4798995,175.4439765
819.05,203.506911,175.6837025,176.6901608,175.6575449
820.05,203.7495395,175.9047858,176.9033091,175.8703836
821.05,203.993551,176.1018761,177.117495,176.0823241
822.05,204.2102314,176.3092199,177.3350343,176.2917807
823.05,204.4944421,176.5269933,177.5672619,176.516675
824.05,204.713107,176.7300725,177.7701307,176.7179735
825.05,204.947567,176.9343459,177.9686042,176.9259529
826.05,205.198537,177.1410264,178.1770621,177.1431936
827.05,205.4741296,177.3684191,178.4002819,177.3632386
828.05,205.6781001,177.5562952,178.6047871,177.5634874
829.05,205.8861201,177.7594703,178.7990263,177.7510594
830.05,206.1134001,177.9754861,179.0024935,177.9659402
831.05,206.3438862,178.1840109,179.21628,178.1600414
832.05,206.5338937,178.3765364,179.4026131,178.3522418
833.05,206.8716484,178.6234565,179.6436839,178.5853493
834.05,207.1012628,178.8326762,179.8536925,178.7998158
835.05,207.3404533,179.0380105,180.0615098,179.0035706
836.05,207.5840677,179.2488366,180.2690877,179.2077668
837.05,207.764631,179.4420125,180.4634038,179.4008544
838.05,208.0041619,179.6566629,180.6745973,179.6124572
839.05,208.285478,179.8906101,180.9049108,179.8388019
840.05,208.4869135,180.0832812,181.1014902,180.0283779
841.05,208.7162933,180.2774994,181.3101986,180.2282894
842.05,208.9643384,180.4881331,181.5240975,180.444961
843.05,209.1771617,180.6850123,181.7264028,180.639742
844.05,209.4339884,180.9123437,181.9418174,180.8552647
845.05,209.7564915,181.1490409,182.1707498,181.09627
846.05,210.0157656,181.3623916,182.3907026,181.3141884
847.05,210.2428825,181.5647471,182.5998095,181.5307539
848.05,210.5168634,181.7912884,182.8158309,181.7542477
849.05,210.8011606,182.010455,183.0271519,181.9720648
850.05,211.0741163,182.2263269,183.2463408,182.1958032
851.05,211.325101,182.4391691,183.4667094,182.4101515
852.05,211.5605141,182.6579836,183.6752113,182.6152987
853.05,211.782445,182.8582577,183.8815466,182.8208045
854.05,211.9712959,183.0402089,184.082554,183.0090764
855.05,212.1745807,183.2365459,184.2872151,183.2055456
856.05,212.4571408,183.4744742,184.5150077,183.4311054
857.05,212.6571782,183.6788828,184.7019486,183.6188191
858.05,212.9148172,183.9041104,184.9141296,183.842568
859.05,213.1390259,184.1182504,185.11635,184.0557084
860.05,213.3850098,184.3337698,185.3195994,184.2649452
861.05,213.6943726,184.5659994,185.5540719,184.4944861
862.05,213.9201399,184.7806675,185.763727,184.7020557
863.05,214.1682243,184.9914171,185.9627645,184.9237319
864.05,214.3916947,185.201328,186.1760808,185.1315132
865.05,214.7302261,185.4483684,186.4184967,185.3729424
866.05,214.9566701,185.6569042,186.6256107,185.5778995
867.05,215.2325948,185.8740221,186.8591877,185.8072702
868.05,215.4994522,186.0988998,187.0781716,186.0318637
869.05,215.758575,186.3091917,187.2981462,186.242254
870.05,215.9537536,186.5071881,187.5111425,186.4497091
871.05,216.1603245,186.7064915,187.7088472,186.6523703
872.05,216.4174354,186.9173176,187.92089,186.8642515
873.05,216.6725574,187.1410417,188.1269631,187.0838919
874.05,216.887122,187.3399657,188.338342,187.2842565
875.05,217.1312223,187.5425833,188.5510403,187.4858584
876.05,217.3741208,187.7571976,188.75605,187.6917475
877.05,217.5776263,187.9628339,188.9486675,187.8926348
878.05,217.8763474,188.1831308,189.1702742,188.112425
879.05,218.0870406,188.3749822,189.3691426,188.3167773
880.05,218.3188156,188.5822349,189.5784507,188.5085478
881.05,218.5290853,188.7869091,189.7757941,188.7021252
882.05,218.6794256,188.9685242,189.9586947,188.8828223
883.05,218.9031005,189.1746796,190.1545106,189.0890832
884.05,219.1389571,189.3712918,190.3599453,189.2918368
885.05,219.3926606,189.5838985,190.573598,189.5066667
886.05,219.652199,189.793259,190.7742865,189.7241033
887.05,219.9515844,190.0136396,190.9916109,189.935572
888.05,220.2566858,190.2583303,191.2164107,190.1815663
889.05,220.4814194,190.4646404,191.419649,190.3990725
890.05,220.7552052,190.6879042,191.6508549,190.6286418
891.05,220.9865776,190.9014635,191.8587878,190.8435666
892.05,221.2304877,191.11862,192.0665633,191.0594739
893.05,221.460166,191.3243914,192.2730901,191.2681307
894.05,221.6943302,191.5468777,192.4696675,191.4752732
895.05,221.952395,191.7564521,192.6711293,191.7017771
896.05,222.2016866,191.9685059,192.8739066,191.9172407
897.05,222.5101202,192.1982475,193.10303,192.1467915
898.05,222.7670856,192.4158451,193.3149636,192.3649873
899.05,223.0710392,192.6468736,193.5533929,192.587308
900.05,223.3364192,192.863001,193.7649041,192.8035965
901.05,223.5232747,193.0591796,193.9699478,192.9989447
902.05,223.8212741,193.290441,194.1973334,193.2314393
903.05,224.050257,193.4953788,194.3905014,193.4405253
904.05,224.2685216,193.6953993,194.5938424,193.6367122
905.05,224.4533234,193.8744776,194.7948193,193.8188191
906.05,224.6612072,194.0691066,194.9926927,194.0041974
907.05,224.8754346,194.2652641,195.1884799,194.2057002
908.05,225.0935709,194.4696986,195.3932537,194.4019072
909.05,225.2724745,194.6500735,195.5818962,194.5960859
910.05,225.5139288,194.8632877,195.7888499,194.8103837
911.05,225.6718381,195.0497305,195.9745908,194.9985492
912.05,225.9120969,195.258449,196.1781575,195.204904
913.05,226.1912659,195.4855505,196.4012369,195.4382651
914.05,226.4575463,195.6904127,196.6231493,195.6574831
915.05,226.8115642,195.9329772,196.8714558,195.9079412
916.05,227.0962235,196.1449332,197.102771,196.1260664
917.05,227.3843839,196.3729962,197.3298018,196.3483639
918.05,227.6445909,196.5905556,197.5507087,196.5562148
919.05,227.9238709,196.8041969,197.7770356,196.7674493
920.05,228.1529418,197.0118644,197.992133,196.9757161
921.05,228.3593879,197.2016794,198.1899478,197.1793058
922.05,228.5820486,197.4102232,198.3996459,197.3861841
923.05,228.8300409,197.6197075,198.6065647,197.5914917
924.05,229.047448,197.8148937,198.8070376,197.7992076
925.05,229.3033965,198.0355921,199.0252799,198.0070519
926.05,229.5617927,198.2429004,199.2444516,198.2159888
927.05,229.790079,198.4499491,199.4562951,198.4251859
928.05,230.0395642,198.6713367,199.6686298,198.6368322
929.05,230.3226372,198.8861603,199.8933899,198.8661029
930.05,230.5061301,199.0818618,200.0911927,199.0494773
931.05,230.7242915,199.2860608,200.2964684,199.2546576
932.05,230.9295255,199.4732667,200.4902543,199.4423941
933.05,231.1715099,199.6863822,200.6870821,199.6524573
934.05,231.3908322,199.9025692,200.9073415,199.8681088
935.05,231.640874,200.1197505,201.1231785,200.0876283
936.05,231.8600052,200.3252407,201.3310336,200.2818568
937.05,232.0891651,200.5288421,201.5360949,200.5004347
938.05,232.342458,200.7426052,201.7553136,200.7006162
939.05,232.5852708,200.95627,201.9655128,200.9120629
940.05,232.7387421,201.1363759,202.1491298,201.0906295
941.05,233.0208221,201.3682794,202.3646719,201.3100591
942.05,233.2838774,201.5834435,202.586587,201.5155324
943.05,233.5475103,201.8001757,202.8072779,201.7425777
944.05,233.8663071,202.0216107,203.0403899,201.9766955
945.05,234.0706122,202.2264947,203.2327134,202.1770442
946.05,234.3354441,202.4485947,203.43904,202.3983572
947.05,234.6792114,202.6941793,203.6750836,202.6281547
948.05,234.9156379,202.8903507,203.878535,202.8322634
949.05,235.1651339,203.0950063,204.0945757,203.0416326
950.05,235.4295139,203.3136036,204.3074141,203.2650081
951.05,235.6759634,203.5260087,204.5194461,203.4724011
952.05,235.9427374,203.7477216,204.7431063,203.6975639
953.05,236.1027513,203.9290342,204.9308754,203.8830666
954.05,236.3846515,204.1397184,205.1499712,204.0987394
955.05,236.665275,204.3408859,205.3781315,204.3131714
956.05,236.8583018,204.5344449,205.5787181,204.5088895
957.05,237.1027561,204.7294871,205.7878321,204.7276581
958.05,237.2746361,204.9250994,205.9845934,204.9104977
959.05,237.4677595,205.1063524,206.1922878,205.0903488
960.05,237.7213019,205.3239869,206.4112523,205.3129969
961.05,237.9736278,205.5432871,206.6305796,205.5231874
962.05,238.2162789,205.7510735,206.8440545,205.7382293
963.05,238.3986994,205.9379295,207.0294801,205.9294006
964.05,238.6519911,206.145977,207.246537,206.1392975
965.05,238.9784784,206.3880133,207.4897689,206.38739
966.05,239.2089913,206.6058237,207.6927971,206.5947817
967.05,239.4865031,206.8258891,207.9051387,206.8175302
968.05,239.7113467,207.0324434,208.0953792,207.0204762
969.05,239.9456278,207.2498222,208.3146694,207.2312756
970.05,240.2873714,207.4951164,208.5573807,207.4695957
971.05,240.4924557,207.6906897,208.7626162,207.6750642
972.05,240.7703902,207.9228818,208.9845358,207.8890358
973.05,240.9950412,208.1351724,209.1966794,208.0902598
974.05,241.2537253,208.3436425,209.4165788,208.2918277
975.05,241.5715866,208.5731856,209.6529036,208.5235692
976.05,241.8542177,208.7904059,209.8745352,208.7394848
977.05,242.0772464,208.9944216,210.0867825,208.9297961
978.05,242.3181349,209.2079833,210.295561,209.1412155
979.05,242.646444,209.4510103,210.5284876,209.3710311
980.05,242.8688926,209.6568142,210.717299,209.5741051
981.05,243.1039517,209.8624611,210.9192526,209.7684183
982.05,243.3837014,210.0792915,211.1407081,210.0019289
983.05,243.6427345,210.2933475,211.3708496,210.2154831
984.05,243.8622037,210.4963146,211.5820625,210.4271002
985.05,244.1387847,210.7145217,211.8021756,210.6502195
986.05,244.3625156,210.9176101,212.0062933,210.8515452
987.05,244.5818954,211.1236347,212.2029919,211.060185
988.05,244.9152108,211.3669668,212.4482372,211.3044422
989.05,245.0627321,211.5541392,212.6235246,211.4873221
990.05,245.2431605,211.7370861,212.8279392,211.6726356
991.05,245.5087189,211.9584438,213.0498192,211.8911561
992.05,245.7051476,212.1594372,213.2495028,212.0984502
993.05,245.9748154,212.3843627,213.4746699,212.3091393
994.05,246.2431396,212.6012664,213.6945328,212.5284177
995.05,246.456725,212.7981109,213.8902477,212.738304
996.05,246.6669224,212.9988247,214.0888022,212.9403424
997.05,246.9702734,213.2279174,214.3085382,213.1752113
998.05,247.2405636,213.4412809,214.5322793,213.4014037
999.05,247.4529742,213.6440884,214.73236,213.6181332
1000.05,247.6856433,213.8568485,214.9325972,213.8189067
1001.05,247.9237279,214.0640384,215.1391774,214.0198489
1002.05,248.1367376,214.2625201,215.3461734,214.2279029
1003.05,248.4275441,214.4773754,215.5711847,214.4676386
1004.05,248.6496547,214.6890817,215.7815745,214.6693266
1005.05,248.9575766,214.9193545,216.0062659,214.8878257
1006.05,249.2592469,215.1506515,216.2355865,215.114421
1007.05,249.4323601,215.3432205,216.4062559,215.3037398
1008.05,249.6412783,215.5307583,216.6069569,215.4999162
1009.05,249.8915801,215.7488793,216.8197427,215.701666
1010.05,250.1766442,215.9815164,217.0557102,215.9320169
1011.05,250.38297,216.1794273,217.2560822,216.127523
1012.05,250.6067652,216.3790993,217.4653412,216.3234055
1013.05,250.8648248,216.5989588,217.6850758,216.5341835
1014.05,251.0861371,216.8041231,217.8804313,216.7384935
1015.05,251.3506383,217.0226556,218.0966363,216.9466892
1016.05,251.648664,217.2428329,218.3234671,217.1735861
1017.05,251.8596095,217.4489563,218.5258859,217.3741165
1018.05,252.094339,217.6480217,218.7331104,217.5788369
1019.05,252.3843468,217.8621177,218.966641,217.8078312
1020.05,252.6941858,218.0805337,219.2110692,218.038928
1021.05,253.0153804,218.3100455,219.454077,218.2702063
1022.05,253.1881927,218.5073562,219.6435165,218.4672664
1023.05,253.4667614,218.7333614,219.8799617,218.6993252
1024.05,253.767926,218.9690195,220.1000648,218.9277025
1025.05,254.0177165,219.1912479,220.3066739,219.1478913
1026.05,254.1889032,219.3750939,220.4938779,219.3420541
1027.05,254.5209074,219.6023477,220.7426038,219.5721601
1028.05,254.8040064,219.8124935,220.9661684,219.7775449
1029.05,255.1097328,220.0503944,221.1997555,220.0140817
1030.05,255.2921752,220.2476087,221.3897133,220.2075092
1031.05,255.4858341,220.4236968,221.5762869,220.3906825
1032.05,255.6593148,220.6102529,221.7664426,220.5699429
1033.05,255.8287446,220.7980945,221.9539953,220.7667353
1034.05,256.0647243,221.0094696,222.1619189,220.9700879
1035.05,256.3215236,221.2203773,222.3790947,221.1786092
1036.05,256.4829679,221.3968467,222.5707472,221.3745315
1037.05,256.743907,221.6171804,222.7869119,221.5909788
1038.05,256.9563799,221.8191153,222.9964658,221.776246
1039.05,257.2808573,222.0512124,223.2298565,222.0214257
1040.05,257.5918279,222.2806189,223.4657632,222.2488884
1041.05,257.9069251,222.5174921,223.7002541,222.470475
1042.05,258.1414339,222.7269996,223.9030161,222.6794199
1043.05,258.3768274,222.9258096,224.1104014,222.8863426
1044.05,258.6518166,223.1500539,224.3386155,223.1028512
1045.05,258.9734524,223.3764637,224.5800111,223.3419826
1046.05,259.1731661,223.5811467,224.7941768,223.551727
1047.05,259.4775685,223.8060933,225.0305568,223.7814057
1048.05,259.76162,224.0362051,225.2575106,224.000249
1049.05,260.1148928,224.2845558,225.5001574,224.2527146
1050.05,260.396739,224.5041066,225.7202876,224.4745376
1051.05,260.6663615,224.7160476,225.9332346,224.6957012
1052.05,260.8795499,224.9178206,226.1394579,224.9015877
1053.05,261.1243804,225.1295374,226.3516612,225.1126957
1054.05,261.3421508,225.3118603,226.5552883,225.3238661
1055.05,261.6014853,225.5271658,226.7778653,225.5385658
1056.05,261.8713458,225.7483532,226.9903653,225.741739
1057.05,262.0993945,225.9565749,227.1968634,225.9486886
1058.05,262.3699346,226.1729693,227.4234029,226.1564795
1059.05,262.5582683,226.3724654,227.6325026,226.3418458
1060.05,262.7803385,226.5818696,227.8468663,226.5341713
1061.05,263.0245606,226.7976787,228.0680027,226.7534706
1062.05,263.2986263,227.0215887,228.290875,226.9716886
1063.05,263.503542,227.2099508,228.4897034,227.1689158
1064.05,263.7574947,227.425867,228.6873515,227.3842157
1065.05,264.0292108,227.650411,228.9062847,227.597056
1066.05,264.2662844,227.8553276,229.1108674,227.8030062
1067.05,264.5485529,228.0785683,229.3362319,228.019467
1068.05,264.7218689,228.262776,229.5181107,228.2123625
1069.05,264.9491108,228.4645479,229.7190164,228.4130986
1070.05,265.2475184,228.6822451,229.9468809,228.6451544
1071.05,265.4281284,228.8698204,230.127286,228.8365722
1072.05,265.6517677,229.0851668,230.3342102,229.0445046
1073.05,265.8230261,229.274788,230.5234908,229.2341951
1074.05,266.1032249,229.4970381,230.7436031,229.4655902
1075.05,266.3569195,229.712772,230.9598422,229.6805618
1076.05,266.5935856,229.9158944,231.1671492,229.8835855
1077.05,266.8389836,230.1345176,231.3751029,230.1033002
1078.05,267.0611342,230.3350188,231.5835325,230.3071815
1079.05,267.3113949,230.5356324,231.7977731,230.5269632
1080.05,267.5176328,230.7373117,231.9885832,230.7346003
1081.05,267.7316945,230.9355646,232.18966,230.9420225
1082.05,267.9523688,231.1442996,232.4157559,231.1473937
1083.05,268.1346115,231.3376504,232.6090023,231.3391734
1084.05,268.3806235,231.5563007,232.8203315,231.5537507
1085.05,268.6407735,231.7700839,233.0286448,231.7593975
1086.05,268.8963591,231.9943082,233.241889,231.9680321
1087.05,269.1116217,232.2068951,233.4443321,232.1712979
1088.05,269.3199989,232.4101969,233.643386,232.3648297
1089.05,269.5979242,232.6327124,233.8704422,232.5807347
1090.05,269.8686478,232.8472965,234.0811063,232.8048158
1091.05,270.1738089,233.0751525,234.3191373,233.0254646
1092.05,270.3701822,233.2843446,234.5243441,233.223281
1093.05,270.6184293,233.4879405,234.7376154,233.4313941
1094.05,270.8175655,233.6893401,234.9350205,233.6254917
1095.05,271.062664,233.9075924,235.1521825,233.8391866
1096.05,271.2097609,234.0886799,235.335419,234.0170998
1097.05,271.4407082,234.3020445,235.5324753,234.2221899
1098.05,271.6709178,234.5077126,235.7408728,234.4315055
1099.05,271.9053047,234.7186648,235.9554945,234.6296311
1100.05,272.1267011,234.9217218,236.1638257,234.8287022
1101.05,272.352766,235.1383543,236.3689397,235.0452345
1102.05,272.5458605,235.3332008,236.553855,235.2522128
1103.05,272.805755,235.5566335,236.7809925,235.4676536
1104.05,273.0498501,235.7788542,236.9986439,235.6736891
1105.05,273.2748673,235.9898251,237.2055475,235.8860865
1106.05,273.527335,236.2057785,237.4186281,236.0937868
1107.05,273.7751201,236.4149925,237.61809,236.2904136
1108.05,274.0125502,236.6253401,237.8236461,236.5141421
1109.05,274.2251089,236.8186542,238.0196409,236.7156658
1110.05,274.4466288,237.021881,238.2274538,236.9307029
1111.05,274.718017,237.2513173,238.4488008,237.1621864
1112.05,274.9530709,237.4492984,238.6514684,237.3667461
1113.05,275.181235,237.6326265,238.8556698,237.5711623
1114.05,275.4184708,237.8436376,239.0725071,237.7901692
1115.05,275.6903369,238.0597857,239.2944847,238.0101731
1116.05,275.9544233,238.2772736,239.5166584,238.2211503
1117.05,276.2052804,238.4970129,239.7256522,238.4380626
1118.05,276.402484,238.6935066,239.9180938,238.623543
1119.05,276.6304134,238.899546,240.1237405,238.8327285
1120.05,276.8595134,239.1014831,240.3337015,239.0565151
1121.05,277.0771842,239.3083349,240.5456969,239.2648271
1122.05,277.2682128,239.5084311,240.7464912,239.4644908
1123.05,277.5260212,239.7342701,240.9656718,239.6772929
1124.05,277.8128199,239.9683952,241.1824222,239.8974563
1125.05,278.0534437,240.1831026,241.3917888,240.1107958
1126.05,278.2578477,240.3947057,241.5988083,240.310319
1127.05,278.4439421,240.5833279,241.7924415,240.5029359
1128.05,278.7036992,240.7983767,242.0190918,240.7126161
1129.05,278.9265608,241.0062873,242.2097541,240.922808
1130.05,279.1894181,241.215896,242.4391828,241.1371875
1131.05,279.4786644,241.4370773,242.6742995,241.3692434
1132.05,279.7077001,241.6465495,242.8823359,241.5674508
1133.05,279.9361741,241.852926,243.0860101,241.760113
1134.05,280.18529,242.0622495,243.2992777,241.9806274
1135.05,280.4646864,242.2815055,243.5291205,242.2075223
1136.05,280.6414469,242.462051,243.7247753,242.3897939
1137.05,280.8623961,242.6729667,243.9185857,242.5963422
1138.05,281.0440787,242.8640048,244.1130245,242.768487
1139.05,281.3204427,243.0841472,244.3428845,242.9865051
1140.05,281.5769622,243.3017927,244.5598427,243.204181
1141.05,281.8096588,243.5039603,244.7713891,243.4063995
1142.05,282.041603,243.700959,244.9739407,243.6213569
1143.05,282.3442972,243.9245502,245.2000604,243.843559
1144.05,282.5838001,244.1380843,245.4070448,244.0555111
1145.05,282.8726363,244.3638624,245.6342255,244.2786033
1146.05,283.1332626,244.5835688,245.849555,244.4989706
1147.05,283.3753685,244.7875801,246.062681,244.7151776
1148.05,283.684186,245.0209171,246.2883688,244.9377255
1149.05,283.9006905,245.2352861,246.4891468,245.1492442
1150.05,284.0976119,245.4274072,246.684029,245.3364537
1151.05,284.2950878,245.6222286,246.8798618,245.5212133
1152.05,284.5067052,245.823927,247.0791351,245.7294173
1153.05,284.7643042,246.0445451,247.3038433,245.9430493
1154.05,284.959481,246.2403115,247.5086645,246.1455072
1155.05,285.2495449,246.4632105,247.7332279,246.3746293
1156.05,285.5166456,246.6847174,247.9473042,246.5919863
1157.05,285.7174952,246.8848928,248.1368415,246.7890284
1158.05,285.9751741,247.0999682,248.3563424,246.9932815
1159.05,286.2190879,247.3065849,248.561498,247.216874
1160.05,286.4113315,247.503915,248.76115,247.4163582
1161.05,286.5753947,247.6863585,248.9588462,247.6015733
1162.05,286.796133,247.8860155,249.1727547,247.8111685
1163.05,287.0583694,248.099521,249.3992403,248.0172058
1164.05,287.3114766,248.3122264,249.6044369,248.2152983
1165.05,287.5471086,248.5175475,249.8202674,248.425785
1166.05,287.8465211,248.7562644,250.049031,248.6499037
1167.05,288.1484573,248.9828297,250.28833,248.8786081
1168.05,288.3813182,249.1938668,250.5013283,249.093624
1169.05,288.6269233,249.405994,250.7133985,249.299918
1170.05,288.8978523,249.6209778,250.9378242,249.5300919
1171.05,289.2001278,249.8634759,251.1664211,249.7592496
1172.05,289.4565846,250.0785707,251.3610525,249.9749442
1173.05,289.691804,250.2777637,251.5724487,250.1948109
1174.05,289.9930191,250.5068279,251.7961708,250.4267785
1175.05,290.2058278,250.7005803,251.9871894,250.6200007
1176.05,290.4179634,250.8926627,252.1824041,250.8210962
1177.05,290.6331157,251.0912071,252.392664,251.0211383
1178.05,290.847487,251.2894,252.5988258,251.220938
1179.05,291.0926452,251.5030441,252.804996,251.4307853
1180.05,291.3051922,251.706417,252.9916869,251.6208144
1181.05,291.5480207,251.9213302,253.2050376,251.8230277
1182.05,291.8386262,252.1416045,253.4313609,252.0590999
1183.05,292.0733112,252.3549813,253.6362572,252.2567784
1184.05,292.264951,252.5489419,253.8219531,252.4521576
1185.05,292.4858298,252.7423165,254.0273676,252.6598965
1186.05,292.8220341,252.980907,254.2749443,252.8982145
1187.05,293.1020489,253.1983718,254.502737,253.1355607
1188.05,293.3646163,253.4109758,254.7206725,253.3510967
1189.05,293.6143861,253.6274353,254.9404228,253.5605176
1190.05,293.8929238,253.8475969,255.1505922,253.7850282
1191.05,294.1756261,254.0659934,255.3777021,254.0040853
1192.05,294.4029517,254.2583588,255.5704482,254.2196331
1193.05,294.6770456,254.4829788,255.7759017,254.430339
1194.05,294.9015214,254.6819818,255.9724821,254.6301528
1195.05,295.1753798,254.8925781,256.1947001,254.8532046
1196.05,295.4567472,255.0977943,256.4156001,255.0657157
1197.05,295.6259073,255.2809111,256.6001164,255.2523102
1198.05,295.9443735,255.5060017,256.8464795,255.4773979
1199.05,296.106379,255.6808162,257.0235788,255.6602503
1200.05,296.3212988,255.8675577,257.2241773,255.8713236
1201.05,296.5287518,256.0616381,257.4207915,256.079398
1202.05,296.6541877,256.243645,257.5924637,256.2551996
1203.05,296.9323335,256.4616893,257.8079525,256.482791
1204.05,297.1421674,256.6737408,258.0154605,256.6897364
1205.05,297.3780138,256.8927329,258.2098822,256.8946523
1206.05,297.6402464,257.1093686,258.4331819,257.1006912
1207.05,297.8518129,257.3160952,258.6473154,257.3128
1208.05,298.0136095,257.5092352,258.8316017,257.4951919
1209.05,298.2720402,257.7249337,259.0452003,257.710568
1210.05,298.5620241,257.9517544,259.275359,257.9365009
1211.05,298.8487791,258.1716409,259.500354,258.1741125
1212.05,299.0664958,258.3713178,259.6980878,258.3784405
1213.05,299.2750906,258.5704986,259.8998354,258.5829434
1214.05,299.5415498,258.8012227,260.1306764,258.8043576
1215.05,299.7522615,259.0071148,260.3394502,259.0113133
1216.05,299.9326961,259.1968978,260.5353981,259.2047782
1217.05,300.1818467,259.4066594,260.7337574,259.4193026
1218.05,300.3885511,259.611874,260.936209,259.6130195
1219.05,300.6421755,259.8266167,261.1439275,259.8097853
1220.05,300.8978331,260.0402856,261.3554049,260.0160874
1221.05,301.1710098,260.2606232,261.5785222,260.2310365
1222.05,301.4441046,260.4917177,261.7966436,260.4636107
1223.05,301.7223325,260.717791,261.9967061,260.6894444
1224.05,301.9591088,260.9268369,262.2096824,260.9021504
1225.05,302.2124203,261.1411877,262.420159,261.1266218
1226.05,302.3967985,261.3356412,262.6222452,261.3223604
1227.05,302.6202355,261.542189,262.8194863,261.5235829
1228.05,302.8235687,261.7330645,263.0130361,261.7222569
1229.05,303.0253926,261.9307407,263.213424,261.9121617
1230.05,303.291081,262.1468401,263.4317177,262.1289051
1231.05,303.5202875,262.3538255,263.6344029,262.3317255
1232.05,303.7326493,262.5600377,263.83748,262.5310534
1233.05,303.9154732,262.7666224,264.0222673,262.72675
1234.05,304.173747,262.9825914,264.2442875,262.9462928
1235.05,304.4477441,263.201153,264.463841,263.1698479
1236.05,304.7558254,263.429426,264.6856321,263.395001
1237.05,304.9736892,263.6361694,264.8830035,263.5960031
1238.05,305.1753377,263.8392213,265.0911476,263.8072519
1239.05,305.400635,264.0387216,265.3122125,264.0033109
1240.05,305.603057,264.2438529,265.5083557,264.1949733
1241.05,305.8946906,264.4777742,265.7332344,264.4121068
1242.05,306.137291,264.6759992,265.9631851,264.6310113
1243.05,306.417182,264.9035166,266.1973133,264.8491445
1244.05,306.6439191,265.1134423,266.4010733,265.046441
1245.05,306.8758561,265.3188805,266.6199489,265.2573043
1246.05,307.1208839,265.5279805,266.839109,265.4616438
1247.05,307.3631459,265.7451962,267.051811,265.6725722
1248.05,307.6184239,265.954959,267.279213,265.8924178
1249.05,307.8536763,266.1618467,267.4892254,266.0871592
1250.05,308.0511273,266.3717338,267.6847815,266.2899737
1251.05,308.3032622,266.5875356,267.9054374,266.5081534
1252.05,308.5435326,266.8034741,268.1236257,266.7301393
1253.05,308.7724634,267.0031597,268.3279442,266.9354101
1254.05,308.9813258,267.2020886,268.534926,267.1308352
1255.05,309.210561,267.4132486,268.7428316,267.3311045
1256.05,309.4512407,267.6240825,268.9460168,267.546314
1257.05,309.7142163,267.837942,269.1627915,267.7631819
1258.05,309.9316826,268.0398953,269.3590509,267.9675497
1259.05,310.1493442,268.252067,269.5715891,268.16344
1260.05,310.3515027,268.4338377,269.7665393,268.355996
1261.05,310.6144191,268.6504058,269.9886265,268.5714562
1262.05,310.8326893,268.8634213,270.1925236,268.7623376
1263.05,311.0859793,269.072856,270.3945357,268.9721831
1264.05,311.337807,269.2883663,270.6030814,269.1769017
1265.05,311.5870249,269.5141542,270.8153945,269.3838807
1266.05,311.8610102,269.7357831,271.0437608,269.5914049
1267.05,312.0906076,269.9402544,271.2541007,269.7913945
1268.05,312.3388042,270.14559,271.4569101,269.9993488
1269.05,312.5556104,270.3368469,271.65346,270.2008797
1270.05,312.7782337,270.5370854,271.8433418,270.416035
1271.05,313.0554888,270.7482876,272.0620027,270.6449116
1272.05,313.2667078,270.9538887,272.257721,270.8510043
1273.05,313.4984388,271.1555057,272.4702862,271.0563952
1274.05,313.7452574,271.3621112,272.6822497,271.2730753
1275.05,313.9908732,271.5727313,272.8904493,271.485638
1276.05,314.2645708,271.7955382,273.1016478,271.6972843
1277.05,314.5020498,272.0074898,273.300482,271.8979995
1278.05,314.7368463,272.2197289,273.5143968,272.0968337
1279.05,314.9668899,272.4310681,273.7195618,272.3044663
1280.05,315.1802787,272.6458364,273.9122731,272.5002547
1281.05,315.4206751,272.8496244,274.1185043,272.6997766
1282.05,315.6405292,273.0508859,274.3212544,272.8887676
1283.05,315.9281551,273.2771943,274.5440755,273.1138201
1284.05,316.1885475,273.4945233,274.7631724,273.3188223
1285.05,316.4359509,273.7049971,274.9739415,273.5196336
1286.05,316.6404669,273.9010482,275.1653461,273.7188622
1287.05,316.9225321,274.1140785,275.3975832,273.9338189
1288.05,317.13219,274.3098498,275.5824915,274.1265043
1289.05,317.3695186,274.5199391,275.7943066,274.3326461
1290.05,317.568335,274.7111112,275.9912754,274.5198799
1291.05,317.8132741,274.9252944,276.2020616,274.7297383
1292.05,318.1024395,275.1566961,276.4265943,274.95168
1293.05,318.3061746,275.3517892,276.6248837,275.1629549
1294.05,318.6088207,275.5807934,276.849941,275.3890362
1295.05,318.8523282,275.7939416,277.0640723,275.6000065
1296.05,319.104488,276.0180691,277.2756461,275.8099408
1297.05,319.3845759,276.2370204,277.5019748,276.0256677
1298.05,319.5554289,276.4222405,277.6822695,276.2118207
1299.05,319.8047014,276.6404719,277.9174043,276.4218541
1300.05,320.0873787,276.8575002,278.1481779,276.6463584
1301.05,320.2869914,277.0504572,278.3553829,276.8479668
1302.05,320.5055006,277.2493659,278.5658893,277.0487866
1303.05,320.7621759,277.4565057,278.7844231,277.2695177
1304.05,321.000933,277.6483203,278.9840192,277.4677852
1305.05,321.2234168,277.8608677,279.1919889,277.665819
1306.05,321.4677414,278.0731425,279.4020002,277.8693429
1307.05,321.7035008,278.2905587,279.6059534,278.0786435
1308.05,321.939344,278.4882998,279.8115576,278.278538
1309.05,322.2127446,278.7103751,280.0328655,278.4921639
1310.05,322.4311574,278.9164614,280.2446997,278.7037027
1311.05,322.6788428,279.1315203,280.4700188,278.9097713
1312.05,322.8894485,279.338623,280.6751927,279.1198031
1313.05,323.1174999,279.5499941,280.8850454,279.3334671
1314.05,323.3770762,279.7676349,281.0973741,279.5527838
1315.05,323.53577,279.9612995,281.2895997,279.7299562
1316.05,323.8445525,280.1865778,281.5153046,279.9666842
1317.05,324.1298533,280.4093504,281.7310572,280.1919737
1318.05,324.4460359,280.6519128,281.9720575,280.4245016
1319.05,324.6528859,280.8510794,282.1754518,280.6168758
1320.05,324.8746706,281.0630074,282.3858092,280.8203538
1321.05,325.1143632,281.2807109,282.5906231,281.0270641
1322.05,325.2456442,281.4663682,282.7753513,281.2144503
1323.05,325.4948277,281.686965,282.989208,281.4238974
1324.05,325.6533845,281.8702737,283.1666133,281.6046432
1325.05,325.9653273,282.0969534,283.397732,281.8278081
1326.05,326.2471904,282.3223158,283.6209826,282.0480266
1327.05,326.505727,282.5456267,283.8456779,282.2721091
1328.05,326.7824583,282.7619254,284.0582556,282.4997277
1329.05,326.9629508,282.9581343,284.2510805,282.6833571
1330.05,327.1554459,283.157202,284.450757,282.874065
1331.05,327.4368528,283.3717705,284.6755015,283.098714
1332.05,327.7021144,283.5819092,284.9009225,283.3267236
1333.05,327.9345399,283.7756626,285.1137173,283.5398824
1334.05,328.1387741,283.9750685,285.3067379,283.7323945
1335.05,328.4325769,284.2004328,285.5333189,283.9589017
1336.05,328.6449118,284.397709,285.736006,284.1658222
1337.05,328.9274912,284.6228563,285.9564141,284.3908699
1338.05,329.1179188,284.8181855,286.1528904,284.587598
1339.05,329.3732075,285.0233088,286.3604551,284.7894267
1340.05,329.6438265,285.23642,286.5797101,285.0069525
1341.05,329.8676303,285.4477069,286.7718943,285.2216539
1342.05,330.1617958,285.684175,286.9981355,285.4562577
1343.05,330.3798823,285.884834,287.1998348,285.6666531
1344.05,330.6709129,286.1117803,287.426363,285.8915107
1345.05,330.8560736,286.3063786,287.6309562,286.0823897
1346.05,331.0865245,286.5201014,287.8408646,286.2889324
1347.05,331.3228538,286.7265664,288.051678,286.4947792
1348.05,331.5595897,286.9345129,288.2585945,286.6997082
1349.05,331.8057955,287.1329471,288.4654001,286.9152133
1350.05,332.0557953,287.3523579,288.6704779,287.1254713
1351.05,332.2446537,287.5458572,288.874551,287.3231372
1352.05,332.4474348,287.7464161,289.0881068,287.5282022
1353.05,332.6645248,287.9464567,289.3063422,287.7389037
1354.05,332.9555365,288.1762631,289.5386871,287.9604262
1355.05,333.1755982,288.3836185,289.7503579,288.157954
1356.05,333.3429716,288.5762381,289.9355569,288.3377606
1357.05,333.6251347,288.7959566,290.1581191,288.5528768
1358.05,333.889765,289.0029016,290.3668608,288.7779942
1359.05,334.0333575,289.1694832,290.5329149,288.9577797
1360.05,334.2118799,289.352759,290.7246885,289.1513378
1361.05,334.4220865,289.5487098,290.9266575,289.3467398
1362.05,334.642944,289.7576232,291.1250555,289.5446858
1363.05,334.8350807,289.9555089,291.3201468,289.7408814
1364.05,335.0428121,290.1623653,291.5258866,289.9376388
1365.05,335.2321298,290.3673845,291.7254813,290.1280607
1366.05,335.4915424,290.5837508,291.9397154,290.3384363
1367.05,335.690747,290.7749542,292.1336394,290.537844
1368.05,335.9572592,290.9928572,292.3538473,290.7559887
1369.05,336.167805,291.1768389,292.5469837,290.9613795
1370.05,336.4800114,291.411972,292.7802797,291.1988366
1371.05,336.7227371,291.6192141,292.9904752,291.4039901
1372.05,336.9497491,291.848147,293.1967874,291.6161217
1373.05,337.2144479,292.0545778,293.4091199,291.8405704
1374.05,337.4370653,292.2452952,293.6052585,292.0433279
1375.05,337.6776692,292.4485309,293.8125256,292.2394486
1376.05,337.8680604,292.6361426,293.9979225,292.4286337
1377.05,338.0965383,292.8494301,294.2005908,292.6327532
1378.05,338.3190823,293.0611222,294.4106659,292.8415522
1379.05,338.5576027,293.2740525,294.6315378,293.0674134
1380.05,338.8301035,293.4775067,294.8578115,293.2892769
1381.05,339.0911013,293.6884137,295.085698,293.4973691
1382.05,339.3603979,293.8962058,295.3079627,293.7227273
1383.05,339.5888027,294.103801,295.5089381,293.9358409
1384.05,339.7923256,294.2992846,295.6984759,294.1330062
1385.05,339.995826,294.4864932,295.8915275,294.327939
1386.05,340.240185,294.7004003,296.1080221,294.5459605
1387.05,340.4599098,294.9064951,296.3092181,294.7383338
1388.05,340.7655057,295.1490539,296.5371424,294.975417
1389.05,341.0261124,295.3650831,296.7562609,295.1835515
1390.05,341.2593294,295.5724974,296.9663184,295.3892068
1391.05,341.4920024,295.7854502,297.1761517,295.5852347
1392.05,341.6853393,295.9753267,297.3741218,295.7820346
1393.05,341.9069114,296.1729541,297.5700152,295.97531
1394.05,342.2484326,296.4087487,297.8143172,296.2136313
1395.05,342.4562078,296.6040834,298.0147418,296.4182477
1396.05,342.6714193,296.8066212,298.2087742,296.6125587
1397.05,342.8446662,297.0014633,298.3944775,296.8027542
1398.05,343.1083186,297.2251438,298.6186547,297.025835
1399.05,343.3242675,297.4190948,298.816519,297.2332973
1400.05,343.5107713,297.6206319,299.009806,297.4169042
1401.05,343.6816813,297.8179105,299.2003629,297.5931304
1402.05,343.8653674,298.0077371,299.3993585,297.7849024
1403.05,344.0992753,298.2024675,299.6022227,297.9792216
1404.05,344.3821718,298.4377084,299.823535,298.209213
1405.05,344.5688986,298.6263689,300.0258644,298.3965116
1406.05,344.8197771,298.8451608,300.2371914,298.6092255
1407.05,345.0682483,299.0649384,300.4571977,298.825357
1408.05,345.3248121,299.2813439,300.6763354,299.0522815
1409.05,345.5808675,299.495694,300.8911294,299.2728202
1410.05,345.7716459,299.6849854,301.092928,299.4644321
1411.05,346.1113988,299.9315824,301.3384781,299.6935191
1412.05,346.2321371,300.0854699,301.5055701,299.862706
1413.05,346.4953189,300.3051713,301.7256582,300.0716668
1414.05,346.7351827,300.5136323,301.9255612,300.2860599
1415.05,346.9634425,300.7145506,302.1244194,300.4971962
1416.05,347.1757792,300.9160528,302.3370556,300.6998456
1417.05,347.4545221,301.1373831,302.5614571,300.926843
1418.05,347.6591886,301.3364629,302.7556156,301.1227366
1419.05,347.8768666,301.5376023,302.9555385,301.3221575
1420.05,348.058529,301.7397598,303.1433887,301.5115707
1421.05,348.3188191,301.95047,303.3687764,301.7158702
1422.05,348.5239665,302.1439013,303.5598997,301.9048801
1423.05,348.7441351,302.3529322,303.7642093,302.1063635
1424.05,348.9127688,302.5412429,303.964929,302.305136
1425.05,349.0727447,302.7294574,304.1560419,302.488446
1426.05,349.2448389,302.9112626,304.3383953,302.6722964
1427.05,349.5027729,303.1119733,304.5479924,302.8782922
1428.05,349.7704989,303.3219603,304.7664301,303.0966824
1429.05,349.9762315,303.5182689,304.9544856,303.2962688
1430.05,350.1894592,303.7250313,305.1594621,303.4935327
1431.05,350.3961386,303.9267112,305.3590385,303.6920239
1432.05,350.54889,304.1042912,305.5425775,303.8673117
1433.05,350.8177874,304.3192136,305.7735054,304.0745384
1434.05,351.1143961,304.5320864,305.9886576,304.2993533
1435.05,351.316767,304.7295594,306.1720373,304.4978506
1436.05,351.5166608,304.9226203,306.3645922,304.6801662
1437.05,351.7053271,305.1334101,306.5654442,304.8747438
1438.05,351.9172954,305.3319836,306.7706112,305.0746798
1439.05,352.1507115,305.54471,306.9816858,305.2856703
1440.05,352.3820057,305.7435153,307.1893746,305.5023562
1441.05,352.5870702,305.9320853,307.3960577,305.6906774
1442.05,352.8470194,306.163926,307.6122843,305.9021582
1443.05,352.997216,306.3428064,307.7911672,306.0767258
1444.05,353.2466735,306.5549957,307.993044,306.2930913
1445.05,353.5008313,306.7563771,308.2129381,306.5051224
1446.05,353.733342,306.9558482,308.4196218,306.700891
1447.05,354.0080995,307.1816427,308.6420046,306.9312569
1448.05,354.2640616,307.389192,308.8639661,307.1518344
1449.05,354.5131245,307.603666,309.0762682,307.3573138
1450.05,354.7893356,307.8316071,309.300208,307.571987
1451.05,355.0188748,308.0277807,309.5170559,307.7786366
1452.05,355.2853825,308.2328285,309.7410407,307.9973266
1453.05,355.5288039,308.4407324,309.9489966,308.203251
1454.05,355.8015741,308.6592895,310.1825546,308.4261561
1455.05,356.0633815,308.869696,310.4049202,308.6460018
1456.05,356.2693605,309.0763774,310.6152298,308.8386019
1457.05,356.4870165,309.267159,310.8229088,309.0506057
1458.05,356.7676532,309.4891675,311.0461057,309.277973
1459.05,356.9562792,309.6799242,311.2492163,309.4740013
1460.05,357.2594637,309.9107762,311.4694296,309.7065382
1461.05,357.4609088,310.1052546,311.6656755,309.8931695
1462.05,357.7112008,310.3224271,311.8783288,310.106689
1463.05,357.9566603,310.5352464,312.0958667,310.315953
1464.05,358.3085977,310.7749216,312.3514662,310.5607371
1465.05,358.524838,310.9785055,312.5619957,310.7615122
1466.05,358.7708111,311.1887098,312.7819435,310.9698366
1467.05,359.0552131,311.4038524,313.0030707,311.1938135
1468.05,359.2797841,311.5940949,313.203826,311.3909451
1469.05,359.5302994,311.8059282,313.4108219,311.5913352
1470.05,359.7495933,312.0054844,313.6192246,311.7890613
1471.05,359.9741557,312.1993079,313.8362974,311.9906394
1472.05,360.185597,312.4036096,314.0429793,312.1886261
1473.05,360.4368906,312.6120774,314.2570887,312.3961044
1474.05,360.6584474,312.8121413,314.4589837,312.5916902
1475.05,360.9142841,313.0176367,314.6815673,312.807663
1476.05,361.1377917,313.2160506,314.8935397,313.0044358
1477.05,361.3617016,313.4298564,315.1008812,313.2129102
1478.05,361.5826523,313.6283219,315.3059659,313.4079733
1479.05,361.8456768,313.8366047,315.5309289,313.6322826
1480.05,362.1320017,314.0553496,315.7365076,313.8417553
1481.05,362.3435173,314.2660469,315.9542338,314.0518759
1482.05,362.6334945,314.4860683,316.1858514,314.2775041
1483.05,362.8353802,314.6857274,316.3845942,314.4692349
1484.05,363.1007246,314.9143427,316.6116922,314.6870034
1485.05,363.396488,315.1392108,316.8363507,314.9226103
1486.05,363.5931293,315.3309389,317.0256045,315.1031656
1487.05,363.8684935,315.539238,317.2334,315.3192683
1488.05,364.0944883,315.7457521,317.4403278,315.5271144
1489.05,364.3515925,315.9712149,317.6568893,315.7381713
1490.05,364.6876768,316.2087227,317.8908856,315.9721069
1491.05,364.910371,316.4138749,318.0975837,316.1861248
1492.05,365.1391226,316.6097193,318.3014646,316.3971833
1493.05,365.365048,316.8092411,318.5007803,316.5954593
1494.05,365.6945086,317.0375742,318.7516675,316.8326905
1495.05,365.8964771,317.2273123,318.9441241,317.0254892
1496.05,366.1574687,317.442584,319.1571023,317.2540013
1497.05,366.4062,317.6555656,319.3626941,317.4607902
1498.05,366.6278562,317.8533217,319.5640702,317.6544214
1499.05,366.8965955,318.0661832,319.7781954,317.8760835
1500.05,367.1320275,318.2787517,319.9804642,318.0803671
1501.05,367.4581317,318.5148664,320.2190095,318.3059456
1502.05,367.7509879,318.7273411,320.4380907,318.5406025
1503.05,368.0083963,318.9339102,320.640118,318.7522719
1504.05,368.264684,319.1329437,320.8399831,318.9588363
1505.05,368.5356472,319.3600258,321.0606048,319.180528
1506.05,368.7573921,319.5676127,321.2637606,319.3831284
1507.05,368.9595969,319.7653026,321.4648147,319.5806003
1508.05,369.2303162,319.9914915,321.6680551,319.7959803
1509.05,369.5785737,320.2358182,321.9245331,320.0539433
1510.05,369.8235683,320.4450066,322.1255218,320.2579343
1511.05,370.0728942,320.654892,322.34635,320.4779471
1512.05,370.3386749,320.8615607,322.5584944,320.6944975
1513.05,370.5517571,321.0548682,322.754908,320.9026187
1514.05,370.7908359,321.2697804,322.9702522,321.1259968
1515.05,371.0152302,321.4683414,323.1645122,321.3389867
1516.05,371.2263675,321.6602111,323.3526918,321.5411357
1517.05,371.4744699,321.8708181,323.5694207,321.7515127
1518.05,371.7083349,322.0821894,323.7727944,321.9455547
1519.05,371.9440283,322.2870676,323.9806609,322.1574895
1520.05,372.1752335,322.5004062,324.1878856,322.3711256
1521.05,372.419582,322.7161161,324.4016214,322.5862838
1522.05,372.6774644,322.9217869,324.6198054,322.783417
1523.05,372.9029962,323.1141127,324.8248844,322.9956746
1524.05,373.1597347,323.327988,325.0342667,323.2202508
1525.05,373.4171638,323.5448806,325.2546032,323.4233841
1526.05,373.6357261,323.7477247,325.4603435,323.6160202
1527.05,373.8634825,323.9496549,325.6654601,323.8193749
1528.05,374.130412,324.1625622,325.8824693,324.0291273
1529.05,374.4040629,324.3804605,326.10626,324.2448939
1530.05,374.6646431,324.5798426,326.302355,324.4691403
1531.05,374.8697362,324.7882287,326.4998243,324.6621909
1532.05,375.097809,324.9915406,326.7066143,324.8791078
1533.05,375.329247,325.1949447,326.9112159,325.0949354
1534.05,375.6106913,325.4121791,327.1374804,325.3205281
1535.05,375.8800496,325.6239165,327.3625768,325.5391521
1536.05,376.144178,325.8403413,327.5773553,325.7591363
1537.05,376.3638999,326.0376213,327.7796673,325.9613781
1538.05,376.5527318,326.2331094,327.9718607,326.1596154
1539.05,376.7457324,326.4299043,328.1677506,326.3653485
1540.05,376.993775,326.6245885,328.3810595,326.5898757
1541.05,377.1863738,326.82915,328.5801237,326.7837576
1542.05,377.3745201,327.0153888,328.7749592,326.9713507
1543.05,377.6628459,327.2419329,328.9980074,327.1878883
1544.05,377.887961,327.4644745,329.1960167,327.3915853
1545.05,378.1013746,327.665494,329.3885075,327.5923043
1546.05,378.3107669,327.8764732,329.5898822,327.7914177
1547.05,378.4710212,328.060978,329.772538,327.9785535
1548.05,378.6801134,328.2628368,329.963887,328.1756904
1549.05,378.8236992,328.432692,330.1430627,328.3400607
1550.05,379.0920574,328.6552781,330.3780846,328.5586108
1551.05,379.3953142,328.8879432,330.5923854,328.7838766
1552.05,379.628131,329.0937447,330.7889024,328.9821913
1553.05,379.8087986,329.294258,330.9767119,329.174316
1554.05,380.0056812,329.487899,331.1807266,329.3629597
1555.05,380.2322841,329.6960978,331.3890435,329.5733016
1556.05,380.4908175,329.9090758,331.6128131,329.78025
1557.05,380.7655637,330.1306605,331.8398434,330.0037468
1558.05,380.9662194,330.3239996,332.04716,330.1943029
1559.05,381.2747525,330.5528198,332.2797808,330.4308211
1560.05,381.5284899,330.7492508,332.4869382,330.6349912
1561.05,381.80088,330.9675899,332.711167,330.8517211
1562.05,382.0282123,331.1689806,332.9209351,331.0763462
1563.05,382.245275,331.3577829,333.1220483,331.2795537
1564.05,382.4598636,331.5629808,333.3177952,331.4673943
1565.05,382.6991938,331.7783892,333.535723,331.6815365
1566.05,382.961718,331.9894665,333.7512694,331.8968542
1567.05,383.0815875,332.1551122,333.925955,332.0683731
1568.05,383.3108712,332.3743017,334.1361876,332.2852447
1569.05,383.5741277,332.5925848,334.372073,332.5154809
1570.05,383.7755957,332.7817498,334.5804766,332.712342
1571.05,384.0912666,333.0089057,334.8152562,332.9452218
1572.05,384.2658806,333.2114059,335.0087475,333.1530289
1573.05,384.5291837,333.4300873,335.2291143,333.356685
1574.05,384.7888571,333.6551674,335.4481738,333.5761204
1575.05,385.005261,333.8589605,335.6534016,333.7889092
1576.05,385.2242836,334.0640376,335.8638536,333.9794377
1577.05,385.4337331,334.2497047,336.0684078,334.1815527
1578.05,385.6317264,334.4319271,336.2631024,334.3732664
1579.05,385.8373036,334.6177493,336.4711637,334.5663758
1580.05,386.1070045,334.8389718,336.6930159,334.7830729
1581.05,386.363031,335.0506276,336.90587,334.9955135
1582.05,386.5761469,335.2551152,337.1123376,335.2029147
1583.05,386.8261725,335.4728915,337.3316874,335.4121005
1584.05,387.0170446,335.6686333,337.5225832,335.6081185
1585.05,387.1716118,335.846891,337.7177388,335.7861276
1586.05,387.4735806,336.0864182,337.9510174,336.0325778
1587.05,387.6169381,336.2703343,338.12163,336.2160754
1588.05,387.8948799,336.4925978,338.3401576,336.4365223
1589.05,388.0608292,336.6807956,338.5282667,336.6263017
1590.05,388.2891423,336.8936298,338.7436402,336.8238081
1591.05,388.5321494,337.1095114,338.9560849,337.0382504
1592.05,388.7739304,337.3043345,339.1780462,337.2445016
1593.05,389.0172877,337.5059365,339.3875509,337.4670062
1594.05,389.2697623,337.7135328,339.6000623,337.6727371
1595.05,389.5393807,337.9311299,339.8253759,337.8982484
1596.05,389.7193365,338.1280513,340.0168826,338.0942592
1597.05,389.9364925,338.3394233,340.207618,338.303538
1598.05,390.1485402,338.5331237,340.4049799,338.4922374
1599.05,390.3652482,338.7342974,340.6077695,338.6989757
1600.05,390.615433,338.9395085,340.812929,338.9097806
1601.05,390.7614451,339.12422,340.9967232,339.0920538
1602.05,391.0883508,339.3608374,341.2389911,339.337197
1603.05,391.3246294,339.5681724,341.45249,339.5499683
1604.05,391.544445,339.7613397,341.6560681,339.7510831
1605.05,391.7279572,339.9516031,341.8503794,339.9445402
1606.05,391.9648775,340.1716571,342.0629003,340.1514977
1607.05,392.1557768,340.3682891,342.268043,340.3467929
1608.05,392.3752081,340.5760444,342.4793341,340.5575333
1609.05,392.5738078,340.7756555,342.6802665,340.7468851
1610.05,392.8043826,340.9762402,342.885328,340.9552316
1611.05,392.9941623,341.1681399,343.0781283,341.1477871
1612.05,393.2358916,341.3847279,343.2892655,341.3539601
1613.05,393.4877868,341.6046241,343.502267,341.549657
1614.05,393.8086143,341.8400057,343.7407688,341.7824613
1615.05,394.0837,342.0569336,343.9647645,341.9931035
1616.05,394.2615119,342.2477319,344.1586162,342.1848925
1617.05,394.4753592,342.4442366,344.3576429,342.3886697
1618.05,394.6475976,342.6323575,344.5493761,342.5727468
1619.05,394.9356031,342.8485808,344.7845667,342.7847346
1620.05,395.2672501,343.082704,345.0250989,343.0230664
1621.05,395.4419313,343.2643105,345.2124794,343.2186565
1622.05,395.7435837,343.4830956,345.4329016,343.4490311
1623.05,395.9668711,343.6818375,345.6389753,343.6435413
1624.05,396.1939899,343.8846828,345.8558031,343.8513146
1625.05,396.4909716,344.1104352,346.0727642,344.0700791
1626.05,396.7636264,344.3338561,346.3007775,344.2979007
1627.05,396.9683768,344.5290129,346.5060687,344.4902027
1628.05,397.2429621,344.7439758,346.7204566,344.7000556
1629.05,397.4411541,344.9353145,346.9189293,344.9016086
1630.05,397.6891252,345.1346331,347.130225,345.1136605
1631.05,397.9875334,345.3608125,347.3581074,345.3443068
1632.05,398.2001715,345.5562757,347.5626232,345.5384823
1633.05,398.4658193,345.7725888,347.7788869,345.765382
1634.05,398.6951483,345.9818171,347.9780105,345.9681291
1635.05,398.9441031,346.2014562,348.1992253,346.186081
1636.05,399.1558552,346.392679,348.3852565,346.387433
1637.05,399.4076049,346.6132088,348.6001381,346.5923735
1638.05,399.6695398,346.8361771,348.8280507,346.807856
1639.05,399.9260113,347.0612692,349.0488392,347.012257
1640.05,400.2155789,347.2859791,349.2582975,347.2386291
1641.05,400.4228682,347.4829305,349.4495932,347.4387111
1642.05,400.6165843,347.6773617,349.6409609,347.6343765
1643.05,400.8639717,347.8814295,349.8566961,347.8428519
1644.05,401.0852127,348.0755126,350.0607131,348.0374843
1645.05,401.4036401,348.3091046,350.3025788,348.2749435
1646.05,401.6830405,348.5272094,350.5373184,348.49228
1647.05,401.8920278,348.723804,350.7278692,348.6786514
1648.05,402.2491978,348.9793073,350.9683209,348.9182686
1649.05,402.4940479,349.198392,351.1745635,349.130705
1650.05,402.7008164,349.3927229,351.3646295,349.3318877
1651.05,402.9700016,349.5998247,351.5794935,349.5415277
1652.05,403.2581552,349.8340622,351.7983929,349.7616554
1653.05,403.5087869,350.0541544,351.9982028,349.9676981
1654.05,403.6714008,350.2385834,352.1807354,350.1581284
1655.05,403.7825864,350.4063997,352.3454378,350.3291969
1656.05,403.9552532,350.6025376,352.5317342,350.5180826
1657.05,404.1395683,350.7858042,352.7217769,350.7053652
1658.05,404.4262407,351.0171773,352.9567564,350.9273284
1659.05,404.7334426,351.2488248,353.188885,351.1613133
1660.05,405.0008613,351.4606471,353.4166983,351.3842257
1661.05,405.2673061,351.670593,353.6487031,351.6057607
1662.05,405.4692106,351.873319,353.8547967,351.792783
1663.05,405.7118238,352.086522,354.07364,352.0003533
1664.05,405.8813521,352.2671225,354.2612875,352.1952765
1665.05,406.0797939,352.4721039,354.4745799,352.4000642
1666.05,406.2983884,352.6734256,354.6667584,352.6030178
1667.05,406.470873,352.8559446,354.8483616,352.7853006
1668.05,406.7575252,353.0802391,355.0847362,353.0190843
1669.05,407.0192488,353.2887899,355.3039241,353.228474
1670.05,407.2162216,353.4862211,355.4962344,353.419354
1671.05,407.4682258,353.6951463,355.7158646,353.6315629
1672.05,407.6740659,353.8861208,355.927623,353.8338926
1673.05,407.9180531,354.106434,356.1371621,354.0434422
1674.05,408.0826325,354.2919135,356.3345239,354.2291261
1675.05,408.27673,354.4857326,356.5373458,354.4181336
1676.05,408.580552,354.710373,356.7729595,354.6467516
1677.05,408.8283014,354.9258327,356.9825731,354.85949
1678.05,409.0295274,355.119256,357.1668149,355.0587929
1679.05,409.2743639,355.3317241,357.3884265,355.276804
1680.05,409.4623684,355.5339919,357.5802922,355.4670732
1681.05,409.6462961,355.7202595,357.7665478,355.6586549
1682.05,409.7866083,355.8831391,357.9517083,355.8297709
1683.05,410.0836632,356.1101224,358.1851525,356.0457163
1684.05,410.2788948,356.3011043,358.3794499,356.2470361
1685.05,410.5065236,356.4997802,358.5879633,356.4572786
1686.05,410.7537103,356.7098988,358.8084858,356.6680415
1687.05,411.0771887,356.9551855,359.045955,356.9012109
1688.05,411.3167505,357.1536046,359.2506081,357.0904542
1689.05,411.5742225,357.3572388,359.4679926,357.3046972
1690.05,411.8120894,357.5578021,359.6746014,357.5162112
1691.05,412.0906958,357.7759152,359.8888552,357.7466854
1692.05,412.3312215,357.9928418,360.1012828,357.9599471
1693.05,412.5909971,358.2140858,360.3240741,358.1718707
1694.05,412.7954883,358.415626,360.5278178,358.3691476
1695.05,413.0410451,358.6281142,360.7303757,358.5632538
1696.05,413.2599232,358.8318754,360.9312062,358.7531715
1697.05,413.5256222,359.0429091,361.1530367,358.9614626
1698.05,413.7620084,359.2489236,361.3497741,359.1661361
1699.05,413.9646509,359.4451142,361.5405553,359.3608148
1700.05,414.2090937,359.6606871,361.7455076,359.5744184
1701.05,414.4300313,359.8620304,361.9473333,359.7701508
1702.05,414.591181,360.0425054,362.1338458,359.9526539
1703.05,414.7825689,360.2433182,362.3371735,360.1491561
1704.05,415.0074555,360.4374262,362.5479124,360.3465622
1705.05,415.2901096,360.6535444,362.7703131,360.5701935
1706.05,415.5098221,360.8609917,362.9806603,360.7816009
1707.05,415.7284567,361.0726993,363.1957979,360.9647216
1708.05,415.9896237,361.283302,363.4050592,361.1649086
1709.05,416.229774,361.4903037,363.6239549,361.3872785
1710.05,416.4647375,361.7073924,363.825517,361.5926846
1711.05,416.670931,361.8993717,364.0288129,361.7991436
1712.05,416.8815723,362.1012954,364.2197597,362.0059529
1713.05,417.1010439,362.3106669,364.4159793,362.2106639
1714.05,417.4522565,362.5629162,364.6538149,362.4546416
1715.05,417.6884826,362.7681856,364.8577435,362.6507706
1716.05,417.9531597,362.9783916,365.0789176,362.8621207
1717.05,418.1834003,363.1899475,365.2839081,363.0691495
1718.05,418.3864593,363.3838192,365.4745227,363.2662951
1719.05,418.5961204,363.5767247,365.6647118,363.4592925
1720.05,418.8577938,363.7879566,365.8857815,363.6920567
1721.05,419.0616546,363.9966462,366.086532,363.8842372
1722.05,419.3434549,364.2104223,366.3188845,364.1052979
1723.05,419.5864618,364.4258123,366.5326891,364.3105684
1724.05,419.8469595,364.6368488,366.7630342,364.5398039
1725.05,420.0202119,364.8297633,366.9527487,364.7242055
1726.05,420.2941026,365.0278314,367.1742673,364.9341955
1727.05,420.5149095,365.2302977,367.3888004,365.1356882
1728.05,420.7030904,365.4208613,367.5749098,365.3391634
1729.05,420.9643455,365.6292463,367.797331,365.5483805
1730.05,421.2376964,365.844177,368.0135466,365.7692318
1731.05,421.4890888,366.0632358,368.2307438,365.9894637
1732.05,421.7593549,366.2827159,368.4453827,366.2188278
1733.05,422.0336764,366.4922752,368.6707108,366.4358314
1734.05,422.2521499,366.6861532,368.8781851,366.6393263
1735.05,422.5075598,366.8939992,369.0885081,366.8438702
1736.05,422.7602481,367.1021773,369.3076938,367.0509
1737.05,422.893657,367.271313,369.4783439,367.2185472
1738.05,423.1708005,367.4921294,369.7033671,367.4390315
1739.05,423.4633,367.7241993,369.9305183,367.6587151
1740.05,423.7814289,367.9549906,370.180519,367.8916252
1741.05,423.964498,368.1507999,370.3675649,368.0785476
1742.05,424.2184298,368.3618826,370.5834683,368.2867893
1743.05,424.5083598,368.5916699,370.8182336,368.5142583
1744.05,424.7217656,368.7931919,371.0128965,368.7051825
1745.05,424.9312765,368.9852799,371.2026345,368.8962973
1746.05,425.1205479,369.1673096,371.3818677,369.091098
1747.05,425.4210872,369.3987522,371.6197807,369.3274998
1748.05,425.6633851,369.613805,371.8255726,369.5415604
1749.05,425.9429727,369.8322908,372.0503376,369.7571982
1750.05,426.20623,370.0578541,372.2659545,369.98073
1751.05,426.4231677,370.2654488,372.4747258,370.1752612
1752.05,426.7402882,370.4996913,372.7006189,370.4047033
1753.05,426.9614934,370.700865,372.9056516,370.6104274
1754.05,427.1945756,370.9037621,373.1143251,370.8176436
1755.05,427.3698849,371.0795571,373.2935835,371.0118198
1756.05,427.6081298,371.2912517,373.4984116,371.2128926
1757.05,427.8414059,371.501986,373.7053017,371.4253172
1758.05,428.0410996,371.690842,373.9076522,371.6276835
1759.05,428.3055558,371.9047836,374.1342738,371.8586133
1760.05,428.5433214,372.1134647,374.3392912,372.0599308
1761.05,428.7419653,372.3194989,374.535856,372.2666865
1762.05,428.994487,372.5417401,374.7546668,372.4780461
1763.05,429.2148983,372.74519,374.9512312,372.6774557
1764.05,429.4401936,372.9620135,375.151387,372.8830324
1765.05,429.6222396,373.1546806,375.3489499,373.0683559
1766.05,429.8696849,373.371789,375.5747727,373.29573
1767.05,430.1011013,373.590557,375.7823549,373.4954282
1768.05,430.3273485,373.7888356,375.9792117,373.6976593
1769.05,430.6135771,374.0173335,376.2049786,373.9261439
1770.05,430.914783,374.2433272,376.4300065,374.1659184
1771.05,431.1713357,374.445165,376.6374683,374.3782627
1772.05,431.4379797,374.6667147,376.8605712,374.5834343
1773.05,431.6971457,374.8887343,377.0737321,374.8040392
1774.05,431.9372072,375.0858298,377.2793609,375.0226034
1775.05,432.2136469,375.314411,377.5010435,375.2437494
1776.05,432.4099316,375.515122,377.7066102,375.4342321
1777.05,432.6193889,375.7046085,377.9153823,375.6277148
1778.05,432.8596006,375.9119484,378.1185225,375.8375945
1779.05,433.1513097,376.1346217,378.3412139,376.049157
1780.05,433.4471293,376.3664431,378.5762191,376.2760869
1781.05,433.6993459,376.5751847,378.7861246,376.4826378
1782.05,434.0107393,376.8016987,379.0296306,376.7105642
1783.05,434.1761257,376.9970981,379.2156792,376.8990329
1784.05,434.4128014,377.2094087,379.422416,377.1044261
1785.05,434.5801526,377.4059786,379.6188882,377.2847822
1786.05,434.7733302,377.6000431,379.8098002,377.487901
1787.05,434.9679243,377.7957953,380.0115478,377.685768
1788.05,435.1941575,378.0033377,380.2096841,377.8886226
1789.05,435.4364175,378.2203586,380.4192461,378.1059951
1790.05,435.6476316,378.4179697,380.6057839,378.3110271
1791.05,435.8420298,378.6209929,380.8121903,378.5190719
1792.05,436.1547674,378.8598537,381.0543694,378.7582819
1793.05,436.4165759,379.0667703,381.2725225,378.9810009
1794.05,436.6716645,379.2783707,381.4969705,379.1959932
1795.05,436.8743796,379.4835169,381.701908,379.4020527
1796.05,437.1400532,379.6942765,381.9156198,379.6220168
1797.05,437.3341345,379.8854804,382.109439,379.8202668
1798.05,437.5388764,380.0834408,382.307927,380.0222408
1799.05,437.6843856,380.2566303,382.479819,380.2100028
1800.05,437.8347505,380.4406583,382.6458087,380.395243
1801.05,438.0818695,380.654651,382.8662767,380.5963327
1802.05,438.3398494,380.8623968,383.0877801,380.8139886
1803.05,438.5955282,381.0804855,383.2970426,381.0243048
1804.05,438.8954616,381.2971922,383.5321072,381.2564733
1805.05,439.1533602,381.5070588,383.7400083,381.4513382
1806.05,439.3489073,381.7016836,383.9429682,381.6431954
1807.05,439.6702741,381.9276459,384.1591,381.8629705
1808.05,439.8990529,382.1343782,384.361844,382.0696559
1809.05,440.1439037,382.3429739,384.5781632,382.278624
1810.05,440.4370228,382.5646349,384.8152387,382.5027763
1811.05,440.6001869,382.7503461,384.9957325,382.6911204
1812.05,440.7931508,382.9415135,385.194441,382.8733431
1813.05,441.036646,383.1539002,385.4085882,383.07769
1814.05,441.2683111,383.3670834,385.6167388,383.2917831
1815.05,441.5403825,383.5908536,385.8382254,383.5097986
1816.05,441.7494283,383.7950688,386.0338305,383.7197011
1817.05,442.0458894,384.033816,386.2552156,383.9389557
1818.05,442.2555286,384.228554,386.4544919,384.1387977
1819.05,442.5070894,384.4404812,386.6603509,384.3330555
1820.05,442.738734,384.6410486,386.8598675,384.5369382
1821.05,442.996152,384.8602603,387.0803071,384.7674607
1822.05,443.2383481,385.0712787,387.2888632,384.973694
1823.05,443.4768486,385.2816649,387.5048572,385.1941474
1824.05,443.6719478,385.4705177,387.7062592,385.3904918
1825.05,444.0042145,385.7085338,387.9368245,385.626716
1826.05,444.1995663,385.9050739,388.1292496,385.8193025
1827.05,444.4236099,386.1103872,388.3357504,386.0133501
1828.05,444.6547285,386.3265139,388.5440676,386.2243997
1829.05,444.8763221,386.542639,388.757023,386.4331052
1830.05,445.0928244,386.7398286,388.9606696,386.630674
1831.05,445.3182155,386.9464373,389.1776966,386.8264717
1832.05,445.6475787,387.1853612,389.411549,387.0518047
1833.05,445.8648529,387.3919583,389.6229855,387.2639422
1834.05,446.0909347,387.5942281,389.8211131,387.4593347
1835.05,446.2881142,387.7877847,390.0193894,387.6524539
1836.05,446.5091803,388.0024602,390.222843,387.8559355
1837.05,446.7441675,388.2108467,390.4357199,388.0586401
1838.05,446.9871969,388.4182162,390.6351517,388.2784625
1839.05,447.3164923,388.6410094,390.8679052,388.5165275
1840.05,447.6258029,388.8694719,391.1095759,388.7402485
1841.05,447.913889,389.0996772,391.3364392,388.9615553
1842.05,448.1728096,389.3263586,391.5521217,389.1896116
1843.05,448.3994444,389.519265,391.7436607,389.3928336
1844.05,448.6179048,389.7124941,391.9523325,389.593919
1845.05,448.8662552,389.9203584,392.1653062,389.7992126
1846.05,449.0660934,390.118171,392.3620036,389.9895282
1847.05,449.2931014,390.3152436,392.564418,390.2004503
1848.05,449.5232271,390.5238863,392.7634783,390.4059474
1849.05,449.7812385,390.7458217,392.9800002,390.6285875
1850.05,450.0460094,390.9598657,393.1879123,390.8325521
1851.05,450.2875263,391.1727406,393.4051028,391.0375638
1852.05,450.5350088,391.3944897,393.6118045,391.2541542
1853.05,450.7307586,391.5877454,393.8069582,391.452171
1854.05,450.9008313,391.7772606,393.986365,391.6365094
1855.05,451.1171819,391.9801159,394.196304,391.8470781
1856.05,451.3395089,392.1842872,394.3989342,392.0448236
1857.05,451.5841668,392.3966776,394.6138509,392.2469502
1858.05,451.7881091,392.5912363,394.8155635,392.4416619
1859.05,451.9947304,392.7852576,395.0189524,392.6457285
1860.05,452.2665749,393.0062374,395.2475973,392.872588
1861.05,452.5700155,393.2306867,395.4785783,393.1052924
1862.05,452.7887124,393.4422103,395.6908745,393.3166722
1863.05,453.1038895,393.6864437,395.9233102,393.5499018
1864.05,453.3505627,393.9003726,396.1348163,393.7475569
1865.05,453.5550481,394.1030762,396.3347575,393.9431237
1866.05,453.8219577,394.3205001,396.548412,394.1572278
1867.05,453.9691452,394.505203,396.7294062,394.3422136
1868.05,454.1682969,394.6981541,396.9197883,394.5364848
1869.05,454.4234745,394.9099871,397.1322788,394.7541784
1870.05,454.606755,395.0930633,397.3095505,394.9526118
1871.05,454.8320332,395.2976555,397.5233115,395.1603663
1872.05,455.0853498,395.5154475,397.7336808,395.3640603
1873.05,455.3348302,395.7222173,397.9579017,395.5748379
1874.05,455.5602051,395.9266953,398.1704075,395.7802693
1875.05,455.852191,396.1606376,398.3955069,396.0121739
1876.05,456.0797685,396.3725007,398.5914638,396.2009532
1877.05,456.3424574,396.5918676,398.8196139,396.423542
1878.05,456.6000505,396.8057978,399.0368478,396.6314797
1879.05,456.8674563,397.0111484,399.2654273,396.8383233
1880.05,457.0692675,397.198354,399.4604101,397.0358041
1881.05,457.2908651,397.408089,399.6633326,397.2297646
1882.05,457.5285881,397.6178758,399.8742241,397.4412544
1883.05,457.7775436,397.8309726,400.0755891,397.6518701
1884.05,458.0003494,398.037992,400.2703777,397.8638013
1885.05,458.2621203,398.2542953,400.4800078,398.0893106
1886.05,458.4649186,398.4573316,400.6886802,398.2855262
1887.05,458.7352543,398.6844431,400.9072821,398.5116354
1888.05,458.9787364,398.8908595,401.1179235,398.7265755
1889.05,459.1423079,399.0765541,401.3097787,398.9140284
1890.05,459.3685558,399.2883316,401.5067212,399.1163808
1891.05,459.5408523,399.4682563,401.6856873,399.3029736
1892.05,459.7575098,399.6736031,401.8910963,399.5012401
1893.05,459.9922012,399.8827149,402.1088911,399.7018711
1894.05,460.2552715,400.0986656,402.3151821,399.9160017
1895.05,460.5200621,400.3104605,402.5292715,400.1253516
1896.05,460.7180996,400.5057918,402.7278865,400.336659
1897.05,460.9268663,400.7152453,402.9205439,400.5353604
1898.05,461.0910415,400.9080901,403.1023717,400.7299253
1899.05,461.2930036,401.1159866,403.2997655,400.9266799
1900.05,461.5263808,401.3391824,403.5221444,401.142204
1901.05,461.88685,401.5919982,403.7760943,401.3940728
1902.05,462.1323162,401.8050261,403.989479,401.6080518
1903.05,462.3125208,401.9946738,404.1743216,401.8014308
1904.05,462.6312119,402.2321548,404.4063395,402.0391309
1905.05,462.8659167,402.4351296,404.6210408,402.2410205
1906.05,463.1611683,402.6641165,404.8403021,402.4609871
1907.05,463.4403582,402.8780085,405.0515268,402.6674213
1908.05,463.636002,403.0668571,405.2397721,402.8603849
1909.05,463.8989572,403.2885874,405.4637045,403.0777307
1910.05,464.1567241,403.4987284,405.6732101,403.2886143
1911.05,464.4628926,403.7319842,405.9143321,403.5277522
1912.05,464.7092566,403.9477435,406.1307888,403.7386112
1913.05,464.9719429,404.1608768,406.3356256,403.9512924
1914.05,465.2383093,404.3730991,406.5543757,404.168819
1915.05,465.4157627,404.5580819,406.7344335,404.3427008
1916.05,465.700847,404.7887791,406.9722142,404.5639721
1917.05,465.908127,404.9968324,407.1702176,404.763577
1918.05,466.1316928,405.2090292,407.3567985,404.969651
1919.05,466.3969963,405.433442,407.5763946,405.1875202
1920.05,466.6207305,405.6398816,407.7801683,405.3922495
1921.05,466.8668135,405.8556431,407.9880988,405.6092914
1922.05,467.094449,406.0628243,408.2037836,405.8038812
1923.05,467.3906027,406.2858762,408.4436092,406.0334419
1924.05,467.6599377,406.5060958,408.6745948,406.2693414
1925.05,467.9071313,406.7173715,408.87675,406.4779958
1926.05,468.1405844,406.9260911,409.0897906,406.6895689
1927.05,468.3780457,407.1369142,409.309737,406.9035464
1928.05,468.6323375,407.3468558,409.5297419,407.1113087
1929.05,468.9339578,407.5689958,409.7605911,407.3480904
1930.05,469.2604432,407.8019925,410.0026286,407.5787217
1931.05,469.5711008,408.0423281,410.2361569,407.8057159
1932.05,469.8068993,408.2363909,410.4510417,408.0165685
1933.05,470.1266847,408.4648782,410.6873536,408.2513567
1934.05,470.3850366,408.6812385,410.9194145,408.4655495
1935.05,470.5595185,408.8722265,411.1099521,408.6631837
1936.05,470.7693418,409.0656138,411.3032379,408.8546309
1937.05,471.0643969,409.2926006,411.5255777,409.078756
1938.05,471.2655361,409.4933649,411.7256722,409.2787201
1939.05,471.5242142,409.715496,411.9502032,409.5094088
1940.05,471.821622,409.941718,412.1828736,409.7489548
1941.05,472.110728,410.1726875,412.4060617,409.9798848
1942.05,472.3212038,410.3702401,412.6173578,410.1700737
1943.05,472.5848119,410.6001066,412.8355921,410.3925775
1944.05,472.8533167,410.8180724,413.036263,410.6033916
1945.05,473.0952011,411.0274052,413.2424241,410.81467
1946.05,473.3158033,411.2356361,413.4402517,411.0199601
1947.05,473.5738376,411.4444004,413.6578197,411.225223
1948.05,473.7957328,411.646381,413.8683188,411.4197281
1949.05,473.9292506,411.8283021,414.042669,411.600611
1950.05,474.208135,412.0458614,414.258271,411.8188116
1951.05,474.3988819,412.2450774,414.4659311,412.012966
1952.05,474.6058991,412.4454226,414.656846,412.2091308
1953.05,474.8689171,412.6629884,414.8820356,412.4248883
1954.05,475.1183451,412.8793782,415.0759722,412.633941
1955.05,475.4017005,413.0917164,415.2986353,412.8600009
1956.05,475.6507939,413.3042304,415.5095917,413.0754085
1957.05,475.87107,413.5169725,415.7154787,413.2783783
1958.05,476.0764739,413.723117,415.9192503,413.4846889
1959.05,476.2636073,413.9097093,416.1085626,413.6705671
1960.05,476.4994533,414.1178777,416.3178106,413.8874848
1961.05,476.7650116,414.336602,416.537327,414.103253
1962.05,476.9522106,414.532245,416.7287785,414.2879546
1963.05,477.1295833,414.7246394,416.9157424,414.4766124
1964.05,477.386367,414.9426068,417.1360603,414.6723229
1965.05,477.5788873,415.1337083,417.3315892,414.8701569
1966.05,477.8437019,415.3455873,417.5481751,415.0893918
1967.05,478.0939398,415.5606431,417.7682214,415.3053659
1968.05,478.3522103,415.767208,417.9776617,415.5208044
1969.05,478.5821996,415.9794521,418.1884986,415.7368739
1970.05,478.8200603,416.1773118,418.4026255,415.9548558
1971.05,479.0060201,416.3774745,418.5911415,416.1383937
1972.05,479.2183255,416.5671211,418.8039744,416.3402394
1973.05,479.4243793,416.7833613,418.9980041,416.536122
1974.05,479.6939032,417.0027924,419.2231233,416.7624788
1975.05,479.9747374,417.2255807,419.453192,416.9827478
1976.05,480.2382721,417.4582122,419.671112,417.2083944
1977.05,480.4744171,417.6696664,419.8630377,417.4312937
1978.05,480.7295825,417.8922132,420.0884194,417.6481488
1979.05,481.0151452,418.1244704,420.3096042,417.8733869
1980.05,481.2437628,418.3229834,420.5255033,418.0853166
1981.05,481.4589714,418.529097,420.7390021,418.2806073
1982.05,481.6058952,418.7054671,420.9287519,418.4658435
1983.05,481.8551687,418.9269966,421.1396962,418.6757749
1984.05,481.9970313,419.1125202,421.3221779,418.8594319
1985.05,482.2360177,419.3203554,421.5291978,419.0742087
1986.05,482.5115072,419.5300575,421.7558688,419.3017908
1987.05,482.7660276,419.7622081,421.9764529,419.5151175
1988.05,483.0209915,419.9854623,422.2032415,419.7348313
1989.05,483.320061,420.2118637,422.4450273,419.9566082
1990.05,483.5981397,420.419202,422.6660368,420.1807757
1991.05,483.9165435,420.6632445,422.9162093,420.4205603
1992.05,484.2214535,420.8996757,423.1549205,420.661423
1993.05,484.5271796,421.1259069,423.3731099,420.9029913
1994.05,484.7426836,421.3214872,423.5826471,421.1014491
1995.05,485.0287556,421.5438834,423.8109626,421.3390147
1996.05,485.2926273,421.7526587,424.0259187,421.5607522
1997.05,485.4739281,421.9483932,424.2028254,421.7446632
1998.05,485.6987668,422.1524109,424.4067809,421.9453412
1999.05,485.9085318,422.3546705,424.6058801,422.1497123
2000.05,486.1203691,422.5600258,424.8006238,422.3391523
2001.05,486.3449966,422.7756796,424.9998556,422.5488496
2002.05,486.5655449,422.987643,425.2103099,422.7676603
2003.05,486.9003528,423.2290698,425.4510572,422.9963335
2004.05,487.1445742,423.4365402,425.65731,423.1948236
2005.05,487.3895818,423.6508029,425.8653565,423.407352
2006.05,487.6728917,423.8834142,426.08721,423.6341184
2007.05,487.8502082,424.0618815,426.2763214,423.8136373
2008.05,488.1124302,424.286319,426.4958725,424.0278065
2009.05,488.3094353,424.4748845,426.6932119,424.2158958
2010.05,488.5463935,424.6781646,426.9026998,424.4377344
2011.05,488.8186365,424.9016579,427.1287322,424.6621022
2012.05,489.0606172,425.1071021,427.3325895,424.8805896
2013.05,489.3438144,425.3287821,427.5401969,425.0911158
2014.05,489.5836936,425.5323101,427.7536827,425.301162
2015.05,489.7739312,425.7352396,427.931399,425.4961501
2016.05,489.9915796,425.9320228,428.1329605,425.7000244
2017.05,490.2099797,426.1385517,428.3500389,425.9067169
2018.05,490.5455881,426.3782751,428.5882166,426.1363972
2019.05,490.8176133,426.5889837,428.7958004,426.3525531
2020.05,491.1627076,426.8400457,429.0407664,426.6032962
2021.05,491.3775401,427.0570647,429.2380085,426.8020946
2022.05,491.6112745,427.2696076,429.4460415,427.0131146
2023.05,491.8546738,427.4714038,429.6497852,427.2269882
2024.05,492.1501673,427.6910068,429.8742415,427.4618792
2025.05,492.3710306,427.8966246,430.0865729,427.668132
2026.05,492.5591706,428.0839536,430.2738972,427.8499592
2027.05,492.8210255,428.3103387,430.4977844,428.0660001
2028.05,493.0455794,428.5220297,430.701509,428.2700365
2029.05,493.3874818,428.7527034,430.9390411,428.5077374
2030.05,493.6793364,428.9698233,431.1634731,428.7244731
2031.05,493.9248393,429.1826188,431.3793761,428.9309943
2032.05,494.2026555,429.4039853,431.6135525,429.1508436
2033.05,494.3815256,429.6004615,431.7924433,429.3328764
2034.05,494.6876049,429.8363684,432.0285138,429.55857
2035.05,494.9568007,430.0562004,432.2498636,429.7762733
2036.05,495.282713,430.2905185,432.4835236,430.0094216
2037.05,495.514197,430.5053318,432.6955277,430.210802
2038.05,495.7764443,430.7141941,432.9161803,430.4185231
2039.05,495.9954758,430.920529,433.115938,430.6205557
2040.05,496.2301553,431.1283492,433.3246683,430.8294731
2041.05,496.5147937,431.354306,433.5446078,431.0440054
2042.05,496.7399976,431.5562505,433.7667812,431.2536079
2043.05,497.0073463,431.7811673,433.9733429,431.480413
2044.05,497.2735578,431.9982657,434.1910974,431.6994537
2045.05,497.5456913,432.2079609,434.4141706,431.9200019
2046.05,497.7805368,432.4150966,434.6136986,432.1258598
2047.05,498.0892802,432.6555663,434.8386752,432.3472458
2048.05,498.3542704,432.8810467,435.0678363,432.568682
2049.05,498.6344721,433.1069681,435.2858511,432.7967595
2050.05,498.8890158,433.3159012,435.4951086,433.0019846
2051.05,499.1294414,433.5302297,435.7085729,433.209468
2052.05,499.398774,433.7392506,435.9181109,433.4267766
2053.05,499.6186777,433.9490295,436.1200016,433.6374457
2054.05,499.8702958,434.1609639,436.345038,433.8504836
2055.05,500.0194847,434.3326299,436.5171096,434.0192105
2056.05,500.3131496,434.5576098,436.7387079,434.2498315
2057.05,500.5405419,434.7728489,436.9469692,434.4437124
2058.05,500.8064817,434.9909081,437.1773362,434.6655422
2059.05,500.9843547,435.1791352,437.3683337,434.8541035
2060.05,501.2721926,435.4094637,437.586326,435.0792803
2061.05,501.5268173,435.6246787,437.8020512,435.287859
2062.05,501.7269178,435.8195525,438.0060868,435.4820202
2063.05,501.9712069,436.0389899,438.2181938,435.691667
2064.05,502.2429779,436.2548142,438.4414632,435.9161242
2065.05,502.4596765,436.4564081,438.6390716,436.1276491
2066.05,502.6887337,436.6698912,438.8451018,436.3357016
2067.05,502.8646092,436.8569842,439.0363212,436.5257223
2068.05,503.0887044,437.0509258,439.2368509,436.7153536
2069.05,503.3366639,437.252913,439.4490364,436.9218904
2070.05,503.5787713,437.4665814,439.6585565,437.1272457
2071.05,503.8022403,437.6738687,439.862422,437.3433231
2072.05,504.0359042,437.8913156,440.0700419,437.5435073
2073.05,504.2601583,438.1078623,440.27839,437.7524477
2074.05,504.5153922,438.3254169,440.4892285,437.978171
2075.05,504.7170502,438.5248668,440.6844873,438.1752692
2076.05,505.0259445,438.7582799,440.9141302,438.3999613
2077.05,505.290049,438.9711254,441.12852,438.6279149
2078.05,505.5371265,439.1698724,441.3334166,438.8353218
2079.05,505.7351185,439.3614675,441.531548,439.0328754
2080.05,506.0241182,439.5898455,441.7626991,439.2503223
2081.05,506.3550888,439.8258962,442.0016532,439.4824893
2082.05,506.6203391,440.0466916,442.217346,439.702177
2083.05,506.8311401,440.2486892,442.4196035,439.9028787
2084.05,507.0751567,440.4443662,442.6263792,440.099675
2085.05,507.3325795,440.6549503,442.8520826,440.3211689
2086.05,507.5455505,440.8663395,443.0590959,440.5208791
2087.05,507.7754003,441.0631161,443.2757455,440.7081849
2088.05,507.9636476,441.2623488,443.4681689,440.9010576
2089.05,508.2159873,441.4681798,443.681092,441.1097268
2090.05,508.4951074,441.6958589,443.9023315,441.3293287
2091.05,508.6786522,441.8852322,444.0991349,441.5220709
2092.05,508.9227838,442.096246,444.3157875,441.7281482
2093.05,509.1118791,442.2837827,444.5064758,441.9139955
2094.05,509.3695248,442.4955688,444.7276878,442.1230582
2095.05,509.6099868,442.7041495,444.9406448,442.3368976
2096.05,509.7634904,442.8815603,445.121577,442.5106709
2097.05,509.9984535,443.0879338,445.3276402,442.7105533
2098.05,510.1894662,443.2850329,445.5272399,442.8929938
2099.05,510.4958134,443.5150435,445.763104,443.127902
2100.05,510.7293028,443.717844,445.9661477,443.3337804
2101.05,511.0094409,443.9376216,446.1906165,443.5713447
2102.05,511.2627617,444.1500887,446.3996869,443.7763484
2103.05,511.4496758,444.3343583,446.5848331,443.9711548
2104.05,511.7099288,444.5426018,446.809841,444.1942388
2105.05,511.959045,444.7531325,447.0252177,444.417946
2106.05,512.1768904,444.9392157,447.2210914,444.6267528
2107.05,512.4054487,445.146477,447.4326372,444.835328
2108.05,512.6030651,445.3488608,447.6264431,445.038148
2109.05,512.8184116,445.5505194,447.8246326,445.2515313
2110.05,513.0268858,445.7411752,448.0305252,445.4624228
2111.05,513.2491717,445.9406347,448.2331424,445.6587327
2112.05,513.5090159,446.1497517,448.4457592,445.8802099
2113.05,513.762118,446.3641237,448.662037,446.0891075
2114.05,513.9991734,446.5678657,448.8574817,446.3051117
2115.05,514.2313812,446.7768195,449.0733714,446.5100354
2116.05,514.4665251,446.9770209,449.2797433,446.7008067
2117.05,514.7058308,447.1931751,449.4896318,446.9067316
2118.05,514.920526,447.393221,449.6952494,447.1021785
2119.05,515.1542224,447.5970319,449.8914759,447.3157224
2120.05,515.4046893,447.8011128,450.1093823,447.5207727
2121.05,515.6809116,448.017195,450.3249177,447.7315481
2122.05,515.9494062,448.2341844,450.5466516,447.9509988
2123.05,516.1761184,448.442331,450.7529359,448.1638671
2124.05,516.3899248,448.634373,450.9423621,448.351799
2125.05,516.5826236,448.8339858,451.1395651,448.5484226
2126.05,516.8441873,449.0490665,451.3612137,448.7671944
2127.05,517.0510523,449.2444335,451.56981,448.963154
2128.05,517.3930399,449.4822863,451.8288931,449.1888937
2129.05,517.5809241,449.6752674,452.0359431,449.3915512
2130.05,517.852029,449.8855398,452.2591873,449.6259324
2131.05,518.1030498,450.0868479,452.4668117,449.8342642
2132.05,518.4333532,450.3305272,452.7038169,450.0727682
2133.05,518.6069317,450.5014476,452.8928202,450.2604173
2134.05,518.9213084,450.7319463,453.1286487,450.4963627
2135.05,519.1752569,450.9413311,453.3467769,450.7154853
2136.05,519.4557546,451.1622966,453.5731606,450.9338546
2137.05,519.6546827,451.3495818,453.7755828,451.1331835
2138.05,519.9291754,451.5711077,453.9978011,451.3578918
2139.05,520.1533464,451.7854741,454.2121041,451.5544486
2140.05,520.3902735,451.9910029,454.4228345,451.7691206
2141.05,520.5863554,452.1704431,454.6103429,451.960889
2142.05,520.8268042,452.3748546,454.8257638,452.1772291
2143.05,521.0685955,452.5901209,455.0313035,452.3641508
2144.05,521.2659945,452.7815673,455.2191046,452.5713202
2145.05,521.5686582,453.0035851,455.4391442,452.7928748
2146.05,521.7857522,453.1913891,455.6605727,452.9923455
2147.05,521.9923192,453.3846324,455.8569426,453.1818506
2148.05,522.233068,453.587719,456.0732561,453.3897339
2149.05,522.4354314,453.7783447,456.2601572,453.5893826
2150.05,522.6840985,453.9863581,456.456925,453.808159
2151.05,522.912984,454.1820791,456.6675415,454.0098824
2152.05,523.1851655,454.3946263,456.8848582,454.2450087
2153.05,523.3677552,454.5803204,457.0773351,454.4315847
2154.05,523.6128903,454.7874172,457.2962708,454.6418748
2155.05,523.8344583,455.0041636,457.5068887,454.8537365
2156.05,524.0934705,455.2192128,457.7283338,455.0675445
2157.05,524.3545451,455.4372762,457.941501,455.2744305
2158.05,524.5290709,455.6338154,458.1247454,455.4609981
2159.05,524.7714736,455.8415741,458.3361042,455.673232
2160.05,525.0026429,456.0459513,458.5414691,455.8816129
2161.05,525.2255066,456.2467575,458.7350289,456.0846485
2162.05,525.5071312,456.4684239,458.9638708,456.3056693
2163.05,525.7356753,456.6698675,459.1613627,456.4925224
2164.05,525.9637998,456.8760444,459.3676905,456.6895616
2165.05,526.1589257,457.0714423,459.5630645,456.8947468
2166.05,526.3980296,457.2742768,459.7661279,457.101567
2167.05,526.5951045,457.4679007,459.957653,457.2903507
2168.05,526.8087642,457.6732985,460.1546008,457.4854366
2169.05,527.0820841,457.8958317,460.3797129,457.7239589
2170.05,527.3195742,458.1161286,460.5964584,457.9366828
2171.05,527.5760651,458.3264901,460.8180187,458.1437638
2172.05,527.8350388,458.5313742,461.023527,458.3610351
2173.05,528.0934859,458.7520204,461.2433596,458.5845464
2174.05,528.3317488,458.9521813,461.4450019,458.7880696
2175.05,528.5853678,459.1624004,461.6469257,458.9966011
2176.05,528.8591547,459.3687213,461.8670619,459.2308265
2177.05,529.1508937,459.5945261,462.076779,459.4471912
2178.05,529.4606629,459.8365289,462.307411,459.6795697
2179.05,529.5984859,460.0121028,462.4945755,459.8553875
2180.05,529.7942097,460.1975854,462.688071,460.0479904
2181.05,530.0589602,460.4072652,462.9056325,460.2655013
2182.05,530.3341507,460.6287915,463.1181438,460.4874815
2183.05,530.6153054,460.8652342,463.3434185,460.7069981
2184.05,530.9025114,461.0881706,463.5698032,460.9306795
2185.05,531.1304449,461.2996872,463.7789723,461.1384809
2186.05,531.4709353,461.5349245,464.0129582,461.3820263
2187.05,531.6692153,461.7305997,464.2056524,461.5729503
2188.05,531.922737,461.9451722,464.4239911,461.7836418
2189.05,532.1650633,462.1597511,464.6386678,461.9972913
2190.05,532.4541292,462.390585,464.8715951,462.2122539
2191.05,532.6599922,462.5961489,465.0763409,462.428574
2192.05,532.8893174,462.8046243,465.2624951,462.6172486
2193.05,533.1151294,463.0092087,465.4606465,462.8236267
2194.05,533.3794206,463.2175699,465.6861219,463.0383596
2195.05,533.5447096,463.4156844,465.8824545,463.2252533
2196.05,533.7565013,463.6183531,466.0880248,463.418492
2197.05,534.0435331,463.8474244,466.321067,463.6481737
2198.05,534.3084673,464.0644669,466.5348704,463.8654817
2199.05,534.6221492,464.309399,466.7847787,464.0896772
2200.05,534.8385034,464.5145914,466.9838561,464.2845971
2201.05,535.06436,464.7028404,467.1960673,464.4904538
2202.05,535.2993934,464.9119484,467.4121578,464.6958158
2203.05,535.5784655,465.1385787,467.6338721,464.9155717
2204.05,535.850344,465.3537118,467.8486313,465.1394388
2205.05,536.0576779,465.5585478,468.0485046,465.3455792
2206.05,536.3168023,465.7672646,468.2671008,465.5494725
2207.05,536.5292127,465.9573247,468.4569236,465.7473688
2208.05,536.8472577,466.1935562,468.7019125,465.9884364
2209.05,537.0453018,466.3849122,468.9086472,466.1850203
2210.05,537.2287882,466.585074,469.0860785,466.3799324
2211.05,537.5149656,466.8018388,469.3024735,466.5994051
2212.05,537.7642595,467.0130419,469.5224893,466.8119056
2213.05,537.9483195,467.2076925,469.7094916,467.0010105
2214.05,538.1048532,467.3856251,469.8971736,467.1918437
2215.05,538.3160447,467.580899,470.0999412,467.3779476
2216.05,538.5053107,467.7664568,470.2981415,467.5614889
2217.05,538.686117,467.9549982,470.4935271,467.74964
2218.05,538.9180678,468.1611892,470.7059895,467.9588965
2219.05,539.1591196,468.3735095,470.9116057,468.1715532
2220.05,539.4115686,468.5823696,471.1184595,468.3750693
2221.05,539.6850476,468.798139,471.3413174,468.6034194
2222.05,539.8531797,468.9767658,471.5249137,468.7879386
2223.05,540.0736011,469.1684094,471.727277,468.9899075
2224.05,540.2907951,469.3749553,471.9239938,469.1950674
2225.05,540.5318021,469.5874518,472.135377,469.4115971
2226.05,540.7718748,469.7961855,472.3411984,469.6183552
2227.05,540.9348621,469.9758308,472.5190338,469.7973577
2228.05,541.1404277,470.1697301,472.7269341,469.9947311
2229.05,541.4560672,470.4015752,472.9624187,470.2238136
2230.05,541.7090711,470.6166338,473.1780416,470.4461888
2231.05,541.8341352,470.7895898,473.3413014,470.6160202
2232.05,542.1039224,471.007042,473.5547924,470.833989
2233.05,542.3431224,471.2070851,473.755358,471.0322307
2234.05,542.466587,471.3779337,473.9195727,471.2044462
2235.05,542.7608423,471.6100712,474.1518456,471.4376221
2236.05,543.0488014,471.8412091,474.3800983,471.6546338
2237.05,543.2958141,472.0467841,474.5976531,471.8669977
2238.05,543.5487033,472.2658162,474.8119669,472.0822298
2239.05,543.7627219,472.4621076,475.0130968,472.2876708
2240.05,544.0038447,472.6769827,475.2243661,472.4921947
2241.05,544.2950289,472.9175453,475.4740946,472.7200327
2242.05,544.562927,473.1411843,475.6897539,472.949708
2243.05,544.7462032,473.3318848,475.8775482,473.1398431
2244.05,544.9447483,473.5252417,476.0711799,473.3387075
2245.05,545.160687,473.7153822,476.2616404,473.5503011
2246.05,545.3907234,473.9246803,476.4655124,473.7550814
2247.05,545.6820988,474.1493338,476.6984065,473.9775511
2248.05,545.9786843,474.3753098,476.9254799,474.2104446
2249.05,546.1081941,474.5515198,477.0935752,474.3913115
2250.05,546.2967263,474.7464974,477.2809267,474.582108
2251.05,546.540466,474.9602331,477.491141,474.7776143
2252.05,546.8331301,475.1812386,477.7233272,475.0023557
2253.05,547.0703967,475.3886921,477.935427,475.2133739
2254.05,547.3205425,475.6101272,478.1577985,475.4243231
2255.05,547.5516087,475.8112521,478.369477,475.6317107
2256.05,547.7756694,476.0210906,478.5759799,475.8340815
2257.05,548.033221,476.2364449,478.7979145,476.0511309
2258.05,548.2210234,476.4372571,478.9846953,476.2403829
2259.05,548.4525331,476.654584,479.1997331,476.4456208
2260.05,548.72049,476.8742041,479.405929,476.664994
2261.05,548.9306178,477.0721082,479.6052296,476.8627798
2262.05,549.1996017,477.2834367,479.8163474,477.0762945
2263.05,549.4375711,477.4887418,480.0174705,477.2862488
2264.05,549.7695181,477.7301796,480.2514194,477.5249084
2265.05,550.0510091,477.9508792,480.478739,477.7462122
2266.05,550.4076098,478.1939871,480.7245161,477.9878826
2267.05,550.6054209,478.3895688,480.9194784,478.1971933
2268.05,550.8727945,478.6080288,481.1495732,478.4255294
2269.05,551.1770153,478.8421546,481.3759713,478.6578976
2270.05,551.3575271,479.036355,481.5606687,478.8366619
2271.05,551.617631,479.2589907,481.7798267,479.0541121
2272.05,551.9317979,479.4988788,482.0099982,479.2952291
2273.05,552.2345976,479.7326781,482.2357849,479.518829
2274.05,552.4684813,479.9285397,482.4338337,479.7320584
2275.05,552.7092839,480.1362115,482.6487656,479.9513166
2276.05,552.9486653,480.3461268,482.8510353,480.1641204
2277.05,553.1477526,480.5413109,483.0520661,480.3600317
2278.05,553.3815858,480.7470688,483.2546532,480.560633
2279.05,553.6986529,480.9841254,483.4917707,480.7825391
2280.05,553.9609387,481.2116011,483.7115358,481.0137255
2281.05,554.2462626,481.435179,483.9341909,481.2357906
2282.05,554.4600725,481.6338463,484.133903,481.431313
2283.05,554.6907677,481.8364188,484.3457309,481.6445653
2284.05,554.940985,482.0412805,484.5502858,481.8507987
2285.05,555.1469017,482.2414399,484.7532517,482.0554253
2286.05,555.383287,482.4528026,484.9529816,482.2709823
2287.05,555.6417276,482.6703013,485.174191,482.4800436
2288.05,555.869209,482.8730739,485.3773627,482.6876347
2289.05,556.1031195,483.0739094,485.5826626,482.8884024
2290.05,556.3744013,483.2857091,485.8017891,483.1096202
2291.05,556.6380424,483.5080277,486.0246389,483.3249373
2292.05,556.8581731,483.720566,486.2374847,483.5325902
2293.05,557.1752893,483.9545769,486.4902934,483.7625873
2294.05,557.4549114,484.1737481,486.7084694,483.9826208
2295.05,557.6837531,484.383498,486.9247032,484.1970099
2296.05,557.8975029,484.5915669,487.1198479,484.4016151
2297.05,558.13813,484.7896424,487.3378371,484.6092017
2298.05,558.435964,485.0173966,487.5688568,484.8369011
2299.05,558.7235992,485.2347874,487.7988355,485.0675644
2300.05,558.9420335,485.4407153,488.0114298,485.2710654
2301.05,559.1298845,485.6286307,488.1968511,485.4611634
2302.05,559.3909865,485.8441955,488.4193514,485.6764827
2303.05,559.6204223,486.0439286,488.6220719,485.8813496
2304.05,559.8595527,486.2571046,488.8363704,486.0902335
2305.05,560.0558241,486.4506535,489.0228753,486.2856946
2306.05,560.2471557,486.6444654,489.1974196,486.4884982
2307.05,560.5182499,486.8614455,489.4217908,486.7097074
2308.05,560.7480654,487.0641183,489.6254475,486.9197408
2309.05,561.0213722,487.2756932,489.859012,487.1396076
2310.05,561.2412152,487.4748738,490.0633715,487.3629675
2311.05,561.4662548,487.6781058,490.2666513,487.5646437
2312.05,561.6591709,487.8746208,490.4558021,487.7571846
2313.05,562.005724,488.1161865,490.7076876,487.9996706
2314.05,562.2851028,488.3335541,490.9325505,488.2302389
2315.05,562.5034276,488.53142,491.1440536,488.4358576
2316.05,562.6828347,488.7252021,491.3303908,488.6352212
2317.05,562.9229967,488.9347935,491.5446462,488.8457568
2318.05,563.154274,489.1409567,491.751989,489.0598145
2319.05,563.3673058,489.3458506,491.952869,489.2719772
2320.05,563.6634048,489.5787875,492.1773789,489.489663
2321.05,563.9777238,489.8070001,492.4135474,489.7154249
2322.05,564.2332225,490.0167494,492.6310937,489.9304288
2323.05,564.4961173,490.2378982,492.8454657,490.1410239
2324.05,564.7269706,490.4320268,493.0600542,490.3413995
2325.05,564.9602114,490.6394252,493.2648572,490.5389905
2326.05,565.2201186,490.8641787,493.4799139,490.7518933
2327.05,565.4676392,491.0650679,493.6976926,490.9604632
2328.05,565.7278022,491.2756948,493.9153912,491.1648051
2329.05,565.9523017,491.476401,494.1180266,491.3650212
2330.05,566.2360517,491.6973118,494.3418242,491.5821178
2331.05,566.495709,491.9128394,494.5579006,491.7967851
2332.05,566.7688097,492.1297097,494.78169,492.0199114
2333.05,566.970237,492.3301909,494.9838487,492.2199857
2334.05,567.2814773,492.5723324,495.2190448,492.4363417
2335.05,567.5017525,492.7609825,495.4207541,492.6408492
2336.05,567.7435645,492.9681695,495.6410667,492.8483935
2337.05,568.0275878,493.2002765,495.8653312,493.0801589
2338.05,568.2586644,493.404119,496.0670865,493.2775972
2339.05,568.432718,493.5988863,496.2450797,493.4647835
2340.05,568.6986944,493.8023859,496.4640241,493.6823774
2341.05,568.9274742,494.0158007,496.6701917,493.8852883
2342.05,569.1962838,494.2293483,496.8910286,494.1165398
2343.05,569.3873848,494.4169525,497.0793626,494.3123184
2344.05,569.6633296,494.6451965,497.3004166,494.5378584
2345.05,569.9075169,494.8475535,497.525419,494.75433
2346.05,570.2259489,495.0707547,497.7677666,494.9895066
2347.05,570.4365354,495.2675233,497.9610669,495.1947501
2348.05,570.6894155,495.4828849,498.169467,495.4089441
2349.05,570.992919,495.7205248,498.4082241,495.6471957
2350.05,571.2061029,495.9204532,498.6019726,495.8523146
2351.05,571.4143008,496.1278114,498.815926,496.0607619
2352.05,571.6672019,496.347476,499.0384209,496.2717772
2353.05,571.9304534,496.5673106,499.2549977,496.4957123
2354.05,572.1319597,496.7664533,499.4556704,496.6933431
2355.05,572.3363469,496.9568038,499.6501397,496.8850958
2356.05,572.5843605,497.1718548,499.870002,497.094146
2357.05,572.8612896,497.3921409,500.0911345,497.3145438
2358.05,573.0672521,497.5897051,500.2906819,497.51996
2359.05,573.354884,497.8089991,500.5115942,497.7409778
2360.05,573.5875628,498.0233098,500.7106494,497.9559999
2361.05,573.8132773,498.2275875,500.9249752,498.1616854
2362.05,574.0016135,498.4284466,501.1256269,498.3666563
2363.05,574.3173155,498.6664031,501.365003,498.6050593
2364.05,574.5489036,498.8711389,501.5766474,498.8076783
2365.05,574.7680745,499.0666151,501.7812893,499.0014044
2366.05,575.0691215,499.2861668,502.0103041,499.2178495
2367.05,575.3255263,499.5024277,502.2277677,499.4429251
2368.05,575.5477664,499.7067176,502.4275341,499.6469236
2369.05,575.7867525,499.909761,502.6349509,499.8574595
2370.05,576.0867192,500.1172969,502.8565287,500.0804879
2371.05,576.3157564,500.3197161,503.0634572,500.2815153
2372.05,576.5461854,500.5264624,503.261413,500.4845236
2373.05,576.7497878,500.7099484,503.4491114,500.6922669
2374.05,576.9958558,500.9242338,503.6653981,500.9145943
2375.05,577.2300881,501.1293159,503.8640781,501.1238317
2376.05,577.5271001,501.3576923,504.0978953,501.3580236
2377.05,577.8285596,501.5955652,504.3276958,501.5867136
2378.05,578.0199937,501.7856992,504.5216683,501.78224
2379.05,578.2948807,502.0039998,504.7390095,501.9914381
2380.05,578.5690407,502.2298796,504.9551622,502.2139189
2381.05,578.7830395,502.426119,505.157307,502.4096955
2382.05,579.0722972,502.641796,505.378987,502.633637
2383.05,579.3261107,502.845644,505.589864,502.8480841
2384.05,579.578959,503.0602677,505.8061605,503.0561525
2385.05,579.82129,503.2614836,506.0108347,503.2546986
2386.05,580.0683022,503.456429,506.2206609,503.4515044
2387.05,580.3000331,503.6638467,506.4319139,503.6589454
2388.05,580.55916,503.866651,506.661851,503.8757627
2389.05,580.7631252,504.0749778,506.8684628,504.0852349
2390.05,581.0162465,504.2885971,507.0843351,504.3001527
2391.05,581.1544787,504.467964,507.2667887,504.4814998
2392.05,581.4162418,504.6818684,507.4857745,504.7016908
2393.05,581.6804054,504.9012885,507.7108261,504.9147871
2394.05,581.8677855,505.0995147,507.9056007,505.1086502
2395.05,582.1059046,505.3163098,508.1297322,505.3342706
2396.05,582.3531266,505.5187118,508.3394727,505.5422053
2397.05,582.5986453,505.7211461,508.5577648,505.7404692
2398.05,582.7911633,505.9192065,508.7503652,505.9313015
2399.05,582.9805392,506.1095139,508.9460887,506.1215488
2400.05,583.2616995,506.3421948,509.1630886,506.3361477
2401.05,583.5129927,506.5533805,509.3840624,506.5440626
2402.05,583.7249668,506.7441891,509.5903269,506.74445
2403.05,584.0059386,506.9641678,509.8122892,506.965349
2404.05,584.2288329,507.1604926,510.0126545,507.1699644
2405.05,584.505214,507.3765244,510.243938,507.3869953
2406.05,584.7457202,507.5846794,510.4497351,507.5909459
2407.05,584.9868495,507.799824,510.6675367,507.7925058
2408.05,585.1662318,507.9933845,510.8653043,507.9796412
2409.05,585.4139527,508.2090105,511.0798312,508.1885156
2410.05,585.6612466,508.4326149,511.2988342,508.3980969
2411.05,585.9262437,508.6547851,511.5150096,508.6111005
2412.05,586.1096702,508.8544998,511.7116481,508.806786
2413.05,586.3691805,509.0562976,511.9172667,509.0126971
2414.05,586.6103983,509.2652639,512.1188559,509.2178502
2415.05,586.8100032,509.4569063,512.3284546,509.4172953
2416.05,586.9968607,509.656095,512.5219505,509.6100166
2417.05,587.1917232,509.8388832,512.7156089,509.8062865
2418.05,587.4487021,510.0590878,512.9313388,510.0281386
2419.05,587.680717,510.2590585,513.1371177,510.231068
2420.05,587.957836,510.4813904,513.3554509,510.4615955
2421.05,588.1855462,510.6816256,513.5601133,510.6751964
2422.05,588.4394985,510.8994606,513.7707882,510.900434
2423.05,588.690851,511.1168217,513.9965797,511.1111436
2424.05,588.8929193,511.3179376,514.2019752,511.3039478
2425.05,589.1500886,511.5285601,514.4101885,511.5090694
2426.05,589.3184241,511.7145216,514.6045469,511.7062605
2427.05,589.5804313,511.9343988,514.8195611,511.9258512
2428.05,589.8509068,512.1519286,515.0499885,512.1397534
2429.05,590.0097226,512.3326027,515.2322083,512.3362805
2430.05,590.2392674,512.538404,515.4391056,512.5412434
2431.05,590.4695363,512.7502363,515.64388,512.7424647
2432.05,590.7324878,512.9647429,515.8716454,512.959205
2433.05,591.0126611,513.1799591,516.105132,513.1805123
2434.05,591.2688875,513.399561,516.3310752,513.393344
2435.05,591.4809599,513.6049933,516.5216589,513.5905175
2436.05,591.7961888,513.8351378,516.7548256,513.8190643
2437.05,592.0353787,514.0471553,516.9588328,514.0323341
2438.05,592.1996308,514.2349105,517.1296258,514.2153345
2439.05,592.4660749,514.4465532,517.3440175,514.4225774
2440.05,592.6786693,514.6320911,517.544822,514.6296695
2441.05,592.9369547,514.8415395,517.7453368,514.8526533
2442.05,593.2379291,515.0833156,517.9688259,515.0785135
2443.05,593.4615065,515.2893622,518.170304,515.2923115
2444.05,593.734166,515.5110037,518.3823022,515.5198507
2445.05,593.9337848,515.7186506,518.5680857,515.7159512
2446.05,594.2065549,515.9351514,518.7759075,515.9087579
2447.05,594.4989727,516.1563639,518.9999477,516.1441536
2448.05,594.7033301,516.3577292,519.1958111,516.3376932
2449.05,594.9290679,516.5640798,519.3989513,516.5335824
2450.05,595.2539419,516.8004674,519.6324357,516.7669298
2451.05,595.5026602,517.0206483,519.8474302,516.9569007
2452.05,595.7843887,517.2449864,520.065175,517.1685347
2453.05,596.0779321,517.4770925,520.2923551,517.3884561
2454.05,596.312019,517.6768746,520.4903848,517.5969545
2455.05,596.525753,517.8804594,520.6806847,517.8023271
2456.05,596.7506925,518.0867603,520.8911624,518.0083428
2457.05,596.9689829,518.2764664,521.0886098,518.2132701
2458.05,597.2135709,518.4954611,521.3111334,518.4272205
2459.05,597.4491233,518.71255,521.5199545,518.6319544
2460.05,597.6276227,518.9027814,521.6993539,518.8211988
2461.05,597.8893402,519.1248694,521.9127074,519.0403245
2462.05,598.1402827,519.3239067,522.131942,519.2504948
2463.05,598.3519057,519.5426187,522.3382777,519.4505947
2464.05,598.5990763,519.7564151,522.5538037,519.6592658
2465.05,598.744935,519.9379689,522.7317853,519.8486615
2466.05,598.9721448,520.1346142,522.94225,520.0677333
2467.05,599.2637652,520.3578363,523.1756674,520.2930485
2468.05,599.5100237,520.562866,523.383724,520.5171763
2469.05,599.7491734,520.7758913,523.5995629,520.7279157
2470.05,600.049677,521.0056942,523.8204375,520.9466185
2471.05,600.3823606,521.2464536,524.0635114,521.1963875
2472.05,600.6027103,521.4404179,524.2730474,521.3864278
2473.05,600.8242342,521.6523567,524.480489,521.5938755
2474.05,601.0693743,521.864823,524.6850448,521.7953545
2475.05,601.2168765,522.0540852,524.8491873,521.9758495
2476.05,601.541181,522.2988129,525.0812635,522.221767
2477.05,601.7610854,522.4948271,525.288374,522.418555
2478.05,602.0450939,522.7147079,525.5081486,522.6413354
2479.05,602.3032973,522.9371043,525.7225999,522.8479332
2480.05,602.5567828,523.1482352,525.9336343,523.0792992
2481.05,602.7926929,523.3559708,526.1428601,523.296937
2482.05,603.0664458,523.5732637,526.3613909,523.5042129
2483.05,603.2912018,523.7556716,526.5652675,523.7208672
2484.05,603.5334616,523.9680727,526.7654638,523.9265268
2485.05,603.7393793,524.1620125,526.9535295,524.1299577
2486.05,603.9477624,524.361306,527.1536168,524.3234706
2487.05,604.1576697,524.5681574,527.3537584,524.5366267
2488.05,604.4331065,524.782942,527.5717353,524.7543848
2489.05,604.6811033,524.9874487,527.7819014,524.9631819
2490.05,604.8700889,525.1796441,527.9675218,525.1510184
2491.05,605.1624974,525.4020243,528.2007757,525.372576
2492.05,605.3442599,525.5928579,528.3956184,525.5625036
2493.05,605.5741937,525.8069857,528.6145352,525.7642254
2494.05,605.8370889,526.0274338,528.8427315,525.9826428
2495.05,606.093522,526.2329194,529.0473678,526.1926815
2496.05,606.334997,526.4485518,529.2529447,526.383728
2497.05,606.6202021,526.6787518,529.469639,526.6043565
2498.05,606.8770302,526.8882309,529.6778116,526.8245508
2499.05,607.169369,527.1182572,529.8887015,527.0532785
2500.05,607.2803201,527.2698112,530.0429398,527.2200654
2501.05,607.5221399,527.4816693,530.2515797,527.4228468
2502.05,607.8107467,527.710006,530.4751882,527.6515607
2503.05,608.0700012,527.9260677,530.6828613,527.8637037
2504.05,608.2626124,528.1170516,530.8533086,528.0508209
2505.05,608.5019364,528.3340018,531.0567972,528.2608643
2506.05,608.5953343,528.4942732,531.2160042,528.4256406
2507.05,608.8762659,528.7114039,531.4353844,528.6382882
2508.05,609.0974112,528.9131011,531.649144,528.840756
2509.05,609.2721626,529.0866345,531.8344239,529.0379326
2510.05,609.5470583,529.301904,532.0451966,529.2618894
2511.05,609.8167432,529.5071062,532.2668104,529.4881963
2512.05,610.0432772,529.7086861,532.465978,529.6988839
2513.05,610.2942354,529.9238696,532.6850051,529.9244692
2514.05,610.514895,530.1323718,532.8946525,530.130421
2515.05,610.7378684,530.3385265,533.1070065,530.3332655
2516.05,611.0342289,530.5611771,533.3369162,530.5598124
2517.05,611.2985263,530.7660152,533.5502503,530.7648015
2518.05,611.5725288,530.971694,533.7669029,530.9818407
2519.05,611.8720108,531.1939614,533.992589,531.2218558
2520.05,612.0842774,531.3872654,534.199607,531.4186348
2521.05,612.3625957,531.6026442,534.4241989,531.6355723
2522.05,612.6198604,531.8228209,534.6344076,531.8478428
2523.05,612.8566105,532.0315371,534.8325627,532.0594077
2524.05,613.0993888,532.2323443,535.044159,532.2708591
2525.05,613.3032699,532.4275252,535.2350102,532.472124
2526.05,613.5166597,532.6282677,535.4350176,532.6752769
2527.05,613.8225183,532.8545767,535.665844,532.9070968
2528.05,614.0771397,533.0619752,535.8819307,533.1111296
2529.05,614.3179215,533.2623746,536.094276,533.3059749
2530.05,614.5282449,533.4463575,536.2929012,533.5085661
2531.05,614.7969323,533.6620754,536.5075855,533.7320691
2532.05,615.0560864,533.8676088,536.7302471,533.954458
2533.05,615.2982192,534.0750016,536.940015,534.1543541
2534.05,615.5352117,534.2675723,537.1535554,534.3551111
2535.05,615.7337446,534.4637414,537.3426083,534.5567969
2536.05,615.9638163,534.669435,537.5557651,534.7653571
2537.05,616.192913,534.8716043,537.741327,534.9662848
2538.05,616.4303693,535.0701112,537.9561885,535.1834688
2539.05,616.631703,535.2632637,538.1511161,535.3848022
2540.05,616.9144499,535.4889998,538.3884583,535.6210214
2541.05,617.1320284,535.705019,538.5931156,535.815942
2542.05,617.3750991,535.9160072,538.8010784,536.01761
2543.05,617.5656775,536.0996587,538.9918726,536.2051053
2544.05,617.8818787,536.334978,539.2223092,536.4341204
2545.05,618.192643,536.5691984,539.4505468,536.6663302
2546.05,618.3372321,536.7450765,539.6302631,536.8509824
2547.05,618.5731438,536.9553569,539.8336341,537.0460277
2548.05,618.8482509,537.1773242,540.0604463,537.2721424
2549.05,619.1039979,537.3893991,540.2680021,537.4927387
2550.05,619.2853823,537.591555,540.4672791,537.6763379
2551.05,619.5101272,537.7955062,540.6771772,537.8821373
2552.05,619.7714813,538.0053549,540.892864,538.0869655
2553.05,619.9853494,538.1994488,541.0888329,538.2831376
2554.05,620.2976668,538.429124,541.3218041,538.5145711
2555.05,620.543008,538.6358898,541.5378138,538.7234663
2556.05,620.8013036,538.858132,541.7555081,538.9409873
2557.05,621.0271529,539.0700921,541.9597049,539.1413936
2558.05,621.3099042,539.2841315,542.1779387,539.3624507
2559.05,621.4791123,539.4779663,542.3667596,539.5508699
2560.05,621.676155,539.6732566,542.5636886,539.747484
2561.05,621.9647019,539.8997927,542.7987591,539.9722785
2562.05,622.2248014,540.1156888,543.0218673,540.1975854
2563.05,622.4106522,540.3058059,543.2137552,540.3814596
2564.05,622.6243857,540.5077344,543.4237044,540.5939404
2565.05,622.8195347,540.6971231,543.618571,540.795561
2566.05,623.1029195,540.9175322,543.8406349,541.0063991
2567.05,623.3346274,541.1314513,544.0558014,541.2144096
2568.05,623.6033973,541.3400752,544.2653984,541.4101098
2569.05,623.8785831,541.5692948,544.4899203,541.6245377
2570.05,624.1654094,541.7980557,544.7232423,541.8586958
2571.05,624.4861441,542.0297591,544.9598921,542.0830137
2572.05,624.7568756,542.2525341,545.1725709,542.2968752
2573.05,625.0285043,542.4735814,545.3932085,542.519478
2574.05,625.2479175,542.6718922,545.5860588,542.7189369
2575.05,625.4780086,542.8662219,545.7969667,542.9258193
2576.05,625.6600343,543.0667835,545.9800608,543.1106873
2577.05,625.8488537,543.2633372,546.17956,543.296465
2578.05,626.1059497,543.4943375,546.4085614,543.5045777
2579.05,626.3746541,543.7259218,546.6262582,543.7144626
2580.05,626.5653601,543.9280779,546.8194597,543.9171551
2581.05,626.7408141,544.1175729,547.0035052,544.1035161
2582.05,626.9522985,544.3232006,547.2020375,544.301063
2583.05,627.1769383,544.5222254,547.4198153,544.5039163
2584.05,627.4005667,544.7287719,547.6226879,544.705996
2585.05,627.7150815,544.9499518,547.8556602,544.9446265
2586.05,627.9543036,545.1513588,548.0639426,545.1480215
2587.05,628.2269565,545.3727843,548.2812021,545.3638472
2588.05,628.4818988,545.5819316,548.4877535,545.5634247
2589.05,628.7066159,545.7824868,548.6806802,545.7711969
2590.05,628.9879638,546.0139431,548.9003219,545.9876816
2591.05,629.2108959,546.2234546,549.1097275,546.185423
2592.05,629.4455304,546.4298427,549.3250489,546.4033121
2593.05,629.7349445,546.6600083,549.5451011,546.6330333
2594.05,629.9649056,546.8653934,549.7453288,546.8340218
2595.05,630.1773033,547.077728,549.9443578,547.0361093
2596.05,630.4132082,547.2784491,550.1337517,547.240224
2597.05,630.5898028,547.4636443,550.3247091,547.4212878
2598.05,630.8383246,547.680398,550.5448699,547.62471
2599.05,631.0577305,547.882857,550.743089,547.8305217
2600.05,631.3588687,548.1005626,550.9781306,548.0481657
2601.05,631.6207432,548.3113527,551.201528,548.2635683
2602.05,631.8933431,548.5174404,551.4326263,548.4801096
2603.05,632.0914515,548.7016237,551.627323,548.6703772
2604.05,632.425778,548.9496376,551.8604896,548.9053086
2605.05,632.6750103,549.1609675,552.0732809,549.1089537
2606.05,632.8928687,549.3628196,552.2698838,549.3081846
2607.05,633.1567032,549.5850335,552.4875799,549.5236832
2608.05,633.4549989,549.8114542,552.7202296,549.7493129
2609.05,633.699694,550.0217484,552.9398632,549.9581078
2610.05,633.8632629,550.204278,553.1237962,550.1329715
2611.05,634.1422211,550.4329444,553.3500387,550.3601164
2612.05,634.4135042,550.6605703,553.5639217,550.5746921
2613.05,634.6892604,550.8895005,553.7897819,550.8021851
2614.05,634.9418337,551.0966287,553.9867891,551.0119761
2615.05,635.1336183,551.2775098,554.1822345,551.1950184
2616.05,635.4240762,551.4960444,554.4058432,551.4249342
2617.05,635.6612077,551.6961839,554.6145382,551.6371865
2618.05,635.895191,551.8893014,554.8136602,551.842086
2619.05,636.1009207,552.0822396,555.0118,552.0437724
2620.05,636.3461233,552.2831334,555.2217346,552.2444214
2621.05,636.5431422,552.4844003,555.4239968,552.4388061
2622.05,636.7018965,552.6774859,555.6171317,552.6250596
2623.05,636.9029521,552.8778024,555.8178155,552.8105735
2624.05,637.1706155,553.0885099,556.034981,553.0216245
2625.05,637.4214557,553.3023274,556.254417,553.2276844
2626.05,637.6394415,553.5174114,556.4626254,553.4362047
2627.05,637.9518448,553.7471449,556.6970836,553.6690004
2628.05,638.2257531,553.9645841,556.9108535,553.8703094
2629.05,638.5356884,554.2000631,557.1354527,554.1058558
2630.05,638.8145236,554.4332697,557.3621495,554.3331274
2631.05,639.0428166,554.6436324,557.5683457,554.5448499
2632.05,639.2105215,554.8368563,557.7495362,554.728949
2633.05,639.4104267,555.0377447,557.9503267,554.930645
2634.05,639.7016525,555.2719998,558.1879662,555.1545167
2635.05,639.9527524,555.4876639,558.3958444,555.3752238
2636.05,640.2995162,555.7386632,558.6348909,555.6128083
2637.05,640.5237124,555.9487476,558.8417899,555.8363932
2638.05,640.7726504,556.1541433,559.0466843,556.0414461
2639.05,641.0564786,556.3872875,559.2823691,556.269412
2640.05,641.2492308,556.5862213,559.4771553,556.4545739
2641.05,641.5203301,556.8027656,559.692179,556.6738632
2642.05,641.7439329,557.0195858,559.9012587,556.8713088
2643.05,641.8738875,557.2004771,560.0710386,557.0383422
2644.05,642.0998942,557.3946267,560.2677343,557.2330762
2645.05,642.3288428,557.6075023,560.4655537,557.4513668
2646.05,642.6111058,557.8314219,560.6761832,557.6711594
2647.05,642.9094165,558.0512684,560.900893,557.8907092
2648.05,643.1128326,558.2472399,561.0924948,558.0959201
2649.05,643.364285,558.4594875,561.3011663,558.2916435
2650.05,643.6129079,558.6678052,561.5185081,558.5046605
2651.05,643.8194282,558.8650293,561.7175747,558.7017194
2652.05,644.0134159,559.0625527,561.9114989,558.8991556
2653.05,644.1927859,559.2475007,562.0985193,559.0773061
2654.05,644.455035,559.461714,562.3127617,559.282431
2655.05,644.6674838,559.6576034,562.5198098,559.4746193
2656.05,644.9170281,559.8695615,562.7377264,559.6850978
2657.05,645.1257612,560.0706033,562.9464442,559.8897814
2658.05,645.3947276,560.2846896,563.1735981,560.1134018
2659.05,645.6300488,560.4899183,563.38601,560.3042315
2660.05,645.9096812,560.7076507,563.5995386,560.5189605
2661.05,646.1095711,560.908119,563.7867674,560.7166473
2662.05,646.3477678,561.117047,563.9919328,560.9146141
2663.05,646.620091,561.3505907,564.2146796,561.1319242
2664.05,646.9498033,561.5929637,564.4675652,561.3569411
2665.05,647.2044112,561.8154575,564.6770155,561.5789594
2666.05,647.4528571,562.0266341,564.8822236,561.7863872
2667.05,647.6574384,562.2311575,565.0873459,561.9908956
2668.05,647.9221901,562.4538083,565.308231,562.2060773
2669.05,648.1249798,562.6498859,565.5048002,562.4131544
2670.05,648.4470337,562.8979553,565.7491286,562.6518217
2671.05,648.7011607,563.1158717,565.9544364,562.8722757
2672.05,648.9392352,563.3261276,566.1659631,563.0923132
2673.05,649.2452396,563.5498201,566.3985088,563.3167302
2674.05,649.4721904,563.7655746,566.6101279,563.533569
2675.05,649.6893849,563.9702854,566.8197427,563.7321467
2676.05,649.8473576,564.1648269,567.0040629,563.9180128
2677.05,650.0095877,564.3538727,567.1979185,564.1059676
2678.05,650.1883947,564.5392606,567.3824346,564.2986805
2679.05,650.4773372,564.7602172,567.5949821,564.5262057
2680.05,650.7146225,564.9693673,567.8071564,564.7259929
2681.05,650.9270022,565.172132,568.0140439,564.9277572
2682.05,651.1590634,565.3872878,568.2144517,565.1493928
2683.05,651.4533582,565.6138828,568.4415233,565.3748801
2684.05,651.6586654,565.8027039,568.628458,565.5670343
2685.05,651.866848,566.006149,568.824469,565.7661118
2686.05,652.1101111,566.2049613,569.0317506,565.9738096
2687.05,652.3628709,566.411403,569.2415322,566.1837519
2688.05,652.6659076,566.6310546,569.4640529,566.4103112
2689.05,652.8725911,566.8252193,569.6694762,566.6056208
2690.05,653.0912145,567.0220673,569.866901,566.7928835
2691.05,653.3490223,567.2472937,570.0844336,567.0091611
2692.05,653.5692286,567.4431371,570.2837653,567.2098254
2693.05,653.7198834,567.6340716,570.4668037,567.3938746
2694.05,653.9349242,567.8337166,570.6720466,567.5953661
2695.05,654.1990518,568.0592261,570.9002961,567.824535
2696.05,654.4197169,568.2626076,571.1087202,568.0373255
2697.05,654.6864001,568.481177,571.3211517,568.2562769
2698.05,654.924548,568.6962321,571.5350251,568.454299
2699.05,655.0976217,568.8869951,571.7136071,568.6431638
2700.05,655.3031873,569.0763132,571.9093856,568.833351
2701.05,655.5697805,569.2916295,572.13886,569.0568485
2702.05,655.7569848,569.4876877,572.3295934,569.2397322
2703.05,656.0432705,569.7115231,572.5537112,569.4699916
2704.05,656.2920711,569.9155296,572.7709871,569.6690923
2705.05,656.5461953,570.1288495,572.9844178,569.8888155
2706.05,656.7881945,570.3429572,573.197341,570.1022655
2707.05,657.0006245,570.5444517,573.3986179,570.311042
2708.05,657.2151468,570.7461357,573.607522,570.5156374
2709.05,657.5191744,570.9816634,573.8414532,570.7415398
2710.05,657.6766847,571.1600103,574.0209215,570.9110639
2711.05,657.904191,571.3577366,574.2237134,571.1114059
2712.05,658.1840826,571.5699264,574.4517957,571.3327538
2713.05,658.4663769,571.7817131,574.6780478,571.5700762
2714.05,658.6988475,571.9897308,574.880729,571.7653418
2715.05,658.9273124,572.2021568,575.0789662,571.9770871
2716.05,659.1407864,572.391099,575.2873534,572.1702133
2717.05,659.3441637,572.5976381,575.4934045,572.3644594
2718.05,659.6154833,572.8184304,575.7189792,572.5908305
2719.05,659.8385969,573.0258225,575.9338412,572.8027678
2720.05,660.1141055,573.2392199,576.1471516,573.0216759
2721.05,660.3064027,573.432286,576.3362056,573.2138188
2722.05,660.6046624,573.677289,576.5632808,573.4470051
2723.05,660.8552873,573.8684928,576.7730409,573.6689273
2724.05,661.0618797,574.071948,576.9770976,573.8704704
2725.05,661.297069,574.2871088,577.1888051,574.0827041
2726.05,661.5309347,574.499148,577.3990534,574.2919512
2727.05,661.7563157,574.6864405,577.6067375,574.4950367
2728.05,661.9659748,574.8844776,577.8048532,574.7053712
2729.05,662.2578662,575.1079655,578.0327892,574.9268881
2730.05,662.5705429,575.3414485,578.2661434,575.1586745
2731.05,662.7944041,575.5404296,578.4607736,575.3610304
2732.05,663.0421403,575.7725159,578.6717058,575.5716877
2733.05,663.2571987,575.9779236,578.8685516,575.7642515
2734.05,663.44649,576.1775939,579.0697457,575.9508148
2735.05,663.6549277,576.3757489,579.2715068,576.1534275
2736.05,663.8826655,576.5939287,579.4800681,576.3455756
2737.05,664.075036,576.7829631,579.6778905,576.5293019
2738.05,664.3318979,576.9913363,579.8898208,576.7409592
2739.05,664.6235801,577.2181112,580.1233349,576.9669357
2740.05,664.872428,577.4413599,580.3409158,577.1739307
2741.05,665.0858805,577.6472556,580.5394379,577.3748362
2742.05,665.3771377,577.8825211,580.7811868,577.6015755
2743.05,665.5416641,578.0659732,580.9634942,577.7872974
2744.05,665.7303142,578.2673115,581.1590126,577.9771739
2745.05,665.9331437,578.4756802,581.368295,578.1700525
2746.05,666.2588087,578.7146116,581.6063377,578.3979212
2747.05,666.4781902,578.9102687,581.803507,578.5984958
2748.05,666.6810241,579.1027004,581.9923595,578.7818842
2749.05,666.9919615,579.3340329,582.2234528,579.0154408
2750.05,667.1892285,579.5249438,582.4175025,579.203799
2751.05,667.3384559,579.7015982,582.5992768,579.3833654
2752.05,667.5659256,579.8886957,582.8057038,579.5839034
2753.05,667.7878858,580.0953115,583.0237288,579.7738515
2754.05,668.1075091,580.3151538,583.2571795,580.0081744
2755.05,668.3125751,580.507181,583.4547905,580.1941287
2756.05,668.587576,580.7334031,583.6864568,580.4155171
2757.05,668.8872069,580.9665838,583.9096727,580.6546234
2758.05,669.1222603,581.1753869,584.1183753,580.8622979
2759.05,669.3235536,581.3817114,584.3163944,581.0530033
2760.05,669.6078366,581.6131098,584.5388355,581.2683989
2761.05,669.7830177,581.7993011,584.7424867,581.4486204
2762.05,670.0612,582.0235339,584.958041,581.6597424
2763.05,670.3006962,582.234294,585.1608043,581.8708601
2764.05,670.5972743,582.447548,585.384789,582.102665
2765.05,670.8320923,582.6450415,585.5955055,582.3150287
2766.05,671.0728368,582.8451155,585.8029113,582.524059
2767.05,671.3587914,583.0677297,586.0263088,582.7488526
2768.05,671.5844868,583.2731958,586.2299137,582.9462797
2769.05,671.8511331,583.4947376,586.446056,583.1736412
2770.05,672.0512108,583.6919347,586.6534443,583.3824448
2771.05,672.2508188,583.8856535,586.8591874,583.5702348
2772.05,672.4877811,584.0837877,587.0725991,583.7624008
2773.05,672.7578688,584.3006376,587.2937378,583.9835592
2774.05,672.9976138,584.507843,587.499302,584.1892511
2775.05,673.1246339,584.6666429,587.6632151,584.3678677
2776.05,673.3005831,584.8644392,587.854451,584.5559175
2777.05,673.534403,585.0533544,588.0611223,584.7524416
2778.05,673.8351728,585.2879054,588.2801126,584.9746299
2779.05,674.0639081,585.5020858,588.4852378,585.1903555
2780.05,674.3324023,585.7092209,588.7148244,585.4146442
2781.05,674.5237487,585.9034206,588.919037,585.6048006
2782.05,674.7524379,586.1068021,589.123796,585.8119184
2783.05,674.9675176,586.3111805,589.326495,586.0122086
2784.05,675.2103689,586.5229825,589.5390407,586.2169348
2785.05,675.4418982,586.7242546,589.750203,586.4195726
2786.05,675.6744251,586.9185101,589.9609706,586.6133957
2787.05,675.9054279,587.1256856,590.1826183,586.8174338
2788.05,676.230216,587.3709219,590.4176931,587.0531155
2789.05,676.5240751,587.5975521,590.659224,587.2751421
2790.05,676.8129932,587.8299187,590.884151,587.4910328
2791.05,677.0043231,588.0262485,591.0754384,587.685952
2792.05,677.3026285,588.2467165,591.3101371,587.9223138
2793.05,677.5335214,588.4551439,591.5224827,588.1258955
2794.05,677.8520308,588.6789885,591.7510871,588.3581054
2795.05,678.1028032,588.8903944,591.9639399,588.5698772
2796.05,678.3386716,589.0939074,592.1853234,588.7697954
2797.05,678.5878521,589.3145979,592.4006716,588.9766351
2798.05,678.8018858,589.515548,592.6107359,589.1715154
2799.05,679.0172763,589.7219056,592.8207857,589.3793068
2800.05,679.2577094,589.9269842,593.0330974,589.5822533
2801.05,679.4806877,590.1282685,593.2375044,589.7852097
2802.05,679.7253546,590.3378175,593.4467665,589.9931124
2803.05,679.996414,590.5484826,593.6578353,590.2090649
2804.05,680.2311119,590.7434757,593.8651366,590.415949
2805.05,680.5107545,590.9533689,594.0852378,590.6429695
2806.05,680.6987172,591.1504847,594.3028474,590.849404
2807.05,680.8551047,591.3293077,594.4886407,591.0334389
2808.05,681.0727865,591.5372036,594.6957892,591.2282507
2809.05,681.3210861,591.7461862,594.9167859,591.4437761
2810.05,681.5971904,591.9727823,595.1424854,591.668195
2811.05,681.8736066,592.1945251,595.3630393,591.8781902
2812.05,682.1377657,592.4191937,595.5791243,592.0800486
2813.05,682.3724408,592.6188441,595.7845571,592.2837491
2814.05,682.6196342,592.8205322,596.0006552,592.4989943
2815.05,682.821056,593.0194928,596.2001274,592.6970702
2816.05,683.0686455,593.2263558,596.4201733,592.9073674
2817.05,683.3007328,593.4283762,596.6347513,593.0969291
2818.05,683.5122324,593.6330355,596.8435943,593.2990305
2819.05,683.7861228,593.8505266,597.0607641,593.5312646
2820.05,684.0158773,594.0732812,597.2784942,593.7375267
2821.05,684.2693585,594.2731927,597.4830098,593.9466936
2822.05,684.5431406,594.4968351,597.6959022,594.1589954
2823.05,684.7502643,594.6918383,597.898007,594.3637682
2824.05,684.9787938,594.9010239,598.1060576,594.5679494
2825.05,685.2050419,595.0973847,598.3102822,594.7784527
2826.05,685.4418884,595.3166464,598.5354289,594.9956286
2827.05,685.7026234,595.5371759,598.7575015,595.2232439
2828.05,685.9511176,595.7399062,598.9807397,595.4287689
2829.05,686.2536436,595.9748424,599.2132687,595.6605687
2830.05,686.4102513,596.1585884,599.3802306,595.8171256
2831.05,686.6267679,596.3484004,599.5742734,596.0218501
2832.05,686.8659504,596.555139,599.7852933,596.2183974
2833.05,687.0595165,596.7464996,599.9762928,596.4104227
2834.05,687.3117834,596.9692051,600.1957583,596.6266498
2835.05,687.5172769,597.1800068,600.3921548,596.8227509
2836.05,687.7144572,597.3766541,600.5979317,597.0275298
2837.05,687.9161008,597.5626816,600.7967037,597.2301885
2838.05,688.1647326,597.775056,601.0069036,597.4558282
2839.05,688.388275,597.9810756,601.2078819,597.6596794
2840.05,688.628609,598.1869439,601.3976001,597.8738697
2841.05,688.8572953,598.3845123,601.6087235,598.0804494
2842.05,689.0742068,598.5737067,601.8004855,598.2726584
2843.05,689.2632807,598.7652294,601.9938919,598.4693369
2844.05,689.523312,598.9860267,602.2158869,598.6897959
2845.05,689.7525944,599.1899907,602.4268623,598.886997
2846.05,689.9594339,599.396458,602.6241387,599.0924763
2847.05,690.2067034,599.6066703,602.8388764,599.3105431
2848.05,690.4298326,599.8092862,603.0431242,599.5220607
2849.05,690.6792266,600.0069868,603.2548864,599.7272094
2850.05,690.9596593,600.2164059,603.4986833,599.9538618
2851.05,691.2827311,600.4480158,603.7300832,600.194078
2852.05,691.5182677,600.6571612,603.9397251,600.4008039
2853.05,691.7752248,600.8720219,604.1510406,600.6075825
2854.05,691.9495657,601.0640817,604.3544818,600.7877686
2855.05,692.1151907,601.2387834,604.5538782,600.9762468
2856.05,692.3526232,601.4413263,604.7631115,601.1811743
2857.05,692.6007713,601.654526,604.9752159,601.3909641
2858.05,692.7808969,601.8463064,605.1626467,601.570974
2859.05,692.9718779,602.0367213,605.357715,601.7659893
2860.05,693.1992102,602.2377666,605.5790209,601.9696009
2861.05,693.4856386,602.4544746,605.8057494,602.1898619
2862.05,693.7824785,602.6898954,606.0439961,602.4206555
2863.05,693.9479353,602.8729058,606.2267473,602.6073419
2864.05,694.1736719,603.0674111,606.4277038,602.8123889
2865.05,694.4153751,603.2710165,606.6396103,603.0225444
2866.05,694.5877507,603.460003,606.826438,603.2134836
2867.05,694.7994234,603.6681899,607.0271045,603.4054416
2868.05,694.9999842,603.8707379,607.2215388,603.5985239
2869.05,695.230641,604.0739359,607.43095,603.8063802
2870.05,695.4296424,604.2729202,607.6307069,604.0094468
2871.05,695.6880378,604.487308,607.8741671,604.2322334
2872.05,695.893913,604.6783951,608.0852291,604.4281534
2873.05,696.1490989,604.8992442,608.3049065,604.6328243
2874.05,696.4133796,605.1197573,608.5266373,604.8557382
2875.05,696.6157181,605.3068836,608.7207854,605.0515497
2876.05,696.8358053,605.5096596,608.929055,605.246543
2877.05,697.0687832,605.7175548,609.135854,605.4564076
2878.05,697.4050164,605.9491988,609.3759665,605.6984158
2879.05,697.6977767,606.1778994,609.6066845,605.9185732
2880.05,697.9418761,606.3799637,609.8165457,606.1244383
2881.05,698.1795014,606.5906967,610.0106523,606.3310281
2882.05,698.4494579,606.8138767,610.2365891,606.5504739
2883.05,698.69545,607.0144407,610.4486137,606.7548847
2884.05,699.0235562,607.258727,610.6834852,606.9905371
2885.05,699.3096058,607.4835078,610.9058456,607.2059381
2886.05,699.5177934,607.6808707,611.0937325,607.401579
2887.05,699.8466803,607.9129645,611.3329155,607.6386726
2888.05,700.0571096,608.120661,611.5459947,607.8485402
2889.05,700.3662584,608.352452,611.7658183,608.0782863
2890.05,700.5357773,608.5425547,611.9531642,608.2718566
2891.05,700.7295485,608.7380158,612.1594067,608.4645519
2892.05,701.0009138,608.9559872,612.3735124,608.6921483
2893.05,701.2880416,609.1939357,612.5929459,608.9144977
2894.05,701.5470356,609.4125674,612.7997576,609.1336342
2895.05,701.8162783,609.6319593,613.0159269,609.3432885
2896.05,702.1196887,609.8699453,613.2407453,609.5864874
2897.05,702.3806021,610.0878938,613.4537337,609.7925518
2898.05,702.6162916,610.2974275,613.6680429,609.9889257
2899.05,702.8033809,610.4918076,613.8627384,610.1852808
2900.05,703.0332915,610.7109815,614.0702719,610.3909683
2901.05,703.2736522,610.911478,614.2801202,610.6034721
2902.05,703.5981688,611.1506425,614.5367721,610.8405643
2903.05,703.8156514,611.3446187,614.7427318,611.0456042
2904.05,704.0676532,611.5526507,614.9502343,611.2642802
2905.05,704.3312139,611.7587862,615.1559491,611.482685
2906.05,704.5667264,611.9639268,615.3606319,611.6865489
2907.05,704.8208622,612.1729673,615.5827117,611.8974367
2908.05,705.0667192,612.3970625,615.8038098,612.1302133
2909.05,705.2933498,612.59818,616.0137347,612.3301842
2910.05,705.5495679,612.8334434,616.21781,612.5468203
2911.05,705.7960633,613.0445813,616.4297978,612.7632991
2912.05,705.9995663,613.2516779,616.6360156,612.9675147
2913.05,706.2743696,613.4699116,616.8537152,613.1794222
2914.05,706.5444037,613.6951813,617.067976,613.3921016
2915.05,706.7930171,613.9084358,617.2760962,613.6022061
2916.05,707.0373462,614.1166225,617.492207,613.8166201
2917.05,707.2940118,614.3258067,617.7092927,614.0246643
2918.05,707.5432453,614.5424001,617.9237944,614.2257695
2919.05,707.8622413,614.768772,618.1519535,614.4654475
2920.05,708.0960003,614.9828721,618.368702,614.6708606
2921.05,708.3660761,615.2123124,618.5858459,614.8938136
2922.05,708.6895575,615.4455554,618.8209888,615.1241359
2923.05,708.9319841,615.642619,619.039753,615.3431477
2924.05,709.1785398,615.8472204,619.2501498,615.5450612
2925.05,709.3504776,616.0295298,619.4421478,615.7239445
2926.05,709.5880363,616.2417072,619.6663074,615.93321
2927.05,709.7655351,616.4381937,619.8658575,616.118194
2928.05,709.9942284,616.6306493,620.0715854,616.3213838
2929.05,710.2065301,616.8366027,620.2660016,616.5118987
2930.05,710.4960282,617.0588201,620.4930927,616.7331043
2931.05,710.6999636,617.2643342,620.7062419,616.9409232
2932.05,710.9409167,617.4698376,620.9316341,617.1608473
2933.05,711.1406187,617.6715166,621.1239016,617.3571404
2934.05,711.4003092,617.8828132,621.3401059,617.5767406
2935.05,711.5600325,618.0702789,621.5312984,617.7703723
2936.05,711.8686833,618.3041016,621.7653582,618.0126666
2937.05,712.0160343,618.47782,621.9400503,618.1899487
2938.05,712.2125839,618.692711,622.150908,618.3783978
2939.05,712.4292209,618.8916674,622.3547657,618.5917547
2940.05,712.6186432,619.0751066,622.55574,618.7723097
2941.05,712.8579813,619.2990437,622.7633117,618.9745783
2942.05,713.0378356,619.4889848,622.9432867,619.1683537
2943.05,713.2797095,619.6931799,623.1521689,619.3801282
2944.05,713.4831512,619.8881826,623.3509108,619.5834145
2945.05,713.7460079,620.0992869,623.566595,619.7819814
2946.05,713.927354,620.2929155,623.7508354,619.9719053
2947.05,714.1927215,620.5073826,623.9793609,620.1881181
2948.05,714.3627495,620.7042355,624.170399,620.3828079
2949.05,714.6324691,620.9332817,624.3878667,620.6020768
2950.05,714.8603491,621.1349337,624.5781554,620.7987404
2951.05,715.0968428,621.3417287,624.8041551,621.0013807
2952.05,715.3472408,621.548642,625.0263939,621.2080349
2953.05,715.5893748,621.772966,625.2403837,621.4164309
2954.05,715.8170823,621.9821808,625.4484882,621.6236927
2955.05,716.0734019,622.2034601,625.665887,621.8476399
2956.05,716.3998845,622.4361321,625.9131036,622.0861279
2957.05,716.6486225,622.6617055,626.1373963,622.3058995
2958.05,716.9127129,622.870965,626.352077,622.5156188
2959.05,717.1023279,623.0544674,626.5516255,622.706041
2960.05,717.3109941,623.2674282,626.7421899,622.9207838
2961.05,717.534939,623.4841666,626.93759,623.1211989
2962.05,717.8112008,623.7012626,627.1710662,623.3371095
2963.05,718.0336945,623.8981112,627.3730209,623.5416818
2964.05,718.310472,624.114167,627.5977848,623.7753803
2965.05,718.4814205,624.2995908,627.7860894,623.9506079
2966.05,718.802129,624.5314725,628.0165517,624.1838901
2967.05,718.9985907,624.7252725,628.2129781,624.3762893
2968.05,719.2237245,624.9264233,628.4216275,624.5799325
2969.05,719.4076212,625.1098708,628.6221322,624.7598473
2970.05,719.675546,625.3284249,628.8383128,624.9743761
2971.05,719.9331017,625.5512067,629.0552086,625.1859562
2972.05,720.1575051,625.7579923,629.2516434,625.383937
2973.05,720.4136931,625.9617466,629.4727765,625.6035021
2974.05,720.6838709,626.1920544,629.6975092,625.8276556
2975.05,720.9250738,626.3938521,629.9074713,626.0331107
2976.05,721.1788911,626.6164205,630.1298844,626.249477
2977.05,721.4395691,626.835407,630.3386618,626.4608618
2978.05,721.682443,627.0363704,630.5452894,626.6682171
2979.05,721.9679625,627.2516493,630.766003,626.8897705
2980.05,722.2039269,627.4608106,630.9735001,627.0976762
2981.05,722.4499739,627.6785464,631.176864,627.316722
2982.05,722.6304459,627.8690882,631.3695678,627.5040781
2983.05,722.8548828,628.079236,631.5795629,627.6992029
2984.05,723.1068613,628.2834283,631.7894,627.9209453
2985.05,723.3457535,628.5020612,631.9983281,628.1254394
2986.05,723.5477684,628.7012339,632.2084992,628.326135
2987.05,723.8561336,628.9177677,632.4464516,628.5567862
2988.05,724.0829136,629.1111153,632.6523233,628.7634593
2989.05,724.2954169,629.3239333,632.8558648,628.9686582
2990.05,724.5400333,629.5299256,633.0635095,629.1720564
2991.05,724.8276959,629.7485307,633.2733841,629.3906019
2992.05,725.0940819,629.9680629,633.5111769,629.6067974
2993.05,725.3172295,630.1703259,633.7106434,629.8038189
2994.05,725.5291619,630.3708828,633.9176426,630.0005428
2995.05,725.7580787,630.5635137,634.1331577,630.2016128
2996.05,726.0422154,630.7806785,634.3617026,630.4228189
2997.05,726.3265514,631.011358,634.5787573,630.6592377
2998.05,726.6257844,631.2460351,634.8028879,630.8944097
2999.05,726.8281557,631.4402894,635.0071117,631.0907927
3000.05,727.0727415,631.6438565,635.2356935,631.3026638
3001.05,727.3133077,631.858157,635.4405703,631.5085314
3002.05,727.5137174,632.0362208,635.6304996,631.7023588
3003.05,727.7740428,632.2481987,635.8502566,631.9092674
3004.05,727.9574945,632.4395702,636.0373272,632.1022962
3005.05,728.2263998,632.6635458,636.2585059,632.3256613
3006.05,728.464359,632.8579797,636.4554027,632.5289626
3007.05,728.7209848,633.0791009,636.6776934,632.7512788
3008.05,728.9220074,633.2656356,636.859975,632.9450755
3009.05,729.1882579,633.4818435,637.0715812,633.1647326
3010.05,729.3673687,633.6710155,637.2581579,633.3453563
3011.05,729.6127766,633.8785435,637.4667222,633.5527142
3012.05,729.7922689,634.0800111,637.6523517,633.7304062
3013.05,730.035932,634.2860521,637.8727759,633.9516999
3014.05,730.3050573,634.4975714,638.101928,634.1635988
3015.05,730.5579375,634.7048796,638.3222614,634.3819524
3016.05,730.8094343,634.9088812,638.532493,634.5857709
3017.05,731.0543722,635.1225478,638.739771,634.793704
3018.05,731.4350345,635.3712878,638.9975524,635.048347
3019.05,731.6504732,635.5717169,639.1998375,635.2414616
3020.05,731.9253748,635.786982,639.4196141,635.4695653
3021.05,732.1723402,635.9992361,639.6391509,635.6798285
3022.05,732.396904,636.2046521,639.8421003,635.8899057
3023.05,732.6265673,636.416504,640.0476528,636.087847
3024.05,732.8273897,636.6201567,640.2486309,636.2900094
3025.05,733.0571203,636.8251188,640.4595623,636.5099667
3026.05,733.333463,637.0451163,640.6834059,636.7300602
3027.05,733.6407001,637.2762566,640.9119609,636.9593175
3028.05,733.9134324,637.4985633,641.1460293,637.1791463
3029.05,734.1220263,637.6987498,641.3544931,637.3744336
3030.05,734.3576322,637.9019425,641.558881,637.5854651
3031.05,734.6111732,638.1068574,641.780736,637.7901339
3032.05,734.806186,638.3056551,641.9704813,637.9708651
3033.05,735.0269475,638.5135285,642.1707725,638.1865179
3034.05,735.3438068,638.7348555,642.3956701,638.4140127
3035.05,735.6373019,638.975443,642.6348217,638.6488712
3036.05,735.8769811,639.1799387,642.8525672,638.8627634
3037.05,736.1300719,639.397115,643.0677859,639.0746787
3038.05,736.3737801,639.6209896,643.2719239,639.2801113
3039.05,736.6007812,639.824695,643.484162,639.4864478
3040.05,736.7686287,640.0041075,643.6745124,639.6689588
3041.05,737.0536261,640.2291368,643.9086706,639.8933628
3042.05,737.2508177,640.4152381,644.1071217,640.0850702
3043.05,737.4843293,640.6211762,644.3166027,640.2828728
3044.05,737.7222096,640.8164496,644.5198268,640.487393
3045.05,737.9819105,641.0306274,644.736383,640.7029977
3046.05,738.1918313,641.239863,644.9278322,640.886566
3047.05,738.450625,641.4602414,645.145997,641.1002309
3048.05,738.6633785,641.6679049,645.356565,641.3056636
3049.05,738.9853287,641.9154933,645.5899673,641.545586
3050.05,739.2306354,642.1231569,645.8073907,641.7596754
3051.05,739.5101152,642.3463208,646.0389735,641.9899577
3052.05,739.8395606,642.5775064,646.277114,642.2251524
3053.05,740.0843867,642.7813423,646.4856315,642.4325196
3054.05,740.2832624,642.9682225,646.6708619,642.6201658
3055.05,740.5113227,643.1852199,646.8817269,642.8314357
3056.05,740.7838179,643.4037629,647.1039029,643.0507833
3057.05,741.0363141,643.6161008,647.32913,643.2581412
3058.05,741.1784219,643.7965658,647.5068118,643.4507471
3059.05,741.4023388,643.9895586,647.7159038,643.6425532
3060.05,741.6108088,644.1888794,647.9153237,643.834327
3061.05,741.9056146,644.4059229,648.1464349,644.0803846
3062.05,742.1888341,644.6223308,648.3668357,644.3232179
3063.05,742.4025656,644.8217586,648.5821022,644.5226883
3064.05,742.6167245,645.0210649,648.7908156,644.7253838
3065.05,742.8626258,645.2392042,649.0043977,644.9383889
3066.05,743.0631187,645.4322566,649.2134863,645.138692
3067.05,743.2982518,645.6323258,649.4096942,645.34974
3068.05,743.5444583,645.8408622,649.6256032,645.5692778
3069.05,743.8226302,646.0587271,649.853703,645.7798737
3070.05,744.0911563,646.2626453,650.0680216,645.9997988
3071.05,744.3326916,646.4653288,650.2851482,646.2189947
3072.05,744.5129072,646.6488315,650.4783667,646.4221717
3073.05,744.776717,646.8625769,650.6802602,646.6185257
3074.05,745.0867551,647.089894,650.9209293,646.8421776
3075.05,745.3171777,647.2900866,651.1352573,647.036832
3076.05,745.5226197,647.4895536,651.3456137,647.2402678
3077.05,745.7881123,647.7022791,651.5526158,647.4580595
3078.05,746.0449038,647.9193848,651.7674957,647.670627
3079.05,746.3290435,648.1415452,652.0071891,647.907294
3080.05,746.5499801,648.3460709,652.2137523,648.1220085
3081.05,746.7557292,648.5525271,652.4097788,648.3309277
3082.05,746.8985773,648.7245714,652.5936608,648.4960883
3083.05,747.1603394,648.9395631,652.8105097,648.7103015
3084.05,747.3732685,649.138689,653.021631,648.9064326
3085.05,747.6024601,649.347148,653.2248599,649.1100259
3086.05,747.8285453,649.5510397,653.4302591,649.3122638
3087.05,748.0353548,649.7453381,653.6268421,649.510463
3088.05,748.3334968,649.9737618,653.8448223,649.7387222
3089.05,748.5161213,650.1614014,654.0414211,649.9292517
3090.05,748.7934693,650.370564,654.2568515,650.1459962
3091.05,749.0827458,650.59435,654.4868215,650.365306
3092.05,749.3150109,650.7903909,654.6899407,650.5653594
3093.05,749.619928,651.028072,654.9094771,650.7869293
3094.05,749.7829131,651.2144085,655.1025538,650.9761725
3095.05,749.9684841,651.3962339,655.285035,651.1620279
3096.05,750.2617144,651.6125531,655.5214648,651.3902657
3097.05,750.4895276,651.8292184,655.7322089,651.5984751
3098.05,750.7228434,652.0368934,655.9478367,651.8078639
3099.05,750.9802081,652.2501017,656.1745384,652.0199079
3100.05,751.222824,652.4528717,656.3938892,652.2377217
3101.05,751.4169722,652.6584817,656.583721,652.4296882
3102.05,751.6557939,652.8718651,656.8045439,652.6421942
3103.05,751.8941745,653.075729,657.0178661,652.8570636
3104.05,752.1285071,653.2824274,657.2232575,653.0727388
3105.05,752.3765972,653.4863103,657.44114,653.2754868
3106.05,752.6443063,653.7017949,657.6590582,653.5028452
3107.05,752.9137817,653.9092997,657.8852711,653.7165357
3108.05,753.1568442,654.1143475,658.1055687,653.9285044
3109.05,753.471202,654.3378671,658.3311249,654.1519536
3110.05,753.694639,654.532942,658.5412731,654.3660398
3111.05,753.9633479,654.7485226,658.7583381,654.5812739
3112.05,754.2132259,654.9560246,658.9629904,654.78322
3113.05,754.425499,655.1614787,659.1826912,654.9905407
3114.05,754.7163957,655.3868483,659.4084165,655.2178265
3115.05,754.9800339,655.5962563,659.6295025,655.4322287
3116.05,755.2169905,655.8004384,659.840712,655.6336269
3117.05,755.4824531,656.0247433,660.0825252,655.8477991
3118.05,755.7108201,656.2294592,660.2826765,656.0580775
3119.05,755.978618,656.4528309,660.4958505,656.2753907
3120.05,756.2020386,656.6621381,660.7046849,656.4733237
3121.05,756.4319574,656.8593843,660.910281,656.6813512
3122.05,756.6895593,657.0695636,661.118173,656.9093678
3123.05,756.8973242,657.2729066,661.31908,657.1103023
3124.05,757.1085425,657.4762301,661.5203794,657.3012722
3125.05,757.2731886,657.6760931,661.710099,657.4882715
3126.05,757.5362052,657.8969526,661.9374312,657.7006901
3127.05,757.8320435,658.125025,662.1573331,657.919379
3128.05,758.1218696,658.3617487,662.3902203,658.1458741
3129.05,758.3355941,658.5636789,662.5953895,658.3489081
3130.05,758.5558646,658.7676337,662.7976917,658.5501542
3131.05,758.7889082,658.9718936,663.0105456,658.7595832
3132.05,759.0555276,659.1849079,663.2350162,658.9741893
3133.05,759.3918572,659.425451,663.4830061,659.2034957
3134.05,759.6380296,659.6326785,663.6784029,659.398734
3135.05,759.8589761,659.8395162,663.886314,659.5979833
3136.05,760.0869854,660.040765,664.0910864,659.7985386
3137.05,760.2970876,660.2517804,664.2909676,660.0104881
3138.05,760.4969268,660.4546069,664.501731,660.2112244
3139.05,760.6666461,660.6398936,664.6916305,660.3946799
3140.05,760.9028293,660.8433816,664.9035973,660.6021365
3141.05,761.1148988,661.0442671,665.1069901,660.7997763
3142.05,761.3461551,661.2615353,665.3201814,661.0112425
3143.05,761.6868625,661.4957125,665.5629714,661.2606111
3144.05,761.9255268,661.7025753,665.7583884,661.4674748
3145.05,762.21241,661.930687,665.9857032,661.6731685
3146.05,762.4593808,662.1417861,666.1948723,661.8805502
3147.05,762.6683049,662.3393624,666.3922539,662.0719784
3148.05,762.9411908,662.5492465,666.61115,662.2910433
3149.05,763.1647644,662.7594443,666.8320696,662.4890137
3150.05,763.4018964,662.9719787,667.0422846,662.7006445
3151.05,763.6710109,663.189589,667.2647106,662.9164735
3152.05,763.914576,663.3932775,667.4877626,663.1327852
3153.05,764.1055603,663.5862003,667.6824964,663.3356849
3154.05,764.3645597,663.8095295,667.9082242,663.5522144
3155.05,764.6327464,664.0234069,668.128391,663.7741804
3156.05,764.8935524,664.2327909,668.3617863,663.9951845
3157.05,765.1139539,664.4483851,668.5596281,664.1949872
3158.05,765.3669814,664.6668856,668.7674602,664.4237993
3159.05,765.6486827,664.884703,668.9857394,664.6421711
3160.05,765.8864431,665.0921073,669.1955191,664.8553582
3161.05,766.0852574,665.2766387,669.3876226,665.0413992
3162.05,766.3123132,665.4981554,669.5987008,665.2555469
3163.05,766.5264117,665.7057027,669.7985513,665.452942
3164.05,766.8619855,665.9425401,670.0368596,665.6929614
3165.05,767.1029304,666.1441064,670.2545006,665.8951448
3166.05,767.3985865,666.3751246,670.4868247,666.1351739
3167.05,767.6586872,666.5949776,670.700484,666.3562805
3168.05,767.9063888,666.8106581,670.9189853,666.5648777
3169.05,768.1301776,667.0154038,671.1278183,666.7790159
3170.05,768.428574,667.2285484,671.3607403,666.9986388
3171.05,768.6682261,667.4352829,671.5750907,667.2068343
3172.05,768.9076562,667.6488999,671.786737,667.4185545
3173.05,769.1066603,667.8458427,671.9900422,667.6145911
3174.05,769.356412,668.0687027,672.1972343,667.8236715
3175.05,769.5715704,668.280334,672.3981128,668.0155119
3176.05,769.7840205,668.4766948,672.5864951,668.2148936
3177.05,770.0251484,668.6818197,672.7849778,668.4202097
3178.05,770.2264142,668.8832299,672.976379,668.6138467
3179.05,770.4146513,669.0782662,673.1644095,668.804529
3180.05,770.6450605,669.2858945,673.3748446,669.0180228
3181.05,770.8042924,669.4825418,673.5644306,669.2095509
3182.05,771.0596673,669.7019038,673.7808586,669.4177586
3183.05,771.3182413,669.9300371,674.0013491,669.6263147
3184.05,771.57496,670.1446749,674.2184608,669.8362546
3185.05,771.8409261,670.341181,674.43006,670.0618129
3186.05,772.0898355,670.5432029,674.6561736,670.275315
3187.05,772.3630795,670.7712396,674.8822263,670.4869753
3188.05,772.6412449,670.9979834,675.1069289,670.7113642
3189.05,772.8955735,671.2156137,675.3239266,670.9297236
3190.05,773.162142,671.4376737,675.535257,671.1389189
3191.05,773.4561093,671.6573758,675.7618416,671.3661013
3192.05,773.7493641,671.8923048,675.9890695,671.5900255
3193.05,773.9943226,672.0993402,676.2011066,671.798047
3194.05,774.3001325,672.3230114,676.4349887,672.0164394
3195.05,774.5363264,672.5425444,676.6381698,672.2212896
3196.05,774.8034706,672.7607537,676.8586261,672.4240219
3197.05,775.1041228,672.9881272,677.093375,672.6506876
3198.05,775.407431,673.217186,677.3249313,672.8762848
3199.05,775.6326826,673.4127784,677.539884,673.0847216
3200.05,775.8508631,673.6197547,677.7437497,673.2879886
3201.05,776.0550226,673.8216313,677.9330665,673.484685
3202.05,776.2850146,674.0258294,678.1457893,673.6873113
3203.05,776.5563382,674.2473098,678.3619126,673.906099
3204.05,776.853421,674.4665718,678.5937593,674.1335385
3205.05,777.0503057,674.674843,678.7922984,674.3341209
3206.05,777.3004566,674.8821973,678.9992582,674.5418482
3207.05,777.5534809,675.099298,679.2030311,674.7399789
3208.05,777.8275752,675.3217815,679.4238497,674.958845
3209.05,778.0575631,675.5275251,679.640614,675.1727935
3210.05,778.3599089,675.7681408,679.8665257,675.4106463
3211.05,778.6232084,675.9737526,680.0759546,675.6451544
3212.05,778.8629334,676.1946321,680.281143,675.8708582
3213.05,779.0562148,676.3800672,680.4755486,676.0670588
3214.05,779.2627949,676.5774401,680.6649818,676.2571488
3215.05,779.4392522,676.7564794,680.8614909,676.4528397
3216.05,779.6956494,676.9629398,681.0722213,676.6735897
3217.05,779.8855257,677.157102,681.2661277,676.8729484
3218.05,780.1329816,677.3628394,681.4850204,677.079813
3219.05,780.3634656,677.5808039,681.7035588,677.2958127
3220.05,780.5550505,677.7797634,681.8961672,677.499134
3221.05,780.8367254,678.0082199,682.1327031,677.7285503
3222.05,781.1137932,678.2420751,682.3479945,677.946507
3223.05,781.3598446,678.4512044,682.5682054,678.1441673
3224.05,781.5588988,678.6461798,682.7657481,678.3415225
3225.05,781.8288702,678.8621057,682.986803,678.5570184
3226.05,782.0695923,679.07981,683.1933045,678.7727538
3227.05,782.3666802,679.3001484,683.4317503,678.9855094
3228.05,782.6387196,679.5138888,683.6591624,679.2118211
3229.05,782.9637758,679.7358133,683.8831771,679.4377488
3230.05,783.2548477,679.9587134,684.1172116,679.6502043
3231.05,783.5074378,680.1699876,684.3466073,679.851289
3232.05,783.7493426,680.3824484,684.565627,680.0593039
3233.05,783.9810519,680.5825386,684.7852238,680.260489
3234.05,784.2064811,680.7840649,684.9960573,680.4633502
3235.05,784.4091781,680.9749461,685.1952083,680.6580626
3236.05,784.6145404,681.1694703,685.3941892,680.8467096
3237.05,784.8533142,681.3891878,685.6056301,681.060341
3238.05,785.1227921,681.6071722,685.8253117,681.2792516
3239.05,785.3947046,681.8261004,686.0385275,681.5004869
3240.05,785.6491304,682.0409981,686.2440214,681.7058853
3241.05,785.9255668,682.2584648,686.4659481,681.9299821
3242.05,786.196526,682.4809664,686.6861263,682.145263
3243.05,786.4614905,682.7036828,686.9077536,682.366055
3244.05,786.6859687,682.8976328,687.1151777,682.5709724
3245.05,787.0113621,683.1479783,687.3623496,682.816175
3246.05,787.2604504,683.3633428,687.5658707,683.0254607
3247.05,787.4429218,683.5739382,687.7584877,683.2172923
3248.05,787.6711562,683.7704866,687.9594374,683.4063505
3249.05,787.9058048,683.9772062,688.1662548,683.6013535
3250.05,788.1835206,684.1929224,688.3926023,683.8208589
3251.05,788.4877218,684.4328913,688.6359046,684.0465331
3252.05,788.7737787,684.6565303,688.8605052,684.2614388
3253.05,789.0478729,684.8688893,689.0682226,684.4785576
3254.05,789.3130497,685.0790527,689.2786294,684.6946749
3255.05,789.5716034,685.2927988,689.5036478,684.9098353
3256.05,789.834603,685.51056,689.7228292,685.1400453
3257.05,790.0981842,685.7311935,689.9483442,685.3671134
3258.05,790.3219427,685.9385091,690.1530446,685.5673977
3259.05,790.6040546,686.1612701,690.3858711,685.7941098
3260.05,790.8820599,686.3682518,690.6167224,686.0109565
3261.05,791.1007209,686.5740651,690.8227669,686.2274801
3262.05,791.3402385,686.7798562,691.0293493,686.4380662
3263.05,791.5492459,686.9767632,691.2379424,686.6563558
3264.05,791.8573488,687.2162369,691.4731177,686.8807785
3265.05,792.0340386,687.4052025,691.6722449,687.064629
3266.05,792.2289021,687.6013299,691.8823698,687.2521247
3267.05,792.462004,687.8176478,692.0931412,687.4566324
3268.05,792.7090381,688.0264198,692.2978542,687.658292
3269.05,792.9690097,688.2555609,692.5191614,687.8887027
3270.05,793.2241095,688.4564093,692.7348636,688.096844
3271.05,793.4245796,688.6530034,692.9230549,688.2896259
3272.05,793.7390542,688.8827663,693.1520734,688.5302304
3273.05,793.996228,689.1046501,693.3674373,688.7415375
3274.05,794.249254,689.3216213,693.5857504,688.9560511
3275.05,794.4200031,689.509899,693.7640845,689.1429721
3276.05,794.6586549,689.7139496,693.9787695,689.3395609
3277.05,794.8595877,689.9175034,694.1826418,689.5439754
3278.05,795.1456957,690.1449388,694.4039181,689.7759716
3279.05,795.3720304,690.348577,694.6224616,689.9871513
3280.05,795.5826312,690.5423512,694.8127769,690.1869275
3281.05,795.8092653,690.7483196,695.0196012,690.3886432
3282.05,796.0503458,690.9547192,695.2210736,690.5900275
3283.05,796.3185614,691.1732257,695.4359283,690.7976927
3284.05,796.6486748,691.4222088,695.6792335,691.0475765
3285.05,796.9052118,691.6392022,695.8942649,691.2592538
3286.05,797.1709164,691.850448,696.1065907,691.4650874
3287.05,797.3821757,692.0470703,696.3047915,691.6776373
3288.05,797.675726,692.2693691,696.5279984,691.8969032
3289.05,797.859715,692.4743474,696.7118156,692.0929043
3290.05,798.0769476,692.678747,696.918956,692.2961122
3291.05,798.2987411,692.8771693,697.1293718,692.4917558
3292.05,798.5665854,693.095583,697.3494285,692.7178414
3293.05,798.8332961,693.3138286,697.5849638,692.9381532
3294.05,799.0743652,693.5231057,697.789327,693.158526
3295.05,799.3709926,693.7463864,698.01562,693.3936442
3296.05,799.5201855,693.9169186,698.1950389,693.5727522
3297.05,799.7847735,694.1310643,698.4112801,693.8015651
3298.05,799.9917447,694.3185185,698.607007,693.9951414
3299.05,800.2560448,694.5466591,698.8172746,694.2241582
3300.05,800.4799141,694.7374529,699.014948,694.4261265
3301.05,800.7395239,694.9535141,699.2345405,694.647363
3302.05,801.0729688,695.1830463,699.4702571,694.8876365
3303.05,801.358665,695.4032311,699.7013703,695.1147481
3304.05,801.5919777,695.6173838,699.9243287,695.3140525
3305.05,801.864949,695.8263183,700.1475961,695.5207331
3306.05,802.1170684,696.0481605,700.363766,695.7405152
3307.05,802.3020783,696.245331,700.5636161,695.9323331
3308.05,802.6334256,696.4783083,700.8081774,696.1704644
3309.05,802.8508613,696.6773783,701.0103251,696.3781176
3310.05,803.0778016,696.8761153,701.2165496,696.5915856
3311.05,803.3108085,697.0753756,701.4197768,696.8033684
3312.05,803.6125774,697.3049662,701.6407473,697.0200735
3313.05,803.8199388,697.5032911,701.8333786,697.2217239
3314.05,804.130176,697.7392053,702.0561706,697.4534765
3315.05,804.332638,697.9543404,702.2597197,697.6610312
3316.05,804.5273551,698.15497,702.4625498,697.856025
3317.05,804.7557364,698.3629905,702.684481,698.0532226
3318.05,804.9815581,698.5647644,702.8828098,698.2553296
3319.05,805.2751672,698.7938799,703.1218462,698.490006
3320.05,805.5443231,699.0156103,703.3496557,698.7067269
3321.05,805.7369929,699.2077516,703.5456116,698.9086774
3322.05,806.0266568,699.4370045,703.773012,699.1332714
3323.05,806.3196829,699.6640979,703.9925547,699.3611312
3324.05,806.5979308,699.8844652,704.2131229,699.5751534
3325.05,806.7883936,700.0640346,704.4070199,699.7776472
3326.05,807.0473284,700.2701133,704.6161758,699.987214
3327.05,807.2789795,700.4835997,704.8242755,700.1977352
3328.05,807.5175995,700.6955075,705.0507712,700.4105236
3329.05,807.7374032,700.8849459,705.2440788,700.6056772
3330.05,807.9726173,701.0877325,705.4438754,700.8122077
3331.05,808.215553,701.2993282,705.6695889,701.0277116
3332.05,808.4417941,701.5139887,705.8623142,701.2198848
3333.05,808.6420974,701.7082529,706.0738068,701.419162
3334.05,808.9603788,701.9342859,706.3105264,701.6605255
3335.05,809.1307742,702.1226512,706.4918139,701.8444207
3336.05,809.3560226,702.3266859,706.6948889,702.0510104
3337.05,809.5875254,702.5357784,706.9022232,702.252844
3338.05,809.8330563,702.7446034,707.1256365,702.4633742
3339.05,810.0308326,702.9506629,707.3186134,702.6579321
3340.05,810.2296344,703.1539028,707.5099583,702.8612636
3341.05,810.3983443,703.3297791,707.6994092,703.0512932
3342.05,810.6089391,703.5303001,707.9033653,703.254407
3343.05,810.7915343,703.7180348,708.1005036,703.4550002
3344.05,811.0744251,703.9328172,708.3094768,703.6716356
3345.05,811.296801,704.1388726,708.512088,703.8799394
3346.05,811.5661359,704.360269,708.7265817,704.0951844
3347.05,811.7955333,704.572699,708.9370402,704.3035054
3348.05,812.0088923,704.7846717,709.1549187,704.504296
3349.05,812.2405032,705.0044165,709.3748311,704.7115789
3350.05,812.488262,705.2188813,709.5909984,704.92888
3351.05,812.7886467,705.4538305,709.8254347,705.1784239
3352.05,813.0291281,705.6560591,710.0361798,705.3904489
3353.05,813.2782495,705.8671146,710.2562147,705.5994816
3354.05,813.4908794,706.079478,710.4651963,705.8047046
3355.05,813.6723364,706.2729778,710.6575468,705.9951004
3356.05,813.8561048,706.4778648,710.8485603,706.1708074
3357.05,814.0920537,706.693762,711.0506032,706.390063
3358.05,814.3459341,706.9067948,711.2694798,706.6061615
3359.05,814.6178241,707.134532,711.4875516,706.8356687
3360.05,814.8636026,707.3514186,711.7009256,707.0454492
3361.05,815.1210135,707.56568,711.913187,707.2574485
3362.05,815.3463983,707.7700698,712.1227974,707.4663003
3363.05,815.5640836,707.9726411,712.3193366,707.6799545
3364.05,815.8013649,708.1774522,712.5269491,707.8882551
3365.05,815.9792766,708.3772372,712.7208224,708.0852012
3366.05,816.1762315,708.5782782,712.908218,708.2766585
3367.05,816.4523743,708.7983892,713.1351556,708.4945314
3368.05,816.6260015,708.9806113,713.3206777,708.6844592
3369.05,816.8054141,709.1807492,713.5158358,708.871926
3370.05,817.0845819,709.3942215,713.7414014,709.0939504
3371.05,817.2799569,709.591484,713.9420612,709.30364
3372.05,817.4829177,709.786237,714.1341676,709.5023415
3373.05,817.7013518,709.9802213,714.3392822,709.7127903
3374.05,817.8894694,710.1873082,714.537926,709.8996779
3375.05,818.1046193,710.3787053,714.7486147,710.1040706
3376.05,818.3659241,710.5909172,714.9658,710.3110963
3377.05,818.5478031,710.7709925,715.1638531,710.4976035
3378.05,818.8507173,710.9892934,715.3969271,710.7253432
3379.05,819.0478079,711.1827366,715.5897482,710.9149816
3380.05,819.2848151,711.3968274,715.7944681,711.1286867
3381.05,819.4811814,711.5860853,715.9996049,711.3234126
3382.05,819.7281576,711.7933324,716.216941,711.5454633
3383.05,819.9058193,711.9824419,716.4030813,711.7303889
3384.05,820.1178462,712.1749769,716.6078895,711.9214274
3385.05,820.4127257,712.390748,716.8455742,712.1532016
3386.05,820.6714977,712.6150769,717.0634709,712.3827886
3387.05,820.8984749,712.8184718,717.2838924,712.5801526
3388.05,821.1573961,713.0272311,717.4996168,712.792446
3389.05,821.3696086,713.2272083,717.6924918,712.9853793
3390.05,821.6647095,713.4600483,717.9160773,713.1997385
3391.05,821.9160232,713.6773703,718.1266678,713.4137606
3392.05,822.1625656,713.8881405,718.3347379,713.6284889
3393.05,822.3866858,714.0893087,718.5453183,713.8204075
3394.05,822.6244183,714.3114478,718.7484678,714.0452375
3395.05,822.874908,714.5307928,718.9665354,714.249427
3396.05,823.1053052,714.7429118,719.1692431,714.4628003
3397.05,823.3225313,714.9338367,719.3610617,714.6622185
3398.05,823.5853684,715.1508147,719.5713939,714.8743785
3399.05,823.8150659,715.3487319,719.7791206,715.0717653
3400.05,824.0349061,715.5641307,719.9931142,715.2718531
3401.05,824.2975178,715.7869396,720.2102458,715.4794252
3402.05,824.5122523,715.9850314,720.4064749,715.6827448
3403.05,824.7246144,716.1774896,720.589923,715.8754651
3404.05,824.9910158,716.382133,720.8038974,716.0898549
3405.05,825.2002075,716.5778932,721.0051144,716.3053408
3406.05,825.4528562,716.7856932,721.2216513,716.5256146
3407.05,825.6687963,716.9836488,721.4206424,716.7234621
3408.05,825.8441701,717.1649548,721.609775,716.9057622
3409.05,826.1049395,717.3714401,721.8225318,717.1211843
3410.05,826.2479465,717.562514,721.9884069,717.2967451
3411.05,826.4539489,717.7666726,722.1922088,717.5032791
3412.05,826.7110251,717.9907493,722.4104325,717.7234998
3413.05,827.0034007,718.2265166,722.6389966,717.9469848
3414.05,827.3282423,718.4729782,722.8763631,718.1741561
3415.05,827.5174339,718.666107,723.066156,718.3587405
3416.05,827.7357775,718.8648249,723.2733808,718.5580482
3417.05,827.9002405,719.0491644,723.4467435,718.7377078
3418.05,828.1646262,719.265459,723.6483823,718.950521
3419.05,828.4002554,719.46813,723.84662,719.1452411
3420.05,828.6481329,719.6781239,724.0633684,719.3519769
3421.05,828.8934881,719.8921127,724.2786303,719.559818
3422.05,829.0946393,720.0870088,724.4717033,719.7497386
3423.05,829.3005791,720.286588,724.6689669,719.934074
3424.05,829.5776213,720.5207831,724.8958913,720.1546861
3425.05,829.7935564,720.7196575,725.1013983,720.3630805
3426.05,829.9872783,720.9127014,725.2997142,720.5715909
3427.05,830.2569811,721.12863,725.5155976,720.7849594
3428.05,830.5714608,721.3691925,725.75556,721.0147644
3429.05,830.8421371,721.5969743,725.9673458,721.2446758
3430.05,831.0558938,721.7894349,726.1649638,721.428181
3431.05,831.322109,722.0027452,726.3808415,721.6500033
3432.05,831.5292112,722.1942533,726.5757869,721.8469029
3433.05,831.7965477,722.4066675,726.7960576,722.0522296
3434.05,832.0343104,722.6178353,726.9980559,722.2564967
3435.05,832.2999452,722.8381644,727.2192923,722.4767569
3436.05,832.5911563,723.0624689,727.4414278,722.7034244
3437.05,832.8141319,723.2659599,727.6524721,722.9109625
3438.05,833.0816999,723.4778795,727.8781818,723.1273463
3439.05,833.2755842,723.6907253,728.0580005,723.3296463
3440.05,833.5052778,723.8898334,728.2698124,723.5350134
3441.05,833.7201697,724.086374,728.4747653,723.7244492
3442.05,833.9579666,724.2892094,728.6711288,723.9309312
3443.05,834.163441,724.4917973,728.88169,724.1386024
3444.05,834.3637658,724.691427,729.0891418,724.3386921
3445.05,834.6383523,724.9074109,729.318468,724.5461192
3446.05,834.8654391,725.112126,729.5137469,724.7484018
3447.05,835.0911822,725.3227279,729.7182157,724.9653139
3448.05,835.3488664,725.5342148,729.9262237,725.1679156
3449.05,835.5331078,725.7094052,730.1168829,725.350299
3450.05,835.7924744,725.9225588,730.3347089,725.5635928
3451.05,836.023946,726.1283024,730.5469658,725.7678298
3452.05,836.2649063,726.3258338,730.7545039,725.9656251
3453.05,836.4516606,726.505851,730.955662,726.1696918
3454.05,836.6905297,726.7040004,731.1614556,726.3729773
3455.05,836.9074572,726.9068175,731.3538662,726.5766499
3456.05,837.1021136,727.1196103,731.5402363,726.7682791
3457.05,837.3621178,727.3425214,731.7682004,726.9950925
3458.05,837.5644321,727.5392042,731.9740309,727.1948184
3459.05,837.8352703,727.772634,732.18783,727.4155472
3460.05,838.0980725,727.9927166,732.3961318,727.6277143
3461.05,838.3268,728.2065573,732.5928103,727.8279434
3462.05,838.5700385,728.4248954,732.807014,728.0345101
3463.05,838.7766542,728.6262978,732.9989213,728.2262879
3464.05,839.0016057,728.8433303,733.2226495,728.4338295
3465.05,839.2168671,729.0417386,733.4216841,728.6302682
3466.05,839.443686,729.2556693,733.620353,728.835614
3467.05,839.670273,729.4627514,733.8152424,729.0356342
3468.05,839.8635586,729.655421,734.0204335,729.2215689
3469.05,840.0737337,729.8624635,734.2250274,729.4220467
3470.05,840.3092271,730.0673773,734.4312069,729.6254871
3471.05,840.4721581,730.2628003,734.6275517,729.8048388
3472.05,840.6668748,730.4580666,734.8087284,729.9933138
3473.05,840.885574,730.6554345,735.0243343,730.1935464
3474.05,841.1439759,730.8662782,735.2418301,730.4133775
3475.05,841.4050316,731.0818749,735.458627,730.6348135
3476.05,841.6245087,731.2804347,735.6694405,730.82995
3477.05,841.8506262,731.48546,735.8791231,731.0337332
3478.05,842.0204818,731.6705623,736.0618344,731.2308067
3479.05,842.2856901,731.8840746,736.2820125,731.4496915
3480.05,842.5590011,732.1016793,736.5025893,731.6692458
3481.05,842.7891813,732.2977719,736.7086082,731.868996
3482.05,843.0031094,732.4935778,736.9101441,732.0639703
3483.05,843.2099059,732.6939208,737.1184372,732.2659775
3484.05,843.4704983,732.9049369,737.3399489,732.4799515
3485.05,843.7591322,733.1316606,737.5595749,732.6960995
3486.05,844.0818477,733.364795,737.7920427,732.9257355
3487.05,844.3459238,733.5765336,737.9974502,733.1349971
3488.05,844.6195602,733.7872517,738.220805,733.3605505
3489.05,844.8712145,733.9986831,738.4239934,733.5830142
3490.05,845.1333284,734.221411,738.6535101,733.8043441
3491.05,845.3909433,734.4349757,738.8763849,734.0230129
3492.05,845.5900946,734.6340461,739.0768148,734.2202771
3493.05,845.7776872,734.8181333,739.2594228,734.4152642
3494.05,846.0286511,735.0250421,739.4688953,734.6271289
3495.05,846.2388605,735.2400075,739.6837914,734.8388393
3496.05,846.4428954,735.431466,739.8680655,735.0340604
3497.05,846.6866335,735.6358111,740.0750951,735.2513212
3498.05,846.856522,735.8287996,740.2639181,735.4321523
3499.05,847.0359137,736.0151895,740.462724,735.6174859
3500.05,847.2844344,736.236808,740.6848732,735.8282631
3501.05,847.5276143,736.44137,740.8969121,736.0391589
3502.05,847.7618058,736.6491039,741.1012278,736.244119
3503.05,847.9137063,736.8274358,741.2721266,736.4222364
3504.05,848.2057813,737.0500752,741.4900115,736.6338113
3505.05,848.4643644,737.2582739,741.6996025,736.8371415
3506.05,848.7472239,737.4797176,741.9196763,737.0435492
3507.05,848.9585914,737.6785997,742.1123104,737.2400201
3508.05,849.1745399,737.8817652,742.3086496,737.4318292
3509.05,849.4675691,738.0873238,742.5393465,737.6637179
3510.05,849.6438465,738.2830572,742.7281157,737.848551
3511.05,849.8754674,738.4973346,742.9473442,738.0639634
3512.05,850.0993736,738.7020665,743.1514207,738.2690865
3513.05,850.394166,738.9349846,743.367854,738.4840109
3514.05,850.6373347,739.1499842,743.5849697,738.7014603
3515.05,850.9377456,739.3892174,743.8217152,738.9237797
3516.05,851.2176273,739.6123958,744.0538295,739.171698
3517.05,851.4535659,739.8278035,744.2690126,739.380202
3518.05,851.7197687,740.0590417,744.493686,739.5971828
3519.05,851.9574156,740.2673096,744.7025514,739.7911189
3520.05,852.1503411,740.4561593,744.8963201,739.9805613
3521.05,852.3979042,740.6687863,745.1038522,740.1883822
3522.05,852.6450641,740.8793765,745.3284422,740.4004186
3523.05,852.8858364,741.0896332,745.5376949,740.6107398
3524.05,853.1372394,741.2972034,745.7443755,740.8195108
3525.05,853.3637596,741.4999231,745.9522853,741.015842
3526.05,853.5600496,741.7033878,746.1399776,741.2051116
3527.05,853.7259809,741.9021389,746.3397298,741.3983193
3528.05,853.9123671,742.0999938,746.5201624,741.5860828
3529.05,854.2139502,742.3354167,746.7563409,741.812187
3530.05,854.5000732,742.5584416,746.9729269,742.0319155
3531.05,854.7230108,742.7522031,747.172297,742.2363748
3532.05,854.9404698,742.9576276,747.3770269,742.440938
3533.05,855.1020015,743.1394045,747.5515627,742.6165098
3534.05,855.3717654,743.3528387,747.7791557,742.8426963
3535.05,855.6280175,743.5661861,748.0048434,743.0507541
3536.05,855.9630241,743.8032373,748.2421017,743.2898301
3537.05,856.2166109,744.0083184,748.4496361,743.5102784
3538.05,856.4347398,744.207346,748.6525098,743.7168714
3539.05,856.7414042,744.4285652,748.8853228,743.9511034
3540.05,856.9871554,744.6459834,749.1102448,744.1711987
3541.05,857.3007162,744.8724014,749.3494531,744.3979053
3542.05,857.5783068,745.0979705,749.5726375,744.6261122
3543.05,857.7260598,745.2850086,749.7582615,744.7985841
3544.05,857.9456882,745.4897258,749.9614967,745.0016192
3545.05,858.1873443,745.7036685,750.1727497,745.2107827
3546.05,858.4738014,745.929274,750.4030195,745.440678
3547.05,858.7341348,746.1467142,750.6039957,745.6551891
3548.05,859.0285781,746.3676613,750.8413129,745.8817363
3549.05,859.2696708,746.5742735,751.0483824,746.092352
3550.05,859.5169692,746.796482,751.2576269,746.3015554
3551.05,859.7574039,747.0163293,751.4734651,746.5167361
3552.05,859.9453485,747.2077768,751.6706762,746.7049294
3553.05,860.2148407,747.4223784,751.8844792,746.9261731
3554.05,860.389279,747.6250457,752.064772,747.1170458
3555.05,860.6357704,747.8337285,752.2740479,747.3383056
3556.05,860.9106902,748.053783,752.5052534,747.562299
3557.05,861.1742025,748.2644796,752.7276747,747.7867637
3558.05,861.4200151,748.4733705,752.9477477,748.0045015
3559.05,861.6995815,748.68621,753.1765088,748.226575
3560.05,861.8861063,748.8852021,753.3673212,748.4249033
3561.05,862.1080102,749.0975412,753.5806807,748.6277313
3562.05,862.3231591,749.3035974,753.7781873,748.8216036
3563.05,862.5588079,749.5060444,753.9964258,749.0344858
3564.05,862.8189134,749.7312481,754.2157394,749.2592311
3565.05,863.0700647,749.948657,754.4229949,749.4794166
3566.05,863.2995875,750.1463995,754.6318363,749.6917805
3567.05,863.5850234,750.3672078,754.8468357,749.920646
3568.05,863.7376232,750.5607351,755.0385529,750.1140776
3569.05,863.8943106,750.7509683,755.2363542,750.3042418
3570.05,864.1365267,750.9706543,755.4541037,750.5142189
3571.05,864.3912582,751.186726,755.6638706,750.7298682
3572.05,864.667053,751.4097908,755.8941158,750.9468753
3573.05,864.9086841,751.6151722,756.0979049,751.1569723
3574.05,865.1799264,751.8272341,756.3136666,751.3795514
3575.05,865.3489846,752.0210058,756.4963133,751.5698613
3576.05,865.6099685,752.2463306,756.7131277,751.780756
3577.05,865.871579,752.4590128,756.9288387,751.9866178
3578.05,866.0569594,752.6598023,757.1212933,752.1848847
3579.05,866.2731289,752.8640405,757.3282653,752.3855633
3580.05,866.4730074,753.0532673,757.5178841,752.5825306
3581.05,866.7128431,753.2577018,757.7259441,752.7850972
3582.05,866.958324,753.4752597,757.935315,753.001679
3583.05,867.1773022,753.6794349,758.1368346,753.2113598
3584.05,867.4331635,753.8958204,758.3557847,753.4140538
3585.05,867.6322435,754.1033414,758.5532957,753.6140843
3586.05,867.8452366,754.299582,758.7518126,753.8156003
3587.05,868.0663983,754.4976184,758.9489715,754.010575
3588.05,868.3073132,754.6959581,759.1562475,754.2263989
3589.05,868.5237508,754.8925968,759.3513763,754.4355532
3590.05,868.7327458,755.1002592,759.5550236,754.6418357
3591.05,868.9483303,755.2925256,759.7460832,754.8428735
3592.05,869.2314595,755.5222999,759.9738372,755.0633732
3593.05,869.4327481,755.7145132,760.1656228,755.2564507
3594.05,869.6709882,755.9311065,760.3859266,755.4548744
3595.05,869.899756,756.1368981,760.5990624,755.6524828
3596.05,870.0680984,756.3210714,760.7915262,755.8296767
3597.05,870.366005,756.5539273,761.0177414,756.0707877
3598.05,870.4934661,756.7184695,761.1941971,756.2541704
3599.05,870.7633304,756.9356174,761.4184266,756.4694973
3600.05,871.0482161,757.175377,761.6526585,756.6912947
3601.05,871.296274,757.3881197,761.8511127,756.899485
3602.05,871.5343328,757.6024764,762.0620492,757.0975076
3603.05,871.7805791,757.8341609,762.2897039,757.3125345
3604.05,872.0704493,758.0459534,762.5151918,757.539962
3605.05,872.2769542,758.2421256,762.709874,757.7420645
3606.05,872.4896568,758.4361557,762.921133,757.9535943
3607.05,872.7822143,758.6624554,763.1513623,758.1632491
3608.05,873.0115223,758.8698921,763.3669945,758.3730616
3609.05,873.2323131,759.0704705,763.5630491,758.5742529
3610.05,873.4418269,759.2723105,763.7673329,758.7699046
3611.05,873.7167862,759.4984901,763.9960129,758.997074
3612.05,874.0218176,759.7345499,764.2255352,759.2222649
3613.05,874.2890714,759.9383177,764.4405973,759.4303695
3614.05,874.5856224,760.1609905,764.6665211,759.651908
3615.05,874.8270055,760.3721275,764.8748414,759.8724916
3616.05,875.1400205,760.6011205,765.1208335,760.1096611
3617.05,875.3545727,760.7983487,765.3197535,760.3115943
3618.05,875.5685378,760.9939969,765.5208527,760.5167487
3619.05,875.808341,761.2064805,765.7345188,760.7180331
3620.05,876.0770045,761.4293487,765.9601139,760.9286987
3621.05,876.2306879,761.6148405,766.1334369,761.1272318
3622.05,876.4786997,761.8294398,766.3376688,761.3431016
3623.05,876.77986,762.0497324,766.5606706,761.5645012
3624.05,877.0543511,762.2677417,766.7775671,761.7928113
3625.05,877.246818,762.451185,766.9545301,761.9939243
3626.05,877.5126034,762.6738181,767.1728351,762.2067948
3627.05,877.7372195,762.8855545,767.3868328,762.4123001
3628.05,877.948278,763.0957622,767.577998,762.6077391
3629.05,878.1807026,763.3077849,767.7857171,762.8159323
3630.05,878.4198061,763.5177526,767.9874214,763.0123371
3631.05,878.6730134,763.7322369,768.2004356,763.2228346
3632.05,878.9438752,763.9485606,768.4207521,763.4454482
3633.05,879.1778358,764.1474747,768.6284077,763.6489379
3634.05,879.4492184,764.367054,768.854102,763.8793725
3635.05,879.6502076,764.5694048,769.0463896,764.0758352
3636.05,879.8870694,764.7755797,769.2600467,764.2816087
3637.05,880.1681847,764.9916522,769.4856754,764.4934943
3638.05,880.3808512,765.1980858,769.6881125,764.6834484
3639.05,880.6183971,765.4043672,769.9024305,764.8906965
3640.05,880.8827057,765.6248582,770.1131923,765.0953431
3641.05,881.1246404,765.8397248,770.3180376,765.2928321
3642.05,881.3000411,766.0306988,770.5104917,765.4747377
3643.05,881.5072059,766.2369938,770.7132317,765.679984
3644.05,881.778034,766.4562356,770.9330239,765.9054911
3645.05,881.9794627,766.6526814,771.1278139,766.1014444
3646.05,882.2256902,766.8591913,771.3386311,766.3118365
3647.05,882.4036976,767.038846,771.5279948,766.4899585
3648.05,882.6292024,767.235334,771.7407913,766.704757
3649.05,882.854184,767.4396637,771.9484831,766.9060689
3650.05,883.1053459,767.6500441,772.1644786,767.1211742
3651.05,883.358843,767.8668209,772.3895372,767.3329215
3652.05,883.5805661,768.0735211,772.6044455,767.536728
3653.05,883.9328591,768.3104633,772.8398613,767.7720139
3654.05,884.0484379,768.4857358,773.0150576,767.9375291
3655.05,884.3504248,768.7165274,773.2607616,768.1746478
3656.05,884.6399935,768.9398867,773.4959846,768.3953608
3657.05,884.9137168,769.1755524,773.7091264,768.6101871
3658.05,885.151474,769.3740262,773.9191667,768.8190966
3659.05,885.3818344,769.5842566,774.124981,769.0358908
3660.05,885.6377008,769.8125006,774.3381006,769.2589672
3661.05,885.817816,770.0119638,774.5315566,769.4563991
3662.05,886.0517517,770.2159068,774.7447726,769.6681059
3663.05,886.2853331,770.4171036,774.952121,769.8877579
3664.05,886.5186576,770.6232792,775.1575092,770.0935994
3665.05,886.7348848,770.8249338,775.3535203,770.2887389
3666.05,886.9882216,771.0314493,775.5602976,770.4984023
3667.05,887.2688385,771.2528131,775.7925888,770.7313265
3668.05,887.571432,771.4785525,776.0174108,770.9675221
3669.05,887.7932421,771.6800637,776.2211607,771.1688376
3670.05,888.0148059,771.8919692,776.4230294,771.3767431
3671.05,888.2475409,772.0969143,776.628527,771.5914478
3672.05,888.4691247,772.2998918,776.8460403,771.7947252
3673.05,888.6851709,772.5075697,777.0484554,771.9835808
3674.05,888.9386521,772.7212516,777.2675158,772.1968379
3675.05,889.1972381,772.9371237,777.487849,772.4219106
3676.05,889.4551933,773.1578713,777.7010507,772.644683
3677.05,889.6595599,773.3560861,777.9078303,772.8435596
3678.05,889.8797852,773.5558669,778.1108035,773.0388844
3679.05,890.0963152,773.7524216,778.3049354,773.2372855
3680.05,890.3642385,773.9648517,778.5285493,773.4544407
3681.05,890.5781738,774.1799728,778.7255243,773.6558738
3682.05,890.8224554,774.3830802,778.9302363,773.8635598
3683.05,891.021236,774.5742091,779.1290874,774.0505413
3684.05,891.2653704,774.7747076,779.3364107,774.2617526
3685.05,891.5055149,774.9857928,779.5516515,774.4690436
3686.05,891.7274083,775.192824,779.7676074,774.6672456
3687.05,891.9216689,775.3875736,779.9711106,774.8696135
3688.05,892.1486544,775.5990957,780.1748685,775.0636123
3689.05,892.4265469,775.8222766,780.4047739,775.2715865
3690.05,892.6677311,776.039048,780.6048296,775.4874141
3691.05,892.8587149,776.2293773,780.8014781,775.683265
3692.05,893.1273383,776.4541816,781.0220821,775.8970654
3693.05,893.3831203,776.6774432,781.250549,776.114652
3694.05,893.5613623,776.8691327,781.4533237,776.3076984
3695.05,893.8277912,777.0828427,781.6797159,776.5193786
3696.05,894.0614805,777.2861082,781.8741902,776.7159578
3697.05,894.2744248,777.4900762,782.0709673,776.9340628
3698.05,894.5425369,777.7132936,782.3033095,777.1414613
3699.05,894.8221796,777.9359233,782.5385577,777.3683797
3700.05,895.0718944,778.1626844,782.7665863,777.5964967
3701.05,895.3362039,778.3790872,782.9844649,777.8154362
3702.05,895.5873546,778.5955099,783.1937986,778.025436
3703.05,895.8165332,778.799553,783.3999965,778.2171633
3704.05,896.0910546,779.0161027,783.6208474,778.4286538
3705.05,896.3729077,779.2304348,783.8504527,778.6415328
3706.05,896.6104258,779.4390282,784.0664075,778.8559429
3707.05,896.9193483,779.6600761,784.3000483,779.0749627
3708.05,897.1223694,779.8518704,784.498756,779.2804373
3709.05,897.3502951,780.0614838,784.7088148,779.4824309
3710.05,897.5960823,780.2689192,784.9181903,779.6909196
3711.05,897.8600932,780.4771519,785.1288712,779.9046853
3712.05,898.1489039,780.7101078,785.3570174,780.1279956
3713.05,898.3783865,780.9065721,785.5596324,780.3301452
3714.05,898.6017943,781.1194072,785.7580838,780.5353311
3715.05,898.8231042,781.3346132,785.9447762,780.7327813
3716.05,899.0173207,781.5194525,786.1469328,780.9308801
3717.05,899.2542085,781.7256573,786.3565087,781.1355894
3718.05,899.4672614,781.9323883,786.5618972,781.3426684
3719.05,899.7301007,782.1459222,786.7850035,781.5639073
3720.05,899.9543832,782.3586197,786.9864326,781.7630012
3721.05,900.2355458,782.5822755,787.2117342,781.9865748
3722.05,900.4529514,782.7800306,787.4089868,782.1854704
3723.05,900.6427666,782.9729072,787.5832971,782.3791291
3724.05,900.9149446,783.1841314,787.7941115,782.5899026
3725.05,901.1088081,783.3873668,787.989621,782.7898246
3726.05,901.3140588,783.5808635,788.1802764,783.0052591
3727.05,901.59374,783.7954584,788.4005826,783.2172926
3728.05,901.8065022,783.9928563,788.6061974,783.4201208
3729.05,902.016081,784.1839292,788.8057415,783.6235752
3730.05,902.1950262,784.3689761,789.0040973,783.8191921
3731.05,902.4345182,784.5762028,789.2107714,784.0333141
3732.05,902.662635,784.7786461,789.4212491,784.2378914
3733.05,902.8936056,784.9857648,789.6347558,784.4471443
3734.05,903.1590468,785.198967,789.8415872,784.6621533
3735.05,903.4031096,785.4085264,790.0600107,784.8783733
3736.05,903.6104836,785.6150153,790.2579675,785.0742779
3737.05,903.8775837,785.8398654,790.4717524,785.2836819
3738.05,904.1987878,786.0639352,790.7214059,785.5198698
3739.05,904.4327748,786.2785037,790.9330623,785.7252825
3740.05,904.5944788,786.4751886,791.1239719,785.9221392
3741.05,904.7999628,786.6863606,791.3317648,786.1183018
3742.05,905.0685836,786.9159953,791.5554906,786.3300558
3743.05,905.3479842,787.1362917,791.7831344,786.5439704
3744.05,905.5244984,787.3170702,791.9756785,786.7200756
3745.05,905.6973656,787.5248343,792.1758377,786.9074248
3746.05,905.9029847,787.7207814,792.37328,787.0961363
3747.05,906.0801191,787.9217632,792.5638198,787.2831671
3748.05,906.2572558,788.118009,792.7533495,787.4625848
3749.05,906.4757531,788.3220055,792.9614541,787.6777903
3750.05,906.6572188,788.5021703,793.1442855,787.870458
3751.05,906.8506386,788.6928001,793.3307062,788.0624013
3752.05,907.0378122,788.8736787,793.5207969,788.2616055
3753.05,907.2792742,789.0770451,793.7261445,788.4681735
3754.05,907.5153931,789.2706812,793.9274139,788.6706209
3755.05,907.7023524,789.4718928,794.1084434,788.8591897
3756.05,907.9404008,789.6737332,794.3250063,789.0693285
3757.05,908.1821879,789.8994844,794.5486535,789.276766
3758.05,908.4194588,790.1062228,794.7558235,789.4905146
3759.05,908.6059565,790.3042301,794.9529914,789.6874905
3760.05,908.8478997,790.5146414,795.1588231,789.8937619
3761.05,909.1288712,790.7410899,795.3778064,790.1093896
3762.05,909.357964,790.9416718,795.5877207,790.3157173
3763.05,909.5504037,791.1299308,795.7879586,790.5089435
3764.05,909.7774757,791.3340361,796.0012846,790.7283362
3765.05,910.0680738,791.5568768,796.2354994,790.9529469
3766.05,910.300552,791.7613399,796.4520971,791.1631607
3767.05,910.562913,791.971465,796.6629517,791.369185
3768.05,910.8644814,792.2112829,796.9004578,791.6042981
3769.05,911.1245363,792.4290701,797.1160084,791.8116013
3770.05,911.3136025,792.6280492,797.2991893,792.0113686
3771.05,911.5363385,792.8383043,797.5059594,792.2129343
3772.05,911.7401474,793.0375133,797.6897882,792.4036308
3773.05,911.8941294,793.2249799,797.8645064,792.5900644
3774.05,912.1489375,793.4368639,798.0763189,792.8040482
3775.05,912.4407819,793.6650448,798.2992734,793.0181086
3776.05,912.7186149,793.8934073,798.5176813,793.2451851
3777.05,912.9548579,794.1021899,798.7239115,793.4571996
3778.05,913.1913517,794.3171099,798.9348357,793.6607417
3779.05,913.4931065,794.5409432,799.1591968,793.8922549
3780.05,913.7560613,794.7668352,799.385178,794.1157571
3781.05,914.0080493,794.9894686,799.6085344,794.3458841
3782.05,914.1806541,795.1783321,799.8004584,794.537317
3783.05,914.354539,795.3744029,799.9989499,794.7378339
3784.05,914.6310106,795.6024631,800.2244476,794.9551686
3785.05,914.8648765,795.7973196,800.4342756,795.1600521
3786.05,915.1031911,796.0081034,800.6379448,795.3666949
3787.05,915.3264366,796.2041306,800.8521585,795.5761269
3788.05,915.5640062,796.406534,801.0662961,795.772386
3789.05,915.7536455,796.5982874,801.2658446,795.970637
3790.05,915.9908934,796.8183858,801.4675202,796.1818237
3791.05,916.2265095,797.0271634,801.6637062,796.3936686
3792.05,916.4037021,797.2207194,801.8529765,796.5750542
3793.05,916.5955644,797.415478,802.0414606,796.7632766
3794.05,916.839446,797.6243807,802.2531109,796.9733504
3795.05,917.1481291,797.8493825,802.4874547,797.2067529
3796.05,917.3705908,798.0526411,802.6860906,797.3933356
3797.05,917.6394249,798.2806303,802.8996701,797.6021587
3798.05,917.8377339,798.4612961,803.1047677,797.792023
3799.05,918.1053138,798.685802,803.3232137,798.0053143
3800.05,918.3630369,798.8963585,803.5502954,798.2212378
3801.05,918.6028495,799.1178071,803.7566972,798.4363201
3802.05,918.8853709,799.3332881,803.9920922,798.6526161
3803.05,919.0996055,799.5308272,804.1810455,798.8537656
3804.05,919.3321336,799.7356545,804.3813243,799.0520503
3805.05,919.5044156,799.9267852,804.5577389,799.2361559
3806.05,919.7331578,800.1205899,804.7706993,799.4449186
3807.05,920.0065647,800.3483439,804.9927883,799.6656644
3808.05,920.3005171,800.5831143,805.220583,799.8877874
3809.05,920.4829457,800.7749213,805.4099583,800.0717379
3810.05,920.6853604,800.9810255,805.620756,800.2752253
3811.05,920.9386396,801.1950855,805.8259794,800.4872826
3812.05,921.1533921,801.3911867,806.0341898,800.6869145
3813.05,921.4266478,801.6171491,806.2500187,800.9071481
3814.05,921.6300431,801.8059593,806.4423402,801.1139432
3815.05,921.8507375,802.0114983,806.6368569,801.3100962
3816.05,922.1211652,802.225968,806.8522148,801.5206496
3817.05,922.3390409,802.4307215,807.0499487,801.7275487
3818.05,922.590549,802.6426556,807.2755077,801.9388417
3819.05,922.8619179,802.8580862,807.5023709,802.1743176
3820.05,923.1465694,803.0754747,807.7252547,802.4020535
3821.05,923.4113096,803.3039452,807.9480912,802.6264582
3822.05,923.6567521,803.5156542,808.1583182,802.8320707
3823.05,923.8877097,803.7236856,808.3637783,803.0295337
3824.05,924.1395994,803.9352638,808.594247,803.2602601
3825.05,924.4067379,804.1559567,808.8071782,803.4780333
3826.05,924.7097325,804.3737786,809.0374527,803.7019245
3827.05,924.9345002,804.5691273,809.2357244,803.900543
3828.05,925.154744,804.7713549,809.4340224,804.107144
3829.05,925.4303795,804.9911177,809.6597566,804.3247645
3830.05,925.723017,805.2156002,809.8846585,804.5508003
3831.05,925.9490795,805.4290669,810.0908533,804.7547875
3832.05,926.1350823,805.6197325,810.2774639,804.9479845
3833.05,926.3154324,805.8098421,810.4676736,805.134881
3834.05,926.5731411,806.0145313,810.6760769,805.3492551
3835.05,926.8244843,806.2252534,810.885011,805.5578814
3836.05,927.0310121,806.4297065,811.0753897,805.7520876
3837.05,927.2872173,806.6419445,811.295204,805.9673025
3838.05,927.5545952,806.8635573,811.514759,806.171471
3839.05,927.7625302,807.0664786,811.7201409,806.3692527
3840.05,928.0272699,807.2778727,811.953152,806.5859623
3841.05,928.2773645,807.4860605,812.1569636,806.7975154
3842.05,928.5047347,807.7016892,812.3497755,807.0114959
3843.05,928.7251841,807.9013259,812.5491264,807.2038732
3844.05,929.075157,808.1503613,812.8088059,807.4568568
3845.05,929.2934575,808.3508344,813.003591,807.6554297
3846.05,929.5452587,808.5625642,813.2107461,807.8680751
3847.05,929.7294019,808.7573879,813.4107297,808.0684794
3848.05,929.9070231,808.9437183,813.6026829,808.2627336
3849.05,930.173197,809.1610961,813.8165722,808.4630013
3850.05,930.4409902,809.3786403,814.0287412,808.6812549
3851.05,930.6541301,809.5834767,814.2387055,808.8750716
3852.05,930.865694,809.786803,814.4585859,809.0898926
3853.05,931.1039589,809.9918531,814.6714658,809.2962385
3854.05,931.3689744,810.2030874,814.8981731,809.5026113
3855.05,931.6534092,810.425077,815.1180273,809.7289974
3856.05,931.8298926,810.6156802,815.3040242,809.9204708
3857.05,931.9970092,810.783013,815.4922993,810.0991591
3858.05,932.22544,810.9870263,815.6998786,810.3002897
3859.05,932.4832625,811.1963024,815.922107,810.5089529
3860.05,932.7475127,811.4184755,816.152986,810.7235661
3861.05,932.9872511,811.6133856,816.3621616,810.9387387
3862.05,933.3380247,811.8503325,816.6153051,811.1764949
3863.05,933.5465139,812.0416665,816.8178122,811.3760267
3864.05,933.7209058,812.2143839,817.0064992,811.5747276
3865.05,933.9573633,812.4397541,817.2051983,811.7826659
3866.05,934.2051155,812.6507585,817.4202408,811.99119
3867.05,934.4681977,812.8715412,817.6310832,812.2020604
3868.05,934.6604851,813.0632857,817.8256853,812.4021015
3869.05,934.9110453,813.2723862,818.0395107,812.6099617
3870.05,935.1590379,813.4818213,818.2489819,812.8249654
3871.05,935.3739183,813.6871102,818.442941,813.0260922
3872.05,935.6265701,813.9089575,818.6480683,813.2496376
3873.05,935.9292559,814.136242,818.8898802,813.4775834
3874.05,936.1679085,814.3488186,819.0915682,813.6753351
3875.05,936.4348257,814.5632238,819.308449,813.8995584
3876.05,936.6950382,814.781497,819.5304448,814.1143117
3877.05,937.0035418,815.0039119,819.7728377,814.3378625
3878.05,937.2896063,815.2241124,820.0014814,814.5751033
3879.05,937.5500751,815.4442149,820.2213202,814.7835522
3880.05,937.7702837,815.6449294,820.4159362,814.9792128
3881.05,938.0784965,815.8717448,820.650047,815.2063738
3882.05,938.2875496,816.0744372,820.854744,815.4036073
3883.05,938.5120425,816.2852009,821.0608116,815.6062546
3884.05,938.7451662,816.4874658,821.2628237,815.8195434
3885.05,938.9781856,816.6989805,821.461782,816.0221578
3886.05,939.2320388,816.9126462,821.6865403,816.2446353
3887.05,939.4933964,817.1293357,821.8942311,816.4598943
3888.05,939.7047185,817.3224256,822.1071342,816.6649601
3889.05,939.9540597,817.5369767,822.3221834,816.8829869
3890.05,940.2096959,817.7526225,822.5349778,817.0992755
3891.05,940.3707007,817.9339959,822.7195616,817.2842348
3892.05,940.6184709,818.1467333,822.9250659,817.4869712
3893.05,940.9206197,818.3875459,823.1610929,817.7068411
3894.05,941.1706448,818.6005556,823.373769,817.9246692
3895.05,941.3226758,818.7975579,823.5612702,818.101773
3896.05,941.5812231,819.0054278,823.7931833,818.30809
3897.05,941.7949913,819.2083621,823.9941041,818.5120821
3898.05,941.9950498,819.401775,824.2047594,818.7188538
3899.05,942.2371168,819.6007563,824.4105352,818.9168712
3900.05,942.4588733,819.8132618,824.602098,819.1166004
3901.05,942.7289836,820.0371672,824.8312506,819.3313014
3902.05,942.9866476,820.2527363,825.0536133,819.5438333
3903.05,943.230272,820.4619044,825.2568604,819.7478163
3904.05,943.4702616,820.673738,825.4702978,819.9624111
3905.05,943.7385269,820.8897335,825.6900099,820.1766568
3906.05,943.9897994,821.1040984,825.9050788,820.3934429
3907.05,944.2034241,821.3083339,826.0982776,820.5922471
3908.05,944.455943,821.5163302,826.3194528,820.8007766
3909.05,944.5644609,821.6899659,826.4807292,820.9608477
3910.05,944.7871588,821.8948306,826.6901845,821.1617745
3911.05,944.9853577,822.0912502,826.8799728,821.3683646
3912.05,945.2349303,822.3066149,827.0804585,821.5753105
3913.05,945.4402165,822.5067647,827.2661313,821.7706087
3914.05,945.6936495,822.7228808,827.4882176,821.9718494
3915.05,945.9674443,822.9484572,827.7130276,822.1961441
3916.05,946.2222529,823.1677276,827.9263337,822.4080314
3917.05,946.4058776,823.3622278,828.1111364,822.6078397
3918.05,946.6668403,823.5826517,828.3291078,822.8376391
3919.05,946.8326027,823.7735232,828.5159138,823.0228675
3920.05,947.0511751,823.9769366,828.7168056,823.2194875
3921.05,947.2881133,824.1838003,828.9285478,823.4324682
3922.05,947.5770482,824.4179313,829.1607021,823.6575235
3923.05,947.7991423,824.6220863,829.3640102,823.8630974
3924.05,948.0242636,824.8247819,829.5599452,824.0614085
3925.05,948.2659248,825.0424853,829.775893,824.2629603
3926.05,948.6175951,825.2883911,830.0251369,824.5068963
3927.05,948.8440643,825.494935,830.2385638,824.7125613
3928.05,949.1256586,825.7236577,830.4700787,824.9302693
3929.05,949.4053941,825.9383315,830.695123,825.1546093
3930.05,949.685487,826.176725,830.9193133,825.3780057
3931.05,949.9117478,826.3811456,831.1221013,825.5858727
3932.05,950.1331835,826.5947849,831.337725,825.790573
3933.05,950.315796,826.7787743,831.5306849,825.9703692
3934.05,950.5726235,827.0053238,831.7462574,826.1844553
3935.05,950.8149495,827.2150801,831.9391185,826.3928092
3936.05,951.0982563,827.4412663,832.1728315,826.6215024
3937.05,951.3873309,827.6672607,832.3847403,826.844933
3938.05,951.6465721,827.8791578,832.5998666,827.0516471
3939.05,951.9105157,828.1024591,832.8261998,827.2640415
3940.05,952.1306049,828.3047556,833.0399355,827.4743969
3941.05,952.4654007,828.5342666,833.2935838,827.7127612
3942.05,952.5985221,828.709241,833.4832259,827.9006016
3943.05,952.849031,828.933036,833.7003348,828.1102202
3944.05,953.1046174,829.1575523,833.9158526,828.3407118
3945.05,953.3331034,829.3727661,834.1204647,828.5509267
3946.05,953.5293822,829.5742871,834.3103296,828.733186
3947.05,953.7063603,829.7729279,834.4868406,828.9235177
3948.05,953.9008122,829.9698367,834.6732381,829.1188082
3949.05,954.1842445,830.1983859,834.9164026,829.3463731
3950.05,954.3888658,830.4079783,835.119061,829.5443218
3951.05,954.608232,830.603029,835.3224954,829.7496883
3952.05,954.8455336,830.8080648,835.5259564,829.9576656
3953.05,955.0888884,831.0230344,835.7442533,830.1696479
3954.05,955.2973767,831.2210034,835.9362019,830.3756598
3955.05,955.5630561,831.4494222,836.1545975,830.5935044
3956.05,955.768878,831.6417688,836.3514975,830.7892018
3957.05,956.0529249,831.8748528,836.5777354,831.0046617
3958.05,956.2416133,832.0727028,836.7663684,831.1951986
3959.05,956.5269714,832.2849161,836.9799414,831.4181102
3960.05,956.7199779,832.4724099,837.1711797,831.6173174
3961.05,957.0053433,832.6921006,837.3966703,831.8491885
3962.05,957.224763,832.8865121,837.5893748,832.0470822
3963.05,957.4641816,833.1165109,837.801698,832.2700327
3964.05,957.7762434,833.3510706,838.0296436,832.4942039
3965.05,957.9852825,833.5585125,838.2339069,832.6964962
3966.05,958.2934212,833.7894026,838.476978,832.9325818
3967.05,958.4667599,833.9816391,838.6678677,833.1219524
3968.05,958.6745329,834.1886799,838.8673342,833.3175813
3969.05,958.857644,834.3831005,839.0691829,833.5184438
3970.05,959.0807322,834.5848658,839.2758903,833.7232947
3971.05,959.3029923,834.7829094,839.4806758,833.9359863
3972.05,959.5348104,834.9877034,839.6974856,834.14204
3973.05,959.8507125,835.219149,839.9191685,834.3768525
3974.05,960.0775898,835.4316017,840.1439604,834.5880028
3975.05,960.2834292,835.6320507,840.3328369,834.7734839
3976.05,960.4760492,835.8291176,840.5372992,834.9724055
3977.05,960.7153993,836.0347887,840.7433377,835.1853837
3978.05,960.8695929,836.2111218,840.9392578,835.3656479
3979.05,961.1777699,836.4305917,841.1760156,835.5906689
3980.05,961.4495829,836.6459237,841.396324,835.7957253
3981.05,961.6626944,836.850437,841.5975563,835.9922499
3982.05,961.9231864,837.0589373,841.8274421,836.2073592
3983.05,962.2148673,837.292625,842.0597765,836.4416348
3984.05,962.5119892,837.506379,842.2921715,836.6596662
3985.05,962.7848277,837.719341,842.5094648,836.8971682
3986.05,963.0578071,837.9319276,842.7153165,837.1084272
3987.05,963.3084499,838.1401855,842.9297654,837.3169472
3988.05,963.4873413,838.3249659,843.120228,837.5082228
3989.05,963.7396828,838.5489371,843.3254082,837.7279968
3990.05,963.97944,838.7595785,843.5485416,837.9471956
3991.05,964.2967141,838.9945123,843.797328,838.1883114
3992.05,964.5723518,839.2193762,844.018917,838.4060536
3993.05,964.8619135,839.4482087,844.2423587,838.6145769
3994.05,965.0714788,839.6475762,844.4412582,838.8116866
3995.05,965.2444193,839.8458765,844.6238436,838.9961215
3996.05,965.5008955,840.0541196,844.8395361,839.2082609
3997.05,965.7974721,840.2783925,845.07239,839.4340553
3998.05,965.9948084,840.4768104,845.2676762,839.6283145
3999.05,966.2623397,840.6994755,845.4772908,839.842801
4000.05,966.5198871,840.9055235,845.6988102,840.0689298
4001.05,966.794308,841.1231369,845.9263913,840.2849495
4002.05,967.0985937,841.3458867,846.1478909,840.5199511
4003.05,967.4076858,841.5726716,846.3847058,840.7417173
4004.05,967.6505544,841.7757212,846.5930894,840.9566393
4005.05,967.8885795,841.986774,846.7954434,841.1717141
4006.05,968.1523997,842.2016871,847.0163155,841.3877006
4007.05,968.4685255,842.432442,847.2469577,841.6159382
4008.05,968.6872644,842.6284943,847.4603047,841.81696
4009.05,968.9456864,842.8412731,847.6886775,842.0302892
4010.05,969.1840771,843.0502573,847.9066327,842.2530553
4011.05,969.4161122,843.2480577,848.1216318,842.4583865
4012.05,969.6444655,843.4493701,848.3296312,842.6696495
4013.05,969.8820951,843.6620017,848.5455508,842.8726264
4014.05,970.1231099,843.8799487,848.756248,843.0792197
4015.05,970.3659036,844.088221,848.9629795,843.297187
4016.05,970.6220372,844.3038563,849.1696463,843.5113994
4017.05,970.8697411,844.5227758,849.3827423,843.7184503
4018.05,971.103737,844.7350768,849.5983383,843.93586
4019.05,971.3376315,844.940164,849.8110651,844.1464549
4020.05,971.5752098,845.1523606,850.0232668,844.3581573
4021.05,971.8015048,845.3649188,850.2380217,844.5672192
4022.05,972.0734517,845.5820216,850.4590453,844.7747482
4023.05,972.2956554,845.7694637,850.6610309,844.9796929
4024.05,972.5821094,845.9997006,850.8989236,845.2091209
4025.05,972.8458441,846.2224368,851.114036,845.4177048
4026.05,973.1481629,846.4550552,851.3419081,845.650993
4027.05,973.4041514,846.6634793,851.5542722,845.8665498
4028.05,973.6328422,846.8714386,851.7544141,846.0705238
4029.05,973.8735607,847.0741019,851.9599463,846.2783033
4030.05,974.1360523,847.2938475,852.1868435,846.4970346
4031.05,974.3860016,847.5134358,852.4009846,846.712583
4032.05,974.6313092,847.7362782,852.6081619,846.9222327
4033.05,974.9460324,847.9706691,852.8428816,847.1475281
4034.05,975.1519701,848.1798649,853.0439184,847.3606161
4035.05,975.3430692,848.3795087,853.2433687,847.5418804
4036.05,975.5912247,848.5910553,853.45661,847.7587157
4037.05,975.7834467,848.7935714,853.6526288,847.9654312
4038.05,976.0715408,849.0114841,853.8788519,848.1981387
4039.05,976.2981895,849.2228686,854.0816056,848.4158493
4040.05,976.5824035,849.4306267,854.3019285,848.6267482
4041.05,976.8119589,849.6350714,854.5055134,848.82728
4042.05,977.0954381,849.8734247,854.7268276,849.0525437
4043.05,977.2893115,850.0672439,854.9250625,849.258065
4044.05,977.5357002,850.2750476,855.1315448,849.4615471
4045.05,977.7557281,850.4888915,855.3307202,849.6560778
4046.05,977.967273,850.6816669,855.551407,849.8376768
4047.05,978.24794,850.9054902,855.7775365,850.0580448
4048.05,978.4543003,851.0984029,855.9662111,850.2556374
4049.05,978.7554775,851.3334346,856.188902,850.497578
4050.05,979.0136492,851.5489062,856.3984263,850.7144427
4051.05,979.2148531,851.7539678,856.5960258,850.9077114
4052.05,979.461072,851.9675103,856.8045501,851.1260629
4053.05,979.6657228,852.1570154,856.9966914,851.3222615
4054.05,979.8787779,852.3577635,857.201712,851.5242515
4055.05,980.0705818,852.5479561,857.4014501,851.7251141
4056.05,980.2471035,852.7292563,857.591274,851.9232005
4057.05,980.5069547,852.9486292,857.803866,852.1423729
4058.05,980.7571098,853.1672109,858.0198605,852.3472318
4059.05,980.974086,853.3740965,858.2286783,852.559509
4060.05,981.1556676,853.560581,858.4190313,852.7630256
4061.05,981.4058994,853.7791359,858.6343754,852.9740736
4062.05,981.6877058,853.9901761,858.8596305,853.2035879
4063.05,981.9167096,854.199308,859.0765531,853.4086902
4064.05,982.2017289,854.4333569,859.3074479,853.6429111
4065.05,982.4364558,854.6373566,859.5203498,853.8650904
4066.05,982.6978782,854.8487337,859.7335863,854.0728557
4067.05,982.9345191,855.0639791,859.9382166,854.2939023
4068.05,983.1826272,855.2886905,860.1658806,854.5175476
4069.05,983.3192005,855.4640249,860.3469187,854.6964032
4070.05,983.5463288,855.6757566,860.5423098,854.8957622
4071.05,983.8076259,855.8878592,860.7790228,855.1089185
4072.05,984.0564459,856.0974415,861.000287,855.30469
4073.05,984.2268533,856.2740539,861.1940271,855.4840718
4074.05,984.3751497,856.4403438,861.3651398,855.6457947
4075.05,984.5897316,856.6429948,861.5700232,855.8586984
4076.05,984.9055822,856.8791101,861.7979347,856.0825888
4077.05,985.1495126,857.0935013,861.9970773,856.3032122
4078.05,985.4080786,857.3045577,862.2115792,856.522372
4079.05,985.5884662,857.5070732,862.4101697,856.7179131
4080.05,985.8321557,857.7026651,862.6168046,856.9154705
4081.05,986.1685663,857.9422262,862.8591779,857.1589397
4082.05,986.4843062,858.1703576,863.0874849,857.3942227
4083.05,986.7934367,858.4046534,863.3220286,857.6301833
4084.05,987.024704,858.6151248,863.5239602,857.8417886
4085.05,987.2200597,858.8051711,863.710276,858.0377114
4086.05,987.5168967,859.0251075,863.9495829,858.2577333
4087.05,987.7793353,859.2332428,864.1671795,858.4746103
4088.05,987.9868143,859.4363174,864.3637316,858.6705276
4089.05,988.3133519,859.6672658,864.588035,858.9081114
4090.05,988.4743862,859.8457758,864.7711679,859.0919306
4091.05,988.7129254,860.0618076,864.9745502,859.3059181
4092.05,988.9714471,860.2766624,865.1944454,859.5173543
4093.05,989.2471854,860.4895676,865.4298006,859.7455747
4094.05,989.5112117,860.7106029,865.6514094,859.9682489
4095.05,989.6897538,860.9128605,865.8373865,860.1709558
4096.05,989.920346,861.1197375,866.0516142,860.3841999
4097.05,990.1206089,861.3127622,866.249463,860.5827408
4098.05,990.3577214,861.5351389,866.4555546,860.7796868
4099.05,990.6054676,861.7493044,866.6655263,860.989563
4100.05,990.910117,861.9886526,866.8934387,861.2091015
4101.05,991.1329902,862.1932423,867.1010217,861.407489
4102.05,991.4138395,862.4116677,867.3210604,861.6226382
4103.05,991.5908812,862.6064469,867.5180819,861.8133252
4104.05,991.854077,862.8121222,867.7403727,862.0315061
4105.05,992.0768423,863.0131087,867.9384473,862.2279298
4106.05,992.2978572,863.2182563,868.1480601,862.4304967
4107.05,992.4792617,863.4134501,868.340242,862.6212889
4108.05,992.7038758,863.6254675,868.5446413,862.8176965
4109.05,992.9841668,863.8266356,868.7672866,863.0433837
4110.05,993.1901525,864.0126688,868.9641948,863.2491758
4111.05,993.4849989,864.2313922,869.1944724,863.4750387
4112.05,993.6742102,864.4306511,869.3923457,863.6857355
4113.05,993.9278249,864.6463051,869.6048901,863.9007059
4114.05,994.1610237,864.8519941,869.8217592,864.1055427
4115.05,994.3308022,865.0395478,870.0112048,864.2963521
4116.05,994.6253896,865.2638774,870.2338935,864.5201672
4117.05,994.8542344,865.4740999,870.4322856,864.729283
4118.05,995.1481709,865.7001855,870.6533004,864.9521683
4119.05,995.3897437,865.9153942,870.8658862,865.1590966
4120.05,995.5838778,866.0983986,871.0591247,865.3482297
4121.05,995.8217416,866.3140205,871.270267,865.5558708
4122.05,996.0596844,866.5182014,871.4716378,865.7658334
4123.05,996.3272127,866.7385581,871.6906834,865.9937967
4124.05,996.6584149,866.9725972,871.9231349,866.232175
4125.05,996.8663794,867.1753346,872.1068261,866.4269871
4126.05,997.1282955,867.3818349,872.3160341,866.6378164
4127.05,997.2503259,867.5544793,872.4769145,866.8137199
4128.05,997.5378232,867.7776065,872.7052861,867.0404727
4129.05,997.8945291,868.0279229,872.9586672,867.2868842
4130.05,998.1385497,868.2411589,873.1636354,867.5026217
4131.05,998.3793523,868.4571953,873.3632812,867.7019729
4132.05,998.6472112,868.6762358,873.5884653,867.9136982
4133.05,998.8455715,868.8697512,873.7762944,868.1095741
4134.05,999.0754758,869.0714653,873.985932,868.3044118
4135.05,999.3020812,869.2857183,874.1902829,868.5092554
4136.05,999.5861689,869.5052728,874.4207859,868.7376103
4137.05,999.8823672,869.7346978,874.6589688,868.9750836
4138.05,1000.170406,869.9615974,874.8910563,869.2002076
4139.05,1000.367502,870.151337,875.0975674,869.3985127
4140.05,1000.553719,870.342495,875.2793123,869.5940252
4141.05,1000.842074,870.5525373,875.5038923,869.8149141
4142.05,1001.24238,870.8172028,875.768465,870.0627242
4143.05,1001.461083,871.0244507,875.9675469,870.252989
4144.05,1001.723877,871.241259,876.1904463,870.4661192
4145.05,1001.942555,871.4382036,876.4016949,870.6727852
4146.05,1002.199392,871.6498423,876.6139226,870.8838389
4147.05,1002.469658,871.862094,876.8346871,871.0918778
4148.05,1002.71091,872.077558,877.0453661,871.2983154
4149.05,1002.981186,872.2892307,877.2842043,871.5223785
4150.05,1003.121569,872.4827236,877.4563547,871.7015447
4151.05,1003.392387,872.7037956,877.6595792,871.9224099
4152.05,1003.606101,872.909093,877.8567014,872.1116925
4153.05,1003.864724,873.1293131,878.0677419,872.3264612
4154.05,1004.182476,873.3632036,878.3024099,872.5638435
4155.05,1004.479534,873.5880213,878.5406741,872.7986833
4156.05,1004.742854,873.8036688,878.7593727,873.0139052
4157.05,1005.047255,874.0360393,878.9860123,873.2567051
4158.05,1005.287111,874.2501,879.194759,873.4613898
4159.05,1005.54271,874.4612625,879.4097053,873.6645434
4160.05,1005.773642,874.6641001,879.6105068,873.8711097
4161.05,1005.990905,874.8630479,879.8112948,874.0819583
4162.05,1006.265407,875.0780932,880.0172526,874.2989161
4163.05,1006.484759,875.2828236,880.2157709,874.4944251
4164.05,1006.692843,875.4788111,880.4166985,874.690261
4165.05,1007.012785,875.7110673,880.6448162,874.9090579
4166.05,1007.239427,875.9304918,880.8632876,875.1261996
4167.05,1007.480851,876.1449593,881.0763169,875.3367186
4168.05,1007.742069,876.3650489,881.298409,875.5551729
4169.05,1007.923262,876.5611725,881.4940822,875.7624986
4170.05,1008.157839,876.7512257,881.7051596,875.9758739
4171.05,1008.382823,876.9479923,881.8961161,876.1799659
4172.05,1008.5709,877.1384969,882.0873817,876.3761057
4173.05,1008.772978,877.3430629,882.2890677,876.5763844
4174.05,1009.032912,877.5473841,882.5022987,876.7852738
4175.05,1009.270917,877.7615644,882.7078342,876.998654
4176.05,1009.522065,877.9821293,882.9307598,877.2068434
4177.05,1009.712785,878.1751817,883.1324271,877.3986057
4178.05,1009.944716,878.38145,883.332322,877.604323
4179.05,1010.25165,878.6211771,883.5690822,877.8459765
4180.05,1010.497519,878.8216441,883.7879277,878.057845
4181.05,1010.679316,879.0216816,883.9677392,878.2494771
4182.05,1010.975914,879.2472124,884.2017267,878.4880956
4183.05,1011.250594,879.4722337,884.4321636,878.7057889
4184.05,1011.454581,879.6758394,884.6326197,878.8901493
4185.05,1011.721657,879.8863249,884.8494839,879.1085789
4186.05,1011.985025,880.0980657,885.0579642,879.3161673
4187.05,1012.190513,880.2906337,885.2562897,879.5198846
4188.05,1012.342087,880.4666398,885.4367192,879.7025796
4189.05,1012.591506,880.6685738,885.6443259,879.8954601
4190.05,1012.791152,880.8658197,885.8517871,880.0979912
4191.05,1013.04405,881.0560942,886.0535098,880.2971261
4192.05,1013.315047,881.2754912,886.2731524,880.5138064
4193.05,1013.520942,881.4706119,886.465446,880.7158103
4194.05,1013.697456,881.6577995,886.6569642,880.9058449
4195.05,1013.92779,881.8570362,886.860982,881.099498
4196.05,1014.1566,882.0600233,887.0676682,881.3073062
4197.05,1014.400734,882.2641159,887.2780179,881.5129151
4198.05,1014.644176,882.4824869,887.4956832,881.7311603
4199.05,1014.881431,882.6921582,887.6971162,881.9297761
4200.05,1015.112813,882.9091293,887.9106816,882.1487902
4201.05,1015.342699,883.1213081,888.1218293,882.350189
4202.05,1015.620446,883.3427924,888.3501681,882.5703403
4203.05,1015.81156,883.5313389,888.5373283,882.7557628
4204.05,1016.068943,883.7400473,888.7734479,882.9703669
4205.05,1016.388624,883.9744519,889.0014672,883.1929387
4206.05,1016.666017,884.1917684,889.2203693,883.4201883
4207.05,1016.919832,884.4104461,889.4323309,883.6282794
4208.05,1017.173885,884.6285542,889.6431057,883.836397
4209.05,1017.366614,884.829278,889.8377221,884.0262284
4210.05,1017.568996,885.0227957,890.0345506,884.2307867
4211.05,1017.826538,885.2308293,890.2433043,884.4414409
4212.05,1017.997072,885.4140726,890.4332033,884.6374454
4213.05,1018.218786,885.6215644,890.6338541,884.844825
4214.05,1018.449382,885.837241,890.8428768,885.06107
4215.05,1018.641194,886.0422402,891.0491397,885.2541855
4216.05,1018.824379,886.2339843,891.2542872,885.4589766
4217.05,1019.020235,886.4312768,891.4507122,885.650174
4218.05,1019.288667,886.6509869,891.6751575,885.8683401
4219.05,1019.519992,886.8519894,891.8816447,886.0748882
4220.05,1019.7377,887.0493923,892.0800392,886.2708527
4221.05,1019.970138,887.2487207,892.2917442,886.476013
4222.05,1020.159977,887.4433822,892.4948429,886.6645809
4223.05,1020.394335,887.6490833,892.7207748,886.8840432
4224.05,1020.651977,887.8665839,892.9391818,887.1156079
4225.05,1020.911593,888.0703236,893.145444,887.3221023
4226.05,1021.123491,888.2719466,893.344829,887.5044027
4227.05,1021.378376,888.4875032,893.5620817,887.7275218
4228.05,1021.601443,888.7065225,893.76571,887.9337647
4229.05,1021.734768,888.8789828,893.9368286,888.1121932
4230.05,1021.988237,889.086163,894.1491502,888.322163
4231.05,1022.208016,889.3040778,894.3615981,888.5274536
4232.05,1022.432675,889.5061025,894.5718798,888.7277585
4233.05,1022.713848,889.7224504,894.7985145,888.9640597
4234.05,1022.934616,889.9194064,895.0141935,889.1659353
4235.05,1023.220179,890.1291942,895.2387237,889.390554
4236.05,1023.523674,890.3608375,895.4587742,889.6125086
4237.05,1023.803884,890.5755219,895.6823798,889.8273391
4238.05,1024.026823,890.7840982,895.879492,890.0339142
4239.05,1024.276191,890.9927248,896.0907695,890.2366976
4240.05,1024.567541,891.2059358,896.3379873,890.4683348
4241.05,1024.73733,891.389546,896.5110455,890.6404468
4242.05,1025.058797,891.62175,896.7603329,890.8670501
4243.05,1025.248451,891.8153893,896.9516789,891.0660887
4244.05,1025.469003,892.0284151,897.1620593,891.2758151
4245.05,1025.70063,892.2335281,897.3821179,891.4885689
4246.05,1025.951339,892.4486317,897.5930614,891.703008
4247.05,1026.124105,892.6317875,897.7833623,891.8996628
4248.05,1026.390186,892.8381807,898.0045438,892.1200858
4249.05,1026.607345,893.0381277,898.2239148,892.3304922
4250.05,1026.816349,893.2346371,898.430709,892.5350589
4251.05,1027.094448,893.4518825,898.6504625,892.7520528
4252.05,1027.334455,893.657731,898.8535661,892.9589126
4253.05,1027.545777,893.8569257,899.046207,893.1614004
4254.05,1027.784654,894.0666441,899.2615677,893.3765001
4255.05,1027.985098,894.2589357,899.4518973,893.577041
4256.05,1028.268673,894.4784884,899.6755768,893.7965767
4257.05,1028.508655,894.6843507,899.892893,894.0101051
4258.05,1028.718102,894.8741587,900.0855992,894.2035911
4259.05,1029.02947,895.106329,900.3212225,894.4474715
4260.05,1029.261789,895.3057387,900.5357375,894.6591816
4261.05,1029.467789,895.498284,900.7266447,894.8576621
4262.05,1029.654766,895.6871787,900.9153693,895.0539363
4263.05,1029.943619,895.9068461,901.1451312,895.2734681
4264.05,1030.23867,896.1359309,901.3781644,895.4942651
4265.05,1030.416132,896.3309068,901.5696245,895.6877966
4266.05,1030.676464,896.5485063,901.788809,895.9094971
4267.05,1030.922178,896.769943,901.9975003,896.1174549
4268.05,1031.169055,896.9842903,902.2090248,896.3267873
4269.05,1031.457881,897.2026035,902.4424883,896.5522172
4270.05,1031.691232,897.4105777,902.6574351,896.748621
4271.05,1031.890991,897.6216296,902.8618587,896.9506537
4272.05,1032.052216,897.7999417,903.0426159,897.1349038
4273.05,1032.324084,898.0177424,903.2651741,897.3588763
4274.05,1032.572313,898.2340345,903.481737,897.5609351
4275.05,1032.808817,898.4452223,903.6911441,897.7750701
4276.05,1033.11424,898.6810096,903.9277015,898.0064584
4277.05,1033.335158,898.8761637,904.1373089,898.2047942
4278.05,1033.581277,899.0930015,904.3522379,898.4123409
4279.05,1033.854093,899.3033914,904.5648014,898.6328927
4280.05,1034.081583,899.5273929,904.782642,898.8436338
4281.05,1034.348612,899.7434377,904.9997928,899.0715366
4282.05,1034.632179,899.9703506,905.2354591,899.313302
4283.05,1034.815865,900.1708925,905.4253922,899.5132448
4284.05,1035.063946,900.3748485,905.6301229,899.7273847
4285.05,1035.333003,900.583583,905.8571979,899.9471996
4286.05,1035.583214,900.8120154,906.0633596,900.1745355
4287.05,1035.812966,901.0282112,906.2694925,900.382044
4288.05,1036.070118,901.2402912,906.4984363,900.60485
4289.05,1036.29263,901.4339727,906.697514,900.8096786
4290.05,1036.509117,901.6362134,906.8911192,901.0139192
4291.05,1036.847762,901.8755965,907.1471319,901.2518379
4292.05,1036.987137,902.041571,907.3287213,901.4308919
4293.05,1037.240699,902.2624701,907.5435528,901.6574489
4294.05,1037.451976,902.4569089,907.7388328,901.8683206
4295.05,1037.70719,902.6694707,907.9571809,902.0783885
4296.05,1037.967184,902.8913383,908.1667652,902.3023526
4297.05,1038.200807,903.1032825,908.3713724,902.5038556
4298.05,1038.461931,903.3128003,908.5815038,902.7137705
4299.05,1038.683058,903.5135717,908.7838238,902.9191796
4300.05,1038.885301,903.7237273,908.9914888,903.1291474
4301.05,1039.079158,903.9202196,909.1849084,903.3372419
4302.05,1039.338571,904.1259705,909.4027597,903.5413208
4303.05,1039.549885,904.3261369,909.6147316,903.7585955
4304.05,1039.815331,904.5472593,909.8420907,903.9734837
4305.05,1040.073771,904.7552395,910.0655011,904.182886
4306.05,1040.312086,904.9637245,910.2729187,904.3776524
4307.05,1040.566217,905.1843178,910.4915043,904.5866214
4308.05,1040.835463,905.3925494,910.7109305,904.8122301
4309.05,1041.129548,905.622479,910.9527329,905.0420177
4310.05,1041.368319,905.8281495,911.1567575,905.2573769
4311.05,1041.59086,906.0344877,911.3664278,905.4574481
4312.05,1041.764016,906.217957,911.5489275,905.6441306
4313.05,1041.97355,906.4197446,911.7476866,905.8362701
4314.05,1042.188082,906.616419,911.9427382,906.0347602
4315.05,1042.388088,906.8170218,912.1349601,906.2300904
4316.05,1042.650929,907.0161507,912.3348307,906.4380634
4317.05,1042.980944,907.2636002,912.5766514,906.6760755
4318.05,1043.213522,907.4656147,912.7871454,906.8793226
4319.05,1043.428221,907.6543123,912.9870182,907.0866902
4320.05,1043.626244,907.8488984,913.181189,907.2837931
4321.05,1043.868311,908.0600943,913.3961985,907.4931773
4322.05,1044.201626,908.2914391,913.6324345,907.7230432
4323.05,1044.430154,908.4915133,913.8357244,907.9293873
4324.05,1044.740305,908.7230332,914.0590856,908.1546224
4325.05,1044.95376,908.9181726,914.2609446,908.3475902
4326.05,1045.166199,909.0995682,914.4531676,908.5454367
4327.05,1045.385606,909.30634,914.6651089,908.7460162
4328.05,1045.591943,909.5050686,914.8672,908.9388139
4329.05,1045.823152,909.7110005,915.0676386,909.1455526
4330.05,1046.06767,909.9248606,915.2807659,909.3661973
4331.05,1046.287828,910.1336072,915.4813817,909.5720596
4332.05,1046.463835,910.3241886,915.6603816,909.7617547
4333.05,1046.735394,910.5367448,915.8785608,909.9748258
4334.05,1046.97172,910.7455125,916.0832459,910.1839835
4335.05,1047.162665,910.9280794,916.2813794,910.3776965
4336.05,1047.424966,911.1423367,916.4881162,910.5927035
4337.05,1047.755412,911.3764404,916.7420888,910.8427024
4338.05,1047.962291,911.5717633,916.9318635,911.0391962
4339.05,1048.212313,911.7746891,917.1422925,911.2568201
4340.05,1048.482889,911.9975953,917.3559811,911.4716294
4341.05,1048.719473,912.2160457,917.5585615,911.6797716
4342.05,1048.939098,912.4291737,917.7551222,911.8821292
4343.05,1049.166398,912.6421782,917.9596679,912.092771
4344.05,1049.450182,912.8691378,918.1733453,912.3163364
4345.05,1049.679768,913.0707015,918.3795894,912.5265404
4346.05,1049.887285,913.2750228,918.5769345,912.7176891
4347.05,1050.12034,913.4852605,918.7890473,912.9299501
4348.05,1050.362818,913.701247,918.9915729,913.153998
4349.05,1050.597865,913.9094465,919.1995207,913.3694967
4350.05,1050.865806,914.1233787,919.4225124,913.586233
4351.05,1051.087617,914.3286362,919.6408073,913.8001533
4352.05,1051.37843,914.5613402,919.8629394,914.0253573
4353.05,1051.599856,914.7678357,920.0635655,914.235621
4354.05,1051.740664,914.941595,920.2335922,914.4101028
4355.05,1051.954757,915.1465697,920.4339111,914.6195996
4356.05,1052.149841,915.3296711,920.6259876,914.8167602
4357.05,1052.466043,915.5624061,920.8530867,915.0600796
4358.05,1052.709198,915.7632169,921.0487357,915.2654031
4359.05,1052.983792,915.9835666,921.2747825,915.4802271
4360.05,1053.230363,916.1926916,921.4833271,915.6906984
4361.05,1053.483988,916.4063498,921.6987653,915.9178427
4362.05,1053.737342,916.623586,921.9273515,916.1257103
4363.05,1053.954529,916.830201,922.1203737,916.3193104
4364.05,1054.166466,917.041211,922.3233145,916.5065711
4365.05,1054.502702,917.2899612,922.5747025,916.7467345
4366.05,1054.747324,917.4878884,922.7833283,916.9552373
4367.05,1054.922612,917.6794243,922.9599338,917.1286539
4368.05,1055.199255,917.9000117,923.1833546,917.3534666
4369.05,1055.491385,918.1236882,923.4117078,917.5829649
4370.05,1055.737291,918.3349471,923.6209818,917.7791782
4371.05,1055.983982,918.5374302,923.8271898,917.9829505
4372.05,1056.298219,918.7630862,924.0687755,918.226407
4373.05,1056.508713,918.9597574,924.2847527,918.4294113
4374.05,1056.69629,919.1472048,924.4758,918.6237234
4375.05,1056.961624,919.361509,924.6920663,918.8368461
4376.05,1057.140925,919.5504826,924.8911468,919.0224886
4377.05,1057.374482,919.7595697,925.0961349,919.2330913
4378.05,1057.634414,919.9718377,925.3160132,919.4421551
4379.05,1057.896233,920.1905111,925.539789,919.6703777
4380.05,1058.145379,920.3968259,925.7558721,919.8879535
4381.05,1058.46445,920.6257763,925.9926612,920.1143082
4382.05,1058.7387,920.834219,926.2014665,920.3279822
4383.05,1058.942035,921.0285059,926.3923077,920.5253253
4384.05,1059.1887,921.235584,926.5954998,920.7388352
4385.05,1059.365379,921.4248917,926.7977528,920.9264752
4386.05,1059.588395,921.6204077,926.9996645,921.1284482
4387.05,1059.798753,921.8162488,927.2054282,921.3318001
4388.05,1060.066863,922.0364832,927.4339099,921.5633357
4389.05,1060.286976,922.2305452,927.6484902,921.7678906
4390.05,1060.486171,922.4157587,927.8542906,921.9623607
4391.05,1060.77225,922.6407156,928.0914167,922.1931101
4392.05,1061.011219,922.8410925,928.2963675,922.4006116
4393.05,1061.243734,923.0328411,928.5001826,922.6157667
4394.05,1061.461658,923.239164,928.7096735,922.8193433
4395.05,1061.695858,923.4650222,928.9279767,923.0379744
4396.05,1061.891081,923.6627554,929.1193973,923.2378143
4397.05,1062.192397,923.8911543,929.3572107,923.4734529
4398.05,1062.455807,924.1067097,929.5601912,923.6928275
4399.05,1062.663603,924.2995544,929.7463906,923.8881638
4400.05,1062.893876,924.5062788,929.9392942,924.0911386
4401.05,1063.159792,924.7311337,930.1528263,924.3052002
4402.05,1063.351552,924.9222431,930.3571488,924.4927872
4403.05,1063.605278,925.1359132,930.5812479,924.7002537
4404.05,1063.873091,925.3455408,930.7953657,924.9154875
4405.05,1064.105433,925.5531957,931.0088615,925.1286578
4406.05,1064.314375,925.7503984,931.2092455,925.3210196
4407.05,1064.561873,925.9588957,931.4090704,925.5206867
4408.05,1064.78614,926.1619174,931.6296105,925.7296083
4409.05,1064.99733,926.362836,931.8281492,925.9437525
4410.05,1065.27807,926.5829776,932.0456339,926.1674935
4411.05,1065.539777,926.7896862,932.2566449,926.3905584
4412.05,1065.843328,927.0199784,932.4968136,926.6164107
4413.05,1066.024626,927.2105168,932.6984644,926.8195307
4414.05,1066.245155,927.4154351,932.9020654,927.0308406
4415.05,1066.418897,927.5968539,933.0878224,927.2158881
4416.05,1066.697926,927.8196293,933.3255611,927.448127
4417.05,1066.884738,928.0223668,933.5089995,927.6389547
4418.05,1067.099945,928.2230349,933.7103939,927.8465184
4419.05,1067.357306,928.4342977,933.920076,928.0636924
4420.05,1067.622052,928.6618795,934.1395639,928.2907278
4421.05,1067.903837,928.879135,934.3616058,928.5106225
4422.05,1068.219712,929.1134234,934.5832564,928.7499404
4423.05,1068.461325,929.3153747,934.7882401,928.9508427
4424.05,1068.732419,929.5382871,935.0036216,929.1785976
4425.05,1068.88829,929.7284318,935.2012909,929.3492605
4426.05,1069.15062,929.9537709,935.4097988,929.5616375
4427.05,1069.438341,930.174932,935.6413474,929.7987428
4428.05,1069.686408,930.3840385,935.8552734,930.0192736
4429.05,1069.901867,930.5814889,936.0599109,930.2256825
4430.05,1070.143617,930.7769931,936.2718178,930.4493297
4431.05,1070.359416,930.9788713,936.4798102,930.6623702
4432.05,1070.611558,931.1887406,936.6962449,930.87266
4433.05,1070.914454,931.4117678,936.9321716,931.0957761
4434.05,1071.046632,931.5893892,937.0941422,931.2856298
4435.05,1071.293601,931.7983875,937.3145879,931.4937983
4436.05,1071.544648,932.0134564,937.5335493,931.703416
4437.05,1071.811591,932.2303481,937.7543935,931.912675
4438.05,1072.064256,932.4598066,937.9629255,932.1298171
4439.05,1072.238846,932.6349367,938.1482,932.3166205
4440.05,1072.568204,932.8723673,938.3943969,932.5539422
4441.05,1072.809509,933.0866601,938.6099776,932.7622201
4442.05,1072.932697,933.2538118,938.7876599,932.9113461
4443.05,1073.169703,933.453538,938.9976048,933.1053668
4444.05,1073.426361,933.6848709,939.2241696,933.3297892
4445.05,1073.676168,933.896675,939.4301533,933.5440789
4446.05,1073.958665,934.1186319,939.6581171,933.7689312
4447.05,1074.124053,934.3073356,939.8407861,933.9543094
4448.05,1074.321164,934.5066544,940.0315641,934.1546232
4449.05,1074.564883,934.7268632,940.2540933,934.3684855
4450.05,1074.804837,934.9467395,940.4748701,934.585851
4451.05,1075.004081,935.1458982,940.6705797,934.7844159
4452.05,1075.310844,935.3759241,940.8947538,935.0184774
4453.05,1075.571912,935.5890635,941.1114061,935.2383932
4454.05,1075.760562,935.7851631,941.3166439,935.4273055
4455.05,1076.019736,935.9990084,941.5333966,935.6388614
4456.05,1076.321376,936.2278522,941.7676817,935.85945
4457.05,1076.535352,936.4366945,941.9713189,936.0596198
4458.05,1076.755879,936.6413347,942.1773508,936.2660188
4459.05,1077.021847,936.8565293,942.3912459,936.4882412
4460.05,1077.141915,937.0327479,942.5717577,936.6546813
4461.05,1077.335313,937.2226225,942.7726386,936.8482356
4462.05,1077.595437,937.4403879,942.9917535,937.0679943
4463.05,1077.891443,937.6643438,943.2224709,937.2887874
4464.05,1078.079242,937.8648926,943.4241655,937.4801911
4465.05,1078.371961,938.0841379,943.6492572,937.7089165
4466.05,1078.61596,938.2940464,943.8584285,937.9144778
4467.05,1078.796958,938.4849507,944.0507782,938.1090875
4468.05,1078.986289,938.6794824,944.2461261,938.3091112
4469.05,1079.299837,938.9211992,944.4857107,938.5457076
4470.05,1079.514205,939.1351265,944.6925386,938.7532265
4471.05,1079.804014,939.3513426,944.9205765,938.9828564
4472.05,1080.051445,939.5550654,945.1510274,939.2000626
4473.05,1080.352699,939.7858438,945.3812137,939.4289594
4474.05,1080.640859,940.0213985,945.6099456,939.6595297
4475.05,1080.882881,940.2288734,945.807362,939.8653863
4476.05,1081.103668,940.4249933,946.0061414,940.0700458
4477.05,1081.322595,940.6230721,946.2041557,940.2761433
4478.05,1081.592339,940.8385633,946.4423811,940.4927916
4479.05,1081.797367,941.0310513,946.6334501,940.6825004
4480.05,1081.986953,941.2302408,946.8223705,940.8728871
4481.05,1082.210658,941.4233725,947.0371882,941.0817738
4482.05,1082.43713,941.6277271,947.2288292,941.2775519
4483.05,1082.696352,941.8459379,947.4534186,941.4898948
4484.05,1082.984617,942.0792485,947.6720101,941.7110133
4485.05,1083.140933,942.2710519,947.8715525,941.8980181
4486.05,1083.374008,942.4855406,948.0859657,942.1183138
4487.05,1083.619322,942.7075156,948.3116445,942.3289189
4488.05,1083.886934,942.9374833,948.5205858,942.5407033
4489.05,1084.127731,943.1548347,948.7405909,942.7653777
4490.05,1084.403447,943.3763377,948.9589019,942.9781479
4491.05,1084.683874,943.5930926,949.1737122,943.203582
4492.05,1084.882199,943.7940906,949.3727579,943.4120134
4493.05,1085.079279,943.9835842,949.5674139,943.6123167
4494.05,1085.360342,944.2048507,949.8006863,943.830682
4495.05,1085.631734,944.423135,950.0286758,944.0566495
4496.05,1085.868432,944.634393,950.2345194,944.2712597
4497.05,1086.091349,944.8245546,950.4341231,944.474403
4498.05,1086.37667,945.0483033,950.6729688,944.6937753
4499.05,1086.621305,945.2477235,950.8824558,944.9050684
4500.05,1086.861481,945.4601944,951.0869107,945.1152699
4501.05,1087.073768,945.661322,951.2901813,945.3100914
4502.05,1087.265948,945.8410484,951.4784686,945.4944364
4503.05,1087.564829,946.0700536,951.7179617,945.7301467
4504.05,1087.833278,946.2856338,951.9345292,945.9490433
4505.05,1087.996405,946.4636922,952.1120441,946.1306658
4506.05,1088.237095,946.6718415,952.3323116,946.3453324
4507.05,1088.486489,946.8812641,952.5453586,946.5550462
4508.05,1088.682413,947.0750369,952.7342316,946.7450108
4509.05,1088.931542,947.2855147,952.9474487,946.9518803
4510.05,1089.264697,947.5272808,953.1922909,947.1788864
4511.05,1089.443072,947.7193745,953.3806897,947.3712464
4512.05,1089.746659,947.9460345,953.6060557,947.5976748
4513.05,1090.034361,948.1578629,953.834809,947.8327783
4514.05,1090.271911,948.3561623,954.0276968,948.0350429
4515.05,1090.578829,948.5841743,954.2564219,948.2654178
4516.05,1090.807211,948.7933608,954.4781437,948.4839653
4517.05,1091.031842,948.986451,954.6786331,948.6719424
4518.05,1091.224813,949.1887094,954.8786258,948.8510476
4519.05,1091.443065,949.3869254,955.091619,949.058627
4520.05,1091.700779,949.6009723,955.3001496,949.2771554
4521.05,1091.920012,949.8190719,955.4924115,949.4698802
4522.05,1092.162147,950.0319085,955.7093175,949.6889484
4523.05,1092.464215,950.2621539,955.9347381,949.9164792
4524.05,1092.71787,950.4703476,956.1512134,950.1351519
4525.05,1092.898159,950.6535108,956.3324352,950.3277475
4526.05,1093.106171,950.8557796,956.5296164,950.5231451
4527.05,1093.351373,951.0502499,956.7398913,950.7269021
4528.05,1093.553862,951.2449245,956.9438651,950.9170942
4529.05,1093.776623,951.4444208,957.1443561,951.1285523
4530.05,1094.013065,951.6493484,957.3522786,951.3485595
4531.05,1094.352786,951.8820774,957.5889664,951.5943846
4532.05,1094.547163,952.0865031,957.7833579,951.7961752
4533.05,1094.809233,952.3058806,957.9975153,952.0063989
4534.05,1095.118723,952.5281581,958.2242028,952.2312822
4535.05,1095.390017,952.7423382,958.4326314,952.441136
4536.05,1095.60133,952.9347629,958.6231188,952.6426169
4537.05,1095.841959,953.1525773,958.8268626,952.8510743
4538.05,1096.085766,953.359821,959.0463269,953.0679106
4539.05,1096.310911,953.5666327,959.2453711,953.2679019
4540.05,1096.490118,953.7544554,959.4426869,953.4628916
4541.05,1096.709503,953.9565206,959.6449061,953.6699174
4542.05,1096.992574,954.1800974,959.8622977,953.8925121
4543.05,1097.141595,954.3527402,960.0410301,954.0646833
4544.05,1097.383297,954.5648511,960.2595044,954.2786207
4545.05,1097.50117,954.7324557,960.4389999,954.4474728
4546.05,1097.68968,954.9169054,960.6276729,954.6498662
4547.05,1097.908891,955.1391386,960.8276674,954.840871
4548.05,1098.116272,955.3411594,961.0229261,955.0377857
4549.05,1098.295075,955.5351128,961.214011,955.2202493
4550.05,1098.521076,955.7372474,961.4161325,955.4282863
4551.05,1098.799633,955.9571524,961.6377608,955.6407683
4552.05,1099.063681,956.1742544,961.854363,955.8554589
4553.05,1099.295275,956.3767051,962.0623593,956.0772837
4554.05,1099.505035,956.5715723,962.2617008,956.2885893
4555.05,1099.7187,956.7790651,962.4570648,956.4841677
4556.05,1099.960359,956.9927651,962.662237,956.694522
4557.05,1100.101162,957.167273,962.8334132,956.8673901
4558.05,1100.37573,957.392688,963.0704386,957.1021216
4559.05,1100.583743,957.5847423,963.2779812,957.2977368
4560.05,1100.825969,957.7915688,963.4947835,957.5038844
4561.05,1101.144922,958.0210237,963.7258093,957.7372678
4562.05,1101.508066,958.2778574,963.9833824,957.9977183
4563.05,1101.678231,958.4682963,964.1746553,958.1892107
4564.05,1101.932948,958.677146,964.3914486,958.3965331
4565.05,1102.190111,958.8906233,964.6046221,958.6173468
4566.05,1102.42249,959.0875402,964.800002,958.8163605
4567.05,1102.644953,959.3019805,965.0037522,959.0180297
4568.05,1102.795765,959.4904752,965.1883517,959.1923422
4569.05,1103.073541,959.709368,965.4124253,959.4131599
4570.05,1103.269158,959.9037006,965.6014211,959.6028156
4571.05,1103.514375,960.1122169,965.8166511,959.8219081
4572.05,1103.733256,960.3206933,966.0168913,960.0266264
4573.05,1103.9566,960.5225208,966.2263216,960.2379992
4574.05,1104.177633,960.7393461,966.43925,960.4360899
4575.05,1104.417639,960.9556046,966.6411277,960.6370641
4576.05,1104.697916,961.1785287,966.849403,960.8609591
4577.05,1104.920204,961.3770735,967.0496602,961.0636981
4578.05,1105.173533,961.5933389,967.2698945,961.268648
4579.05,1105.475887,961.8161908,967.4922861,961.4961388
4580.05,1105.752987,962.0449839,967.7191551,961.725292
4581.05,1105.99891,962.2509923,967.9287316,961.9458597
4582.05,1106.262245,962.4658422,968.1420164,962.1593731
4583.05,1106.512638,962.6834813,968.3566767,962.3818097
4584.05,1106.802258,962.9025746,968.5787604,962.6042255
4585.05,1107.03727,963.1148534,968.7817565,962.8147278
4586.05,1107.256907,963.3162841,968.9997168,963.0290263
4587.05,1107.537374,963.5404932,969.2191856,963.2492927
4588.05,1107.838355,963.7679032,969.4307056,963.4720063
4589.05,1108.063211,963.9692503,969.631538,963.6742597
4590.05,1108.326319,964.1831296,969.8494238,963.8744232
4591.05,1108.552588,964.3796481,970.0517808,964.0763664
4592.05,1108.671043,964.5464923,970.225171,964.2539281
4593.05,1108.94451,964.7671403,970.4432864,964.4787073
4594.05,1109.179659,964.9750623,970.6559978,964.6824455
4595.05,1109.472772,965.1987082,970.8789517,964.9060694
4596.05,1109.654353,965.3967416,971.074553,965.1020121
4597.05,1109.865433,965.5953498,971.2740555,965.2892388
4598.05,1110.097328,965.7912292,971.4779467,965.4930031
4599.05,1110.337351,965.9972205,971.693393,965.6999871
4600.05,1110.559929,966.2017852,971.8889527,965.9147216
4601.05,1110.836044,966.4298337,972.1088601,966.1451972
4602.05,1111.073836,966.6354438,972.3222819,966.3573728
4603.05,1111.288673,966.8377135,972.523445,966.5608922
4604.05,1111.519329,967.0476617,972.736058,966.7676064
4605.05,1111.735659,967.2381444,972.936603,966.9686779
4606.05,1111.942265,967.4371169,973.1338968,967.1666326
4607.05,1112.114966,967.6230438,973.3161049,967.349506
4608.05,1112.342182,967.8137774,973.520385,967.5402107
4609.05,1112.52218,968.0079014,973.7003432,967.7352563
4610.05,1112.782167,968.2232093,973.9286785,967.9448157
4611.05,1112.995055,968.4220009,974.1398608,968.141695
4612.05,1113.251077,968.6350245,974.368696,968.3598177
4613.05,1113.522734,968.8667979,974.5930965,968.5901995
4614.05,1113.822403,969.0875884,974.8081253,968.8208633
4615.05,1114.109209,969.3059546,975.041236,969.0490965
4616.05,1114.327088,969.5082772,975.2529021,969.2442401
4617.05,1114.641491,969.7306316,975.4917277,969.4751491
4618.05,1114.900367,969.9525826,975.7012994,969.6802525
4619.05,1115.127606,970.1570056,975.9041891,969.8841912
4620.05,1115.357935,970.3610139,976.1195458,970.0883807
4621.05,1115.560476,970.5605051,976.3173257,970.2841473
4622.05,1115.745323,970.7487042,976.5085684,970.4694997
4623.05,1115.959199,970.9517816,976.7162857,970.6706772
4624.05,1116.216225,971.1694304,976.9287733,970.884792
4625.05,1116.403764,971.3682123,977.1317252,971.0880462
4626.05,1116.687728,971.5882572,977.3544143,971.3082967
4627.05,1116.944237,971.8103295,977.5593946,971.5247527
4628.05,1117.249728,972.0392054,977.7958156,971.7540883
4629.05,1117.511157,972.2538405,978.0093946,971.9641517
4630.05,1117.698839,972.4556169,978.1960414,972.1606482
4631.05,1117.958495,972.678425,978.413572,972.383564
4632.05,1118.225774,972.893924,978.6207855,972.5888987
4633.05,1118.536069,973.1272924,978.8407169,972.8146129
4634.05,1118.810746,973.3390296,979.0561353,973.0391738
4635.05,1119.080663,973.5469647,979.2649457,973.2535077
4636.05,1119.256966,973.733141,979.4582905,973.4429261
4637.05,1119.489761,973.9376935,979.6689546,973.6599445
4638.05,1119.702959,974.1309951,979.8684452,973.8509751
4639.05,1119.973323,974.3498147,980.0893233,974.0696979
4640.05,1120.221442,974.5595814,980.2981062,974.2769256
4641.05,1120.465634,974.7604483,980.5008713,974.4755167
4642.05,1120.785147,974.987401,980.7271609,974.7048205
4643.05,1121.018277,975.1899151,980.9442107,974.9072925
4644.05,1121.280382,975.4046916,981.1661392,975.1196296
4645.05,1121.512287,975.6144539,981.3748679,975.3228976
4646.05,1121.69849,975.8014913,981.5800942,975.5100364
4647.05,1121.914894,976.0038208,981.7792243,975.7089859
4648.05,1122.209653,976.2250992,982.0014798,975.9359014
4649.05,1122.466746,976.4375505,982.2195923,976.1511592
4650.05,1122.715238,976.6575546,982.4316203,976.3682792
4651.05,1122.99078,976.8671564,982.6520217,976.5726384
4652.05,1123.248951,977.080193,982.8844535,976.7891807
4653.05,1123.567466,977.3087171,983.1175024,977.0213829
4654.05,1123.830671,977.5254568,983.3429494,977.2407565
4655.05,1124.011632,977.720916,983.5388324,977.4514048
4656.05,1124.231451,977.9186239,983.7290712,977.651608
4657.05,1124.463769,978.1246475,983.9460055,977.8503618
4658.05,1124.75865,978.3436407,984.1633629,978.0812165
4659.05,1125.017713,978.5619806,984.3789779,978.2827127
4660.05,1125.220198,978.7607202,984.575437,978.4851976
4661.05,1125.502558,978.9863638,984.7993034,978.7041252
4662.05,1125.781115,979.2128084,985.0213995,978.9163867
4663.05,1126.018791,979.4205937,985.2362571,979.1279844
4664.05,1126.350504,979.657959,985.4780116,979.3586116
4665.05,1126.59544,979.867449,985.6828161,979.5726848
4666.05,1126.893802,980.089917,985.913827,979.8074693
4667.05,1127.086814,980.2759079,986.109946,979.9897094
4668.05,1127.283085,980.4725133,986.3130755,980.1980641
4669.05,1127.494,980.671946,986.5163416,980.3902277
4670.05,1127.769795,980.9001651,986.7306322,980.6043672
4671.05,1128.045791,981.1291084,986.9512577,980.8278066
4672.05,1128.286732,981.339373,987.17179,981.0343732
4673.05,1128.535874,981.5559546,987.3825866,981.2415529
4674.05,1128.79437,981.7644038,987.5983264,981.4459734
4675.05,1129.061935,981.9705733,987.8178017,981.6569316
4676.05,1129.307021,982.1859979,988.0321768,981.8709296
4677.05,1129.53718,982.3895085,988.2498522,982.0683287
4678.05,1129.781144,982.6090414,988.4619482,982.2827105
4679.05,1129.960484,982.8060607,988.6499087,982.4788149
4680.05,1130.204367,983.018802,988.8702868,982.6974497
4681.05,1130.387102,983.216538,989.050415,982.8882087
4682.05,1130.610471,983.4315218,989.2606096,983.086022
4683.05,1130.825594,983.6304064,989.4569188,983.289515
4684.05,1131.086685,983.844434,989.6661784,983.5043092
4685.05,1131.32215,984.0516169,989.8763392,983.7039197
4686.05,1131.532892,984.2623845,990.0622907,983.9044662
4687.05,1131.727608,984.4554666,990.2594277,984.1009851
4688.05,1131.977546,984.663278,990.4784129,984.3107419
4689.05,1132.315097,984.9124892,990.7272005,984.5491383
4690.05,1132.604111,985.1374386,990.9552353,984.7702359
4691.05,1132.85555,985.3505151,991.1835781,984.9712217
4692.05,1133.028439,985.5292157,991.3690224,985.1611309
4693.05,1133.303568,985.7466683,991.5820917,985.3841257
4694.05,1133.529423,985.9529651,991.790011,985.5833916
4695.05,1133.80393,986.180823,992.0109563,985.8032473
4696.05,1134.070033,986.3942591,992.2351308,986.020218
4697.05,1134.249186,986.5859034,992.4389336,986.2052496
4698.05,1134.50338,986.7982631,992.6489702,986.4096052
4699.05,1134.811745,987.0335558,992.8830018,986.6396083
4700.05,1135.01836,987.2390995,993.084876,986.8559736
4701.05,1135.245736,987.4439429,993.2943398,987.0698785
4702.05,1135.440221,987.6350422,993.4932682,987.2681962
4703.05,1135.687535,987.8522488,993.7041756,987.4848679
4704.05,1135.956402,988.0648226,993.9226739,987.7046494
4705.05,1136.199684,988.2774902,994.1218291,987.9230716
4706.05,1136.47796,988.5164494,994.3548936,988.1437355
4707.05,1136.68824,988.7060107,994.5533688,988.3338754
4708.05,1136.935401,988.9098481,994.7674609,988.5367078
4709.05,1137.1197,989.0924799,994.9608264,988.7266356
4710.05,1137.283362,989.2891357,995.1585605,988.9137211
4711.05,1137.561549,989.5109213,995.3783696,989.1410121
4712.05,1137.816938,989.7223633,995.6031945,989.3576826
4713.05,1138.095046,989.9412852,995.8211897,989.5826188
4714.05,1138.402818,990.1667449,996.0730567,989.8169288
4715.05,1138.635601,990.3767456,996.2786592,990.0289426
4716.05,1138.868666,990.5860889,996.4776215,990.2298475
4717.05,1139.112691,990.8027603,996.6885195,990.4367176
4718.05,1139.352345,991.0228109,996.9010047,990.6429808
4719.05,1139.603833,991.2338128,997.1217308,990.8528022
4720.05,1139.805637,991.4297032,997.3145963,991.0560896
4721.05,1140.074643,991.641188,997.5297398,991.2681743
4722.05,1140.330614,991.8548812,997.7579986,991.4835258
4723.05,1140.587648,992.0590529,997.9661254,991.6879662
4724.05,1140.767438,992.2470972,998.1590296,991.8766683
4725.05,1140.99503,992.4596771,998.3599814,992.0807674
4726.05,1141.254336,992.6796266,998.5823871,992.2940007
4727.05,1141.491471,992.8793356,998.7944334,992.5093474
4728.05,1141.781595,993.1055524,999.0245046,992.7351333
4729.05,1142.020992,993.3188613,999.2369543,992.9397385
4730.05,1142.24024,993.5209139,999.4421693,993.1443297
4731.05,1142.479785,993.7351456,999.6664499,993.354855
4732.05,1142.771119,993.9616753,999.8945481,993.5770609
4733.05,1142.988557,994.1563408,1000.112688,993.7897123
4734.05,1143.210948,994.3629919,1000.31403,993.9954363
4735.05,1143.441098,994.565117,1000.522449,994.1896461
4736.05,1143.661624,994.771792,1000.715085,994.3867744
4737.05,1143.870796,994.9719829,1000.905297,994.5895856
4738.05,1144.116382,995.1880246,1001.121409,994.8100028
4739.05,1144.313991,995.3809576,1001.314247,995.0085484
4740.05,1144.547183,995.5886906,1001.518401,995.2073057
4741.05,1144.769111,995.7999579,1001.715828,995.4181623
4742.05,1145.005958,996.0032752,1001.910474,995.6228125
4743.05,1145.193163,996.2093671,1002.094149,995.8121055
4744.05,1145.415164,996.4080754,1002.295263,996.0276911
4745.05,1145.683188,996.6236795,1002.516632,996.247168
4746.05,1145.973209,996.8474088,1002.740918,996.4679489
4747.05,1146.20556,997.0585574,1002.949748,996.6771372
4748.05,1146.377979,997.2464084,1003.140686,996.8601531
4749.05,1146.615187,997.4603521,1003.359683,997.0585354
4750.05,1146.893589,997.6728271,1003.595313,997.284477
4751.05,1147.097011,997.8790734,1003.794642,997.475401
4752.05,1147.345122,998.1036828,1004.010529,997.6813624
4753.05,1147.537407,998.3044661,1004.21354,997.8707871
4754.05,1147.756141,998.5157634,1004.425952,998.0799339
4755.05,1147.967798,998.7171426,1004.638783,998.2848911
4756.05,1148.209829,998.9236808,1004.847702,998.4943557
4757.05,1148.459886,999.1448935,1005.061885,998.7172876
4758.05,1148.647147,999.3304772,1005.249521,998.9106496
4759.05,1148.858492,999.54484,1005.454065,999.1191876
4760.05,1149.048815,999.7344797,1005.641496,999.3037055
4761.05,1149.324486,999.9478303,1005.864384,999.5208423
4762.05,1149.518721,1000.137282,1006.047657,999.7091439
4763.05,1149.768067,1000.350854,1006.269703,999.914723
4764.05,1149.99197,1000.546652,1006.474186,1000.10974
4765.05,1150.228376,1000.76253,1006.675065,1000.318766
4766.05,1150.452318,1000.960768,1006.874294,1000.528417
4767.05,1150.723393,1001.174639,1007.088643,1000.76272
4768.05,1150.998103,1001.392512,1007.309119,1000.978229
4769.05,1151.229584,1001.596938,1007.523571,1001.180244
4770.05,1151.464038,1001.804766,1007.724428,1001.386067
4771.05,1151.668593,1002.003974,1007.917895,1001.575556
4772.05,1151.912956,1002.211925,1008.124986,1001.788928
4773.05,1152.178546,1002.430631,1008.338234,1001.99837
4774.05,1152.436771,1002.642688,1008.559766,1002.203476
4775.05,1152.681379,1002.875646,1008.767623,1002.416921
4776.05,1152.97023,1003.103094,1009.003031,1002.648194
4777.05,1153.233198,1003.310903,1009.225971,1002.859237
4778.05,1153.488533,1003.531804,1009.4419,1003.077931
4779.05,1153.730537,1003.734881,1009.655941,1003.302026
4780.05,1153.998828,1003.953171,1009.87675,1003.523437
4781.05,1154.245856,1004.169377,1010.089126,1003.734857
4782.05,1154.465351,1004.374842,1010.293259,1003.943016
4783.05,1154.672016,1004.575742,1010.49081,1004.143464
4784.05,1154.864623,1004.777468,1010.690512,1004.326193
4785.05,1155.087597,1004.977521,1010.906197,1004.529254
4786.05,1155.290404,1005.179418,1011.106532,1004.725372
4787.05,1155.580141,1005.404529,1011.332029,1004.941118
4788.05,1155.760737,1005.583739,1011.503536,1005.133733
4789.05,1156.019572,1005.794618,1011.71147,1005.333301
4790.05,1156.3307,1006.028482,1011.949802,1005.557708
4791.05,1156.567607,1006.250864,1012.16937,1005.77666
4792.05,1156.875378,1006.48335,1012.398471,1006.013152
4793.05,1157.12813,1006.699204,1012.607743,1006.231686
4794.05,1157.392113,1006.909045,1012.813149,1006.450342
4795.05,1157.708857,1007.157684,1013.052189,1006.689907
4796.05,1157.944975,1007.364123,1013.261054,1006.892141
4797.05,1158.159294,1007.562646,1013.454466,1007.096381
4798.05,1158.343879,1007.744397,1013.648826,1007.303317
4799.05,1158.589833,1007.95734,1013.852716,1007.508898
4800.05,1158.853057,1008.167567,1014.062992,1007.722958
4801.05,1159.080785,1008.381512,1014.275638,1007.921021
4802.05,1159.276274,1008.571337,1014.475974,1008.107536
4803.05,1159.58873,1008.80527,1014.706987,1008.333973
4804.05,1159.735999,1008.984039,1014.885412,1008.519336
4805.05,1159.97777,1009.208934,1015.098547,1008.73356
4806.05,1160.218068,1009.420157,1015.315853,1008.958302
4807.05,1160.479263,1009.632983,1015.531719,1009.165278
4808.05,1160.640925,1009.826893,1015.717417,1009.368998
4809.05,1160.899581,1010.04457,1015.938275,1009.57473
4810.05,1161.063769,1010.231289,1016.117304,1009.76629
4811.05,1161.389991,1010.462548,1016.359257,1010.004757
4812.05,1161.63251,1010.67049,1016.576987,1010.21214
4813.05,1161.896741,1010.884005,1016.79372,1010.424839
4814.05,1162.11413,1011.084779,1016.991097,1010.628892
4815.05,1162.334875,1011.291366,1017.187486,1010.824324
4816.05,1162.594796,1011.50695,1017.391984,1011.042413
4817.05,1162.834493,1011.705575,1017.587965,1011.260874
4818.05,1163.103883,1011.924816,1017.797769,1011.480179
4819.05,1163.296537,1012.106423,1017.987872,1011.671688
4820.05,1163.537255,1012.31135,1018.197882,1011.879418
4821.05,1163.784547,1012.517772,1018.408495,1012.090353
4822.05,1164.035252,1012.724982,1018.618293,1012.302016
4823.05,1164.275084,1012.93303,1018.839475,1012.513421
4824.05,1164.565118,1013.151616,1019.060041,1012.734233
4825.05,1164.809247,1013.375001,1019.262381,1012.95626
4826.05,1164.997461,1013.555772,1019.463601,1013.145534
4827.05,1165.209738,1013.753455,1019.657393,1013.337823
4828.05,1165.448259,1013.9642,1019.861065,1013.54048
4829.05,1165.654485,1014.171498,1020.068049,1013.723534
4830.05,1165.847584,1014.376097,1020.27662,1013.922678
4831.05,1166.134379,1014.593943,1020.512333,1014.127728
4832.05,1166.308728,1014.781874,1020.698544,1014.32098
4833.05,1166.586614,1015.006322,1020.920975,1014.54183
4834.05,1166.806049,1015.197131,1021.121233,1014.747253
4835.05,1167.070976,1015.41938,1021.330356,1014.975262
4836.05,1167.317728,1015.643519,1021.546313,1015.174627
4837.05,1167.53899,1015.848962,1021.747496,1015.372029
4838.05,1167.850261,1016.076707,1021.994812,1015.601588
4839.05,1168.033445,1016.277702,1022.18523,1015.796826
4840.05,1168.232245,1016.473395,1022.390351,1016.001136
4841.05,1168.486813,1016.685501,1022.593988,1016.220356
4842.05,1168.736515,1016.890774,1022.797477,1016.443925
4843.05,1168.999169,1017.118116,1023.011759,1016.66385
4844.05,1169.218394,1017.324424,1023.214341,1016.869372
4845.05,1169.455216,1017.538258,1023.430782,1017.085167
4846.05,1169.770834,1017.779343,1023.665516,1017.312231
4847.05,1170.025623,1017.998465,1023.878116,1017.515952
4848.05,1170.247484,1018.20008,1024.078327,1017.713619
4849.05,1170.512749,1018.41274,1024.298359,1017.924198
4850.05,1170.707811,1018.604993,1024.50205,1018.130988
4851.05,1170.942497,1018.823399,1024.709489,1018.334567
4852.05,1171.198366,1019.038776,1024.924609,1018.550378
4853.05,1171.404397,1019.234992,1025.126642,1018.745506
4854.05,1171.604198,1019.43969,1025.337097,1018.944715
4855.05,1171.786489,1019.626133,1025.531703,1019.149716
4856.05,1171.992256,1019.82252,1025.728572,1019.344085
4857.05,1172.228462,1020.024564,1025.937585,1019.551439
4858.05,1172.469878,1020.246354,1026.15231,1019.776746
4859.05,1172.719166,1020.459561,1026.355784,1019.97839
4860.05,1172.951876,1020.668301,1026.569656,1020.18458
4861.05,1173.192767,1020.87531,1026.779641,1020.379456
4862.05,1173.422698,1021.079869,1026.980335,1020.577156
4863.05,1173.673015,1021.291897,1027.185844,1020.791689
4864.05,1173.878923,1021.50104,1027.378484,1020.995893
4865.05,1174.160903,1021.725032,1027.597155,1021.226423
4866.05,1174.386293,1021.934661,1027.794698,1021.438507
4867.05,1174.629135,1022.133764,1028.006771,1021.640824
4868.05,1174.916741,1022.361365,1028.236203,1021.871424
4869.05,1175.123047,1022.578544,1028.437846,1022.069888
4870.05,1175.326124,1022.772116,1028.637583,1022.275968
4871.05,1175.601403,1022.986825,1028.86293,1022.506861
4872.05,1175.82141,1023.178437,1029.063595,1022.703388
4873.05,1176.046461,1023.39239,1029.281956,1022.900247
4874.05,1176.36035,1023.631675,1029.520998,1023.142613
4875.05,1176.683375,1023.879291,1029.759637,1023.382355
4876.05,1176.962176,1024.096793,1029.980352,1023.599826
4877.05,1177.143047,1024.291017,1030.16982,1023.775973
4878.05,1177.336574,1024.483441,1030.359101,1023.962039
4879.05,1177.586812,1024.694876,1030.566156,1024.160814
4880.05,1177.80843,1024.900302,1030.75286,1024.371895
4881.05,1178.077006,1025.113695,1030.972932,1024.596623
4882.05,1178.271161,1025.30838,1031.161913,1024.794528
4883.05,1178.520259,1025.529204,1031.373803,1025.005646
4884.05,1178.710285,1025.713659,1031.564231,1025.204852
4885.05,1178.908925,1025.898201,1031.767338,1025.392607
4886.05,1179.111972,1026.092913,1031.970986,1025.587451
4887.05,1179.361441,1026.300559,1032.178611,1025.784305
4888.05,1179.563022,1026.491017,1032.368577,1025.976782
4889.05,1179.735089,1026.666989,1032.548154,1026.157748
4890.05,1179.993723,1026.876175,1032.762336,1026.370357
4891.05,1180.292705,1027.114302,1032.990279,1026.597794
4892.05,1180.489675,1027.307892,1033.175375,1026.793943
4893.05,1180.725913,1027.516167,1033.386294,1027.011889
4894.05,1180.944776,1027.712215,1033.583245,1027.199953
4895.05,1181.232204,1027.93665,1033.79557,1027.429688
4896.05,1181.404561,1028.123414,1033.978421,1027.627163
4897.05,1181.711089,1028.348254,1034.207747,1027.868214
4898.05,1181.902912,1028.546381,1034.414893,1028.068558
4899.05,1182.137787,1028.760332,1034.628065,1028.285595
4900.05,1182.382818,1028.985303,1034.845052,1028.490692
4901.05,1182.654425,1029.214238,1035.065454,1028.714309
4902.05,1182.882157,1029.426377,1035.28284,1028.919107
4903.05,1183.120613,1029.638844,1035.482799,1029.135251
4904.05,1183.381346,1029.865297,1035.697017,1029.353778
4905.05,1183.634961,1030.089477,1035.907667,1029.562272
4906.05,1183.851949,1030.28686,1036.111581,1029.761354
4907.05,1184.173709,1030.514861,1036.343521,1029.993731
4908.05,1184.398403,1030.717844,1036.555157,1030.203177
4909.05,1184.63141,1030.938311,1036.765608,1030.405749
4910.05,1184.868776,1031.14976,1036.978179,1030.608145
4911.05,1185.131126,1031.369191,1037.196433,1030.821904
4912.05,1185.357553,1031.567466,1037.397501,1031.028089
4913.05,1185.614399,1031.781666,1037.615589,1031.243221
4914.05,1185.814908,1031.982688,1037.812616,1031.434996
4915.05,1185.998598,1032.159893,1037.998433,1031.619616
4916.05,1186.263067,1032.376424,1038.214684,1031.827034
4917.05,1186.515711,1032.579485,1038.43287,1032.051876
4918.05,1186.751362,1032.784526,1038.650154,1032.258888
4919.05,1186.989008,1032.983872,1038.852455,1032.465938
4920.05,1187.229935,1033.202897,1039.064672,1032.671211
4921.05,1187.417076,1033.382569,1039.250876,1032.85619
4922.05,1187.661482,1033.593509,1039.465376,1033.074581
4923.05,1187.925076,1033.819185,1039.684424,1033.296974
4924.05,1188.182377,1034.032575,1039.907346,1033.508795
4925.05,1188.42837,1034.232114,1040.11366,1033.719587
4926.05,1188.664609,1034.436109,1040.318877,1033.93023
4927.05,1188.895903,1034.650285,1040.535211,1034.146167
4928.05,1189.098294,1034.853155,1040.736739,1034.345143
4929.05,1189.373515,1035.068538,1040.958608,1034.576574
4930.05,1189.559529,1035.271083,1041.146947,1034.767169
4931.05,1189.767548,1035.471759,1041.340245,1034.973122
4932.05,1190.045357,1035.688823,1041.567523,1035.192514
4933.05,1190.282344,1035.888504,1041.774923,1035.400921
4934.05,1190.484442,1036.085593,1041.977942,1035.601742
4935.05,1190.670718,1036.27294,1042.157554,1035.799105
4936.05,1190.901504,1036.476211,1042.3567,1036.004784
4937.05,1191.130556,1036.68484,1042.561848,1036.206989
4938.05,1191.417335,1036.907331,1042.788535,1036.41109
4939.05,1191.697886,1037.124911,1043.001715,1036.627885
4940.05,1191.816094,1037.298747,1043.175611,1036.802321
4941.05,1192.072147,1037.521064,1043.387024,1037.025893
4942.05,1192.31734,1037.737479,1043.602061,1037.243793
4943.05,1192.605307,1037.962182,1043.829942,1037.457834
4944.05,1192.890097,1038.195526,1044.063348,1037.684643
4945.05,1193.11477,1038.40397,1044.279987,1037.89106
4946.05,1193.381156,1038.625886,1044.518312,1038.102645
4947.05,1193.631014,1038.825346,1044.733169,1038.306343
4948.05,1193.926818,1039.064243,1044.958855,1038.525121
4949.05,1194.226491,1039.306432,1045.189206,1038.76654
4950.05,1194.507384,1039.524322,1045.421402,1038.987063
4951.05,1194.761462,1039.749397,1045.651976,1039.20113
4952.05,1195.057434,1039.972248,1045.868686,1039.427001
4953.05,1195.37451,1040.199679,1046.095892,1039.651054
4954.05,1195.65717,1040.429363,1046.328617,1039.878444
4955.05,1195.919538,1040.646987,1046.555825,1040.087942
4956.05,1196.154872,1040.856267,1046.764638,1040.286011
4957.05,1196.430953,1041.080768,1046.993535,1040.507463
4958.05,1196.668931,1041.287114,1047.199546,1040.719595
4959.05,1196.944383,1041.513449,1047.42061,1040.948758
4960.05,1197.173421,1041.729059,1047.63556,1041.152367
4961.05,1197.366317,1041.926954,1047.827675,1041.353688
4962.05,1197.610262,1042.125313,1048.037015,1041.56007
4963.05,1197.82568,1042.334462,1048.238508,1041.761623
4964.05,1198.053028,1042.5434,1048.448367,1041.957684
4965.05,1198.224472,1042.738292,1048.628728,1042.157866
4966.05,1198.414936,1042.937981,1048.825542,1042.343152
4967.05,1198.636187,1043.132266,1049.022217,1042.545059
4968.05,1198.844487,1043.328859,1049.22485,1042.742934
4969.05,1199.061252,1043.520772,1049.436256,1042.960018
4970.05,1199.3173,1043.733268,1049.659144,1043.18026
4971.05,1199.616447,1043.959292,1049.884132,1043.410008
4972.05,1199.869519,1044.171341,1050.096718,1043.618356
4973.05,1200.063727,1044.366924,1050.286907,1043.812496
4974.05,1200.309956,1044.574484,1050.494225,1044.006624
4975.05,1200.538755,1044.793239,1050.701258,1044.212514
4976.05,1200.812038,1045.001137,1050.915981,1044.430025
4977.05,1201.069022,1045.206499,1051.138665,1044.647845
4978.05,1201.319096,1045.428343,1051.368157,1044.867608
4979.05,1201.578512,1045.645684,1051.578179,1045.084946
4980.05,1201.838307,1045.857364,1051.806585,1045.310509
4981.05,1202.071381,1046.062929,1052.019457,1045.514266
4982.05,1202.306738,1046.268953,1052.233412,1045.717432
4983.05,1202.649616,1046.506108,1052.478996,1045.981284
4984.05,1202.847966,1046.698624,1052.672931,1046.172419
4985.05,1203.08921,1046.902019,1052.892769,1046.39326
4986.05,1203.363681,1047.124388,1053.114792,1046.615558
4987.05,1203.584512,1047.328372,1053.315221,1046.828487
4988.05,1203.809459,1047.524736,1053.526196,1047.028966
4989.05,1204.015734,1047.724659,1053.730867,1047.225598
4990.05,1204.228451,1047.923371,1053.926987,1047.43364
4991.05,1204.497378,1048.144756,1054.152212,1047.659021
4992.05,1204.738064,1048.336093,1054.349675,1047.859661
4993.05,1204.942622,1048.540805,1054.556057,1048.057306
4994.05,1205.150102,1048.740171,1054.751877,1048.260749
4995.05,1205.427448,1048.972959,1054.961306,1048.48973
4996.05,1205.696797,1049.188701,1055.17874,1048.712066
4997.05,1205.880412,1049.362987,1055.369834,1048.902915
4998.05,1206.100483,1049.566626,1055.578369,1049.104759
4999.05,1206.402575,1049.798742,1055.797887,1049.328564
5000.05,1206.679829,1050.004394,1056.026348,1049.548418
5001.05,1206.944946,1050.233866,1056.248816,1049.771362
5002.05,1207.179291,1050.450899,1056.461231,1049.985232
5003.05,1207.431553,1050.669173,1056.679257,1050.186878
5004.05,1207.66373,1050.884281,1056.88929,1050.396018
5005.05,1207.885391,1051.081839,1057.087428,1050.595702
5006.05,1208.096354,1051.273759,1057.295123,1050.793757
5007.05,1208.372418,1051.49785,1057.514775,1051.01945
5008.05,1208.641393,1051.708993,1057.738142,1051.242431
5009.05,1208.792049,1051.88728,1057.925155,1051.429665
5010.05,1209.076136,1052.098537,1058.152917,1051.655484
5011.05,1209.272723,1052.283455,1058.349046,1051.852302
5012.05,1209.496494,1052.484045,1058.534897,1052.04714
5013.05,1209.714751,1052.686111,1058.725599,1052.244378
5014.05,1209.951719,1052.889971,1058.945179,1052.463926
5015.05,1210.221323,1053.102287,1059.163398,1052.681211
5016.05,1210.421564,1053.307514,1059.353683,1052.885486
5017.05,1210.684057,1053.536265,1059.564487,1053.103425
5018.05,1210.939134,1053.769943,1059.780061,1053.315433
5019.05,1211.136963,1053.95585,1059.990174,1053.501124
5020.05,1211.436917,1054.18792,1060.221042,1053.733268
5021.05,1211.567754,1054.369015,1060.394296,1053.905409
5022.05,1211.794847,1054.572338,1060.611156,1054.115708
5023.05,1212.035969,1054.766905,1060.823074,1054.309048
5024.05,1212.309818,1054.984446,1061.048229,1054.522469
5025.05,1212.587354,1055.220911,1061.277584,1054.753428
5026.05,1212.857991,1055.442559,1061.501358,1054.966693
5027.05,1213.123135,1055.65551,1061.708833,1055.183332
5028.05,1213.414158,1055.883586,1061.934484,1055.404973
5029.05,1213.651409,1056.099132,1062.14175,1055.608825
5030.05,1213.852189,1056.310308,1062.349762,1055.825944
5031.05,1214.098541,1056.51378,1062.564259,1056.035175
5032.05,1214.324692,1056.714738,1062.76714,1056.236451
5033.05,1214.653267,1056.960397,1062.989283,1056.469662
5034.05,1214.830434,1057.144127,1063.180295,1056.660547
5035.05,1215.045664,1057.351078,1063.377678,1056.862912
5036.05,1215.262849,1057.549936,1063.572894,1057.059052
5037.05,1215.539959,1057.765877,1063.789663,1057.270158
5038.05,1215.798944,1057.97605,1064.00657,1057.486455
5039.05,1216.028105,1058.184831,1064.215167,1057.683783
5040.05,1216.277799,1058.391999,1064.423339,1057.892397
5041.05,1216.56593,1058.611854,1064.642599,1058.116991
5042.05,1216.808515,1058.820595,1064.8653,1058.325743
5043.05,1216.988422,1059.001454,1065.054582,1058.522871
5044.05,1217.186495,1059.197128,1065.235454,1058.716039
5045.05,1217.414436,1059.394856,1065.447203,1058.924065
5046.05,1217.613542,1059.590373,1065.638576,1059.113122
5047.05,1217.857469,1059.804837,1065.852432,1059.314837
5048.05,1218.081413,1060.014776,1066.064562,1059.515969
5049.05,1218.290136,1060.204371,1066.257965,1059.710816
5050.05,1218.507082,1060.409123,1066.458002,1059.914019
5051.05,1218.703314,1060.599709,1066.637018,1060.110846
5052.05,1218.956043,1060.819352,1066.851013,1060.322599
5053.05,1219.21705,1061.039972,1067.058805,1060.542209
5054.05,1219.522545,1061.268482,1067.290378,1060.772459
5055.05,1219.767481,1061.476354,1067.501244,1060.988123
5056.05,1220.040709,1061.698456,1067.72903,1061.220061
5057.05,1220.258631,1061.900974,1067.92793,1061.418528
5058.05,1220.48086,1062.11761,1068.13816,1061.626384
5059.05,1220.734848,1062.326597,1068.349956,1061.854429
5060.05,1220.930988,1062.520322,1068.534315,1062.050536
5061.05,1221.203139,1062.742431,1068.736044,1062.254185
5062.05,1221.481609,1062.953833,1068.961246,1062.482326
5063.05,1221.687293,1063.150391,1069.16832,1062.667428
5064.05,1221.949492,1063.375777,1069.399334,1062.881588
5065.05,1222.25214,1063.598891,1069.633492,1063.106149
5066.05,1222.524803,1063.816417,1069.854326,1063.320689
5067.05,1222.819782,1064.039425,1070.064796,1063.540988
5068.05,1223.084057,1064.260877,1070.278629,1063.751871
5069.05,1223.36057,1064.501948,1070.505224,1063.971166
5070.05,1223.659115,1064.723411,1070.726714,1064.200647
5071.05,1223.937501,1064.9589,1070.949669,1064.419898
5072.05,1224.211659,1065.173742,1071.162856,1064.630591
5073.05,1224.427628,1065.373471,1071.366991,1064.825659
5074.05,1224.627065,1065.574454,1071.55836,1065.022339
5075.05,1224.860197,1065.777467,1071.764116,1065.224111
5076.05,1225.123881,1065.995803,1072.00314,1065.454324
5077.05,1225.374999,1066.215583,1072.229228,1065.663205
5078.05,1225.63072,1066.41298,1072.452905,1065.881219
5079.05,1225.869957,1066.636071,1072.66086,1066.0769
5080.05,1226.102888,1066.845373,1072.883921,1066.283274
5081.05,1226.370703,1067.063178,1073.095766,1066.491077
5082.05,1226.595467,1067.276338,1073.295704,1066.679387
5083.05,1226.850855,1067.500178,1073.506312,1066.893652
5084.05,1227.067529,1067.699081,1073.705831,1067.085149
5085.05,1227.31002,1067.918944,1073.907239,1067.295209
5086.05,1227.568181,1068.133489,1074.119317,1067.518212
5087.05,1227.802341,1068.345416,1074.33307,1067.728648
5088.05,1228.033181,1068.543631,1074.544443,1067.945097
5089.05,1228.305167,1068.768874,1074.76876,1068.168077
5090.05,1228.517529,1068.96973,1074.975817,1068.364729
5091.05,1228.751977,1069.160468,1075.190824,1068.563188
5092.05,1228.929271,1069.338021,1075.381804,1068.749885
5093.05,1229.169651,1069.560541,1075.594632,1068.963068
5094.05,1229.400556,1069.768747,1075.788851,1069.171099
5095.05,1229.70994,1069.998714,1076.034043,1069.400945
5096.05,1229.964783,1070.212961,1076.239856,1069.616151
5097.05,1230.149712,1070.403129,1076.443826,1069.810295
5098.05,1230.416948,1070.604264,1076.659213,1070.028151
5099.05,1230.654042,1070.803177,1076.862019,1070.237069
5100.05,1230.832075,1071.001212,1077.061748,1070.429512
5101.05,1231.092799,1071.229398,1077.271577,1070.654351
5102.05,1231.393933,1071.469043,1077.494115,1070.879303
5103.05,1231.628534,1071.670649,1077.694999,1071.092416
5104.05,1231.826809,1071.866213,1077.888674,1071.290235
5105.05,1232.034813,1072.059278,1078.09269,1071.495138
5106.05,1232.328758,1072.28918,1078.321475,1071.711759
5107.05,1232.708336,1072.553434,1078.581049,1071.955175
5108.05,1232.997078,1072.777973,1078.796934,1072.180398
5109.05,1233.19592,1072.977739,1078.993874,1072.379277
5110.05,1233.416837,1073.181785,1079.194368,1072.57556
5111.05,1233.667402,1073.397646,1079.416804,1072.789428
5112.05,1233.906182,1073.603164,1079.625014,1072.99525
5113.05,1234.135619,1073.811702,1079.830005,1073.196352
5114.05,1234.300196,1074.001172,1080.021116,1073.379202
5115.05,1234.592443,1074.217855,1080.233705,1073.594025
5116.05,1234.865396,1074.434773,1080.460802,1073.812714
5117.05,1235.084889,1074.637732,1080.662583,1074.018957
5118.05,1235.254313,1074.831693,1080.854417,1074.19148
5119.05,1235.479573,1075.04435,1081.060066,1074.404621
5120.05,1235.679549,1075.228196,1081.249527,1074.599233
5121.05,1235.895331,1075.434536,1081.448142,1074.799341
5122.05,1236.160328,1075.652985,1081.673322,1075.024472
5123.05,1236.364635,1075.846115,1081.863877,1075.231754
5124.05,1236.620268,1076.067978,1082.087611,1075.450025
5125.05,1236.836229,1076.269584,1082.293354,1075.649952
5126.05,1237.072498,1076.468496,1082.511906,1075.861649
5127.05,1237.296217,1076.672228,1082.714128,1076.063818
5128.05,1237.553551,1076.898756,1082.938498,1076.289568
5129.05,1237.851819,1077.134878,1083.161052,1076.512711
5130.05,1238.070516,1077.357145,1083.358972,1076.715952
5131.05,1238.324059,1077.573339,1083.574653,1076.929704
5132.05,1238.63376,1077.802871,1083.810221,1077.158456
5133.05,1238.815867,1077.989164,1083.998751,1077.343655
5134.05,1238.957912,1078.158812,1084.185599,1077.515581
5135.05,1239.184018,1078.374628,1084.394079,1077.714221
5136.05,1239.452895,1078.582723,1084.627562,1077.925707
5137.05,1239.596694,1078.76318,1084.81303,1078.10084
5138.05,1239.835275,1078.983748,1085.020877,1078.324902
5139.05,1240.053612,1079.194655,1085.225236,1078.533276
5140.05,1240.243727,1079.387368,1085.421508,1078.73033
5141.05,1240.462965,1079.591147,1085.628462,1078.935197
5142.05,1240.737126,1079.802115,1085.858145,1079.151458
5143.05,1240.927081,1080.001522,1086.053595,1079.347822
5144.05,1241.166224,1080.212323,1086.260543,1079.553277
5145.05,1241.434013,1080.426392,1086.476009,1079.786863
5146.05,1241.680233,1080.63036,1086.674752,1079.993572
5147.05,1241.974992,1080.862114,1086.901203,1080.213362
5148.05,1242.235953,1081.079819,1087.117695,1080.429022
5149.05,1242.492479,1081.288459,1087.334429,1080.64206
5150.05,1242.66408,1081.472248,1087.521419,1080.838904
5151.05,1242.861694,1081.662314,1087.716128,1081.035817
5152.05,1243.122869,1081.868408,1087.927401,1081.256495
5153.05,1243.346783,1082.062442,1088.131549,1081.469612
5154.05,1243.631287,1082.279172,1088.344179,1081.687239
5155.05,1243.859093,1082.469821,1088.542068,1081.887192
5156.05,1244.052947,1082.667313,1088.741662,1082.086894
5157.05,1244.262698,1082.86571,1088.951347,1082.282016
5158.05,1244.48351,1083.063133,1089.161744,1082.483552
5159.05,1244.701332,1083.26878,1089.376343,1082.696286
5160.05,1244.940755,1083.46359,1089.592232,1082.894271
5161.05,1245.20715,1083.675058,1089.807232,1083.10018
5162.05,1245.467023,1083.886199,1090.036803,1083.31876
5163.05,1245.697928,1084.084364,1090.246436,1083.519687
5164.05,1245.907687,1084.282625,1090.439313,1083.714805
5165.05,1246.20779,1084.505788,1090.667091,1083.946168
5166.05,1246.386693,1084.698136,1090.853263,1084.132648
5167.05,1246.654859,1084.91194,1091.071719,1084.358273
5168.05,1246.829678,1085.098888,1091.265196,1084.533985
5169.05,1247.01125,1085.290532,1091.451745,1084.719491
5170.05,1247.287136,1085.509159,1091.664991,1084.931139
5171.05,1247.550323,1085.719255,1091.875947,1085.147784
5172.05,1247.801839,1085.941018,1092.092509,1085.351524
5173.05,1248.095227,1086.168482,1092.319062,1085.578675
5174.05,1248.403312,1086.399644,1092.557425,1085.812509
5175.05,1248.673446,1086.622868,1092.770076,1086.010763
5176.05,1248.929732,1086.827807,1092.98858,1086.230193
5177.05,1249.214945,1087.053279,1093.218512,1086.452413
5178.05,1249.49746,1087.282016,1093.440384,1086.667621
5179.05,1249.624109,1087.471389,1093.612763,1086.842324
5180.05,1249.873248,1087.673266,1093.830239,1087.050941
5181.05,1250.125027,1087.881673,1094.060881,1087.270102
5182.05,1250.428802,1088.107285,1094.289811,1087.503481
5183.05,1250.740438,1088.337858,1094.532607,1087.739355
5184.05,1251.007499,1088.554791,1094.754361,1087.966684
5185.05,1251.200616,1088.739191,1094.954442,1088.156146
5186.05,1251.428179,1088.926212,1095.168446,1088.354606
5187.05,1251.650377,1089.138893,1095.380333,1088.561849
5188.05,1251.86937,1089.338495,1095.591627,1088.759863
5189.05,1252.14507,1089.56533,1095.811891,1088.986568
5190.05,1252.410326,1089.778761,1096.030968,1089.208036
5191.05,1252.657698,1090.00051,1096.241471,1089.416123
5192.05,1252.896074,1090.211602,1096.443855,1089.629434
5193.05,1253.052677,1090.398712,1096.616532,1089.817142
5194.05,1253.306076,1090.610502,1096.821683,1090.017542
5195.05,1253.57729,1090.827914,1097.047332,1090.235064
5196.05,1253.813662,1091.037316,1097.244011,1090.445652
5197.05,1254.058728,1091.24717,1097.456354,1090.6509
5198.05,1254.346311,1091.464483,1097.680875,1090.868986
5199.05,1254.580107,1091.685105,1097.888561,1091.084002
5200.05,1254.875783,1091.922595,1098.107836,1091.302632
5201.05,1255.152267,1092.144688,1098.327393,1091.52578
5202.05,1255.387069,1092.352669,1098.536134,1091.733662
5203.05,1255.619161,1092.560913,1098.741344,1091.935251
5204.05,1255.829837,1092.759739,1098.92836,1092.141777
5205.05,1256.049403,1092.976024,1099.134522,1092.347932
5206.05,1256.276898,1093.175246,1099.333462,1092.558657
5207.05,1256.569889,1093.395045,1099.566569,1092.791249
5208.05,1256.821875,1093.61319,1099.77031,1092.987234
5209.05,1257.110223,1093.835617,1100.001437,1093.21903
5210.05,1257.323107,1094.044209,1100.202648,1093.430445
5211.05,1257.557328,1094.258779,1100.415273,1093.632214
5212.05,1257.796051,1094.467912,1100.622002,1093.848379
5213.05,1258.058119,1094.682198,1100.834453,1094.063954
5214.05,1258.299809,1094.891908,1101.047086,1094.285215
5215.05,1258.557408,1095.117576,1101.266194,1094.498944
5216.05,1258.853448,1095.345858,1101.484859,1094.729337
5217.05,1259.162611,1095.572289,1101.729086,1094.967429
5218.05,1259.449928,1095.797891,1101.951981,1095.188437
5219.05,1259.708547,1096.008507,1102.167323,1095.410448
5220.05,1259.965531,1096.227961,1102.374748,1095.637919
5221.05,1260.175622,1096.428189,1102.570357,1095.846286
5222.05,1260.437081,1096.634289,1102.78273,1096.060036
5223.05,1260.677525,1096.853259,1102.990518,1096.268126
5224.05,1260.895275,1097.049093,1103.199023,1096.475443
5225.05,1261.114476,1097.251114,1103.397162,1096.684959
5226.05,1261.401701,1097.481252,1103.626039,1096.912195
5227.05,1261.659145,1097.679749,1103.836293,1097.117412
5228.05,1261.857591,1097.874526,1104.03714,1097.309012
5229.05,1262.102733,1098.089177,1104.242682,1097.53301
5230.05,1262.34489,1098.304636,1104.453766,1097.746354
5231.05,1262.55528,1098.499653,1104.657858,1097.944725
5232.05,1262.781408,1098.717151,1104.862567,1098.156938
5233.05,1263.057318,1098.939087,1105.085974,1098.372048
5234.05,1263.301404,1099.142462,1105.294518,1098.582615
5235.05,1263.54834,1099.362166,1105.51283,1098.797791
5236.05,1263.743353,1099.557141,1105.707792,1098.9972
5237.05,1263.982389,1099.760119,1105.926452,1099.207474
5238.05,1264.197092,1099.965756,1106.12781,1099.410094
5239.05,1264.406144,1100.163451,1106.332458,1099.611744
5240.05,1264.622972,1100.362355,1106.539407,1099.806192
5241.05,1264.898529,1100.579629,1106.761023,1100.006141
5242.05,1265.141495,1100.784503,1106.973042,1100.233343
5243.05,1265.343686,1100.984291,1107.175158,1100.426242
5244.05,1265.553472,1101.188333,1107.379773,1100.623792
5245.05,1265.755466,1101.375272,1107.570981,1100.819457
5246.05,1266.029688,1101.60898,1107.786314,1101.042433
5247.05,1266.235492,1101.810255,1107.990508,1101.243566
5248.05,1266.564364,1102.050869,1108.234319,1101.492281
5249.05,1266.857587,1102.274401,1108.464846,1101.710149
5250.05,1267.134241,1102.497689,1108.678812,1101.933619
5251.05,1267.372387,1102.70578,1108.893763,1102.133481
5252.05,1267.540515,1102.903112,1109.093115,1102.326396
5253.05,1267.808054,1103.11831,1109.310398,1102.559974
5254.05,1267.996978,1103.317045,1109.512205,1102.736206
5255.05,1268.251993,1103.528799,1109.728727,1102.947191
5256.05,1268.495099,1103.729386,1109.938571,1103.156337
5257.05,1268.753857,1103.953686,1110.152737,1103.367706
5258.05,1269.011798,1104.154038,1110.361899,1103.572201
5259.05,1269.184961,1104.34833,1110.55047,1103.767857
5260.05,1269.40133,1104.536962,1110.753301,1103.990197
5261.05,1269.596135,1104.723169,1110.948786,1104.18654
5262.05,1269.861628,1104.933803,1111.168492,1104.399935
5263.05,1270.154689,1105.153228,1111.388885,1104.624356
5264.05,1270.403036,1105.360857,1111.613293,1104.842551
5265.05,1270.642701,1105.563547,1111.830034,1105.044593
5266.05,1270.883965,1105.764036,1112.034617,1105.257613
5267.05,1271.127107,1105.972722,1112.24118,1105.47124
5268.05,1271.328716,1106.167112,1112.442369,1105.670017
5269.05,1271.54721,1106.374259,1112.649453,1105.878989
5270.05,1271.781929,1106.584905,1112.85131,1106.0884
5271.05,1272.069485,1106.811363,1113.073145,1106.306073
5272.05,1272.292395,1107.01439,1113.279927,1106.50709
5273.05,1272.529605,1107.228956,1113.47814,1106.714187
5274.05,1272.767993,1107.423967,1113.677125,1106.919593
5275.05,1272.927671,1107.608828,1113.873298,1107.106782
5276.05,1273.134232,1107.794147,1114.068568,1107.301211
5277.05,1273.474197,1108.042082,1114.318833,1107.555558
5278.05,1273.763731,1108.275864,1114.5412,1107.776286
5279.05,1274.060516,1108.503554,1114.767732,1108.004733
5280.05,1274.307968,1108.720398,1114.990094,1108.22984
5281.05,1274.559182,1108.942435,1115.210476,1108.454486
5282.05,1274.805832,1109.157544,1115.437139,1108.664973
5283.05,1275.156984,1109.396411,1115.684058,1108.907532
5284.05,1275.381391,1109.589066,1115.894879,1109.118364
5285.05,1275.550013,1109.78412,1116.094861,1109.311524
5286.05,1275.713612,1109.961962,1116.28325,1109.49594
5287.05,1275.968026,1110.165056,1116.49419,1109.695471
5288.05,1276.132049,1110.346087,1116.684587,1109.892136
5289.05,1276.352768,1110.55085,1116.888402,1110.103713
5290.05,1276.603645,1110.763187,1117.094238,1110.30787
5291.05,1276.806898,1110.962596,1117.285455,1110.510078
5292.05,1277.003648,1111.160795,1117.475829,1110.70736
5293.05,1277.199408,1111.36559,1117.667341,1110.910505
5294.05,1277.476136,1111.586253,1117.89232,1111.119996
5295.05,1277.722638,1111.797011,1118.109009,1111.33399
5296.05,1277.952555,1112.00847,1118.308131,1111.537443
5297.05,1278.174839,1112.211071,1118.524726,1111.746478
5298.05,1278.460022,1112.446276,1118.748793,1111.968488
5299.05,1278.753,1112.673835,1118.971641,1112.188332
5300.05,1278.965681,1112.866718,1119.168394,1112.381483
5301.05,1279.164256,1113.051026,1119.369337,1112.585822
5302.05,1279.44348,1113.273804,1119.582226,1112.814843
5303.05,1279.709756,1113.486709,1119.799835,1113.029756
5304.05,1279.921128,1113.690642,1119.996715,1113.237422
5305.05,1280.164321,1113.905457,1120.213505,1113.444118
5306.05,1280.416126,1114.128155,1120.430077,1113.65588
5307.05,1280.765931,1114.372102,1120.671841,1113.892962
5308.05,1281.092664,1114.619374,1120.91547,1114.138556
5309.05,1281.349144,1114.841217,1121.131601,1114.35502
5310.05,1281.601679,1115.048697,1121.342926,1114.587603
5311.05,1281.815765,1115.247829,1121.535372,1114.793824
5312.05,1282.041205,1115.458516,1121.748446,1114.993866
5313.05,1282.290709,1115.66892,1121.971678,1115.197965
5314.05,1282.506206,1115.874614,1122.180659,1115.401193
5315.05,1282.804477,1116.110564,1122.399444,1115.619926
5316.05,1283.060893,1116.325624,1122.622514,1115.81764
5317.05,1283.275043,1116.533337,1122.823745,1116.022987
5318.05,1283.555558,1116.752715,1123.043606,1116.248505
5319.05,1283.795501,1116.960691,1123.240651,1116.453891
5320.05,1284.003921,1117.158734,1123.436788,1116.654087
5321.05,1284.210773,1117.352278,1123.634214,1116.84014
5322.05,1284.475093,1117.571996,1123.850601,1117.053129
5323.05,1284.666239,1117.767181,1124.042613,1117.245731
5324.05,1284.898072,1117.968013,1124.251184,1117.445986
5325.05,1285.076543,1118.15656,1124.430197,1117.619673
5326.05,1285.307446,1118.365838,1124.647511,1117.817328
5327.05,1285.558103,1118.580151,1124.865764,1118.03613
5328.05,1285.805124,1118.797513,1125.080252,1118.241032
5329.05,1286.020665,1118.994927,1125.276447,1118.436108
5330.05,1286.252194,1119.204264,1125.489924,1118.644094
5331.05,1286.557123,1119.427462,1125.716854,1118.870396
5332.05,1286.784285,1119.631886,1125.924689,1119.091839
5333.05,1287.058664,1119.858745,1126.15794,1119.317188
5334.05,1287.361228,1120.090397,1126.38541,1119.541752
5335.05,1287.648966,1120.31109,1126.616356,1119.767383
5336.05,1287.823265,1120.508267,1126.807548,1119.957609
5337.05,1288.053805,1120.71129,1127.006685,1120.167108
5338.05,1288.254481,1120.920535,1127.205433,1120.369913
5339.05,1288.474567,1121.131126,1127.408262,1120.5721
5340.05,1288.728661,1121.339341,1127.628701,1120.786963
5341.05,1288.945925,1121.53492,1127.832228,1120.984371
5342.05,1289.175484,1121.730961,1128.038871,1121.189698
5343.05,1289.436944,1121.944179,1128.246081,1121.405066
5344.05,1289.681312,1122.149306,1128.462888,1121.617588
5345.05,1289.911924,1122.348528,1128.671929,1121.819071
5346.05,1290.108846,1122.543063,1128.874514,1122.008381
5347.05,1290.316324,1122.736263,1129.084849,1122.203777
5348.05,1290.652442,1122.987218,1129.334635,1122.440181
5349.05,1290.935256,1123.204887,1129.557325,1122.672318
5350.05,1291.165315,1123.418549,1129.772276,1122.874736
5351.05,1291.380241,1123.618415,1129.979599,1123.069288
5352.05,1291.664834,1123.843649,1130.201322,1123.294179
5353.05,1291.966571,1124.067744,1130.443925,1123.526356
5354.05,1292.273931,1124.305603,1130.67764,1123.744048
5355.05,1292.494785,1124.508222,1130.881238,1123.946838
5356.05,1292.681037,1124.70872,1131.078385,1124.141099
5357.05,1292.94014,1124.930559,1131.299515,1124.356659
5358.05,1293.2076,1125.147632,1131.510667,1124.555456
5359.05,1293.434727,1125.35266,1131.716902,1124.747745
5360.05,1293.620351,1125.540378,1131.908322,1124.94658
5361.05,1293.912131,1125.75239,1132.122567,1125.171387
5362.05,1294.192696,1125.969758,1132.346657,1125.375297
5363.05,1294.411526,1126.176682,1132.546823,1125.560983
5364.05,1294.691694,1126.399694,1132.763523,1125.778172
5365.05,1294.937851,1126.601472,1132.973678,1125.997782
5366.05,1295.227319,1126.820851,1133.200515,1126.22619
5367.05,1295.416967,1127.022219,1133.406973,1126.426143
5368.05,1295.657201,1127.235119,1133.614883,1126.638063
5369.05,1295.860612,1127.438934,1133.826612,1126.844341
5370.05,1296.11322,1127.657712,1134.049683,1127.0635
5371.05,1296.371375,1127.870278,1134.270718,1127.284685
5372.05,1296.62055,1128.07993,1134.479841,1127.503232
5373.05,1296.936619,1128.323015,1134.715206,1127.737424
5374.05,1297.185348,1128.536374,1134.929153,1127.932712
5375.05,1297.469521,1128.767543,1135.154982,1128.161865
5376.05,1297.731754,1128.966948,1135.370623,1128.367284
5377.05,1297.972412,1129.170686,1135.577784,1128.572568
5378.05,1298.233415,1129.395665,1135.789465,1128.799502
5379.05,1298.4603,1129.602697,1135.997056,1128.999781
5380.05,1298.680011,1129.804043,1136.208542,1129.203926
5381.05,1298.999664,1130.026321,1136.448331,1129.418537
5382.05,1299.244629,1130.232126,1136.658543,1129.619007
5383.05,1299.544843,1130.455959,1136.881156,1129.83856
5384.05,1299.781546,1130.660108,1137.084275,1130.048523
5385.05,1300.058375,1130.884616,1137.298138,1130.264257
5386.05,1300.22816,1131.062788,1137.480452,1130.446903
5387.05,1300.426952,1131.24822,1137.671117,1130.644078
5388.05,1300.673662,1131.459322,1137.884629,1130.847241
5389.05,1300.95964,1131.682363,1138.104414,1131.066239
5390.05,1301.161187,1131.888724,1138.289719,1131.26213
5391.05,1301.43431,1132.108114,1138.516959,1131.479911
5392.05,1301.632947,1132.306373,1138.718264,1131.690184
5393.05,1301.8527,1132.514443,1138.904583,1131.888079
5394.05,1302.144254,1132.738948,1139.130871,1132.118881
5395.05,1302.45818,1132.969918,1139.378543,1132.346621
5396.05,1302.700664,1133.187216,1139.598889,1132.549222
5397.05,1302.95077,1133.403093,1139.816327,1132.758319
5398.05,1303.235362,1133.61837,1140.042707,1132.972057
5399.05,1303.53628,1133.832333,1140.269511,1133.200897
5400.05,1303.778999,1134.041797,1140.478329,1133.41057
5401.05,1304.003347,1134.254496,1140.688252,1133.619404
5402.05,1304.274321,1134.467096,1140.908891,1133.844813
5403.05,1304.577284,1134.692216,1141.132877,1134.076213
5404.05,1304.842929,1134.90681,1141.354727,1134.284247
5405.05,1305.074023,1135.109232,1141.552156,1134.497448
5406.05,1305.333799,1135.327915,1141.76759,1134.709366
5407.05,1305.576499,1135.541702,1141.980131,1134.911375
5408.05,1305.822423,1135.737655,1142.192282,1135.126878
5409.05,1306.05585,1135.958275,1142.400476,1135.34168
5410.05,1306.299638,1136.16505,1142.605111,1135.557164
5411.05,1306.530855,1136.373275,1142.807653,1135.766121
5412.05,1306.740546,1136.571865,1143.012939,1135.982859
5413.05,1306.898204,1136.759342,1143.195942,1136.164965
5414.05,1307.075379,1136.928523,1143.37958,1136.342657
5415.05,1307.334504,1137.135196,1143.596725,1136.552039
5416.05,1307.618515,1137.362969,1143.831946,1136.790608
5417.05,1307.783917,1137.558892,1144.032119,1136.983868
5418.05,1308.00751,1137.763237,1144.230102,1137.195216
5419.05,1308.233747,1137.966315,1144.433997,1137.400238
5420.05,1308.488668,1138.178876,1144.649733,1137.608654
5421.05,1308.725074,1138.382596,1144.869636,1137.8205
5422.05,1308.859931,1138.567313,1145.044315,1137.99241
5423.05,1309.126433,1138.790676,1145.262867,1138.214915
5424.05,1309.424857,1139.017151,1145.500193,1138.447187
5425.05,1309.710523,1139.229369,1145.728002,1138.668201
5426.05,1309.901192,1139.419833,1145.92955,1138.870761
5427.05,1310.170746,1139.639813,1146.121493,1139.084721
5428.05,1310.459155,1139.865322,1146.349522,1139.305969
5429.05,1310.684751,1140.068039,1146.559499,1139.509706
5430.05,1310.937938,1140.276423,1146.770662,1139.716254
5431.05,1311.102129,1140.474171,1146.962989,1139.895858
5432.05,1311.346856,1140.688034,1147.17926,1140.112847
5433.05,1311.601194,1140.893531,1147.395188,1140.329168
5434.05,1311.747669,1141.08246,1147.579157,1140.519402
5435.05,1312.001204,1141.298918,1147.792585,1140.73211
5436.05,1312.173128,1141.493183,1147.97071,1140.925942
5437.05,1312.43736,1141.71274,1148.189186,1141.135441
5438.05,1312.645828,1141.914992,1148.388413,1141.350626
5439.05,1312.878501,1142.119578,1148.588645,1141.547413
5440.05,1313.106937,1142.329559,1148.799113,1141.742548
5441.05,1313.351741,1142.531822,1149.005753,1141.94673
5442.05,1313.576097,1142.73563,1149.212219,1142.159572
5443.05,1313.816332,1142.933919,1149.423556,1142.378565
5444.05,1314.078135,1143.153579,1149.635504,1142.597197
5445.05,1314.341553,1143.383059,1149.864072,1142.814849
5446.05,1314.542989,1143.589304,1150.066321,1143.016124
5447.05,1314.795067,1143.804929,1150.282922,1143.231468
5448.05,1315.094898,1144.036922,1150.510168,1143.464579
5449.05,1315.328923,1144.243087,1150.712619,1143.667429
5450.05,1315.576174,1144.453217,1150.932979,1143.883086
5451.05,1315.853239,1144.660118,1151.146403,1144.094267
5452.05,1315.999799,1144.84476,1151.30753,1144.264009
5453.05,1316.228592,1145.054668,1151.518997,1144.469991
5454.05,1316.4285,1145.269464,1151.717518,1144.65287
5455.05,1316.631171,1145.471227,1151.918194,1144.834506
5456.05,1316.949562,1145.710506,1152.154371,1145.065127
5457.05,1317.141819,1145.908241,1152.342499,1145.251025
5458.05,1317.394082,1146.12085,1152.551759,1145.467204
5459.05,1317.646903,1146.315986,1152.771762,1145.674481
5460.05,1317.875023,1146.526228,1152.98932,1145.88252
5461.05,1318.119268,1146.729161,1153.198733,1146.096108
5462.05,1318.318592,1146.929582,1153.399436,1146.285688
5463.05,1318.551126,1147.132761,1153.604238,1146.478361
5464.05,1318.791473,1147.350014,1153.819776,1146.68732
5465.05,1319.031689,1147.565059,1154.025669,1146.883072
5466.05,1319.191218,1147.745479,1154.213813,1147.063541
5467.05,1319.41177,1147.956316,1154.413897,1147.271596
5468.05,1319.616791,1148.155251,1154.601744,1147.476594
5469.05,1319.84484,1148.378799,1154.805184,1147.692858
5470.05,1320.124708,1148.593523,1155.028141,1147.911174
5471.05,1320.357111,1148.794659,1155.237844,1148.122519
5472.05,1320.58691,1149.002562,1155.444043,1148.332955
5473.05,1320.894236,1149.233884,1155.680503,1148.57414
5474.05,1321.154301,1149.443609,1155.902605,1148.797927
5475.05,1321.439728,1149.657792,1156.137049,1149.015793
5476.05,1321.697275,1149.878406,1156.363104,1149.228206
5477.05,1322.009562,1150.110269,1156.601735,1149.4607
5478.05,1322.216138,1150.316899,1156.797271,1149.656468
5479.05,1322.461283,1150.522505,1157.008754,1149.868416
5480.05,1322.710619,1150.747397,1157.217479,1150.083847
5481.05,1322.975788,1150.976733,1157.443669,1150.296304
5482.05,1323.223119,1151.195449,1157.649354,1150.507625
5483.05,1323.467516,1151.409426,1157.863096,1150.733661
5484.05,1323.753209,1151.631617,1158.075914,1150.952389
5485.05,1324.023907,1151.857229,1158.28908,1151.159987
5486.05,1324.250637,1152.06175,1158.482585,1151.367077
5487.05,1324.469401,1152.267468,1158.689762,1151.566806
5488.05,1324.724593,1152.481171,1158.907579,1151.78995
5489.05,1324.932521,1152.675643,1159.092576,1151.987896
5490.05,1325.259994,1152.932024,1159.326608,1152.233754
5491.05,1325.486446,1153.12106,1159.533287,1152.439126
5492.05,1325.754019,1153.347362,1159.762096,1152.653413
5493.05,1326.040874,1153.569626,1159.97476,1152.893244
5494.05,1326.277656,1153.775281,1160.18954,1153.096815
5495.05,1326.520415,1153.98317,1160.399103,1153.302231
5496.05,1326.722966,1154.185095,1160.592822,1153.50236
5497.05,1326.989631,1154.399602,1160.803832,1153.731753
5498.05,1327.195261,1154.602299,1161.010935,1153.937982
5499.05,1327.4665,1154.814593,1161.238016,1154.158907
5500.05,1327.749496,1155.039232,1161.45966,1154.38565
5501.05,1327.995969,1155.243454,1161.666949,1154.602354
5502.05,1328.28411,1155.464224,1161.899604,1154.824685
5503.05,1328.532341,1155.680864,1162.110405,1155.039233
5504.05,1328.77345,1155.892898,1162.317644,1155.238449
5505.05,1329.033327,1156.109706,1162.520445,1155.455926
5506.05,1329.267953,1156.328457,1162.737772,1155.668926
5507.05,1329.51474,1156.545944,1162.954709,1155.892585
5508.05,1329.81783,1156.771289,1163.185493,1156.128784
5509.05,1330.131205,1157.0058,1163.411442,1156.370442
5510.05,1330.301761,1157.209285,1163.60294,1156.563698
5511.05,1330.487376,1157.391775,1163.800557,1156.752928
5512.05,1330.700794,1157.585726,1163.994912,1156.95422
5513.05,1330.962119,1157.791839,1164.208785,1157.155743
5514.05,1331.117418,1157.960537,1164.385993,1157.337507
5515.05,1331.305885,1158.15975,1164.58155,1157.529092
5516.05,1331.523687,1158.374461,1164.792049,1157.725467
5517.05,1331.790914,1158.601315,1165.022277,1157.936359
5518.05,1332.030543,1158.804185,1165.239574,1158.14012
5519.05,1332.282485,1159.028308,1165.454833,1158.352205
5520.05,1332.45413,1159.198674,1165.627699,1158.540491
5521.05,1332.688978,1159.400595,1165.842764,1158.741249
5522.05,1332.914401,1159.59973,1166.051684,1158.945057
5523.05,1333.186754,1159.827278,1166.269318,1159.165592
5524.05,1333.433747,1160.041111,1166.489704,1159.373896
5525.05,1333.646202,1160.232155,1166.677096,1159.577156
5526.05,1333.939502,1160.458741,1166.904017,1159.802564
5527.05,1334.205362,1160.664586,1167.124993,1160.023997
5528.05,1334.496351,1160.887591,1167.364598,1160.24737
5529.05,1334.666445,1161.063731,1167.534554,1160.427608
5530.05,1334.859872,1161.26595,1167.727987,1160.61749
5531.05,1335.048527,1161.460627,1167.925817,1160.81745
5532.05,1335.31382,1161.677076,1168.147351,1161.044248
5533.05,1335.481956,1161.863619,1168.33294,1161.239936
5534.05,1335.7634,1162.093435,1168.557982,1161.47102
5535.05,1335.95717,1162.29235,1168.755529,1161.681338
5536.05,1336.151536,1162.499853,1168.937354,1161.872867
5537.05,1336.369075,1162.697676,1169.145662,1162.089967
5538.05,1336.591293,1162.903878,1169.344308,1162.298681
5539.05,1336.839181,1163.111517,1169.56546,1162.505702
5540.05,1337.007357,1163.310001,1169.759993,1162.704623
5541.05,1337.226606,1163.517424,1169.970448,1162.917641
5542.05,1337.458939,1163.714068,1170.174526,1163.127981
5543.05,1337.685067,1163.912989,1170.374542,1163.337641
5544.05,1337.990278,1164.143291,1170.602809,1163.563412
5545.05,1338.150154,1164.31608,1170.782364,1163.740137
5546.05,1338.347425,1164.514518,1170.975924,1163.922997
5547.05,1338.570513,1164.729314,1171.183477,1164.123166
5548.05,1338.838644,1164.943794,1171.403116,1164.348129
5549.05,1339.09067,1165.176624,1171.611764,1164.557729
5550.05,1339.371616,1165.391424,1171.834993,1164.787145
5551.05,1339.601896,1165.60155,1172.035583,1164.998125
5552.05,1339.934114,1165.844289,1172.26538,1165.247772
5553.05,1340.201001,1166.051029,1172.485811,1165.460343
5554.05,1340.480354,1166.273711,1172.710891,1165.679304
5555.05,1340.750947,1166.484897,1172.92903,1165.901645
5556.05,1340.913021,1166.657431,1173.123487,1166.090954
5557.05,1341.165321,1166.871079,1173.345027,1166.294495
5558.05,1341.449977,1167.088104,1173.553182,1166.524513
5559.05,1341.798943,1167.331183,1173.801537,1166.762055
5560.05,1342.051768,1167.52825,1174.017892,1166.965603
5561.05,1342.32105,1167.742054,1174.241624,1167.182784
5562.05,1342.617285,1167.965858,1174.468544,1167.40478
5563.05,1342.871652,1168.177947,1174.678386,1167.61654
5564.05,1343.148562,1168.398772,1174.909147,1167.840551
5565.05,1343.444824,1168.627902,1175.139867,1168.063402
5566.05,1343.749809,1168.853679,1175.372322,1168.285254
5567.05,1344.029802,1169.075747,1175.608971,1168.499572
5568.05,1344.27665,1169.285351,1175.834109,1168.713067
5569.05,1344.550071,1169.493065,1176.041629,1168.932988
5570.05,1344.785459,1169.700647,1176.248138,1169.14453
5571.05,1345.010755,1169.91589,1176.455427,1169.335381
5572.05,1345.216408,1170.120729,1176.63536,1169.542731
5573.05,1345.487717,1170.335563,1176.8566,1169.754176
5574.05,1345.656214,1170.530939,1177.036233,1169.954777
5575.05,1345.922485,1170.740296,1177.254563,1170.174176
5576.05,1346.12443,1170.918103,1177.455438,1170.37556
5577.05,1346.370128,1171.137437,1177.658093,1170.578559
5578.05,1346.622288,1171.349976,1177.870765,1170.799669
5579.05,1346.861447,1171.545578,1178.079063,1170.994315
5580.05,1347.030641,1171.746246,1178.273401,1171.17703
5581.05,1347.282967,1171.956514,1178.477517,1171.391342
5582.05,1347.520621,1172.149162,1178.698941,1171.596276
5583.05,1347.746661,1172.355935,1178.909997,1171.804777
5584.05,1347.9659,1172.558639,1179.11623,1172.014886
5585.05,1348.193038,1172.763648,1179.319792,1172.224432
5586.05,1348.407626,1172.970214,1179.52662,1172.420572
5587.05,1348.550384,1173.158616,1179.70602,1172.606777
5588.05,1348.865118,1173.386614,1179.952476,1172.845785
5589.05,1349.093131,1173.59439,1180.155389,1173.049823
5590.05,1349.35081,1173.809522,1180.381539,1173.261435
5591.05,1349.602221,1174.015765,1180.590228,1173.473402
5592.05,1349.802393,1174.200512,1180.796466,1173.670886
5593.05,1350.037245,1174.396878,1180.998335,1173.889955
5594.05,1350.263214,1174.598736,1181.194388,1174.103468
5595.05,1350.553038,1174.816537,1181.408781,1174.31954
5596.05,1350.788711,1175.030687,1181.639358,1174.523636
5597.05,1350.963043,1175.225784,1181.831483,1174.707881
5598.05,1351.172081,1175.423058,1182.021829,1174.900353
5599.05,1351.418917,1175.641218,1182.230192,1175.11027
5600.05,1351.684258,1175.868909,1182.450882,1175.322425
5601.05,1351.954019,1176.088046,1182.665619,1175.527839
5602.05,1352.162321,1176.287715,1182.859509,1175.727052
5603.05,1352.422959,1176.493393,1183.063766,1175.934231
5604.05,1352.69755,1176.730979,1183.30686,1176.150656
5605.05,1352.921642,1176.918699,1183.523822,1176.342886
5606.05,1353.204613,1177.145654,1183.739445,1176.559155
5607.05,1353.407068,1177.33479,1183.935931,1176.757232
5608.05,1353.716844,1177.569966,1184.16009,1176.990117
5609.05,1353.971813,1177.786268,1184.371807,1177.204333
5610.05,1354.220323,1178.007048,1184.595439,1177.417123
5611.05,1354.467468,1178.210168,1184.802686,1177.615614
5612.05,1354.751006,1178.428739,1185.026124,1177.826391
5613.05,1354.9987,1178.649099,1185.230149,1178.034561
5614.05,1355.30325,1178.884906,1185.463067,1178.254022
5615.05,1355.53439,1179.091921,1185.665531,1178.462301
5616.05,1355.743072,1179.299512,1185.876798,1178.662234
5617.05,1356.04619,1179.523025,1186.109517,1178.892316
5618.05,1356.223402,1179.710417,1186.300632,1179.083023
5619.05,1356.429091,1179.902709,1186.508852,1179.280768
5620.05,1356.647945,1180.108136,1186.714416,1179.48394
5621.05,1356.877601,1180.32348,1186.91557,1179.695506
5622.05,1357.116911,1180.53616,1187.121966,1179.911053
5623.05,1357.378545,1180.745341,1187.342064,1180.127249
5624.05,1357.652052,1180.967872,1187.560455,1180.355443
5625.05,1357.969105,1181.203091,1187.801033,1180.585594
5626.05,1358.220262,1181.408998,1188.006887,1180.792982
5627.05,1358.446426,1181.620872,1188.207234,1181.001375
5628.05,1358.653731,1181.823618,1188.398885,1181.19674
5629.05,1358.890524,1182.029841,1188.616416,1181.408664
5630.05,1359.115737,1182.229574,1188.819883,1181.608627
5631.05,1359.400937,1182.460956,1189.039425,1181.836442
5632.05,1359.624053,1182.660327,1189.238679,1182.032746
5633.05,1359.857655,1182.867953,1189.448763,1182.230834
5634.05,1360.081235,1183.079912,1189.647032,1182.432213
5635.05,1360.349294,1183.294728,1189.851382,1182.643958
5636.05,1360.61857,1183.516003,1190.076321,1182.858076
5637.05,1360.894806,1183.737179,1190.30819,1183.070949
5638.05,1361.148973,1183.942139,1190.525152,1183.285836
5639.05,1361.384522,1184.147487,1190.724378,1183.493636
5640.05,1361.507111,1184.325722,1190.899382,1183.672638
5641.05,1361.717887,1184.516551,1191.101418,1183.86682
5642.05,1362.016923,1184.746233,1191.330559,1184.094077
5643.05,1362.225423,1184.945389,1191.530296,1184.295217
5644.05,1362.40207,1185.125329,1191.720185,1184.480899
5645.05,1362.624188,1185.331741,1191.924811,1184.686564
5646.05,1362.857689,1185.526602,1192.11629,1184.889632
5647.05,1363.148151,1185.763104,1192.348801,1185.113322
5648.05,1363.337349,1185.956596,1192.533803,1185.315497
5649.05,1363.520164,1186.150631,1192.724554,1185.510578
5650.05,1363.764085,1186.358653,1192.947839,1185.714418
5651.05,1363.939917,1186.537844,1193.13215,1185.895637
5652.05,1364.207605,1186.757388,1193.351867,1186.108853
5653.05,1364.340664,1186.944413,1193.53054,1186.294459
5654.05,1364.591836,1187.164893,1193.747839,1186.505436
5655.05,1364.797277,1187.369994,1193.945127,1186.696655
5656.05,1365.024514,1187.592149,1194.147529,1186.896603
5657.05,1365.216989,1187.791629,1194.338903,1187.098609
5658.05,1365.404163,1187.982009,1194.530468,1187.289819
5659.05,1365.637065,1188.195693,1194.733225,1187.504001
5660.05,1365.949046,1188.427081,1194.964691,1187.74199
5661.05,1366.198217,1188.634865,1195.170394,1187.954258
5662.05,1366.49489,1188.863976,1195.39103,1188.173382
5663.05,1366.755034,1189.077422,1195.612362,1188.396922
5664.05,1366.991035,1189.293441,1195.826691,1188.615406
5665.05,1367.290462,1189.53629,1196.061988,1188.844295
5666.05,1367.56431,1189.757129,1196.2705,1189.074337
5667.05,1367.753609,1189.955442,1196.463333,1189.270845
5668.05,1367.976524,1190.16174,1196.664208,1189.475894
5669.05,1368.195709,1190.372334,1196.861714,1189.676553
5670.05,1368.416249,1190.57679,1197.054736,1189.868267
5671.05,1368.663262,1190.797872,1197.260351,1190.075581
5672.05,1368.876032,1191.002992,1197.470621,1190.290989
5673.05,1369.127221,1191.216169,1197.671742,1190.499933
5674.05,1369.35554,1191.420062,1197.882161,1190.700552
5675.05,1369.606711,1191.627055,1198.099792,1190.901972
5676.05,1369.804505,1191.816542,1198.295597,1191.097359
5677.05,1370.038932,1192.031573,1198.510441,1191.307026
5678.05,1370.308643,1192.240339,1198.733452,1191.518368
5679.05,1370.532009,1192.4445,1198.936901,1191.725921
5680.05,1370.754982,1192.651763,1199.138698,1191.935268
5681.05,1370.966858,1192.85909,1199.338897,1192.135142
5682.05,1371.20275,1193.075267,1199.563056,1192.348609
5683.05,1371.467937,1193.284466,1199.774374,1192.569903
5684.05,1371.813903,1193.529334,1200.010701,1192.81676
5685.05,1372.073352,1193.74867,1200.215037,1193.030867
5686.05,1372.3578,1193.960374,1200.439139,1193.255056
5687.05,1372.7148,1194.213242,1200.686315,1193.484525
5688.05,1372.951888,1194.428556,1200.895388,1193.68983
5689.05,1373.195128,1194.636097,1201.103569,1193.902579
5690.05,1373.393364,1194.833428,1201.299569,1194.098224
5691.05,1373.599387,1195.036392,1201.499891,1194.302788
5692.05,1373.894404,1195.271508,1201.73039,1194.53752
5693.05,1374.150517,1195.493024,1201.957653,1194.750748
5694.05,1374.399226,1195.701658,1202.186408,1194.969611
5695.05,1374.671623,1195.923006,1202.407295,1195.203864
5696.05,1374.956509,1196.149843,1202.632188,1195.425264
5697.05,1375.19792,1196.352129,1202.835131,1195.631619
5698.05,1375.474598,1196.572128,1203.060203,1195.856108
5699.05,1375.722518,1196.78719,1203.274867,1196.074599
5700.05,1375.871135,1196.977972,1203.452891,1196.241696
5701.05,1376.124331,1197.194598,1203.658909,1196.459125
5702.05,1376.365102,1197.400796,1203.862428,1196.665393
5703.05,1376.602574,1197.618612,1204.061952,1196.876118
5704.05,1376.861709,1197.82102,1204.283601,1197.079102
5705.05,1377.080729,1198.01963,1204.487711,1197.283753
5706.05,1377.30949,1198.226064,1204.699497,1197.490522
5707.05,1377.577798,1198.435888,1204.921508,1197.707116
5708.05,1377.801321,1198.637582,1205.120537,1197.911321
5709.05,1378.076625,1198.861861,1205.33357,1198.127324
5710.05,1378.330834,1199.067227,1205.542995,1198.352518
5711.05,1378.561421,1199.292105,1205.751059,1198.562026
5712.05,1378.824751,1199.511333,1205.981766,1198.778232
5713.05,1379.010882,1199.706984,1206.186211,1198.970688
5714.05,1379.29691,1199.912216,1206.398571,1199.195429
5715.05,1379.556366,1200.131838,1206.621558,1199.41986
5716.05,1379.811491,1200.336243,1206.828242,1199.638725
5717.05,1380.155248,1200.575125,1207.076117,1199.869683
5718.05,1380.420417,1200.803142,1207.291841,1200.080746
5719.05,1380.670937,1201.002145,1207.499638,1200.289727
5720.05,1380.952894,1201.234946,1207.722316,1200.506429
5721.05,1381.171828,1201.429822,1207.932522,1200.701281
5722.05,1381.41749,1201.638638,1208.158565,1200.920231
5723.05,1381.631768,1201.83334,1208.364632,1201.119737
5724.05,1381.887557,1202.040529,1208.58053,1201.322745
5725.05,1382.202766,1202.266383,1208.806005,1201.542936
5726.05,1382.41241,1202.469384,1208.998892,1201.742425
5727.05,1382.629214,1202.674284,1209.196273,1201.943908
5728.05,1382.830457,1202.883586,1209.405408,1202.145311
5729.05,1383.096306,1203.112137,1209.621102,1202.371878
5730.05,1383.372896,1203.32767,1209.851823,1202.589669
5731.05,1383.580727,1203.521419,1210.0464,1202.798276
5732.05,1383.797223,1203.715668,1210.251659,1203.000732
5733.05,1384.055835,1203.94973,1210.46607,1203.225511
5734.05,1384.253619,1204.146804,1210.671024,1203.412456
5735.05,1384.51183,1204.363541,1210.890099,1203.629069
5736.05,1384.737944,1204.571063,1211.103567,1203.836007
5737.05,1384.993925,1204.781101,1211.32332,1204.049965
5738.05,1385.224678,1204.993443,1211.530781,1204.274399
5739.05,1385.501683,1205.210083,1211.758808,1204.504522
5740.05,1385.831405,1205.450208,1211.98889,1204.745593
5741.05,1386.051567,1205.650607,1212.1878,1204.940225
5742.05,1386.318843,1205.870195,1212.420774,1205.156897
5743.05,1386.531582,1206.069923,1212.630933,1205.357945
5744.05,1386.746959,1206.26657,1212.829351,1205.557888
5745.05,1387.075171,1206.502822,1213.066014,1205.786917
5746.05,1387.33094,1206.714591,1213.283847,1205.997805
5747.05,1387.565012,1206.915317,1213.484052,1206.199635
5748.05,1387.819194,1207.128986,1213.691604,1206.409164
5749.05,1388.07161,1207.337824,1213.894814,1206.622971
5750.05,1388.313874,1207.550989,1214.110036,1206.838899
5751.05,1388.535449,1207.761881,1214.320209,1207.054911
5752.05,1388.766825,1207.967133,1214.528472,1207.25493
5753.05,1389.079224,1208.184682,1214.760908,1207.503606
5754.05,1389.330098,1208.412492,1214.977874,1207.723112
5755.05,1389.570323,1208.619288,1215.191969,1207.938615
5756.05,1389.763415,1208.822544,1215.391944,1208.135693
5757.05,1389.958835,1209.021064,1215.581403,1208.32954
5758.05,1390.129174,1209.205627,1215.773882,1208.511639
5759.05,1390.330863,1209.406284,1215.960505,1208.711444
5760.05,1390.648772,1209.645021,1216.197688,1208.940513
5761.05,1390.933722,1209.870262,1216.415505,1209.164445
5762.05,1391.194151,1210.099219,1216.640982,1209.379074
5763.05,1391.439378,1210.317356,1216.86309,1209.586385
5764.05,1391.623088,1210.525587,1217.052654,1209.779964
5765.05,1391.863719,1210.725693,1217.256118,1210.000352
5766.05,1392.079466,1210.933161,1217.457266,1210.203045
5767.05,1392.288787,1211.130815,1217.648397,1210.404583
5768.05,1392.55336,1211.354346,1217.868311,1210.622109
5769.05,1392.792689,1211.569229,1218.070715,1210.831585
5770.05,1393.038153,1211.778312,1218.287235,1211.045737
5771.05,1393.346705,1211.994988,1218.521718,1211.268605
5772.05,1393.597937,1212.202715,1218.733267,1211.492236
5773.05,1393.869982,1212.426013,1218.954344,1211.711758
5774.05,1394.115538,1212.633011,1219.164535,1211.94059
5775.05,1394.307747,1212.826475,1219.362764,1212.139856
5776.05,1394.545384,1213.039268,1219.583004,1212.35417
5777.05,1394.798966,1213.258116,1219.789587,1212.569269
5778.05,1394.964856,1213.439684,1219.966714,1212.766622
5779.05,1395.22322,1213.653265,1220.191129,1212.983726
5780.05,1395.4582,1213.861018,1220.395323,1213.196122
5781.05,1395.747459,1214.084017,1220.624042,1213.416851
5782.05,1396.052076,1214.31214,1220.858347,1213.649876
5783.05,1396.278246,1214.510138,1221.061173,1213.858608
5784.05,1396.516692,1214.721141,1221.277654,1214.083189
5785.05,1396.742507,1214.920744,1221.470661,1214.286356
5786.05,1397.009118,1215.144231,1221.708911,1214.509801
5787.05,1397.207052,1215.344424,1221.911294,1214.705303
5788.05,1397.41508,1215.549724,1222.115475,1214.906334
5789.05,1397.657536,1215.764382,1222.324106,1215.119035
5790.05,1397.937684,1215.986382,1222.561098,1215.346989
5791.05,1398.175869,1216.204943,1222.770222,1215.551681
5792.05,1398.421256,1216.417259,1222.984849,1215.763233
5793.05,1398.619256,1216.611145,1223.184973,1215.950049
5794.05,1398.840685,1216.822355,1223.393175,1216.164356
5795.05,1399.117842,1217.048013,1223.624157,1216.385494
5796.05,1399.340293,1217.252692,1223.832498,1216.583699
5797.05,1399.561282,1217.460271,1224.042126,1216.791462
5798.05,1399.8521,1217.687642,1224.26456,1217.017586
5799.05,1400.046678,1217.88486,1224.460515,1217.204521
5800.05,1400.29715,1218.086173,1224.662504,1217.416065
5801.05,1400.54143,1218.297997,1224.868554,1217.634494
5802.05,1400.772395,1218.497579,1225.08015,1217.850548
5803.05,1401.053536,1218.716798,1225.312902,1218.068502
5804.05,1401.400978,1218.954069,1225.561297,1218.313572
5805.05,1401.716426,1219.192084,1225.794534,1218.543984
5806.05,1402.007528,1219.414891,1226.029993,1218.760739
5807.05,1402.286962,1219.643039,1226.253161,1218.985201
5808.05,1402.529073,1219.863193,1226.484105,1219.184956
5809.05,1402.727041,1220.064847,1226.689957,1219.37401
5810.05,1402.959251,1220.27142,1226.906205,1219.576605
5811.05,1403.210915,1220.490367,1227.124295,1219.787186
5812.05,1403.431605,1220.704824,1227.332798,1219.990896
5813.05,1403.679778,1220.912714,1227.549084,1220.201256
5814.05,1403.914849,1221.124033,1227.761115,1220.406115
5815.05,1404.110387,1221.313643,1227.964747,1220.600244
5816.05,1404.396493,1221.528162,1228.178485,1220.830036
5817.05,1404.610417,1221.733373,1228.398745,1221.037078
5818.05,1404.8424,1221.948138,1228.597343,1221.247051
5819.05,1405.160245,1222.177311,1228.833685,1221.475847
5820.05,1405.355139,1222.370217,1229.039838,1221.68306
5821.05,1405.618401,1222.575904,1229.258797,1221.907112
5822.05,1405.859168,1222.789053,1229.466053,1222.109369
5823.05,1406.114691,1223.001091,1229.679394,1222.321155
5824.05,1406.399865,1223.212553,1229.90969,1222.540416
5825.05,1406.600042,1223.405553,1230.100538,1222.750869
5826.05,1406.856022,1223.614126,1230.31251,1222.961474
5827.05,1407.12794,1223.820662,1230.544066,1223.165594
5828.05,1407.324564,1224.006609,1230.740565,1223.357193
5829.05,1407.571323,1224.210805,1230.962449,1223.56428
5830.05,1407.751421,1224.411609,1231.152936,1223.7702
5831.05,1407.978067,1224.625143,1231.355501,1223.965312
5832.05,1408.22497,1224.836512,1231.59045,1224.190673
5833.05,1408.488886,1225.042546,1231.800926,1224.413633
5834.05,1408.764043,1225.264575,1232.028346,1224.628391
5835.05,1408.985329,1225.452597,1232.23901,1224.826716
5836.05,1409.204524,1225.65251,1232.445567,1225.033119
5837.05,1409.450054,1225.868748,1232.662672,1225.238352
5838.05,1409.694694,1226.085022,1232.878129,1225.451926
5839.05,1410.028392,1226.320913,1233.116033,1225.693595
5840.05,1410.322906,1226.554033,1233.348904,1225.912622
5841.05,1410.564106,1226.770954,1233.562264,1226.112943
5842.05,1410.882898,1227.000011,1233.78474,1226.352497
5843.05,1411.173825,1227.233226,1234.010537,1226.576619
5844.05,1411.453043,1227.460618,1234.236165,1226.809725
5845.05,1411.706238,1227.681195,1234.458504,1227.030038
5846.05,1411.984045,1227.8995,1234.681874,1227.252724
5847.05,1412.270084,1228.124189,1234.917341,1227.483377
5848.05,1412.542986,1228.355028,1235.137574,1227.705371
5849.05,1412.761522,1228.545985,1235.33962,1227.902143
5850.05,1413.007098,1228.758981,1235.548362,1228.100991
5851.05,1413.254947,1228.962523,1235.75649,1228.316998
5852.05,1413.44704,1229.143369,1235.949794,1228.513893
5853.05,1413.679779,1229.353829,1236.157144,1228.724288
5854.05,1413.885497,1229.552185,1236.357929,1228.917337
5855.05,1414.207833,1229.796916,1236.601786,1229.148813
5856.05,1414.477221,1230.022465,1236.824062,1229.365942
5857.05,1414.666718,1230.218927,1237.002409,1229.559569
5858.05,1414.975304,1230.461444,1237.238462,1229.787866
5859.05,1415.269579,1230.6846,1237.465667,1230.022244
5860.05,1415.468234,1230.885162,1237.65942,1230.205381
5861.05,1415.749339,1231.105081,1237.874048,1230.41825
5862.05,1415.922861,1231.295068,1238.056766,1230.606876
5863.05,1416.142065,1231.488216,1238.261362,1230.794649
5864.05,1416.37257,1231.69299,1238.465225,1231.001438
5865.05,1416.553395,1231.879399,1238.652126,1231.195321
5866.05,1416.733029,1232.0779,1238.841084,1231.383942
5867.05,1417.098545,1232.33586,1239.066719,1231.644488
5868.05,1417.318851,1232.532406,1239.281186,1231.849056
5869.05,1417.537831,1232.739193,1239.482786,1232.045773
5870.05,1417.759919,1232.937928,1239.685595,1232.242335
5871.05,1417.98931,1233.150479,1239.896798,1232.450043
5872.05,1418.184114,1233.351214,1240.095299,1232.643781
5873.05,1418.444737,1233.564224,1240.308471,1232.861357
5874.05,1418.701307,1233.778487,1240.520766,1233.073663
5875.05,1418.997929,1234.011752,1240.746247,1233.30086
5876.05,1419.245192,1234.222382,1240.96619,1233.513364
5877.05,1419.561278,1234.463597,1241.198153,1233.744004
5878.05,1419.772754,1234.660622,1241.402913,1233.941292
5879.05,1419.987841,1234.865007,1241.614542,1234.137087
5880.05,1420.198049,1235.064247,1241.813445,1234.338989
5881.05,1420.455312,1235.276941,1242.02042,1234.558753
5882.05,1420.743564,1235.505678,1242.254486,1234.787461
5883.05,1420.93102,1235.714283,1242.456181,1234.983663
5884.05,1421.22153,1235.936937,1242.688618,1235.213517
5885.05,1421.49277,1236.146076,1242.901797,1235.420815
5886.05,1421.72504,1236.34511,1243.111924,1235.631899
5887.05,1421.952661,1236.551133,1243.32163,1235.833954
5888.05,1422.196463,1236.76508,1243.546132,1236.043774
5889.05,1422.422223,1236.972128,1243.749688,1236.258158
5890.05,1422.678105,1237.182069,1243.963765,1236.463997
5891.05,1422.86144,1237.361085,1244.152744,1236.653057
5892.05,1423.214891,1237.608474,1244.398313,1236.901914
5893.05,1423.470093,1237.812317,1244.61452,1237.107201
5894.05,1423.701352,1238.014336,1244.822046,1237.301733
5895.05,1423.932265,1238.230318,1245.034031,1237.517255
5896.05,1424.130078,1238.428996,1245.224692,1237.712997
5897.05,1424.365178,1238.635637,1245.44001,1237.906035
5898.05,1424.549055,1238.831269,1245.638687,1238.112468
5899.05,1424.799686,1239.05229,1245.861011,1238.336239
5900.05,1425.054429,1239.272331,1246.08409,1238.555371
5901.05,1425.287509,1239.466324,1246.287736,1238.750192
5902.05,1425.469191,1239.667514,1246.488899,1238.936434
5903.05,1425.615209,1239.848332,1246.66207,1239.117506
5904.05,1425.819078,1240.054042,1246.855838,1239.314633
5905.05,1426.113632,1240.284707,1247.0808,1239.542451
5906.05,1426.368048,1240.504593,1247.30732,1239.771637
5907.05,1426.597956,1240.715845,1247.520608,1239.968166
5908.05,1426.902978,1240.948451,1247.750473,1240.191062
5909.05,1427.180637,1241.159409,1247.978742,1240.406964
5910.05,1427.413625,1241.356871,1248.176685,1240.600143
5911.05,1427.668233,1241.563921,1248.379752,1240.814805
5912.05,1427.899488,1241.762399,1248.586748,1241.034315
5913.05,1428.115782,1241.970165,1248.792445,1241.2379
5914.05,1428.288519,1242.167371,1248.985877,1241.423963
5915.05,1428.556051,1242.378837,1249.217929,1241.645722
5916.05,1428.787192,1242.585846,1249.432531,1241.847825
5917.05,1429.056444,1242.800072,1249.653519,1242.076058
5918.05,1429.301864,1243.029109,1249.871789,1242.286066
5919.05,1429.495584,1243.226859,1250.067728,1242.48318
5920.05,1429.702722,1243.419976,1250.269149,1242.687045
5921.05,1429.970908,1243.640817,1250.480732,1242.910514
5922.05,1430.268842,1243.872244,1250.715866,1243.144115
5923.05,1430.520782,1244.088205,1250.911614,1243.35382
5924.05,1430.747328,1244.294644,1251.120508,1243.552904
5925.05,1430.981138,1244.501979,1251.340351,1243.766094
5926.05,1431.276086,1244.719231,1251.568024,1243.987571
5927.05,1431.535089,1244.926923,1251.787553,1244.218831
5928.05,1431.731485,1245.126486,1251.977024,1244.412598
5929.05,1431.948143,1245.33,1252.167652,1244.610989
5930.05,1432.157183,1245.532308,1252.364535,1244.801229
5931.05,1432.350155,1245.705927,1252.553827,1245.001101
5932.05,1432.525373,1245.893668,1252.741404,1245.185456
5933.05,1432.817403,1246.115804,1252.962627,1245.407183
5934.05,1433.032891,1246.312974,1253.17103,1245.613699
5935.05,1433.228815,1246.50439,1253.375412,1245.811436
5936.05,1433.472553,1246.701318,1253.577886,1246.016659
5937.05,1433.726758,1246.913091,1253.79458,1246.230824
5938.05,1433.971663,1247.119343,1254.022114,1246.440597
5939.05,1434.207785,1247.3306,1254.230083,1246.646736
5940.05,1434.434169,1247.540725,1254.43494,1246.861444
5941.05,1434.699619,1247.757687,1254.647509,1247.06542
5942.05,1434.913031,1247.9627,1254.850355,1247.269247
5943.05,1435.114208,1248.159425,1255.046919,1247.454454
5944.05,1435.366907,1248.370843,1255.265206,1247.674228
5945.05,1435.667632,1248.570402,1255.484071,1247.900934
5946.05,1435.89645,1248.775765,1255.699865,1248.115353
5947.05,1436.088542,1248.974081,1255.889331,1248.303069
5948.05,1436.309542,1249.185925,1256.090547,1248.504779
5949.05,1436.553616,1249.394883,1256.309414,1248.716297
5950.05,1436.783241,1249.589289,1256.518235,1248.92265
5951.05,1437.078347,1249.811615,1256.755667,1249.151319
5952.05,1437.291981,1250.018957,1256.949031,1249.347916
5953.05,1437.525849,1250.234969,1257.154902,1249.548187
5954.05,1437.757814,1250.436807,1257.350922,1249.750177
5955.05,1437.991545,1250.640873,1257.556071,1249.948335
5956.05,1438.253585,1250.8672,1257.775144,1250.161576
5957.05,1438.483952,1251.075341,1257.985624,1250.357184
5958.05,1438.744204,1251.291202,1258.200649,1250.568716
5959.05,1438.992425,1251.516251,1258.415257,1250.776641
5960.05,1439.311149,1251.742521,1258.659566,1251.023548
5961.05,1439.576034,1251.961769,1258.872982,1251.246253
5962.05,1439.850252,1252.192353,1259.102443,1251.4634
5963.05,1440.14141,1252.427408,1259.329606,1251.699347
5964.05,1440.364382,1252.633781,1259.526465,1251.895919
5965.05,1440.610706,1252.858151,1259.733704,1252.110376
5966.05,1440.861312,1253.082626,1259.950354,1252.3248
5967.05,1441.105368,1253.283623,1260.161803,1252.537546
5968.05,1441.391253,1253.514627,1260.387305,1252.764171
5969.05,1441.613133,1253.723337,1260.584271,1252.973261
5970.05,1441.829961,1253.914776,1260.788987,1253.174503
5971.05,1442.104204,1254.137818,1261.006093,1253.393714
5972.05,1442.333893,1254.344175,1261.215458,1253.585872
5973.05,1442.625565,1254.560308,1261.436497,1253.803826
5974.05,1442.830039,1254.751998,1261.625951,1253.998574
5975.05,1443.045435,1254.955005,1261.837626,1254.196417
5976.05,1443.316529,1255.184876,1262.050361,1254.410307
5977.05,1443.528802,1255.381334,1262.2516,1254.611956
5978.05,1443.829889,1255.609599,1262.483063,1254.834563
5979.05,1444.00689,1255.808762,1262.675652,1255.02311
5980.05,1444.224115,1256.006689,1262.883177,1255.216729
5981.05,1444.43868,1256.21279,1263.091736,1255.432543
5982.05,1444.673835,1256.42893,1263.29885,1255.652474
5983.05,1444.829331,1256.606488,1263.481874,1255.83499
5984.05,1445.085281,1256.819148,1263.699733,1256.053597
5985.05,1445.363526,1257.036688,1263.926171,1256.281636
5986.05,1445.577733,1257.230376,1264.135042,1256.496562
5987.05,1445.810755,1257.438466,1264.335125,1256.692792
5988.05,1446.062961,1257.642129,1264.536815,1256.901707
5989.05,1446.2596,1257.838891,1264.735991,1257.087721
5990.05,1446.507556,1258.046979,1264.939314,1257.300485
5991.05,1446.754291,1258.256235,1265.156266,1257.508739
5992.05,1446.974055,1258.435181,1265.341876,1257.692013
5993.05,1447.181432,1258.626828,1265.548373,1257.88926
5994.05,1447.330946,1258.810155,1265.723164,1258.063789
5995.05,1447.528595,1259.004019,1265.915945,1258.260426
5996.05,1447.72352,1259.202858,1266.114474,1258.462895
5997.05,1448.05153,1259.432094,1266.351027,1258.698516
5998.05,1448.292846,1259.640255,1266.556902,1258.908219
5999.05,1448.605432,1259.87794,1266.791204,1259.129312
6000.05,1448.837345,1260.084234,1267.000182,1259.322634
6001.05,1449.048983,1260.268921,1267.206681,1259.526394
6002.05,1449.225412,1260.459808,1267.394357,1259.721218
6003.05,1449.514529,1260.682352,1267.61353,1259.939003
6004.05,1449.754348,1260.896445,1267.825437,1260.142114
6005.05,1449.971874,1261.105179,1268.021731,1260.351345
6006.05,1450.179331,1261.295974,1268.218225,1260.541694
6007.05,1450.463121,1261.513938,1268.43092,1260.758758
6008.05,1450.728219,1261.729755,1268.651516,1260.975921
6009.05,1450.999188,1261.945735,1268.879499,1261.191168
6010.05,1451.217729,1262.155044,1269.095249,1261.393141
6011.05,1451.392053,1262.350234,1269.278684,1261.579224
6012.05,1451.619394,1262.572921,1269.479742,1261.794725
6013.05,1451.862152,1262.796341,1269.693471,1262.004734
6014.05,1452.09749,1263.006144,1269.904071,1262.204922
6015.05,1452.281168,1263.187869,1270.097945,1262.396885
6016.05,1452.443522,1263.368148,1270.277336,1262.582218
6017.05,1452.654609,1263.560435,1270.477129,1262.771858
6018.05,1452.956573,1263.78591,1270.706281,1262.987947
6019.05,1453.229953,1263.999855,1270.932778,1263.205088
6020.05,1453.47005,1264.199641,1271.139284,1263.415079
6021.05,1453.729482,1264.407229,1271.363336,1263.616059
6022.05,1453.992281,1264.624576,1271.584467,1263.82672
6023.05,1454.217289,1264.830034,1271.787858,1264.047646
6024.05,1454.444379,1265.039757,1271.997984,1264.262061
6025.05,1454.664916,1265.23898,1272.200728,1264.470089
6026.05,1454.9481,1265.465475,1272.424158,1264.693219
6027.05,1455.176204,1265.677686,1272.629445,1264.910915
6028.05,1455.442593,1265.893071,1272.851358,1265.128716
6029.05,1455.714231,1266.111864,1273.082639,1265.349077
6030.05,1455.906291,1266.328004,1273.283763,1265.555704
6031.05,1456.135145,1266.532264,1273.495068,1265.758864
6032.05,1456.383177,1266.739345,1273.707484,1265.961561
6033.05,1456.606912,1266.950249,1273.918283,1266.162578
6034.05,1456.797738,1267.147077,1274.120893,1266.356294
6035.05,1457.068526,1267.375422,1274.348868,1266.583087
6036.05,1457.242354,1267.57127,1274.544954,1266.771889
6037.05,1457.549538,1267.806281,1274.775387,1266.997047
6038.05,1457.813606,1268.03277,1275.002958,1267.227509
6039.05,1458.085929,1268.249063,1275.224377,1267.450699
6040.05,1458.343026,1268.465641,1275.443739,1267.66546
6041.05,1458.570391,1268.664961,1275.659294,1267.876837
6042.05,1458.791749,1268.864141,1275.870357,1268.080233
6043.05,1459.007813,1269.069187,1276.067445,1268.286264
6044.05,1459.229752,1269.269003,1276.265249,1268.482866
6045.05,1459.447284,1269.484856,1276.463602,1268.685487
6046.05,1459.765512,1269.727391,1276.701779,1268.906532
6047.05,1460.078813,1269.961323,1276.930437,1269.133709
6048.05,1460.357178,1270.193738,1277.158014,1269.342997
6049.05,1460.545786,1270.387733,1277.353535,1269.534741
6050.05,1460.7994,1270.611188,1277.585404,1269.761593
6051.05,1461.085502,1270.848023,1277.808686,1269.968424
6052.05,1461.309865,1271.052185,1278.020892,1270.17542
6053.05,1461.479599,1271.245474,1278.209763,1270.3676
6054.05,1461.711892,1271.452248,1278.418021,1270.572052
6055.05,1462.017097,1271.681071,1278.65466,1270.80711
6056.05,1462.31904,1271.914045,1278.887064,1271.039105
6057.05,1462.494086,1272.105622,1279.078674,1271.234033
6058.05,1462.73649,1272.325609,1279.303247,1271.440915
6059.05,1462.966368,1272.534676,1279.504563,1271.64016
6060.05,1463.231707,1272.750469,1279.729247,1271.845103
6061.05,1463.525582,1272.982055,1279.941866,1272.065031
6062.05,1463.750929,1273.184888,1280.148169,1272.274889
6063.05,1464.016241,1273.389178,1280.366683,1272.498285
6064.05,1464.188351,1273.573741,1280.566662,1272.685784
6065.05,1464.469791,1273.788337,1280.798517,1272.91042
6066.05,1464.718689,1274.005108,1281.00681,1273.119871
6067.05,1464.923788,1274.205949,1281.198076,1273.315975
6068.05,1465.17704,1274.421375,1281.417306,1273.52525
6069.05,1465.465398,1274.638859,1281.638288,1273.751035
6070.05,1465.651224,1274.820184,1281.830196,1273.939607
6071.05,1465.897981,1275.027188,1282.036776,1274.140857
6072.05,1466.168686,1275.259072,1282.263229,1274.363249
6073.05,1466.453727,1275.482838,1282.487495,1274.580403
6074.05,1466.679519,1275.685196,1282.704606,1274.781444
6075.05,1467.00895,1275.919723,1282.928311,1275.025647
6076.05,1467.242268,1276.13326,1283.14265,1275.232761
6077.05,1467.489079,1276.345155,1283.354392,1275.438751
6078.05,1467.737715,1276.562514,1283.570061,1275.645987
6079.05,1467.978558,1276.780204,1283.784362,1275.855662
6080.05,1468.283185,1277.005843,1284.015645,1276.08529
6081.05,1468.478415,1277.201863,1284.20802,1276.264904
6082.05,1468.707538,1277.397917,1284.405668,1276.456651
6083.05,1468.977405,1277.61648,1284.608192,1276.680613
6084.05,1469.219641,1277.82691,1284.823022,1276.882264
6085.05,1469.454871,1278.043758,1285.033039,1277.078286
6086.05,1469.68731,1278.241963,1285.23433,1277.287758
6087.05,1469.915631,1278.44644,1285.441334,1277.489883
6088.05,1470.127352,1278.641151,1285.637907,1277.676211
6089.05,1470.402583,1278.870751,1285.860416,1277.893608
6090.05,1470.565005,1279.051248,1286.027715,1278.084559
6091.05,1470.865968,1279.277982,1286.267166,1278.322405
6092.05,1471.119946,1279.506072,1286.482202,1278.531018
6093.05,1471.384226,1279.728047,1286.700495,1278.750351
6094.05,1471.717656,1279.955683,1286.946084,1278.982329
6095.05,1471.974251,1280.182288,1287.162492,1279.197886
6096.05,1472.246917,1280.398545,1287.363865,1279.410378
6097.05,1472.494414,1280.596459,1287.577143,1279.623538
6098.05,1472.772682,1280.809844,1287.803542,1279.835646
6099.05,1472.986044,1281.003557,1288.000061,1280.038818
6100.05,1473.181938,1281.195852,1288.185309,1280.231103
6101.05,1473.460219,1281.418574,1288.4141,1280.448454
6102.05,1473.666334,1281.609258,1288.598552,1280.636372
6103.05,1473.83121,1281.800981,1288.787294,1280.815304
6104.05,1474.09787,1282.018555,1289.017828,1281.047256
6105.05,1474.315561,1282.224049,1289.21465,1281.255151
6106.05,1474.592278,1282.448956,1289.42729,1281.472344
6107.05,1474.807601,1282.660691,1289.635779,1281.682934
6108.05,1474.991494,1282.857365,1289.838381,1281.884504
6109.05,1475.242132,1283.065297,1290.045035,1282.096451
6110.05,1475.478922,1283.263076,1290.252015,1282.300498
6111.05,1475.67182,1283.457682,1290.438608,1282.481096
6112.05,1475.887625,1283.647501,1290.639017,1282.687226
6113.05,1476.174571,1283.867989,1290.870803,1282.911262
6114.05,1476.428138,1284.083786,1291.075127,1283.118862
6115.05,1476.704762,1284.309128,1291.301134,1283.336914
6116.05,1476.940572,1284.528113,1291.510831,1283.532035
6117.05,1477.099182,1284.698912,1291.684406,1283.715392
6118.05,1477.311403,1284.891563,1291.885002,1283.922763
6119.05,1477.524373,1285.079216,1292.087636,1284.125118
6120.05,1477.78094,1285.299685,1292.307275,1284.339802
6121.05,1478.026205,1285.510384,1292.516564,1284.553098
6122.05,1478.213153,1285.698475,1292.704731,1284.738574
6123.05,1478.446644,1285.89443,1292.908264,1284.949117
6124.05,1478.674114,1286.102124,1293.124077,1285.155913
6125.05,1478.8929,1286.313726,1293.326247,1285.37171
6126.05,1479.099361,1286.520096,1293.5132,1285.552215
6127.05,1479.361383,1286.727327,1293.733202,1285.765046
6128.05,1479.541169,1286.920524,1293.924667,1285.958578
6129.05,1479.771554,1287.123555,1294.1321,1286.168924
6130.05,1480.033291,1287.342421,1294.342427,1286.374098
6131.05,1480.271558,1287.560711,1294.549783,1286.570059
6132.05,1480.489074,1287.758075,1294.745906,1286.771303
6133.05,1480.738079,1287.974565,1294.970691,1286.98604
6134.05,1480.994672,1288.187943,1295.182104,1287.207767
6135.05,1481.250862,1288.39807,1295.407119,1287.43266
6136.05,1481.557897,1288.624499,1295.632917,1287.653943
6137.05,1481.854076,1288.855275,1295.857088,1287.876314
6138.05,1482.041086,1289.03637,1296.049658,1288.055508
6139.05,1482.301578,1289.240626,1296.261119,1288.260636
6140.05,1482.535424,1289.450736,1296.481733,1288.472883
6141.05,1482.835228,1289.681648,1296.721574,1288.706756
6142.05,1483.102104,1289.909694,1296.939884,1288.916863
6143.05,1483.302116,1290.10571,1297.132723,1289.096897
6144.05,1483.515017,1290.305158,1297.333092,1289.29065
6145.05,1483.748251,1290.514626,1297.541635,1289.490162
6146.05,1483.885482,1290.689769,1297.713416,1289.652209
6147.05,1484.091393,1290.8949,1297.915606,1289.853597
6148.05,1484.344242,1291.108687,1298.132671,1290.06861
6149.05,1484.615796,1291.328357,1298.359936,1290.292436
6150.05,1484.900874,1291.554297,1298.592635,1290.529084
6151.05,1485.156303,1291.760103,1298.815284,1290.749656
6152.05,1485.354953,1291.969923,1299.008416,1290.952343
6153.05,1485.614511,1292.18039,1299.216792,1291.17229
6154.05,1485.84625,1292.383309,1299.433311,1291.374771
6155.05,1486.044987,1292.570509,1299.628257,1291.5747
6156.05,1486.30997,1292.787067,1299.843609,1291.808787
6157.05,1486.556581,1292.992297,1300.063047,1292.039689
6158.05,1486.818524,1293.222586,1300.272781,1292.245812
6159.05,1487.060142,1293.437992,1300.490292,1292.446456
6160.05,1487.331056,1293.65016,1300.708314,1292.669717
6161.05,1487.537911,1293.843371,1300.908752,1292.859438
6162.05,1487.807902,1294.067949,1301.133472,1293.085887
6163.05,1488.096572,1294.284307,1301.359517,1293.308363
6164.05,1488.286343,1294.47793,1301.552169,1293.493709
6165.05,1488.545608,1294.69587,1301.765273,1293.704415
6166.05,1488.78978,1294.899487,1301.973659,1293.92523
6167.05,1489.017645,1295.102027,1302.183966,1294.131517
6168.05,1489.222034,1295.309329,1302.38879,1294.328627
6169.05,1489.468071,1295.512585,1302.60231,1294.536631
6170.05,1489.724551,1295.732632,1302.808109,1294.760473
6171.05,1489.898818,1295.901612,1302.999436,1294.949066
6172.05,1490.19636,1296.128121,1303.227218,1295.181559
6173.05,1490.518721,1296.361187,1303.47712,1295.417283
6174.05,1490.771223,1296.569232,1303.685037,1295.625461
6175.05,1490.992152,1296.767971,1303.894225,1295.828799
6176.05,1491.205797,1296.965164,1304.092358,1296.017351
6177.05,1491.434347,1297.168112,1304.294734,1296.222568
6178.05,1491.588008,1297.344466,1304.461696,1296.392848
6179.05,1491.828314,1297.55727,1304.681742,1296.600582
6180.05,1492.071997,1297.772672,1304.888418,1296.798385
6181.05,1492.297334,1297.976907,1305.083078,1297.001277
6182.05,1492.545107,1298.193587,1305.302657,1297.22001
6183.05,1492.713644,1298.384682,1305.497721,1297.40523
6184.05,1492.953012,1298.602165,1305.707839,1297.606274
6185.05,1493.122219,1298.8004,1305.898437,1297.803251
6186.05,1493.324643,1298.994185,1306.089778,1298.00594
6187.05,1493.573365,1299.212412,1306.298581,1298.219377
6188.05,1493.816224,1299.426707,1306.51108,1298.427119
6189.05,1494.041023,1299.640888,1306.717972,1298.620568
6190.05,1494.254325,1299.840445,1306.922903,1298.821354
6191.05,1494.559432,1300.070305,1307.15451,1299.053335
6192.05,1494.752233,1300.251347,1307.341292,1299.254489
6193.05,1495.00124,1300.470143,1307.538579,1299.469364
6194.05,1495.282734,1300.694114,1307.76115,1299.69722
6195.05,1495.535065,1300.903307,1307.98036,1299.916358
6196.05,1495.759393,1301.111495,1308.202337,1300.127939
6197.05,1495.975506,1301.329191,1308.407963,1300.327644
6198.05,1496.253783,1301.537691,1308.638894,1300.545254
6199.05,1496.462261,1301.740351,1308.835851,1300.736717
6200.05,1496.710043,1301.946774,1309.043041,1300.932328
6201.05,1496.936917,1302.15312,1309.243888,1301.13978
6202.05,1497.163988,1302.358564,1309.454846,1301.341564
6203.05,1497.442543,1302.575112,1309.67981,1301.565667
6204.05,1497.715833,1302.79714,1309.896218,1301.782376
6205.05,1497.998389,1303.013804,1310.115533,1302.001678
6206.05,1498.243285,1303.218833,1310.333404,1302.20615
6207.05,1498.499722,1303.437747,1310.542234,1302.436964
6208.05,1498.731724,1303.644278,1310.746588,1302.637441
6209.05,1499.010568,1303.856838,1310.972698,1302.855529
6210.05,1499.194482,1304.046344,1311.156804,1303.052547
6211.05,1499.463468,1304.268495,1311.389129,1303.278554
6212.05,1499.680152,1304.468282,1311.597938,1303.466838
6213.05,1499.925493,1304.683214,1311.807576,1303.666282
6214.05,1500.126492,1304.870683,1312.007603,1303.868559
6215.05,1500.34819,1305.067065,1312.228042,1304.082117
6216.05,1500.578332,1305.266674,1312.431558,1304.295294
6217.05,1500.77554,1305.464293,1312.635246,1304.478477
6218.05,1500.918103,1305.642995,1312.813831,1304.663861
6219.05,1501.193848,1305.856413,1313.035319,1304.876112
6220.05,1501.456045,1306.079951,1313.260722,1305.086688
6221.05,1501.720157,1306.296358,1313.469382,1305.289132
6222.05,1501.955887,1306.503676,1313.686663,1305.4916
6223.05,1502.192781,1306.703606,1313.906818,1305.698516
6224.05,1502.428209,1306.901727,1314.102557,1305.900696
6225.05,1502.685884,1307.118637,1314.310244,1306.11842
6226.05,1502.947686,1307.337946,1314.530581,1306.342992
6227.05,1503.175159,1307.547611,1314.748764,1306.549472
6228.05,1503.369629,1307.739114,1314.944683,1306.741699
6229.05,1503.651157,1307.975287,1315.15605,1306.960022
6230.05,1503.847227,1308.170947,1315.343321,1307.150883
6231.05,1504.052284,1308.37495,1315.543171,1307.342894
6232.05,1504.339054,1308.603231,1315.755523,1307.558464
6233.05,1504.539151,1308.794875,1315.956263,1307.762191
6234.05,1504.801247,1309.010546,1316.178055,1307.969757
6235.05,1505.052572,1309.224366,1316.388808,1308.172902
6236.05,1505.285058,1309.428612,1316.579183,1308.376954
6237.05,1505.477951,1309.631943,1316.788738,1308.575672
6238.05,1505.733005,1309.841279,1317.003536,1308.780578
6239.05,1505.920443,1310.036245,1317.202019,1308.960483
6240.05,1506.141065,1310.246829,1317.415081,1309.150806
6241.05,1506.357213,1310.455412,1317.632494,1309.346455
6242.05,1506.592044,1310.677057,1317.842587,1309.552592
6243.05,1506.84294,1310.882952,1318.063359,1309.762111
6244.05,1507.101662,1311.097172,1318.269232,1309.974275
6245.05,1507.300765,1311.280232,1318.461246,1310.174539
6246.05,1507.50771,1311.477998,1318.647417,1310.365065
6247.05,1507.787245,1311.704528,1318.869314,1310.586652
6248.05,1508.014075,1311.92268,1319.065889,1310.789374
6249.05,1508.292215,1312.145086,1319.295717,1311.007422
6250.05,1508.463484,1312.344008,1319.495725,1311.199232
6251.05,1508.724115,1312.549405,1319.712795,1311.401871
6252.05,1508.991721,1312.776169,1319.941774,1311.628433
6253.05,1509.240331,1312.991007,1320.156133,1311.840647
6254.05,1509.428535,1313.191503,1320.354537,1312.036998
6255.05,1509.648302,1313.391047,1320.569443,1312.243169
6256.05,1509.872453,1313.590919,1320.780049,1312.450253
6257.05,1510.090586,1313.791937,1320.981631,1312.646859
6258.05,1510.299927,1314.000741,1321.177321,1312.852453
6259.05,1510.523885,1314.20235,1321.373445,1313.058817
6260.05,1510.738223,1314.415188,1321.573358,1313.256849
6261.05,1510.950434,1314.609151,1321.780213,1313.4543
6262.05,1511.19887,1314.817017,1321.997113,1313.657497
6263.05,1511.426639,1315.026778,1322.202459,1313.856016
6264.05,1511.697966,1315.253383,1322.425614,1314.058127
6265.05,1511.922827,1315.460884,1322.639861,1314.264596
6266.05,1512.214612,1315.687413,1322.863381,1314.491296
6267.05,1512.358179,1315.875334,1323.031554,1314.669181
6268.05,1512.662118,1316.104137,1323.263118,1314.892223
6269.05,1512.920855,1316.314188,1323.476329,1315.113906
6270.05,1513.165766,1316.526058,1323.682546,1315.342723
6271.05,1513.413352,1316.732529,1323.890083,1315.541368
6272.05,1513.658679,1316.947344,1324.10321,1315.748894
6273.05,1513.887667,1317.161356,1324.303558,1315.950786
6274.05,1514.234977,1317.400982,1324.545197,1316.187777
6275.05,1514.517644,1317.617318,1324.774409,1316.415043
6276.05,1514.764152,1317.834084,1324.986448,1316.627841
6277.05,1515.020394,1318.067656,1325.210943,1316.848407
6278.05,1515.296089,1318.282433,1325.439391,1317.073224
6279.05,1515.514884,1318.489425,1325.633302,1317.28178
6280.05,1515.747035,1318.692512,1325.842247,1317.489577
6281.05,1515.9772,1318.893771,1326.050814,1317.684911
6282.05,1516.234125,1319.109851,1326.252173,1317.894735
6283.05,1516.509533,1319.322082,1326.483756,1318.114068
6284.05,1516.74171,1319.527409,1326.684863,1318.332664
6285.05,1516.942157,1319.71815,1326.872096,1318.516313
6286.05,1517.22451,1319.943681,1327.094836,1318.739483
6287.05,1517.467546,1320.150563,1327.30728,1318.944291
6288.05,1517.675109,1320.344506,1327.506611,1319.142529
6289.05,1517.929114,1320.550777,1327.73276,1319.359498
6290.05,1518.160551,1320.753992,1327.944437,1319.557896
6291.05,1518.417252,1320.967232,1328.157111,1319.770936
6292.05,1518.644666,1321.186173,1328.361908,1319.981234
6293.05,1518.937816,1321.40718,1328.592376,1320.214739
6294.05,1519.200344,1321.623086,1328.819435,1320.418515
6295.05,1519.420865,1321.817809,1329.01467,1320.617132
6296.05,1519.589149,1322.006934,1329.183533,1320.79968
6297.05,1519.815824,1322.203482,1329.37877,1320.988762
6298.05,1520.016176,1322.404611,1329.564665,1321.188095
6299.05,1520.301252,1322.614931,1329.779876,1321.400312
6300.05,1520.543719,1322.836643,1329.982354,1321.60476
6301.05,1520.786825,1323.054092,1330.191706,1321.815518
6302.05,1520.985642,1323.240016,1330.395562,1322.016334
6303.05,1521.220541,1323.437657,1330.597694,1322.228249
6304.05,1521.437859,1323.638525,1330.801651,1322.437956
6305.05,1521.636618,1323.836396,1330.994787,1322.629282
6306.05,1521.915865,1324.050625,1331.204644,1322.862727
6307.05,1522.151661,1324.264799,1331.410691,1323.068164
6308.05,1522.424506,1324.481271,1331.630818,1323.291079
6309.05,1522.599745,1324.678025,1331.817749,1323.480783
6310.05,1522.873386,1324.903741,1332.038635,1323.703374
6311.05,1523.194863,1325.146643,1332.288704,1323.940711
6312.05,1523.396893,1325.348099,1332.49168,1324.136396
6313.05,1523.670375,1325.570459,1332.712848,1324.362131
6314.05,1523.955777,1325.801377,1332.941646,1324.588391
6315.05,1524.194168,1325.99083,1333.14903,1324.800332
6316.05,1524.459202,1326.217751,1333.362141,1325.020285
6317.05,1524.727569,1326.440056,1333.588378,1325.243814
6318.05,1524.956787,1326.647595,1333.801492,1325.447795
6319.05,1525.154053,1326.834999,1333.988702,1325.645341
6320.05,1525.322204,1327.031435,1334.171386,1325.841576
6321.05,1525.608196,1327.260867,1334.389758,1326.060593
6322.05,1525.829918,1327.467737,1334.596542,1326.261779
6323.05,1525.977952,1327.647591,1334.78061,1326.438235
6324.05,1526.24554,1327.874808,1335.007208,1326.663825
6325.05,1526.462951,1328.079393,1335.207886,1326.86846
6326.05,1526.707731,1328.291926,1335.421402,1327.076769
6327.05,1526.915132,1328.484118,1335.617698,1327.269728
6328.05,1527.11475,1328.684953,1335.824998,1327.476961
6329.05,1527.315777,1328.873143,1336.02073,1327.667539
6330.05,1527.549942,1329.072873,1336.2354,1327.87544
6331.05,1527.7676,1329.265837,1336.427233,1328.071501
6332.05,1527.96562,1329.460823,1336.627313,1328.263436
6333.05,1528.1827,1329.666616,1336.83658,1328.468881
6334.05,1528.426176,1329.877153,1337.041087,1328.673044
6335.05,1528.57837,1330.053602,1337.227592,1328.85573
6336.05,1528.871769,1330.280139,1337.453375,1329.076439
6337.05,1529.104745,1330.476246,1337.675895,1329.287293
6338.05,1529.302454,1330.668622,1337.880199,1329.476113
6339.05,1529.642917,1330.909185,1338.112762,1329.716002
6340.05,1529.824464,1331.100087,1338.300524,1329.913223
6341.05,1530.005609,1331.28723,1338.492047,1330.105102
6342.05,1530.273744,1331.516239,1338.719157,1330.318525
6343.05,1530.489991,1331.727976,1338.921433,1330.521893
6344.05,1530.774373,1331.95309,1339.166951,1330.745111
6345.05,1531.099597,1332.200562,1339.416688,1330.985407
6346.05,1531.333135,1332.415222,1339.623946,1331.193469
6347.05,1531.643193,1332.643344,1339.850197,1331.413367
6348.05,1531.851518,1332.830299,1340.058007,1331.605043
6349.05,1532.038546,1333.03133,1340.253226,1331.802018
6350.05,1532.230081,1333.224072,1340.44036,1331.997804
6351.05,1532.496081,1333.447076,1340.665604,1332.223118
6352.05,1532.780532,1333.676104,1340.906398,1332.456562
6353.05,1532.98266,1333.875505,1341.09616,1332.655239
6354.05,1533.267533,1334.085302,1341.330638,1332.87761
6355.05,1533.570334,1334.321408,1341.567147,1333.112812
6356.05,1533.806819,1334.518188,1341.76659,1333.322645
6357.05,1534.029838,1334.72754,1341.96012,1333.533874
6358.05,1534.243198,1334.934117,1342.159801,1333.736507
6359.05,1534.50879,1335.152579,1342.370855,1333.940273
6360.05,1534.76587,1335.362371,1342.591581,1334.16463
6361.05,1535.057533,1335.59061,1342.812725,1334.380702
6362.05,1535.286364,1335.792369,1343.01223,1334.594847
6363.05,1535.55941,1336.008337,1343.243265,1334.811115
6364.05,1535.87357,1336.234726,1343.469206,1335.039574
6365.05,1536.130611,1336.453413,1343.681742,1335.262466
6366.05,1536.284207,1336.645532,1343.863724,1335.440332
6367.05,1536.469431,1336.839151,1344.071657,1335.641346
6368.05,1536.702139,1337.039907,1344.27934,1335.837233
6369.05,1536.996356,1337.267915,1344.51821,1336.060637
6370.05,1537.186441,1337.46839,1344.712887,1336.256935
6371.05,1537.412773,1337.672089,1344.929541,1336.465852
6372.05,1537.633311,1337.881844,1345.124459,1336.68626
6373.05,1537.896297,1338.092985,1345.336889,1336.888116
6374.05,1538.146624,1338.299717,1345.560924,1337.100333
6375.05,1538.376588,1338.503166,1345.762256,1337.306236
6376.05,1538.566703,1338.687513,1345.961453,1337.507766
6377.05,1538.788147,1338.89451,1346.181389,1337.707777
6378.05,1539.09062,1339.127754,1346.412631,1337.923937
6379.05,1539.351853,1339.332604,1346.616666,1338.125035
6380.05,1539.583888,1339.540961,1346.827443,1338.337636
6381.05,1539.817985,1339.7615,1347.040591,1338.542638
6382.05,1540.033783,1339.965408,1347.237352,1338.740488
6383.05,1540.289075,1340.190727,1347.462688,1338.963729
6384.05,1540.546976,1340.411525,1347.679719,1339.188271
6385.05,1540.840339,1340.637123,1347.912967,1339.417254
6386.05,1541.120055,1340.868152,1348.133956,1339.645999
6387.05,1541.409595,1341.090736,1348.365877,1339.863912
6388.05,1541.639785,1341.293311,1348.574796,1340.068277
6389.05,1541.887384,1341.501309,1348.785491,1340.287703
6390.05,1542.161987,1341.732955,1349.011246,1340.510566
6391.05,1542.457595,1341.956228,1349.251898,1340.735701
6392.05,1542.687951,1342.166971,1349.456292,1340.938906
6393.05,1542.954748,1342.397295,1349.683147,1341.145719
6394.05,1543.271279,1342.634909,1349.921233,1341.386355
6395.05,1543.470201,1342.833739,1350.129137,1341.59104
6396.05,1543.766138,1343.059922,1350.35326,1341.841237
6397.05,1544.004826,1343.273851,1350.563152,1342.054955
6398.05,1544.3227,1343.506,1350.800749,1342.293125
6399.05,1544.520011,1343.700788,1350.994073,1342.473853
6400.05,1544.778019,1343.918639,1351.215005,1342.679183
6401.05,1544.97151,1344.117411,1351.413427,1342.873763
6402.05,1545.201906,1344.322445,1351.619024,1343.078903
6403.05,1545.37735,1344.507969,1351.80879,1343.270681
6404.05,1545.616024,1344.706718,1351.998593,1343.47535
6405.05,1545.886165,1344.920559,1352.217252,1343.688373
6406.05,1546.198417,1345.135357,1352.442608,1343.914425
6407.05,1546.483946,1345.359034,1352.685327,1344.152451
6408.05,1546.793417,1345.587975,1352.924882,1344.380238
6409.05,1547.070572,1345.822022,1353.141667,1344.601854
6410.05,1547.314325,1346.024627,1353.346031,1344.80077
6411.05,1547.520703,1346.23032,1353.534303,1344.997739
6412.05,1547.756018,1346.441605,1353.740727,1345.20193
6413.05,1547.912895,1346.615708,1353.921209,1345.380162
6414.05,1548.142634,1346.809957,1354.127702,1345.587012
6415.05,1548.404483,1347.018112,1354.353975,1345.806032
6416.05,1548.63189,1347.221479,1354.568383,1346.010019
6417.05,1548.897187,1347.442728,1354.783141,1346.217457
6418.05,1549.107632,1347.628828,1354.977489,1346.405459
6419.05,1549.339469,1347.836818,1355.18876,1346.619824
6420.05,1549.496761,1348.015368,1355.36669,1346.801466
6421.05,1549.679576,1348.20551,1355.566632,1346.990852
6422.05,1549.945233,1348.429568,1355.785998,1347.21085
6423.05,1550.199228,1348.638734,1356.013889,1347.431714
6424.05,1550.417366,1348.845681,1356.216842,1347.634501
6425.05,1550.726034,1349.078888,1356.445722,1347.859
6426.05,1550.998774,1349.291122,1356.669092,1348.078894
6427.05,1551.258051,1349.514357,1356.891261,1348.288855
6428.05,1551.45657,1349.703777,1357.090305,1348.491182
6429.05,1551.765093,1349.932551,1357.332628,1348.718153
6430.05,1551.974037,1350.141462,1357.53878,1348.932048
6431.05,1552.259992,1350.370906,1357.77285,1349.153717
6432.05,1552.505751,1350.589458,1357.977571,1349.369841
6433.05,1552.782981,1350.814491,1358.192589,1349.59063
6434.05,1553.000691,1351.024532,1358.396233,1349.807036
6435.05,1553.239954,1351.251324,1358.611982,1350.021447
6436.05,1553.450153,1351.441512,1358.814242,1350.224135
6437.05,1553.660288,1351.644714,1359.020785,1350.429319
6438.05,1553.939901,1351.861622,1359.253925,1350.640579
6439.05,1554.233239,1352.092757,1359.479549,1350.862921
6440.05,1554.477463,1352.299661,1359.701837,1351.081491
6441.05,1554.691535,1352.5006,1359.903467,1351.291666
6442.05,1554.976939,1352.7211,1360.120267,1351.517478
6443.05,1555.245659,1352.946657,1360.344464,1351.743404
6444.05,1555.467442,1353.151941,1360.539969,1351.951496
6445.05,1555.728896,1353.356367,1360.757951,1352.154117
6446.05,1555.952741,1353.555799,1360.959369,1352.374144
6447.05,1556.186305,1353.772354,1361.164392,1352.583054
6448.05,1556.35895,1353.962051,1361.360842,1352.77517
6449.05,1556.642845,1354.179501,1361.575489,1352.99976
6450.05,1556.789921,1354.363661,1361.759137,1353.173498
6451.05,1557.034496,1354.57799,1361.976279,1353.393199
6452.05,1557.278235,1354.772662,1362.189317,1353.593125
6453.05,1557.553654,1354.984446,1362.411231,1353.805059
6454.05,1557.790746,1355.175597,1362.611902,1353.985107
6455.05,1557.956146,1355.351201,1362.808157,1354.181388
6456.05,1558.185255,1355.558872,1363.014089,1354.38772
6457.05,1558.438422,1355.767894,1363.232567,1354.595754
6458.05,1558.663282,1355.964198,1363.442239,1354.79199
6459.05,1558.895956,1356.172377,1363.649046,1355.001082
6460.05,1559.100114,1356.36484,1363.847905,1355.201607
6461.05,1559.421647,1356.591646,1364.08933,1355.435161
6462.05,1559.715746,1356.827818,1364.317247,1355.664227
6463.05,1559.903346,1357.01483,1364.519489,1355.856773
6464.05,1560.21965,1357.257988,1364.751944,1356.102303
6465.05,1560.520754,1357.491031,1364.983707,1356.334016
6466.05,1560.774017,1357.701173,1365.187298,1356.546944
6467.05,1560.994759,1357.90621,1365.388033,1356.749633
6468.05,1561.22441,1358.109624,1365.594357,1356.964314
6469.05,1561.429239,1358.30148,1365.80248,1357.161811
6470.05,1561.695719,1358.509429,1366.021703,1357.374743
6471.05,1561.955224,1358.724882,1366.244872,1357.595667
6472.05,1562.161872,1358.926336,1366.439825,1357.795533
6473.05,1562.430798,1359.151728,1366.665595,1358.010597
6474.05,1562.672545,1359.351926,1366.879872,1358.213871
6475.05,1562.892433,1359.54375,1367.086745,1358.415793
6476.05,1563.179631,1359.766707,1367.315332,1358.64116
6477.05,1563.433884,1359.977674,1367.51573,1358.860999
6478.05,1563.73021,1360.2021,1367.747588,1359.087977
6479.05,1563.946099,1360.399911,1367.947642,1359.290956
6480.05,1564.217503,1360.614281,1368.172479,1359.51699
6481.05,1564.420499,1360.813941,1368.367722,1359.709184
6482.05,1564.643517,1361.011566,1368.577433,1359.922591
6483.05,1564.868752,1361.220018,1368.779275,1360.117065
6484.05,1565.068347,1361.418907,1368.976134,1360.322245
6485.05,1565.280719,1361.621712,1369.186715,1360.519843
6486.05,1565.531122,1361.82572,1369.405729,1360.722839
6487.05,1565.805268,1362.037569,1369.630831,1360.930078
6488.05,1566.057584,1362.245386,1369.833646,1361.139899
6489.05,1566.287568,1362.454358,1370.039757,1361.335936
6490.05,1566.530888,1362.669693,1370.258934,1361.552635
6491.05,1566.754993,1362.88011,1370.468858,1361.749816
6492.05,1566.926134,1363.071935,1370.66114,1361.940892
6493.05,1567.197226,1363.289488,1370.88678,1362.159604
6494.05,1567.478914,1363.505443,1371.122645,1362.38055
6495.05,1567.700625,1363.705037,1371.326971,1362.585179
6496.05,1567.91867,1363.911586,1371.526738,1362.786175
6497.05,1568.166849,1364.123716,1371.745113,1362.98904
6498.05,1568.453372,1364.339615,1371.98427,1363.219973
6499.05,1568.643548,1364.533895,1372.180837,1363.420716
6500.05,1568.885823,1364.744459,1372.388959,1363.626351
6501.05,1569.131053,1364.952344,1372.600074,1363.842983
6502.05,1569.379108,1365.16253,1372.81674,1364.061981
6503.05,1569.648754,1365.382405,1373.022594,1364.278272
6504.05,1569.897044,1365.600435,1373.238715,1364.483713
6505.05,1570.032968,1365.775424,1373.416735,1364.663593
6506.05,1570.347364,1366.004474,1373.651058,1364.89664
6507.05,1570.575396,1366.211796,1373.860698,1365.113576
6508.05,1570.834062,1366.43026,1374.089252,1365.32611
6509.05,1571.072175,1366.63348,1374.290534,1365.531404
6510.05,1571.364047,1366.861083,1374.511498,1365.759739
6511.05,1571.601456,1367.063033,1374.7237,1365.954825
6512.05,1571.839736,1367.288589,1374.947212,1366.16647
6513.05,1572.114647,1367.504448,1375.175376,1366.389456
6514.05,1572.405374,1367.736505,1375.401463,1366.608908
6515.05,1572.646565,1367.948947,1375.620176,1366.820027
6516.05,1572.928688,1368.165753,1375.842208,1367.050862
6517.05,1573.189852,1368.384589,1376.063681,1367.263827
6518.05,1573.483621,1368.615255,1376.290452,1367.485904
6519.05,1573.702486,1368.822158,1376.497437,1367.690462
6520.05,1574.009125,1369.053267,1376.729743,1367.906406
6521.05,1574.199609,1369.249627,1376.927508,1368.089459
6522.05,1574.469805,1369.469201,1377.135319,1368.307387
6523.05,1574.716881,1369.682748,1377.351911,1368.51776
6524.05,1574.92609,1369.886951,1377.552531,1368.723895
6525.05,1575.115913,1370.08308,1377.750569,1368.921424
6526.05,1575.324142,1370.284885,1377.948439,1369.12099
6527.05,1575.63789,1370.519343,1378.182556,1369.360035
6528.05,1575.880079,1370.728191,1378.396352,1369.562214
6529.05,1576.183103,1370.971873,1378.619726,1369.792807
6530.05,1576.390916,1371.168656,1378.816028,1369.988891
6531.05,1576.611431,1371.367112,1379.012772,1370.186596
6532.05,1576.878797,1371.582371,1379.222093,1370.400219
6533.05,1577.237744,1371.832736,1379.479739,1370.647529
6534.05,1577.527477,1372.057671,1379.702378,1370.878534
6535.05,1577.77837,1372.282339,1379.919357,1371.095704
6536.05,1578.048833,1372.504026,1380.133571,1371.3084
6537.05,1578.263178,1372.685959,1380.338244,1371.511645
6538.05,1578.512602,1372.894682,1380.547088,1371.719919
6539.05,1578.771453,1373.108909,1380.76348,1371.949833
6540.05,1579.081089,1373.342298,1380.98942,1372.170897
6541.05,1579.305545,1373.543763,1381.190044,1372.376342
6542.05,1579.580665,1373.768474,1381.412763,1372.609823
6543.05,1579.774127,1373.970523,1381.606932,1372.816242
6544.05,1580.037575,1374.186403,1381.832347,1373.033254
6545.05,1580.239582,1374.395464,1382.040432,1373.227703
6546.05,1580.501659,1374.610812,1382.257288,1373.442599
6547.05,1580.785469,1374.844383,1382.484905,1373.666936
6548.05,1580.955742,1375.039342,1382.675545,1373.85574
6549.05,1581.190913,1375.254377,1382.889361,1374.062698
6550.05,1581.403705,1375.44438,1383.083578,1374.247655
6551.05,1581.615625,1375.646688,1383.286965,1374.451857
6552.05,1581.83903,1375.841559,1383.494657,1374.653184
6553.05,1582.097937,1376.072701,1383.712738,1374.878384
6554.05,1582.371713,1376.287917,1383.92931,1375.103919
6555.05,1582.640619,1376.511263,1384.15797,1375.31262
6556.05,1582.903745,1376.71829,1384.365365,1375.533085
6557.05,1583.215143,1376.949781,1384.598847,1375.753995
6558.05,1583.516323,1377.178248,1384.844772,1375.988466
6559.05,1583.746859,1377.386454,1385.049765,1376.196174
6560.05,1583.980417,1377.600219,1385.265506,1376.403356
6561.05,1584.235824,1377.822565,1385.480009,1376.617277
6562.05,1584.505707,1378.034522,1385.70735,1376.831315
6563.05,1584.726654,1378.236111,1385.914639,1377.030774
6564.05,1584.950872,1378.438836,1386.117853,1377.238364
6565.05,1585.210681,1378.649655,1386.335317,1377.453917
6566.05,1585.50381,1378.87931,1386.563482,1377.679084
6567.05,1585.68962,1379.067977,1386.762743,1377.869922
6568.05,1585.931566,1379.278021,1386.971885,1378.094843
6569.05,1586.186751,1379.502712,1387.193126,1378.315423
6570.05,1586.342251,1379.676112,1387.371215,1378.49632
6571.05,1586.650796,1379.899617,1387.6005,1378.730539
6572.05,1586.892884,1380.113713,1387.815563,1378.936701
6573.05,1587.142873,1380.335178,1388.038494,1379.145026
6574.05,1587.358959,1380.541886,1388.246308,1379.351284
6575.05,1587.603164,1380.75572,1388.458373,1379.558028
6576.05,1587.840331,1380.959661,1388.671751,1379.766482
6577.05,1588.076091,1381.171624,1388.887055,1379.977767
6578.05,1588.308512,1381.380288,1389.104209,1380.195605
6579.05,1588.591352,1381.603007,1389.326032,1380.41119
6580.05,1588.827937,1381.809149,1389.533647,1380.620935
6581.05,1589.082254,1382.015621,1389.749756,1380.835485
6582.05,1589.326434,1382.226876,1389.965233,1381.049991
6583.05,1589.514289,1382.411576,1390.163374,1381.242493
6584.05,1589.759122,1382.626224,1390.371658,1381.463903
6585.05,1589.975653,1382.819465,1390.577463,1381.660782
6586.05,1590.167968,1383.014728,1390.769911,1381.855828
6587.05,1590.461333,1383.235898,1391.000903,1382.091854
6588.05,1590.742972,1383.464368,1391.227274,1382.310514
6589.05,1590.961843,1383.668336,1391.44417,1382.520036
6590.05,1591.138639,1383.851907,1391.633775,1382.705149
6591.05,1591.391364,1384.059687,1391.851656,1382.927452
6592.05,1591.634432,1384.269479,1392.068518,1383.128611
6593.05,1591.844656,1384.474476,1392.265521,1383.320337
6594.05,1592.050905,1384.680975,1392.473148,1383.523806
6595.05,1592.313098,1384.890743,1392.68364,1383.747699
6596.05,1592.557018,1385.091548,1392.894625,1383.952649
6597.05,1592.781184,1385.297568,1393.096234,1384.153708
6598.05,1592.999922,1385.504351,1393.297833,1384.373875
6599.05,1593.223699,1385.706982,1393.500962,1384.573946
6600.05,1593.443339,1385.911867,1393.697889,1384.786707
6601.05,1593.697693,1386.134971,1393.916294,1384.99207
6602.05,1593.976319,1386.351063,1394.132093,1385.221611
6603.05,1594.17978,1386.550889,1394.330617,1385.417855
6604.05,1594.385728,1386.746038,1394.519603,1385.617758
6605.05,1594.69636,1386.975353,1394.750503,1385.842083
6606.05,1594.950646,1387.186097,1394.970342,1386.067746
6607.05,1595.16918,1387.389423,1395.182389,1386.257268
6608.05,1595.454297,1387.622793,1395.403103,1386.475718
6609.05,1595.704198,1387.834855,1395.612754,1386.691936
6610.05,1595.981039,1388.061494,1395.839151,1386.92122
6611.05,1596.206631,1388.258214,1396.041311,1387.124696
6612.05,1596.500881,1388.47711,1396.268235,1387.346688
6613.05,1596.750398,1388.684512,1396.485375,1387.562185
6614.05,1596.965965,1388.879108,1396.685834,1387.761236
6615.05,1597.228605,1389.102253,1396.895446,1387.982135
6616.05,1597.467667,1389.312194,1397.103277,1388.170876
6617.05,1597.682083,1389.519684,1397.309909,1388.369124
6618.05,1597.965087,1389.746296,1397.538186,1388.592393
6619.05,1598.208535,1389.954751,1397.743628,1388.808893
6620.05,1598.497548,1390.184222,1397.968171,1389.020556
6621.05,1598.809939,1390.428015,1398.197966,1389.250227
6622.05,1599.08147,1390.64601,1398.418343,1389.468482
6623.05,1599.349311,1390.854607,1398.62978,1389.671683
6624.05,1599.541709,1391.051216,1398.829499,1389.869059
6625.05,1599.889143,1391.291482,1399.072087,1390.112366
6626.05,1600.138742,1391.502394,1399.285071,1390.333047
6627.05,1600.347191,1391.700558,1399.476861,1390.527499
6628.05,1600.515432,1391.887866,1399.664471,1390.721173
6629.05,1600.775999,1392.103283,1399.873964,1390.917142
6630.05,1600.998984,1392.30915,1400.076363,1391.129754
6631.05,1601.234123,1392.512558,1400.287161,1391.332615
6632.05,1601.482248,1392.724372,1400.499107,1391.555674
6633.05,1601.656949,1392.923483,1400.697819,1391.755495
6634.05,1601.906739,1393.145118,1400.910743,1391.9719
6635.05,1602.145117,1393.355196,1401.125218,1392.171171
6636.05,1602.426337,1393.582192,1401.358242,1392.393099
6637.05,1602.684575,1393.797744,1401.576351,1392.61685
6638.05,1602.884204,1394.00313,1401.777957,1392.828669
6639.05,1603.056002,1394.18258,1401.960287,1393.018728
6640.05,1603.300656,1394.386959,1402.172211,1393.228951
6641.05,1603.612212,1394.618226,1402.406427,1393.479391
6642.05,1603.867624,1394.843286,1402.620967,1393.69784
6643.05,1604.114339,1395.053055,1402.823692,1393.912084
6644.05,1604.3567,1395.263049,1403.024648,1394.120808
6645.05,1604.556702,1395.465586,1403.221018,1394.325237
6646.05,1604.749558,1395.669832,1403.428087,1394.520854
6647.05,1605.030658,1395.894039,1403.65005,1394.749697
6648.05,1605.242808,1396.092863,1403.844661,1394.939523
6649.05,1605.554529,1396.31774,1404.070274,1395.165504
6650.05,1605.722898,1396.505689,1404.264581,1395.356168
6651.05,1605.962746,1396.709901,1404.489688,1395.581315
6652.05,1606.215049,1396.93745,1404.70007,1395.793748
6653.05,1606.489362,1397.161365,1404.920649,1396.017653
6654.05,1606.6995,1397.367565,1405.128624,1396.202273
6655.05,1606.888738,1397.551402,1405.324519,1396.399436
6656.05,1607.192454,1397.781898,1405.560902,1396.626073
6657.05,1607.416192,1397.974558,1405.761296,1396.824764
6658.05,1607.688826,1398.19698,1405.983682,1397.054763
6659.05,1607.942629,1398.411052,1406.199299,1397.273587
6660.05,1608.120045,1398.596513,1406.39848,1397.46902
6661.05,1608.383251,1398.809084,1406.61078,1397.685532
6662.05,1608.612476,1399.015551,1406.816664,1397.906358
6663.05,1608.806711,1399.212481,1406.998831,1398.098677
6664.05,1609.070069,1399.429424,1407.222553,1398.312309
6665.05,1609.292194,1399.628241,1407.431024,1398.504447
6666.05,1609.513323,1399.835787,1407.64104,1398.710992
6667.05,1609.754439,1400.061683,1407.864528,1398.925651
6668.05,1610.015605,1400.267795,1408.088385,1399.132063
6669.05,1610.213501,1400.464337,1408.285033,1399.32096
6670.05,1610.491412,1400.677759,1408.5058,1399.531458
6671.05,1610.730223,1400.890321,1408.710328,1399.735705
6672.05,1610.947444,1401.087018,1408.920469,1399.946869
6673.05,1611.180216,1401.306482,1409.124346,1400.151986
6674.05,1611.373268,1401.494712,1409.315904,1400.3457
6675.05,1611.595286,1401.707978,1409.525547,1400.560537
6676.05,1611.829784,1401.910781,1409.733591,1400.767203
6677.05,1612.060339,1402.119601,1409.957405,1400.978627
6678.05,1612.233536,1402.309792,1410.151112,1401.155221
6679.05,1612.519311,1402.536549,1410.380445,1401.380005
6680.05,1612.75545,1402.749441,1410.578461,1401.583928
6681.05,1612.993685,1402.955392,1410.780141,1401.786843
6682.05,1613.19892,1403.164412,1410.983698,1401.978842
6683.05,1613.447219,1403.366575,1411.198585,1402.175631
6684.05,1613.657839,1403.57305,1411.390356,1402.378518
6685.05,1613.872643,1403.764902,1411.593276,1402.571725
6686.05,1614.137569,1403.980331,1411.821079,1402.793198
6687.05,1614.2987,1404.166879,1412.015966,1402.977166
6688.05,1614.544347,1404.370092,1412.232169,1403.186638
6689.05,1614.756903,1404.573944,1412.431611,1403.388532
6690.05,1615.035601,1404.782811,1412.653407,1403.611318
6691.05,1615.236822,1404.975047,1412.856283,1403.808521
6692.05,1615.477684,1405.195118,1413.061612,1404.016191
6693.05,1615.695682,1405.402627,1413.272225,1404.214248
6694.05,1615.964802,1405.626951,1413.488733,1404.433841
6695.05,1616.17774,1405.827255,1413.681651,1404.636315
6696.05,1616.432498,1406.044803,1413.902619,1404.856601
6697.05,1616.666337,1406.252111,1414.121459,1405.064081
6698.05,1616.891367,1406.467568,1414.317249,1405.272564
6699.05,1617.164816,1406.684148,1414.529271,1405.480791
6700.05,1617.432544,1406.899207,1414.747732,1405.689647
6701.05,1617.747687,1407.126602,1414.981263,1405.922837
6702.05,1617.971042,1407.3274,1415.17928,1406.128796
6703.05,1618.276365,1407.565031,1415.406222,1406.350159
6704.05,1618.511907,1407.777336,1415.605281,1406.554263
6705.05,1618.792008,1407.998828,1415.842367,1406.790648
6706.05,1619.036697,1408.204911,1416.043709,1406.998145
6707.05,1619.243938,1408.405393,1416.234577,1407.195443
6708.05,1619.459256,1408.599055,1416.436127,1407.398334
6709.05,1619.701752,1408.80905,1416.655516,1407.607306
6710.05,1619.88753,1409.008153,1416.84999,1407.80407
6711.05,1620.104369,1409.204286,1417.050009,1408.001269
6712.05,1620.325845,1409.407464,1417.256313,1408.197987
6713.05,1620.519167,1409.595047,1417.450774,1408.39301
6714.05,1620.718079,1409.790833,1417.65564,1408.595707
6715.05,1620.969043,1409.993737,1417.873068,1408.789359
6716.05,1621.292637,1410.218219,1418.11447,1409.014552
6717.05,1621.558114,1410.436823,1418.341716,1409.225869
6718.05,1621.800101,1410.649317,1418.540726,1409.428883
6719.05,1622.045796,1410.855227,1418.750157,1409.629154
6720.05,1622.221156,1411.049793,1418.945377,1409.814795
6721.05,1622.449161,1411.253724,1419.150203,1410.021863
6722.05,1622.635439,1411.443899,1419.350888,1410.21697
6723.05,1622.883405,1411.664217,1419.573146,1410.425397
6724.05,1623.124762,1411.881033,1419.776044,1410.640049
6725.05,1623.325105,1412.089083,1419.967919,1410.841244
6726.05,1623.54065,1412.286326,1420.168829,1411.061898
6727.05,1623.766764,1412.497196,1420.386182,1411.27516
6728.05,1623.954102,1412.680898,1420.582613,1411.473499
6729.05,1624.152803,1412.876596,1420.769903,1411.674744
6730.05,1624.413883,1413.106492,1420.991371,1411.89182
6731.05,1624.650849,1413.316883,1421.208005,1412.104256
6732.05,1624.831465,1413.500444,1421.39998,1412.303857
6733.05,1625.101711,1413.720343,1421.621907,1412.519868
6734.05,1625.36939,1413.938806,1421.843297,1412.735805
6735.05,1625.59075,1414.150659,1422.04958,1412.936774
6736.05,1625.851076,1414.371746,1422.274458,1413.150762
6737.05,1626.13855,1414.590926,1422.493127,1413.372531
6738.05,1626.424722,1414.811317,1422.718804,1413.592142
6739.05,1626.597941,1415.007989,1422.916148,1413.788162
6740.05,1626.894186,1415.227575,1423.133514,1414.024056
6741.05,1627.144026,1415.440966,1423.346765,1414.233805
6742.05,1627.3396,1415.652418,1423.546163,1414.439785
6743.05,1627.53586,1415.848518,1423.745712,1414.636699
6744.05,1627.719138,1416.040921,1423.938753,1414.833918
6745.05,1627.964104,1416.258803,1424.151519,1415.051676
6746.05,1628.194628,1416.471984,1424.342872,1415.258075
6747.05,1628.449236,1416.693268,1424.557308,1415.469215
6748.05,1628.715049,1416.910069,1424.780241,1415.693881
6749.05,1628.892147,1417.099757,1424.972798,1415.886392
6750.05,1629.103272,1417.30866,1425.177673,1416.084595
6751.05,1629.274651,1417.487586,1425.362163,1416.264081
6752.05,1629.548113,1417.706784,1425.581384,1416.479841
6753.05,1629.817146,1417.926401,1425.794723,1416.702628
6754.05,1629.982065,1418.116071,1425.979729,1416.888056
6755.05,1630.291939,1418.34181,1426.219794,1417.12602
6756.05,1630.561771,1418.549759,1426.432722,1417.333926
6757.05,1630.834965,1418.783738,1426.660775,1417.559898
6758.05,1631.002613,1418.9695,1426.840873,1417.750269
6759.05,1631.274357,1419.175184,1427.068231,1417.973954
6760.05,1631.531361,1419.382402,1427.2851,1418.189725
6761.05,1631.770276,1419.58208,1427.497569,1418.397864
6762.05,1632.029252,1419.803935,1427.709767,1418.616627
6763.05,1632.311729,1420.03219,1427.932198,1418.835702
6764.05,1632.566615,1420.249359,1428.138485,1419.05094
6765.05,1632.785251,1420.4648,1428.337048,1419.254031
6766.05,1633.09773,1420.690444,1428.577136,1419.487023
6767.05,1633.384455,1420.902698,1428.800344,1419.710845
6768.05,1633.593562,1421.095363,1429.000228,1419.915591
6769.05,1633.851161,1421.301404,1429.211033,1420.130383
6770.05,1634.099675,1421.524487,1429.43055,1420.341606
6771.05,1634.275205,1421.711016,1429.615637,1420.539148
6772.05,1634.480205,1421.90107,1429.806882,1420.733615
6773.05,1634.74393,1422.119554,1430.017573,1420.946632
6774.05,1635.00887,1422.336222,1430.243638,1421.156845
6775.05,1635.170133,1422.510747,1430.414775,1421.328858
6776.05,1635.420554,1422.709571,1430.624428,1421.519332
6777.05,1635.693963,1422.92325,1430.841607,1421.738205
6778.05,1635.969805,1423.145544,1431.068856,1421.96588
6779.05,1636.206682,1423.353801,1431.267572,1422.168941
6780.05,1636.425976,1423.564492,1431.474194,1422.372379
6781.05,1636.62838,1423.758396,1431.661471,1422.576769
6782.05,1636.867499,1423.955766,1431.873846,1422.788581
6783.05,1637.162217,1424.178448,1432.090758,1423.008207
6784.05,1637.431444,1424.391739,1432.312518,1423.227294
6785.05,1637.646072,1424.577197,1432.500376,1423.426963
6786.05,1637.862387,1424.784791,1432.70474,1423.640674
6787.05,1638.148448,1425.019857,1432.940917,1423.866584
6788.05,1638.376725,1425.224645,1433.133366,1424.05575
6789.05,1638.640169,1425.433164,1433.342612,1424.274326
6790.05,1638.934256,1425.657791,1433.567102,1424.492026
6791.05,1639.165204,1425.864352,1433.768943,1424.706884
6792.05,1639.377327,1426.064904,1433.981611,1424.915059
6793.05,1639.525772,1426.242325,1434.156995,1425.104343
6794.05,1639.746032,1426.451259,1434.362962,1425.30172
6795.05,1639.9938,1426.655564,1434.572264,1425.518022
6796.05,1640.272984,1426.884872,1434.790672,1425.747549
6797.05,1640.495893,1427.08206,1434.975197,1425.955196
6798.05,1640.687427,1427.280158,1435.166572,1426.148318
6799.05,1640.903832,1427.478896,1435.356182,1426.347358
6800.05,1641.167945,1427.695452,1435.582689,1426.573833
6801.05,1641.447476,1427.907671,1435.800292,1426.796179
6802.05,1641.713938,1428.13041,1436.020361,1427.017778
6803.05,1641.93619,1428.33154,1436.222885,1427.220931
6804.05,1642.133696,1428.534702,1436.415191,1427.425248
6805.05,1642.445395,1428.775285,1436.656236,1427.656728
6806.05,1642.690452,1428.984278,1436.865341,1427.857575
6807.05,1643.005568,1429.215873,1437.107343,1428.100056
6808.05,1643.291252,1429.443207,1437.31138,1428.305738
6809.05,1643.569583,1429.662415,1437.53565,1428.526338
6810.05,1643.858832,1429.904052,1437.754004,1428.753469
6811.05,1644.085092,1430.121283,1437.969693,1428.96867
6812.05,1644.351577,1430.343616,1438.190066,1429.199219
6813.05,1644.564902,1430.548604,1438.402984,1429.40674
6814.05,1644.773529,1430.74153,1438.607398,1429.602256
6815.05,1645.004293,1430.945933,1438.812956,1429.807272
6816.05,1645.151913,1431.119878,1438.998803,1429.992389
6817.05,1645.424437,1431.335239,1439.206121,1430.20162
6818.05,1645.674727,1431.532261,1439.417926,1430.420183
6819.05,1645.929163,1431.761444,1439.633634,1430.626105
6820.05,1646.18393,1431.971137,1439.837299,1430.84054
6821.05,1646.381306,1432.157261,1440.027373,1431.038224
6822.05,1646.564202,1432.351293,1440.218089,1431.231862
6823.05,1646.764281,1432.553221,1440.40692,1431.422951
6824.05,1646.960058,1432.741054,1440.606886,1431.608553
6825.05,1647.193733,1432.946145,1440.81295,1431.813919
6826.05,1647.460308,1433.167388,1441.042183,1432.020441
6827.05,1647.668783,1433.360185,1441.239186,1432.219096
6828.05,1647.879619,1433.554786,1441.437334,1432.412401
6829.05,1648.086082,1433.747789,1441.628955,1432.599695
6830.05,1648.348669,1433.964555,1441.833617,1432.815187
6831.05,1648.487227,1434.153941,1442.013231,1432.994057
6832.05,1648.769237,1434.383333,1442.229469,1433.207854
6833.05,1649.082075,1434.611485,1442.467701,1433.449134
6834.05,1649.302576,1434.820629,1442.673029,1433.653876
6835.05,1649.553452,1435.037126,1442.876386,1433.853212
6836.05,1649.859406,1435.269656,1443.104348,1434.088818
6837.05,1650.056884,1435.459069,1443.310017,1434.292251
6838.05,1650.321126,1435.663658,1443.534671,1434.500435
6839.05,1650.586938,1435.880363,1443.741494,1434.708735
6840.05,1650.841585,1436.094396,1443.951572,1434.927929
6841.05,1651.127237,1436.321287,1444.17451,1435.151598
6842.05,1651.324968,1436.517025,1444.368528,1435.346356
6843.05,1651.526987,1436.709032,1444.575627,1435.549453
6844.05,1651.77889,1436.923372,1444.778611,1435.752967
6845.05,1651.95075,1437.110208,1444.953444,1435.921777
6846.05,1652.145076,1437.305797,1445.152695,1436.107688
6847.05,1652.299845,1437.498761,1445.332626,1436.288517
6848.05,1652.53462,1437.710951,1445.538549,1436.498723
6849.05,1652.754814,1437.917913,1445.747794,1436.706794
6850.05,1653.013493,1438.150781,1445.968305,1436.925571
6851.05,1653.238012,1438.36029,1446.181002,1437.134315
6852.05,1653.483035,1438.57317,1446.383546,1437.344405
6853.05,1653.795515,1438.817549,1446.616515,1437.583494
6854.05,1654.049162,1439.020596,1446.820802,1437.793739
6855.05,1654.185133,1439.189062,1447.005931,1437.969082
6856.05,1654.416104,1439.403665,1447.211314,1438.179822
6857.05,1654.603594,1439.597714,1447.40885,1438.365377
6858.05,1654.831714,1439.801468,1447.622055,1438.557088
6859.05,1655.038941,1440.000924,1447.836898,1438.766102
6860.05,1655.279557,1440.21571,1448.045524,1438.992298
6861.05,1655.536416,1440.427173,1448.243328,1439.206659
6862.05,1655.794279,1440.642262,1448.446886,1439.420083
6863.05,1655.956139,1440.813835,1448.64251,1439.596616
6864.05,1656.224833,1441.031738,1448.864404,1439.81561
6865.05,1656.502588,1441.250809,1449.089436,1440.034207
6866.05,1656.736852,1441.459331,1449.302414,1440.253821
6867.05,1657.036934,1441.692252,1449.528515,1440.477523
6868.05,1657.24208,1441.89671,1449.73368,1440.679753
6869.05,1657.431803,1442.090281,1449.920463,1440.861792
6870.05,1657.685438,1442.300265,1450.144307,1441.075796
6871.05,1657.919323,1442.50989,1450.366466,1441.293828
6872.05,1658.17856,1442.732995,1450.582207,1441.522012
6873.05,1658.383252,1442.929935,1450.767356,1441.722142
6874.05,1658.659841,1443.152298,1450.980125,1441.938272
6875.05,1658.914818,1443.368746,1451.209767,1442.152516
6876.05,1659.172708,1443.575366,1451.419199,1442.3585
6877.05,1659.405756,1443.783657,1451.621672,1442.574333
6878.05,1659.710191,1444.017678,1451.85149,1442.792458
6879.05,1659.967659,1444.228968,1452.068259,1443.005486
6880.05,1660.11177,1444.406114,1452.253451,1443.189229
6881.05,1660.393988,1444.63499,1452.465181,1443.414849
6882.05,1660.594693,1444.828908,1452.656717,1443.601613
6883.05,1660.829445,1445.039263,1452.870447,1443.804034
6884.05,1661.029454,1445.241658,1453.060926,1443.998159
6885.05,1661.276472,1445.465951,1453.273941,1444.199076
6886.05,1661.497188,1445.675279,1453.474997,1444.414271
6887.05,1661.760688,1445.881631,1453.690699,1444.623071
6888.05,1661.934267,1446.065502,1453.877863,1444.807129
6889.05,1662.214829,1446.276711,1454.104231,1445.029128
6890.05,1662.479048,1446.486524,1454.330476,1445.249275
6891.05,1662.736637,1446.696964,1454.542867,1445.462787
6892.05,1663.027823,1446.912515,1454.786551,1445.688449
6893.05,1663.321458,1447.134319,1455.019321,1445.921227
6894.05,1663.58925,1447.356184,1455.2555,1446.144021
6895.05,1663.840322,1447.570425,1455.469285,1446.362602
6896.05,1664.075979,1447.782572,1455.679652,1446.56714
6897.05,1664.328929,1447.992815,1455.888347,1446.772862
6898.05,1664.565062,1448.199216,1456.094984,1446.971587
6899.05,1664.871344,1448.421214,1456.317451,1447.198795
6900.05,1665.028672,1448.599202,1456.509778,1447.378111
6901.05,1665.262299,1448.801424,1456.715596,1447.592979
6902.05,1665.511168,1449.006402,1456.918023,1447.804768
6903.05,1665.728059,1449.208225,1457.121809,1447.999969
6904.05,1665.965715,1449.412106,1457.336796,1448.207526
6905.05,1666.238354,1449.613667,1457.550426,1448.426058
6906.05,1666.464522,1449.813815,1457.761077,1448.625737
6907.05,1666.693215,1450.025663,1457.948062,1448.83313
6908.05,1666.927155,1450.229427,1458.154259,1449.034109
6909.05,1667.202106,1450.445207,1458.375489,1449.256243
6910.05,1667.501525,1450.668729,1458.60821,1449.480409
6911.05,1667.727549,1450.876234,1458.819228,1449.678644
6912.05,1667.967159,1451.091733,1459.038153,1449.881198
6913.05,1668.22104,1451.30022,1459.254058,1450.094903
6914.05,1668.463359,1451.508429,1459.476058,1450.314552
6915.05,1668.756387,1451.739071,1459.721121,1450.541389
6916.05,1668.982426,1451.954555,1459.921181,1450.742034
6917.05,1669.24402,1452.179873,1460.135501,1450.956985
6918.05,1669.579634,1452.425223,1460.371878,1451.207336
6919.05,1669.826181,1452.642783,1460.586921,1451.415543
6920.05,1670.028341,1452.843617,1460.785751,1451.633094
6921.05,1670.249087,1453.043462,1460.98901,1451.833716
6922.05,1670.524866,1453.257585,1461.201016,1452.050558
6923.05,1670.758734,1453.46402,1461.414513,1452.24885
6924.05,1671.019235,1453.683785,1461.633216,1452.456787
6925.05,1671.20943,1453.873044,1461.814883,1452.655697
6926.05,1671.4203,1454.059745,1462.003749,1452.849343
6927.05,1671.759625,1454.296994,1462.240713,1453.095959
6928.05,1672.055591,1454.526194,1462.470274,1453.311749
6929.05,1672.263168,1454.731273,1462.676584,1453.521408
6930.05,1672.497528,1454.941324,1462.891436,1453.726824
6931.05,1672.833804,1455.182355,1463.139277,1453.967377
6932.05,1673.107131,1455.397937,1463.353918,1454.181278
6933.05,1673.321724,1455.593057,1463.555157,1454.380269
6934.05,1673.613086,1455.818891,1463.787681,1454.609393
6935.05,1673.94585,1456.059309,1464.018658,1454.846184
6936.05,1674.161878,1456.273866,1464.224602,1455.046217
6937.05,1674.357783,1456.46756,1464.421598,1455.245554
6938.05,1674.626122,1456.685541,1464.631535,1455.462991
6939.05,1674.789521,1456.864014,1464.810905,1455.641836
6940.05,1675.062696,1457.088228,1465.04567,1455.864251
6941.05,1675.279037,1457.291154,1465.245255,1456.06355
6942.05,1675.520846,1457.503384,1465.459933,1456.267099
6943.05,1675.732158,1457.711573,1465.667879,1456.474571
6944.05,1675.968695,1457.920841,1465.883188,1456.678608
6945.05,1676.189209,1458.127491,1466.090209,1456.8762
6946.05,1676.305927,1458.286211,1466.264825,1457.048755
6947.05,1676.500135,1458.487779,1466.460386,1457.25133
6948.05,1676.737615,1458.708512,1466.678687,1457.452335
6949.05,1676.938682,1458.909461,1466.87626,1457.651609
6950.05,1677.211824,1459.121658,1467.089477,1457.875671
6951.05,1677.471444,1459.332103,1467.310238,1458.083348
6952.05,1677.701398,1459.538802,1467.521611,1458.285665
6953.05,1677.93356,1459.749945,1467.725581,1458.493611
6954.05,1678.179396,1459.958932,1467.930132,1458.697519
6955.05,1678.466176,1460.177431,1468.155482,1458.915708
6956.05,1678.706961,1460.391799,1468.365381,1459.133466
6957.05,1678.955359,1460.604621,1468.574717,1459.332591
6958.05,1679.207913,1460.828574,1468.783958,1459.538268
6959.05,1679.443201,1461.041026,1468.99596,1459.750945
6960.05,1679.639511,1461.229343,1469.188907,1459.944063
6961.05,1679.889699,1461.45167,1469.410077,1460.159381
6962.05,1680.115741,1461.65901,1469.620437,1460.364891
6963.05,1680.306716,1461.849646,1469.810814,1460.551476
6964.05,1680.511531,1462.044771,1470.016055,1460.748416
6965.05,1680.728201,1462.247105,1470.21631,1460.958388
6966.05,1680.968348,1462.463225,1470.433799,1461.174763
6967.05,1681.159888,1462.667561,1470.632489,1461.370096
6968.05,1681.394021,1462.868844,1470.835162,1461.572026
6969.05,1681.670755,1463.101475,1471.065004,1461.792649
6970.05,1681.839425,1463.285993,1471.25587,1461.981824
6971.05,1682.071109,1463.495282,1471.46087,1462.190954
6972.05,1682.295947,1463.706036,1471.669478,1462.400635
6973.05,1682.494018,1463.903622,1471.860848,1462.592529
6974.05,1682.660347,1464.086927,1472.04753,1462.763168
6975.05,1682.901629,1464.303807,1472.252044,1462.987078
6976.05,1683.109441,1464.506953,1472.451142,1463.191771
6977.05,1683.32113,1464.697811,1472.64698,1463.388246
6978.05,1683.563414,1464.909387,1472.865958,1463.593955
6979.05,1683.793419,1465.116747,1473.088498,1463.802159
6980.05,1684.026571,1465.311873,1473.286207,1463.995669
6981.05,1684.260367,1465.517111,1473.480915,1464.18374
6982.05,1684.523617,1465.736007,1473.696543,1464.406447
6983.05,1684.757845,1465.940957,1473.901376,1464.607834
6984.05,1685.00948,1466.144473,1474.124086,1464.811321
6985.05,1685.288639,1466.36173,1474.345088,1465.026559
6986.05,1685.556954,1466.576268,1474.557867,1465.254172
6987.05,1685.801439,1466.78869,1474.771451,1465.478639
6988.05,1686.151491,1467.028378,1475.016004,1465.715476
6989.05,1686.428292,1467.24516,1475.249928,1465.925476
6990.05,1686.614354,1467.441598,1475.436887,1466.12485
6991.05,1686.838127,1467.649679,1475.643607,1466.33025
6992.05,1687.120908,1467.863165,1475.873129,1466.541191
6993.05,1687.340113,1468.07422,1476.078602,1466.746329
6994.05,1687.477075,1468.247608,1476.261833,1466.911919
6995.05,1687.700709,1468.429664,1476.458681,1467.106895
6996.05,1688.0311,1468.67336,1476.690394,1467.354129
6997.05,1688.230138,1468.87061,1476.884147,1467.547804
6998.05,1688.528653,1469.107097,1477.121504,1467.77836
6999.05,1688.72019,1469.298032,1477.327426,1467.987562
7000.05,1689.028086,1469.526592,1477.554423,1468.230426
7001.05,1689.255085,1469.724116,1477.765829,1468.442039
7002.05,1689.534401,1469.96333,1477.994053,1468.669631
7003.05,1689.695156,1470.150449,1478.185682,1468.865502
7004.05,1689.952865,1470.370607,1478.400586,1469.092901
7005.05,1690.244594,1470.583326,1478.625096,1469.308998
7006.05,1690.474164,1470.782531,1478.818531,1469.517042
7007.05,1690.734149,1471.000732,1479.045568,1469.726809
7008.05,1690.972941,1471.214399,1479.26084,1469.930413
7009.05,1691.209019,1471.418479,1479.47332,1470.135174
7010.05,1691.450544,1471.621159,1479.678554,1470.345186
7011.05,1691.708633,1471.83307,1479.897684,1470.561653
7012.05,1691.936099,1472.047885,1480.085478,1470.758627
7013.05,1692.222401,1472.275589,1480.313536,1470.972136
7014.05,1692.411325,1472.480786,1480.520806,1471.170036
7015.05,1692.654239,1472.688871,1480.722466,1471.386682
7016.05,1692.810604,1472.866555,1480.920008,1471.564489
7017.05,1693.038434,1473.078031,1481.125628,1471.766527
7018.05,1693.228045,1473.27189,1481.318397,1471.959922
7019.05,1693.470899,1473.492301,1481.528904,1472.167044
7020.05,1693.749481,1473.707768,1481.738478,1472.388701
7021.05,1693.954157,1473.911511,1481.933624,1472.594984
7022.05,1694.175966,1474.109871,1482.138762,1472.799901
7023.05,1694.459785,1474.320912,1482.368589,1473.030861
7024.05,1694.724535,1474.536289,1482.5923,1473.237402
7025.05,1694.943208,1474.731483,1482.793899,1473.445866
7026.05,1695.180487,1474.945134,1483.009585,1473.647506
7027.05,1695.471229,1475.172655,1483.231706,1473.871183
7028.05,1695.767551,1475.393965,1483.458228,1474.110432
7029.05,1696.025437,1475.616406,1483.664674,1474.325228
7030.05,1696.323442,1475.839394,1483.90168,1474.550385
7031.05,1696.596117,1476.067519,1484.12937,1474.764587
7032.05,1696.824712,1476.281933,1484.327877,1474.979902
7033.05,1697.065052,1476.510168,1484.541361,1475.191456
7034.05,1697.359365,1476.738621,1484.776248,1475.411548
7035.05,1697.584067,1476.939488,1484.994941,1475.607673
7036.05,1697.77727,1477.136419,1485.190705,1475.801301
7037.05,1698.029934,1477.343814,1485.412634,1476.010569
7038.05,1698.250866,1477.545571,1485.622324,1476.20238
7039.05,1698.482785,1477.754158,1485.82304,1476.407113
7040.05,1698.699516,1477.951196,1486.030283,1476.611062
7041.05,1698.867243,1478.134703,1486.221456,1476.796098
7042.05,1699.079626,1478.340692,1486.422703,1477.005115
7043.05,1699.290022,1478.539594,1486.613298,1477.221802
7044.05,1699.541372,1478.753556,1486.829218,1477.436382
7045.05,1699.724925,1478.941292,1487.012621,1477.639351
7046.05,1699.904032,1479.130933,1487.207707,1477.837376
7047.05,1700.150125,1479.348321,1487.422348,1478.046377
7048.05,1700.392692,1479.553174,1487.629507,1478.263216
7049.05,1700.664982,1479.769601,1487.842194,1478.474005
7050.05,1700.912851,1479.983047,1488.039272,1478.671688
7051.05,1701.206134,1480.213719,1488.278016,1478.895119
7052.05,1701.487737,1480.433835,1488.494895,1479.111341
7053.05,1701.75904,1480.6582,1488.713314,1479.325769
7054.05,1702.000095,1480.857089,1488.93433,1479.530177
7055.05,1702.29446,1481.083559,1489.152775,1479.752325
7056.05,1702.501931,1481.276729,1489.345209,1479.958184
7057.05,1702.753932,1481.498204,1489.552658,1480.175033
7058.05,1703.023813,1481.719479,1489.765985,1480.393479
7059.05,1703.271288,1481.938089,1489.977519,1480.612577
7060.05,1703.490214,1482.148241,1490.181643,1480.818247
7061.05,1703.795543,1482.38154,1490.406049,1481.044425
7062.05,1704.073098,1482.602838,1490.6249,1481.272818
7063.05,1704.314933,1482.820259,1490.843644,1481.492975
7064.05,1704.599925,1483.043947,1491.073085,1481.713701
7065.05,1704.885748,1483.269677,1491.301326,1481.933897
7066.05,1705.139599,1483.478263,1491.516266,1482.142
7067.05,1705.387569,1483.691847,1491.715006,1482.352914
7068.05,1705.64767,1483.922392,1491.946111,1482.560341
7069.05,1705.845777,1484.125079,1492.136239,1482.755294
7070.05,1706.087134,1484.326132,1492.354808,1482.974118
7071.05,1706.302148,1484.530746,1492.558285,1483.18122
7072.05,1706.524165,1484.741143,1492.76396,1483.387881
7073.05,1706.728436,1484.941248,1492.964193,1483.576818
7074.05,1707.062143,1485.174769,1493.205725,1483.815954
7075.05,1707.217313,1485.345509,1493.390138,1483.990506
7076.05,1707.397276,1485.543216,1493.597916,1484.17656
7077.05,1707.633866,1485.751378,1493.812525,1484.385758
7078.05,1707.85778,1485.955983,1494.001173,1484.575869
7079.05,1708.100898,1486.172158,1494.222895,1484.779603
7080.05,1708.391146,1486.395629,1494.446724,1485.014576
7081.05,1708.582993,1486.60505,1494.635309,1485.206729
7082.05,1708.851665,1486.823493,1494.846401,1485.419624
7083.05,1709.110868,1487.030404,1495.057331,1485.650638
7084.05,1709.326545,1487.23692,1495.25715,1485.844435
7085.05,1709.54986,1487.432057,1495.455073,1486.046677
7086.05,1709.816037,1487.656611,1495.664964,1486.262888
7087.05,1710.040002,1487.853469,1495.864726,1486.471962
7088.05,1710.285531,1488.080391,1496.079014,1486.675568
7089.05,1710.566956,1488.307213,1496.312091,1486.897493
7090.05,1710.80254,1488.510613,1496.50442,1487.104575
7091.05,1711.000701,1488.702811,1496.703052,1487.308808
7092.05,1711.211181,1488.887092,1496.902654,1487.499863
7093.05,1711.41581,1489.076737,1497.112071,1487.712143
7094.05,1711.652655,1489.28437,1497.324059,1487.913943
7095.05,1711.909844,1489.50154,1497.540311,1488.135327
7096.05,1712.161235,1489.709992,1497.75597,1488.348689
7097.05,1712.451993,1489.950297,1497.986108,1488.586609
7098.05,1712.624607,1490.139752,1498.187068,1488.78491
7099.05,1712.831048,1490.341434,1498.386099,1488.990803
7100.05,1713.09551,1490.554835,1498.592858,1489.206387
7101.05,1713.326984,1490.766761,1498.810489,1489.412295
7102.05,1713.486801,1490.950879,1498.995029,1489.607654
7103.05,1713.772316,1491.168075,1499.226335,1489.835342
7104.05,1714.06318,1491.393839,1499.459472,1490.065389
7105.05,1714.294978,1491.593471,1499.665109,1490.267441
7106.05,1714.580096,1491.837223,1499.894478,1490.501474
7107.05,1714.858218,1492.064214,1500.121757,1490.72452
7108.05,1715.123526,1492.286781,1500.33537,1490.929371
7109.05,1715.39656,1492.503396,1500.543024,1491.155689
7110.05,1715.630867,1492.704757,1500.748648,1491.361092
7111.05,1715.900511,1492.927544,1500.960594,1491.56794
7112.05,1716.104881,1493.125831,1501.15259,1491.772562
7113.05,1716.370126,1493.341959,1501.376854,1491.984841
7114.05,1716.550393,1493.521313,1501.558458,1492.17263
7115.05,1716.757972,1493.716458,1501.774121,1492.374016
7116.05,1716.955812,1493.910991,1501.975343,1492.574495
7117.05,1717.174824,1494.113422,1502.180354,1492.768242
7118.05,1717.431477,1494.336356,1502.409413,1492.979902
7119.05,1717.719386,1494.554225,1502.635401,1493.210895
7120.05,1717.941,1494.752916,1502.837164,1493.411983
7121.05,1718.228014,1494.971518,1503.055282,1493.635413
7122.05,1718.457644,1495.19435,1503.252051,1493.83988
7123.05,1718.697581,1495.399796,1503.457791,1494.033799
7124.05,1718.915183,1495.606639,1503.654354,1494.240904
7125.05,1719.156372,1495.818066,1503.859169,1494.451066
7126.05,1719.41051,1496.041371,1504.081501,1494.659443
7127.05,1719.634284,1496.249314,1504.293192,1494.863601
7128.05,1719.852146,1496.450641,1504.491589,1495.05173
7129.05,1720.155417,1496.686559,1504.730508,1495.28267
7130.05,1720.374083,1496.885874,1504.934886,1495.493496
7131.05,1720.6705,1497.106018,1505.17971,1495.716372
7132.05,1720.878338,1497.304158,1505.378068,1495.91409
7133.05,1721.122045,1497.508758,1505.595349,1496.12599
7134.05,1721.339016,1497.709652,1505.807397,1496.330607
7135.05,1721.639394,1497.930504,1506.025475,1496.561094
7136.05,1721.954412,1498.166976,1506.259869,1496.798884
7137.05,1722.210331,1498.380934,1506.466708,1497.019415
7138.05,1722.498443,1498.604401,1506.690722,1497.23099
7139.05,1722.816896,1498.848969,1506.917715,1497.46948
7140.05,1723.04486,1499.051145,1507.120069,1497.668682
7141.05,1723.266932,1499.255326,1507.322474,1497.871103
7142.05,1723.496029,1499.468097,1507.52302,1498.09233
7143.05,1723.682131,1499.662422,1507.695178,1498.283837
7144.05,1723.890356,1499.868524,1507.896548,1498.489002
7145.05,1724.154505,1500.079578,1508.103318,1498.706047
7146.05,1724.379916,1500.278277,1508.304998,1498.901374
7147.05,1724.6909,1500.509692,1508.534506,1499.138116
7148.05,1724.945973,1500.724586,1508.751487,1499.351291
7149.05,1725.152651,1500.92063,1508.948942,1499.547636
7150.05,1725.388293,1501.123794,1509.161561,1499.76961
7151.05,1725.64978,1501.33108,1509.378347,1499.981988
7152.05,1725.865006,1501.52756,1509.586983,1500.186828
7153.05,1726.108654,1501.746656,1509.796298,1500.392152
7154.05,1726.301168,1501.94616,1509.998282,1500.591075
7155.05,1726.62208,1502.178133,1510.232351,1500.836279
7156.05,1726.919851,1502.416869,1510.458008,1501.06123
7157.05,1727.170298,1502.637193,1510.677253,1501.286903
7158.05,1727.435498,1502.862655,1510.892122,1501.503139
7159.05,1727.674219,1503.06402,1511.107108,1501.70472
7160.05,1727.924785,1503.270119,1511.330269,1501.910488
7161.05,1728.111727,1503.473218,1511.513328,1502.101991
7162.05,1728.362685,1503.687699,1511.729459,1502.3136
7163.05,1728.633395,1503.906978,1511.941024,1502.529455
7164.05,1728.864937,1504.116381,1512.142919,1502.74726
7165.05,1729.141481,1504.343037,1512.378213,1502.96882
7166.05,1729.339498,1504.537687,1512.573622,1503.16587
7167.05,1729.624613,1504.764879,1512.789426,1503.386086
7168.05,1729.885785,1504.968357,1513.004549,1503.600833
7169.05,1730.151419,1505.189996,1513.226962,1503.81833
7170.05,1730.346167,1505.384413,1513.429883,1504.01988
7171.05,1730.534813,1505.566712,1513.615457,1504.204942
7172.05,1730.741107,1505.763121,1513.806494,1504.402657
7173.05,1730.957119,1505.961711,1514.00619,1504.608859
7174.05,1731.256643,1506.187268,1514.232107,1504.845214
7175.05,1731.487823,1506.392693,1514.432727,1505.044098
7176.05,1731.705058,1506.598537,1514.633362,1505.261933
7177.05,1731.945864,1506.822227,1514.84996,1505.471059
7178.05,1732.17828,1507.037766,1515.056741,1505.680148
7179.05,1732.484456,1507.253718,1515.287841,1505.904405
7180.05,1732.713454,1507.462823,1515.497622,1506.112626
7181.05,1732.985046,1507.684333,1515.718296,1506.329666
7182.05,1733.269692,1507.912308,1515.937806,1506.562662
7183.05,1733.518733,1508.127915,1516.148338,1506.778316
7184.05,1733.78487,1508.34948,1516.35981,1506.993518
7185.05,1734.086893,1508.580337,1516.587384,1507.221294
7186.05,1734.355219,1508.789702,1516.810234,1507.437222
7187.05,1734.590106,1509.006742,1517.021282,1507.640841
7188.05,1734.860142,1509.223171,1517.241593,1507.866164
7189.05,1735.067255,1509.420905,1517.437799,1508.061143
7190.05,1735.33673,1509.639054,1517.654563,1508.279605
7191.05,1735.58703,1509.862587,1517.864134,1508.495815
7192.05,1735.918354,1510.092626,1518.109213,1508.728115
7193.05,1736.106621,1510.287881,1518.292572,1508.930539
7194.05,1736.362048,1510.492189,1518.505294,1509.1438
7195.05,1736.517618,1510.683746,1518.690158,1509.338133
7196.05,1736.793732,1510.883444,1518.922118,1509.556438
7197.05,1736.954824,1511.069646,1519.092037,1509.738165
7198.05,1737.245309,1511.281917,1519.315292,1509.971091
7199.05,1737.488448,1511.487436,1519.527243,1510.178251
7200.05,1737.746188,1511.712727,1519.736262,1510.385464
7201.05,1737.999532,1511.924234,1519.948216,1510.595207
7202.05,1738.264694,1512.140513,1520.178704,1510.821596
7203.05,1738.495762,1512.348178,1520.384516,1511.031407
7204.05,1738.759525,1512.567489,1520.603108,1511.254896
7205.05,1738.964442,1512.77125,1520.803474,1511.4567
7206.05,1739.227482,1512.987012,1521.024479,1511.679567
7207.05,1739.41901,1513.178355,1521.220164,1511.871314
7208.05,1739.65302,1513.379781,1521.418426,1512.075083
7209.05,1739.915066,1513.602921,1521.644018,1512.284349
7210.05,1740.147588,1513.825501,1521.858269,1512.4891
7211.05,1740.386982,1514.038316,1522.069997,1512.703019
7212.05,1740.621962,1514.255694,1522.287437,1512.912229
7213.05,1740.873091,1514.467169,1522.501948,1513.125554
7214.05,1741.077332,1514.657816,1522.708622,1513.332467
7215.05,1741.300545,1514.858802,1522.90265,1513.535243
7216.05,1741.586375,1515.081731,1523.133786,1513.761898
7217.05,1741.771525,1515.264671,1523.322519,1513.960928
7218.05,1742.006192,1515.477624,1523.530402,1514.164208
7219.05,1742.239562,1515.683812,1523.743289,1514.366233
7220.05,1742.507559,1515.89849,1523.971962,1514.582222
7221.05,1742.707508,1516.089185,1524.161331,1514.782556
7222.05,1742.896481,1516.280806,1524.357381,1514.970946
7223.05,1743.116806,1516.496521,1524.550775,1515.165651
7224.05,1743.421011,1516.723559,1524.780487,1515.406214
7225.05,1743.742951,1516.968312,1525.015784,1515.633815
7226.05,1743.967601,1517.184852,1525.205274,1515.829377
7227.05,1744.221388,1517.386608,1525.419197,1516.048474
7228.05,1744.493193,1517.603881,1525.631499,1516.269276
7229.05,1744.69073,1517.795606,1525.827192,1516.467266
7230.05,1744.894133,1517.997556,1526.012226,1516.662818
7231.05,1745.140931,1518.210748,1526.219882,1516.880736
7232.05,1745.365338,1518.421422,1526.422777,1517.092666
7233.05,1745.568323,1518.625129,1526.619576,1517.285011
7234.05,1745.792554,1518.829338,1526.823529,1517.491528
7235.05,1746.047935,1519.034894,1527.035561,1517.708838
7236.05,1746.340097,1519.259083,1527.26495,1517.936772
7237.05,1746.545339,1519.441373,1527.460575,1518.124088
7238.05,1746.77858,1519.644971,1527.672078,1518.3326
7239.05,1747.025684,1519.861279,1527.873385,1518.538272
7240.05,1747.278464,1520.082998,1528.088541,1518.756534
7241.05,1747.518647,1520.299008,1528.311177,1518.957681
7242.05,1747.684255,1520.49123,1528.487946,1519.136753
7243.05,1747.848028,1520.683493,1528.670858,1519.314028
7244.05,1748.12814,1520.908056,1528.892953,1519.545138
7245.05,1748.323993,1521.103685,1529.080955,1519.740134
7246.05,1748.516131,1521.292169,1529.267948,1519.929093
7247.05,1748.682834,1521.479224,1529.452249,1520.107362
7248.05,1748.98871,1521.696352,1529.674758,1520.324828
7249.05,1749.163375,1521.89353,1529.864377,1520.510403
7250.05,1749.425239,1522.110064,1530.082858,1520.730768
7251.05,1749.619315,1522.304321,1530.281702,1520.929016
7252.05,1749.811039,1522.484606,1530.466921,1521.118157
7253.05,1750.055542,1522.694558,1530.679541,1521.341879
7254.05,1750.357467,1522.930871,1530.906242,1521.569001
7255.05,1750.626707,1523.159843,1531.122045,1521.778075
7256.05,1750.806604,1523.358917,1531.312928,1521.978148
7257.05,1751.092693,1523.573961,1531.5261,1522.206761
7258.05,1751.40214,1523.818419,1531.767296,1522.437575
7259.05,1751.692656,1524.052318,1531.988199,1522.668894
7260.05,1751.933022,1524.273536,1532.199075,1522.87894
7261.05,1752.108951,1524.458732,1532.38645,1523.079132
7262.05,1752.42758,1524.689473,1532.611687,1523.316439
7263.05,1752.715358,1524.902877,1532.834963,1523.546212
7264.05,1752.933899,1525.099912,1533.043899,1523.747262
7265.05,1753.16111,1525.309222,1533.243569,1523.958371
7266.05,1753.378185,1525.511947,1533.440443,1524.162995
7267.05,1753.611563,1525.716662,1533.650901,1524.377114
7268.05,1753.908688,1525.946565,1533.893686,1524.601676
7269.05,1754.133698,1526.148662,1534.111793,1524.810883
7270.05,1754.442645,1526.387202,1534.339287,1525.038771
7271.05,1754.712943,1526.605028,1534.560843,1525.259967
7272.05,1754.919554,1526.81339,1534.760166,1525.45625
7273.05,1755.161173,1527.019314,1534.961378,1525.657939
7274.05,1755.478984,1527.244464,1535.196979,1525.902022
7275.05,1755.673323,1527.449555,1535.392244,1526.102265
7276.05,1755.980221,1527.688096,1535.629537,1526.331799
7277.05,1756.241254,1527.898369,1535.842692,1526.533668
7278.05,1756.457076,1528.09035,1536.056912,1526.740197
7279.05,1756.769819,1528.317263,1536.284549,1526.96523
7280.05,1757.061485,1528.536839,1536.504861,1527.204482
7281.05,1757.286937,1528.739494,1536.712574,1527.40875
7282.05,1757.491364,1528.941033,1536.897954,1527.604946
7283.05,1757.74236,1529.15091,1537.110751,1527.818524
7284.05,1757.938011,1529.349638,1537.301053,1527.999678
7285.05,1758.149401,1529.553227,1537.508645,1528.207408
7286.05,1758.423816,1529.769028,1537.721448,1528.415205
7287.05,1758.597911,1529.9411,1537.916362,1528.587989
7288.05,1758.886714,1530.160924,1538.138533,1528.803094
7289.05,1759.143237,1530.356439,1538.33998,1529.016967
7290.05,1759.298905,1530.544946,1538.530169,1529.201979
7291.05,1759.541824,1530.749669,1538.748751,1529.405642
7292.05,1759.790793,1530.954858,1538.964264,1529.610209
7293.05,1760.023439,1531.167368,1539.16431,1529.810471
7294.05,1760.294943,1531.389672,1539.381099,1530.029773
7295.05,1760.538369,1531.602583,1539.58666,1530.236057
7296.05,1760.824606,1531.824102,1539.815761,1530.465586
7297.05,1761.122243,1532.047004,1540.047016,1530.69541
7298.05,1761.410225,1532.269356,1540.285561,1530.92403
7299.05,1761.658441,1532.477717,1540.505294,1531.154446
7300.05,1761.914998,1532.705265,1540.729305,1531.368516
7301.05,1762.178831,1532.928108,1540.950146,1531.572708
7302.05,1762.458246,1533.159044,1541.194622,1531.798927
7303.05,1762.672728,1533.360737,1541.390665,1531.996044
7304.05,1762.916588,1533.566941,1541.604396,1532.203192
7305.05,1763.174332,1533.786928,1541.81421,1532.419051
7306.05,1763.421177,1533.988956,1542.02493,1532.631539
7307.05,1763.641311,1534.190286,1542.212339,1532.84021
7308.05,1763.87232,1534.41569,1542.41903,1533.034996
7309.05,1764.121033,1534.629144,1542.630485,1533.240058
7310.05,1764.407108,1534.862495,1542.859752,1533.473256
7311.05,1764.678493,1535.086515,1543.088806,1533.690597
7312.05,1764.980759,1535.303706,1543.305398,1533.903991
7313.05,1765.225899,1535.523243,1543.535606,1534.133433
7314.05,1765.433029,1535.719641,1543.742989,1534.317706
7315.05,1765.665017,1535.918044,1543.929464,1534.507605
7316.05,1765.99735,1536.146562,1544.16102,1534.747264
7317.05,1766.29828,1536.383646,1544.397789,1534.974284
7318.05,1766.627123,1536.62086,1544.648738,1535.196515
7319.05,1766.808886,1536.819625,1544.839791,1535.391085
7320.05,1767.097971,1537.047592,1545.065305,1535.606945
7321.05,1767.301811,1537.237262,1545.270398,1535.787312
7322.05,1767.445352,1537.420858,1545.456144,1535.956886
7323.05,1767.650629,1537.627911,1545.657655,1536.162358
7324.05,1767.830676,1537.809107,1545.845302,1536.342769
7325.05,1768.105328,1538.036509,1546.071818,1536.55162
7326.05,1768.306071,1538.232778,1546.278392,1536.743817
7327.05,1768.547846,1538.440163,1546.493038,1536.954321
7328.05,1768.79409,1538.64682,1546.709877,1537.161748
7329.05,1769.085341,1538.878557,1546.932886,1537.397384
7330.05,1769.309925,1539.078436,1547.137423,1537.599132
7331.05,1769.602098,1539.307189,1547.372775,1537.830244
7332.05,1769.874162,1539.533578,1547.597057,1538.052195
7333.05,1770.092624,1539.733358,1547.792958,1538.249663
7334.05,1770.31959,1539.940579,1547.994586,1538.452341
7335.05,1770.54173,1540.137404,1548.193986,1538.658574
7336.05,1770.719668,1540.324096,1548.369747,1538.855144
7337.05,1770.966514,1540.532889,1548.59259,1539.060596
7338.05,1771.196113,1540.734084,1548.786223,1539.267476
7339.05,1771.459892,1540.955364,1549.005369,1539.481544
7340.05,1771.752187,1541.172922,1549.23863,1539.712655
7341.05,1772.005985,1541.387748,1549.436068,1539.932587
7342.05,1772.22208,1541.595973,1549.643788,1540.141652
7343.05,1772.365143,1541.784202,1549.817469,1540.321804
7344.05,1772.565699,1541.983244,1550.019354,1540.513486
7345.05,1772.744946,1542.168918,1550.205963,1540.705254
7346.05,1772.99398,1542.374951,1550.41917,1540.913746
7347.05,1773.312293,1542.61151,1550.650987,1541.14046
7348.05,1773.573649,1542.812168,1550.86526,1541.353805
7349.05,1773.832666,1543.024275,1551.085528,1541.564239
7350.05,1774.070885,1543.241788,1551.288866,1541.772134
7351.05,1774.264625,1543.433704,1551.470809,1541.967527
7352.05,1774.550814,1543.662079,1551.692284,1542.201935
7353.05,1774.80768,1543.876187,1551.90013,1542.412858
7354.05,1775.068399,1544.093393,1552.128914,1542.634359
7355.05,1775.364369,1544.319953,1552.352684,1542.872221
7356.05,1775.595664,1544.524401,1552.558021,1543.085094
7357.05,1775.815198,1544.722115,1552.755247,1543.278923
7358.05,1776.005058,1544.917934,1552.954758,1543.462756
7359.05,1776.289804,1545.148517,1553.186737,1543.688625
7360.05,1776.540729,1545.375262,1553.402817,1543.903239
7361.05,1776.77119,1545.577315,1553.6082,1544.111415
7362.05,1777.010696,1545.789673,1553.823597,1544.317124
7363.05,1777.222572,1545.985271,1554.017463,1544.499372
7364.05,1777.523348,1546.222696,1554.245722,1544.722238
7365.05,1777.779333,1546.433902,1554.453428,1544.93204
7366.05,1778.03985,1546.65324,1554.665779,1545.151642
7367.05,1778.282633,1546.853615,1554.872889,1545.359646
7368.05,1778.484396,1547.0392,1555.076396,1545.558926
7369.05,1778.686045,1547.2441,1555.276675,1545.759884
7370.05,1778.908676,1547.451409,1555.487171,1545.972088
7371.05,1779.123427,1547.656798,1555.677935,1546.167453
7372.05,1779.399344,1547.87257,1555.905085,1546.395991
7373.05,1779.696922,1548.097292,1556.139152,1546.61642
7374.05,1779.87999,1548.300724,1556.344155,1546.813713
7375.05,1780.145901,1548.515423,1556.564812,1547.027302
7376.05,1780.43016,1548.723106,1556.796201,1547.246147
7377.05,1780.739981,1548.958554,1557.040132,1547.47638
7378.05,1781.039582,1549.193655,1557.277013,1547.72148
7379.05,1781.188641,1549.37266,1557.456809,1547.907095
7380.05,1781.419563,1549.572256,1557.665826,1548.108476
7381.05,1781.576838,1549.767613,1557.848797,1548.300211
7382.05,1781.756754,1549.957852,1558.039901,1548.497776
7383.05,1781.956668,1550.17444,1558.250231,1548.703566
7384.05,1782.124124,1550.369442,1558.444287,1548.904444
7385.05,1782.394762,1550.583499,1558.660838,1549.120593
7386.05,1782.621935,1550.794937,1558.865987,1549.330991
7387.05,1782.837076,1550.991417,1559.065306,1549.532572
7388.05,1783.149124,1551.221054,1559.305724,1549.758524
7389.05,1783.483739,1551.46537,1559.551298,1549.989044
7390.05,1783.689889,1551.662634,1559.758867,1550.184742
7391.05,1783.916493,1551.871876,1559.957028,1550.384412
7392.05,1784.097452,1552.076458,1560.155272,1550.572218
7393.05,1784.366184,1552.304565,1560.365761,1550.787914
7394.05,1784.694188,1552.54363,1560.592304,1551.028066
7395.05,1784.949903,1552.752814,1560.805291,1551.236568
7396.05,1785.215992,1552.964669,1561.015729,1551.44475
7397.05,1785.436195,1553.161414,1561.217104,1551.643096
7398.05,1785.66739,1553.361974,1561.425773,1551.850264
7399.05,1785.886678,1553.562049,1561.626789,1552.063517
7400.05,1786.068205,1553.763675,1561.816981,1552.243166
7401.05,1786.309618,1553.981183,1562.029255,1552.453222
7402.05,1786.58878,1554.202463,1562.255417,1552.679543
7403.05,1786.834625,1554.415894,1562.469372,1552.902237
7404.05,1787.139719,1554.650189,1562.707638,1553.137113
7405.05,1787.389759,1554.860539,1562.922609,1553.347435
7406.05,1787.639316,1555.084012,1563.134604,1553.572585
7407.05,1787.967411,1555.322188,1563.376866,1553.809625
7408.05,1788.262162,1555.555692,1563.613136,1554.047618
7409.05,1788.507744,1555.778421,1563.824004,1554.258196
7410.05,1788.683497,1555.977835,1564.013417,1554.456328
7411.05,1788.932261,1556.189979,1564.229408,1554.676494
7412.05,1789.214163,1556.415622,1564.448482,1554.903737
7413.05,1789.45485,1556.621874,1564.664666,1555.116533
7414.05,1789.604641,1556.813248,1564.855506,1555.293424
7415.05,1789.902076,1557.034156,1565.077986,1555.525893
7416.05,1790.105712,1557.228141,1565.283075,1555.705177
7417.05,1790.376418,1557.439288,1565.501027,1555.912491
7418.05,1790.652907,1557.657354,1565.722437,1556.131116
7419.05,1790.826111,1557.837251,1565.898464,1556.327659
7420.05,1791.04428,1558.037495,1566.09984,1556.522277
7421.05,1791.273596,1558.242052,1566.305948,1556.724689
7422.05,1791.547344,1558.464813,1566.530669,1556.945785
7423.05,1791.794219,1558.681705,1566.746697,1557.163385
7424.05,1791.945332,1558.869331,1566.921533,1557.351352
7425.05,1792.261013,1559.103171,1567.156152,1557.581699
7426.05,1792.48626,1559.303263,1567.367692,1557.784097
7427.05,1792.732352,1559.523719,1567.569609,1557.997402
7428.05,1792.935803,1559.722751,1567.778748,1558.195179
7429.05,1793.254669,1559.954394,1568.016779,1558.428697
7430.05,1793.42954,1560.147263,1568.196779,1558.609251
7431.05,1793.725455,1560.371396,1568.433234,1558.843123
7432.05,1793.935773,1560.564619,1568.636715,1559.041703
7433.05,1794.202409,1560.78166,1568.860434,1559.255941
7434.05,1794.469764,1560.995354,1569.084251,1559.475604
7435.05,1794.760506,1561.228785,1569.306812,1559.709048
7436.05,1795.019454,1561.448419,1569.536892,1559.92471
7437.05,1795.206815,1561.631494,1569.72963,1560.122442
7438.05,1795.397551,1561.82152,1569.923302,1560.318855
7439.05,1795.632397,1562.043389,1570.132735,1560.528
7440.05,1795.856357,1562.254549,1570.343956,1560.728989
7441.05,1796.112596,1562.466675,1570.559999,1560.934059
7442.05,1796.393044,1562.691902,1570.778358,1561.153
7443.05,1796.54799,1562.874166,1570.963016,1561.33766
7444.05,1796.838204,1563.102651,1571.189155,1561.563585
7445.05,1797.017965,1563.290799,1571.381156,1561.767652
7446.05,1797.233535,1563.478965,1571.580731,1561.968118
7447.05,1797.546965,1563.720531,1571.815119,1562.207589
7448.05,1797.767995,1563.920888,1572.019102,1562.401087
7449.05,1798.019665,1564.132038,1572.235242,1562.611317
7450.05,1798.312332,1564.355054,1572.458329,1562.831241
7451.05,1798.539174,1564.543411,1572.666088,1563.031765
7452.05,1798.816126,1564.751123,1572.887992,1563.256963
7453.05,1799.011415,1564.952185,1573.093877,1563.464756
7454.05,1799.19744,1565.139702,1573.278801,1563.662506
7455.05,1799.436299,1565.350891,1573.485439,1563.872719
7456.05,1799.668662,1565.557881,1573.69576,1564.091178
7457.05,1799.829163,1565.746621,1573.876326,1564.26954
7458.05,1800.12,1565.965406,1574.106037,1564.490441
7459.05,1800.314007,1566.156216,1574.297833,1564.689633
7460.05,1800.551966,1566.364067,1574.509951,1564.886515
7461.05,1800.776893,1566.57982,1574.698741,1565.088715
7462.05,1800.999962,1566.800795,1574.912378,1565.302687
7463.05,1801.21793,1567.002593,1575.105424,1565.504122
7464.05,1801.467808,1567.211493,1575.321234,1565.717832
7465.05,1801.727715,1567.419654,1575.545752,1565.933107
7466.05,1801.929657,1567.613959,1575.741301,1566.144536
7467.05,1802.190979,1567.820891,1575.959094,1566.364363
7468.05,1802.344473,1567.999131,1576.145814,1566.549892
7469.05,1802.562919,1568.188468,1576.344925,1566.749239
7470.05,1802.8375,1568.410934,1576.569948,1566.976938
7471.05,1803.066913,1568.617309,1576.774643,1567.194361
7472.05,1803.293751,1568.831446,1576.977188,1567.394366
7473.05,1803.507734,1569.02678,1577.167904,1567.594287
7474.05,1803.797882,1569.248993,1577.384157,1567.819863
7475.05,1803.989473,1569.457861,1577.578241,1568.00314
7476.05,1804.250975,1569.676154,1577.795733,1568.205193
7477.05,1804.495912,1569.887394,1578.009713,1568.42258
7478.05,1804.674288,1570.081559,1578.205336,1568.596865
7479.05,1804.866143,1570.264617,1578.403839,1568.790861
7480.05,1805.098275,1570.470577,1578.607449,1568.997964
7481.05,1805.323937,1570.673406,1578.819764,1569.207648
7482.05,1805.510423,1570.872124,1579.024214,1569.406457
7483.05,1805.756347,1571.091906,1579.238698,1569.62719
7484.05,1805.998174,1571.299914,1579.434884,1569.832805
7485.05,1806.24205,1571.514555,1579.644992,1570.035125
7486.05,1806.485044,1571.728987,1579.847735,1570.245008
7487.05,1806.642077,1571.91164,1580.017196,1570.42984
7488.05,1806.848653,1572.100622,1580.216659,1570.628091
7489.05,1807.175897,1572.341616,1580.451142,1570.855044
7490.05,1807.394328,1572.533324,1580.640994,1571.045506
7491.05,1807.58231,1572.738375,1580.83749,1571.242593
7492.05,1807.849056,1572.961953,1581.075536,1571.469705
7493.05,1808.07289,1573.167431,1581.274021,1571.677655
7494.05,1808.326319,1573.385911,1581.498085,1571.892525
7495.05,1808.630114,1573.623952,1581.737766,1572.120822
7496.05,1808.874978,1573.84194,1581.966027,1572.334038
7497.05,1809.103873,1574.042037,1582.17254,1572.525873
7498.05,1809.365701,1574.265413,1582.389745,1572.737024
7499.05,1809.589685,1574.466156,1582.581378,1572.930784
7500.05,1809.849192,1574.686359,1582.812535,1573.155957
7501.05,1810.062451,1574.876646,1583.013327,1573.361542
7502.05,1810.257325,1575.076524,1583.215673,1573.563015
7503.05,1810.488694,1575.283617,1583.428712,1573.763695
7504.05,1810.69604,1575.479192,1583.630397,1573.973332
7505.05,1810.99187,1575.702336,1583.852555,1574.199105
7506.05,1811.202172,1575.902028,1584.056385,1574.410353
7507.05,1811.470374,1576.126713,1584.267873,1574.620235
7508.05,1811.68942,1576.344276,1584.465032,1574.81798
7509.05,1811.915297,1576.544317,1584.668438,1575.017855
7510.05,1812.122766,1576.748949,1584.866968,1575.219692
7511.05,1812.355212,1576.956642,1585.077665,1575.437161
7512.05,1812.601371,1577.173402,1585.288027,1575.649712
7513.05,1812.817322,1577.381763,1585.49372,1575.85993
7514.05,1813.087534,1577.605613,1585.713896,1576.076599
7515.05,1813.359515,1577.817762,1585.928578,1576.298497
7516.05,1813.608411,1578.035825,1586.134854,1576.516183
7517.05,1813.880829,1578.242506,1586.354718,1576.727756
7518.05,1814.122125,1578.456593,1586.554684,1576.93081
7519.05,1814.382823,1578.671725,1586.772962,1577.140832
7520.05,1814.566774,1578.866919,1586.973675,1577.336179
7521.05,1814.8136,1579.076723,1587.186814,1577.543582
7522.05,1815.092946,1579.296377,1587.402616,1577.764308
7523.05,1815.381563,1579.519508,1587.633487,1577.997892
7524.05,1815.594791,1579.728516,1587.833115,1578.194485
7525.05,1815.827124,1579.934619,1588.032539,1578.404327
7526.05,1815.975029,1580.112593,1588.220856,1578.59039
7527.05,1816.182471,1580.300121,1588.417635,1578.785274
7528.05,1816.374724,1580.495797,1588.603723,1578.980075
7529.05,1816.584957,1580.702967,1588.795158,1579.173398
7530.05,1816.798668,1580.898178,1588.994352,1579.38513
7531.05,1817.005343,1581.103644,1589.192233,1579.582816
7532.05,1817.241508,1581.309062,1589.406962,1579.79605
7533.05,1817.452818,1581.510947,1589.605613,1580.001565
7534.05,1817.681194,1581.73054,1589.823421,1580.202487
7535.05,1817.889039,1581.918683,1590.016775,1580.393081
7536.05,1818.166877,1582.14055,1590.230794,1580.611695
7537.05,1818.382004,1582.337786,1590.436526,1580.809531
7538.05,1818.596029,1582.535697,1590.65143,1581.021489
7539.05,1818.911308,1582.766679,1590.878504,1581.256038
7540.05,1819.115393,1582.960626,1591.082785,1581.458557
7541.05,1819.357707,1583.178209,1591.310195,1581.678454
7542.05,1819.576087,1583.3897,1591.521269,1581.892411
7543.05,1819.851703,1583.609047,1591.737185,1582.10956
7544.05,1820.109179,1583.813282,1591.945203,1582.320094
7545.05,1820.413616,1584.042164,1592.168135,1582.540984
7546.05,1820.705791,1584.262276,1592.39478,1582.769012
7547.05,1820.933065,1584.471453,1592.587082,1582.966686
7548.05,1821.145896,1584.668387,1592.791823,1583.168466
7549.05,1821.336228,1584.865672,1592.994386,1583.357991
7550.05,1821.522315,1585.061442,1593.179251,1583.545956
7551.05,1821.723613,1585.250209,1593.387131,1583.745169
7552.05,1821.995004,1585.466214,1593.612186,1583.969308
7553.05,1822.24318,1585.660893,1593.825664,1584.186992
7554.05,1822.473347,1585.874479,1594.031681,1584.387891
7555.05,1822.731801,1586.085053,1594.245747,1584.603482
7556.05,1822.948256,1586.285973,1594.454612,1584.806278
7557.05,1823.220474,1586.499235,1594.665316,1585.019703
7558.05,1823.474199,1586.719714,1594.889771,1585.216168
7559.05,1823.688454,1586.910497,1595.088235,1585.429406
7560.05,1823.955872,1587.130263,1595.311556,1585.652155
7561.05,1824.159302,1587.319103,1595.51191,1585.84629
7562.05,1824.441647,1587.538759,1595.742999,1586.077653
7563.05,1824.672587,1587.75571,1595.955222,1586.285405
7564.05,1824.859571,1587.95152,1596.145304,1586.480728
7565.05,1825.108318,1588.17009,1596.362095,1586.692102
7566.05,1825.350676,1588.373565,1596.581845,1586.899589
7567.05,1825.569036,1588.564247,1596.782882,1587.102054
7568.05,1825.804656,1588.772433,1597.004383,1587.30444
7569.05,1826.044827,1588.992742,1597.211782,1587.50947
7570.05,1826.260126,1589.18347,1597.42262,1587.703066
7571.05,1826.47321,1589.391148,1597.627555,1587.907413
7572.05,1826.703828,1589.604212,1597.833283,1588.114005
7573.05,1826.937646,1589.815234,1598.037697,1588.31618
7574.05,1827.119768,1589.996804,1598.230372,1588.507046
7575.05,1827.344602,1590.185751,1598.427687,1588.706754
7576.05,1827.596655,1590.422653,1598.642519,1588.919525
7577.05,1827.829726,1590.62803,1598.852522,1589.128706
7578.05,1828.02738,1590.821466,1599.040471,1589.332314
7579.05,1828.267942,1591.035398,1599.253264,1589.547582
7580.05,1828.496806,1591.237855,1599.466472,1589.75359
7581.05,1828.715907,1591.431469,1599.657515,1589.949897
7582.05,1828.995197,1591.653872,1599.881573,1590.17156
7583.05,1829.232135,1591.861441,1600.104378,1590.39157
7584.05,1829.40421,1592.04857,1600.291194,1590.577128
7585.05,1829.642267,1592.252598,1600.503346,1590.778346
7586.05,1829.795953,1592.441029,1600.687443,1590.964745
7587.05,1829.982418,1592.640276,1600.888509,1591.167163
7588.05,1830.240146,1592.864896,1601.113759,1591.373435
7589.05,1830.472397,1593.070111,1601.31975,1591.569559
7590.05,1830.695407,1593.275186,1601.504655,1591.768556
7591.05,1830.914437,1593.468163,1601.713304,1591.978093
7592.05,1831.125042,1593.660563,1601.908863,1592.180915
7593.05,1831.35839,1593.871539,1602.106319,1592.386992
7594.05,1831.631466,1594.090041,1602.325887,1592.609657
7595.05,1831.848606,1594.285988,1602.530061,1592.81805
7596.05,1832.084361,1594.489511,1602.745429,1593.021052
7597.05,1832.360547,1594.703031,1602.975269,1593.233073
7598.05,1832.716348,1594.957285,1603.226703,1593.481526
7599.05,1832.961274,1595.1692,1603.44069,1593.681505
7600.05,1833.222479,1595.386529,1603.658031,1593.911616
7601.05,1833.505141,1595.602251,1603.885484,1594.123864
7602.05,1833.782432,1595.820882,1604.105523,1594.348635
7603.05,1834.0557,1596.037369,1604.329066,1594.578994
7604.05,1834.321704,1596.256875,1604.550649,1594.789723
7605.05,1834.579628,1596.476491,1604.768599,1594.991136
7606.05,1834.855265,1596.702997,1605.00658,1595.211202
7607.05,1835.091343,1596.905653,1605.205942,1595.416707
7608.05,1835.397757,1597.126216,1605.434749,1595.660378
7609.05,1835.630439,1597.338117,1605.641134,1595.873864
7610.05,1835.855742,1597.54757,1605.84649,1596.077168
7611.05,1836.062533,1597.745495,1606.040051,1596.285861
7612.05,1836.332754,1597.957536,1606.250876,1596.505776
7613.05,1836.631343,1598.180955,1606.483953,1596.734362
7614.05,1836.863949,1598.380139,1606.697645,1596.959991
7615.05,1837.128693,1598.577269,1606.915269,1597.185361
7616.05,1837.380119,1598.783638,1607.121997,1597.394287
7617.05,1837.592433,1598.970092,1607.326412,1597.581062
7618.05,1837.861236,1599.195442,1607.552736,1597.804838
7619.05,1838.080294,1599.398606,1607.770486,1598.003366
7620.05,1838.321425,1599.603695,1607.984899,1598.208363
7621.05,1838.522886,1599.794642,1608.18393,1598.403403
7622.05,1838.753361,1600.011558,1608.409098,1598.617954
7623.05,1839.025964,1600.22055,1608.634246,1598.829985
7624.05,1839.231854,1600.402808,1608.836882,1599.021075
7625.05,1839.485876,1600.620269,1609.033558,1599.244701
7626.05,1839.779031,1600.833995,1609.258561,1599.462337
7627.05,1839.994834,1601.028776,1609.454746,1599.648925
7628.05,1840.266797,1601.246958,1609.682333,1599.869167
7629.05,1840.54923,1601.468012,1609.904407,1600.088141
7630.05,1840.834056,1601.682074,1610.136866,1600.301551
7631.05,1841.083245,1601.87875,1610.347448,1600.501166
7632.05,1841.303847,1602.088741,1610.561228,1600.71152
7633.05,1841.543816,1602.302514,1610.763675,1600.910822
7634.05,1841.810189,1602.518562,1610.978546,1601.119459
7635.05,1842.089382,1602.738756,1611.199548,1601.339386
7636.05,1842.324972,1602.939967,1611.397357,1601.548255
7637.05,1842.574028,1603.141262,1611.600076,1601.758196
7638.05,1842.865538,1603.372455,1611.828223,1601.996851
7639.05,1843.093837,1603.576449,1612.035743,1602.199315
7640.05,1843.292933,1603.76572,1612.221449,1602.389324
7641.05,1843.596954,1603.99598,1612.449764,1602.61474
7642.05,1843.795245,1604.189313,1612.635246,1602.805743
7643.05,1844.023313,1604.399073,1612.847775,1603.007667
7644.05,1844.267367,1604.608413,1613.052695,1603.212374
7645.05,1844.503168,1604.812917,1613.265282,1603.413121
7646.05,1844.703789,1605.015914,1613.459693,1603.610866
7647.05,1844.908446,1605.207965,1613.664518,1603.801046
7648.05,1845.136295,1605.413701,1613.869974,1604.012654
7649.05,1845.453991,1605.649143,1614.108369,1604.246612
7650.05,1845.749609,1605.874389,1614.335892,1604.467476
7651.05,1845.936445,1606.064447,1614.522721,1604.669786
7652.05,1846.243121,1606.298997,1614.758306,1604.909816
7653.05,1846.454682,1606.499743,1614.944708,1605.114215
7654.05,1846.653284,1606.702019,1615.134535,1605.324011
7655.05,1846.874179,1606.898183,1615.343275,1605.53124
7656.05,1847.080931,1607.102728,1615.538828,1605.73087
7657.05,1847.257531,1607.282505,1615.717361,1605.915402
7658.05,1847.455281,1607.476916,1615.903388,1606.100934
7659.05,1847.712798,1607.689359,1616.12276,1606.305022
7660.05,1847.992215,1607.907626,1616.344396,1606.525926
7661.05,1848.172081,1608.098977,1616.523513,1606.713457
7662.05,1848.432213,1608.303713,1616.737105,1606.9323
7663.05,1848.661368,1608.512327,1616.934076,1607.148412
7664.05,1848.842399,1608.699798,1617.12895,1607.347682
7665.05,1849.139384,1608.919336,1617.362456,1607.569421
7666.05,1849.342791,1609.127299,1617.55954,1607.768602
7667.05,1849.573796,1609.332212,1617.776864,1607.980464
7668.05,1849.760661,1609.528451,1617.973181,1608.177806
7669.05,1849.953404,1609.719826,1618.176832,1608.371764
7670.05,1850.234946,1609.958205,1618.409339,1608.5896
7671.05,1850.517128,1610.174849,1618.635411,1608.802945
7672.05,1850.788787,1610.386196,1618.84605,1609.022475
7673.05,1850.997524,1610.586257,1619.046933,1609.2219
7674.05,1851.239489,1610.786653,1619.253968,1609.426609
7675.05,1851.424751,1610.981245,1619.450773,1609.60404
7676.05,1851.651148,1611.190169,1619.666013,1609.808049
7677.05,1851.894155,1611.403668,1619.873681,1610.009835
7678.05,1852.176511,1611.633155,1620.109343,1610.244997
7679.05,1852.396823,1611.835035,1620.334819,1610.456163
7680.05,1852.609911,1612.039936,1620.535541,1610.662131
7681.05,1852.877934,1612.254115,1620.757248,1610.891402
7682.05,1853.105239,1612.457307,1620.971048,1611.099915
7683.05,1853.362908,1612.67189,1621.190743,1611.30949
7684.05,1853.622425,1612.897934,1621.40898,1611.537675
7685.05,1853.882655,1613.117001,1621.628779,1611.768729
7686.05,1854.087477,1613.316815,1621.828521,1611.956001
7687.05,1854.28828,1613.513203,1622.036303,1612.152206
7688.05,1854.545725,1613.730632,1622.252937,1612.36728
7689.05,1854.846479,1613.958138,1622.478228,1612.612588
7690.05,1855.064164,1614.164168,1622.6733,1612.80837
7691.05,1855.357427,1614.380871,1622.897956,1613.032362
7692.05,1855.553418,1614.581289,1623.086035,1613.213082
7693.05,1855.824398,1614.799358,1623.303173,1613.437641
7694.05,1856.084525,1615.00448,1623.523294,1613.661534
7695.05,1856.311471,1615.209581,1623.728905,1613.861153
7696.05,1856.479117,1615.405657,1623.910641,1614.055522
7697.05,1856.667566,1615.60098,1624.102751,1614.240156
7698.05,1856.936911,1615.833254,1624.344796,1614.479119
7699.05,1857.226532,1616.06613,1624.569125,1614.714187
7700.05,1857.517611,1616.297645,1624.791435,1614.935908
7701.05,1857.760933,1616.516528,1625.002921,1615.158515
7702.05,1857.98252,1616.722115,1625.208089,1615.358462
7703.05,1858.209766,1616.921979,1625.417551,1615.565178
7704.05,1858.415858,1617.122815,1625.620821,1615.756331
7705.05,1858.603842,1617.31975,1625.810284,1615.959281
7706.05,1858.820719,1617.517728,1626.0215,1616.16216
7707.05,1859.069214,1617.733668,1626.233703,1616.368109
7708.05,1859.292018,1617.936839,1626.443173,1616.574051
7709.05,1859.576529,1618.157763,1626.663887,1616.811331
7710.05,1859.883867,1618.389822,1626.898427,1617.045655
7711.05,1860.166719,1618.602499,1627.111378,1617.267169
7712.05,1860.438108,1618.825285,1627.332344,1617.486519
7713.05,1860.703285,1619.040418,1627.550846,1617.694604
7714.05,1860.935572,1619.246857,1627.764813,1617.886336
7715.05,1861.230027,1619.479707,1627.989053,1618.119417
7716.05,1861.456651,1619.679631,1628.196549,1618.316455
7717.05,1861.646284,1619.86529,1628.388906,1618.520072
7718.05,1861.873364,1620.061057,1628.599526,1618.73162
7719.05,1862.059723,1620.259233,1628.811213,1618.91508
7720.05,1862.292511,1620.476508,1629.039048,1619.111632
7721.05,1862.555081,1620.695754,1629.250853,1619.326608
7722.05,1862.865988,1620.920432,1629.489054,1619.556703
7723.05,1863.114769,1621.139916,1629.701181,1619.770091
7724.05,1863.376965,1621.355018,1629.916774,1619.986353
7725.05,1863.67947,1621.582542,1630.155688,1620.224202
7726.05,1863.911237,1621.787165,1630.362655,1620.440794
7727.05,1864.164372,1621.997174,1630.574776,1620.663409
7728.05,1864.405937,1622.195089,1630.787013,1620.867294
7729.05,1864.720524,1622.435714,1631.027058,1621.104047
7730.05,1864.880136,1622.612435,1631.215969,1621.277598
7731.05,1865.145689,1622.830171,1631.423978,1621.4971
7732.05,1865.403725,1623.043695,1631.646514,1621.719379
7733.05,1865.614636,1623.240049,1631.843107,1621.917344
7734.05,1865.87384,1623.448116,1632.057094,1622.13297
7735.05,1866.182748,1623.684386,1632.292568,1622.355141
7736.05,1866.539958,1623.924604,1632.532579,1622.597611
7737.05,1866.777348,1624.134808,1632.756728,1622.81295
7738.05,1867.052034,1624.358871,1632.985044,1623.031069
7739.05,1867.258538,1624.563099,1633.187399,1623.233542
7740.05,1867.483784,1624.776436,1633.398642,1623.432729
7741.05,1867.734251,1624.974456,1633.597728,1623.638052
7742.05,1868.0221,1625.195086,1633.821714,1623.859598
7743.05,1868.226712,1625.393515,1634.011603,1624.062337
7744.05,1868.426647,1625.596434,1634.212626,1624.269057
7745.05,1868.699503,1625.815743,1634.435427,1624.484784
7746.05,1868.938195,1626.017669,1634.641916,1624.692236
7747.05,1869.214526,1626.251637,1634.877929,1624.916029
7748.05,1869.491921,1626.473446,1635.108351,1625.145066
7749.05,1869.688088,1626.668894,1635.306606,1625.333469
7750.05,1869.927836,1626.877319,1635.507037,1625.552911
7751.05,1870.200678,1627.083157,1635.722692,1625.771849
7752.05,1870.423125,1627.292852,1635.923606,1625.976571
7753.05,1870.696623,1627.506548,1636.141229,1626.196791
7754.05,1870.908251,1627.701661,1636.348526,1626.395195
7755.05,1871.141691,1627.904454,1636.570151,1626.607892
7756.05,1871.376604,1628.117355,1636.775974,1626.819678
7757.05,1871.639079,1628.343443,1636.992597,1627.03885
7758.05,1871.905499,1628.572846,1637.21235,1627.261599
7759.05,1872.191494,1628.809409,1637.437069,1627.490075
7760.05,1872.438627,1629.020446,1637.649574,1627.709755
7761.05,1872.664133,1629.229613,1637.844292,1627.903136
7762.05,1872.866333,1629.427697,1638.031653,1628.089996
7763.05,1873.09602,1629.626792,1638.240911,1628.290602
7764.05,1873.274563,1629.818592,1638.433146,1628.479885
7765.05,1873.496527,1630.025184,1638.632974,1628.684397
7766.05,1873.722136,1630.223977,1638.834941,1628.89039
7767.05,1873.92309,1630.41839,1639.043005,1629.085697
7768.05,1874.175663,1630.646782,1639.257442,1629.317493
7769.05,1874.407708,1630.861139,1639.467954,1629.546493
7770.05,1874.657941,1631.081085,1639.674621,1629.746171
7771.05,1874.908976,1631.29514,1639.894802,1629.956749
7772.05,1875.142125,1631.494206,1640.099159,1630.177249
7773.05,1875.461167,1631.727662,1640.336656,1630.420573
7774.05,1875.693322,1631.933569,1640.545908,1630.622031
7775.05,1875.945154,1632.141951,1640.76649,1630.833907
7776.05,1876.292581,1632.37267,1641.008402,1631.078687
7777.05,1876.533011,1632.589149,1641.227187,1631.290036
7778.05,1876.758225,1632.792642,1641.434031,1631.494413
7779.05,1877.034082,1632.999325,1641.653563,1631.72349
7780.05,1877.345694,1633.228263,1641.893919,1631.960232
7781.05,1877.61787,1633.443708,1642.112003,1632.180671
7782.05,1877.861561,1633.652288,1642.328963,1632.395396
7783.05,1878.120845,1633.867808,1642.554468,1632.609307
7784.05,1878.418846,1634.097615,1642.784282,1632.826965
7785.05,1878.607216,1634.286359,1642.982788,1633.020184
7786.05,1878.76886,1634.463366,1643.162705,1633.20725
7787.05,1878.992388,1634.662297,1643.368903,1633.420129
7788.05,1879.251741,1634.879711,1643.587427,1633.648854
7789.05,1879.464805,1635.079678,1643.792304,1633.861169
7790.05,1879.653287,1635.270423,1643.989943,1634.056718
7791.05,1879.893099,1635.478951,1644.192928,1634.266812
7792.05,1880.044275,1635.660535,1644.367055,1634.45058
7793.05,1880.323413,1635.890425,1644.604786,1634.680688
7794.05,1880.559324,1636.101785,1644.810344,1634.892275
7795.05,1880.843325,1636.329219,1645.040649,1635.122229
7796.05,1881.047473,1636.541827,1645.244897,1635.31635
7797.05,1881.232807,1636.740546,1645.419494,1635.501724
7798.05,1881.503285,1636.982252,1645.642249,1635.735157
7799.05,1881.762908,1637.207409,1645.859345,1635.949866
7800.05,1881.943322,1637.395519,1646.045621,1636.127684
7801.05,1882.189992,1637.608514,1646.267108,1636.346126
7802.05,1882.453811,1637.827585,1646.492474,1636.56856
7803.05,1882.709568,1638.042486,1646.704493,1636.785276
7804.05,1882.969236,1638.249683,1646.925372,1636.994753
7805.05,1883.211764,1638.472129,1647.148035,1637.223795
7806.05,1883.520639,1638.691479,1647.389845,1637.455509
7807.05,1883.739368,1638.888289,1647.577387,1637.657161
7808.05,1884.008571,1639.109399,1647.806905,1637.886083
7809.05,1884.330264,1639.350717,1648.041755,1638.129515
7810.05,1884.534269,1639.554326,1648.252674,1638.326462
7811.05,1884.714832,1639.747334,1648.451498,1638.516792
7812.05,1884.968056,1639.966918,1648.651003,1638.729153
7813.05,1885.191309,1640.172476,1648.845577,1638.921517
7814.05,1885.420674,1640.381216,1649.069493,1639.123008
7815.05,1885.628749,1640.578698,1649.268342,1639.32056
7816.05,1885.906026,1640.78879,1649.488642,1639.543136
7817.05,1886.156242,1641.012056,1649.697922,1639.75616
7818.05,1886.445689,1641.240997,1649.928699,1639.983668
7819.05,1886.70037,1641.45778,1650.126989,1640.19264
7820.05,1886.957963,1641.682028,1650.346337,1640.426254
7821.05,1887.162775,1641.88033,1650.555833,1640.624258
7822.05,1887.393728,1642.098005,1650.762651,1640.832079
7823.05,1887.642579,1642.311971,1650.982778,1641.048033
7824.05,1887.893666,1642.53213,1651.18556,1641.270481
7825.05,1888.103598,1642.720247,1651.370013,1641.468452
7826.05,1888.316718,1642.925644,1651.565147,1641.672594
7827.05,1888.579524,1643.144094,1651.778301,1641.88009
7828.05,1888.795953,1643.35617,1651.97873,1642.092299
7829.05,1889.017497,1643.554947,1652.180938,1642.297771
7830.05,1889.282682,1643.762086,1652.391991,1642.51183
7831.05,1889.599183,1643.987096,1652.630861,1642.740269
7832.05,1889.826558,1644.180947,1652.835721,1642.934466
7833.05,1890.056342,1644.384703,1653.030724,1643.150324
7834.05,1890.342167,1644.611383,1653.256479,1643.377878
7835.05,1890.58163,1644.822432,1653.465585,1643.586695
7836.05,1890.818626,1645.024009,1653.67585,1643.797193
7837.05,1891.051438,1645.229183,1653.882681,1644.012907
7838.05,1891.300196,1645.451371,1654.10784,1644.219377
7839.05,1891.594099,1645.678845,1654.335547,1644.452488
7840.05,1891.834983,1645.893026,1654.548479,1644.665485
7841.05,1892.081845,1646.099974,1654.768124,1644.873038
7842.05,1892.254973,1646.298568,1654.951823,1645.065903
7843.05,1892.511741,1646.503898,1655.161493,1645.284674
7844.05,1892.778389,1646.724464,1655.393824,1645.52201
7845.05,1892.967582,1646.911204,1655.586549,1645.71462
7846.05,1893.233311,1647.131628,1655.820513,1645.93192
7847.05,1893.558584,1647.364591,1656.065557,1646.178886
7848.05,1893.768907,1647.563063,1656.26203,1646.395404
7849.05,1893.958826,1647.762935,1656.454482,1646.576304
7850.05,1894.207164,1647.975528,1656.664561,1646.783535
7851.05,1894.497551,1648.19553,1656.877122,1647.010653
7852.05,1894.707068,1648.389307,1657.076873,1647.222013
7853.05,1894.988495,1648.597942,1657.3028,1647.441943
7854.05,1895.305597,1648.815557,1657.54216,1647.67438
7855.05,1895.569384,1649.0289,1657.770448,1647.890299
7856.05,1895.769689,1649.224442,1657.976535,1648.083095
7857.05,1896.040445,1649.440953,1658.196492,1648.292326
7858.05,1896.366628,1649.672649,1658.432975,1648.521396
7859.05,1896.611153,1649.886906,1658.645616,1648.742144
7860.05,1896.876964,1650.107178,1658.861286,1648.964885
7861.05,1897.175018,1650.331794,1659.092974,1649.198406
7862.05,1897.397885,1650.536902,1659.281495,1649.395287
7863.05,1897.628309,1650.742472,1659.486377,1649.599604
7864.05,1897.903587,1650.958366,1659.702263,1649.818733
7865.05,1898.102542,1651.159028,1659.893878,1650.026975
7866.05,1898.323408,1651.353654,1660.096604,1650.233198
7867.05,1898.566273,1651.567692,1660.310508,1650.442337
7868.05,1898.785831,1651.763841,1660.50577,1650.640883
7869.05,1898.984195,1651.949578,1660.697567,1650.829299
7870.05,1899.184081,1652.15031,1660.891936,1651.02669
7871.05,1899.476314,1652.383187,1661.116213,1651.251099
7872.05,1899.752697,1652.600942,1661.333912,1651.47022
7873.05,1900.044145,1652.834421,1661.567188,1651.69694
7874.05,1900.305304,1653.048939,1661.775779,1651.911024
7875.05,1900.595844,1653.275881,1662.007807,1652.13359
7876.05,1900.81932,1653.469463,1662.219346,1652.334485
7877.05,1901.05934,1653.674049,1662.418344,1652.528303
7878.05,1901.290443,1653.891076,1662.634909,1652.740826
7879.05,1901.454108,1654.065631,1662.816477,1652.927001
7880.05,1901.669456,1654.262231,1663.006266,1653.146896
7881.05,1901.919434,1654.477885,1663.22214,1653.350972
7882.05,1902.173118,1654.689954,1663.433433,1653.555788
7883.05,1902.44164,1654.899868,1663.655723,1653.772777
7884.05,1902.673443,1655.115499,1663.869599,1653.974458
7885.05,1902.869674,1655.312372,1664.059487,1654.177335
7886.05,1903.12077,1655.536117,1664.283644,1654.391003
7887.05,1903.284421,1655.716648,1664.470559,1654.554362
7888.05,1903.497482,1655.915269,1664.667353,1654.755305
7889.05,1903.748578,1656.119041,1664.886831,1654.959922
7890.05,1903.936196,1656.306268,1665.069427,1655.143943
7891.05,1904.211632,1656.516845,1665.284717,1655.350523
7892.05,1904.420575,1656.705866,1665.487772,1655.553201
7893.05,1904.614041,1656.909162,1665.69094,1655.752729
7894.05,1904.806955,1657.100736,1665.891743,1655.940066
7895.05,1905.103085,1657.32505,1666.119344,1656.157479
7896.05,1905.293846,1657.509755,1666.318728,1656.347983
7897.05,1905.571924,1657.725046,1666.529183,1656.562155
7898.05,1905.819448,1657.928719,1666.743615,1656.775221
7899.05,1906.027138,1658.119689,1666.92817,1656.974588
7900.05,1906.230618,1658.315817,1667.132205,1657.167159
7901.05,1906.497322,1658.53455,1667.361964,1657.382629
7902.05,1906.803584,1658.765443,1667.579583,1657.61758
7903.05,1907.00706,1658.96644,1667.792775,1657.822565
7904.05,1907.227636,1659.172284,1668.001878,1658.02881
7905.05,1907.468839,1659.387277,1668.219601,1658.235866
7906.05,1907.717656,1659.591042,1668.436108,1658.437974
7907.05,1907.98012,1659.806614,1668.645946,1658.658411
7908.05,1908.261094,1660.035184,1668.864097,1658.877698
7909.05,1908.429664,1660.212507,1669.052964,1659.0727
7910.05,1908.706958,1660.428064,1669.282033,1659.286303
7911.05,1908.916816,1660.633952,1669.471192,1659.492739
7912.05,1909.131302,1660.824557,1669.679059,1659.710031
7913.05,1909.352222,1661.026308,1669.884456,1659.914131
7914.05,1909.599199,1661.232406,1670.093983,1660.126648
7915.05,1909.909265,1661.474616,1670.34048,1660.348979
7916.05,1910.127585,1661.683677,1670.54503,1660.560924
7917.05,1910.355123,1661.898251,1670.758034,1660.76507
7918.05,1910.528946,1662.08795,1670.954123,1660.947657
7919.05,1910.763469,1662.288734,1671.155442,1661.151675
7920.05,1911.018826,1662.505972,1671.374569,1661.368096
7921.05,1911.273929,1662.70357,1671.58725,1661.592495
7922.05,1911.539078,1662.931382,1671.810764,1661.820124
7923.05,1911.853157,1663.159161,1672.05127,1662.058628
7924.05,1912.10548,1663.357191,1672.26813,1662.266728
7925.05,1912.342756,1663.570169,1672.47778,1662.476409
7926.05,1912.531101,1663.75649,1672.673447,1662.661235
7927.05,1912.762602,1663.966845,1672.88092,1662.853548
7928.05,1913.015342,1664.185667,1673.100142,1663.062925
7929.05,1913.256972,1664.397239,1673.309374,1663.272746
7930.05,1913.481672,1664.609647,1673.517261,1663.466115
7931.05,1913.731455,1664.823061,1673.731412,1663.673434
7932.05,1914.022022,1665.053146,1673.964843,1663.919057
7933.05,1914.250117,1665.264692,1674.171874,1664.123145
7934.05,1914.495665,1665.472051,1674.393048,1664.341741
7935.05,1914.737798,1665.673721,1674.598056,1664.559549
7936.05,1914.982979,1665.89279,1674.815475,1664.779654
7937.05,1915.304835,1666.126302,1675.062149,1665.011594
7938.05,1915.533372,1666.329461,1675.272682,1665.221273
7939.05,1915.786708,1666.546455,1675.48302,1665.438107
7940.05,1916.003383,1666.752162,1675.682917,1665.636406
7941.05,1916.214563,1666.956927,1675.878786,1665.835769
7942.05,1916.421478,1667.145835,1676.078364,1666.037745
7943.05,1916.702445,1667.36364,1676.294573,1666.251729
7944.05,1916.952608,1667.577109,1676.496072,1666.46449
7945.05,1917.208349,1667.799178,1676.72811,1666.680545
7946.05,1917.35755,1667.979905,1676.901399,1666.856976
7947.05,1917.656376,1668.195426,1677.122286,1667.082483
7948.05,1917.939842,1668.412196,1677.334721,1667.297684
7949.05,1918.131066,1668.609129,1677.526633,1667.497791
7950.05,1918.381144,1668.820069,1677.735729,1667.713905
7951.05,1918.66643,1669.038016,1677.952116,1667.94174
7952.05,1918.88728,1669.239731,1678.168498,1668.142301
7953.05,1919.144683,1669.45532,1678.381752,1668.35
7954.05,1919.341946,1669.645118,1678.582618,1668.537525
7955.05,1919.613019,1669.857534,1678.796374,1668.749669
7956.05,1919.858311,1670.060206,1678.998214,1668.956199
7957.05,1920.124957,1670.285045,1679.227562,1669.181512
7958.05,1920.344048,1670.486937,1679.432863,1669.386045
7959.05,1920.566788,1670.682209,1679.644288,1669.58074
7960.05,1920.788716,1670.883876,1679.829491,1669.783929
7961.05,1921.068799,1671.097929,1680.045539,1669.9982
7962.05,1921.313993,1671.315009,1680.256809,1670.198386
7963.05,1921.508083,1671.505673,1680.447869,1670.394668
7964.05,1921.74865,1671.718442,1680.663687,1670.603202
7965.05,1921.975979,1671.923506,1680.873127,1670.829838
7966.05,1922.183276,1672.117091,1681.070429,1671.01366
7967.05,1922.417029,1672.306602,1681.271124,1671.216452
7968.05,1922.702933,1672.546284,1681.505159,1671.43498
7969.05,1922.922171,1672.744313,1681.697311,1671.623213
7970.05,1923.170431,1672.954689,1681.902439,1671.823624
7971.05,1923.376498,1673.154163,1682.099458,1672.018952
7972.05,1923.628638,1673.371069,1682.320787,1672.235951
7973.05,1923.843271,1673.573116,1682.521691,1672.432593
7974.05,1924.036373,1673.775106,1682.71351,1672.627488
7975.05,1924.291982,1673.988147,1682.922618,1672.832259
7976.05,1924.481071,1674.181755,1683.112364,1673.037913
7977.05,1924.774818,1674.402442,1683.355609,1673.267494
7978.05,1925.00403,1674.608173,1683.574011,1673.473651
7979.05,1925.193424,1674.806657,1683.757016,1673.669839
7980.05,1925.453048,1675.026067,1683.988217,1673.889582
7981.05,1925.688881,1675.245552,1684.211367,1674.104055
7982.05,1925.890588,1675.440036,1684.3992,1674.306132
7983.05,1926.177683,1675.663759,1684.627989,1674.517066
7984.05,1926.405304,1675.860712,1684.826551,1674.715618
7985.05,1926.612044,1676.061057,1685.025295,1674.918567
7986.05,1926.84178,1676.270602,1685.230382,1675.108271
7987.05,1927.11145,1676.483654,1685.445061,1675.323532
7988.05,1927.381575,1676.705042,1685.669273,1675.557548
7989.05,1927.594168,1676.901048,1685.87566,1675.756206
7990.05,1927.869314,1677.127157,1686.095002,1675.973175
7991.05,1928.105772,1677.333647,1686.30193,1676.188577
7992.05,1928.314646,1677.541509,1686.522314,1676.386129
7993.05,1928.56469,1677.741097,1686.735925,1676.6037
7994.05,1928.816809,1677.953643,1686.954223,1676.82486
7995.05,1929.024563,1678.146426,1687.154346,1677.009048
7996.05,1929.350414,1678.378101,1687.394172,1677.239607
7997.05,1929.594601,1678.588096,1687.600334,1677.449518
7998.05,1929.854414,1678.7995,1687.802227,1677.649863
7999.05,1930.12179,1679.02703,1688.030117,1677.878253
8000.05,1930.372911,1679.251409,1688.241893,1678.100012
8001.05,1930.571438,1679.441666,1688.443296,1678.284545
8002.05,1930.80756,1679.647342,1688.657527,1678.48427
8003.05,1930.969045,1679.828679,1688.8525,1678.666818
8004.05,1931.190443,1680.035505,1689.061529,1678.862613
8005.05,1931.438619,1680.240318,1689.262333,1679.070992
8006.05,1931.689069,1680.458334,1689.485955,1679.28589
8007.05,1931.909339,1680.645379,1689.683009,1679.487372
8008.05,1932.201009,1680.862555,1689.917113,1679.722482
8009.05,1932.452922,1681.089042,1690.146676,1679.928734
8010.05,1932.699678,1681.300036,1690.362378,1680.125125
8011.05,1932.870824,1681.489707,1690.561466,1680.318833
8012.05,1933.183281,1681.720411,1690.800816,1680.566019
8013.05,1933.445753,1681.928482,1691.02097,1680.78409
8014.05,1933.625204,1682.115584,1691.207521,1680.96082
8015.05,1933.893129,1682.339029,1691.421597,1681.173293
8016.05,1934.196863,1682.575496,1691.654323,1681.403837
8017.05,1934.480127,1682.790712,1691.876366,1681.635507
8018.05,1934.771784,1683.007911,1692.097152,1681.857179
8019.05,1934.994826,1683.216792,1692.295767,1682.072923
8020.05,1935.273628,1683.437993,1692.525418,1682.286122
8021.05,1935.546833,1683.658194,1692.754682,1682.506223
8022.05,1935.739976,1683.845501,1692.957271,1682.698363
8023.05,1935.972652,1684.070292,1693.17927,1682.916527
8024.05,1936.158153,1684.254141,1693.370881,1683.107666
8025.05,1936.41501,1684.463051,1693.587925,1683.310845
8026.05,1936.60704,1684.654792,1693.782975,1683.500647
8027.05,1936.800856,1684.837908,1693.970663,1683.702224
8028.05,1937.051385,1685.041289,1694.190673,1683.916677
8029.05,1937.213034,1685.22161,1694.371013,1684.093266
8030.05,1937.530455,1685.46202,1694.597487,1684.332057
8031.05,1937.758199,1685.675623,1694.815364,1684.534234
8032.05,1937.951729,1685.869327,1695.006674,1684.739856
8033.05,1938.259078,1686.096566,1695.243881,1684.975245
8034.05,1938.461935,1686.300908,1695.436427,1685.176553
8035.05,1938.635214,1686.469294,1695.616301,1685.359776
8036.05,1938.767275,1686.639497,1695.789072,1685.540978
8037.05,1939.008218,1686.852434,1696.001352,1685.73195
8038.05,1939.216045,1687.063579,1696.198693,1685.941892
8039.05,1939.364701,1687.24652,1696.374537,1686.125715
8040.05,1939.671476,1687.472391,1696.599763,1686.356637
8041.05,1939.919842,1687.682582,1696.821309,1686.565481
8042.05,1940.17424,1687.90129,1697.0413,1686.776043
8043.05,1940.458209,1688.119949,1697.271551,1686.999814
8044.05,1940.683909,1688.333225,1697.486927,1687.19993
8045.05,1940.833273,1688.521526,1697.675226,1687.383719
8046.05,1941.095602,1688.737928,1697.897753,1687.603856
8047.05,1941.380146,1688.963048,1698.12789,1687.831374
8048.05,1941.731307,1689.20839,1698.383317,1688.079922
8049.05,1941.905656,1689.386062,1698.568265,1688.259351
8050.05,1942.133887,1689.592725,1698.778049,1688.46371
8051.05,1942.338185,1689.785673,1698.977143,1688.660967
8052.05,1942.600704,1690.005198,1699.189852,1688.865176
8053.05,1942.804337,1690.208137,1699.381675,1689.078255
8054.05,1943.107828,1690.438941,1699.606833,1689.3091
8055.05,1943.363982,1690.653373,1699.820071,1689.528722
8056.05,1943.620638,1690.861442,1700.030974,1689.746623
8057.05,1943.794674,1691.051769,1700.217904,1689.929763
8058.05,1944.033314,1691.244682,1700.419965,1690.128367
8059.05,1944.258333,1691.437117,1700.633837,1690.338326
8060.05,1944.473317,1691.644967,1700.842484,1690.545481
8061.05,1944.754184,1691.865881,1701.064695,1690.766689
8062.05,1945.032687,1692.082452,1701.29396,1690.978893
8063.05,1945.264323,1692.291372,1701.504644,1691.18571
8064.05,1945.541527,1692.496053,1701.717808,1691.413095
8065.05,1945.792758,1692.70658,1701.93649,1691.619418
8066.05,1946.088545,1692.924093,1702.160575,1691.848253
8067.05,1946.288196,1693.128159,1702.35623,1692.043793
8068.05,1946.494377,1693.336421,1702.56264,1692.247452
8069.05,1946.728693,1693.541983,1702.753319,1692.45953
8070.05,1946.944457,1693.736289,1702.956051,1692.659763
8071.05,1947.145966,1693.925968,1703.143841,1692.86104
8072.05,1947.323426,1694.117776,1703.327478,1693.050438
8073.05,1947.511974,1694.309481,1703.516548,1693.246509
8074.05,1947.772769,1694.531348,1703.727333,1693.465764
8075.05,1947.979894,1694.730387,1703.946636,1693.657336
8076.05,1948.25933,1694.962466,1704.159479,1693.87956
8077.05,1948.536,1695.190484,1704.387352,1694.100033
8078.05,1948.742776,1695.389132,1704.586858,1694.291642
8079.05,1949.000393,1695.598131,1704.806645,1694.506486
8080.05,1949.219013,1695.800333,1705.011021,1694.701208
8081.05,1949.446534,1696.000466,1705.211308,1694.896182
8082.05,1949.689626,1696.211226,1705.423683,1695.102388
8083.05,1949.929565,1696.419966,1705.636965,1695.315943
8084.05,1950.146326,1696.623689,1705.840488,1695.511121
8085.05,1950.380218,1696.834293,1706.033952,1695.718307
8086.05,1950.643896,1697.060087,1706.247078,1695.94284
8087.05,1950.862719,1697.253604,1706.439151,1696.143095
8088.05,1951.080316,1697.463032,1706.641494,1696.358688
8089.05,1951.264845,1697.66171,1706.835308,1696.540538
8090.05,1951.502238,1697.869192,1707.047429,1696.763955
8091.05,1951.782362,1698.099553,1707.270896,1697.003209
8092.05,1952.019134,1698.30356,1707.483231,1697.206066
8093.05,1952.253918,1698.517912,1707.689592,1697.41858
8094.05,1952.433634,1698.709017,1707.875578,1697.615733
8095.05,1952.665262,1698.914012,1708.084146,1697.814177
8096.05,1952.872382,1699.114564,1708.280902,1698.014603
8097.05,1953.06946,1699.302061,1708.478561,1698.208138
8098.05,1953.373498,1699.531789,1708.69921,1698.441654
8099.05,1953.618773,1699.737242,1708.888355,1698.652315
8100.05,1953.876813,1699.958094,1709.103851,1698.879599
8101.05,1954.099831,1700.155525,1709.310617,1699.089919
8102.05,1954.304795,1700.353935,1709.51197,1699.284334
8103.05,1954.576908,1700.575169,1709.738382,1699.506477
8104.05,1954.837707,1700.79126,1709.9499,1699.715579
8105.05,1955.042196,1700.99171,1710.147924,1699.912726
8106.05,1955.265106,1701.19892,1710.355947,1700.114511
8107.05,1955.544232,1701.424226,1710.575035,1700.348664
8108.05,1955.793725,1701.628103,1710.794171,1700.577127
8109.05,1956.01027,1701.840368,1710.999774,1700.777271
8110.05,1956.202681,1702.041037,1711.183617,1700.969468
8111.05,1956.474322,1702.260014,1711.404729,1701.181423
8112.05,1956.777154,1702.488056,1711.64385,1701.412651
8113.05,1957.051931,1702.712264,1711.861356,1701.632475
8114.05,1957.271809,1702.921604,1712.059913,1701.83437
8115.05,1957.507801,1703.135583,1712.272577,1702.042136
8116.05,1957.734324,1703.340058,1712.47827,1702.260372
8117.05,1957.98908,1703.547825,1712.685314,1702.477108
8118.05,1958.226179,1703.755343,1712.889112,1702.678038
8119.05,1958.439533,1703.956249,1713.091947,1702.875199
8120.05,1958.677908,1704.169003,1713.300285,1703.07337
8121.05,1958.927602,1704.384692,1713.521676,1703.288963
8122.05,1959.147267,1704.595492,1713.719677,1703.49436
8123.05,1959.410288,1704.809194,1713.93943,1703.707596
8124.05,1959.657171,1705.02701,1714.143123,1703.921221
8125.05,1959.913764,1705.239946,1714.355909,1704.125865
8126.05,1960.115206,1705.440589,1714.561118,1704.327797
8127.05,1960.335483,1705.641865,1714.766248,1704.539165
8128.05,1960.57543,1705.843992,1714.971752,1704.740159
8129.05,1960.737385,1706.030845,1715.156637,1704.928324
8130.05,1961.01232,1706.247114,1715.389579,1705.155694
8131.05,1961.228197,1706.451477,1715.579713,1705.360663
8132.05,1961.430176,1706.649016,1715.771612,1705.551348
8133.05,1961.673304,1706.866572,1715.990357,1705.773078
8134.05,1961.924876,1707.081136,1716.20124,1705.980819
8135.05,1962.20848,1707.29804,1716.420462,1706.215342
8136.05,1962.47389,1707.512238,1716.642327,1706.433715
8137.05,1962.729729,1707.727113,1716.84157,1706.649408
8138.05,1962.989845,1707.942171,1717.047691,1706.8682
8139.05,1963.271964,1708.164543,1717.278264,1707.094043
8140.05,1963.46767,1708.368833,1717.474348,1707.294316
8141.05,1963.73939,1708.58433,1717.704812,1707.512086
8142.05,1963.936819,1708.785109,1717.90667,1707.727247
8143.05,1964.156155,1708.996157,1718.11448,1707.927757
8144.05,1964.375081,1709.200016,1718.329422,1708.13952
8145.05,1964.685699,1709.429025,1718.563058,1708.3625
8146.05,1964.960389,1709.65034,1718.792362,1708.587793
8147.05,1965.186387,1709.852917,1719.00586,1708.794539
8148.05,1965.427577,1710.064819,1719.213465,1709.010264
8149.05,1965.715392,1710.287636,1719.43131,1709.23998
8150.05,1965.91547,1710.49425,1719.628601,1709.42342
8151.05,1966.124782,1710.692382,1719.825258,1709.615344
8152.05,1966.408001,1710.925547,1720.054903,1709.847858
8153.05,1966.655236,1711.140132,1720.275221,1710.064395
8154.05,1966.930715,1711.353595,1720.506108,1710.281168
8155.05,1967.227091,1711.586026,1720.748649,1710.516252
8156.05,1967.502881,1711.814684,1720.973742,1710.731107
8157.05,1967.778588,1712.047196,1721.205009,1710.952875
8158.05,1968.025891,1712.243199,1721.417809,1711.16558
8159.05,1968.268658,1712.439582,1721.636551,1711.372171
8160.05,1968.426372,1712.62722,1721.820786,1711.559286
8161.05,1968.697934,1712.858804,1722.043304,1711.778926
8162.05,1968.92843,1713.05801,1722.261723,1711.987631
8163.05,1969.231431,1713.29706,1722.481664,1712.208252
8164.05,1969.452168,1713.49341,1722.687532,1712.415027
8165.05,1969.611498,1713.671362,1722.872033,1712.591303
8166.05,1969.837787,1713.877145,1723.075316,1712.792517
8167.05,1970.066809,1714.075714,1723.273451,1713.006349
8168.05,1970.334773,1714.288585,1723.495029,1713.213624
8169.05,1970.609529,1714.512836,1723.710029,1713.43593
8170.05,1970.801112,1714.711246,1723.90452,1713.640803
8171.05,1971.070894,1714.923516,1724.11946,1713.840793
8172.05,1971.347275,1715.158166,1724.339847,1714.061789
8173.05,1971.630181,1715.381325,1724.565356,1714.274364
8174.05,1971.872381,1715.582098,1724.779898,1714.490322
8175.05,1972.079707,1715.781776,1724.983014,1714.685866
8176.05,1972.382697,1716.012386,1725.212293,1714.914909
8177.05,1972.587553,1716.212222,1725.40875,1715.112903
8178.05,1972.784378,1716.405712,1725.594429,1715.315151
8179.05,1973.088206,1716.627386,1725.82299,1715.541128
8180.05,1973.327028,1716.84699,1726.0304,1715.739905
8181.05,1973.565853,1717.063216,1726.236217,1715.945149
8182.05,1973.775873,1717.262255,1726.437265,1716.136686
8183.05,1974.020334,1717.464196,1726.653021,1716.351553
8184.05,1974.282441,1717.690003,1726.874233,1716.567904
8185.05,1974.46441,1717.87328,1727.065887,1716.749924
8186.05,1974.716838,1718.086139,1727.279127,1716.951539
8187.05,1974.970003,1718.307537,1727.502894,1717.167822
8188.05,1975.145551,1718.499156,1727.697301,1717.355296
8189.05,1975.390832,1718.71093,1727.904942,1717.549192
8190.05,1975.656806,1718.919046,1728.127652,1717.762825
8191.05,1975.870876,1719.123768,1728.336492,1717.975084
8192.05,1976.183932,1719.355162,1728.57792,1718.202642
8193.05,1976.312077,1719.530713,1728.749071,1718.382871
8194.05,1976.542466,1719.737505,1728.962895,1718.591846
8195.05,1976.80195,1719.958165,1729.181895,1718.811696
8196.05,1977.094092,1720.183066,1729.418592,1719.041532
8197.05,1977.375577,1720.409861,1729.639273,1719.268711
8198.05,1977.602498,1720.6086,1729.84114,1719.463663
8199.05,1977.840657,1720.820223,1730.056458,1719.685371
8200.05,1978.080876,1721.025211,1730.253103,1719.884604
8201.05,1978.298015,1721.226526,1730.4536,1720.081662
8202.05,1978.587151,1721.459021,1730.667449,1720.299405
8203.05,1978.831072,1721.669007,1730.888981,1720.50991
8204.05,1979.066377,1721.879188,1731.096958,1720.7139
8205.05,1979.314638,1722.097933,1731.309146,1720.933076
8206.05,1979.634919,1722.333634,1731.538787,1721.17509
8207.05,1979.880159,1722.536197,1731.755701,1721.382338
8208.05,1980.166708,1722.768998,1731.977853,1721.607164
8209.05,1980.427497,1722.986448,1732.193393,1721.817876
8210.05,1980.684556,1723.199765,1732.410504,1722.028633
8211.05,1980.929873,1723.409536,1732.609363,1722.241241
8212.05,1981.139376,1723.604121,1732.815662,1722.428274
8213.05,1981.304968,1723.793493,1732.999155,1722.603001
8214.05,1981.561532,1724.004956,1733.220455,1722.825839
8215.05,1981.819141,1724.211407,1733.434207,1723.062618
8216.05,1982.019351,1724.415223,1733.630724,1723.248847
8217.05,1982.339872,1724.656741,1733.87035,1723.485177
8218.05,1982.558413,1724.85591,1734.083607,1723.678925
8219.05,1982.859631,1725.089419,1734.31464,1723.910539
8220.05,1983.127377,1725.299353,1734.534421,1724.138219
8221.05,1983.291659,1725.498742,1734.730731,1724.320405
8222.05,1983.523195,1725.707362,1734.935405,1724.535541
8223.05,1983.767103,1725.909372,1735.148412,1724.743893
8224.05,1984.038823,1726.129676,1735.366078,1724.970555
8225.05,1984.372029,1726.358405,1735.612234,1725.204497
8226.05,1984.616556,1726.575355,1735.817147,1725.417017
8227.05,1984.877547,1726.78352,1736.033616,1725.641211
8228.05,1985.155836,1726.997268,1736.274504,1725.876196
8229.05,1985.350649,1727.193303,1736.471146,1726.075884
8230.05,1985.62845,1727.399296,1736.697982,1726.29211
8231.05,1985.91323,1727.628617,1736.918502,1726.523736
8232.05,1986.167361,1727.831465,1737.130314,1726.729414
8233.05,1986.428894,1728.060775,1737.334284,1726.945391
8234.05,1986.646522,1728.264597,1737.540873,1727.143407
8235.05,1986.829824,1728.469302,1737.737551,1727.345334
8236.05,1987.12754,1728.692538,1737.963522,1727.570931
8237.05,1987.345558,1728.893239,1738.16077,1727.773054
8238.05,1987.577438,1729.102142,1738.381523,1727.972883
8239.05,1987.860654,1729.319889,1738.595401,1728.195818
8240.05,1988.128036,1729.555937,1738.81076,1728.422562
8241.05,1988.424427,1729.796952,1739.0356,1728.640798
8242.05,1988.638317,1729.999896,1739.244601,1728.842972
8243.05,1988.936548,1730.230726,1739.481163,1729.073792
8244.05,1989.164696,1730.446028,1739.693051,1729.280599
8245.05,1989.390652,1730.652564,1739.897031,1729.468381
8246.05,1989.64292,1730.869663,1740.108776,1729.68688
8247.05,1989.881476,1731.069921,1740.312005,1729.891933
8248.05,1990.143686,1731.277681,1740.527958,1730.11388
8249.05,1990.35237,1731.465666,1740.720109,1730.307197
8250.05,1990.607624,1731.66996,1740.932491,1730.513925
8251.05,1990.812951,1731.868997,1741.116331,1730.710108
8252.05,1991.079625,1732.085129,1741.340558,1730.927835
8253.05,1991.356252,1732.301202,1741.560756,1731.150183
8254.05,1991.65999,1732.523482,1741.786071,1731.37133
8255.05,1991.940092,1732.751209,1742.011685,1731.589433
8256.05,1992.158181,1732.945833,1742.216674,1731.793523
8257.05,1992.39108,1733.147693,1742.423992,1732.003504
8258.05,1992.618719,1733.350006,1742.629993,1732.211702
8259.05,1992.912464,1733.579096,1742.856648,1732.435196
8260.05,1993.144595,1733.774893,1743.049876,1732.648561
8261.05,1993.421126,1733.996726,1743.267721,1732.879502
8262.05,1993.606261,1734.193514,1743.46107,1733.072707
8263.05,1993.827299,1734.404674,1743.669792,1733.264106
8264.05,1994.113281,1734.633391,1743.890293,1733.491821
8265.05,1994.374232,1734.844398,1744.10773,1733.709387
8266.05,1994.581437,1735.047796,1744.305876,1733.916942
8267.05,1994.768725,1735.242196,1744.499114,1734.11579
8268.05,1995.059675,1735.473541,1744.728481,1734.351281
8269.05,1995.227689,1735.665681,1744.910711,1734.535682
8270.05,1995.461665,1735.877626,1745.106653,1734.743934
8271.05,1995.697705,1736.090256,1745.325103,1734.953427
8272.05,1995.913678,1736.290621,1745.536226,1735.15417
8273.05,1996.129966,1736.490904,1745.731038,1735.347462
8274.05,1996.396413,1736.711578,1745.953429,1735.562163
8275.05,1996.649179,1736.91486,1746.165755,1735.77137
8276.05,1996.855392,1737.115775,1746.365356,1735.974044
8277.05,1997.079387,1737.309232,1746.56772,1736.17309
8278.05,1997.326212,1737.522541,1746.783417,1736.385896
8279.05,1997.583837,1737.739702,1746.992726,1736.60784
8280.05,1997.846237,1737.959679,1747.219419,1736.820728
8281.05,1998.077907,1738.175813,1747.432865,1737.020761
8282.05,1998.318787,1738.39168,1747.63627,1737.229033
8283.05,1998.501886,1738.585804,1747.820321,1737.412304
8284.05,1998.822228,1738.821122,1748.052942,1737.639525
8285.05,1999.062769,1739.038589,1748.256432,1737.861939
8286.05,1999.295325,1739.249595,1748.465757,1738.068179
8287.05,1999.531595,1739.446696,1748.689032,1738.273334
8288.05,1999.798631,1739.661698,1748.90532,1738.49447
8289.05,2000.028979,1739.873653,1749.115131,1738.69809
8290.05,2000.251427,1740.066173,1749.309198,1738.906629
8291.05,2000.493808,1740.275874,1749.510737,1739.107295
8292.05,2000.721736,1740.495095,1749.717361,1739.312301
8293.05,2001.026904,1740.723522,1749.950984,1739.542594
8294.05,2001.19298,1740.921412,1750.141236,1739.732324
8295.05,2001.41504,1741.124907,1750.33673,1739.924971
8296.05,2001.661095,1741.324614,1750.553191,1740.139327
8297.05,2001.860001,1741.521708,1750.755518,1740.34607
8298.05,2002.073422,1741.728368,1750.963503,1740.554231
8299.05,2002.252186,1741.922107,1751.15707,1740.738836
8300.05,2002.495474,1742.12506,1751.374664,1740.95883
8301.05,2002.761045,1742.332013,1751.587897,1741.172682
8302.05,2003.015263,1742.535343,1751.813135,1741.387414
8303.05,2003.269488,1742.753629,1752.038186,1741.614365
8304.05,2003.512939,1742.957563,1752.2533,1741.819674
8305.05,2003.785672,1743.18696,1752.479171,1742.04457
8306.05,2004.032602,1743.398939,1752.68132,1742.258328
8307.05,2004.230378,1743.595046,1752.874109,1742.454472
8308.05,2004.461542,1743.79521,1753.086484,1742.658204
8309.05,2004.685138,1743.997093,1753.291736,1742.853996
8310.05,2004.914201,1744.213458,1753.49285,1743.064614
8311.05,2005.191697,1744.436623,1753.716656,1743.288781
8312.05,2005.454284,1744.646462,1753.941259,1743.495981
8313.05,2005.708128,1744.872949,1754.156434,1743.711455
8314.05,2005.921985,1745.077232,1754.365328,1743.916424
8315.05,2006.130409,1745.262908,1754.566524,1744.113999
8316.05,2006.328475,1745.452774,1754.765325,1744.308435
8317.05,2006.573732,1745.67117,1754.977227,1744.518743
8318.05,2006.822623,1745.885906,1755.189536,1744.744692
8319.05,2007.054045,1746.075241,1755.391511,1744.94493
8320.05,2007.253934,1746.266177,1755.582942,1745.15378
8321.05,2007.49132,1746.487981,1755.794834,1745.35954
8322.05,2007.695039,1746.681569,1755.991918,1745.56379
8323.05,2007.859806,1746.859111,1756.179939,1745.752303
8324.05,2008.011038,1747.05016,1756.368843,1745.93322
8325.05,2008.230819,1747.246415,1756.568428,1746.128588
8326.05,2008.518907,1747.478698,1756.798867,1746.346256
8327.05,2008.744191,1747.672592,1756.999911,1746.55655
8328.05,2009.019981,1747.904049,1757.237226,1746.7894
8329.05,2009.347246,1748.141637,1757.468819,1747.018283
8330.05,2009.599412,1748.360564,1757.683666,1747.233041
8331.05,2009.857226,1748.583876,1757.894005,1747.449002
8332.05,2010.154445,1748.808927,1758.114752,1747.678396
8333.05,2010.386898,1749.01916,1758.315291,1747.895539
8334.05,2010.579819,1749.227938,1758.517643,1748.090037
8335.05,2010.738656,1749.415974,1758.694347,1748.281242
8336.05,2010.974691,1749.627349,1758.900208,1748.494844
8337.05,2011.221029,1749.84066,1759.106235,1748.709085
8338.05,2011.424202,1750.038826,1759.294799,1748.913648
8339.05,2011.686077,1750.243197,1759.508222,1749.123333
8340.05,2011.868722,1750.422631,1759.69806,1749.305739
8341.05,2012.134097,1750.648188,1759.928638,1749.513082
8342.05,2012.324759,1750.82956,1760.121965,1749.697931
8343.05,2012.627951,1751.049866,1760.344746,1749.926474
8344.05,2012.897129,1751.264247,1760.567164,1750.151951
8345.05,2013.145061,1751.477201,1760.783915,1750.35733
8346.05,2013.299121,1751.65894,1760.965149,1750.550325
8347.05,2013.533801,1751.865795,1761.17373,1750.753639
8348.05,2013.732806,1752.067201,1761.364844,1750.958284
8349.05,2013.970265,1752.266406,1761.5846,1751.172181
8350.05,2014.197055,1752.46409,1761.798486,1751.37276
8351.05,2014.419604,1752.662106,1762.009881,1751.573553
8352.05,2014.687908,1752.870753,1762.221251,1751.787265
8353.05,2014.879355,1753.063491,1762.423792,1751.990057
8354.05,2015.103892,1753.269272,1762.636177,1752.198163
8355.05,2015.364835,1753.485899,1762.851343,1752.415607
8356.05,2015.654274,1753.702382,1763.080574,1752.63865
8357.05,2015.836012,1753.899543,1763.272317,1752.831349
8358.05,2016.073879,1754.103069,1763.487798,1753.045537
8359.05,2016.360252,1754.33288,1763.717514,1753.269228
8360.05,2016.608669,1754.550294,1763.931061,1753.472472
8361.05,2016.813853,1754.745051,1764.135047,1753.676597
8362.05,2017.060993,1754.963787,1764.358271,1753.897792
8363.05,2017.27321,1755.168352,1764.565774,1754.092742
8364.05,2017.487775,1755.369123,1764.764514,1754.288384
8365.05,2017.683338,1755.56952,1764.957786,1754.489023
8366.05,2017.829925,1755.752428,1765.142926,1754.666858
8367.05,2018.037523,1755.945718,1765.340891,1754.868352
8368.05,2018.339998,1756.184504,1765.57349,1755.101888
8369.05,2018.558995,1756.376547,1765.772889,1755.311353
8370.05,2018.832611,1756.594353,1765.994624,1755.531664
8371.05,2019.035446,1756.781715,1766.181443,1755.724983
8372.05,2019.268539,1756.99054,1766.3928,1755.93689
8373.05,2019.530218,1757.212381,1766.605864,1756.159788
8374.05,2019.817553,1757.434642,1766.832039,1756.396548
8375.05,2019.993643,1757.628274,1767.024842,1756.57625
8376.05,2020.204676,1757.839726,1767.221036,1756.778159
8377.05,2020.489768,1758.053455,1767.453719,1757.009753
8378.05,2020.688359,1758.249893,1767.653557,1757.217302
8379.05,2020.851851,1758.448806,1767.847009,1757.407526
8380.05,2021.072785,1758.658087,1768.055579,1757.608775
8381.05,2021.371487,1758.893105,1768.280137,1757.829494
8382.05,2021.589494,1759.106983,1768.476689,1758.042419
8383.05,2021.878775,1759.330314,1768.717427,1758.264855
8384.05,2022.127157,1759.553393,1768.941491,1758.475373
8385.05,2022.387833,1759.770357,1769.16491,1758.705718
8386.05,2022.652521,1759.983143,1769.380622,1758.914738
8387.05,2022.846254,1760.178484,1769.591783,1759.103424
8388.05,2023.103277,1760.38747,1769.805444,1759.308886
8389.05,2023.318941,1760.580675,1770.013117,1759.507652
8390.05,2023.597217,1760.800315,1770.250721,1759.726825
8391.05,2023.818323,1761.004127,1770.462103,1759.932435
8392.05,2024.077333,1761.221472,1770.679131,1760.146098
8393.05,2024.382999,1761.445008,1770.906615,1760.37483
8394.05,2024.631084,1761.658711,1771.121463,1760.593694
8395.05,2024.920376,1761.864365,1771.342086,1760.813074
8396.05,2025.085632,1762.046646,1771.533889,1760.992418
8397.05,2025.379412,1762.278947,1771.761266,1761.215546
8398.05,2025.606085,1762.490511,1771.967177,1761.433702
8399.05,2025.823613,1762.697515,1772.170741,1761.630853
8400.05,2026.092294,1762.920975,1772.393986,1761.844891
8401.05,2026.312405,1763.128196,1772.595219,1762.048779
8402.05,2026.56451,1763.334564,1772.798821,1762.268362
8403.05,2026.795409,1763.554337,1773.004809,1762.481332
8404.05,2027.029349,1763.756491,1773.214467,1762.693239
8405.05,2027.347572,1763.975146,1773.440191,1762.927572
8406.05,2027.559216,1764.173019,1773.650477,1763.11912
8407.05,2027.781526,1764.388892,1773.856372,1763.323579
8408.05,2028.016904,1764.592154,1774.06165,1763.537698
8409.05,2028.300245,1764.825103,1774.289498,1763.764187
8410.05,2028.502604,1765.016081,1774.483442,1763.955381
8411.05,2028.677288,1765.204641,1774.665113,1764.141798
8412.05,2028.848857,1765.392551,1774.847921,1764.319836
8413.05,2029.169922,1765.622996,1775.07823,1764.546557
8414.05,2029.376081,1765.812831,1775.27445,1764.732364
8415.05,2029.64798,1766.034712,1775.506766,1764.962998
8416.05,2029.836562,1766.216117,1775.697093,1765.151898
8417.05,2030.084168,1766.425049,1775.908149,1765.356938
8418.05,2030.327591,1766.631488,1776.11615,1765.573969
8419.05,2030.553824,1766.834335,1776.321224,1765.782024
8420.05,2030.828229,1767.056095,1776.542123,1765.993112
8421.05,2031.056724,1767.243571,1776.756948,1766.191643
8422.05,2031.296534,1767.46631,1776.965673,1766.400224
8423.05,2031.448342,1767.637972,1777.150357,1766.582706
8424.05,2031.638147,1767.834106,1777.334062,1766.771332
8425.05,2031.841223,1768.029689,1777.521525,1766.971237
8426.05,2032.049682,1768.22765,1777.721208,1767.172971
8427.05,2032.312843,1768.445154,1777.947025,1767.391113
8428.05,2032.658884,1768.671879,1778.190558,1767.62534
8429.05,2032.848381,1768.859954,1778.374618,1767.818433
8430.05,2033.087455,1769.07352,1778.595034,1768.023409
8431.05,2033.339519,1769.284393,1778.818153,1768.24366
8432.05,2033.617118,1769.494024,1779.038862,1768.451185
8433.05,2033.846248,1769.690363,1779.243443,1768.661214
8434.05,2034.144725,1769.918293,1779.472169,1768.881752
8435.05,2034.440545,1770.150167,1779.69554,1769.100301
8436.05,2034.729658,1770.372198,1779.917095,1769.321174
8437.05,2034.999255,1770.597578,1780.139021,1769.542294
8438.05,2035.15172,1770.782801,1780.318369,1769.730439
8439.05,2035.373875,1770.980544,1780.507467,1769.935933
8440.05,2035.635155,1771.189863,1780.733023,1770.157204
8441.05,2035.865595,1771.398287,1780.932958,1770.352694
8442.05,2036.11146,1771.604742,1781.149437,1770.565064
8443.05,2036.419417,1771.834155,1781.37644,1770.800434
8444.05,2036.655428,1772.034859,1781.579394,1771.014179
8445.05,2036.867656,1772.24436,1781.783364,1771.21461
8446.05,2037.101783,1772.448384,1781.989591,1771.42295
8447.05,2037.313947,1772.654827,1782.198493,1771.618968
8448.05,2037.588251,1772.876364,1782.421788,1771.82831
8449.05,2037.804961,1773.077552,1782.626683,1772.028041
8450.05,2038.071736,1773.295001,1782.840111,1772.236155
8451.05,2038.271963,1773.485981,1783.04273,1772.434305
8452.05,2038.526579,1773.707249,1783.254673,1772.643448
8453.05,2038.779879,1773.920947,1783.458191,1772.851803
8454.05,2038.993621,1774.116878,1783.658531,1773.041333
8455.05,2039.243042,1774.332066,1783.860712,1773.250696
8456.05,2039.505184,1774.544477,1784.079232,1773.462384
8457.05,2039.66865,1774.727234,1784.267444,1773.640545
8458.05,2039.884002,1774.928083,1784.46386,1773.844904
8459.05,2040.138029,1775.135513,1784.670525,1774.056519
8460.05,2040.399406,1775.354647,1784.8797,1774.267836
8461.05,2040.629318,1775.569318,1785.086543,1774.483229
8462.05,2040.843483,1775.772293,1785.287493,1774.677872
8463.05,2041.050603,1775.971517,1785.505785,1774.893278
8464.05,2041.336272,1776.196331,1785.722273,1775.115458
8465.05,2041.550074,1776.39932,1785.918963,1775.307315
8466.05,2041.765495,1776.595289,1786.127322,1775.521671
8467.05,2042.040051,1776.812964,1786.351718,1775.746401
8468.05,2042.268489,1777.01821,1786.566385,1775.947621
8469.05,2042.569543,1777.243878,1786.800648,1776.17781
8470.05,2042.858002,1777.461572,1787.007501,1776.401382
8471.05,2043.083936,1777.668461,1787.209974,1776.601845
8472.05,2043.239916,1777.852417,1787.408503,1776.779022
8473.05,2043.446108,1778.049785,1787.608851,1776.97831
8474.05,2043.662598,1778.256817,1787.806583,1777.174852
8475.05,2043.909884,1778.463724,1788.007108,1777.385933
8476.05,2044.193208,1778.684227,1788.234331,1777.61032
8477.05,2044.43426,1778.897821,1788.435043,1777.815296
8478.05,2044.61464,1779.096678,1788.614329,1778.000572
8479.05,2044.864327,1779.316352,1788.830829,1778.216894
8480.05,2045.068214,1779.516037,1789.040102,1778.407337
8481.05,2045.365612,1779.744308,1789.263886,1778.634201
8482.05,2045.629866,1779.954384,1789.481012,1778.853273
8483.05,2045.813177,1780.149671,1789.661826,1779.046521
8484.05,2046.17136,1780.394394,1789.907132,1779.30064
8485.05,2046.363774,1780.591035,1790.112843,1779.497949
8486.05,2046.560829,1780.798118,1790.305808,1779.69937
8487.05,2046.770467,1780.990117,1790.50931,1779.895611
8488.05,2047.053385,1781.206296,1790.71837,1780.119532
8489.05,2047.288518,1781.416543,1790.922411,1780.334211
8490.05,2047.552945,1781.630118,1791.143448,1780.546951
8491.05,2047.790778,1781.835283,1791.347269,1780.751
8492.05,2048.075686,1782.063956,1791.576294,1780.973755
8493.05,2048.387467,1782.303954,1791.802376,1781.219219
8494.05,2048.635871,1782.519387,1792.01699,1781.424886
8495.05,2048.921117,1782.744574,1792.236232,1781.655033
8496.05,2049.136234,1782.949539,1792.450886,1781.858168
8497.05,2049.411339,1783.170117,1792.682034,1782.085364
8498.05,2049.63375,1783.383468,1792.885308,1782.291664
8499.05,2049.878629,1783.589032,1793.098701,1782.496864
8500.05,2050.076031,1783.772861,1793.293556,1782.705632
8501.05,2050.32141,1783.983629,1793.502232,1782.912194
8502.05,2050.563426,1784.19369,1793.702638,1783.123785
8503.05,2050.863738,1784.415503,1793.930712,1783.35002
8504.05,2051.031455,1784.611552,1794.118781,1783.537331
8505.05,2051.276731,1784.829384,1794.329582,1783.750262
8506.05,2051.482897,1785.030673,1794.548774,1783.962502
8507.05,2051.746556,1785.244298,1794.778521,1784.189534
8508.05,2052.022165,1785.465985,1794.999495,1784.399812
8509.05,2052.177226,1785.646343,1795.171507,1784.583415
8510.05,2052.425706,1785.862938,1795.391239,1784.799932
8511.05,2052.686216,1786.078348,1795.599045,1785.018173
8512.05,2052.925551,1786.296339,1795.814504,1785.243247
8513.05,2053.234971,1786.531591,1796.052582,1785.477722
8514.05,2053.470354,1786.737295,1796.25138,1785.686177
8515.05,2053.697841,1786.943626,1796.4661,1785.876195
8516.05,2053.939844,1787.158518,1796.689876,1786.088601
8517.05,2054.180641,1787.359946,1796.904661,1786.296469
8518.05,2054.399064,1787.54702,1797.104392,1786.489322
8519.05,2054.649363,1787.755042,1797.310085,1786.708655
8520.05,2054.838114,1787.943646,1797.508042,1786.899396
8521.05,2055.067298,1788.151692,1797.721314,1787.104986
8522.05,2055.264587,1788.354441,1797.910168,1787.297202
8523.05,2055.469055,1788.56182,1798.111796,1787.495255
8524.05,2055.750969,1788.784322,1798.337456,1787.711931
8525.05,2055.97738,1788.99694,1798.551682,1787.920641
8526.05,2056.214624,1789.214818,1798.762717,1788.128329
8527.05,2056.397757,1789.405323,1798.959477,1788.318836
8528.05,2056.671739,1789.633445,1799.173975,1788.532362
8529.05,2056.956341,1789.856084,1799.403382,1788.750761
8530.05,2057.21911,1790.082963,1799.636797,1788.971904
8531.05,2057.464506,1790.295203,1799.845401,1789.183843
8532.05,2057.689403,1790.513537,1800.050443,1789.386954
8533.05,2057.965006,1790.736397,1800.269682,1789.612704
8534.05,2058.207671,1790.949161,1800.475985,1789.81311
8535.05,2058.508679,1791.182846,1800.70665,1790.043955
8536.05,2058.81906,1791.419682,1800.935451,1790.278932
8537.05,2059.028692,1791.619008,1801.137612,1790.489327
8538.05,2059.221569,1791.819259,1801.3419,1790.674842
8539.05,2059.484634,1792.036575,1801.568302,1790.90523
8540.05,2059.745825,1792.254275,1801.787421,1791.115008
8541.05,2060.002502,1792.463134,1802.012351,1791.320215
8542.05,2060.186813,1792.659825,1802.22074,1791.506545
8543.05,2060.397066,1792.867602,1802.412612,1791.715004
8544.05,2060.652215,1793.09283,1802.638078,1791.932597
8545.05,2060.850564,1793.289982,1802.836637,1792.126185
8546.05,2061.077872,1793.496079,1803.049983,1792.331459
8547.05,2061.36784,1793.717942,1803.264897,1792.558459
8548.05,2061.592041,1793.928625,1803.473346,1792.767022
8549.05,2061.891763,1794.161748,1803.692602,1792.995593
8550.05,2062.159306,1794.394396,1803.907335,1793.217375
8551.05,2062.319183,1794.574667,1804.092341,1793.402882
8552.05,2062.584578,1794.788407,1804.314409,1793.609422
8553.05,2062.850999,1794.996181,1804.524056,1793.822761
8554.05,2063.088538,1795.202947,1804.730477,1794.036829
8555.05,2063.290245,1795.408027,1804.921766,1794.234305
8556.05,2063.467994,1795.590442,1805.112513,1794.420937
8557.05,2063.67905,1795.787867,1805.316458,1794.608707
8558.05,2063.912864,1796.005012,1805.520221,1794.819634
8559.05,2064.106871,1796.195893,1805.712174,1795.016511
8560.05,2064.320913,1796.405401,1805.914523,1795.219032
8561.05,2064.483467,1796.577862,1806.094223,1795.400334
8562.05,2064.71684,1796.793887,1806.325521,1795.616725
8563.05,2064.976335,1797.015077,1806.538512,1795.826663
8564.05,2065.211463,1797.211072,1806.73814,1796.026015
8565.05,2065.486902,1797.431294,1806.956438,1796.245113
8566.05,2065.740932,1797.649527,1807.17933,1796.455803
8567.05,2066.029796,1797.878679,1807.411487,1796.674777
8568.05,2066.3062,1798.088811,1807.641019,1796.895014
8569.05,2066.51305,1798.281548,1807.837611,1797.096697
8570.05,2066.769603,1798.494155,1808.054968,1797.32148
8571.05,2067.021934,1798.717614,1808.275886,1797.536109
8572.05,2067.268385,1798.92992,1808.483227,1797.749408
8573.05,2067.491568,1799.128004,1808.693912,1797.95013
8574.05,2067.728336,1799.33713,1808.907694,1798.161326
8575.05,2067.99562,1799.546317,1809.122609,1798.382181
8576.05,2068.203631,1799.734909,1809.314824,1798.57504
8577.05,2068.438978,1799.950304,1809.536367,1798.790291
8578.05,2068.692095,1800.161699,1809.74654,1799.008098
8579.05,2068.936149,1800.357953,1809.960985,1799.21419
8580.05,2069.214125,1800.58379,1810.187247,1799.442052
8581.05,2069.53409,1800.817236,1810.433232,1799.67115
8582.05,2069.806274,1801.045625,1810.65931,1799.892291
8583.05,2070.11271,1801.279307,1810.891157,1800.122222
8584.05,2070.39918,1801.507237,1811.117519,1800.343229
8585.05,2070.639267,1801.71093,1811.322515,1800.546345
8586.05,2070.8469,1801.913892,1811.519424,1800.748636
8587.05,2071.102914,1802.118206,1811.730925,1800.974073
8588.05,2071.325219,1802.327432,1811.941105,1801.180387
8589.05,2071.59224,1802.546988,1812.164317,1801.386666
8590.05,2071.822683,1802.74887,1812.358673,1801.596738
8591.05,2072.056749,1802.953486,1812.553858,1801.796206
8592.05,2072.275376,1803.161658,1812.76209,1802.007586
8593.05,2072.509946,1803.375186,1812.966554,1802.218156
8594.05,2072.713451,1803.584869,1813.1806,1802.422799
8595.05,2072.975887,1803.809288,1813.411484,1802.639162
8596.05,2073.165354,1804.008226,1813.603141,1802.833679
8597.05,2073.391557,1804.222411,1813.810173,1803.03994
8598.05,2073.703206,1804.452887,1814.031511,1803.257502
8599.05,2073.968073,1804.665145,1814.236518,1803.471121
8600.05,2074.198744,1804.8725,1814.43158,1803.685889
8601.05,2074.437744,1805.085887,1814.641729,1803.881446
8602.05,2074.725933,1805.30753,1814.866165,1804.094407
8603.05,2074.926405,1805.501793,1815.067257,1804.291628
8604.05,2075.186282,1805.708056,1815.28781,1804.50978
8605.05,2075.398636,1805.919741,1815.482783,1804.704595
8606.05,2075.634638,1806.134345,1815.686668,1804.912549
8607.05,2075.970081,1806.366226,1815.922098,1805.152111
8608.05,2076.177481,1806.561429,1816.135826,1805.354196
8609.05,2076.397066,1806.770254,1816.356017,1805.564936
8610.05,2076.548523,1806.950535,1816.541762,1805.743482
8611.05,2076.777882,1807.150434,1816.750225,1805.944592
8612.05,2076.997117,1807.340812,1816.94987,1806.152613
8613.05,2077.201295,1807.536762,1817.141051,1806.35869
8614.05,2077.516149,1807.763252,1817.379134,1806.588757
8615.05,2077.702762,1807.95553,1817.576678,1806.782656
8616.05,2077.864909,1808.129634,1817.76902,1806.971276
8617.05,2078.102716,1808.337645,1817.970382,1807.180683
8618.05,2078.28748,1808.529287,1818.161356,1807.377639
8619.05,2078.55081,1808.736972,1818.38494,1807.572695
8620.05,2078.807999,1808.951713,1818.599987,1807.781394
8621.05,2079.071438,1809.179873,1818.816323,1807.99458
8622.05,2079.259034,1809.378839,1819.019868,1808.187837
8623.05,2079.549001,1809.598171,1819.238755,1808.411732
8624.05,2079.813218,1809.810261,1819.46935,1808.626012
8625.05,2080.011055,1809.996738,1819.660145,1808.825689
8626.05,2080.236752,1810.209017,1819.869215,1809.029094
8627.05,2080.453398,1810.395291,1820.05892,1809.227582
8628.05,2080.679401,1810.598765,1820.254901,1809.441324
8629.05,2080.964874,1810.814787,1820.483575,1809.661116
8630.05,2081.194674,1811.017505,1820.686739,1809.861562
8631.05,2081.459326,1811.234527,1820.907283,1810.07601
8632.05,2081.641166,1811.425777,1821.09723,1810.265444
8633.05,2081.957331,1811.652439,1821.325715,1810.500946
8634.05,2082.161353,1811.858868,1821.526692,1810.702025
8635.05,2082.424826,1812.072147,1821.746743,1810.913067
8636.05,2082.640528,1812.288167,1821.949772,1811.120727
8637.05,2082.811562,1812.479754,1822.126974,1811.301672
8638.05,2083.001275,1812.669636,1822.316725,1811.499404
8639.05,2083.266028,1812.890608,1822.539872,1811.723814
8640.05,2083.508493,1813.096339,1822.75157,1811.946162
8641.05,2083.837085,1813.337554,1823.002064,1812.187132
8642.05,2083.984043,1813.51928,1823.188628,1812.376218
8643.05,2084.199624,1813.720331,1823.385028,1812.581142
8644.05,2084.381808,1813.89903,1823.575493,1812.766986
8645.05,2084.602922,1814.093934,1823.782177,1812.968681
8646.05,2084.870656,1814.300373,1824.014049,1813.175254
8647.05,2085.062806,1814.501259,1824.215555,1813.379322
8648.05,2085.357672,1814.725736,1824.439767,1813.598757
8649.05,2085.64633,1814.956348,1824.672211,1813.822176
8650.05,2085.923033,1815.181337,1824.8939,1814.049212
8651.05,2086.20133,1815.384567,1825.113255,1814.260083
8652.05,2086.433978,1815.576986,1825.317058,1814.457066
8653.05,2086.688033,1815.79468,1825.533616,1814.676465
8654.05,2086.945333,1816.009139,1825.747102,1814.892488
8655.05,2087.161738,1816.213418,1825.954817,1815.090874
8656.05,2087.474142,1816.45366,1826.174533,1815.330054
8657.05,2087.625378,1816.636995,1826.353001,1815.497175
8658.05,2087.840992,1816.838143,1826.55707,1815.710552
8659.05,2088.070659,1817.048662,1826.76647,1815.924082
8660.05,2088.304534,1817.255408,1826.984094,1816.143476
8661.05,2088.491877,1817.449719,1827.182519,1816.335197
8662.05,2088.723371,1817.650024,1827.390837,1816.532021
8663.05,2089.004628,1817.85505,1827.609569,1816.756129
8664.05,2089.243548,1818.068236,1827.822622,1816.962132
8665.05,2089.50824,1818.293881,1828.053093,1817.194418
8666.05,2089.728682,1818.504697,1828.262136,1817.406602
8667.05,2089.949699,1818.715644,1828.465454,1817.610607
8668.05,2090.192746,1818.928407,1828.673953,1817.818829
8669.05,2090.433281,1819.135711,1828.878634,1818.018602
8670.05,2090.659671,1819.340362,1829.082715,1818.235485
8671.05,2090.957052,1819.570347,1829.309076,1818.464633
8672.05,2091.289624,1819.813658,1829.549671,1818.697639
8673.05,2091.499623,1820.020718,1829.753484,1818.907648
8674.05,2091.675992,1820.201507,1829.945752,1819.098296
8675.05,2091.949509,1820.422132,1830.162682,1819.317224
8676.05,2092.185893,1820.635859,1830.364272,1819.544581
8677.05,2092.493451,1820.885444,1830.59994,1819.783374
8678.05,2092.674145,1821.074494,1830.79601,1819.969734
8679.05,2092.872102,1821.269565,1830.986774,1820.166969
8680.05,2093.172441,1821.497302,1831.215129,1820.391111
8681.05,2093.439538,1821.725522,1831.432643,1820.607638
8682.05,2093.647179,1821.925323,1831.636524,1820.804403
8683.05,2093.843334,1822.116849,1831.826731,1821.00395
8684.05,2094.065936,1822.303917,1832.027334,1821.198697
8685.05,2094.338964,1822.519874,1832.243905,1821.418887
8686.05,2094.527113,1822.715618,1832.442747,1821.611282
8687.05,2094.809086,1822.933515,1832.669858,1821.83254
8688.05,2095.049637,1823.139481,1832.875153,1822.030857
8689.05,2095.243343,1823.326037,1833.072221,1822.223702
8690.05,2095.460825,1823.52143,1833.286465,1822.426607
8691.05,2095.729956,1823.755769,1833.498008,1822.652622
8692.05,2095.970071,1823.966798,1833.716594,1822.862008
8693.05,2096.226311,1824.184234,1833.929172,1823.074944
8694.05,2096.490862,1824.392725,1834.156523,1823.299042
8695.05,2096.688644,1824.581981,1834.356622,1823.494153
8696.05,2096.932917,1824.796897,1834.555512,1823.696406
8697.05,2097.166352,1825.007409,1834.764295,1823.897367
8698.05,2097.468419,1825.238858,1834.996072,1824.128653
8699.05,2097.730675,1825.451665,1835.217746,1824.34246
8700.05,2098.012041,1825.671465,1835.44008,1824.564308
8701.05,2098.236528,1825.873732,1835.66114,1824.764826
8702.05,2098.452918,1826.076427,1835.868885,1824.962712
8703.05,2098.727553,1826.299339,1836.100551,1825.175957
8704.05,2098.906469,1826.478635,1836.300905,1825.366406
8705.05,2099.168671,1826.68525,1836.518112,1825.582743
8706.05,2099.379278,1826.885012,1836.713987,1825.783958
8707.05,2099.570097,1827.083554,1836.904452,1825.973363
8708.05,2099.772992,1827.289292,1837.102076,1826.170797
8709.05,2100.035609,1827.503687,1837.322789,1826.379669
8710.05,2100.252477,1827.713959,1837.543024,1826.580487
8711.05,2100.508182,1827.925154,1837.745975,1826.790341
8712.05,2100.758262,1828.136921,1837.951032,1826.983629
8713.05,2101.088456,1828.375702,1838.180825,1827.220197
8714.05,2101.330822,1828.579007,1838.390498,1827.422753
8715.05,2101.551904,1828.793808,1838.602198,1827.621525
8716.05,2101.806504,1829.001018,1838.82115,1827.834277
8717.05,2102.070684,1829.210017,1839.046847,1828.049102
8718.05,2102.292269,1829.404148,1839.241883,1828.263563
8719.05,2102.587855,1829.620115,1839.456957,1828.477205
8720.05,2102.840128,1829.835723,1839.672498,1828.686406
8721.05,2103.099667,1830.054585,1839.897872,1828.893024
8722.05,2103.367487,1830.261794,1840.112683,1829.0831
8723.05,2103.733457,1830.513695,1840.364349,1829.333309
8724.05,2103.936608,1830.717863,1840.577407,1829.541108
8725.05,2104.154507,1830.914551,1840.780853,1829.74503
8726.05,2104.416209,1831.133598,1841.002495,1829.970406
8727.05,2104.660578,1831.36213,1841.222731,1830.170674
8728.05,2104.923338,1831.573607,1841.443522,1830.391651
8729.05,2105.150989,1831.779417,1841.646134,1830.601562
8730.05,2105.323743,1831.970065,1841.831006,1830.797646
8731.05,2105.540749,1832.159594,1842.022765,1830.986267
8732.05,2105.770366,1832.368459,1842.232104,1831.191843
8733.05,2106.038514,1832.582955,1842.462045,1831.403727
8734.05,2106.241325,1832.786087,1842.663698,1831.597883
8735.05,2106.42566,1832.97996,1842.861126,1831.787121
8736.05,2106.672864,1833.195445,1843.079549,1832.00879
8737.05,2106.971316,1833.414811,1843.309871,1832.241621
8738.05,2107.249448,1833.633967,1843.530589,1832.459788
8739.05,2107.427883,1833.824335,1843.722838,1832.643518
8740.05,2107.681853,1834.041613,1843.9361,1832.859138
8741.05,2107.965635,1834.272573,1844.162351,1833.083111
8742.05,2108.193886,1834.480451,1844.368639,1833.286344
8743.05,2108.443227,1834.681411,1844.595012,1833.493169
8744.05,2108.731596,1834.907308,1844.803706,1833.721867
8745.05,2108.976253,1835.12183,1845.010216,1833.931176
8746.05,2109.172285,1835.313405,1845.219884,1834.122466
8747.05,2109.548591,1835.566719,1845.475613,1834.378914
8748.05,2109.840627,1835.792099,1845.701823,1834.600684
8749.05,2110.086192,1836.004853,1845.915421,1834.810443
8750.05,2110.3524,1836.216672,1846.135687,1835.032377
8751.05,2110.627199,1836.426728,1846.354079,1835.247887
8752.05,2110.835832,1836.622731,1846.562348,1835.458434
8753.05,2111.063046,1836.829494,1846.76374,1835.670567
8754.05,2111.325452,1837.040215,1846.97715,1835.88911
8755.05,2111.52969,1837.232483,1847.16787,1836.064938
8756.05,2111.735595,1837.442569,1847.375755,1836.265478
8757.05,2111.927704,1837.630554,1847.567814,1836.465273
8758.05,2112.168337,1837.836651,1847.778835,1836.669571
8759.05,2112.448816,1838.052511,1848.004263,1836.881306
8760.05,2112.643929,1838.249383,1848.191001,1837.086274
8761.05,2112.897453,1838.475341,1848.409167,1837.301282
8762.05,2113.106761,1838.679274,1848.602978,1837.496757
8763.05,2113.311933,1838.868836,1848.798127,1837.703932
8764.05,2113.424791,1839.050016,1848.970669,1837.870838
8765.05,2113.679544,1839.256418,1849.178625,1838.09441
8766.05,2113.938364,1839.483966,1849.400227,1838.303573
8767.05,2114.206972,1839.702175,1849.618769,1838.517573
8768.05,2114.393643,1839.900892,1849.823849,1838.719038
8769.05,2114.648643,1840.12565,1850.047006,1838.927736
8770.05,2114.864067,1840.331882,1850.250784,1839.129324
8771.05,2115.048654,1840.514432,1850.436173,1839.314289
8772.05,2115.239531,1840.704364,1850.627622,1839.50327
8773.05,2115.520516,1840.937315,1850.862401,1839.737351
8774.05,2115.820626,1841.160782,1851.102496,1839.981713
8775.05,2116.098463,1841.37992,1851.314255,1840.202826
8776.05,2116.392296,1841.591791,1851.539622,1840.429821
8777.05,2116.637052,1841.800476,1851.750443,1840.639109
8778.05,2116.853529,1842.010575,1851.952949,1840.843247
8779.05,2117.074023,1842.209118,1852.15051,1841.030489
8780.05,2117.318352,1842.42084,1852.35779,1841.236147
8781.05,2117.499157,1842.621508,1852.554678,1841.439885
8782.05,2117.740364,1842.824895,1852.764423,1841.659327
8783.05,2117.961638,1843.041204,1852.971093,1841.853573
8784.05,2118.215896,1843.248279,1853.183002,1842.064651
8785.05,2118.482898,1843.478685,1853.414683,1842.277924
8786.05,2118.740559,1843.681082,1853.629185,1842.492825
8787.05,2118.956468,1843.882295,1853.826773,1842.687258
8788.05,2119.21547,1844.087216,1854.036357,1842.901206
8789.05,2119.42963,1844.296592,1854.24345,1843.100395
8790.05,2119.604431,1844.483972,1854.43589,1843.293783
8791.05,2119.938821,1844.72269,1854.672923,1843.529864
8792.05,2120.286565,1844.967764,1854.919487,1843.765174
8793.05,2120.53998,1845.183026,1855.129456,1843.968584
8794.05,2120.777774,1845.39228,1855.337736,1844.187902
8795.05,2120.982671,1845.597844,1855.544529,1844.381096
8796.05,2121.179482,1845.788423,1855.737612,1844.561375
8797.05,2121.408634,1845.997418,1855.948042,1844.764409
8798.05,2121.677872,1846.218853,1856.171259,1844.98725
8799.05,2121.93352,1846.43713,1856.374613,1845.196649
8800.05,2122.22899,1846.674966,1856.602421,1845.405517
8801.05,2122.428783,1846.858519,1856.796151,1845.596585
8802.05,2122.670173,1847.069331,1857.015493,1845.81467
8803.05,2122.88912,1847.262364,1857.218201,1846.017973
8804.05,2123.137746,1847.469475,1857.433331,1846.237405
8805.05,2123.369865,1847.680476,1857.650175,1846.438724
8806.05,2123.666904,1847.907736,1857.868034,1846.66682
8807.05,2123.913405,1848.119592,1858.084168,1846.880131
8808.05,2124.189642,1848.347173,1858.301443,1847.083136
8809.05,2124.454105,1848.562971,1858.515998,1847.293097
8810.05,2124.773759,1848.805217,1858.758133,1847.527989
8811.05,2125.034545,1849.022399,1858.978702,1847.745422
8812.05,2125.303642,1849.2403,1859.21094,1847.973061
8813.05,2125.580364,1849.465283,1859.433396,1848.191627
8814.05,2125.841165,1849.683433,1859.653954,1848.410993
8815.05,2126.141395,1849.914653,1859.886787,1848.624854
8816.05,2126.413102,1850.128673,1860.110134,1848.859229
8817.05,2126.550502,1850.301642,1860.286161,1849.037345
8818.05,2126.769771,1850.511743,1860.499753,1849.246329
8819.05,2127.011345,1850.72634,1860.705604,1849.456173
8820.05,2127.222277,1850.92631,1860.898295,1849.664643
8821.05,2127.562195,1851.170441,1861.142857,1849.902851
8822.05,2127.865659,1851.405052,1861.371915,1850.121974
8823.05,2128.132839,1851.62973,1861.580991,1850.336622
8824.05,2128.354712,1851.830271,1861.789944,1850.531981
8825.05,2128.612739,1852.046457,1862.010724,1850.743824
8826.05,2128.904011,1852.272765,1862.244681,1850.971444
8827.05,2129.160428,1852.48457,1862.465427,1851.191433
8828.05,2129.368265,1852.687984,1862.660049,1851.390857
8829.05,2129.617426,1852.906706,1862.88059,1851.587334
8830.05,2129.832661,1853.115427,1863.091944,1851.788062
8831.05,2130.031877,1853.311519,1863.298606,1851.990772
8832.05,2130.30815,1853.530127,1863.523025,1852.197753
8833.05,2130.544533,1853.750775,1863.747333,1852.394985
8834.05,2130.75574,1853.959001,1863.950467,1852.589013
8835.05,2131.008752,1854.170957,1864.174345,1852.796885
8836.05,2131.276364,1854.388499,1864.389048,1853.01493
8837.05,2131.529976,1854.601613,1864.59634,1853.226881
8838.05,2131.794748,1854.818086,1864.811382,1853.434946
8839.05,2132.032748,1855.031391,1865.01876,1853.669271
8840.05,2132.225023,1855.230738,1865.212681,1853.868535
8841.05,2132.472466,1855.445931,1865.428404,1854.072675
8842.05,2132.699535,1855.64716,1865.640201,1854.279274
8843.05,2132.909157,1855.849305,1865.839255,1854.480637
8844.05,2133.194655,1856.063433,1866.069895,1854.691254
8845.05,2133.489708,1856.288951,1866.295254,1854.908004
8846.05,2133.776885,1856.515701,1866.527144,1855.143199
8847.05,2133.965209,1856.700499,1866.712513,1855.331433
8848.05,2134.172622,1856.887944,1866.901859,1855.528481
8849.05,2134.404318,1857.089205,1867.108251,1855.717715
8850.05,2134.622145,1857.297842,1867.31443,1855.920307
8851.05,2134.853196,1857.494739,1867.526234,1856.12385
8852.05,2135.164134,1857.724394,1867.755538,1856.364249
8853.05,2135.357323,1857.919316,1867.951704,1856.566477
8854.05,2135.612574,1858.145194,1868.161541,1856.788139
8855.05,2135.873184,1858.359951,1868.370933,1857.00417
8856.05,2136.072469,1858.550689,1868.56783,1857.209259
8857.05,2136.286202,1858.749898,1868.762702,1857.398824
8858.05,2136.45863,1858.936546,1868.959829,1857.57915
8859.05,2136.670318,1859.128186,1869.155749,1857.782948
8860.05,2136.91754,1859.329032,1869.365936,1857.99345
8861.05,2137.098189,1859.527274,1869.550595,1858.188589
8862.05,2137.385327,1859.747702,1869.781,1858.416631
8863.05,2137.624,1859.957465,1869.983857,1858.630466
8864.05,2137.904833,1860.171175,1870.198255,1858.856449
8865.05,2138.153339,1860.378744,1870.412268,1859.074029
8866.05,2138.392749,1860.595016,1870.647952,1859.292206
8867.05,2138.645731,1860.802182,1870.861298,1859.505286
8868.05,2138.888946,1861.014235,1871.072879,1859.712923
8869.05,2139.113821,1861.21731,1871.280303,1859.918605
8870.05,2139.384736,1861.431327,1871.50632,1860.132893
8871.05,2139.672442,1861.66827,1871.734075,1860.353322
8872.05,2139.876028,1861.870729,1871.938782,1860.557898
8873.05,2140.126799,1862.079942,1872.156593,1860.760683
8874.05,2140.372807,1862.287391,1872.370046,1860.974592
8875.05,2140.6373,1862.506227,1872.600819,1861.185483
8876.05,2140.904561,1862.730822,1872.819244,1861.405211
8877.05,2141.087573,1862.910253,1873.005785,1861.592809
8878.05,2141.343951,1863.126509,1873.222875,1861.806888
8879.05,2141.584251,1863.33977,1873.434891,1862.019341
8880.05,2141.851621,1863.558997,1873.660651,1862.241885
8881.05,2142.073823,1863.762704,1873.8758,1862.45951
8882.05,2142.342144,1863.975766,1874.099165,1862.687123
8883.05,2142.566789,1864.181033,1874.313012,1862.898214
8884.05,2142.855348,1864.403157,1874.544091,1863.1148
8885.05,2143.041337,1864.59827,1874.733003,1863.303433
8886.05,2143.286876,1864.798523,1874.950477,1863.517925
8887.05,2143.544208,1865.019205,1875.168641,1863.746167
8888.05,2143.711441,1865.201569,1875.356963,1863.923391
8889.05,2143.888741,1865.403522,1875.551548,1864.11387
8890.05,2144.102474,1865.600709,1875.74773,1864.321859
8891.05,2144.388562,1865.82301,1875.972524,1864.542087
8892.05,2144.639031,1866.033693,1876.187835,1864.76368
8893.05,2144.864453,1866.241148,1876.390068,1864.981776
8894.05,2145.092531,1866.447808,1876.603287,1865.172401
8895.05,2145.3328,1866.659144,1876.808077,1865.391646
8896.05,2145.539755,1866.856365,1877.007451,1865.587704
8897.05,2145.778911,1867.077726,1877.207539,1865.784975
8898.05,2145.957871,1867.276764,1877.397435,1865.977338
8899.05,2146.194319,1867.482272,1877.609802,1866.185794
8900.05,2146.446886,1867.69979,1877.809487,1866.387855
8901.05,2146.676746,1867.906994,1878.009623,1866.581391
8902.05,2146.950742,1868.136947,1878.229697,1866.808502
8903.05,2147.123377,1868.318704,1878.422497,1867.007675
8904.05,2147.323874,1868.510105,1878.602588,1867.190378
8905.05,2147.59378,1868.72874,1878.821349,1867.413697
8906.05,2147.827389,1868.938608,1879.023888,1867.609046
8907.05,2148.059008,1869.136924,1879.234109,1867.805904
8908.05,2148.330354,1869.352779,1879.450511,1868.033916
8909.05,2148.575758,1869.571413,1879.662803,1868.240382
8910.05,2148.834532,1869.798761,1879.887543,1868.453724
8911.05,2149.069506,1870.00962,1880.107429,1868.665386
8912.05,2149.291417,1870.21842,1880.314416,1868.864155
8913.05,2149.488394,1870.418057,1880.51627,1869.063435
8914.05,2149.765223,1870.626115,1880.736388,1869.273731
8915.05,2150.011346,1870.839974,1880.954428,1869.47943
8916.05,2150.29185,1871.064268,1881.17401,1869.699868
8917.05,2150.619435,1871.300128,1881.409703,1869.945723
8918.05,2150.847377,1871.511072,1881.618136,1870.145707
8919.05,2151.036189,1871.704103,1881.816353,1870.342307
8920.05,2151.161599,1871.863878,1881.987919,1870.519626
8921.05,2151.433934,1872.075514,1882.205891,1870.739821
8922.05,2151.653991,1872.284593,1882.404671,1870.939437
8923.05,2151.842218,1872.487511,1882.59497,1871.108323
8924.05,2152.064233,1872.682061,1882.790838,1871.310228
8925.05,2152.336064,1872.896263,1882.999676,1871.526978
8926.05,2152.507799,1873.088164,1883.183911,1871.715446
8927.05,2152.760689,1873.300682,1883.401964,1871.935291
8928.05,2152.986412,1873.508876,1883.622039,1872.14174
8929.05,2153.204708,1873.713707,1883.829481,1872.337966
8930.05,2153.488589,1873.942845,1884.044817,1872.554203
8931.05,2153.625272,1874.12397,1884.228408,1872.725132
8932.05,2153.88611,1874.338127,1884.443232,1872.9482
8933.05,2154.09645,1874.530767,1884.634544,1873.153651
8934.05,2154.316254,1874.736752,1884.83541,1873.360043
8935.05,2154.453542,1874.916086,1885.022021,1873.527412
8936.05,2154.689317,1875.125692,1885.23309,1873.742699
8937.05,2154.857675,1875.306471,1885.428745,1873.932907
8938.05,2155.045885,1875.518923,1885.618302,1874.134056
8939.05,2155.260177,1875.721761,1885.817089,1874.332953
8940.05,2155.494933,1875.925547,1886.026327,1874.538335
8941.05,2155.703628,1876.13128,1886.224213,1874.747139
8942.05,2155.911819,1876.332867,1886.430381,1874.94427
8943.05,2156.164457,1876.531851,1886.645338,1875.154274
8944.05,2156.401825,1876.745155,1886.848609,1875.359694
8945.05,2156.588933,1876.944392,1887.051544,1875.551276
8946.05,2156.830127,1877.16195,1887.27518,1875.759444
8947.05,2157.080307,1877.376799,1887.487341,1875.974974
8948.05,2157.329212,1877.586269,1887.699021,1876.180416
8949.05,2157.51748,1877.771572,1887.893611,1876.380681
8950.05,2157.74085,1877.971508,1888.101938,1876.585841
8951.05,2157.937129,1878.167259,1888.296779,1876.793583
8952.05,2158.093099,1878.355587,1888.484006,1876.974429
8953.05,2158.313975,1878.564708,1888.688433,1877.175711
8954.05,2158.543157,1878.75655,1888.883958,1877.3805
8955.05,2158.799445,1878.97203,1889.107476,1877.595006
8956.05,2159.042016,1879.181288,1889.327308,1877.809819
8957.05,2159.307592,1879.410187,1889.55264,1878.032158
8958.05,2159.474181,1879.598381,1889.742082,1878.224803
8959.05,2159.730256,1879.806454,1889.955932,1878.436088
8960.05,2159.933343,1880.009845,1890.149853,1878.634495
8961.05,2160.177204,1880.206324,1890.361709,1878.85129
8962.05,2160.46295,1880.431589,1890.598538,1879.071676
8963.05,2160.662395,1880.633866,1890.801192,1879.262575
8964.05,2160.889586,1880.846126,1891.014772,1879.466109
8965.05,2161.097847,1881.041032,1891.206307,1879.658431
8966.05,2161.335972,1881.240132,1891.413556,1879.861929
8967.05,2161.640274,1881.474929,1891.637765,1880.094583
8968.05,2161.915968,1881.698904,1891.850841,1880.308139
8969.05,2162.15094,1881.903703,1892.069022,1880.511675
8970.05,2162.425481,1882.12569,1892.288505,1880.73667
8971.05,2162.67012,1882.333193,1892.49968,1880.945341
8972.05,2162.862569,1882.52489,1892.690131,1881.134656
8973.05,2163.163388,1882.73786,1892.919263,1881.365137
8974.05,2163.345593,1882.943492,1893.113798,1881.560925
8975.05,2163.614459,1883.159909,1893.338644,1881.773406
8976.05,2163.848886,1883.377971,1893.54609,1881.978161
8977.05,2164.033523,1883.570873,1893.753431,1882.166611
8978.05,2164.325835,1883.792752,1893.985064,1882.386072
8979.05,2164.530124,1883.992464,1894.181543,1882.5877
8980.05,2164.760762,1884.195703,1894.38809,1882.780089
8981.05,2165.032969,1884.419301,1894.611825,1882.997927
8982.05,2165.217782,1884.600243,1894.811158,1883.180273
8983.05,2165.446825,1884.798157,1895.002244,1883.39262
8984.05,2165.683961,1885.010899,1895.201602,1883.602487
8985.05,2165.928025,1885.220346,1895.407548,1883.81231
8986.05,2166.187085,1885.424619,1895.635542,1884.031977
8987.05,2166.443853,1885.648226,1895.850143,1884.244563
8988.05,2166.722014,1885.870757,1896.090615,1884.468762
8989.05,2167.035223,1886.108745,1896.328679,1884.719135
8990.05,2167.299414,1886.320539,1896.558359,1884.937145
8991.05,2167.559677,1886.540953,1896.778319,1885.147351
8992.05,2167.805524,1886.762386,1896.995126,1885.356736
8993.05,2168.081769,1886.982765,1897.216782,1885.570308
8994.05,2168.320977,1887.199059,1897.418383,1885.783175
8995.05,2168.55076,1887.391511,1897.61765,1885.986959
8996.05,2168.760656,1887.582475,1897.798547,1886.177248
8997.05,2169.037392,1887.811748,1898.019647,1886.399823
8998.05,2169.268835,1888.033015,1898.226834,1886.601099
8999.05,2169.468441,1888.232854,1898.431696,1886.789874
9000.05,2169.663891,1888.425452,1898.625006,1886.982755
9001.05,2169.908034,1888.639483,1898.82858,1887.197036
9002.05,2170.102843,1888.829099,1899.027359,1887.396646
9003.05,2170.31071,1889.027311,1899.231589,1887.602143
9004.05,2170.545032,1889.227013,1899.445014,1887.811305
9005.05,2170.722408,1889.424196,1899.637493,1888.003187
9006.05,2170.863546,1889.581453,1899.801615,1888.180499
9007.05,2171.092742,1889.778591,1899.998926,1888.379359
9008.05,2171.300472,1889.976438,1900.20322,1888.575686
9009.05,2171.526612,1890.175397,1900.402382,1888.781559
9010.05,2171.747855,1890.382051,1900.612876,1888.970097
9011.05,2171.953149,1890.576244,1900.807611,1889.179779
9012.05,2172.144336,1890.763766,1901.011648,1889.376897
9013.05,2172.363288,1890.958712,1901.214588,1889.566133
9014.05,2172.558128,1891.156619,1901.408121,1889.760216
9015.05,2172.811275,1891.375718,1901.63662,1889.967404
9016.05,2172.997609,1891.571967,1901.82616,1890.163525
9017.05,2173.190383,1891.769131,1902.029445,1890.342146
9018.05,2173.413611,1891.977042,1902.224797,1890.552524
9019.05,2173.721758,1892.199253,1902.458517,1890.778772
9020.05,2173.933854,1892.399944,1902.660476,1890.963477
9021.05,2174.21252,1892.618278,1902.886807,1891.188598
9022.05,2174.423641,1892.810514,1903.089729,1891.405386
9023.05,2174.715964,1893.052251,1903.324954,1891.635379
9024.05,2174.980802,1893.264223,1903.532343,1891.84658
9025.05,2175.245857,1893.480253,1903.73795,1892.049827
9026.05,2175.419111,1893.670362,1903.926139,1892.23213
9027.05,2175.664727,1893.887673,1904.150653,1892.442444
9028.05,2175.960007,1894.112904,1904.383844,1892.662047
9029.05,2176.185431,1894.310909,1904.580158,1892.87413
9030.05,2176.477487,1894.552171,1904.811162,1893.094092
9031.05,2176.737468,1894.754974,1905.022502,1893.309578
9032.05,2176.941783,1894.961632,1905.225171,1893.506486
9033.05,2177.222409,1895.181697,1905.448485,1893.728268
9034.05,2177.417026,1895.374475,1905.640888,1893.927137
9035.05,2177.625965,1895.577484,1905.83574,1894.116206
9036.05,2177.841528,1895.790728,1906.047691,1894.317128
9037.05,2178.006292,1895.97231,1906.231966,1894.498661
9038.05,2178.268385,1896.191147,1906.448471,1894.715214
9039.05,2178.440852,1896.368338,1906.638857,1894.8981
9040.05,2178.734254,1896.595284,1906.870921,1895.114018
9041.05,2179.008205,1896.813168,1907.085979,1895.322916
9042.05,2179.234346,1897.019993,1907.290378,1895.525311
9043.05,2179.418572,1897.20708,1907.483873,1895.715536
9044.05,2179.69509,1897.432736,1907.709753,1895.943006
9045.05,2180.019691,1897.65808,1907.945572,1896.184766
9046.05,2180.275986,1897.865386,1908.160494,1896.39812
9047.05,2180.543921,1898.082327,1908.38533,1896.608309
9048.05,2180.774117,1898.288607,1908.587503,1896.815796
9049.05,2181.055161,1898.513618,1908.818446,1897.037809
9050.05,2181.309751,1898.735535,1909.017712,1897.248833
9051.05,2181.546829,1898.937392,1909.234112,1897.449066
9052.05,2181.755612,1899.133882,1909.431511,1897.638011
9053.05,2181.964953,1899.331576,1909.632093,1897.835968
9054.05,2182.261866,1899.552684,1909.858286,1898.063142
9055.05,2182.473535,1899.762733,1910.073753,1898.27019
9056.05,2182.773021,1899.978927,1910.300412,1898.482199
9057.05,2183.00228,1900.193426,1910.516294,1898.689781
9058.05,2183.288341,1900.420307,1910.745037,1898.928864
9059.05,2183.550872,1900.633972,1910.956495,1899.153078
9060.05,2183.832511,1900.863105,1911.176824,1899.37308
9061.05,2184.057995,1901.066483,1911.376723,1899.583495
9062.05,2184.271018,1901.262532,1911.578861,1899.784919
9063.05,2184.446691,1901.446864,1911.774683,1899.978231
9064.05,2184.761545,1901.68915,1911.999489,1900.218249
9065.05,2184.961019,1901.883276,1912.196681,1900.415881
9066.05,2185.166853,1902.076127,1912.403501,1900.60578
9067.05,2185.483968,1902.31322,1912.638893,1900.836633
9068.05,2185.748971,1902.523183,1912.860462,1901.055646
9069.05,2186.010822,1902.742455,1913.071434,1901.260734
9070.05,2186.282616,1902.955624,1913.283925,1901.486955
9071.05,2186.516738,1903.160569,1913.502689,1901.693258
9072.05,2186.800053,1903.376505,1913.729951,1901.914655
9073.05,2187.045418,1903.581452,1913.937664,1902.122228
9074.05,2187.286653,1903.787295,1914.143383,1902.341684
9075.05,2187.523675,1904.002783,1914.353551,1902.55665
9076.05,2187.825953,1904.241894,1914.579161,1902.791789
9077.05,2188.091949,1904.457812,1914.810696,1902.990165
9078.05,2188.317718,1904.652329,1915.016571,1903.193502
9079.05,2188.531556,1904.862471,1915.223247,1903.385979
9080.05,2188.769928,1905.074209,1915.432336,1903.588957
9081.05,2188.961856,1905.270378,1915.630299,1903.78616
9082.05,2189.186372,1905.477683,1915.828771,1903.981838
9083.05,2189.427626,1905.682019,1916.046384,1904.189781
9084.05,2189.679186,1905.889789,1916.253952,1904.408484
9085.05,2189.938392,1906.107458,1916.467503,1904.635214
9086.05,2190.223009,1906.325697,1916.689623,1904.850571
9087.05,2190.439436,1906.540095,1916.889852,1905.057899
9088.05,2190.627689,1906.7244,1917.078342,1905.253518
9089.05,2190.852801,1906.925969,1917.278085,1905.452009
9090.05,2191.10996,1907.135349,1917.485061,1905.660778
9091.05,2191.366578,1907.355717,1917.692897,1905.869094
9092.05,2191.60437,1907.560608,1917.903803,1906.077426
9093.05,2191.845465,1907.774588,1918.113074,1906.286052
9094.05,2192.130603,1907.998099,1918.328615,1906.506422
9095.05,2192.376945,1908.220055,1918.551259,1906.737763
9096.05,2192.625202,1908.42813,1918.762783,1906.952054
9097.05,2192.887074,1908.635437,1918.96603,1907.159555
9098.05,2193.066061,1908.831667,1919.14853,1907.360586
9099.05,2193.35168,1909.067673,1919.371452,1907.597969
9100.05,2193.519822,1909.255829,1919.565593,1907.784806
9101.05,2193.818689,1909.492317,1919.791694,1908.011978
9102.05,2194.038796,1909.695266,1919.986707,1908.212042
9103.05,2194.278572,1909.899001,1920.18807,1908.40703
9104.05,2194.453914,1910.08999,1920.383993,1908.59344
9105.05,2194.705073,1910.307336,1920.604068,1908.80451
9106.05,2194.997851,1910.51671,1920.811191,1909.027446
9107.05,2195.284619,1910.743828,1921.019595,1909.248868
9108.05,2195.494729,1910.944512,1921.222488,1909.449441
9109.05,2195.78351,1911.159596,1921.447547,1909.675088
9110.05,2196.038046,1911.366966,1921.667996,1909.886796
9111.05,2196.29864,1911.569902,1921.881597,1910.090293
9112.05,2196.502777,1911.764788,1922.081363,1910.280112
9113.05,2196.71818,1911.954524,1922.274378,1910.480327
9114.05,2196.959932,1912.160383,1922.476677,1910.686163
9115.05,2197.159548,1912.347186,1922.658833,1910.869035
9116.05,2197.322154,1912.543371,1922.855128,1911.048685
9117.05,2197.595902,1912.758643,1923.081413,1911.256316
9118.05,2197.883744,1912.982363,1923.323644,1911.480214
9119.05,2197.973391,1913.139748,1923.476396,1911.6444
9120.05,2198.233532,1913.366899,1923.703714,1911.863027
9121.05,2198.435305,1913.560084,1923.905017,1912.053384
9122.05,2198.709949,1913.772957,1924.121062,1912.273116
9123.05,2198.934132,1913.974656,1924.321435,1912.468002
9124.05,2199.150189,1914.183549,1924.52329,1912.661213
9125.05,2199.419075,1914.404403,1924.735712,1912.882876
9126.05,2199.685055,1914.611575,1924.956892,1913.107248
9127.05,2199.879527,1914.803504,1925.142385,1913.285614
9128.05,2200.095055,1915.006274,1925.34642,1913.493073
9129.05,2200.371798,1915.230056,1925.570263,1913.715445
9130.05,2200.635522,1915.446486,1925.802516,1913.939
9131.05,2200.827294,1915.637718,1926.006685,1914.114719
9132.05,2201.089005,1915.853088,1926.219277,1914.323956
9133.05,2201.293933,1916.046223,1926.426185,1914.527343
9134.05,2201.553746,1916.252881,1926.645578,1914.733727
9135.05,2201.834429,1916.478585,1926.872238,1914.956121
9136.05,2202.06341,1916.678001,1927.077455,1915.161772
9137.05,2202.294542,1916.887748,1927.295657,1915.384244
9138.05,2202.535064,1917.101295,1927.497452,1915.597169
9139.05,2202.793439,1917.322436,1927.713174,1915.811831
9140.05,2202.987451,1917.508247,1927.900101,1916.003221
9141.05,2203.264932,1917.736324,1928.12656,1916.223233
9142.05,2203.485829,1917.937381,1928.332622,1916.426403
9143.05,2203.773024,1918.155602,1928.565751,1916.650312
9144.05,2203.981034,1918.356373,1928.768313,1916.85608
9145.05,2204.223901,1918.563885,1928.986886,1917.057117
9146.05,2204.495941,1918.788432,1929.216527,1917.284357
9147.05,2204.786276,1919.016571,1929.434522,1917.496598
9148.05,2205.078171,1919.24111,1929.671581,1917.714706
9149.05,2205.307687,1919.446262,1929.878676,1917.924308
9150.05,2205.574177,1919.667785,1930.102077,1918.139089
9151.05,2205.820336,1919.879074,1930.315031,1918.34664
9152.05,2206.035528,1920.082716,1930.514829,1918.559413
9153.05,2206.262541,1920.284299,1930.724034,1918.762184
9154.05,2206.524694,1920.498282,1930.944435,1918.984276
9155.05,2206.784396,1920.707333,1931.150372,1919.195119
9156.05,2207.046491,1920.928369,1931.383377,1919.411669
9157.05,2207.250807,1921.123225,1931.573876,1919.604336
9158.05,2207.529718,1921.350412,1931.792758,1919.819246
9159.05,2207.819706,1921.579903,1932.020309,1920.044952
9160.05,2208.001614,1921.76613,1932.222467,1920.237395
9161.05,2208.174824,1921.954447,1932.413587,1920.42286
9162.05,2208.457766,1922.175357,1932.63671,1920.648765
9163.05,2208.677178,1922.382364,1932.841004,1920.855825
9164.05,2208.913588,1922.587535,1933.050144,1921.073004
9165.05,2209.106344,1922.789017,1933.24239,1921.27022
9166.05,2209.322882,1922.994272,1933.441636,1921.478642
9167.05,2209.560761,1923.217178,1933.651368,1921.693308
9168.05,2209.741248,1923.413881,1933.84597,1921.873488
9169.05,2209.982731,1923.630509,1934.072022,1922.084023
9170.05,2210.270415,1923.85826,1934.291969,1922.309537
9171.05,2210.403531,1924.036167,1934.465924,1922.488072
9172.05,2210.64158,1924.239794,1934.669226,1922.692557
9173.05,2210.827898,1924.438162,1934.848606,1922.891613
9174.05,2211.090948,1924.66387,1935.062731,1923.112241
9175.05,2211.337333,1924.887224,1935.279986,1923.321683
9176.05,2211.522806,1925.080936,1935.470262,1923.522524
9177.05,2211.776941,1925.292587,1935.687779,1923.740427
9178.05,2212.052637,1925.526065,1935.909991,1923.966008
9179.05,2212.308583,1925.751716,1936.117857,1924.177935
9180.05,2212.527245,1925.950539,1936.323639,1924.383976
9181.05,2212.825409,1926.166505,1936.543309,1924.612943
9182.05,2213.020506,1926.36877,1936.742266,1924.81067
9183.05,2213.239408,1926.571158,1936.955503,1925.013227
9184.05,2213.441444,1926.763523,1937.148339,1925.213209
9185.05,2213.691031,1926.975249,1937.362859,1925.434291
9186.05,2213.930439,1927.181525,1937.570497,1925.647145
9187.05,2214.142111,1927.376248,1937.771322,1925.852502
9188.05,2214.345188,1927.568002,1937.967483,1926.04981
9189.05,2214.626186,1927.791313,1938.178239,1926.274231
9190.05,2214.931288,1928.020923,1938.407558,1926.493451
9191.05,2215.195555,1928.236708,1938.624331,1926.696448
9192.05,2215.413215,1928.433552,1938.830565,1926.897225
9193.05,2215.590119,1928.642275,1939.029476,1927.117501
9194.05,2215.817906,1928.841928,1939.241068,1927.321744
9195.05,2216.102714,1929.060717,1939.463911,1927.554971
9196.05,2216.399288,1929.276774,1939.69642,1927.770646
9197.05,2216.648056,1929.495882,1939.90327,1927.989117
9198.05,2216.87627,1929.706336,1940.100762,1928.198166
9199.05,2217.080289,1929.909816,1940.307337,1928.412243
9200.05,2217.292102,1930.113578,1940.515624,1928.619229
9201.05,2217.550764,1930.311393,1940.723976,1928.816878
9202.05,2217.763959,1930.51906,1940.930029,1929.013581
9203.05,2217.999344,1930.735513,1941.12947,1929.219635
9204.05,2218.285481,1930.958516,1941.362676,1929.439799
9205.05,2218.513128,1931.164828,1941.582556,1929.636433
9206.05,2218.817396,1931.392077,1941.813156,1929.880039
9207.05,2219.060928,1931.615405,1942.020099,1930.073448
9208.05,2219.258458,1931.821327,1942.212972,1930.282755
9209.05,2219.479171,1932.020601,1942.40603,1930.483795
9210.05,2219.688824,1932.231235,1942.610841,1930.69377
9211.05,2219.877276,1932.434965,1942.809713,1930.910349
9212.05,2220.152133,1932.663525,1943.035898,1931.1309
9213.05,2220.419922,1932.879775,1943.258261,1931.346967
9214.05,2220.672663,1933.08135,1943.474771,1931.565155
9215.05,2220.928361,1933.296089,1943.687185,1931.788519
9216.05,2221.138944,1933.498338,1943.889371,1931.987749
9217.05,2221.328952,1933.689859,1944.076113,1932.183427
9218.05,2221.575317,1933.892117,1944.2948,1932.392461
9219.05,2221.782948,1934.1023,1944.501434,1932.601371
9220.05,2222.113148,1934.337539,1944.745939,1932.844987
9221.05,2222.360004,1934.548904,1944.969048,1933.058343
9222.05,2222.582456,1934.752157,1945.172451,1933.256285
9223.05,2222.817899,1934.962142,1945.390244,1933.457952
9224.05,2223.066491,1935.179733,1945.617394,1933.669097
9225.05,2223.269254,1935.369059,1945.81348,1933.870854
9226.05,2223.54993,1935.587896,1946.032551,1934.09993
9227.05,2223.759475,1935.797532,1946.241851,1934.300213
9228.05,2223.98701,1936.009293,1946.447236,1934.496772
9229.05,2224.196997,1936.205312,1946.644249,1934.696991
9230.05,2224.445587,1936.420728,1946.863539,1934.901778
9231.05,2224.689451,1936.63392,1947.074185,1935.119722
9232.05,2224.91807,1936.8441,1947.279326,1935.320241
9233.05,2225.18303,1937.060779,1947.500756,1935.531432
9234.05,2225.436947,1937.268898,1947.714041,1935.750202
9235.05,2225.668448,1937.475928,1947.93119,1935.963875
9236.05,2225.958452,1937.698081,1948.149619,1936.172741
9237.05,2226.187022,1937.910017,1948.35883,1936.386259
9238.05,2226.434191,1938.118272,1948.557827,1936.59369
9239.05,2226.611996,1938.316446,1948.759501,1936.779852
9240.05,2226.81991,1938.513271,1948.956158,1936.98955
9241.05,2227.038424,1938.715513,1949.156801,1937.191212
9242.05,2227.240908,1938.91963,1949.360724,1937.396138
9243.05,2227.454425,1939.117845,1949.568723,1937.59304
9244.05,2227.671764,1939.328812,1949.778127,1937.789127
9245.05,2227.925167,1939.533376,1949.998701,1938.012399
9246.05,2228.088986,1939.702974,1950.189171,1938.191387
9247.05,2228.275449,1939.899098,1950.384404,1938.39266
9248.05,2228.502086,1940.111022,1950.590006,1938.615986
9249.05,2228.762265,1940.319606,1950.802081,1938.826217
9250.05,2229.00292,1940.529667,1951.015113,1939.027495
9251.05,2229.1828,1940.717237,1951.201069,1939.20823
9252.05,2229.388889,1940.919639,1951.398053,1939.404958
9253.05,2229.623752,1941.125306,1951.60606,1939.618219
9254.05,2229.870068,1941.329617,1951.809161,1939.818203
9255.05,2230.12012,1941.548419,1952.018819,1940.019718
9256.05,2230.280526,1941.732586,1952.20204,1940.204344
9257.05,2230.520105,1941.932513,1952.417761,1940.409729
9258.05,2230.732019,1942.129121,1952.620272,1940.609118
9259.05,2230.920705,1942.31406,1952.810106,1940.802686
9260.05,2231.184462,1942.542981,1953.036049,1941.021184
9261.05,2231.376902,1942.749385,1953.232223,1941.218227
9262.05,2231.520318,1942.940757,1953.399115,1941.397874
9263.05,2231.725919,1943.131419,1953.596255,1941.585013
9264.05,2231.989299,1943.346517,1953.805066,1941.802421
9265.05,2232.231953,1943.557317,1954.023187,1942.021682
9266.05,2232.473679,1943.768624,1954.229566,1942.238569
9267.05,2232.686731,1943.956815,1954.434167,1942.426577
9268.05,2232.957595,1944.177753,1954.655061,1942.660152
9269.05,2233.232433,1944.40036,1954.869951,1942.887372
9270.05,2233.504302,1944.605434,1955.099717,1943.107568
9271.05,2233.765283,1944.808924,1955.331549,1943.31601
9272.05,2233.986646,1945.001643,1955.529635,1943.53192
9273.05,2234.211556,1945.209094,1955.729399,1943.729937
9274.05,2234.479773,1945.424229,1955.94249,1943.950426
9275.05,2234.673155,1945.622572,1956.130211,1944.143328
9276.05,2234.808829,1945.794751,1956.296141,1944.31617
9277.05,2235.038668,1946.009822,1956.492387,1944.524013
9278.05,2235.253594,1946.207581,1956.687777,1944.717464
9279.05,2235.472555,1946.411287,1956.897228,1944.923964
9280.05,2235.711545,1946.618816,1957.108027,1945.139384
9281.05,2235.966982,1946.834301,1957.328983,1945.346226
9282.05,2236.201101,1947.029844,1957.534084,1945.54316
9283.05,2236.380451,1947.230744,1957.729896,1945.73355
9284.05,2236.585457,1947.440796,1957.93172,1945.941915
9285.05,2236.814767,1947.652515,1958.146877,1946.148579
9286.05,2237.094718,1947.876115,1958.370956,1946.372489
9287.05,2237.338642,1948.084988,1958.579326,1946.579349
9288.05,2237.552443,1948.284679,1958.781946,1946.779345
9289.05,2237.782678,1948.493994,1958.993404,1946.97467
9290.05,2238.036528,1948.717484,1959.211136,1947.195722
9291.05,2238.257766,1948.930077,1959.416591,1947.398878
9292.05,2238.501681,1949.134744,1959.625147,1947.608073
9293.05,2238.720744,1949.337483,1959.845472,1947.80903
9294.05,2238.9741,1949.551646,1960.057019,1948.025182
9295.05,2239.208935,1949.760212,1960.273243,1948.220937
9296.05,2239.407246,1949.960224,1960.466645,1948.419712
9297.05,2239.644584,1950.168867,1960.669486,1948.628735
9298.05,2239.857172,1950.373683,1960.858542,1948.830896
9299.05,2239.995439,1950.552187,1961.043602,1949.015589
9300.05,2240.193153,1950.746775,1961.224698,1949.208105
9301.05,2240.50066,1950.975678,1961.4608,1949.439994
9302.05,2240.684369,1951.164752,1961.658165,1949.631992
9303.05,2240.901294,1951.380019,1961.864642,1949.829144
9304.05,2241.143017,1951.594957,1962.075126,1950.041706
9305.05,2241.396994,1951.814365,1962.296501,1950.254285
9306.05,2241.690042,1952.036544,1962.521664,1950.476171
9307.05,2241.98671,1952.253271,1962.750273,1950.693781
9308.05,2242.173674,1952.449062,1962.942951,1950.895319
9309.05,2242.397972,1952.653342,1963.147243,1951.090337
9310.05,2242.678084,1952.861838,1963.366685,1951.302609
9311.05,2242.910692,1953.083388,1963.585206,1951.523483
9312.05,2243.159993,1953.298477,1963.80804,1951.732629
9313.05,2243.337346,1953.499494,1963.996175,1951.922453
9314.05,2243.563031,1953.700493,1964.211012,1952.141075
9315.05,2243.804665,1953.905457,1964.417808,1952.349821
9316.05,2244.03084,1954.107279,1964.622687,1952.550427
9317.05,2244.2952,1954.327988,1964.837352,1952.768226
9318.05,2244.536251,1954.536068,1965.040229,1952.978934
9319.05,2244.789345,1954.742843,1965.257844,1953.186888
9320.05,2244.98663,1954.937152,1965.464802,1953.382512
9321.05,2245.262524,1955.159158,1965.686329,1953.601378
9322.05,2245.537314,1955.381241,1965.913257,1953.825505
9323.05,2245.819987,1955.60621,1966.125909,1954.050446
9324.05,2246.076433,1955.836151,1966.340876,1954.25727
9325.05,2246.316384,1956.035969,1966.559317,1954.463001
9326.05,2246.529886,1956.234724,1966.76405,1954.659461
9327.05,2246.72575,1956.435166,1966.961752,1954.861023
9328.05,2246.977744,1956.64597,1967.173141,1955.075924
9329.05,2247.19446,1956.84695,1967.370161,1955.267831
9330.05,2247.432516,1957.063738,1967.57732,1955.474327
9331.05,2247.691837,1957.279719,1967.791254,1955.693567
9332.05,2247.847309,1957.468239,1967.982018,1955.872509
9333.05,2248.078715,1957.672937,1968.192428,1956.077704
9334.05,2248.330789,1957.887847,1968.406351,1956.295837
9335.05,2248.577192,1958.086795,1968.618191,1956.503247
9336.05,2248.813747,1958.308923,1968.826712,1956.705978
9337.05,2249.076831,1958.534217,1969.043725,1956.918941
9338.05,2249.362442,1958.746674,1969.267073,1957.132943
9339.05,2249.581955,1958.947988,1969.459223,1957.340289
9340.05,2249.800747,1959.139797,1969.652373,1957.542544
9341.05,2250.07383,1959.34892,1969.856991,1957.753836
9342.05,2250.314127,1959.556879,1970.080811,1957.96853
9343.05,2250.540891,1959.759866,1970.291131,1958.168298
9344.05,2250.740549,1959.962432,1970.506923,1958.361738
9345.05,2250.966307,1960.169234,1970.709931,1958.552679
9346.05,2251.219184,1960.381908,1970.923759,1958.765796
9347.05,2251.551817,1960.612402,1971.167734,1958.99935
9348.05,2251.8014,1960.824974,1971.373924,1959.213092
9349.05,2252.001785,1961.022044,1971.572147,1959.406465
9350.05,2252.278483,1961.248106,1971.789294,1959.639167
9351.05,2252.536528,1961.454543,1972.00539,1959.858189
9352.05,2252.743527,1961.645209,1972.203247,1960.039496
9353.05,2252.970162,1961.857641,1972.406499,1960.239086
9354.05,2253.125158,1962.032064,1972.589103,1960.416683
9355.05,2253.2554,1962.221724,1972.763425,1960.58834
9356.05,2253.467063,1962.41419,1972.958186,1960.793594
9357.05,2253.73048,1962.622908,1973.174058,1961.01569
9358.05,2254.023315,1962.843969,1973.39665,1961.247612
9359.05,2254.228122,1963.040625,1973.602779,1961.445963
9360.05,2254.433371,1963.236963,1973.804186,1961.65004
9361.05,2254.732593,1963.46519,1974.025832,1961.875139
9362.05,2254.961721,1963.669682,1974.216878,1962.079841
9363.05,2255.284035,1963.90913,1974.437992,1962.314749
9364.05,2255.549155,1964.122652,1974.650894,1962.523659
9365.05,2255.829034,1964.346033,1974.88457,1962.738445
9366.05,2256.069664,1964.561445,1975.090478,1962.945704
9367.05,2256.26251,1964.74766,1975.281467,1963.135676
9368.05,2256.446178,1964.936413,1975.466355,1963.33277
9369.05,2256.69485,1965.154451,1975.677314,1963.542386
9370.05,2256.953806,1965.370025,1975.892003,1963.747548
9371.05,2257.235691,1965.595167,1976.130297,1963.967479
9372.05,2257.479667,1965.801997,1976.341738,1964.179834
9373.05,2257.801926,1966.030707,1976.581374,1964.415922
9374.05,2258.088195,1966.250713,1976.804761,1964.640415
9375.05,2258.374555,1966.466889,1977.030162,1964.851219
9376.05,2258.686323,1966.702587,1977.271312,1965.084282
9377.05,2258.873941,1966.893348,1977.457326,1965.280194
9378.05,2259.075488,1967.09661,1977.653326,1965.476015
9379.05,2259.262635,1967.284963,1977.844688,1965.675184
9380.05,2259.571594,1967.517493,1978.073487,1965.924933
9381.05,2259.835613,1967.726063,1978.293944,1966.140701
9382.05,2260.142882,1967.943488,1978.532256,1966.37242
9383.05,2260.373117,1968.163616,1978.757259,1966.583023
9384.05,2260.639826,1968.374007,1978.974803,1966.802999
9385.05,2260.899888,1968.590041,1979.195397,1967.007109
9386.05,2261.062371,1968.783849,1979.381895,1967.195523
9387.05,2261.281034,1968.980566,1979.573107,1967.400178
9388.05,2261.576133,1969.225041,1979.802721,1967.629888
9389.05,2261.794253,1969.416808,1980.008371,1967.838106
9390.05,2262.019781,1969.624492,1980.219119,1968.03406
9391.05,2262.331137,1969.857562,1980.457406,1968.272007
9392.05,2262.63944,1970.091312,1980.684603,1968.505377
9393.05,2262.872587,1970.298787,1980.875319,1968.72385
9394.05,2263.130096,1970.504355,1981.089048,1968.936416
9395.05,2263.35419,1970.702671,1981.291027,1969.139454
9396.05,2263.572646,1970.896408,1981.485587,1969.34152
9397.05,2263.844869,1971.115324,1981.701092,1969.548797
9398.05,2264.139727,1971.347492,1981.936315,1969.781458
9399.05,2264.333096,1971.549875,1982.133855,1969.968491
9400.05,2264.597739,1971.770664,1982.33813,1970.18412
9401.05,2264.802225,1971.960453,1982.539091,1970.3758
9402.05,2264.973997,1972.144354,1982.729297,1970.569879
9403.05,2265.271274,1972.36089,1982.957509,1970.794281
9404.05,2265.470981,1972.568166,1983.159716,1970.995674
9405.05,2265.694444,1972.760852,1983.361225,1971.198651
9406.05,2265.86971,1972.948972,1983.536839,1971.387197
9407.05,2266.138031,1973.164191,1983.757452,1971.595545
9408.05,2266.337951,1973.367045,1983.955748,1971.788306
9409.05,2266.572435,1973.575413,1984.16669,1972.00756
9410.05,2266.814074,1973.775951,1984.377506,1972.228938
9411.05,2266.993433,1973.959159,1984.566013,1972.418329
9412.05,2267.193782,1974.160496,1984.76126,1972.6161
9413.05,2267.427878,1974.372768,1984.970276,1972.822533
9414.05,2267.664462,1974.593517,1985.172099,1973.033393
9415.05,2267.934219,1974.811987,1985.391417,1973.250708
9416.05,2268.113201,1975.007053,1985.577686,1973.429832
9417.05,2268.298913,1975.186943,1985.766314,1973.615262
9418.05,2268.601109,1975.419465,1985.997273,1973.833054
9419.05,2268.804982,1975.620171,1986.188301,1974.033284
9420.05,2269.031303,1975.830682,1986.392538,1974.229037
9421.05,2269.275962,1976.052635,1986.605343,1974.439868
9422.05,2269.499716,1976.263672,1986.811618,1974.646049
9423.05,2269.716844,1976.466158,1987.017056,1974.852576
9424.05,2269.964449,1976.670227,1987.243725,1975.06363
9425.05,2270.184586,1976.871036,1987.444407,1975.26311
9426.05,2270.454936,1977.08047,1987.661435,1975.477811
9427.05,2270.66604,1977.282291,1987.874796,1975.680575
9428.05,2270.941982,1977.504506,1988.102738,1975.909988
9429.05,2271.105925,1977.689939,1988.274315,1976.087761
9430.05,2271.305712,1977.879765,1988.466067,1976.286952
9431.05,2271.511322,1978.073169,1988.66656,1976.475928
9432.05,2271.754814,1978.271643,1988.872211,1976.685678
9433.05,2271.98012,1978.472798,1989.060218,1976.885573
9434.05,2272.22418,1978.684941,1989.284083,1977.090045
9435.05,2272.461521,1978.897926,1989.49228,1977.295096
9436.05,2272.692878,1979.10833,1989.697814,1977.493044
9437.05,2272.932069,1979.313245,1989.907771,1977.693447
9438.05,2273.18027,1979.52273,1990.121182,1977.904078
9439.05,2273.465976,1979.748674,1990.360767,1978.124868
9440.05,2273.771738,1979.976402,1990.601505,1978.354296
9441.05,2274.00738,1980.195092,1990.812256,1978.57114
9442.05,2274.312308,1980.414462,1991.054898,1978.80454
9443.05,2274.648828,1980.653583,1991.294902,1979.050137
9444.05,2274.948303,1980.878753,1991.520602,1979.275655
9445.05,2275.208511,1981.089204,1991.741365,1979.479666
9446.05,2275.430692,1981.307426,1991.945906,1979.681971
9447.05,2275.644896,1981.501705,1992.148927,1979.880412
9448.05,2275.884765,1981.716617,1992.3641,1980.08378
9449.05,2276.052049,1981.899878,1992.559458,1980.259309
9450.05,2276.185258,1982.071717,1992.744954,1980.427155
9451.05,2276.500855,1982.319707,1992.984279,1980.663744
9452.05,2276.763633,1982.52822,1993.204868,1980.887438
9453.05,2277.048312,1982.757089,1993.424112,1981.117445
9454.05,2277.257653,1982.953504,1993.623581,1981.319394
9455.05,2277.448075,1983.158918,1993.826281,1981.507804
9456.05,2277.646673,1983.363019,1994.035323,1981.710705
9457.05,2277.894661,1983.575694,1994.237142,1981.923991
9458.05,2278.214369,1983.810212,1994.490959,1982.176666
9459.05,2278.434279,1984.01214,1994.701689,1982.379175
9460.05,2278.635747,1984.200819,1994.903701,1982.578726
9461.05,2278.920149,1984.423755,1995.127227,1982.804758
9462.05,2279.17084,1984.639177,1995.340531,1983.023702
9463.05,2279.436469,1984.853934,1995.547285,1983.244642
9464.05,2279.703724,1985.073392,1995.762206,1983.45582
9465.05,2279.946262,1985.282398,1995.974378,1983.660045
9466.05,2280.192243,1985.478837,1996.175727,1983.874952
9467.05,2280.446772,1985.700815,1996.401516,1984.093442
9468.05,2280.690253,1985.912223,1996.620578,1984.299714
9469.05,2280.956171,1986.133041,1996.84909,1984.527831
9470.05,2281.160596,1986.333396,1997.048611,1984.721231
9471.05,2281.356662,1986.530385,1997.243464,1984.912621
9472.05,2281.613625,1986.745711,1997.4712,1985.134572
9473.05,2281.884517,1986.959058,1997.684452,1985.352184
9474.05,2282.12328,1987.172758,1997.894148,1985.564933
9475.05,2282.394443,1987.395007,1998.109393,1985.76817
9476.05,2282.581508,1987.59147,1998.301306,1985.966879
9477.05,2282.886793,1987.823786,1998.535091,1986.209219
9478.05,2283.097534,1988.026496,1998.731694,1986.406516
9479.05,2283.303134,1988.236898,1998.931122,1986.619319
9480.05,2283.533802,1988.443402,1999.139718,1986.830935
9481.05,2283.737621,1988.649343,1999.344966,1987.017004
9482.05,2284.020026,1988.866523,1999.563821,1987.238234
9483.05,2284.271645,1989.069182,1999.786654,1987.45084
9484.05,2284.543645,1989.274376,2000.023356,1987.683977
9485.05,2284.774459,1989.476707,2000.233693,1987.907099
9486.05,2285.042388,1989.695469,2000.460636,1988.135335
9487.05,2285.28798,1989.909447,2000.6673,1988.33908
9488.05,2285.541797,1990.1185,2000.893844,1988.546215
9489.05,2285.734184,1990.302707,2001.086747,1988.742382
9490.05,2285.949198,1990.502092,2001.295733,1988.929862
9491.05,2286.207387,1990.717459,2001.518511,1989.154983
9492.05,2286.400534,1990.914611,2001.718382,1989.34065
9493.05,2286.661264,1991.14081,2001.945039,1989.546667
9494.05,2286.853093,1991.329384,2002.132674,1989.753642
9495.05,2287.075053,1991.535094,2002.339155,1989.960617
9496.05,2287.317225,1991.742803,2002.556455,1990.164208
9497.05,2287.539691,1991.943103,2002.761131,1990.360261
9498.05,2287.722275,1992.134158,2002.96067,1990.542931
9499.05,2287.976662,1992.349186,2003.178389,1990.76089
9500.05,2288.237402,1992.564949,2003.385909,1990.972117
9501.05,2288.512469,1992.792916,2003.618293,1991.196465
9502.05,2288.792135,1993.013875,2003.83997,1991.410787
9503.05,2289.038795,1993.225821,2004.059163,1991.626833
9504.05,2289.228273,1993.418417,2004.248076,1991.823803
9505.05,2289.499937,1993.642104,2004.469752,1992.047039
9506.05,2289.711201,1993.846506,2004.665072,1992.239794
9507.05,2289.891045,1994.040044,2004.865483,1992.43066
9508.05,2290.115512,1994.242289,2005.061455,1992.639308
9509.05,2290.39608,1994.474128,2005.285728,1992.847306
9510.05,2290.650662,1994.680376,2005.516067,1993.051587
9511.05,2290.868183,1994.88468,2005.722634,1993.254401
9512.05,2291.087039,1995.085544,2005.929126,1993.474724
9513.05,2291.348409,1995.31371,2006.148235,1993.691287
9514.05,2291.578967,1995.522796,2006.352716,1993.900212
9515.05,2291.853518,1995.740106,2006.55975,1994.108524
9516.05,2292.108426,1995.949331,2006.777857,1994.315308
9517.05,2292.375541,1996.168736,2006.994973,1994.520232
9518.05,2292.603331,1996.37971,2007.215349,1994.730427
9519.05,2292.818674,1996.589497,2007.417128,1994.933039
9520.05,2292.95553,1996.758747,2007.5913,1995.118088
9521.05,2293.203971,1996.963113,2007.805939,1995.319473
9522.05,2293.47061,1997.187438,2008.020162,1995.519877
9523.05,2293.747558,1997.408989,2008.247585,1995.745773
9524.05,2294.002019,1997.629386,2008.465697,1995.946669
9525.05,2294.229319,1997.834334,2008.674418,1996.148927
9526.05,2294.401958,1998.03516,2008.854232,1996.336953
9527.05,2294.663547,1998.257961,2009.07833,1996.564641
9528.05,2294.952475,1998.492533,2009.294954,1996.793572
9529.05,2295.184185,1998.699872,2009.505843,1997.004598
9530.05,2295.459672,1998.922014,2009.718472,1997.219456
9531.05,2295.648393,1999.110846,2009.914543,1997.406673
9532.05,2295.93605,1999.331965,2010.14925,1997.6291
9533.05,2296.172017,1999.548932,2010.363008,1997.839618
9534.05,2296.358912,1999.744099,2010.55753,1998.03501
9535.05,2296.566146,1999.946274,2010.76979,1998.236786
9536.05,2296.812824,2000.15619,2010.989067,1998.457401
9537.05,2297.087699,2000.383931,2011.213677,1998.680455
9538.05,2297.327469,2000.579743,2011.430526,1998.882272
9539.05,2297.520432,2000.77762,2011.638543,1999.076567
9540.05,2297.683196,2000.954023,2011.821247,1999.258484
9541.05,2297.918531,2001.174419,2012.026024,1999.484789
9542.05,2298.211956,2001.398731,2012.259897,1999.710678
9543.05,2298.438149,2001.601297,2012.473336,1999.904426
9544.05,2298.66977,2001.816154,2012.686588,2000.10991
9545.05,2298.879402,2002.016769,2012.884141,2000.301543
9546.05,2299.161033,2002.229268,2013.104408,2000.520246
9547.05,2299.393845,2002.437278,2013.319705,2000.715829
9548.05,2299.6422,2002.634477,2013.52908,2000.921701
9549.05,2299.841831,2002.837372,2013.720154,2001.115881
9550.05,2300.123506,2003.067655,2013.938915,2001.34223
9551.05,2300.288109,2003.24835,2014.12771,2001.526369
9552.05,2300.49499,2003.453066,2014.333667,2001.726416
9553.05,2300.747926,2003.667109,2014.549812,2001.94392
9554.05,2301.013615,2003.888489,2014.758301,2002.149916
9555.05,2301.275911,2004.10795,2014.982888,2002.366808
9556.05,2301.550465,2004.319783,2015.202186,2002.582629
9557.05,2301.802698,2004.526995,2015.410634,2002.797645
9558.05,2301.997098,2004.737597,2015.606489,2002.983885
9559.05,2302.183974,2004.930559,2015.808556,2003.180423
9560.05,2302.367687,2005.122602,2015.994329,2003.368562
9561.05,2302.656586,2005.359598,2016.229892,2003.600783
9562.05,2302.882389,2005.564186,2016.442109,2003.806199
9563.05,2303.061444,2005.755971,2016.629608,2003.99645
9564.05,2303.265443,2005.94937,2016.827752,2004.208292
9565.05,2303.447138,2006.15079,2017.006722,2004.406793
9566.05,2303.703594,2006.359335,2017.221728,2004.603837
9567.05,2303.865452,2006.540509,2017.397997,2004.772456
9568.05,2304.124283,2006.752336,2017.615418,2004.983402
9569.05,2304.320856,2006.939535,2017.811265,2005.187474
9570.05,2304.582481,2007.154516,2018.034583,2005.396554
9571.05,2304.832393,2007.36198,2018.239636,2005.585428
9572.05,2305.022613,2007.539307,2018.434419,2005.775059
9573.05,2305.308086,2007.759843,2018.660794,2005.989328
9574.05,2305.517265,2007.948507,2018.862859,2006.194363
9575.05,2305.762992,2008.160101,2019.076049,2006.398805
9576.05,2305.96497,2008.353877,2019.27534,2006.58278
9577.05,2306.252036,2008.575348,2019.497185,2006.818487
9578.05,2306.521071,2008.793575,2019.715609,2007.034404
9579.05,2306.701528,2008.981682,2019.903427,2007.229758
9580.05,2306.987872,2009.215741,2020.127909,2007.454557
9581.05,2307.255725,2009.449369,2020.348358,2007.668511
9582.05,2307.471666,2009.648099,2020.545511,2007.877154
9583.05,2307.702258,2009.861429,2020.758327,2008.087881
9584.05,2307.965223,2010.083733,2020.971769,2008.292242
9585.05,2308.210481,2010.311345,2021.194075,2008.509534
9586.05,2308.544378,2010.553892,2021.440879,2008.751787
9587.05,2308.767839,2010.763173,2021.64719,2008.956081
9588.05,2309.000002,2010.967512,2021.862242,2009.156192
9589.05,2309.279419,2011.192433,2022.091058,2009.387231
9590.05,2309.586645,2011.425597,2022.317011,2009.618806
9591.05,2309.86719,2011.653479,2022.543376,2009.834036
9592.05,2310.087635,2011.851542,2022.749526,2010.036305
9593.05,2310.296374,2012.050304,2022.949635,2010.236812
9594.05,2310.484217,2012.239029,2023.135192,2010.4284
9595.05,2310.697437,2012.43806,2023.350681,2010.623344
9596.05,2310.8559,2012.631332,2023.535278,2010.822508
9597.05,2311.141733,2012.850837,2023.758441,2011.0351
9598.05,2311.322659,2013.05203,2023.950329,2011.234322
9599.05,2311.528773,2013.251367,2024.159814,2011.438796
9600.05,2311.771238,2013.443103,2024.375636,2011.645533
9601.05,2311.974241,2013.639406,2024.56905,2011.838222
9602.05,2312.26536,2013.866933,2024.798831,2012.055337
9603.05,2312.467206,2014.066584,2025.000684,2012.24925
9604.05,2312.615221,2014.263292,2025.185344,2012.419251
9605.05,2312.829207,2014.472678,2025.373047,2012.615931
9606.05,2313.105558,2014.686682,2025.594225,2012.83488
9607.05,2313.304796,2014.880106,2025.799441,2013.040345
9608.05,2313.577937,2015.092345,2026.025762,2013.263779
9609.05,2313.829632,2015.320708,2026.244691,2013.478899
9610.05,2314.04693,2015.521274,2026.458526,2013.698544
9611.05,2314.249786,2015.726899,2026.664208,2013.900153
9612.05,2314.436917,2015.924914,2026.86094,2014.100115
9613.05,2314.649234,2016.134302,2027.069756,2014.30191
9614.05,2314.877809,2016.341267,2027.271701,2014.500688
9615.05,2315.107945,2016.5471,2027.475493,2014.696585
9616.05,2315.336754,2016.745266,2027.676907,2014.904468
9617.05,2315.550626,2016.935114,2027.876913,2015.116422
9618.05,2315.819443,2017.154788,2028.107068,2015.330434
9619.05,2316.056852,2017.365927,2028.310052,2015.541364
9620.05,2316.369272,2017.609516,2028.555796,2015.776276
9621.05,2316.656995,2017.831095,2028.779232,2016.000903
9622.05,2316.902823,2018.032439,2028.994753,2016.205227
9623.05,2317.136786,2018.236186,2029.183222,2016.414269
9624.05,2317.392207,2018.451482,2029.406706,2016.625317
9625.05,2317.615104,2018.655246,2029.618591,2016.822531
9626.05,2317.828584,2018.85892,2029.821452,2017.01951
9627.05,2318.053026,2019.073099,2030.04115,2017.22837
9628.05,2318.299941,2019.279869,2030.260372,2017.42435
9629.05,2318.564992,2019.49104,2030.484901,2017.639902
9630.05,2318.79408,2019.698613,2030.677867,2017.832642
9631.05,2319.008387,2019.896555,2030.882431,2018.042714
9632.05,2319.251624,2020.103298,2031.092347,2018.256798
9633.05,2319.468711,2020.298177,2031.297326,2018.458086
9634.05,2319.670475,2020.485226,2031.493183,2018.657028
9635.05,2319.969264,2020.713527,2031.728589,2018.878683
9636.05,2320.196056,2020.926852,2031.93964,2019.085692
9637.05,2320.392719,2021.118805,2032.132672,2019.279219
9638.05,2320.615329,2021.330469,2032.343058,2019.488919
9639.05,2320.864658,2021.536785,2032.552294,2019.700707
9640.05,2321.150182,2021.760482,2032.771518,2019.937274
9641.05,2321.42762,2021.979918,2032.991568,2020.15531
9642.05,2321.675727,2022.193891,2033.203403,2020.375727
9643.05,2322.006516,2022.429235,2033.455335,2020.615861
9644.05,2322.276534,2022.636435,2033.674553,2020.842001
9645.05,2322.44254,2022.823557,2033.855609,2021.00838
9646.05,2322.639732,2023.013858,2034.050426,2021.20781
9647.05,2322.891134,2023.233184,2034.265393,2021.425824
9648.05,2323.142332,2023.458816,2034.490231,2021.640088
9649.05,2323.36163,2023.666568,2034.694977,2021.847907
9650.05,2323.561829,2023.86481,2034.903281,2022.04069
9651.05,2323.7645,2024.053054,2035.101206,2022.232301
9652.05,2324.086789,2024.287515,2035.32945,2022.44963
9653.05,2324.251871,2024.473614,2035.520405,2022.648209
9654.05,2324.521806,2024.695665,2035.735831,2022.854004
9655.05,2324.812348,2024.9242,2035.954248,2023.072171
9656.05,2325.023662,2025.119524,2036.150842,2023.274858
9657.05,2325.355194,2025.355679,2036.390511,2023.519467
9658.05,2325.635441,2025.561999,2036.617561,2023.728508
9659.05,2325.895565,2025.777697,2036.837832,2023.939999
9660.05,2326.132276,2025.98663,2037.042193,2024.150287
9661.05,2326.395562,2026.193641,2037.256926,2024.356028
9662.05,2326.64067,2026.402637,2037.463505,2024.565533
9663.05,2326.848629,2026.600564,2037.65911,2024.761419
9664.05,2327.039333,2026.79503,2037.851789,2024.944286
9665.05,2327.393026,2027.044915,2038.09668,2025.172987
9666.05,2327.594818,2027.239866,2038.298632,2025.36603
9667.05,2327.851388,2027.447646,2038.526757,2025.575358
9668.05,2328.068192,2027.654561,2038.727916,2025.770681
9669.05,2328.317365,2027.865435,2038.943587,2025.98992
9670.05,2328.532482,2028.066835,2039.156989,2026.205873
9671.05,2328.802474,2028.286907,2039.393644,2026.426872
9672.05,2329.020994,2028.492026,2039.589743,2026.613769
9673.05,2329.212438,2028.687406,2039.798901,2026.804444
9674.05,2329.369752,2028.873733,2039.989637,2026.997439
9675.05,2329.582095,2029.079263,2040.19727,2027.201062
9676.05,2329.813557,2029.287423,2040.384901,2027.410134
9677.05,2330.009709,2029.471366,2040.579653,2027.606386
9678.05,2330.257201,2029.688346,2040.789921,2027.82946
9679.05,2330.551299,2029.907748,2041.014151,2028.05886
9680.05,2330.738448,2030.108249,2041.201723,2028.247523
9681.05,2330.992369,2030.325594,2041.403118,2028.460747
9682.05,2331.191882,2030.519407,2041.602917,2028.648364
9683.05,2331.389197,2030.718473,2041.793792,2028.834214
9684.05,2331.559017,2030.891233,2041.980459,2029.012535
9685.05,2331.817401,2031.102136,2042.199401,2029.228107
9686.05,2332.036653,2031.308301,2042.404646,2029.433578
9687.05,2332.262897,2031.511018,2042.609576,2029.65105
9688.05,2332.515667,2031.727492,2042.825538,2029.859961
9689.05,2332.720425,2031.924197,2043.020141,2030.060764
9690.05,2333.01038,2032.150751,2043.243007,2030.278713
9691.05,2333.306395,2032.383175,2043.470532,2030.508275
9692.05,2333.575611,2032.593762,2043.692516,2030.721162
9693.05,2333.665374,2032.754076,2043.853297,2030.88736
9694.05,2333.862351,2032.943479,2044.048761,2031.089425
9695.05,2334.092833,2033.154678,2044.26804,2031.301448
9696.05,2334.372385,2033.374896,2044.495697,2031.524971
9697.05,2334.608336,2033.574527,2044.700774,2031.739523
9698.05,2334.839146,2033.786436,2044.901675,2031.949337
9699.05,2335.113143,2034.00257,2045.135631,2032.175335
9700.05,2335.370604,2034.2264,2045.357314,2032.383699
9701.05,2335.60646,2034.4389,2045.57425,2032.594405
9702.05,2335.822782,2034.628571,2045.756548,2032.796884
9703.05,2336.07208,2034.850762,2045.972923,2033.006983
9704.05,2336.295662,2035.052251,2046.166862,2033.225208
9705.05,2336.484523,2035.235434,2046.363869,2033.40921
9706.05,2336.796938,2035.463892,2046.605826,2033.636644
9707.05,2337.071162,2035.68774,2046.827163,2033.842131
9708.05,2337.228429,2035.870493,2047.01648,2034.024057
9709.05,2337.530508,2036.103327,2047.243608,2034.247767
9710.05,2337.829051,2036.321684,2047.486112,2034.486212
9711.05,2338.041638,2036.537462,2047.694273,2034.689014
9712.05,2338.309577,2036.74617,2047.900859,2034.893465
9713.05,2338.546191,2036.961923,2048.119455,2035.120151
9714.05,2338.792073,2037.163056,2048.324407,2035.324112
9715.05,2338.998616,2037.369849,2048.525333,2035.53671
9716.05,2339.194925,2037.555648,2048.727339,2035.733574
9717.05,2339.423729,2037.761462,2048.923494,2035.929017
9718.05,2339.635853,2037.966675,2049.12917,2036.136382
9719.05,2339.892307,2038.17547,2049.33704,2036.354439
9720.05,2340.142626,2038.385975,2049.553124,2036.572126
9721.05,2340.426754,2038.61069,2049.782454,2036.793954
9722.05,2340.687984,2038.836558,2049.994974,2037.006819
9723.05,2340.91398,2039.038009,2050.209124,2037.218253
9724.05,2341.175758,2039.255124,2050.434625,2037.434721
9725.05,2341.510763,2039.488052,2050.675282,2037.673714
9726.05,2341.724065,2039.69078,2050.876801,2037.887297
9727.05,2342.037466,2039.925884,2051.11757,2038.112827
9728.05,2342.264339,2040.126407,2051.325431,2038.317028
9729.05,2342.539078,2040.343462,2051.553831,2038.550828
9730.05,2342.710905,2040.520393,2051.741184,2038.730285
9731.05,2342.908855,2040.736485,2051.949935,2038.922464
9732.05,2343.073214,2040.925143,2052.133298,2039.106727
9733.05,2343.358547,2041.147565,2052.363785,2039.330237
9734.05,2343.585172,2041.364716,2052.573308,2039.533122
9735.05,2343.891107,2041.594694,2052.811865,2039.760298
9736.05,2344.153721,2041.80752,2053.025925,2039.973858
9737.05,2344.397767,2042.014486,2053.239568,2040.195417
9738.05,2344.64657,2042.231819,2053.446326,2040.405074
9739.05,2344.889961,2042.448224,2053.668099,2040.616319
9740.05,2345.144284,2042.64656,2053.877051,2040.828175
9741.05,2345.377589,2042.851984,2054.07712,2041.042071
9742.05,2345.651699,2043.066952,2054.300598,2041.255258
9743.05,2345.918431,2043.268779,2054.521469,2041.465783
9744.05,2346.203862,2043.491896,2054.740756,2041.69716
9745.05,2346.466304,2043.7094,2054.955845,2041.900005
9746.05,2346.743775,2043.923004,2055.171506,2042.117458
9747.05,2346.890427,2044.105166,2055.353169,2042.318624
9748.05,2347.177953,2044.336495,2055.56416,2042.547591
9749.05,2347.434247,2044.556024,2055.780672,2042.755729
9750.05,2347.675203,2044.777522,2055.977777,2042.954176
9751.05,2347.87484,2044.97904,2056.178515,2043.151328
9752.05,2348.073484,2045.173746,2056.372849,2043.355059
9753.05,2348.293253,2045.38236,2056.571723,2043.548289
9754.05,2348.492861,2045.582237,2056.771936,2043.738648
9755.05,2348.77502,2045.802817,2057.001609,2043.953928
9756.05,2348.95139,2045.990742,2057.19452,2044.135458
9757.05,2349.141138,2046.187295,2057.388222,2044.332952
9758.05,2349.432178,2046.420126,2057.611572,2044.553299
9759.05,2349.659736,2046.624668,2057.805365,2044.75872
9760.05,2349.918941,2046.844471,2058.023254,2044.974604
9761.05,2350.100511,2047.036995,2058.217138,2045.160972
9762.05,2350.308053,2047.233762,2058.417112,2045.354178
9763.05,2350.560321,2047.446223,2058.634221,2045.58048
9764.05,2350.829595,2047.658071,2058.853622,2045.806617
9765.05,2351.155147,2047.882876,2059.082262,2046.036468
9766.05,2351.336606,2048.081,2059.279904,2046.217565
9767.05,2351.608942,2048.291236,2059.479407,2046.42562
9768.05,2351.844231,2048.496057,2059.692258,2046.644809
9769.05,2352.04018,2048.689876,2059.893021,2046.83234
9770.05,2352.269186,2048.889777,2060.110964,2047.039513
9771.05,2352.567728,2049.11938,2060.341091,2047.263347
9772.05,2352.845942,2049.33401,2060.568819,2047.486076
9773.05,2353.050923,2049.53014,2060.755141,2047.677795
9774.05,2353.308125,2049.733713,2060.969113,2047.889447
9775.05,2353.489634,2049.931846,2061.163635,2048.079513
9776.05,2353.798911,2050.158863,2061.39621,2048.306126
9777.05,2354.019323,2050.357302,2061.607033,2048.498756
9778.05,2354.192532,2050.528446,2061.789336,2048.686105
9779.05,2354.423282,2050.737104,2061.996758,2048.895407
9780.05,2354.646818,2050.930346,2062.197058,2049.090029
9781.05,2354.867846,2051.139707,2062.407548,2049.291665
9782.05,2355.133767,2051.363772,2062.638538,2049.515152
9783.05,2355.339079,2051.560532,2062.843325,2049.711684
9784.05,2355.636172,2051.784584,2063.086121,2049.943363
9785.05,2355.862476,2051.983435,2063.282574,2050.153144
9786.05,2356.037962,2052.166594,2063.46809,2050.32982
9787.05,2356.332147,2052.395044,2063.705553,2050.564028
9788.05,2356.581241,2052.598234,2063.914245,2050.789483
9789.05,2356.8143,2052.798105,2064.126417,2050.984439
9790.05,2357.077914,2053.012731,2064.343355,2051.2002
9791.05,2357.263373,2053.212625,2064.543338,2051.388912
9792.05,2357.549403,2053.427663,2064.767124,2051.607116
9793.05,2357.863537,2053.660133,2064.999854,2051.83812
9794.05,2358.066727,2053.847842,2065.198118,2052.037095
9795.05,2358.317135,2054.051388,2065.408629,2052.247684
9796.05,2358.515818,2054.249635,2065.599452,2052.445832
9797.05,2358.781678,2054.465559,2065.817431,2052.670616
9798.05,2359.05415,2054.686393,2066.04718,2052.885753
9799.05,2359.2393,2054.876766,2066.233266,2053.06757
9800.05,2359.469924,2055.08414,2066.444935,2053.261595
9801.05,2359.795967,2055.326983,2066.684394,2053.488289
9802.05,2360.041522,2055.540809,2066.900702,2053.700889
9803.05,2360.24016,2055.745211,2067.09568,2053.892412
9804.05,2360.440881,2055.941513,2067.285167,2054.089825
9805.05,2360.644804,2056.150953,2067.50297,2054.288781
9806.05,2360.869416,2056.351386,2067.720056,2054.492936
9807.05,2361.098226,2056.548146,2067.93412,2054.702282
9808.05,2361.39847,2056.77611,2068.174287,2054.931148
9809.05,2361.646168,2056.980304,2068.382381,2055.134163
9810.05,2361.846119,2057.181821,2068.585219,2055.33461
9811.05,2362.077423,2057.383491,2068.791636,2055.528126
9812.05,2362.272575,2057.588457,2068.999662,2055.725359
9813.05,2362.503141,2057.78872,2069.199734,2055.9355
9814.05,2362.709275,2057.982586,2069.403641,2056.129379
9815.05,2362.908342,2058.187957,2069.601849,2056.321955
9816.05,2363.174373,2058.393773,2069.828813,2056.535492
9817.05,2363.416916,2058.601648,2070.048215,2056.743869
9818.05,2363.631889,2058.807605,2070.258476,2056.948406
9819.05,2363.83194,2059.009514,2070.45618,2057.154423
9820.05,2364.0231,2059.222175,2070.656044,2057.358092
9821.05,2364.336652,2059.456575,2070.888741,2057.587548
9822.05,2364.640794,2059.679447,2071.122243,2057.818038
9823.05,2364.907618,2059.891959,2071.342299,2058.036223
9824.05,2365.161231,2060.11373,2071.558469,2058.252106
9825.05,2365.383419,2060.323408,2071.753911,2058.464231
9826.05,2365.648603,2060.543788,2071.976657,2058.691407
9827.05,2365.888406,2060.747294,2072.197452,2058.898015
9828.05,2366.098755,2060.932833,2072.404278,2059.108311
9829.05,2366.385206,2061.163914,2072.629894,2059.324247
9830.05,2366.662004,2061.390166,2072.851836,2059.5516
9831.05,2366.885273,2061.596623,2073.044269,2059.768282
9832.05,2367.175274,2061.827074,2073.275713,2060.008834
9833.05,2367.460647,2062.061211,2073.510431,2060.234092
9834.05,2367.735079,2062.29786,2073.728947,2060.456909
9835.05,2367.95361,2062.500267,2073.939842,2060.642422
9836.05,2368.198484,2062.721319,2074.148409,2060.848878
9837.05,2368.500418,2062.949773,2074.373518,2061.067621
9838.05,2368.745048,2063.159821,2074.590839,2061.273333
9839.05,2368.960887,2063.364793,2074.788957,2061.482314
9840.05,2369.263367,2063.593319,2075.02755,2061.719672
9841.05,2369.624056,2063.832846,2075.283479,2061.974721
9842.05,2369.845997,2064.034021,2075.490036,2062.169293
9843.05,2370.093765,2064.247677,2075.701571,2062.373717
9844.05,2370.327658,2064.451239,2075.905638,2062.59272
9845.05,2370.537393,2064.662973,2076.104712,2062.781994
9846.05,2370.75891,2064.861437,2076.298552,2062.978272
9847.05,2370.978888,2065.052135,2076.501031,2063.170415
9848.05,2371.2689,2065.272734,2076.718781,2063.394051
9849.05,2371.549157,2065.484866,2076.942888,2063.612763
9850.05,2371.828561,2065.701068,2077.159729,2063.839443
9851.05,2372.082937,2065.917419,2077.373888,2064.043738
9852.05,2372.309528,2066.124547,2077.578537,2064.238032
9853.05,2372.523836,2066.321258,2077.773951,2064.447575
9854.05,2372.795064,2066.534881,2077.988791,2064.654812
9855.05,2373.045462,2066.761077,2078.200523,2064.869901
9856.05,2373.331503,2066.989252,2078.418763,2065.089779
9857.05,2373.597946,2067.211095,2078.641462,2065.30637
9858.05,2373.954037,2067.448785,2078.886061,2065.55745
9859.05,2374.235328,2067.668996,2079.103319,2065.778591
9860.05,2374.528004,2067.902748,2079.336901,2065.998967
9861.05,2374.676939,2068.091068,2079.528973,2066.179958
9862.05,2374.866667,2068.295716,2079.724252,2066.377682
9863.05,2375.082522,2068.489296,2079.917595,2066.580558
9864.05,2375.320229,2068.685008,2080.111398,2066.78085
9865.05,2375.525159,2068.879673,2080.305145,2066.977473
9866.05,2375.773168,2069.09098,2080.513053,2067.185529
9867.05,2376.044611,2069.306719,2080.734712,2067.405125
9868.05,2376.240438,2069.495196,2080.930311,2067.598867
9869.05,2376.422261,2069.694268,2081.115185,2067.79649
9870.05,2376.724139,2069.917917,2081.339996,2068.019053
9871.05,2376.950324,2070.116033,2081.556703,2068.228783
9872.05,2377.126037,2070.302332,2081.744558,2068.416277
9873.05,2377.395528,2070.529894,2081.950509,2068.635672
9874.05,2377.652736,2070.744158,2082.152972,2068.855196
9875.05,2377.892809,2070.964784,2082.373559,2069.064256
9876.05,2378.074059,2071.173399,2082.559356,2069.258384
9877.05,2378.299111,2071.375215,2082.775412,2069.4632
9878.05,2378.596502,2071.599315,2082.992681,2069.684868
9879.05,2378.854664,2071.824136,2083.219421,2069.90379
9880.05,2379.053917,2072.007915,2083.417508,2070.097458
9881.05,2379.310029,2072.223845,2083.624528,2070.32454
9882.05,2379.567222,2072.435592,2083.836897,2070.537888
9883.05,2379.767148,2072.626287,2084.023573,2070.723774
9884.05,2379.999655,2072.838379,2084.226967,2070.932071
9885.05,2380.212845,2073.038945,2084.406468,2071.129399
9886.05,2380.470661,2073.258097,2084.62525,2071.355654
9887.05,2380.646955,2073.446975,2084.817562,2071.538336
9888.05,2380.861415,2073.655306,2085.016538,2071.741992
9889.05,2381.112035,2073.86157,2085.212498,2071.949249
9890.05,2381.322619,2074.054242,2085.409703,2072.15102
9891.05,2381.530824,2074.247284,2085.613786,2072.345997
9892.05,2381.829377,2074.464382,2085.842885,2072.551061
9893.05,2382.035651,2074.652012,2086.041485,2072.749495
9894.05,2382.214312,2074.843438,2086.244068,2072.943494
9895.05,2382.49524,2075.07394,2086.470217,2073.162351
9896.05,2382.769502,2075.297554,2086.691432,2073.38413
9897.05,2382.938198,2075.48163,2086.877727,2073.572458
9898.05,2383.179063,2075.6817,2087.085926,2073.78539
9899.05,2383.370515,2075.862458,2087.281583,2073.980089
9900.05,2383.585377,2076.06009,2087.477009,2074.196399
9901.05,2383.863577,2076.260442,2087.700733,2074.407002
9902.05,2384.169602,2076.491932,2087.927992,2074.631971
9903.05,2384.489701,2076.742435,2088.166089,2074.874519
9904.05,2384.702108,2076.942749,2088.36089,2075.062906
9905.05,2384.920998,2077.13667,2088.557659,2075.266271
9906.05,2385.190294,2077.344188,2088.77582,2075.475411
9907.05,2385.469082,2077.573781,2088.998175,2075.694045
9908.05,2385.776032,2077.807696,2089.22095,2075.926904
9909.05,2385.967627,2077.995764,2089.397232,2076.115718
9910.05,2386.268125,2078.220334,2089.63041,2076.331471
9911.05,2386.489737,2078.424467,2089.838596,2076.550489
9912.05,2386.748309,2078.638216,2090.061982,2076.76563
9913.05,2386.991949,2078.85296,2090.274368,2076.975443
9914.05,2387.243174,2079.060149,2090.48684,2077.193136
9915.05,2387.524624,2079.266874,2090.70731,2077.415142
9916.05,2387.735894,2079.466294,2090.910481,2077.62477
9917.05,2388.031527,2079.695618,2091.140623,2077.862321
9918.05,2388.218649,2079.883641,2091.340366,2078.054504
9919.05,2388.452077,2080.093458,2091.540421,2078.258238
9920.05,2388.64273,2080.291169,2091.733341,2078.464094
9921.05,2388.980671,2080.545756,2091.985969,2078.712841
9922.05,2389.148812,2080.725524,2092.175655,2078.893543
9923.05,2389.408703,2080.947071,2092.385988,2079.104238
9924.05,2389.690881,2081.175878,2092.607365,2079.337854
9925.05,2389.92874,2081.389584,2092.815784,2079.545315
9926.05,2390.180898,2081.601678,2093.027056,2079.755727
9927.05,2390.444927,2081.814775,2093.245329,2079.980596
9928.05,2390.671303,2082.024703,2093.458321,2080.197298
9929.05,2390.927093,2082.244312,2093.680255,2080.39743
9930.05,2391.154157,2082.43977,2093.884356,2080.595001
9931.05,2391.363547,2082.64322,2094.092832,2080.79432
9932.05,2391.551791,2082.839962,2094.294144,2080.990626
9933.05,2391.808028,2083.058583,2094.516475,2081.214107
9934.05,2392.067311,2083.264564,2094.732572,2081.438046
9935.05,2392.271571,2083.458575,2094.933996,2081.639071
9936.05,2392.543878,2083.681008,2095.139878,2081.849909
9937.05,2392.76516,2083.882188,2095.340363,2082.055095
9938.05,2393.02502,2084.092181,2095.572111,2082.272491
9939.05,2393.297066,2084.3037,2095.789247,2082.484406
9940.05,2393.545432,2084.507789,2095.997891,2082.693196
9941.05,2393.695538,2084.704247,2096.172361,2082.877137
9942.05,2393.95855,2084.929152,2096.386377,2083.088767
9943.05,2394.160305,2085.123166,2096.585251,2083.28449
9944.05,2394.361911,2085.329654,2096.788867,2083.47931
9945.05,2394.628602,2085.548439,2097.011763,2083.700838
9946.05,2394.840471,2085.736726,2097.204354,2083.905126
9947.05,2395.076648,2085.942695,2097.407959,2084.109544
9948.05,2395.35279,2086.166905,2097.637916,2084.328602
9949.05,2395.581235,2086.370324,2097.844093,2084.519617
9950.05,2395.822421,2086.582234,2098.052758,2084.73393
9951.05,2396.026727,2086.770003,2098.257601,2084.932261
9952.05,2396.301612,2086.987716,2098.476191,2085.139888
9953.05,2396.561114,2087.210377,2098.693643,2085.35716
9954.05,2396.780576,2087.419475,2098.903261,2085.559732
9955.05,2397.030153,2087.640217,2099.141919,2085.769575
9956.05,2397.290574,2087.855199,2099.371995,2085.995586
9957.05,2397.530081,2088.075916,2099.575238,2086.203847
9958.05,2397.74314,2088.276888,2099.781725,2086.396376
9959.05,2397.948408,2088.474247,2099.982136,2086.605054
9960.05,2398.237782,2088.698304,2100.216833,2086.837098
9961.05,2398.434655,2088.896846,2100.413811,2087.022547
9962.05,2398.647712,2089.092665,2100.62177,2087.229582
9963.05,2398.91681,2089.321992,2100.844354,2087.458283
9964.05,2399.139465,2089.526895,2101.050993,2087.657449
9965.05,2399.400546,2089.753301,2101.274797,2087.870126
9966.05,2399.60026,2089.959433,2101.473822,2088.066845
9967.05,2399.90223,2090.188727,2101.695017,2088.291978
9968.05,2400.085959,2090.375705,2101.876824,2088.483864
9969.05,2400.292814,2090.589343,2102.07565,2088.676841
9970.05,2400.473358,2090.7786,2102.259412,2088.866766
9971.05,2400.778538,2091.009594,2102.499629,2089.093685
9972.05,2401.101841,2091.248324,2102.73619,2089.335982
9973.05,2401.313702,2091.454439,2102.93857,2089.530812
9974.05,2401.585915,2091.680768,2103.148733,2089.751084
9975.05,2401.759739,2091.860834,2103.341761,2089.946583
9976.05,2401.963341,2092.050081,2103.549839,2090.145364
9977.05,2402.171605,2092.253979,2103.752602,2090.35043
9978.05,2402.480155,2092.492503,2103.986922,2090.585959
9979.05,2402.711687,2092.700533,2104.191136,2090.790725
9980.05,2402.966073,2092.906128,2104.404315,2091.007064
9981.05,2403.187476,2093.113565,2104.612107,2091.209162
9982.05,2403.385812,2093.319259,2104.817346,2091.41029
9983.05,2403.73402,2093.569041,2105.061086,2091.656271
9984.05,2403.997219,2093.794746,2105.278684,2091.874119
9985.05,2404.19391,2093.98567,2105.462795,2092.062997
9986.05,2404.412092,2094.184956,2105.662854,2092.253972
9987.05,2404.693552,2094.396946,2105.892447,2092.466751
9988.05,2404.891915,2094.594855,2106.094999,2092.664035
9989.05,2405.119752,2094.7976,2106.301699,2092.87996
9990.05,2405.345203,2095.009054,2106.504055,2093.08977
9991.05,2405.510384,2095.190778,2106.689912,2093.279417
9992.05,2405.757823,2095.395237,2106.889299,2093.489297
9993.05,2405.936623,2095.581143,2107.081523,2093.679382
9994.05,2406.220263,2095.801523,2107.312347,2093.900869
9995.05,2406.46051,2096.007903,2107.520087,2094.110298
9996.05,2406.704996,2096.220507,2107.725628,2094.329718
9997.05,2406.910666,2096.421257,2107.921597,2094.525662
9998.05,2407.190254,2096.640601,2108.145107,2094.760612
9999.05,2407.44216,2096.856691,2108.355168,2094.986174
10000,2407.647431,2097.034517,2108.536537,2095.167428
