time,glft_blind_mean_pnl,yaware_hjb_mean_pnl,glft_blind_mean_penalty,yaware_hjb_mean_penalty
0.05,0.01565905138,0.01595034935,0,0
1.05,0.3490459148,0.3440046924,0.0001520505,0.000143998875
2.05,0.6745327515,0.6611574949,0.000594266625,0.000549410625
3.05,1.000036545,0.9821344838,0.00134898975,0.001196735625
4.05,1.331054945,1.299344698,0.00244428075,0.0020784195
5.05,1.653895484,1.606918117,0.003917943,0.00317425725
6.05,1.986696354,1.914107812,0.005827793625,0.004470552
7.05,2.323418047,2.21360231,0.00822573225,0.005951311875
8.05,2.65568796,2.513385909,0.01117823512,0.00760950225
9.05,2.984700407,2.817041048,0.01472198287,0.009451051875
10.05,3.318186762,3.109239339,0.01889623687,0.01148286375
11.05,3.644894515,3.405862724,0.02375844637,0.0136982295
12.05,3.970202756,3.693628187,0.0293369625,0.01609858687
13.05,4.289490646,3.987738358,0.0356621805,0.01867329562
14.05,4.613816674,4.274934336,0.0427877595,0.02143142887
15.05,4.939000494,4.556927262,0.0507588345,0.024342939
16.05,5.282693242,4.85109148,0.05963161613,0.0274221135
17.05,5.599985532,5.133135716,0.069420933,0.0306822375
18.05,5.936707793,5.41401571,0.08019716513,0.03411264262
19.05,6.259369878,5.683456482,0.09200603025,0.03770887387
20.05,6.580327637,5.961800984,0.1048517674,0.04149160312
21.05,6.923590607,6.240164017,0.1187678959,0.04545295312
22.05,7.24510986,6.512207851,0.1337965076,0.04959730125
23.05,7.564589529,6.775096328,0.1499589979,0.0539084835
24.05,7.881105284,7.039592951,0.1672755413,0.0584074665
25.05,8.183185737,7.301356347,0.1857519405,0.06309950287
26.05,8.504451377,7.575445707,0.2053884071,0.06797081137
27.05,8.815599126,7.829331615,0.226244061,0.07302629137
28.05,9.120507252,8.079068268,0.2483294018,0.07825952137
29.05,9.439134134,8.339494413,0.2716256689,0.08367276825
30.05,9.742322689,8.606272199,0.2962064272,0.08925821887
31.05,10.06129559,8.862538564,0.3220505651,0.09499080487
32.05,10.35283107,9.109261509,0.3491604484,0.1008736256
33.05,10.66304676,9.377010795,0.3775141102,0.1069166475
34.05,10.97200951,9.632289346,0.4071687097,0.1131356767
35.05,11.25697547,9.871173892,0.4381211002,0.1195014825
36.05,11.59856672,10.12376084,0.4703519081,0.1260222041
37.05,11.90368867,10.36424868,0.5038733407,0.132690132
38.05,12.21093505,10.60478129,0.5387613525,0.1395148894
39.05,12.49942087,10.84403849,0.5749569281,0.1465055561
40.05,12.81899027,11.09174786,0.6124589921,0.1536552056
41.05,13.09627594,11.33125834,0.6512139664,0.1609522481
42.05,13.3907423,11.57618262,0.6912801045,0.1684196797
43.05,13.6853225,11.82041261,0.7326926606,0.1760455226
44.05,14.02327008,12.0723979,0.7754306287,0.1838202345
45.05,14.29776672,12.30744841,0.8195308155,0.1917690739
46.05,14.5920247,12.5580373,0.8649708154,0.1998872257
47.05,14.90790674,12.80413287,0.911781639,0.208158552
48.05,15.20450379,13.04663147,0.9599357565,0.2165991154
49.05,15.50193614,13.28927906,1.009391551,0.2252075164
50.05,15.73883139,13.51612784,1.060191398,0.233997102
51.05,16.04652926,13.74906081,1.112275163,0.2429239849
52.05,16.33511153,13.98957793,1.165622174,0.2519917515
53.05,16.65666831,14.24612227,1.220294845,0.261216774
54.05,16.98037093,14.4922321,1.276237768,0.2705850236
55.05,17.21976362,14.71005254,1.333397045,0.280096515
56.05,17.49909118,14.95061098,1.391774373,0.2897809132
57.05,17.79738622,15.18802282,1.45145756,0.2996138779
58.05,18.06511497,15.40858848,1.512353377,0.309591495
59.05,18.35669562,15.63996927,1.574431478,0.3197104931
60.05,18.61152886,15.85605676,1.63776089,0.3299452965
61.05,18.8916205,16.07909157,1.702267585,0.3403087234
62.05,19.19335082,16.30278343,1.767986126,0.3508047427
63.05,19.51089192,16.54727987,1.834916398,0.3614261816
64.05,19.83143704,16.77722217,1.903022626,0.3721841662
65.05,20.14330558,17.02405146,1.972308171,0.3830661405
66.05,20.41947531,17.25409348,2.042794945,0.3940793572
67.05,20.71767395,17.48930714,2.114458368,0.4052063464
68.05,21.01515717,17.72268208,2.187302042,0.4164839033
69.05,21.26841338,17.93642534,2.261309071,0.4278986629
70.05,21.63261146,18.19010206,2.336438547,0.4394363749
71.05,21.90149841,18.40967874,2.412687534,0.4510953068
72.05,22.18185542,18.63257263,2.49009945,0.4628691506
73.05,22.44392079,18.86479487,2.568642632,0.4747678864
74.05,22.68241476,19.06592425,2.648314414,0.4867656716
75.05,22.96198982,19.28784824,2.729139326,0.4988810835
76.05,23.26596817,19.51381847,2.81103227,0.5110811798
77.05,23.51561077,19.73233781,2.894034143,0.5233799216
78.05,23.79536136,19.96503941,2.978058565,0.5357833695
79.05,24.04202721,20.17148636,3.063183436,0.5482889156
80.05,24.29986388,20.39358766,3.149430853,0.5609128545
81.05,24.52889028,20.61539554,3.236782629,0.57363318
82.05,24.78685171,20.82967907,3.325156712,0.5864367634
83.05,25.04721976,21.04838334,3.414542736,0.5993343911
84.05,25.33917676,21.27094965,3.504922831,0.6123481335
85.05,25.59904455,21.48707429,3.596281244,0.6254609411
86.05,25.88408761,21.71002805,3.688690778,0.6386859529
87.05,26.16944665,21.93075795,3.782123588,0.651997404
88.05,26.45998541,22.15866422,3.876510151,0.6653891621
89.05,26.74641025,22.38791498,3.971812688,0.67885416
90.05,26.98175931,22.60642572,4.068034861,0.6924342296
91.05,27.22030273,22.82445603,4.165151961,0.7061087138
92.05,27.47463405,23.04537933,4.263186793,0.7198757921
93.05,27.72495519,23.26502619,4.362101521,0.7337355345
94.05,27.99017303,23.48719743,4.461935034,0.7476915724
95.05,28.24644217,23.71352125,4.562596582,0.7617477071
96.05,28.43741699,23.91791784,4.66412859,0.7758906334
97.05,28.67075831,24.12345592,4.7664462,0.7901151446
98.05,28.92425973,24.35056665,4.869588626,0.8044306538
99.05,29.23453513,24.57124832,4.973561389,0.8188174699
100.05,29.48720745,24.79485513,5.078416585,0.833267529
101.05,29.73946175,25.0148232,5.183986786,0.847774089
102.05,30.0608788,25.2500126,5.290270962,0.8623502055
103.05,30.35409479,25.47989473,5.397369322,0.8770043959
104.05,30.6229509,25.7037919,5.505184172,0.891737523
105.05,30.86592014,25.90575292,5.613758279,0.9065534164
106.05,31.18695972,26.13877927,5.722977127,0.921441942
107.05,31.43571695,26.3574941,5.832892437,0.9363982826
108.05,31.69709089,26.58708254,5.943550867,0.9514290375
109.05,31.92268573,26.79384487,6.054943324,0.9665045404
110.05,32.16686858,27.01377051,6.167030921,0.9816263269
111.05,32.48794869,27.23364424,6.2797844,0.9968212204
112.05,32.71364152,27.43474401,6.393221936,1.0120704
113.05,32.93718507,27.65528686,6.507340075,1.027398998
114.05,33.27933167,27.9084141,6.622090722,1.042785419
115.05,33.53451134,28.11953855,6.7375081,1.058219768
116.05,33.77653827,28.32758809,6.853557769,1.073692736
117.05,34.05223692,28.54633875,6.970198904,1.089217296
118.05,34.36389378,28.77702426,7.087506685,1.104812641
119.05,34.57584747,28.97889281,7.205436056,1.120475832
120.05,34.82355581,29.20007118,7.324000066,1.136185388
121.05,35.08167628,29.41979638,7.44322536,1.151969095
122.05,35.30392524,29.64462255,7.563106281,1.167810082
123.05,35.55635084,29.85646311,7.683566776,1.183716255
124.05,35.7758247,30.06395429,7.804590843,1.199680019
125.05,36.01642466,30.26945626,7.926203934,1.215717918
126.05,36.20918573,30.45688118,8.048453167,1.231832471
127.05,36.46722201,30.66754243,8.171295464,1.248037539
128.05,36.78553573,30.90666305,8.294753833,1.264296519
129.05,37.04065962,31.11650958,8.418760846,1.28058585
130.05,37.31817664,31.33834612,8.543366336,1.296916923
131.05,37.45437771,31.50749515,8.66849316,1.313282756
132.05,37.64566169,31.70673468,8.794113915,1.329693443
133.05,37.89214721,31.91789599,8.920205684,1.346143116
134.05,38.13715349,32.1338655,9.046816305,1.36261094
135.05,38.3780677,32.33334168,9.173952355,1.379126469
136.05,38.64609937,32.56049141,9.301648427,1.395721934
137.05,38.85570042,32.76176282,9.429818697,1.412349021
138.05,39.15050507,32.99154842,9.558443385,1.429019688
139.05,39.40381332,33.20540561,9.687612738,1.445724008
140.05,39.65651956,33.42839992,9.817301325,1.462498686
141.05,39.92128146,33.65512855,9.947547955,1.479357617
142.05,40.13040758,33.85014305,10.07831956,1.496297201
143.05,40.33098178,34.04796579,10.20954496,1.513310013
144.05,40.61048977,34.27919661,10.3411948,1.530391208
145.05,40.8457967,34.49609697,10.47330027,1.547510871
146.05,41.09521015,34.7177852,10.60580586,1.564692411
147.05,41.32529592,34.92038589,10.73877303,1.581878949
148.05,41.5269956,35.10784086,10.87219033,1.599081407
149.05,41.75790508,35.32845464,11.00608275,1.616322148
150.05,42.00845084,35.53006815,11.14038127,1.633587848
151.05,42.24756517,35.72840727,11.27505014,1.650899175
152.05,42.52551391,35.94728533,11.41004931,1.668242474
153.05,42.77136543,36.16056538,11.54541845,1.685649527
154.05,42.97932527,36.35075111,11.68096786,1.703063158
155.05,43.22779965,36.56774958,11.81684059,1.720486296
156.05,43.43880886,36.7614154,11.9530847,1.737964428
157.05,43.71835473,36.98031458,12.08973456,1.755491594
158.05,43.95579923,37.18540989,12.22671907,1.7730624
159.05,44.14852485,37.37114025,12.36405625,1.790675991
160.05,44.44824804,37.59559743,12.50174309,1.808287419
161.05,44.64669017,37.7850944,12.63979192,1.825929617
162.05,44.81906267,37.98134434,12.7782151,1.84361758
163.05,45.03239235,38.18450325,12.91701582,1.861329609
164.05,45.34633081,38.41107988,13.05608104,1.879054815
165.05,45.60605236,38.62327715,13.19548526,1.896775826
166.05,45.80844116,38.812175,13.3353609,1.914543041
167.05,46.0500944,39.02703188,13.47564232,1.932344502
168.05,46.33300441,39.25317065,13.6163463,1.950188804
169.05,46.62843215,39.4812348,13.75740416,1.968096709
170.05,46.92885503,39.70139524,13.89885751,1.986045423
171.05,47.20192524,39.93508362,14.04063126,2.004040758
172.05,47.38382103,40.12545849,14.18273013,2.022091252
173.05,47.6423254,40.34633047,14.32516543,2.040185421
174.05,47.90317414,40.56530464,14.46787631,2.058309939
175.05,48.1309872,40.76183071,14.61089788,2.076489227
176.05,48.37287516,40.97566032,14.7541693,2.094719668
177.05,48.57484292,41.16430527,14.89777094,2.112993171
178.05,48.78833009,41.36676911,15.04166104,2.131303444
179.05,48.99575414,41.56023506,15.18584951,2.149566371
180.05,49.22499824,41.76106171,15.33037927,2.167850009
181.05,49.45220618,41.96154836,15.47524839,2.186143949
182.05,49.66361002,42.15154207,15.62047036,2.204446825
183.05,49.92695806,42.36409903,15.7660629,2.222777566
184.05,50.13295764,42.55679204,15.91200629,2.241126487
185.05,50.33932814,42.76255474,16.05831825,2.259487251
186.05,50.48107967,42.93606406,16.2048795,2.277897563
187.05,50.67080864,43.11583122,16.35173805,2.296353219
188.05,50.92613118,43.33161674,16.49896762,2.314831716
189.05,51.21827034,43.55552818,16.64655998,2.33333705
190.05,51.38712165,43.744792,16.79439712,2.351864212
191.05,51.68485055,43.98489878,16.94243394,2.370452451
192.05,51.93520516,44.18880539,17.09066953,2.389065395
193.05,52.20566153,44.41941536,17.23909015,2.407706442
194.05,52.38432483,44.6226073,17.38773257,2.426383257
195.05,52.58735911,44.81851496,17.53660655,2.445071004
196.05,52.83050096,45.02979471,17.68572149,2.463781979
197.05,53.04166582,45.21975627,17.83501071,2.482516032
198.05,53.2829583,45.42997145,17.98446648,2.501263496
199.05,53.53840256,45.63526017,18.13411655,2.520051118
200.05,53.79854622,45.85551038,18.28401143,2.538867495
201.05,54.06020528,46.06401141,18.43413675,2.557700463
202.05,54.29033795,46.27287475,18.58447184,2.57654034
203.05,54.52420384,46.48492536,18.73505031,2.595391026
204.05,54.70420152,46.67087033,18.88591737,2.614243832
205.05,54.90531398,46.86028649,19.03692088,2.633109987
206.05,55.1730455,47.06496115,19.18810103,2.651999108
207.05,55.33553545,47.2473642,19.3395163,2.670898395
208.05,55.54615408,47.44229528,19.49114443,2.689817684
209.05,55.79070356,47.65454502,19.64293085,2.708749505
210.05,55.99883444,47.85340203,19.79482042,2.727701909
211.05,56.25780986,48.06160038,19.9468691,2.74666051
212.05,56.49434356,48.28321686,20.09898609,2.76562826
213.05,56.77487061,48.49597419,20.25129884,2.784619064
214.05,57.05705349,48.72005351,20.40371618,2.803615269
215.05,57.24817023,48.92124545,20.55623157,2.822593932
216.05,57.45724606,49.1084217,20.70881754,2.841601139
217.05,57.72176525,49.32494062,20.8616266,2.860630715
218.05,57.91090812,49.51507476,21.01467272,2.879689398
219.05,58.2075147,49.73657014,21.16789721,2.898770291
220.05,58.51147292,49.97602066,21.32121073,2.917864325
221.05,58.72125022,50.17281668,21.47471556,2.936967713
222.05,58.98267335,50.38269076,21.62848023,2.956077692
223.05,59.22402794,50.59492968,21.78246595,2.975173727
224.05,59.49568593,50.8204023,21.93664676,2.994291028
225.05,59.72796704,51.03054702,22.09096925,3.013418568
226.05,59.97793123,51.241848,22.24536905,3.032567079
227.05,60.22322969,51.439512,22.39979934,3.051710621
228.05,60.40696177,51.63023522,22.55441389,3.070858947
229.05,60.65436735,51.83919334,22.70918292,3.090034632
230.05,60.86873073,52.03278639,22.86413335,3.109245459
231.05,61.14280542,52.25092631,23.01925767,3.128478138
232.05,61.45481456,52.48522457,23.17452371,3.147696781
233.05,61.60761574,52.66207087,23.32983122,3.166898186
234.05,61.87965814,52.87083847,23.4852777,3.186126606
235.05,62.13628162,53.08575998,23.64088393,3.205390319
236.05,62.35640952,53.28989709,23.79667237,3.224665841
237.05,62.6081581,53.50456957,23.95252402,3.243945491
238.05,62.79983775,53.70294216,24.10838513,3.263248141
239.05,63.03406488,53.91257309,24.26434761,3.282545152
240.05,63.30355677,54.1336535,24.42032144,3.301844366
241.05,63.56181958,54.3545133,24.57632877,3.321150084
242.05,63.81824676,54.56526997,24.73238665,3.340480215
243.05,64.10445768,54.78800116,24.88844823,3.359840595
244.05,64.38946375,55.00500353,25.04454745,3.379211568
245.05,64.6297377,55.21591841,25.20060841,3.398583672
246.05,64.90765034,55.43227005,25.35668782,3.417947472
247.05,65.13146354,55.6375629,25.51285818,3.437300184
248.05,65.42792346,55.86891465,25.66911534,3.456641229
249.05,65.63934945,56.0640718,25.82546928,3.475966737
250.05,65.92718651,56.28170926,25.98182487,3.495300396
251.05,66.18420056,56.50098377,26.13811155,3.514664816
252.05,66.45830972,56.7240348,26.29440929,3.534029352
253.05,66.68971153,56.93827817,26.45080549,3.55337304
254.05,66.97761665,57.16181273,26.60726012,3.572722094
255.05,67.2757768,57.39329578,26.76378215,3.59207398
256.05,67.55018894,57.59932915,26.92042335,3.6114505
257.05,67.73545292,57.7925803,27.07719966,3.630817538
258.05,67.96631397,57.99507928,27.23403787,3.650153901
259.05,68.16974803,58.19475825,27.39094222,3.669476439
260.05,68.37543772,58.39823616,27.5477994,3.688796501
261.05,68.6111036,58.60375903,27.70472904,3.70811061
262.05,68.81110418,58.79521708,27.8616483,3.727417176
263.05,69.07277444,59.018444,28.01871054,3.746772943
264.05,69.30374785,59.22806277,28.17594774,3.766166323
265.05,69.50939822,59.43414388,28.33339423,3.785565593
266.05,69.77369269,59.65593788,28.49100306,3.804968043
267.05,70.0397922,59.86685086,28.64875455,3.824386643
268.05,70.34378165,60.09583366,28.8064702,3.843793269
269.05,70.58057217,60.29404647,28.96428238,3.863184158
270.05,70.79267192,60.49627646,29.12210853,3.882573207
271.05,71.06037424,60.71155789,29.27994708,3.901938923
272.05,71.30734528,60.92316867,29.43785054,3.921318695
273.05,71.58368065,61.13634767,29.59583144,3.940673506
274.05,71.83365398,61.35199537,29.75404255,3.960025156
275.05,72.13347049,61.57198802,29.91241538,3.979371445
276.05,72.38069188,61.78126355,30.07082395,3.998721617
277.05,72.60514369,61.98736123,30.22916396,4.018108512
278.05,72.86680408,62.19253254,30.38753865,4.037513573
279.05,73.10202796,62.40428558,30.54594309,4.056888782
280.05,73.35110535,62.62457972,30.70437923,4.076280605
281.05,73.64252047,62.85144651,30.86285346,4.095681813
282.05,73.84231412,63.04641025,31.02136015,4.115083987
283.05,74.03742722,63.24251629,31.17987284,4.134486549
284.05,74.31124982,63.46122956,31.33842936,4.153891672
285.05,74.55573151,63.66872821,31.49700487,4.17327431
286.05,74.76499481,63.87291494,31.65557263,4.19264271
287.05,74.97412223,64.07358735,31.81399074,4.212036964
288.05,75.16244632,64.2614559,31.97244918,4.231401777
289.05,75.36045768,64.45848736,32.13086811,4.250765429
290.05,75.67904203,64.69317394,32.28916918,4.270157847
291.05,75.88521276,64.89319947,32.44740558,4.289549589
292.05,76.18381191,65.12693945,32.60561103,4.308931329
293.05,76.36867978,65.32231909,32.76370199,4.328352979
294.05,76.63550721,65.54186948,32.92164711,4.347748485
295.05,76.80397521,65.72054332,33.07956683,4.367109231
296.05,77.03801917,65.91651887,33.2373733,4.386424514
297.05,77.23163081,66.11076171,33.39504914,4.40574398
298.05,77.50152757,66.32706098,33.55262541,4.425055921
299.05,77.76776952,66.54956919,33.71016192,4.44436322
300.05,78.11938801,66.78327665,33.86771316,4.463697368
301.05,78.4497752,67.01327572,34.02526767,4.483033156
302.05,78.70534821,67.22545746,34.18286604,4.502379627
303.05,78.92346987,67.41581482,34.34050125,4.521736378
304.05,79.11368795,67.61473306,34.4980804,4.541091246
305.05,79.27161897,67.80361773,34.65584803,4.560439443
306.05,79.52451659,68.01739747,34.81366994,4.579785226
307.05,79.78477575,68.22763197,34.97154258,4.599109207
308.05,79.99149254,68.42851836,35.1294846,4.618437687
309.05,80.18629729,68.62972828,35.28748833,4.637768432
310.05,80.41782808,68.83027438,35.44554677,4.657102131
311.05,80.67752726,69.04203386,35.6035903,4.676418386
312.05,80.9007274,69.24427298,35.76158471,4.695738336
313.05,81.15739444,69.45374964,35.91952704,4.715086179
314.05,81.41799299,69.67261839,36.07743447,4.734435687
315.05,81.72498946,69.89607973,36.2353735,4.753778741
316.05,81.9246446,70.09380991,36.39339994,4.773150091
317.05,82.14685505,70.29136014,36.55140711,4.792483905
318.05,82.43064273,70.51413084,36.70943187,4.811836626
319.05,82.67560421,70.71239706,36.86742178,4.831213388
320.05,82.90596717,70.91948591,37.02550275,4.850607232
321.05,83.24098776,71.152198,37.18373672,4.870005348
322.05,83.52858869,71.38250978,37.34195842,4.889411862
323.05,83.80270486,71.59349397,37.50031916,4.908836215
324.05,84.04699463,71.8088014,37.65880502,4.928243852
325.05,84.2959521,72.02946144,37.81726622,4.94766336
326.05,84.55043632,72.24643123,37.97562077,4.967079311
327.05,84.73888068,72.44038187,38.13399839,4.98653129
328.05,85.01107666,72.66512532,38.29240435,5.005977944
329.05,85.21085377,72.86207801,38.45084182,5.025422943
330.05,85.40263923,73.05613128,38.60932457,5.044899251
331.05,85.65019005,73.27740638,38.76779465,5.064373386
332.05,85.91571613,73.49901227,38.926291,5.083877098
333.05,86.13348549,73.69758143,39.08488141,5.103393312
334.05,86.34846598,73.90067949,39.24351091,5.122928107
335.05,86.58443636,74.1105877,39.40216101,5.142484725
336.05,86.84744869,74.33029608,39.56085721,5.162058197
337.05,87.07595512,74.52378023,39.71964013,5.181663212
338.05,87.25029089,74.71010448,39.87841844,5.201252773
339.05,87.43046719,74.90839667,40.03715122,5.220857671
340.05,87.63581926,75.11575987,40.19585164,5.24046103
341.05,87.90141993,75.34593561,40.35456236,5.260056308
342.05,88.12862418,75.55439859,40.51337686,5.27962023
343.05,88.25815331,75.72183608,40.67228045,5.299178787
344.05,88.4916858,75.91946179,40.83123571,5.318740613
345.05,88.79115353,76.14240397,40.9902048,5.338328556
346.05,89.072635,76.36640046,41.14909576,5.35792661
347.05,89.29322837,76.56885527,41.30798631,5.377521365
348.05,89.46409766,76.76439036,41.46680752,5.39710327
349.05,89.73298486,76.99513588,41.62558281,5.416695104
350.05,89.94537033,77.18868936,41.7844047,5.436306394
351.05,90.18128956,77.39312279,41.94321629,5.455904843
352.05,90.40465977,77.59398872,42.10197585,5.475479777
353.05,90.69638494,77.81321317,42.26063985,5.495040556
354.05,90.89890276,78.01474023,42.41929765,5.514592165
355.05,91.1427345,78.2273451,42.57801525,5.534109887
356.05,91.33635339,78.43964145,42.73680033,5.55364544
357.05,91.60827571,78.66050729,42.89565112,5.573184992
358.05,91.85182653,78.87789592,43.05454987,5.592690642
359.05,92.08315363,79.0868367,43.21339702,5.612177916
360.05,92.40464086,79.31702849,43.37211866,5.631644496
361.05,92.68863456,79.53943079,43.53081721,5.651095947
362.05,92.93695298,79.74987869,43.68958926,5.670546959
363.05,93.21482681,79.96596748,43.84843128,5.690003487
364.05,93.47971033,80.18757989,44.00731298,5.709442174
365.05,93.70055221,80.39572443,44.16622888,5.728871283
366.05,93.99975311,80.61893149,44.3251752,5.748302592
367.05,94.30136174,80.83531736,44.48418453,5.767745092
368.05,94.51260867,81.02647249,44.64333574,5.787215394
369.05,94.77660228,81.23408412,44.80251552,5.806667973
370.05,94.9123837,81.42394819,44.96170317,5.826134872
371.05,95.16481118,81.63076375,45.12089208,5.845616458
372.05,95.36749411,81.8159131,45.2800153,5.865081406
373.05,95.57105025,82.00872618,45.43913013,5.884540001
374.05,95.74409819,82.18671393,45.59827591,5.904027681
375.05,95.97774924,82.39750931,45.75740997,5.923521691
376.05,96.22536316,82.61390002,45.91661532,5.943015806
377.05,96.52060152,82.83623438,46.07582833,5.962510952
378.05,96.76329066,83.04775047,46.23503406,5.98200452
379.05,97.01527866,83.25795779,46.3942556,6.001488294
380.05,97.26838161,83.47446822,46.55345139,6.020998309
381.05,97.52976247,83.69248032,46.71271245,6.040530557
382.05,97.80081232,83.9094969,46.87210531,6.060039892
383.05,97.99427857,84.11728846,47.03152461,6.079575895
384.05,98.30789959,84.33468088,47.19089969,6.099110153
385.05,98.60025547,84.56394616,47.3503081,6.118627408
386.05,98.82515203,84.77108496,47.5097272,6.138127182
387.05,99.04872422,84.97565669,47.66905857,6.157614513
388.05,99.34135135,85.20945111,47.82826899,6.177097803
389.05,99.60414199,85.42856331,47.98749281,6.196577052
390.05,99.8637168,85.63905881,48.14676661,6.216054539
391.05,100.0602837,85.8304145,48.30599412,6.235535111
392.05,100.2955659,86.03378072,48.4652128,6.255017199
393.05,100.5898381,86.2644767,48.62445222,6.274530353
394.05,100.7830234,86.45375025,48.78381857,6.294050677
395.05,101.034968,86.66579771,48.94317768,6.31354982
396.05,101.1808205,86.83843335,49.10249705,6.333053304
397.05,101.4050351,87.05276013,49.26166609,6.352581011
398.05,101.7591953,87.29763425,49.42079478,6.372116211
399.05,101.9415739,87.49542884,49.57988977,6.39164966
400.05,102.0856449,87.66518273,49.73907421,6.411170138
401.05,102.3440118,87.88896104,49.89839882,6.430685882
402.05,102.6186243,88.10768749,50.05772552,6.450183864
403.05,102.8185631,88.30509022,50.21696556,6.469689105
404.05,103.10275,88.53166127,50.37623977,6.489178364
405.05,103.3348569,88.7417704,50.53552952,6.508669382
406.05,103.5844595,88.94603742,50.69492765,6.528176539
407.05,103.8067145,89.14262658,50.85441349,6.547688444
408.05,104.0419254,89.35546869,51.01403291,6.567199239
409.05,104.2771854,89.55695722,51.17368282,6.586690163
410.05,104.5329024,89.77855359,51.33337002,6.606208167
411.05,104.7429398,89.9823012,51.49311632,6.625736148
412.05,104.9483561,90.18618542,51.65288431,6.6452839
413.05,105.2194717,90.39011422,51.81266234,6.664824774
414.05,105.473548,90.60391083,51.97260132,6.684363082
415.05,105.6735093,90.7993483,52.13260591,6.703914851
416.05,105.9427311,91.02282887,52.29262871,6.723471833
417.05,106.1552008,91.23717604,52.45272711,6.743058125
418.05,106.4370954,91.4621121,52.61282542,6.762660271
419.05,106.6808556,91.65008211,52.77295455,6.782236728
420.05,106.8748665,91.8453725,52.93321836,6.801789683
421.05,107.1477675,92.05670856,53.09356817,6.821359396
422.05,107.337132,92.26031582,53.2539379,6.840930135
423.05,107.5829923,92.4711447,53.41429319,6.860497316
424.05,107.8717361,92.69786583,53.57469008,6.880080933
425.05,108.1623622,92.92902691,53.73506427,6.899676571
426.05,108.3748479,93.12860924,53.89541104,6.91929466
427.05,108.6668999,93.35176729,54.05571725,6.938913691
428.05,108.9197327,93.570111,54.21595255,6.958527562
429.05,109.2322396,93.80195883,54.37610282,6.978145316
430.05,109.4587341,94.01194283,54.53627946,6.997768635
431.05,109.7385818,94.22025338,54.69646404,7.017388471
432.05,109.9828595,94.43335735,54.85660478,7.036997097
433.05,110.2137278,94.63925146,55.0167798,7.056589416
434.05,110.4062407,94.83311023,55.17698839,7.076199864
435.05,110.6444308,95.05034299,55.33724006,7.095829422
436.05,110.9512222,95.2757711,55.49740932,7.115457529
437.05,111.2446925,95.50602322,55.65746477,7.135092392
438.05,111.3497969,95.68669383,55.81749548,7.154745595
439.05,111.6254274,95.9010406,55.97745976,7.174410242
440.05,111.8439683,96.09807548,56.13739832,7.194049574
441.05,112.0707831,96.30638737,56.29730605,7.21367828
442.05,112.3365148,96.52546466,56.45710582,7.233300881
443.05,112.6294925,96.75576618,56.61688907,7.252926821
444.05,112.8753169,96.96863937,56.77673017,7.272530241
445.05,113.1231838,97.19335103,56.93659655,7.292138111
446.05,113.4217972,97.42710245,57.09642491,7.311758254
447.05,113.6507976,97.63468724,57.25625453,7.331394888
448.05,113.8884637,97.84061889,57.41608089,7.351033773
449.05,114.0816552,98.03922944,57.57590525,7.370683826
450.05,114.3676942,98.25654491,57.73567803,7.390345434
451.05,114.6482663,98.47422287,57.89544791,7.410009068
452.05,114.9306013,98.69324852,58.05518017,7.429662203
453.05,115.1441008,98.89673074,58.21481322,7.449301932
454.05,115.3359391,99.08588824,58.37448448,7.468947939
455.05,115.5860264,99.28947201,58.53424244,7.488606683
456.05,115.7977349,99.49529063,58.69396684,7.508293221
457.05,116.0679959,99.7099828,58.8537471,7.527997136
458.05,116.2733157,99.91208351,59.01351611,7.547688299
459.05,116.4829306,100.1151463,59.17322109,7.567357758
460.05,116.7575783,100.3315064,59.33303564,7.587027595
461.05,116.9212674,100.5259103,59.49292833,7.606678592
462.05,117.0791027,100.7124679,59.65291897,7.626319849
463.05,117.3525531,100.938124,59.81291917,7.645961861
464.05,117.5842873,101.1450395,59.97287461,7.665620986
465.05,117.8608033,101.3640932,60.13286881,7.685269318
466.05,118.0284581,101.5598932,60.29295564,7.704897809
467.05,118.2683558,101.7708677,60.4531442,7.724548042
468.05,118.4838342,101.9706067,60.61345413,7.744187862
469.05,118.7390255,102.1849333,60.7737143,7.76379656
470.05,118.9092736,102.3582348,60.93387835,7.783385644
471.05,119.1469722,102.5700582,61.09400379,7.802964369
472.05,119.3333179,102.7628147,61.2541335,7.822530525
473.05,119.5423294,102.9634072,61.41427117,7.842075305
474.05,119.8401507,103.2021689,61.57441491,7.861597187
475.05,120.0632029,103.4204912,61.73446996,7.881143675
476.05,120.2878669,103.6321146,61.89449444,7.900723427
477.05,120.5636014,103.8560248,62.05454795,7.920261595
478.05,120.8160217,104.0769688,62.214559,7.939790147
479.05,121.065963,104.2955349,62.37451,7.959339251
480.05,121.3032941,104.4868963,62.53435719,7.978885856
481.05,121.4890154,104.6806554,62.69425413,7.998412848
482.05,121.7717784,104.9024963,62.85408772,8.017911557
483.05,121.9944203,105.1057145,63.01384896,8.037418092
484.05,122.3097916,105.3337793,63.17353345,8.056929146
485.05,122.5567712,105.5523003,63.3330826,8.07645317
486.05,122.8022706,105.7561462,63.49262003,8.095945184
487.05,123.0810643,105.9820292,63.65208803,8.115420544
488.05,123.3045102,106.1824303,63.81149366,8.134903478
489.05,123.5876755,106.4100608,63.97091656,8.154397992
490.05,123.8598783,106.6192481,64.13026033,8.173895976
491.05,124.1028585,106.8362163,64.28953354,8.193383245
492.05,124.3544791,107.0466259,64.44874449,8.212865664
493.05,124.5929597,107.2479038,64.60793316,8.232347603
494.05,124.7742347,107.435742,64.76703874,8.251848947
495.05,125.0890552,107.6724213,64.92598932,8.271339794
496.05,125.3050481,107.882722,65.08481214,8.290785337
497.05,125.5559656,108.0903491,65.24353643,8.310207363
498.05,125.7082762,108.2677576,65.40225409,8.329616457
499.05,125.9773649,108.4912748,65.5610573,8.349026156
500.05,126.193525,108.6893768,65.71992309,8.368424818
501.05,126.3589887,108.8744492,65.87872635,8.387803073
502.05,126.5803769,109.0795891,66.03748429,8.407174237
503.05,126.8792028,109.297917,66.1961728,8.426555726
504.05,127.0884046,109.5053214,66.35491978,8.445930165
505.05,127.2749115,109.6932858,66.51355036,8.465336838
506.05,127.5092742,109.8880817,66.67215605,8.484777637
507.05,127.6524137,110.0674788,66.83072577,8.504222016
508.05,127.8713298,110.2665038,66.98934548,8.5236503
509.05,128.0370438,110.4414255,67.14796626,8.543093156
510.05,128.2920968,110.6556826,67.30654127,8.562547406
511.05,128.5923742,110.8874146,67.46509242,8.582030413
512.05,128.8887283,111.1086006,67.62359659,8.6015165
513.05,129.1315261,111.3101301,67.78209531,8.621026865
514.05,129.3867051,111.5216508,67.94061668,8.640536297
515.05,129.6048058,111.7371248,68.09912081,8.660048856
516.05,129.8395434,111.9449312,68.25762958,8.679600662
517.05,130.0352511,112.1382177,68.41616669,8.699130686
518.05,130.2758837,112.3494758,68.57471937,8.718648788
519.05,130.4884659,112.545159,68.73334878,8.738180193
520.05,130.7079604,112.7529067,68.89200339,8.757729461
521.05,131.0525304,113.0051641,69.05077404,8.777290313
522.05,131.3362323,113.2278245,69.20963806,8.796853086
523.05,131.6357464,113.4581641,69.36846767,8.816428996
524.05,131.8940006,113.6716289,69.52737265,8.836031311
525.05,132.1253086,113.8760785,69.68636862,8.855641904
526.05,132.3336013,114.0712705,69.84537947,8.875252951
527.05,132.5217747,114.2680166,70.00445626,8.894843555
528.05,132.7520982,114.4698805,70.16351869,8.914435296
529.05,133.0141167,114.6889291,70.32259296,8.934019776
530.05,133.3298727,114.9175687,70.48167494,8.95360548
531.05,133.5586831,115.1276111,70.64076716,8.973184253
532.05,133.7478865,115.3212825,70.7999112,8.9927459
533.05,134.016247,115.5420199,70.95906757,9.012335072
534.05,134.2619597,115.7411953,71.11825517,9.031930102
535.05,134.4778066,115.9446072,71.27736483,9.051525421
536.05,134.7643374,116.1736909,71.43642132,9.071084274
537.05,134.9868389,116.3768757,71.59548326,9.090649312
538.05,135.1858975,116.566226,71.75456311,9.110220212
539.05,135.5317904,116.8002968,71.91365729,9.129798675
540.05,135.7490034,117.0004352,72.07270792,9.14938963
541.05,135.9289746,117.2002605,72.23169983,9.168970689
542.05,136.1418675,117.3975115,72.39068525,9.188555694
543.05,136.3864387,117.6004456,72.5496252,9.208160993
544.05,136.547763,117.7886527,72.70848548,9.227781205
545.05,136.8164205,117.9931736,72.86732567,9.247399293
546.05,137.04075,118.1957419,73.02618694,9.26702433
547.05,137.3093605,118.4244035,73.18522911,9.286631201
548.05,137.5323065,118.6224317,73.34431716,9.306222669
549.05,137.768216,118.8124256,73.50335037,9.325832064
550.05,138.0523733,119.0285935,73.66238309,9.345438738
551.05,138.3364293,119.2509291,73.82143499,9.365044611
552.05,138.5752836,119.4603895,73.98041271,9.384643862
553.05,138.7397594,119.6388644,74.13930512,9.404243668
554.05,139.0498735,119.8654092,74.2981634,9.423856619
555.05,139.2968534,120.0718545,74.45699508,9.443464157
556.05,139.5226024,120.2735173,74.61587865,9.463072579
557.05,139.7451918,120.486032,74.77491995,9.482690026
558.05,139.9832001,120.7016513,74.93404898,9.502331586
559.05,140.2513713,120.9274943,75.09327466,9.521998616
560.05,140.5000341,121.1414021,75.2525466,9.541674008
561.05,140.7422077,121.3523228,75.41197816,9.561373671
562.05,140.987401,121.5675611,75.57159983,9.581063525
563.05,141.1899152,121.778325,75.73131863,9.600764322
564.05,141.4289347,121.9837757,75.89108695,9.62049048
565.05,141.69254,122.2001772,76.05092004,9.640204199
566.05,141.9178156,122.4029375,76.21081945,9.659917952
567.05,142.1422557,122.6060415,76.37079287,9.679653714
568.05,142.3262486,122.7912023,76.53080069,9.699411619
569.05,142.5320015,122.9838541,76.69086826,9.71918332
570.05,142.7830713,123.2035483,76.85091297,9.738925804
571.05,143.0360446,123.4225468,77.01096968,9.758658804
572.05,143.2706699,123.6299683,77.17092718,9.778392774
573.05,143.5341119,123.8394071,77.33086045,9.798095189
574.05,143.7679869,124.0419402,77.49081844,9.817796225
575.05,144.0241939,124.2691483,77.65066661,9.837493668
576.05,144.2535828,124.4757037,77.81040746,9.857182591
577.05,144.5639975,124.7053398,77.97008635,9.876850336
578.05,144.7720595,124.910748,78.12974054,9.896517043
579.05,145.0314964,125.1228691,78.28928078,9.916178353
580.05,145.2788639,125.3385546,78.4487666,9.935851226
581.05,145.4920052,125.5486734,78.60824963,9.955538783
582.05,145.740724,125.7528236,78.76773908,9.975224246
583.05,145.9655154,125.9633285,78.92719944,9.994897362
584.05,146.2290214,126.1842494,79.08658302,10.01457066
585.05,146.4277221,126.3829551,79.24581128,10.03421258
586.05,146.6974781,126.5965659,79.4048972,10.05384333
587.05,146.9897275,126.8271969,79.56388253,10.07346452
588.05,147.2240969,127.0344812,79.72282228,10.0930862
589.05,147.4875122,127.2567345,79.88169582,10.11269499
590.05,147.770972,127.490245,80.04056534,10.13230087
591.05,147.9721739,127.6907969,80.19940282,10.15187743
592.05,148.21791,127.911173,80.35817531,10.17146035
593.05,148.4018558,128.1054243,80.51684143,10.19107455
594.05,148.6306421,128.3161351,80.67543502,10.21066709
595.05,148.886991,128.5282598,80.83403579,10.23023417
596.05,149.0707862,128.7127029,80.99266177,10.24977283
597.05,149.3100721,128.9192763,81.1513138,10.26929068
598.05,149.4961664,129.1066208,81.30990483,10.28880071
599.05,149.7378571,129.3156785,81.46844859,10.30831603
600.05,150.0324581,129.5392327,81.6270929,10.32783877
601.05,150.2559146,129.7404233,81.78584277,10.34739919
602.05,150.4201891,129.9269805,81.9446713,10.36695631
603.05,150.6591386,130.1345431,82.10343891,10.38651509
604.05,150.9357498,130.358253,82.2622068,10.40605856
605.05,151.1883866,130.5665752,82.42105431,10.42558648
606.05,151.4696928,130.7876179,82.57991859,10.44508705
607.05,151.7212277,130.9996132,82.73872465,10.46458475
608.05,152.0103815,131.2315268,82.89751519,10.4840864
609.05,152.3156917,131.4489614,83.05629497,10.50357785
610.05,152.4707096,131.634744,83.21498465,10.52310275
611.05,152.7194851,131.8429563,83.37354967,10.54260327
612.05,152.8931501,132.0197755,83.53209764,10.56211513
613.05,153.0967919,132.2200196,83.69066608,10.58165134
614.05,153.3448484,132.4363865,83.84930488,10.60120946
615.05,153.6248805,132.6635062,84.00799393,10.62078451
616.05,153.9013444,132.8885255,84.16676849,10.64036493
617.05,154.1185077,133.0893835,84.32557299,10.65994926
618.05,154.3740497,133.2951467,84.4844308,10.67955095
619.05,154.6698545,133.5321334,84.64324773,10.69915797
620.05,154.9197768,133.752948,84.80204683,10.71874608
621.05,155.2023255,133.9816705,84.96077029,10.73833136
622.05,155.3787859,134.1701292,85.11949425,10.75790657
623.05,155.569634,134.3570725,85.27828692,10.77750842
624.05,155.7788351,134.5592398,85.43706573,10.79710077
625.05,156.0442697,134.7721061,85.5958034,10.81667161
626.05,156.2524423,134.9652932,85.75444877,10.8362064
627.05,156.4915208,135.1827204,85.91308699,10.85573171
628.05,156.7102464,135.3832871,86.07174523,10.87523637
629.05,156.9299396,135.5742245,86.23036551,10.89470934
630.05,157.1583482,135.7797471,86.38892581,10.9141823
631.05,157.3742484,135.9990391,86.5474126,10.93367657
632.05,157.6019445,136.2165376,86.70581038,10.9531958
633.05,157.824224,136.4279795,86.86413011,10.97273971
634.05,158.0957044,136.6471934,87.02233937,10.99229832
635.05,158.3017006,136.8414651,87.18057885,11.01186008
636.05,158.5495335,137.0549274,87.33878802,11.03142241
637.05,158.8388222,137.2724616,87.49701982,11.05096021
638.05,159.1012184,137.4816111,87.65536451,11.0704733
639.05,159.3706879,137.6977166,87.81379742,11.08996503
640.05,159.6161449,137.9098626,87.97227703,11.10944778
641.05,159.8744267,138.1177597,88.13078192,11.12891518
642.05,160.1258481,138.338998,88.28935551,11.14836039
643.05,160.3600016,138.5428771,88.44791235,11.16777159
644.05,160.5404656,138.7272362,88.60648023,11.18715045
645.05,160.7716871,138.9304843,88.76514554,11.20650937
646.05,161.0029872,139.1365232,88.9238213,11.22586917
647.05,161.2807236,139.351676,89.08258638,11.24524644
648.05,161.5097277,139.5546709,89.24136399,11.26464774
649.05,161.6918077,139.7360838,89.40020553,11.28404617
650.05,161.87709,139.9321271,89.5590794,11.30343196
651.05,162.0542258,140.1218137,89.71804478,11.32280678
652.05,162.2962293,140.3284779,89.87699324,11.34216963
653.05,162.576955,140.5610893,90.0359649,11.36153498
654.05,162.7856693,140.7568446,90.19501264,11.3809155
655.05,162.972402,140.9588405,90.3540785,11.40030016
656.05,163.1549088,141.1634636,90.5132305,11.41970332
657.05,163.363684,141.3681693,90.67240866,11.43914079
658.05,163.5829162,141.578595,90.83159073,11.45858672
659.05,163.7963626,141.7863365,90.99071654,11.47804678
660.05,164.0704961,142.0073307,91.14980019,11.49749345
661.05,164.330038,142.221957,91.30890841,11.51694948
662.05,164.6560204,142.4630258,91.46806752,11.53644798
663.05,164.8995342,142.6842311,91.62715389,11.55598278
664.05,165.2124709,142.9055285,91.78624574,11.57551204
665.05,165.5272753,143.1441154,91.9453951,11.59503523
666.05,165.835624,143.3769626,92.10453651,11.61457043
667.05,166.0729556,143.5912051,92.26376937,11.63410136
668.05,166.299911,143.8059037,92.42301879,11.65365225
669.05,166.624559,144.0298159,92.5823201,11.67324792
670.05,166.8320592,144.2214516,92.74161633,11.69283272
671.05,167.0430952,144.4289627,92.9009208,11.71241015
672.05,167.2729072,144.6356503,93.06022698,11.73200409
673.05,167.5638727,144.861244,93.21952383,11.75161023
674.05,167.821636,145.0782488,93.37882514,11.77121731
675.05,168.0419832,145.2796256,93.53808905,11.7908266
676.05,168.3421026,145.5039545,93.69733081,11.81039661
677.05,168.5821031,145.7125074,93.85660119,11.82995062
678.05,168.8236053,145.9107045,94.01590855,11.84949802
679.05,169.0532707,146.1120878,94.1752401,11.86902821
680.05,169.2662462,146.3180679,94.33460264,11.88856016
681.05,169.4429539,146.5108753,94.49397314,11.90808195
682.05,169.6815379,146.7182544,94.6534213,11.92762683
683.05,170.0386346,146.969031,94.81286888,11.94718185
684.05,170.2388047,147.1763285,94.97239998,11.96674651
685.05,170.5005639,147.3821374,95.13194732,11.9863431
686.05,170.6974952,147.5846556,95.29156743,12.00596037
687.05,170.9715549,147.8035667,95.45132439,12.02556187
688.05,171.2699226,148.0382255,95.61110682,12.0451675
689.05,171.4837521,148.2389197,95.77094317,12.06477032
690.05,171.7753069,148.4714805,95.93075171,12.08437892
691.05,172.0212465,148.6780689,96.09059687,12.10398107
692.05,172.2488792,148.8858592,96.25042862,12.12358296
693.05,172.5384913,149.1055455,96.41026243,12.14319118
694.05,172.8224684,149.3341397,96.5700257,12.16280255
695.05,172.9656698,149.5113432,96.72968642,12.18240969
696.05,173.2649843,149.7460008,96.88936669,12.20202098
697.05,173.540695,149.9790202,97.04899428,12.22163491
698.05,173.7819869,150.195468,97.20847727,12.24126599
699.05,173.9896086,150.3918801,97.36793412,12.260888
700.05,174.1875684,150.5785698,97.52732471,12.28048401
701.05,174.4048533,150.7819383,97.68659713,12.30002998
702.05,174.6027861,150.9834368,97.84577829,12.31957035
703.05,174.805229,151.1782263,98.00489184,12.33912028
704.05,175.0477475,151.3890872,98.16390819,12.35865163
705.05,175.2650422,151.5858135,98.32274047,12.37815083
706.05,175.4574893,151.7870256,98.48149262,12.39762575
707.05,175.7007322,151.9814355,98.64018577,12.41705602
708.05,175.9400363,152.1850647,98.79875385,12.43643836
709.05,176.2068773,152.4054075,98.9571859,12.45580731
710.05,176.4694364,152.6209167,99.1155242,12.47519849
711.05,176.7888961,152.8637535,99.27378541,12.49462546
712.05,177.0013137,153.0541113,99.43194588,12.5140701
713.05,177.3165923,153.2818285,99.59004326,12.53352081
714.05,177.5266324,153.4878363,99.74808216,12.55299311
715.05,177.8146193,153.7044535,99.9061057,12.57245156
716.05,178.0282809,153.9022763,100.0640282,12.59191116
717.05,178.2988477,154.1187595,100.2219206,12.61137129
718.05,178.4949616,154.3239388,100.3797338,12.63079576
719.05,178.7531139,154.5436679,100.5374322,12.65023214
720.05,178.9458222,154.7347518,100.695147,12.66967586
721.05,179.263537,154.9671363,100.8528285,12.68912179
722.05,179.518306,155.1844115,101.0106486,12.70856195
723.05,179.7714587,155.4050731,101.1686662,12.72800471
724.05,180.0153698,155.6226826,101.3268286,12.74743711
725.05,180.2318013,155.8191378,101.4849178,12.76688969
726.05,180.3680064,155.9964761,101.642937,12.78635496
727.05,180.5982606,156.2011864,101.800902,12.8058376
728.05,180.8443366,156.4137858,101.9588412,12.8253408
729.05,181.0946346,156.6247853,102.1166433,12.84484142
730.05,181.2873967,156.8206887,102.2743764,12.86432733
731.05,181.5616608,157.0440005,102.4320454,12.88380748
732.05,181.7458865,157.2476915,102.5897723,12.90326496
733.05,182.005447,157.4735303,102.7475825,12.9227566
734.05,182.2648429,157.682489,102.9054858,12.94227008
735.05,182.5277568,157.9034499,103.0634049,12.96178604
736.05,182.7790313,158.1032688,103.2213679,12.98127436
737.05,183.0326993,158.3219742,103.3793727,13.0007347
738.05,183.2949057,158.5396721,103.5373602,13.02020425
739.05,183.4978991,158.7356216,103.6953296,13.03967524
740.05,183.7039228,158.9418666,103.8532427,13.0591566
741.05,183.9661587,159.167845,104.0111427,13.07862669
742.05,184.1698394,159.3706201,104.1690942,13.0981032
743.05,184.3778239,159.561242,104.3269349,13.11757844
744.05,184.6050874,159.773307,104.4846916,13.13705525
745.05,184.8646833,159.9881112,104.6423501,13.15653419
746.05,185.0738049,160.1955504,104.7999192,13.17602751
747.05,185.2451966,160.3861317,104.9574351,13.19550683
748.05,185.4670521,160.5871654,105.1149813,13.21501512
749.05,185.7159848,160.8002354,105.2725429,13.23451021
750.05,186.0158422,161.0236325,105.4302155,13.25401964
751.05,186.3195135,161.2456611,105.5880212,13.27351373
752.05,186.5926401,161.4549708,105.745879,13.29299221
753.05,186.8146053,161.6736682,105.9037775,13.31249994
754.05,187.010813,161.856633,106.0616164,13.33202144
755.05,187.3231575,162.084187,106.2194115,13.35155142
756.05,187.6226256,162.3246163,106.3771982,13.37106264
757.05,187.9119561,162.563549,106.5350961,13.39059883
758.05,188.1810901,162.7859736,106.693039,13.4101572
759.05,188.401343,162.9831151,106.8509954,13.42970165
760.05,188.5851139,163.1652319,107.0089708,13.44924009
761.05,188.8738308,163.3944027,107.1670543,13.46878937
762.05,189.0777698,163.5855807,107.3252387,13.48834266
763.05,189.3036513,163.7831854,107.4835695,13.50786892
764.05,189.5062381,163.9879769,107.641955,13.52738434
765.05,189.7100413,164.1847378,107.8003424,13.54689986
766.05,190.0096106,164.4098873,107.9588518,13.56638906
767.05,190.2059142,164.5991649,108.117423,13.5858721
768.05,190.4625006,164.8081655,108.276075,13.60535737
769.05,190.7167006,165.0178457,108.4346866,13.62484847
770.05,191.0117625,165.2364912,108.5931883,13.64431834
771.05,191.255201,165.4484869,108.7516394,13.66380288
772.05,191.5521087,165.6724568,108.9100939,13.68329208
773.05,191.8278287,165.8829779,109.0686679,13.70278076
774.05,192.1050245,166.1167816,109.2273535,13.7222768
775.05,192.3287793,166.3189244,109.3861248,13.74181515
776.05,192.5496421,166.5124206,109.5449789,13.76132937
777.05,192.8032615,166.7389704,109.7038828,13.78083938
778.05,192.9917021,166.9378509,109.8628351,13.80036075
779.05,193.2255519,167.1410496,110.0218106,13.81985287
780.05,193.4421201,167.3431196,110.1808215,13.83929253
781.05,193.6913972,167.5495107,110.3397314,13.85872712
782.05,194.0155148,167.7775513,110.498623,13.87814584
783.05,194.2925795,167.9948589,110.6575069,13.89756241
784.05,194.561039,168.2070929,110.8164155,13.91698657
785.05,194.8322048,168.4232523,110.9752171,13.93639483
786.05,195.0682295,168.6319597,111.1339865,13.95580299
787.05,195.3116068,168.8424858,111.292789,13.97520459
788.05,195.6150739,169.0698356,111.4515581,13.99462556
789.05,195.8601083,169.2835326,111.6103528,14.01404713
790.05,196.115435,169.4869569,111.76904,14.03345334
791.05,196.4087124,169.7058554,111.9277227,14.05284782
792.05,196.6833655,169.9163819,112.0863618,14.07224006
793.05,196.9166718,170.1280472,112.2449789,14.09163075
794.05,197.1379479,170.3162925,112.403598,14.11103515
795.05,197.4086952,170.5433923,112.5621673,14.13046541
796.05,197.6960787,170.7716534,112.7208273,14.14992705
797.05,197.9592283,170.9920491,112.8795225,14.1693833
798.05,198.1527832,171.1885382,113.0381717,14.18884008
799.05,198.3649101,171.3866946,113.1968219,14.20829282
800.05,198.5967817,171.6001456,113.3554334,14.2277412
801.05,198.8473137,171.8102327,113.5139999,14.24719328
802.05,199.1560476,172.0410253,113.6725333,14.26665458
803.05,199.414258,172.2701582,113.8311155,14.28609161
804.05,199.7054298,172.491753,113.9896767,14.30553532
805.05,199.9518176,172.6908329,114.1481699,14.32499069
806.05,200.2071282,172.909152,114.3066467,14.34443844
807.05,200.4657153,173.1315767,114.4650682,14.36387438
808.05,200.7036399,173.3347256,114.6234514,14.38331841
809.05,200.9329072,173.5468915,114.7818431,14.40277045
810.05,201.223966,173.7757991,114.9402862,14.42221906
811.05,201.4789969,173.9800227,115.098782,14.44167011
812.05,201.7292595,174.1972243,115.2572828,14.46109923
813.05,202.0053447,174.4101584,115.4157455,14.48050861
814.05,202.2520684,174.6193816,115.5742132,14.49989039
815.05,202.5670633,174.8522973,115.7326759,14.51925053
816.05,202.813939,175.0594034,115.8910824,14.53861916
817.05,203.0381745,175.2780934,116.0493801,14.55798915
818.05,203.2651403,175.4776198,116.2076174,14.5773922
819.05,203.506911,175.6837025,116.3658746,14.59683185
820.05,203.7495395,175.9047858,116.5240819,14.61627981
821.05,203.993551,176.1018761,116.6821905,14.63570892
822.05,204.2102314,176.3092199,116.8401801,14.65514132
823.05,204.4944421,176.5269933,116.9980351,14.67458615
824.05,204.713107,176.7300725,117.1558292,14.69404057
825.05,204.947567,176.9343459,117.3135531,14.71350617
826.05,205.198537,177.1410264,117.4712153,14.7329799
827.05,205.4741296,177.3684191,117.6289221,14.75245634
828.05,205.6781001,177.5562952,117.786675,14.77192333
829.05,205.8861201,177.7594703,117.9443808,14.7913996
830.05,206.1134001,177.9754861,118.1020114,14.81087869
831.05,206.3438862,178.1840109,118.2595908,14.83034973
832.05,206.5338937,178.3765364,118.4171388,14.84982749
833.05,206.8716484,178.6234565,118.5746474,14.86932488
834.05,207.1012628,178.8326762,118.7321172,14.8888271
835.05,207.3404533,179.0380105,118.8895525,14.90833005
836.05,207.5840677,179.2488366,119.046969,14.92783815
837.05,207.764631,179.4420125,119.2043307,14.94734491
838.05,208.0041619,179.6566629,119.3616277,14.96686569
839.05,208.285478,179.8906101,119.5187911,14.98642249
840.05,208.4869135,180.0832812,119.6759796,15.00596094
841.05,208.7162933,180.2774994,119.833215,15.02551502
842.05,208.9643384,180.4881331,119.9905581,15.04506232
843.05,209.1771617,180.6850123,120.1480033,15.06458437
844.05,209.4339884,180.9123437,120.3054937,15.0840842
845.05,209.7564915,181.1490409,120.4629842,15.10357531
846.05,210.0157656,181.3623916,120.6204684,15.12304371
847.05,210.2428825,181.5647471,120.7779263,15.14250954
848.05,210.5168634,181.7912884,120.9354012,15.16195794
849.05,210.8011606,182.010455,121.0928486,15.18137344
850.05,211.0741163,182.2263269,121.2503137,15.20077006
851.05,211.325101,182.4391691,121.4077932,15.22015053
852.05,211.5605141,182.6579836,121.5652534,15.23952742
853.05,211.782445,182.8582577,121.7226487,15.25890653
854.05,211.9712959,183.0402089,121.8799949,15.27825322
855.05,212.1745807,183.2365459,122.0373809,15.29757128
856.05,212.4571408,183.4744742,122.1948272,15.31691654
857.05,212.6571782,183.6788828,122.3522948,15.33624733
858.05,212.9148172,183.9041104,122.5098097,15.35556501
859.05,213.1390259,184.1182504,122.6673582,15.37486895
860.05,213.3850098,184.3337698,122.8248964,15.39418793
861.05,213.6943726,184.5659994,122.9824295,15.41348937
862.05,213.9201399,184.7806675,123.1400194,15.4327892
863.05,214.1682243,184.9914171,123.2976977,15.45210352
864.05,214.3916947,185.201328,123.4554159,15.47142299
865.05,214.7302261,185.4483684,123.6131259,15.49074006
866.05,214.9566701,185.6569042,123.7707703,15.51004349
867.05,215.2325948,185.8740221,123.9283977,15.52935265
868.05,215.4994522,186.0988998,124.0860354,15.54870296
869.05,215.758575,186.3091917,124.2435866,15.56808022
870.05,215.9537536,186.5071881,124.4010512,15.58745264
871.05,216.1603245,186.7064915,124.5583968,15.60681442
872.05,216.4174354,186.9173176,124.7157351,15.62618329
873.05,216.6725574,187.1410417,124.873079,15.64556985
874.05,216.887122,187.3399657,125.0304052,15.66497576
875.05,217.1312223,187.5425833,125.1877213,15.68438239
876.05,217.3741208,187.7571976,125.34507,15.70378373
877.05,217.5776263,187.9628339,125.5025031,15.72321276
878.05,217.8763474,188.1831308,125.6599676,15.74265665
879.05,218.0870406,188.3749822,125.8175144,15.76210335
880.05,218.3188156,188.5822349,125.9750239,15.78153094
881.05,218.5290853,188.7869091,126.1325281,15.80096169
882.05,218.6794256,188.9685242,126.2899449,15.82036187
883.05,218.9031005,189.1746796,126.4472615,15.83974637
884.05,219.1389571,189.3712918,126.6046199,15.85915193
885.05,219.3926606,189.5838985,126.7620099,15.87857204
886.05,219.652199,189.793259,126.919371,15.89797756
887.05,219.9515844,190.0136396,127.0768071,15.91737628
888.05,220.2566858,190.2583303,127.2343519,15.93678441
889.05,220.4814194,190.4646404,127.391863,15.95621206
890.05,220.7552052,190.6879042,127.5494175,15.97567447
891.05,220.9865776,190.9014635,127.7070105,15.99516643
892.05,221.2304877,191.11862,127.8645327,16.01466064
893.05,221.460166,191.3243914,128.022031,16.03412769
894.05,221.6943302,191.5468777,128.1795281,16.05359454
895.05,221.952395,191.7564521,128.3369943,16.0730397
896.05,222.2016866,191.9685059,128.4944523,16.09248007
897.05,222.5101202,192.1982475,128.651887,16.11188274
898.05,222.7670856,192.4158451,128.8093215,16.13127287
899.05,223.0710392,192.6468736,128.9668121,16.1506947
900.05,223.3364192,192.863001,129.1242629,16.17010415
901.05,223.5232747,193.0591796,129.2816771,16.18946862
902.05,223.8212741,193.290441,129.4390908,16.20882422
903.05,224.050257,193.4953788,129.5964338,16.22817726
904.05,224.2685216,193.6953993,129.7537368,16.2475048
905.05,224.4533234,193.8744776,129.9110066,16.26683983
906.05,224.6612072,194.0691066,130.0683022,16.28617145
907.05,224.8754346,194.2652641,130.2256679,16.30551112
908.05,225.0935709,194.4696986,130.3830323,16.32486757
909.05,225.2724745,194.6500735,130.5404281,16.34425051
910.05,225.5139288,194.8632877,130.6978366,16.3636428
911.05,225.6718381,195.0497305,130.8553553,16.38304595
912.05,225.9120969,195.258449,131.0128892,16.40245711
913.05,226.1912659,195.4855505,131.1703728,16.42186419
914.05,226.4575463,195.6904127,131.3279077,16.44127955
915.05,226.8115642,195.9329772,131.4854946,16.46069831
916.05,227.0962235,196.1449332,131.6431802,16.48015054
917.05,227.3843839,196.3729962,131.8009259,16.49962357
918.05,227.6445909,196.5905556,131.9586855,16.51910039
919.05,227.9238709,196.8041969,132.1164564,16.5385883
920.05,228.1529418,197.0118644,132.2742957,16.55807547
921.05,228.3593879,197.2016794,132.4321267,16.57753549
922.05,228.5820486,197.4102232,132.5899598,16.59701362
923.05,228.8300409,197.6197075,132.7477657,16.61649826
924.05,229.047448,197.8148937,132.9056331,16.63597517
925.05,229.3033965,198.0355921,133.0635965,16.65544233
926.05,229.5617927,198.2429004,133.2215953,16.67489805
927.05,229.790079,198.4499491,133.3795219,16.69436743
928.05,230.0395642,198.6713367,133.537426,16.71386374
929.05,230.3226372,198.8861603,133.6954022,16.73338358
930.05,230.5061301,199.0818618,133.8534375,16.75293573
931.05,230.7242915,199.2860608,134.0114431,16.77250691
932.05,230.9295255,199.4732667,134.1694036,16.79209778
933.05,231.1715099,199.6863822,134.3273317,16.81170591
934.05,231.3908322,199.9025692,134.4853918,16.83132482
935.05,231.640874,200.1197505,134.6435359,16.85094307
936.05,231.8600052,200.3252407,134.8017632,16.8705808
937.05,232.0891651,200.5288421,134.960078,16.89021699
938.05,232.342458,200.7426052,135.1185309,16.90983918
939.05,232.5852708,200.95627,135.2770151,16.92947693
940.05,232.7387421,201.1363759,135.4355882,16.94911157
941.05,233.0208221,201.3682794,135.5942924,16.96872894
942.05,233.2838774,201.5834435,135.7531249,16.98831481
943.05,233.5475103,201.8001757,135.9120398,17.00788361
944.05,233.8663071,202.0216107,136.0709915,17.02744353
945.05,234.0706122,202.2264947,136.2300124,17.04699242
946.05,234.3354441,202.4485947,136.3891433,17.06654884
947.05,234.6792114,202.6941793,136.5482792,17.08610725
948.05,234.9156379,202.8903507,136.7074766,17.10566788
949.05,235.1651339,203.0950063,136.866678,17.12522426
950.05,235.4295139,203.3136036,137.0258562,17.14477739
951.05,235.6759634,203.5260087,137.1850173,17.16432391
952.05,235.9427374,203.7477216,137.3441255,17.18386138
953.05,236.1027513,203.9290342,137.5031579,17.20338245
954.05,236.3846515,204.1397184,137.6621613,17.22288656
955.05,236.665275,204.3408859,137.8211792,17.24241111
956.05,236.8583018,204.5344449,137.9802586,17.26193594
957.05,237.1027561,204.7294871,138.1392566,17.2814586
958.05,237.2746361,204.9250994,138.2981466,17.30099487
959.05,237.4677595,205.1063524,138.4569162,17.32051299
960.05,237.7213019,205.3239869,138.6155746,17.34003132
961.05,237.9736278,205.5432871,138.7742269,17.35953676
962.05,238.2162789,205.7510735,138.9329042,17.37901142
963.05,238.3986994,205.9379295,139.0916102,17.39850648
964.05,238.6519911,206.145977,139.2502306,17.4180054
965.05,238.9784784,206.3880133,139.408864,17.43750983
966.05,239.2089913,206.6058237,139.5673846,17.45703207
967.05,239.4865031,206.8258891,139.7259214,17.47655274
968.05,239.7113467,207.0324434,139.8844454,17.49608183
969.05,239.9456278,207.2498222,140.0428683,17.51560944
970.05,240.2873714,207.4951164,140.2011964,17.53512843
971.05,240.4924557,207.6906897,140.3595165,17.55464419
972.05,240.7703902,207.9228818,140.5177918,17.5741305
973.05,240.9950412,208.1351724,140.6759509,17.59360739
974.05,241.2537253,208.3436425,140.8340826,17.61308874
975.05,241.5715866,208.5731856,140.9921403,17.63252178
976.05,241.8542177,208.7904059,141.1501597,17.65193127
977.05,242.0772464,208.9944216,141.3081033,17.67132775
978.05,242.3181349,209.2079833,141.4659747,17.69072934
979.05,242.646444,209.4510103,141.6238849,17.71013812
980.05,242.8688926,209.6568142,141.7817129,17.7295661
981.05,243.1039517,209.8624611,141.9394909,17.74901204
982.05,243.3837014,210.0792915,142.0972539,17.76846811
983.05,243.6427345,210.2933475,142.2549452,17.78797493
984.05,243.8622037,210.4963146,142.4127425,17.80750861
985.05,244.1387847,210.7145217,142.57057,17.82703714
986.05,244.3625156,210.9176101,142.7284099,17.84655366
987.05,244.5818954,211.1236347,142.8862317,17.86607034
988.05,244.9152108,211.3669668,143.0441098,17.88558095
989.05,245.0627321,211.5541392,143.2019224,17.90509618
990.05,245.2431605,211.7370861,143.3597118,17.92460768
991.05,245.5087189,211.9584438,143.5175345,17.94411919
992.05,245.7051476,212.1594372,143.6754094,17.96362973
993.05,245.9748154,212.3843627,143.8332252,17.98317411
994.05,246.2431396,212.6012664,143.9910013,18.00271132
995.05,246.456725,212.7981109,144.1487981,18.02225226
996.05,246.6669224,212.9988247,144.306604,18.04178513
997.05,246.9702734,213.2279174,144.464434,18.06133159
998.05,247.2405636,213.4412809,144.6223045,18.08088699
999.05,247.4529742,213.6440884,144.7802163,18.10044126
1000.05,247.6856433,213.8568485,144.9382118,18.11998285
1001.05,247.9237279,214.0640384,145.0962186,18.13952124
1002.05,248.1367376,214.2625201,145.2541515,18.15906908
1003.05,248.4275441,214.4773754,145.4121241,18.1786133
1004.05,248.6496547,214.6890817,145.5700881,18.19815479
1005.05,248.9575766,214.9193545,145.7279673,18.21769537
1006.05,249.2592469,215.1506515,145.8858807,18.23722625
1007.05,249.4323601,215.3432205,146.0438394,18.25675414
1008.05,249.6412783,215.5307583,146.2017896,18.27628312
1009.05,249.8915801,215.7488793,146.3597901,18.29582077
1010.05,250.1766442,215.9815164,146.5177492,18.31537605
1011.05,250.38297,216.1794273,146.6756398,18.33493413
1012.05,250.6067652,216.3790993,146.8334041,18.35448176
1013.05,250.8648248,216.5989588,146.9911652,18.37401697
1014.05,251.0861371,216.8041231,147.1489045,18.39352268
1015.05,251.3506383,217.0226556,147.3066137,18.41302028
1016.05,251.648664,217.2428329,147.4642959,18.43251258
1017.05,251.8596095,217.4489563,147.6219247,18.45198819
1018.05,252.094339,217.6480217,147.7794508,18.47145167
1019.05,252.3843468,217.8621177,147.9368512,18.49090128
1020.05,252.6941858,218.0805337,148.0942564,18.51036105
1021.05,253.0153804,218.3100455,148.2516558,18.52981912
1022.05,253.1881927,218.5073562,148.4090417,18.5492981
1023.05,253.4667614,218.7333614,148.5664477,18.56879049
1024.05,253.767926,218.9690195,148.7238324,18.58826954
1025.05,254.0177165,219.1912479,148.8811978,18.60774131
1026.05,254.1889032,219.3750939,149.0385346,18.62719584
1027.05,254.5209074,219.6023477,149.1959629,18.64663665
1028.05,254.8040064,219.8124935,149.3533346,18.66606931
1029.05,255.1097328,220.0503944,149.5105966,18.68550157
1030.05,255.2921752,220.2476087,149.6677625,18.70496205
1031.05,255.4858341,220.4236968,149.8248856,18.72442081
1032.05,255.6593148,220.6102529,149.9821032,18.74389542
1033.05,255.8287446,220.7980945,150.1391725,18.76338493
1034.05,256.0647243,221.0094696,150.2961784,18.7829049
1035.05,256.3215236,221.2203773,150.4532027,18.80245328
1036.05,256.4829679,221.3968467,150.6103369,18.8220101
1037.05,256.743907,221.6171804,150.7672565,18.84159177
1038.05,256.9563799,221.8191153,150.9241336,18.86117317
1039.05,257.2808573,222.0512124,151.0810704,18.8807228
1040.05,257.5918279,222.2806189,151.2381363,18.90025013
1041.05,257.9069251,222.5174921,151.3952324,18.91976245
1042.05,258.1414339,222.7269996,151.5524426,18.93927941
1043.05,258.3768274,222.9258096,151.7097661,18.95882707
1044.05,258.6518166,223.1500539,151.8670639,18.97836531
1045.05,258.9734524,223.3764637,152.024359,18.99788655
1046.05,259.1731661,223.5811467,152.1816755,19.01740883
1047.05,259.4775685,223.8060933,152.3390163,19.03693752
1048.05,259.76162,224.0362051,152.4965294,19.05646924
1049.05,260.1148928,224.2845558,152.6540663,19.07598682
1050.05,260.396739,224.5041066,152.8115863,19.09551277
1051.05,260.6663615,224.7160476,152.9691914,19.11502741
1052.05,260.8795499,224.9178206,153.1268087,19.13450867
1053.05,261.1243804,225.1295374,153.2845334,19.1539933
1054.05,261.3421508,225.3118603,153.4423608,19.17347848
1055.05,261.6014853,225.5271658,153.6001153,19.19293242
1056.05,261.8713458,225.7483532,153.7578522,19.21238714
1057.05,262.0993945,225.9565749,153.915632,19.23184326
1058.05,262.3699346,226.1729693,154.0734256,19.25129521
1059.05,262.5582683,226.3724654,154.2311286,19.27073241
1060.05,262.7803385,226.5818696,154.3887859,19.29016502
1061.05,263.0245606,226.7976787,154.5463398,19.30962852
1062.05,263.2986263,227.0215887,154.7038843,19.3290978
1063.05,263.503542,227.2099508,154.8614225,19.34856492
1064.05,263.7574947,227.425867,155.0189046,19.36801048
1065.05,264.0292108,227.650411,155.1763991,19.38743187
1066.05,264.2662844,227.8553276,155.3338341,19.40683305
1067.05,264.5485529,228.0785683,155.4912995,19.4262301
1068.05,264.7218689,228.262776,155.6487324,19.44562784
1069.05,264.9491108,228.4645479,155.806208,19.4650305
1070.05,265.2475184,228.6822451,155.9637011,19.48446585
1071.05,265.4281284,228.8698204,156.1212158,19.50390766
1072.05,265.6517677,229.0851668,156.2787722,19.52334589
1073.05,265.8230261,229.274788,156.4362804,19.5427755
1074.05,266.1032249,229.4970381,156.5938239,19.56222329
1075.05,266.3569195,229.712772,156.7514526,19.58165785
1076.05,266.5935856,229.9158944,156.9091536,19.60109785
1077.05,266.8389836,230.1345176,157.0668751,19.62055519
1078.05,267.0611342,230.3350188,157.2246799,19.64001716
1079.05,267.3113949,230.5356324,157.3825548,19.65949528
1080.05,267.5176328,230.7373117,157.5405356,19.67900746
1081.05,267.7316945,230.9355646,157.6985979,19.69854633
1082.05,267.9523688,231.1442996,157.8565923,19.71810029
1083.05,268.1346115,231.3376504,158.014596,19.73766158
1084.05,268.3806235,231.5563007,158.1725884,19.75721996
1085.05,268.6407735,231.7700839,158.3305758,19.77675354
1086.05,268.8963591,231.9943082,158.4885835,19.79629435
1087.05,269.1116217,232.2068951,158.6465881,19.81582436
1088.05,269.3199989,232.4101969,158.8045899,19.83536213
1089.05,269.5979242,232.6327124,158.962508,19.85492384
1090.05,269.8686478,232.8472965,159.1204466,19.87448311
1091.05,270.1738089,233.0751525,159.2783535,19.89404519
1092.05,270.3701822,233.2843446,159.4362278,19.9136187
1093.05,270.6184293,233.4879405,159.5941584,19.93320141
1094.05,270.8175655,233.6893401,159.7521786,19.95275737
1095.05,271.062664,233.9075924,159.9101748,19.97232351
1096.05,271.2097609,234.0886799,160.0681797,19.99189705
1097.05,271.4407082,234.3020445,160.2261967,20.01147846
1098.05,271.6709178,234.5077126,160.3843057,20.03109584
1099.05,271.9053047,234.7186648,160.5425233,20.0507302
1100.05,272.1267011,234.9217218,160.700836,20.07038069
1101.05,272.352766,235.1383543,160.8591743,20.09003146
1102.05,272.5458605,235.3332008,161.0175967,20.10966072
1103.05,272.805755,235.5566335,161.1760785,20.12926514
1104.05,273.0498501,235.7788542,161.3346163,20.14887102
1105.05,273.2748673,235.9898251,161.4932261,20.16848818
1106.05,273.527335,236.2057785,161.6518815,20.18809623
1107.05,273.7751201,236.4149925,161.810642,20.2077282
1108.05,274.0125502,236.6253401,161.9694345,20.22737221
1109.05,274.2251089,236.8186542,162.1281861,20.24701336
1110.05,274.4466288,237.021881,162.2869555,20.2666474
1111.05,274.718017,237.2513173,162.4457608,20.28627168
1112.05,274.9530709,237.4492984,162.604648,20.30591274
1113.05,275.181235,237.6326265,162.7636752,20.32555335
1114.05,275.4184708,237.8436376,162.9227894,20.34517942
1115.05,275.6903369,238.0597857,163.0819767,20.36481244
1116.05,275.9544233,238.2772736,163.2411965,20.38444087
1117.05,276.2052804,238.4970129,163.4004718,20.40408495
1118.05,276.402484,238.6935066,163.5596503,20.42373752
1119.05,276.6304134,238.899546,163.7188487,20.4434024
1120.05,276.8595134,239.1014831,163.8780858,20.46305284
1121.05,277.0771842,239.3083349,164.0373347,20.48266842
1122.05,277.2682128,239.5084311,164.1966157,20.50228319
1123.05,277.5260212,239.7342701,164.3559448,20.52188884
1124.05,277.8128199,239.9683952,164.5153579,20.54148268
1125.05,278.0534437,240.1831026,164.6747945,20.56108815
1126.05,278.2578477,240.3947057,164.8341199,20.58072931
1127.05,278.4439421,240.5833279,164.9933552,20.60036707
1128.05,278.7036992,240.7983767,165.1524437,20.61998
1129.05,278.9265608,241.0062873,165.3113757,20.63957808
1130.05,279.1894181,241.215896,165.4702589,20.65915089
1131.05,279.4786644,241.4370773,165.629168,20.67871196
1132.05,279.7077001,241.6465495,165.7881209,20.69827197
1133.05,279.9361741,241.852926,165.947091,20.71784467
1134.05,280.18529,242.0622495,166.1060421,20.7373786
1135.05,280.4646864,242.2815055,166.2649801,20.75691908
1136.05,280.6414469,242.462051,166.4238437,20.77646169
1137.05,280.8623961,242.6729667,166.5827198,20.79601683
1138.05,281.0440787,242.8640048,166.7415927,20.8155642
1139.05,281.3204427,243.0841472,166.9004762,20.83509266
1140.05,281.5769622,243.3017927,167.0593991,20.85461873
1141.05,281.8096588,243.5039603,167.2184007,20.87414195
1142.05,282.041603,243.700959,167.3774399,20.89367774
1143.05,282.3442972,243.9245502,167.5365381,20.91319697
1144.05,282.5838001,244.1380843,167.6957322,20.93272913
1145.05,282.8726363,244.3638624,167.854986,20.95227991
1146.05,283.1332626,244.5835688,168.014301,20.97185134
1147.05,283.3753685,244.7875801,168.1736143,20.99140752
1148.05,283.684186,245.0209171,168.3328637,21.01093061
1149.05,283.9006905,245.2352861,168.4920362,21.0304409
1150.05,284.0976119,245.4274072,168.6511982,21.04996948
1151.05,284.2950878,245.6222286,168.8103519,21.06949221
1152.05,284.5067052,245.823927,168.9693638,21.0890209
1153.05,284.7643042,246.0445451,169.1283052,21.10851752
1154.05,284.959481,246.2403115,169.28714,21.12798335
1155.05,285.2495449,246.4632105,169.4459771,21.14743393
1156.05,285.5166456,246.6847174,169.6048063,21.16689867
1157.05,285.7174952,246.8848928,169.7635947,21.18636047
1158.05,285.9751741,247.0999682,169.9223872,21.2058302
1159.05,286.2190879,247.3065849,170.0811775,21.22532115
1160.05,286.4113315,247.503915,170.2399349,21.24480461
1161.05,286.5753947,247.6863585,170.3987169,21.26426523
1162.05,286.796133,247.8860155,170.5574671,21.28369169
1163.05,287.0583694,248.099521,170.7162362,21.30307459
1164.05,287.3114766,248.3122264,170.8751855,21.32247074
1165.05,287.5471086,248.5175475,171.0342082,21.34184594
1166.05,287.8465211,248.7562644,171.1932462,21.36119252
1167.05,288.1484573,248.9828297,171.3522856,21.38055141
1168.05,288.3813182,249.1938668,171.5113207,21.39994002
1169.05,288.6269233,249.405994,171.6704249,21.41934792
1170.05,288.8978523,249.6209778,171.8295862,21.43875301
1171.05,289.2001278,249.8634759,171.9887804,21.4581582
1172.05,289.4565846,250.0785707,172.1479797,21.47755965
1173.05,289.691804,250.2777637,172.3072838,21.49697685
1174.05,289.9930191,250.5068279,172.4666417,21.51637683
1175.05,290.2058278,250.7005803,172.6259794,21.53576712
1176.05,290.4179634,250.8926627,172.7854108,21.55517084
1177.05,290.6331157,251.0912071,172.9449201,21.57456681
1178.05,290.847487,251.2894,173.1043766,21.59396485
1179.05,291.0926452,251.5030441,173.2638681,21.61337315
1180.05,291.3051922,251.706417,173.4232554,21.63279895
1181.05,291.5480207,251.9213302,173.5825414,21.65224918
1182.05,291.8386262,252.1416045,173.7418366,21.67169936
1183.05,292.0733112,252.3549813,173.9012112,21.69113945
1184.05,292.264951,252.5489419,174.060691,21.71059216
1185.05,292.4858298,252.7423165,174.2201633,21.73008145
1186.05,292.8220341,252.980907,174.3796235,21.74958063
1187.05,293.1020489,253.1983718,174.5390493,21.76905887
1188.05,293.3646163,253.4109758,174.6984686,21.78852439
1189.05,293.6143861,253.6274353,174.8580224,21.80799958
1190.05,293.8929238,253.8475969,175.0176357,21.82750343
1191.05,294.1756261,254.0659934,175.1773012,21.84701386
1192.05,294.4029517,254.2583588,175.3369509,21.86650321
1193.05,294.6770456,254.4829788,175.4965786,21.88599292
1194.05,294.9015214,254.6819818,175.6561822,21.90546942
1195.05,295.1753798,254.8925781,175.8158302,21.92493858
1196.05,295.4567472,255.0977943,175.9754817,21.94439303
1197.05,295.6259073,255.2809111,176.1351511,21.9638252
1198.05,295.9443735,255.5060017,176.2948588,21.98325704
1199.05,296.106379,255.6808162,176.4546577,22.00268665
1200.05,296.3212988,255.8675577,176.6144673,22.02211332
1201.05,296.5287518,256.0616381,176.7741933,22.04148833
1202.05,296.6541877,256.243645,176.9338198,22.06086511
1203.05,296.9323335,256.4616893,177.0934355,22.08022364
1204.05,297.1421674,256.6737408,177.2531445,22.09957906
1205.05,297.3780138,256.8927329,177.4128869,22.11893842
1206.05,297.6402464,257.1093686,177.5726685,22.13829509
1207.05,297.8518129,257.3160952,177.7323509,22.15762685
1208.05,298.0136095,257.5092352,177.8919669,22.17697138
1209.05,298.2720402,257.7249337,178.0515432,22.19631325
1210.05,298.5620241,257.9517544,178.2111061,22.21564709
1211.05,298.8487791,258.1716409,178.3706118,22.23496905
1212.05,299.0664958,258.3713178,178.5299755,22.25430844
1213.05,299.2750906,258.5704986,178.6895032,22.27364871
1214.05,299.5415498,258.8012227,178.8490339,22.29299217
1215.05,299.7522615,259.0071148,179.008547,22.31235807
1216.05,299.9326961,259.1968978,179.1680908,22.33173233
1217.05,300.1818467,259.4066594,179.3276036,22.35111198
1218.05,300.3885511,259.611874,179.4871259,22.37049968
1219.05,300.6421755,259.8266167,179.6467183,22.38987901
1220.05,300.8978331,260.0402856,179.8062554,22.40927925
1221.05,301.1710098,260.2606232,179.965753,22.42867458
1222.05,301.4441046,260.4917177,180.1252299,22.44806909
1223.05,301.7223325,260.717791,180.2847543,22.46749155
1224.05,301.9591088,260.9268369,180.4442987,22.48693918
1225.05,302.2124203,261.1411877,180.603894,22.506391
1226.05,302.3967985,261.3356412,180.7634974,22.5258674
1227.05,302.6202355,261.542189,180.923062,22.54535422
1228.05,302.8235687,261.7330645,181.0826189,22.56483688
1229.05,303.0253926,261.9307407,181.2421752,22.58429927
1230.05,303.291081,262.1468401,181.4016483,22.60375915
1231.05,303.5202875,262.3538255,181.5611363,22.62318825
1232.05,303.7326493,262.5600377,181.7207218,22.64258927
1233.05,303.9154732,262.7666224,181.8802034,22.66198085
1234.05,304.173747,262.9825914,182.0396391,22.68137565
1235.05,304.4477441,263.201153,182.1989697,22.70074709
1236.05,304.7558254,263.429426,182.3582357,22.72010703
1237.05,304.9736892,263.6361694,182.5175026,22.73948909
1238.05,305.1753377,263.8392213,182.6766914,22.75888898
1239.05,305.400635,264.0387216,182.8357466,22.7782914
1240.05,305.603057,264.2438529,182.9948194,22.79769372
1241.05,305.8946906,264.4777742,183.1538437,22.81710188
1242.05,306.137291,264.6759992,183.3128079,22.83650965
1243.05,306.417182,264.9035166,183.4717222,22.85588082
1244.05,306.6439191,265.1134423,183.6307488,22.87525285
1245.05,306.8758561,265.3188805,183.7897676,22.89463865
1246.05,307.1208839,265.5279805,183.9487293,22.91405859
1247.05,307.3631459,265.7451962,184.1077282,22.93348132
1248.05,307.6184239,265.954959,184.2668436,22.95289165
1249.05,307.8536763,266.1618467,184.4259774,22.97226348
1250.05,308.0511273,266.3717338,184.5850847,22.99163779
1251.05,308.3032622,266.5875356,184.744211,23.01103891
1252.05,308.5435326,266.8034741,184.9033667,23.03045434
1253.05,308.7724634,267.0031597,185.0625127,23.04986505
1254.05,308.9813258,267.2020886,185.2216367,23.06927178
1255.05,309.210561,267.4132486,185.3807551,23.08870134
1256.05,309.4512407,267.6240825,185.5398415,23.10813184
1257.05,309.7142163,267.837942,185.6988852,23.12755676
1258.05,309.9316826,268.0398953,185.857963,23.14699703
1259.05,310.1493442,268.252067,186.0170975,23.16645466
1260.05,310.3515027,268.4338377,186.1762384,23.18592952
1261.05,310.6144191,268.6504058,186.3354064,23.20542162
1262.05,310.8326893,268.8634213,186.4946351,23.22493236
1263.05,311.0859793,269.072856,186.6539557,23.24445834
1264.05,311.337807,269.2883663,186.8132573,23.26401714
1265.05,311.5870249,269.5141542,186.972444,23.28357754
1266.05,311.8610102,269.7357831,187.1316057,23.30315306
1267.05,312.0906076,269.9402544,187.2908023,23.32270235
1268.05,312.3388042,270.14559,187.4499798,23.34228861
1269.05,312.5556104,270.3368469,187.6093264,23.36187833
1270.05,312.7782337,270.5370854,187.7687533,23.38145232
1271.05,313.0554888,270.7482876,187.928147,23.40102341
1272.05,313.2667078,270.9538887,188.0875767,23.42060376
1273.05,313.4984388,271.1555057,188.2470273,23.44020128
1274.05,313.7452574,271.3621112,188.4064598,23.45982631
1275.05,313.9908732,271.5727313,188.565975,23.47946728
1276.05,314.2645708,271.7955382,188.725526,23.49912365
1277.05,314.5020498,272.0074898,188.8851285,23.51876981
1278.05,314.7368463,272.2197289,189.0446658,23.53838281
1279.05,314.9668899,272.4310681,189.2041326,23.55797945
1280.05,315.1802787,272.6458364,189.3635741,23.57756194
1281.05,315.4206751,272.8496244,189.5230715,23.59713611
1282.05,315.6405292,273.0508859,189.6826339,23.61671054
1283.05,315.9281551,273.2771943,189.8422668,23.63626311
1284.05,316.1885475,273.4945233,190.0019219,23.65581313
1285.05,316.4359509,273.7049971,190.1614965,23.67539733
1286.05,316.6404669,273.9010482,190.3209727,23.69499701
1287.05,316.9225321,274.1140785,190.4803789,23.714613
1288.05,317.13219,274.3098498,190.6398386,23.734219
1289.05,317.3695186,274.5199391,190.7993824,23.75381734
1290.05,317.568335,274.7111112,190.9589392,23.77342617
1291.05,317.8132741,274.9252944,191.1184807,23.7930567
1292.05,318.1024395,275.1566961,191.2781551,23.81270351
1293.05,318.3061746,275.3517892,191.4378842,23.83230694
1294.05,318.6088207,275.5807934,191.597591,23.85187081
1295.05,318.8523282,275.7939416,191.7572317,23.87142197
1296.05,319.104488,276.0180691,191.9167744,23.89096973
1297.05,319.3845759,276.2370204,192.0762326,23.91050516
1298.05,319.5554289,276.4222405,192.2355159,23.93005899
1299.05,319.8047014,276.6404719,192.3946551,23.94962823
1300.05,320.0873787,276.8575002,192.5537032,23.96918803
1301.05,320.2869914,277.0504572,192.7126977,23.98872187
1302.05,320.5055006,277.2493659,192.871685,24.00825083
1303.05,320.7621759,277.4565057,193.030621,24.02777406
1304.05,321.000933,277.6483203,193.1894831,24.0473068
1305.05,321.2234168,277.8608677,193.3482587,24.0668161
1306.05,321.4677414,278.0731425,193.5069968,24.08631629
1307.05,321.7035008,278.2905587,193.6657678,24.10581322
1308.05,321.939344,278.4882998,193.8245495,24.12530741
1309.05,322.2127446,278.7103751,193.983265,24.14477612
1310.05,322.4311574,278.9164614,194.142026,24.16424796
1311.05,322.6788428,279.1315203,194.3007494,24.18370667
1312.05,322.8894485,279.338623,194.4594057,24.20314889
1313.05,323.1174999,279.5499941,194.6180096,24.22255834
1314.05,323.3770762,279.7676349,194.7765607,24.24195049
1315.05,323.53577,279.9612995,194.9350525,24.26135341
1316.05,323.8445525,280.1865778,195.0934836,24.28074624
1317.05,324.1298533,280.4093504,195.2518503,24.30012027
1318.05,324.4460359,280.6519128,195.4102132,24.31948904
1319.05,324.6528859,280.8510794,195.5685931,24.33884294
1320.05,324.8746706,281.0630074,195.7269755,24.35817996
1321.05,325.1143632,281.2807109,195.8854637,24.37754493
1322.05,325.2456442,281.4663682,196.0439234,24.39691274
1323.05,325.4948277,281.686965,196.2022957,24.41628525
1324.05,325.6533845,281.8702737,196.3607203,24.43564317
1325.05,325.9653273,282.0969534,196.5191072,24.45500745
1326.05,326.2471904,282.3223158,196.6773978,24.47436654
1327.05,326.505727,282.5456267,196.8356304,24.49374295
1328.05,326.7824583,282.7619254,196.9938101,24.51312915
1329.05,326.9629508,282.9581343,197.1518656,24.53250708
1330.05,327.1554459,283.157202,197.3097707,24.55190153
1331.05,327.4368528,283.3717705,197.4676199,24.57127471
1332.05,327.7021144,283.5819092,197.6254457,24.59061863
1333.05,327.9345399,283.7756626,197.7832059,24.60994212
1334.05,328.1387741,283.9750685,197.9409281,24.62925179
1335.05,328.4325769,284.2004328,198.0986732,24.64855129
1336.05,328.6449118,284.397709,198.2563731,24.66785614
1337.05,328.9274912,284.6228563,198.4140791,24.68716905
1338.05,329.1179188,284.8181855,198.5718369,24.70648917
1339.05,329.3732075,285.0233088,198.7296912,24.72579948
1340.05,329.6438265,285.23642,198.8875924,24.74513071
1341.05,329.8676303,285.4477069,199.0455713,24.76447517
1342.05,330.1617958,285.684175,199.2036085,24.78381597
1343.05,330.3798823,285.884834,199.3616513,24.80313694
1344.05,330.6709129,286.1117803,199.5197528,24.82248505
1345.05,330.8560736,286.3063786,199.6779946,24.8418406
1346.05,331.0865245,286.5201014,199.8362904,24.8612162
1347.05,331.3228538,286.7265664,199.9946528,24.88062143
1348.05,331.5595897,286.9345129,200.1530874,24.90006059
1349.05,331.8057955,287.1329471,200.3115549,24.91952386
1350.05,332.0557953,287.3523579,200.4700642,24.93898242
1351.05,332.2446537,287.5458572,200.6285723,24.95846654
1352.05,332.4474348,287.7464161,200.787109,24.97796991
1353.05,332.6645248,287.9464567,200.9456494,24.99747263
1354.05,332.9555365,288.1762631,201.1042326,25.01694857
1355.05,333.1755982,288.3836185,201.2627999,25.03640778
1356.05,333.3429716,288.5762381,201.4214205,25.05587627
1357.05,333.6251347,288.7959566,201.5800174,25.07534142
1358.05,333.889765,289.0029016,201.7385058,25.09480981
1359.05,334.0333575,289.1694832,201.8970247,25.11427239
1360.05,334.2118799,289.352759,202.0556128,25.13369805
1361.05,334.4220865,289.5487098,202.2143223,25.15311333
1362.05,334.642944,289.7576232,202.3730748,25.17256311
1363.05,334.8350807,289.9555089,202.5319564,25.19205529
1364.05,335.0428121,290.1623653,202.6909091,25.21158065
1365.05,335.2321298,290.3673845,202.8498421,25.23109555
1366.05,335.4915424,290.5837508,203.0087465,25.25059742
1367.05,335.690747,290.7749542,203.1677739,25.27011479
1368.05,335.9572592,290.9928572,203.326878,25.28964858
1369.05,336.167805,291.1768389,203.4861107,25.3091593
1370.05,336.4800114,291.411972,203.6454201,25.32863699
1371.05,336.7227371,291.6192141,203.8048146,25.34811788
1372.05,336.9497491,291.848147,203.9641487,25.367614
1373.05,337.2144479,292.0545778,204.123468,25.38713062
1374.05,337.4370653,292.2452952,204.2829204,25.40665054
1375.05,337.6776692,292.4485309,204.4424368,25.42618993
1376.05,337.8680604,292.6361426,204.6019744,25.44576859
1377.05,338.0965383,292.8494301,204.7614905,25.46535209
1378.05,338.3190823,293.0611222,204.9209545,25.48492175
1379.05,338.5576027,293.2740525,205.0804002,25.50451658
1380.05,338.8301035,293.4775067,205.2399238,25.52410137
1381.05,339.0911013,293.6884137,205.3995429,25.54367054
1382.05,339.3603979,293.8962058,205.5592766,25.56325389
1383.05,339.5888027,294.103801,205.7190816,25.58284033
1384.05,339.7923256,294.2992846,205.8789616,25.60243132
1385.05,339.995826,294.4864932,206.0389126,25.62203459
1386.05,340.240185,294.7004003,206.1988346,25.64166426
1387.05,340.4599098,294.9064951,206.3586732,25.6612645
1388.05,340.7655057,295.1490539,206.5184776,25.68086336
1389.05,341.0261124,295.3650831,206.678282,25.70047282
1390.05,341.2593294,295.5724974,206.8380978,25.72008057
1391.05,341.4920024,295.7854502,206.9979591,25.73971977
1392.05,341.6853393,295.9753267,207.1578271,25.75933383
1393.05,341.9069114,296.1729541,207.3177026,25.77895254
1394.05,342.2484326,296.4087487,207.4776432,25.79856201
1395.05,342.4562078,296.6040834,207.6375939,25.81817496
1396.05,342.6714193,296.8066212,207.797523,25.83780793
1397.05,342.8446662,297.0014633,207.9575346,25.85745794
1398.05,343.1083186,297.2251438,208.1175591,25.87713094
1399.05,343.3242675,297.4190948,208.2775657,25.89678629
1400.05,343.5107713,297.6206319,208.4375888,25.91643405
1401.05,343.6816813,297.8179105,208.5977323,25.93608112
1402.05,343.8653674,298.0077371,208.7579241,25.95571369
1403.05,344.0992753,298.2024675,208.9181587,25.97531781
1404.05,344.3821718,298.4377084,209.0784051,25.99489671
1405.05,344.5688986,298.6263689,209.2386528,26.01451044
1406.05,344.8197771,298.8451608,209.3988614,26.03411841
1407.05,345.0682483,299.0649384,209.5590962,26.05373295
1408.05,345.3248121,299.2813439,209.7193185,26.07331977
1409.05,345.5808675,299.495694,209.8794907,26.09290334
1410.05,345.7716459,299.6849854,210.0396679,26.11247192
1411.05,346.1113988,299.9315824,210.1998185,26.13205251
1412.05,346.2321371,300.0854699,210.3598209,26.151638
1413.05,346.4953189,300.3051713,210.5198686,26.17121515
1414.05,346.7351827,300.5136323,210.6800184,26.19080476
1415.05,346.9634425,300.7145506,210.840225,26.2103898
1416.05,347.1757792,300.9160528,211.0003958,26.2299906
1417.05,347.4545221,301.1373831,211.1604353,26.24960603
1418.05,347.6591886,301.3364629,211.32041,26.26920056
1419.05,347.8768666,301.5376023,211.4804391,26.28879133
1420.05,348.058529,301.7397598,211.6405164,26.30836752
1421.05,348.3188191,301.95047,211.8006784,26.32791499
1422.05,348.5239665,302.1439013,211.9607697,26.34741675
1423.05,348.7441351,302.3529322,212.1207662,26.36687841
1424.05,348.9127688,302.5412429,212.280719,26.38631145
1425.05,349.0727447,302.7294574,212.4406658,26.4057531
1426.05,349.2448389,302.9112626,212.6006453,26.4251933
1427.05,349.5027729,303.1119733,212.7606038,26.44463194
1428.05,349.7704989,303.3219603,212.9205683,26.46405565
1429.05,349.9762315,303.5182689,213.0805923,26.48351088
1430.05,350.1894592,303.7250313,213.2405494,26.50301687
1431.05,350.3961386,303.9267112,213.4005173,26.52253647
1432.05,350.54889,304.1042912,213.5605454,26.54208155
1433.05,350.8177874,304.3192136,213.7205436,26.56162419
1434.05,351.1143961,304.5320864,213.8805443,26.58118077
1435.05,351.316767,304.7295594,214.0404904,26.60074065
1436.05,351.5166608,304.9226203,214.2004199,26.62029994
1437.05,351.7053271,305.1334101,214.3603675,26.63988834
1438.05,351.9172954,305.3319836,214.5202753,26.65948089
1439.05,352.1507115,305.54471,214.6801212,26.67907466
1440.05,352.3820057,305.7435153,214.8399354,26.69865777
1441.05,352.5870702,305.9320853,214.9997126,26.71821706
1442.05,352.8470194,306.163926,215.1595381,26.73778506
1443.05,352.997216,306.3428064,215.319439,26.75735884
1444.05,353.2466735,306.5549957,215.4793742,26.77694589
1445.05,353.5008313,306.7563771,215.639271,26.79651179
1446.05,353.733342,306.9558482,215.7991762,26.81607286
1447.05,354.0080995,307.1816427,215.959017,26.83564379
1448.05,354.2640616,307.389192,216.1189167,26.85523433
1449.05,354.5131245,307.603666,216.2787199,26.87486132
1450.05,354.7893356,307.8316071,216.4385948,26.89451828
1451.05,355.0188748,308.0277807,216.5985167,26.91420437
1452.05,355.2853825,308.2328285,216.7584951,26.93389933
1453.05,355.5288039,308.4407324,216.9185551,26.95359714
1454.05,355.8015741,308.6592895,217.0786533,26.97328617
1455.05,356.0633815,308.869696,217.238727,26.99294747
1456.05,356.2693605,309.0763774,217.3988807,27.01260366
1457.05,356.4870165,309.267159,217.5590145,27.03225337
1458.05,356.7676532,309.4891675,217.7191709,27.05190636
1459.05,356.9562792,309.6799242,217.8793172,27.07155825
1460.05,357.2594637,309.9107762,218.0393972,27.09119126
1461.05,357.4609088,310.1052546,218.1994991,27.11082977
1462.05,357.7112008,310.3224271,218.3596691,27.13046759
1463.05,357.9566603,310.5352464,218.5198024,27.15013323
1464.05,358.3085977,310.7749216,218.6798733,27.16981274
1465.05,358.524838,310.9785055,218.8398776,27.18949876
1466.05,358.7708111,311.1887098,218.9998977,27.20913971
1467.05,359.0552131,311.4038524,219.1599145,27.22875496
1468.05,359.2797841,311.5940949,219.3199428,27.24836624
1469.05,359.5302994,311.8059282,219.4799914,27.26795717
1470.05,359.7495933,312.0054844,219.6399758,27.28756541
1471.05,359.9741557,312.1993079,219.8000438,27.30715518
1472.05,360.185597,312.4036096,219.9600899,27.32671432
1473.05,360.4368906,312.6120774,220.1202416,27.34629823
1474.05,360.6584474,312.8121413,220.2803994,27.36586361
1475.05,360.9142841,313.0176367,220.4405748,27.38539521
1476.05,361.1377917,313.2160506,220.6006733,27.40489315
1477.05,361.3617016,313.4298564,220.7607499,27.42436459
1478.05,361.5826523,313.6283219,220.9207229,27.44385171
1479.05,361.8456768,313.8366047,221.0806761,27.46334072
1480.05,362.1320017,314.0553496,221.2405895,27.48282861
1481.05,362.3435173,314.2660469,221.4005251,27.50233115
1482.05,362.6334945,314.4860683,221.5604076,27.52185911
1483.05,362.8353802,314.6857274,221.7203183,27.54137309
1484.05,363.1007246,314.9143427,221.8801904,27.56087182
1485.05,363.396488,315.1392108,222.0400817,27.58037232
1486.05,363.5931293,315.3309389,222.200009,27.59987473
1487.05,363.8684935,315.539238,222.3599755,27.61936708
1488.05,364.0944883,315.7457521,222.5199216,27.63884141
1489.05,364.3515925,315.9712149,222.6798743,27.65832228
1490.05,364.6876768,316.2087227,222.8397756,27.67781128
1491.05,364.910371,316.4138749,222.999574,27.69730023
1492.05,365.1391226,316.6097193,223.1592422,27.71679126
1493.05,365.365048,316.8092411,223.3188038,27.73627396
1494.05,365.6945086,317.0375742,223.4782784,27.75575419
1495.05,365.8964771,317.2273123,223.6377314,27.7752493
1496.05,366.1574687,317.442584,223.7971471,27.79475176
1497.05,366.4062,317.6555656,223.9566789,27.81424996
1498.05,366.6278562,317.8533217,224.1162274,27.83374835
1499.05,366.8965955,318.0661832,224.2757376,27.85322722
1500.05,367.1320275,318.2787517,224.4352312,27.87269538
1501.05,367.4581317,318.5148664,224.5947632,27.89216283
1502.05,367.7509879,318.7273411,224.7542999,27.91162995
1503.05,368.0083963,318.9339102,224.9138439,27.93112128
1504.05,368.264684,319.1329437,225.0733579,27.95061491
1505.05,368.5356472,319.3600258,225.2329282,27.97011852
1506.05,368.7573921,319.5676127,225.3925463,27.9895856
1507.05,368.9595969,319.7653026,225.5522565,28.00904915
1508.05,369.2303162,319.9914915,225.7120465,28.02853824
1509.05,369.5785737,320.2358182,225.8717374,28.04803281
1510.05,369.8235683,320.4450066,226.0313236,28.06753561
1511.05,370.0728942,320.654892,226.190732,28.08701435
1512.05,370.3386749,320.8615607,226.3500421,28.10649062
1513.05,370.5517571,321.0548682,226.5093393,28.12593101
1514.05,370.7908359,321.2697804,226.6685897,28.14535572
1515.05,371.0152302,321.4683414,226.8277869,28.16478786
1516.05,371.2263675,321.6602111,226.987068,28.18422771
1517.05,371.4744699,321.8708181,227.1463766,28.20368692
1518.05,371.7083349,322.0821894,227.305643,28.22314087
1519.05,371.9440283,322.2870676,227.4648962,28.2425936
1520.05,372.1752335,322.5004062,227.6241892,28.2620606
1521.05,372.419582,322.7161161,227.7834864,28.28154134
1522.05,372.6774644,322.9217869,227.9427425,28.30102578
1523.05,372.9029962,323.1141127,228.1019041,28.32048968
1524.05,373.1597347,323.327988,228.260967,28.33996072
1525.05,373.4171638,323.5448806,228.4200025,28.35940834
1526.05,373.6357261,323.7477247,228.579043,28.37884538
1527.05,373.8634825,323.9496549,228.7380652,28.39824726
1528.05,374.130412,324.1625622,228.8970161,28.41762778
1529.05,374.4040629,324.3804605,229.0560115,28.43701754
1530.05,374.6646431,324.5798426,229.2151465,28.45637549
1531.05,374.8697362,324.7882287,229.3742548,28.47571735
1532.05,375.097809,324.9915406,229.5333372,28.49508867
1533.05,375.329247,325.1949447,229.6923972,28.51445596
1534.05,375.6106913,325.4121791,229.8514432,28.53379528
1535.05,375.8800496,325.6239165,230.0105237,28.55316247
1536.05,376.144178,325.8403413,230.169588,28.57254951
1537.05,376.3638999,326.0376213,230.3285971,28.59191106
1538.05,376.5527318,326.2331094,230.4876153,28.6112516
1539.05,376.7457324,326.4299043,230.6465931,28.6305646
1540.05,376.993775,326.6245885,230.8056539,28.64988544
1541.05,377.1863738,326.82915,230.9646592,28.66923161
1542.05,377.3745201,327.0153888,231.1236546,28.68859023
1543.05,377.6628459,327.2419329,231.2826487,28.70792812
1544.05,377.887961,327.4644745,231.4417518,28.72727404
1545.05,378.1013746,327.665494,231.6008834,28.74663197
1546.05,378.3107669,327.8764732,231.7600602,28.76597473
1547.05,378.4710212,328.060978,231.9192606,28.78528189
1548.05,378.6801134,328.2628368,232.0784878,28.80458789
1549.05,378.8236992,328.432692,232.2377545,28.82389227
1550.05,379.0920574,328.6552781,232.3970266,28.84319838
1551.05,379.3953142,328.8879432,232.5562293,28.86251616
1552.05,379.628131,329.0937447,232.7153925,28.88185849
1553.05,379.8087986,329.294258,232.8744918,28.90124341
1554.05,380.0056812,329.487899,233.0336318,28.92067335
1555.05,380.2322841,329.6960978,233.1927198,28.94012738
1556.05,380.4908175,329.9090758,233.3517806,28.95957778
1557.05,380.7655637,330.1306605,233.5108698,28.97904174
1558.05,380.9662194,330.3239996,233.6700662,28.99852385
1559.05,381.2747525,330.5528198,233.8293358,29.01801587
1560.05,381.5284899,330.7492508,233.9886149,29.03745806
1561.05,381.80088,330.9675899,234.1478963,29.05690067
1562.05,382.0282123,331.1689806,234.3072575,29.07637864
1563.05,382.245275,331.3577829,234.4667533,29.09584375
1564.05,382.4598636,331.5629808,234.6263233,29.11529405
1565.05,382.6991938,331.7783892,234.7858934,29.13474004
1566.05,382.961718,331.9894665,234.9455029,29.15417437
1567.05,383.0815875,332.1551122,235.1051626,29.17358846
1568.05,383.3108712,332.3743017,235.2647835,29.1930129
1569.05,383.5741277,332.5925848,235.4244307,29.21244629
1570.05,383.7755957,332.7817498,235.5841258,29.23190343
1571.05,384.0912666,333.0089057,235.7438608,29.25139528
1572.05,384.2658806,333.2114059,235.9036322,29.27091093
1573.05,384.5291837,333.4300873,236.0634715,29.29041414
1574.05,384.7888571,333.6551674,236.2234176,29.30991904
1575.05,385.005261,333.8589605,236.383445,29.32943445
1576.05,385.2242836,334.0640376,236.5434362,29.34896882
1577.05,385.4337331,334.2497047,236.7033597,29.36850999
1578.05,385.6317264,334.4319271,236.8632638,29.38805898
1579.05,385.8373036,334.6177493,237.0231071,29.40760193
1580.05,386.1070045,334.8389718,237.1829176,29.42714697
1581.05,386.363031,335.0506276,237.3427263,29.44669212
1582.05,386.5761469,335.2551152,237.5025599,29.46621799
1583.05,386.8261725,335.4728915,237.6623312,29.4857354
1584.05,387.0170446,335.6686333,237.8221294,29.5052592
1585.05,387.1716118,335.846891,237.9818734,29.52479496
1586.05,387.4735806,336.0864182,238.141589,29.54434692
1587.05,387.6169381,336.2703343,238.3012416,29.56392812
1588.05,387.8948799,336.4925978,238.4608559,29.58351188
1589.05,388.0608292,336.6807956,238.6204952,29.6030927
1590.05,388.2891423,336.8936298,238.7800732,29.62266601
1591.05,388.5321494,337.1095114,238.9394438,29.64223279
1592.05,388.7739304,337.3043345,239.0987036,29.66179928
1593.05,389.0172877,337.5059365,239.2578312,29.68135636
1594.05,389.2697623,337.7135328,239.4169045,29.70090592
1595.05,389.5393807,337.9311299,239.5759241,29.72044029
1596.05,389.7193365,338.1280513,239.7349136,29.73997225
1597.05,389.9364925,338.3394233,239.8938492,29.75950922
1598.05,390.1485402,338.5331237,240.0528566,29.77904261
1599.05,390.3652482,338.7342974,240.21201,29.79856767
1600.05,390.615433,338.9395085,240.3713585,29.81811779
1601.05,390.7614451,339.12422,240.5308241,29.83769419
1602.05,391.0883508,339.3608374,240.6903034,29.85727202
1603.05,391.3246294,339.5681724,240.8498246,29.87683399
1604.05,391.544445,339.7613397,241.0093435,29.89640701
1605.05,391.7279572,339.9516031,241.1688368,29.91596473
1606.05,391.9648775,340.1716571,241.3282858,29.93550776
1607.05,392.1557768,340.3682891,241.4876705,29.95505223
1608.05,392.3752081,340.5760444,241.6470818,29.97460707
1609.05,392.5738078,340.7756555,241.8064603,29.99418382
1610.05,392.8043826,340.9762402,241.965823,30.01373782
1611.05,392.9941623,341.1681399,242.12514,30.03330485
1612.05,393.2358916,341.3847279,242.2845581,30.05291673
1613.05,393.4877868,341.6046241,242.4439194,30.07259305
1614.05,393.8086143,341.8400057,242.6033035,30.09229244
1615.05,394.0837,342.0569336,242.7627665,30.11197033
1616.05,394.2615119,342.2477319,242.9222356,30.13163033
1617.05,394.4753592,342.4442366,243.0817109,30.15132759
1618.05,394.6475976,342.6323575,243.2412824,30.17102537
1619.05,394.9356031,342.8485808,243.400923,30.19072416
1620.05,395.2672501,343.082704,243.5606196,30.21042817
1621.05,395.4419313,343.2643105,243.7203775,30.23011237
1622.05,395.7435837,343.4830956,243.880135,30.24977036
1623.05,395.9668711,343.6818375,244.0398215,30.26942177
1624.05,396.1939899,343.8846828,244.199432,30.28906787
1625.05,396.4909716,344.1104352,244.3590573,30.30869424
1626.05,396.7636264,344.3338561,244.5185556,30.3283224
1627.05,396.9683768,344.5290129,244.6779792,30.34796566
1628.05,397.2429621,344.7439758,244.8374152,30.36755608
1629.05,397.4411541,344.9353145,244.9968507,30.387138
1630.05,397.6891252,345.1346331,245.1563311,30.40672122
1631.05,397.9875334,345.3608125,245.315765,30.42628532
1632.05,398.2001715,345.5562757,245.4751409,30.44580683
1633.05,398.4658193,345.7725888,245.6344953,30.46532904
1634.05,398.6951483,345.9818171,245.7938185,30.48485405
1635.05,398.9441031,346.2014562,245.953141,30.50439199
1636.05,399.1558552,346.392679,246.112396,30.52390885
1637.05,399.4076049,346.6132088,246.2716598,30.5433917
1638.05,399.6695398,346.8361771,246.430923,30.56289322
1639.05,399.9260113,347.0612692,246.5902319,30.58241776
1640.05,400.2155789,347.2859791,246.7494746,30.60194547
1641.05,400.4228682,347.4829305,246.908693,30.621454
1642.05,400.6165843,347.6773617,247.0678834,30.6409628
1643.05,400.8639717,347.8814295,247.2270465,30.66046183
1644.05,401.0852127,348.0755126,247.3862109,30.67992576
1645.05,401.4036401,348.3091046,247.5454136,30.69937101
1646.05,401.6830405,348.5272094,247.7045076,30.71885339
1647.05,401.8920278,348.723804,247.8635591,30.73835587
1648.05,402.2491978,348.9793073,248.0226078,30.75787921
1649.05,402.4940479,349.198392,248.1816867,30.77742761
1650.05,402.7008164,349.3927229,248.3408005,30.79696913
1651.05,402.9700016,349.5998247,248.499945,30.8165193
1652.05,403.2581552,349.8340622,248.6592143,30.83609417
1653.05,403.5087869,350.0541544,248.8185149,30.85569459
1654.05,403.6714008,350.2385834,248.9777752,30.87529691
1655.05,403.7825864,350.4063997,249.1369239,30.89489042
1656.05,403.9552532,350.6025376,249.295949,30.91452532
1657.05,404.1395683,350.7858042,249.4549599,30.93421407
1658.05,404.4262407,351.0171773,249.6140379,30.95392893
1659.05,404.7334426,351.2488248,249.7732251,30.97362977
1660.05,405.0008613,351.4606471,249.932454,30.99332815
1661.05,405.2673061,351.670593,250.0917029,31.01298488
1662.05,405.4692106,351.873319,250.2510705,31.032635
1663.05,405.7118238,352.086522,250.4104706,31.05228221
1664.05,405.8813521,352.2671225,250.5699009,31.0719014
1665.05,406.0797939,352.4721039,250.72942,31.09150925
1666.05,406.2983884,352.6734256,250.8889483,31.11110803
1667.05,406.470873,352.8559446,251.0484815,31.1306735
1668.05,406.7575252,353.0802391,251.2079911,31.15022023
1669.05,407.0192488,353.2887899,251.3675148,31.16975426
1670.05,407.2162216,353.4862211,251.5270323,31.18930343
1671.05,407.4682258,353.6951463,251.6865566,31.20884433
1672.05,407.6740659,353.8861208,251.8460614,31.22838892
1673.05,407.9180531,354.106434,252.0055569,31.24795796
1674.05,408.0826325,354.2919135,252.1650273,31.26754668
1675.05,408.27673,354.4857326,252.3244376,31.28713831
1676.05,408.580552,354.710373,252.4838521,31.30673697
1677.05,408.8283014,354.9258327,252.6432632,31.32637129
1678.05,409.0295274,355.119256,252.8026794,31.34603342
1679.05,409.2743639,355.3317241,252.9621469,31.36569891
1680.05,409.4623684,355.5339919,253.121681,31.38535053
1681.05,409.6462961,355.7202595,253.2812636,31.40500403
1682.05,409.7866083,355.8831391,253.4408998,31.4246446
1683.05,410.0836632,356.1101224,253.6004885,31.44429515
1684.05,410.2788948,356.3011043,253.7600115,31.46393718
1685.05,410.5065236,356.4997802,253.919471,31.48356138
1686.05,410.7537103,356.7098988,254.0789456,31.50316273
1687.05,411.0771887,356.9551855,254.2384155,31.52276513
1688.05,411.3167505,357.1536046,254.3978278,31.54237744
1689.05,411.5742225,357.3572388,254.5572807,31.56199861
1690.05,411.8120894,357.5578021,254.7167713,31.58166176
1691.05,412.0906958,357.7759152,254.8762713,31.60133778
1692.05,412.3312215,357.9928418,255.0358346,31.621039
1693.05,412.5909971,358.2140858,255.195495,31.64077365
1694.05,412.7954883,358.415626,255.3553309,31.66051598
1695.05,413.0410451,358.6281142,255.515291,31.68025825
1696.05,413.2599232,358.8318754,255.6752915,31.70002475
1697.05,413.5256222,359.0429091,255.8352946,31.7197906
1698.05,413.7620084,359.2489236,255.9953198,31.73952004
1699.05,413.9646509,359.4451142,256.1552581,31.75923407
1700.05,414.2090937,359.6606871,256.3151992,31.77896194
1701.05,414.4300313,359.8620304,256.4752322,31.7986834
1702.05,414.591181,360.0425054,256.6353463,31.81837389
1703.05,414.7825689,360.2433182,256.795483,31.83807833
1704.05,415.0074555,360.4374262,256.9555996,31.85780316
1705.05,415.2901096,360.6535444,257.1157902,31.87751835
1706.05,415.5098221,360.8609917,257.2759999,31.89724006
1707.05,415.7284567,361.0726993,257.4361844,31.91694604
1708.05,415.9896237,361.283302,257.5964085,31.93666568
1709.05,416.229774,361.4903037,257.7567678,31.95638321
1710.05,416.4647375,361.7073924,257.9172264,31.97609639
1711.05,416.670931,361.8993717,258.0777053,31.99577775
1712.05,416.8815723,362.1012954,258.2382248,32.01544268
1713.05,417.1010439,362.3106669,258.3988155,32.03510319
1714.05,417.4522565,362.5629162,258.5593778,32.05475871
1715.05,417.6884826,362.7681856,258.7199261,32.074428
1716.05,417.9531597,362.9783916,258.8805506,32.09407352
1717.05,418.1834003,363.1899475,259.0411603,32.11373794
1718.05,418.3864593,363.3838192,259.2018125,32.13343816
1719.05,418.5961204,363.5767247,259.3624775,32.15316736
1720.05,418.8577938,363.7879566,259.5232578,32.17289458
1721.05,419.0616546,363.9966462,259.6840019,32.19258625
1722.05,419.3434549,364.2104223,259.8447472,32.21226062
1723.05,419.5864618,364.4258123,260.005522,32.23192203
1724.05,419.8469595,364.6368488,260.1663163,32.25156479
1725.05,420.0202119,364.8297633,260.327118,32.27121635
1726.05,420.2941026,365.0278314,260.4878652,32.29084341
1727.05,420.5149095,365.2302977,260.6485896,32.31043902
1728.05,420.7030904,365.4208613,260.8092817,32.33002548
1729.05,420.9643455,365.6292463,260.9699402,32.34959719
1730.05,421.2376964,365.844177,261.1305721,32.36914517
1731.05,421.4890888,366.0632358,261.2911595,32.38867181
1732.05,421.7593549,366.2827159,261.4516968,32.40817688
1733.05,422.0336764,366.4922752,261.6122643,32.42763423
1734.05,422.2521499,366.6861532,261.7727593,32.44708099
1735.05,422.5075598,366.8939992,261.9332857,32.46653713
1736.05,422.7602481,367.1021773,262.0938418,32.48598004
1737.05,422.893657,367.271313,262.2544066,32.50541041
1738.05,423.1708005,367.4921294,262.4149588,32.52483725
1739.05,423.4633,367.7241993,262.5754815,32.54427253
1740.05,423.7814289,367.9549906,262.7360295,32.56372568
1741.05,423.964498,368.1507999,262.8965603,32.58320727
1742.05,424.2184298,368.3618826,263.0570696,32.60269804
1743.05,424.5083598,368.5916699,263.217517,32.6221903
1744.05,424.7217656,368.7931919,263.3779575,32.64171607
1745.05,424.9312765,368.9852799,263.5384933,32.66125319
1746.05,425.1205479,369.1673096,263.6991464,32.68077634
1747.05,425.4210872,369.3987522,263.8598672,32.70028822
1748.05,425.6633851,369.613805,264.0206899,32.71979775
1749.05,425.9429727,369.8322908,264.181544,32.73930935
1750.05,426.20623,370.0578541,264.3425424,32.75882427
1751.05,426.4231677,370.2654488,264.5035584,32.77835626
1752.05,426.7402882,370.4996913,264.6645428,32.79792067
1753.05,426.9614934,370.700865,264.8254996,32.81746674
1754.05,427.1945756,370.9037621,264.9864016,32.83701345
1755.05,427.3698849,371.0795571,265.147264,32.85656083
1756.05,427.6081298,371.2912517,265.3081304,32.87609841
1757.05,427.8414059,371.501986,265.4689553,32.89565121
1758.05,428.0410996,371.690842,265.6297534,32.91521093
1759.05,428.3055558,371.9047836,265.7904368,32.93474143
1760.05,428.5433214,372.1134647,265.9510539,32.95424598
1761.05,428.7419653,372.3194989,266.1115064,32.97372909
1762.05,428.994487,372.5417401,266.2718568,32.99323669
1763.05,429.2148983,372.74519,266.4321567,33.01272044
1764.05,429.4401936,372.9620135,266.592398,33.03222379
1765.05,429.6222396,373.1546806,266.7525185,33.05174695
1766.05,429.8696849,373.371789,266.9125921,33.07129733
1767.05,430.1011013,373.590557,267.0725506,33.09088139
1768.05,430.3273485,373.7888356,267.2324446,33.11046026
1769.05,430.6135771,374.0173335,267.3923817,33.13003086
1770.05,430.914783,374.2433272,267.5523366,33.14961398
1771.05,431.1713357,374.445165,267.7123027,33.16919254
1772.05,431.4379797,374.6667147,267.8723377,33.1887337
1773.05,431.6971457,374.8887343,268.0324158,33.20830558
1774.05,431.9372072,375.0858298,268.1925974,33.22791662
1775.05,432.2136469,375.314411,268.3527464,33.24751051
1776.05,432.4099316,375.515122,268.5128877,33.26711944
1777.05,432.6193889,375.7046085,268.6729743,33.28671548
1778.05,432.8596006,375.9119484,268.832914,33.30629164
1779.05,433.1513097,376.1346217,268.99277,33.32585417
1780.05,433.4471293,376.3664431,269.152653,33.34541892
1781.05,433.6993459,376.5751847,269.3125303,33.36500439
1782.05,434.0107393,376.8016987,269.4722806,33.38458357
1783.05,434.1761257,376.9970981,269.6319863,33.4041645
1784.05,434.4128014,377.2094087,269.7916967,33.42373094
1785.05,434.5801526,377.4059786,269.951391,33.44328616
1786.05,434.7733302,377.6000431,270.1110329,33.46284326
1787.05,434.9679243,377.7957953,270.2706877,33.48237868
1788.05,435.1941575,378.0033377,270.4303171,33.50191579
1789.05,435.4364175,378.2203586,270.5900325,33.52146366
1790.05,435.6476316,378.4179697,270.7497742,33.54099303
1791.05,435.8420298,378.6209929,270.9095282,33.56053258
1792.05,436.1547674,378.8598537,271.069311,33.58007551
1793.05,436.4165759,379.0667703,271.2290885,33.59964571
1794.05,436.6716645,379.2783707,271.388824,33.6191979
1795.05,436.8743796,379.4835169,271.5486271,33.63875193
1796.05,437.1400532,379.6942765,271.7084061,33.65830276
1797.05,437.3341345,379.8854804,271.8681069,33.67786675
1798.05,437.5388764,380.0834408,272.0277547,33.69742575
1799.05,437.6843856,380.2566303,272.1874616,33.71695438
1800.05,437.8347505,380.4406583,272.3472385,33.73649817
1801.05,438.0818695,380.654651,272.5069528,33.7560499
1802.05,438.3398494,380.8623968,272.6666566,33.77561993
1803.05,438.5955282,381.0804855,272.8264277,33.79519687
1804.05,438.8954616,381.2971922,272.9861341,33.81475532
1805.05,439.1533602,381.5070588,273.1458241,33.83432868
1806.05,439.3489073,381.7016836,273.3055797,33.85390817
1807.05,439.6702741,381.9276459,273.4653642,33.87348672
1808.05,439.8990529,382.1343782,273.6251395,33.89307422
1809.05,440.1439037,382.3429739,273.7850271,33.91268241
1810.05,440.4370228,382.5646349,273.9449006,33.93229359
1811.05,440.6001869,382.7503461,274.1047543,33.9519169
1812.05,440.7931508,382.9415135,274.2646052,33.97148952
1813.05,441.036646,383.1539002,274.4244558,33.99104968
1814.05,441.2683111,383.3670834,274.5843124,34.01064468
1815.05,441.5403825,383.5908536,274.7441059,34.03023786
1816.05,441.7494283,383.7950688,274.9038691,34.04982974
1817.05,442.0458894,384.033816,275.0636577,34.06943027
1818.05,442.2555286,384.228554,275.2234991,34.0890375
1819.05,442.5070894,384.4404812,275.3833705,34.10863771
1820.05,442.738734,384.6410486,275.5432859,34.12822171
1821.05,442.996152,384.8602603,275.7032694,34.14782083
1822.05,443.2383481,385.0712787,275.8632744,34.16740967
1823.05,443.4768486,385.2816649,276.0232612,34.18697445
1824.05,443.6719478,385.4705177,276.1831206,34.20652831
1825.05,444.0042145,385.7085338,276.3429173,34.22605113
1826.05,444.1995663,385.9050739,276.5026632,34.24555847
1827.05,444.4236099,386.1103872,276.6624568,34.26509535
1828.05,444.6547285,386.3265139,276.8222654,34.28466358
1829.05,444.8763221,386.542639,276.9820548,34.30428014
1830.05,445.0928244,386.7398286,277.1418904,34.32390535
1831.05,445.3182155,386.9464373,277.3017323,34.34350764
1832.05,445.6475787,387.1853612,277.4615866,34.36309645
1833.05,445.8648529,387.3919583,277.621338,34.38268013
1834.05,446.0909347,387.5942281,277.7809364,34.40228775
1835.05,446.2881142,387.7877847,277.9404079,34.42189747
1836.05,446.5091803,388.0024602,278.0998369,34.44148072
1837.05,446.7441675,388.2108467,278.2592214,34.4611017
1838.05,446.9871969,388.4182162,278.4185813,34.48074052
1839.05,447.3164923,388.6410094,278.5780051,34.50040176
1840.05,447.6258029,388.8694719,278.7374406,34.5200688
1841.05,447.913889,389.0996772,278.8967549,34.53974236
1842.05,448.1728096,389.3263586,279.0561494,34.55941836
1843.05,448.3994444,389.519265,279.2156627,34.57911257
1844.05,448.6179048,389.7124941,279.3752176,34.59880746
1845.05,448.8662552,389.9203584,279.5347755,34.61847836
1846.05,449.0660934,390.118171,279.6943098,34.63811619
1847.05,449.2931014,390.3152436,279.8539346,34.65773744
1848.05,449.5232271,390.5238863,280.013561,34.67735073
1849.05,449.7812385,390.7458217,280.1730932,34.69696961
1850.05,450.0460094,390.9598657,280.3326256,34.71656986
1851.05,450.2875263,391.1727406,280.4921214,34.73614845
1852.05,450.5350088,391.3944897,280.6515709,34.75572552
1853.05,450.7307586,391.5877454,280.8109549,34.77528937
1854.05,450.9008313,391.7772606,280.9703584,34.79482849
1855.05,451.1171819,391.9801159,281.1296997,34.81434092
1856.05,451.3395089,392.1842872,281.2890904,34.83384464
1857.05,451.5841668,392.3966776,281.4485439,34.85333293
1858.05,451.7881091,392.5912363,281.607947,34.87279919
1859.05,451.9947304,392.7852576,281.7673545,34.89226608
1860.05,452.2665749,393.0062374,281.9268199,34.91174982
1861.05,452.5700155,393.2306867,282.0863131,34.93122343
1862.05,452.7887124,393.4422103,282.2458152,34.95068661
1863.05,453.1038895,393.6864437,282.4052493,34.97015862
1864.05,453.3505627,393.9003726,282.5646866,34.98965188
1865.05,453.5550481,394.1030762,282.7240767,35.00918965
1866.05,453.8219577,394.3205001,282.8834548,35.02876195
1867.05,453.9691452,394.505203,283.0428531,35.04836129
1868.05,454.1682969,394.6981541,283.202146,35.06796249
1869.05,454.4234745,394.9099871,283.361397,35.08756533
1870.05,454.606755,395.0930633,283.5206595,35.10715477
1871.05,454.8320332,395.2976555,283.6800715,35.12675144
1872.05,455.0853498,395.5154475,283.8395344,35.14633447
1873.05,455.3348302,395.7222173,283.9990656,35.16589194
1874.05,455.5602051,395.9266953,284.1585662,35.18542982
1875.05,455.852191,396.1606376,284.317961,35.20495897
1876.05,456.0797685,396.3725007,284.4772503,35.2244916
1877.05,456.3424574,396.5918676,284.6364128,35.24401583
1878.05,456.6000505,396.8057978,284.7955915,35.26351009
1879.05,456.8674563,397.0111484,284.9548213,35.28298138
1880.05,457.0692675,397.198354,285.1139672,35.30243915
1881.05,457.2908651,397.408089,285.273164,35.3219111
1882.05,457.5285881,397.6178758,285.4324073,35.3413896
1883.05,457.7775436,397.8309726,285.5915714,35.36085628
1884.05,458.0003494,398.037992,285.7505903,35.38028312
1885.05,458.2621203,398.2542953,285.9093828,35.39969145
1886.05,458.4649186,398.4573316,286.0681429,35.41912013
1887.05,458.7352543,398.6844431,286.2268991,35.4385707
1888.05,458.9787364,398.8908595,286.3856399,35.45800236
1889.05,459.1423079,399.0765541,286.5444506,35.47743954
1890.05,459.3685558,399.2883316,286.7033338,35.49689416
1891.05,459.5408523,399.4682563,286.8621165,35.51633984
1892.05,459.7575098,399.6736031,287.0208605,35.53578826
1893.05,459.9922012,399.8827149,287.1796891,35.55524194
1894.05,460.2552715,400.0986656,287.3385,35.57470844
1895.05,460.5200621,400.3104605,287.4971982,35.59418233
1896.05,460.7180996,400.5057918,287.6558553,35.6136497
1897.05,460.9268663,400.7152453,287.8144303,35.63312267
1898.05,461.0910415,400.9080901,287.9730066,35.65260738
1899.05,461.2930036,401.1159866,288.1315476,35.67208882
1900.05,461.5263808,401.3391824,288.290047,35.69158817
1901.05,461.88685,401.5919982,288.4485712,35.71108321
1902.05,462.1323162,401.8050261,288.6070424,35.73057298
1903.05,462.3125208,401.9946738,288.7655066,35.7500856
1904.05,462.6312119,402.2321548,288.9239476,35.76959531
1905.05,462.8659167,402.4351296,289.0823553,35.78910552
1906.05,463.1611683,402.6641165,289.2407571,35.80861175
1907.05,463.4403582,402.8780085,289.3991384,35.8281231
1908.05,463.636002,403.0668571,289.5575218,35.84766027
1909.05,463.8989572,403.2885874,289.715905,35.86717064
1910.05,464.1567241,403.4987284,289.8742274,35.88668683
1911.05,464.4628926,403.7319842,290.0325169,35.90620886
1912.05,464.7092566,403.9477435,290.1907707,35.92570229
1913.05,464.9719429,404.1608768,290.3490158,35.94519946
1914.05,465.2383093,404.3730991,290.5072709,35.96468185
1915.05,465.4157627,404.5580819,290.6655958,35.98417355
1916.05,465.700847,404.7887791,290.8239117,36.0036734
1917.05,465.908127,404.9968324,290.9821116,36.02317245
1918.05,466.1316928,405.2090292,291.1402703,36.04267245
1919.05,466.3969963,405.433442,291.2983446,36.06219537
1920.05,466.6207305,405.6398816,291.456411,36.081722
1921.05,466.8668135,405.8556431,291.6144419,36.10124746
1922.05,467.094449,406.0628243,291.7724591,36.12079057
1923.05,467.3906027,406.2858762,291.9304154,36.14033191
1924.05,467.6599377,406.5060958,292.0882549,36.1598669
1925.05,467.9071313,406.7173715,292.2460212,36.17938632
1926.05,468.1405844,406.9260911,292.4036784,36.19890324
1927.05,468.3780457,407.1369142,292.5613899,36.21840329
1928.05,468.6323375,407.3468558,292.7191777,36.23794443
1929.05,468.9339578,407.5689958,292.8769306,36.25745414
1930.05,469.2604432,407.8019925,293.0347354,36.2769365
1931.05,469.5711008,408.0423281,293.1925715,36.29638264
1932.05,469.8068993,408.2363909,293.350386,36.31581904
1933.05,470.1266847,408.4648782,293.5080817,36.33526903
1934.05,470.3850366,408.6812385,293.665671,36.35473294
1935.05,470.5595185,408.8722265,293.8232044,36.37420219
1936.05,470.7693418,409.0656138,293.9807056,36.39367248
1937.05,471.0643969,409.2926006,294.1382579,36.41314553
1938.05,471.2655361,409.4933649,294.2957213,36.43261789
1939.05,471.5242142,409.715496,294.4531197,36.45209334
1940.05,471.821622,409.941718,294.610431,36.47156997
1941.05,472.110728,410.1726875,294.767722,36.49102782
1942.05,472.3212038,410.3702401,294.9249653,36.51047559
1943.05,472.5848119,410.6001066,295.0822028,36.52991924
1944.05,472.8533167,410.8180724,295.2394229,36.54936563
1945.05,473.0952011,411.0274052,295.396466,36.56884221
1946.05,473.3158033,411.2356361,295.5534695,36.58832702
1947.05,473.5738376,411.4444004,295.7104394,36.60780257
1948.05,473.7957328,411.646381,295.8672741,36.62726419
1949.05,473.9292506,411.8283021,296.0240996,36.64675228
1950.05,474.208135,412.0458614,296.1809367,36.66622609
1951.05,474.3988819,412.2450774,296.3378687,36.68570267
1952.05,474.6058991,412.4454226,296.4948272,36.70518437
1953.05,474.8689171,412.6629884,296.6518819,36.72464728
1954.05,475.1183451,412.8793782,296.8089846,36.74410545
1955.05,475.4017005,413.0917164,296.9661238,36.76355625
1956.05,475.6507939,413.3042304,297.1232542,36.7829884
1957.05,475.87107,413.5169725,297.2803994,36.80242349
1958.05,476.0764739,413.723117,297.4373847,36.8218705
1959.05,476.2636073,413.9097093,297.5943107,36.841291
1960.05,476.4994533,414.1178777,297.7512228,36.86064481
1961.05,476.7650116,414.336602,297.9081018,36.87996964
1962.05,476.9522106,414.532245,298.0649151,36.89930476
1963.05,477.1295833,414.7246394,298.2217994,36.9186723
1964.05,477.386367,414.9426068,298.3786919,36.93807119
1965.05,477.5788873,415.1337083,298.5355551,36.95749563
1966.05,477.8437019,415.3455873,298.6924216,36.9769265
1967.05,478.0939398,415.5606431,298.8493199,36.99637011
1968.05,478.3522103,415.767208,299.0062925,37.01581371
1969.05,478.5821996,415.9794521,299.1633231,37.03526635
1970.05,478.8200603,416.1773118,299.3203487,37.05470863
1971.05,479.0060201,416.3774745,299.4773652,37.07416543
1972.05,479.2183255,416.5671211,299.6344068,37.09358903
1973.05,479.4243793,416.7833613,299.7915317,37.11303025
1974.05,479.6939032,417.0027924,299.9487209,37.13250896
1975.05,479.9747374,417.2255807,300.1059357,37.15199508
1976.05,480.2382721,417.4582122,300.2629903,37.17147664
1977.05,480.4744171,417.6696664,300.4199419,37.19096042
1978.05,480.7295825,417.8922132,300.5769089,37.21043877
1979.05,481.0151452,418.1244704,300.7337809,37.22991222
1980.05,481.2437628,418.3229834,300.8905535,37.2494048
1981.05,481.4589714,418.529097,301.0473646,37.26892269
1982.05,481.6058952,418.7054671,301.2041934,37.28845612
1983.05,481.8551687,418.9269966,301.3611049,37.30798771
1984.05,481.9970313,419.1125202,301.5181184,37.32751832
1985.05,482.2360177,419.3203554,301.6750953,37.34705893
1986.05,482.5115072,419.5300575,301.8318963,37.36660449
1987.05,482.7660276,419.7622081,301.9886742,37.38613944
1988.05,483.0209915,419.9854623,302.1455205,37.40567099
1989.05,483.320061,420.2118637,302.3023486,37.42520311
1990.05,483.5981397,420.419202,302.4591891,37.444768
1991.05,483.9165435,420.6632445,302.6160315,37.46431245
1992.05,484.2214535,420.8996757,302.7728731,37.48384647
1993.05,484.5271796,421.1259069,302.9296662,37.50336918
1994.05,484.7426836,421.3214872,303.0864751,37.52288131
1995.05,485.0287556,421.5438834,303.2431815,37.54236231
1996.05,485.2926273,421.7526587,303.3997608,37.5618347
1997.05,485.4739281,421.9483932,303.5563068,37.58129139
1998.05,485.6987668,422.1524109,303.7128248,37.60073462
1999.05,485.9085318,422.3546705,303.8693412,37.62016822
2000.05,486.1203691,422.5600258,304.0258506,37.63961066
2001.05,486.3449966,422.7756796,304.1823293,37.65905923
2002.05,486.5655449,422.987643,304.338654,37.67849498
2003.05,486.9003528,423.2290698,304.4948858,37.69788796
2004.05,487.1445742,423.4365402,304.6510227,37.71726592
2005.05,487.3895818,423.6508029,304.8071771,37.73663412
2006.05,487.6728917,423.8834142,304.9633348,37.75598913
2007.05,487.8502082,424.0618815,305.1194707,37.77533928
2008.05,488.1124302,424.286319,305.2756825,37.79467055
2009.05,488.3094353,424.4748845,305.4319586,37.81398486
2010.05,488.5463935,424.6781646,305.5881181,37.83327493
2011.05,488.8186365,424.9016579,305.7441985,37.85254998
2012.05,489.0606172,425.1071021,305.9002635,37.8718218
2013.05,489.3438144,425.3287821,306.0562809,37.89109931
2014.05,489.5836936,425.5323101,306.2123558,37.91040523
2015.05,489.7739312,425.7352396,306.3684302,37.92971631
2016.05,489.9915796,425.9320228,306.5246087,37.94902653
2017.05,490.2099797,426.1385517,306.6809039,37.9683333
2018.05,490.5455881,426.3782751,306.837292,37.98763565
2019.05,490.8176133,426.5889837,306.9937538,38.00695516
2020.05,491.1627076,426.8400457,307.1503551,38.02628437
2021.05,491.3775401,427.0570647,307.3070067,38.04562345
2022.05,491.6112745,427.2696076,307.4636253,38.06496978
2023.05,491.8546738,427.4714038,307.6202784,38.08429246
2024.05,492.1501673,427.6910068,307.7769942,38.10361941
2025.05,492.3710306,427.8966246,307.9338209,38.12293579
2026.05,492.5591706,428.0839536,308.0906547,38.14223259
2027.05,492.8210255,428.3103387,308.2474877,38.16151948
2028.05,493.0455794,428.5220297,308.4043877,38.18081335
2029.05,493.3874818,428.7527034,308.5613689,38.20012481
2030.05,493.6793364,428.9698233,308.7184165,38.21942222
2031.05,493.9248393,429.1826188,308.8755146,38.23872435
2032.05,494.2026555,429.4039853,309.0326553,38.25804251
2033.05,494.3815256,429.6004615,309.1898238,38.27735494
2034.05,494.6876049,429.8363684,309.3469884,38.29665901
2035.05,494.9568007,430.0562004,309.504222,38.31597037
2036.05,495.282713,430.2905185,309.6615112,38.33527842
2037.05,495.514197,430.5053318,309.8187576,38.35455432
2038.05,495.7764443,430.7141941,309.9760005,38.37381642
2039.05,495.9954758,430.920529,310.1332586,38.39308739
2040.05,496.2301553,431.1283492,310.2906417,38.4123629
2041.05,496.5147937,431.354306,310.4480953,38.43166406
2042.05,496.7399976,431.5562505,310.6055658,38.45099115
2043.05,497.0073463,431.7811673,310.7631018,38.47032916
2044.05,497.2735578,431.9982657,310.9208049,38.48967041
2045.05,497.5456913,432.2079609,311.0785646,38.50898645
2046.05,497.7805368,432.4150966,311.2364008,38.52829393
2047.05,498.0892802,432.6555663,311.39434,38.54759989
2048.05,498.3542704,432.8810467,311.5522782,38.56690685
2049.05,498.6344721,433.1069681,311.7101655,38.58619692
2050.05,498.8890158,433.3159012,311.8680527,38.60547867
2051.05,499.1294414,433.5302297,312.0259816,38.6247457
2052.05,499.398774,433.7392506,312.1839368,38.6440171
2053.05,499.6186777,433.9490295,312.341884,38.66327715
2054.05,499.8702958,434.1609639,312.4998364,38.6825323
2055.05,500.0194847,434.3326299,312.6577804,38.70178752
2056.05,500.3131496,434.5576098,312.8157985,38.72103236
2057.05,500.5405419,434.7728489,312.9738714,38.74026486
2058.05,500.8064817,434.9909081,313.1319411,38.75948095
2059.05,500.9843547,435.1791352,313.2900369,38.77868281
2060.05,501.2721926,435.4094637,313.4480985,38.79791794
2061.05,501.5268173,435.6246787,313.6061207,38.81715921
2062.05,501.7269178,435.8195525,313.7642534,38.83640635
2063.05,501.9712069,436.0389899,313.9224545,38.85565855
2064.05,502.2429779,436.2548142,314.0806097,38.87493447
2065.05,502.4596765,436.4564081,314.2388366,38.89420571
2066.05,502.6887337,436.6698912,314.397175,38.91347135
2067.05,502.8646092,436.8569842,314.5556279,38.9327427
2068.05,503.0887044,437.0509258,314.7142685,38.95202467
2069.05,503.3366639,437.252913,314.8730419,38.97129868
2070.05,503.5787713,437.4665814,315.032009,38.99058344
2071.05,503.8022403,437.6738687,315.1910566,39.00988915
2072.05,504.0359042,437.8913156,315.3501777,39.02920538
2073.05,504.2601583,438.1078623,315.5093247,39.04853366
2074.05,504.5153922,438.3254169,315.6685463,39.06788279
2075.05,504.7170502,438.5248668,315.8277922,39.0872388
2076.05,505.0259445,438.7582799,315.9871321,39.10659582
2077.05,505.290049,438.9711254,316.1465035,39.12593435
2078.05,505.5371265,439.1698724,316.3060503,39.14525316
2079.05,505.7351185,439.3614675,316.4656731,39.16454462
2080.05,506.0241182,439.5898455,316.6253384,39.18384173
2081.05,506.3550888,439.8258962,316.7850477,39.20314784
2082.05,506.6203391,440.0466916,316.9447746,39.22246011
2083.05,506.8311401,440.2486892,317.1044705,39.24181395
2084.05,507.0751567,440.4443662,317.2641436,39.26117363
2085.05,507.3325795,440.6549503,317.4238626,39.28053454
2086.05,507.5455505,440.8663395,317.5834988,39.29989149
2087.05,507.7754003,441.0631161,317.7430639,39.31924729
2088.05,507.9636476,441.2623488,317.9026975,39.33861468
2089.05,508.2159873,441.4681798,318.0624223,39.35798803
2090.05,508.4951074,441.6958589,318.2221552,39.37734557
2091.05,508.6786522,441.8852322,318.3818615,39.3967184
2092.05,508.9227838,442.096246,318.5415354,39.41611547
2093.05,509.1118791,442.2837827,318.7011965,39.43551146
2094.05,509.3695248,442.4955688,318.8608997,39.45491951
2095.05,509.6099868,442.7041495,319.0206135,39.47435862
2096.05,509.7634904,442.8815603,319.1803767,39.49379489
2097.05,509.9984535,443.0879338,319.3401723,39.51324689
2098.05,510.1894662,443.2850329,319.4999214,39.53268776
2099.05,510.4958134,443.5150435,319.6596317,39.55214378
2100.05,510.7293028,443.717844,319.8194617,39.57160653
2101.05,511.0094409,443.9376216,319.9792658,39.59105665
2102.05,511.2627617,444.1500887,320.1391283,39.61048507
2103.05,511.4496758,444.3343583,320.2990085,39.62991042
2104.05,511.7099288,444.5426018,320.4588735,39.64936597
2105.05,511.959045,444.7531325,320.6186928,39.66882552
2106.05,512.1768904,444.9392157,320.7785297,39.68825134
2107.05,512.4054487,445.146477,320.9383192,39.70767075
2108.05,512.6030651,445.3488608,321.0980721,39.72708566
2109.05,512.8184116,445.5505194,321.2577704,39.74649991
2110.05,513.0268858,445.7411752,321.4174694,39.76593252
2111.05,513.2491717,445.9406347,321.5772694,39.78536133
2112.05,513.5090159,446.1497517,321.7371254,39.80478861
2113.05,513.762118,446.3641237,321.8970544,39.82420052
2114.05,513.9991734,446.5678657,322.0570379,39.84361695
2115.05,514.2313812,446.7768195,322.217013,39.86304024
2116.05,514.4665251,446.9770209,322.3769815,39.88246912
2117.05,514.7058308,447.1931751,322.5369981,39.90192041
2118.05,514.920526,447.393221,322.6970591,39.92139236
2119.05,515.1542224,447.5970319,322.8571766,39.94084896
2120.05,515.4046893,447.8011128,323.0173266,39.96027177
2121.05,515.6809116,448.017195,323.1774083,39.97968114
2122.05,515.9494062,448.2341844,323.3373723,39.99909979
2123.05,516.1761184,448.442331,323.4973371,40.01853726
2124.05,516.3899248,448.634373,323.6573269,40.03794217
2125.05,516.5826236,448.8339858,323.817319,40.05733309
2126.05,516.8441873,449.0490665,323.977279,40.07673666
2127.05,517.0510523,449.2444335,324.1372217,40.09614977
2128.05,517.3930399,449.4822863,324.2970686,40.11554698
2129.05,517.5809241,449.6752674,324.4568354,40.13496566
2130.05,517.852029,449.8855398,324.6165347,40.15434693
2131.05,518.1030498,450.0868479,324.7762164,40.17372752
2132.05,518.4333532,450.3305272,324.9358078,40.19308122
2133.05,518.6069317,450.5014476,325.0954681,40.21239916
2134.05,518.9213084,450.7319463,325.2551257,40.23168914
2135.05,519.1752569,450.9413311,325.4147367,40.25096528
2136.05,519.4557546,451.1622966,325.5742741,40.27021586
2137.05,519.6546827,451.3495818,325.7337763,40.28946669
2138.05,519.9291754,451.5711077,325.8931591,40.30872941
2139.05,520.1533464,451.7854741,326.0524304,40.32799865
2140.05,520.3902735,451.9910029,326.2117315,40.34730167
2141.05,520.5863554,452.1704431,326.3710551,40.36659418
2142.05,520.8268042,452.3748546,326.530388,40.38586243
2143.05,521.0685955,452.5901209,326.6897467,40.40509903
2144.05,521.2659945,452.7815673,326.8491108,40.42435973
2145.05,521.5686582,453.0035851,327.008471,40.44362718
2146.05,521.7857522,453.1913891,327.1677547,40.46285433
2147.05,521.9923192,453.3846324,327.3270196,40.48204697
2148.05,522.233068,453.587719,327.4863507,40.50125259
2149.05,522.4354314,453.7783447,327.645655,40.52045423
2150.05,522.6840985,453.9863581,327.8047971,40.5396463
2151.05,522.912984,454.1820791,327.9637517,40.55885631
2152.05,523.1851655,454.3946263,328.1225951,40.5780605
2153.05,523.3677552,454.5803204,328.2813468,40.59725173
2154.05,523.6128903,454.7874172,328.4399469,40.61645001
2155.05,523.8344583,455.0041636,328.5985284,40.63565648
2156.05,524.0934705,455.2192128,328.7570846,40.65486077
2157.05,524.3545451,455.4372762,328.9156458,40.67407761
2158.05,524.5290709,455.6338154,329.0742725,40.69331835
2159.05,524.7714736,455.8415741,329.2330372,40.7125783
2160.05,525.0026429,456.0459513,329.3919794,40.73186464
2161.05,525.2255066,456.2467575,329.5510906,40.75115483
2162.05,525.5071312,456.4684239,329.7102796,40.77044857
2163.05,525.7356753,456.6698675,329.8694448,40.78973186
2164.05,525.9637998,456.8760444,330.0286601,40.80900077
2165.05,526.1589257,457.0714423,330.1879247,40.82827352
2166.05,526.3980296,457.2742768,330.3472738,40.84755982
2167.05,526.5951045,457.4679007,330.5067017,40.86688272
2168.05,526.8087642,457.6732985,330.6661429,40.88621354
2169.05,527.0820841,457.8958317,330.825739,40.90557059
2170.05,527.3195742,458.1161286,330.9854167,40.92496462
2171.05,527.5760651,458.3264901,331.1451106,40.94437617
2172.05,527.8350388,458.5313742,331.3048212,40.96379444
2173.05,528.0934859,458.7520204,331.4646015,40.98321658
2174.05,528.3317488,458.9521813,331.624436,41.00264603
2175.05,528.5853678,459.1624004,331.7843499,41.02209626
2176.05,528.8591547,459.3687213,331.9442683,41.04155142
2177.05,529.1508937,459.5945261,332.1042658,41.06102021
2178.05,529.4606629,459.8365289,332.2644437,41.0804937
2179.05,529.5984859,460.0121028,332.4246539,41.09997508
2180.05,529.7942097,460.1975854,332.5848825,41.11944577
2181.05,530.0589602,460.4072652,332.7451909,41.13886538
2182.05,530.3341507,460.6287915,332.9054755,41.15826862
2183.05,530.6153054,460.8652342,333.0657112,41.17768025
2184.05,530.9025114,461.0881706,333.2259326,41.19711122
2185.05,531.1304449,461.2996872,333.3861153,41.21653726
2186.05,531.4709353,461.5349245,333.5463505,41.235981
2187.05,531.6692153,461.7305997,333.7065919,41.25545043
2188.05,531.922737,461.9451722,333.86684,41.27491448
2189.05,532.1650633,462.1597511,334.0270407,41.29438431
2190.05,532.4541292,462.390585,334.1872742,41.31384576
2191.05,532.6599922,462.5961489,334.3474476,41.33330619
2192.05,532.8893174,462.8046243,334.5076015,41.35276617
2193.05,533.1151294,463.0092087,334.6677636,41.37222719
2194.05,533.3794206,463.2175699,334.8278443,41.39166092
2195.05,533.5447096,463.4156844,334.9879468,41.4110897
2196.05,533.7565013,463.6183531,335.1480612,41.43052678
2197.05,534.0435331,463.8474244,335.3080882,41.44996958
2198.05,534.3084673,464.0644669,335.4681613,41.46943797
2199.05,534.6221492,464.309399,335.628358,41.48893018
2200.05,534.8385034,464.5145914,335.7886653,41.50845452
2201.05,535.06436,464.7028404,335.9489518,41.52797982
2202.05,535.2993934,464.9119484,336.1092236,41.54748523
2203.05,535.5784655,465.1385787,336.2695242,41.56700084
2204.05,535.850344,465.3537118,336.4297886,41.58651902
2205.05,536.0576779,465.5585478,336.5899636,41.60600827
2206.05,536.3168023,465.7672646,336.7501213,41.62546143
2207.05,536.5292127,465.9573247,336.9103037,41.64491145
2208.05,536.8472577,466.1935562,337.0704728,41.66439541
2209.05,537.0453018,466.3849122,337.2306041,41.68386459
2210.05,537.2287882,466.585074,337.3907022,41.70334752
2211.05,537.5149656,466.8018388,337.5509125,41.72283603
2212.05,537.7642595,467.0130419,337.7111786,41.74235528
2213.05,537.9483195,467.2076925,337.8714079,41.76189597
2214.05,538.1048532,467.3856251,338.031548,41.78143812
2215.05,538.3160447,467.580899,338.1916935,41.80094642
2216.05,538.5053107,467.7664568,338.3518148,41.8204355
2217.05,538.686117,467.9549982,338.5118456,41.8399365
2218.05,538.9180678,468.1611892,338.6718356,41.85946661
2219.05,539.1591196,468.3735095,338.8317442,41.87901421
2220.05,539.4115686,468.5823696,338.9916365,41.89856526
2221.05,539.6850476,468.798139,339.1515579,41.91814379
2222.05,539.8531797,468.9767658,339.3114399,41.93771074
2223.05,540.0736011,469.1684094,339.4713112,41.95725322
2224.05,540.2907951,469.3749553,339.6311307,41.97676327
2225.05,540.5318021,469.5874518,339.7908204,41.99627698
2226.05,540.7718748,469.7961855,339.9505222,42.01576192
2227.05,540.9348621,469.9758308,340.1102136,42.03524664
2228.05,541.1404277,470.1697301,340.2698054,42.05470952
2229.05,541.4560672,470.4015752,340.4292335,42.07416061
2230.05,541.7090711,470.6166338,340.5886104,42.09361375
2231.05,541.8341352,470.7895898,340.747995,42.11305522
2232.05,542.1039224,471.007042,340.9074199,42.13249359
2233.05,542.3431224,471.2070851,341.0668149,42.15191885
2234.05,542.466587,471.3779337,341.2260588,42.17132154
2235.05,542.7608423,471.6100712,341.3852755,42.19071767
2236.05,543.0488014,471.8412091,341.5444403,42.21012881
2237.05,543.2958141,472.0467841,341.7035822,42.22954089
2238.05,543.5487033,472.2658162,341.8626761,42.24895517
2239.05,543.7627219,472.4621076,342.0216059,42.26837684
2240.05,544.0038447,472.6769827,342.1803931,42.28780964
2241.05,544.2950289,472.9175453,342.3390966,42.30724631
2242.05,544.562927,473.1411843,342.4977547,42.32667828
2243.05,544.7462032,473.3318848,342.6563416,42.34609099
2244.05,544.9447483,473.5252417,342.8147276,42.36549177
2245.05,545.160687,473.7153822,342.9731965,42.38489987
2246.05,545.3907234,473.9246803,343.1315544,42.4042908
2247.05,545.6820988,474.1493338,343.2897714,42.42370262
2248.05,545.9786843,474.3753098,343.4478183,42.4430842
2249.05,546.1081941,474.5515198,343.6058775,42.46246324
2250.05,546.2967263,474.7464974,343.7639529,42.48183938
2251.05,546.540466,474.9602331,343.9219979,42.50118832
2252.05,546.8331301,475.1812386,344.0800322,42.52053393
2253.05,547.0703967,475.3886921,344.2380155,42.53986755
2254.05,547.3205425,475.6101272,344.3958516,42.55918233
2255.05,547.5516087,475.8112521,344.5536309,42.57847782
2256.05,547.7756694,476.0210906,344.7113463,42.59777847
2257.05,548.033221,476.2364449,344.8691396,42.61707315
2258.05,548.2210234,476.4372571,345.026898,42.63638685
2259.05,548.4525331,476.654584,345.1845754,42.65569538
2260.05,548.72049,476.8742041,345.3422661,42.67502346
2261.05,548.9306178,477.0721082,345.4999412,42.69435967
2262.05,549.1996017,477.2834367,345.6576038,42.71366695
2263.05,549.4375711,477.4887418,345.8153025,42.73299652
2264.05,549.7695181,477.7301796,345.9729622,42.7523399
2265.05,550.0510091,477.9508792,346.1306096,42.771685
2266.05,550.4076098,478.1939871,346.2882371,42.79101923
2267.05,550.6054209,478.3895688,346.4459371,42.81034221
2268.05,550.8727945,478.6080288,346.6036796,42.82966258
2269.05,551.1770153,478.8421546,346.7614414,42.84900932
2270.05,551.3575271,479.036355,346.919314,42.86838915
2271.05,551.617631,479.2589907,347.0772707,42.88775849
2272.05,551.9317979,479.4988788,347.2353523,42.90716241
2273.05,552.2345976,479.7326781,347.3935081,42.92660436
2274.05,552.4684813,479.9285397,347.5517454,42.9460404
2275.05,552.7092839,480.1362115,347.7100317,42.96545026
2276.05,552.9486653,480.3461268,347.8684012,42.98483499
2277.05,553.1477526,480.5413109,348.0269243,43.00424855
2278.05,553.3815858,480.7470688,348.1855505,43.02370645
2279.05,553.6986529,480.9841254,348.3443428,43.04320669
2280.05,553.9609387,481.2116011,348.5031972,43.06272665
2281.05,554.2462626,481.435179,348.6620302,43.0823054
2282.05,554.4600725,481.6338463,348.8209499,43.10192384
2283.05,554.6907677,481.8364188,348.9800351,43.1215456
2284.05,554.940985,482.0412805,349.1391817,43.14115591
2285.05,555.1469017,482.2414399,349.2984312,43.16075879
2286.05,555.383287,482.4528026,349.4577164,43.18035474
2287.05,555.6417276,482.6703013,349.6171547,43.19995729
2288.05,555.869209,482.8730739,349.7766172,43.21954618
2289.05,556.1031195,483.0739094,349.9361681,43.23914332
2290.05,556.3744013,483.2857091,350.0956992,43.25872713
2291.05,556.6380424,483.5080277,350.2551718,43.27831799
2292.05,556.8581731,483.720566,350.4146146,43.29788644
2293.05,557.1752893,483.9545769,350.5740972,43.3174765
2294.05,557.4549114,484.1737481,350.7335663,43.33709642
2295.05,557.6837531,484.383498,350.8930426,43.35671933
2296.05,557.8975029,484.5915669,351.0525219,43.37634318
2297.05,558.13813,484.7896424,351.212029,43.39596337
2298.05,558.435964,485.0173966,351.3716088,43.41557564
2299.05,558.7235992,485.2347874,351.531259,43.43522784
2300.05,558.9420335,485.4407153,351.69093,43.45488282
2301.05,559.1298845,485.6286307,351.8505724,43.47451977
2302.05,559.3909865,485.8441955,352.0101758,43.49412337
2303.05,559.6204223,486.0439286,352.1697533,43.51372307
2304.05,559.8595527,486.2571046,352.3293462,43.53331778
2305.05,560.0558241,486.4506535,352.4889129,43.55291344
2306.05,560.2471557,486.6444654,352.6485102,43.57249466
2307.05,560.5182499,486.8614455,352.8080841,43.59205998
2308.05,560.7480654,487.0641183,352.967698,43.61160011
2309.05,561.0213722,487.2756932,353.1272921,43.63112743
2310.05,561.2412152,487.4748738,353.2869211,43.65070156
2311.05,561.4662548,487.6781058,353.4466075,43.67027897
2312.05,561.6591709,487.8746208,353.6062986,43.68983274
2313.05,562.005724,488.1161865,353.7660272,43.70939232
2314.05,562.2851028,488.3335541,353.9257854,43.72896251
2315.05,562.5034276,488.53142,354.0854667,43.74849543
2316.05,562.6828347,488.7252021,354.244981,43.76802135
2317.05,562.9229967,488.9347935,354.4043825,43.78756719
2318.05,563.154274,489.1409567,354.5637927,43.80714662
2319.05,563.3673058,489.3458506,354.7232667,43.82675066
2320.05,563.6634048,489.5787875,354.8827317,43.84638596
2321.05,563.9777238,489.8070001,355.0423136,43.86601483
2322.05,564.2332225,490.0167494,355.2020353,43.88564342
2323.05,564.4961173,490.2378982,355.3618164,43.90526613
2324.05,564.7269706,490.4320268,355.5216424,43.92490956
2325.05,564.9602114,490.6394252,355.6815114,43.94455239
2326.05,565.2201186,490.8641787,355.8414509,43.96420765
2327.05,565.4676392,491.0650679,356.0014801,43.98387724
2328.05,565.7278022,491.2756948,356.1614634,44.00356676
2329.05,565.9523017,491.476401,356.3214633,44.0232354
2330.05,566.2360517,491.6973118,356.4815172,44.04289033
2331.05,566.495709,491.9128394,356.6416062,44.06257628
2332.05,566.7688097,492.1297097,356.8016968,44.08227015
2333.05,566.970237,492.3301909,356.9618437,44.10200082
2334.05,567.2814773,492.5723324,357.122077,44.12177822
2335.05,567.5017525,492.7609825,357.2823324,44.14157728
2336.05,567.7435645,492.9681695,357.4425619,44.16135605
2337.05,568.0275878,493.2002765,357.6028308,44.1811076
2338.05,568.2586644,493.404119,357.7631377,44.20085468
2339.05,568.432718,493.5988863,357.9235123,44.22059708
2340.05,568.6986944,493.8023859,358.083866,44.24032141
2341.05,568.9274742,494.0158007,358.2442811,44.26003753
2342.05,569.1962838,494.2293483,358.4046946,44.27977778
2343.05,569.3873848,494.4169525,358.565105,44.29950557
2344.05,569.6633296,494.6451965,358.7255469,44.31925644
2345.05,569.9075169,494.8475535,358.8859662,44.33901795
2346.05,570.2259489,495.0707547,359.046273,44.3587627
2347.05,570.4365354,495.2675233,359.2065794,44.37849531
2348.05,570.6894155,495.4828849,359.3668205,44.39821663
2349.05,570.992919,495.7205248,359.5271282,44.41793309
2350.05,571.2061029,495.9204532,359.6874647,44.43761103
2351.05,571.4143008,496.1278114,359.8478055,44.45727665
2352.05,571.6672019,496.347476,360.0082338,44.4769372
2353.05,571.9304534,496.5673106,360.1687291,44.49662718
2354.05,572.1319597,496.7664533,360.3292739,44.51635504
2355.05,572.3363469,496.9568038,360.4898253,44.53609194
2356.05,572.5843605,497.1718548,360.6504455,44.55581651
2357.05,572.8612896,497.3921409,360.811148,44.57552974
2358.05,573.0672521,497.5897051,360.9719142,44.59524477
2359.05,573.354884,497.8089991,361.1327939,44.61494731
2360.05,573.5875628,498.0233098,361.293691,44.63464213
2361.05,573.8132773,498.2275875,361.454498,44.65434028
2362.05,574.0016135,498.4284466,361.6152751,44.6740418
2363.05,574.3173155,498.6664031,361.7759278,44.69374717
2364.05,574.5489036,498.8711389,361.9365727,44.71345416
2365.05,574.7680745,499.0666151,362.097204,44.7331447
2366.05,575.0691215,499.2861668,362.2578235,44.75279165
2367.05,575.3255263,499.5024277,362.4184216,44.77241571
2368.05,575.5477664,499.7067176,362.5790519,44.79204479
2369.05,575.7867525,499.909761,362.7396589,44.81167939
2370.05,576.0867192,500.1172969,362.9003534,44.83128203
2371.05,576.3157564,500.3197161,363.0610285,44.85087632
2372.05,576.5461854,500.5264624,363.2216855,44.87049243
2373.05,576.7497878,500.7099484,363.382333,44.89011746
2374.05,576.9958558,500.9242338,363.5429727,44.90977372
2375.05,577.2300881,501.1293159,363.7036739,44.92944571
2376.05,577.5271001,501.3576923,363.8643472,44.94914977
2377.05,577.8285596,501.5955652,364.0250191,44.96885979
2378.05,578.0199937,501.7856992,364.1857537,44.98856397
2379.05,578.2948807,502.0039998,364.3465774,45.00825011
2380.05,578.5690407,502.2298796,364.5074031,45.02794726
2381.05,578.7830395,502.426119,364.668201,45.04766032
2382.05,579.0722972,502.641796,364.8290457,45.06733457
2383.05,579.3261107,502.845644,364.9900327,45.08699889
2384.05,579.578959,503.0602677,365.1511965,45.10666934
2385.05,579.82129,503.2614836,365.3124025,45.12635238
2386.05,580.0683022,503.456429,365.4735837,45.14598795
2387.05,580.3000331,503.6638467,365.6346727,45.16561337
2388.05,580.55916,503.866651,365.795674,45.18523038
2389.05,580.7631252,504.0749778,365.9565531,45.20481762
2390.05,581.0162465,504.2885971,366.117384,45.22440802
2391.05,581.1544787,504.467964,366.2781644,45.24401952
2392.05,581.4162418,504.6818684,366.4388417,45.2636163
2393.05,581.6804054,504.9012885,366.5994666,45.28322107
2394.05,581.8677855,505.0995147,366.760123,45.30283893
2395.05,582.1059046,505.3163098,366.9207417,45.32243429
2396.05,582.3531266,505.5187118,367.0813143,45.34200244
2397.05,582.5986453,505.7211461,367.2419356,45.36153989
2398.05,582.7911633,505.9192065,367.4025944,45.38107989
2399.05,582.9805392,506.1095139,367.563235,45.40059255
2400.05,583.2616995,506.3421948,367.723843,45.42008355
2401.05,583.5129927,506.5533805,367.8843795,45.43955885
2402.05,583.7249668,506.7441891,368.0447977,45.45899839
2403.05,584.0059386,506.9641678,368.2052853,45.47842266
2404.05,584.2288329,507.1604926,368.365775,45.49783363
2405.05,584.505214,507.3765244,368.526302,45.51724866
2406.05,584.7457202,507.5846794,368.6868606,45.53665984
2407.05,584.9868495,507.799824,368.84741,45.55609211
2408.05,585.1662318,507.9933845,369.0079261,45.57553391
2409.05,585.4139527,508.2090105,369.1684203,45.59500583
2410.05,585.6612466,508.4326149,369.3289387,45.61445923
2411.05,585.9262437,508.6547851,369.4893542,45.6339202
2412.05,586.1096702,508.8544998,369.6497799,45.65338745
2413.05,586.3691805,509.0562976,369.810253,45.67283945
2414.05,586.6103983,509.2652639,369.9707053,45.69226958
2415.05,586.8100032,509.4569063,370.1310312,45.71168025
2416.05,586.9968607,509.656095,370.2912214,45.73106545
2417.05,587.1917232,509.8388832,370.4512941,45.75045609
2418.05,587.4487021,510.0590878,370.6112915,45.7698378
2419.05,587.680717,510.2590585,370.7713423,45.78922143
2420.05,587.957836,510.4813904,370.9313631,45.80860971
2421.05,588.1855462,510.6816256,371.0913361,45.828021
2422.05,588.4394985,510.8994606,371.2512946,45.84740299
2423.05,588.690851,511.1168217,371.4113375,45.86677864
2424.05,588.8929193,511.3179376,371.5713644,45.8861819
2425.05,589.1500886,511.5285601,371.7313715,45.90559392
2426.05,589.3184241,511.7145216,371.8913836,45.92500923
2427.05,589.5804313,511.9343988,372.0514597,45.94441373
2428.05,589.8509068,512.1519286,372.2114808,45.96382305
2429.05,590.0097226,512.3326027,372.3714242,45.9832178
2430.05,590.2392674,512.538404,372.5312473,46.00260283
2431.05,590.4695363,512.7502363,372.6910057,46.02195041
2432.05,590.7324878,512.9647429,372.8507308,46.04129009
2433.05,591.0126611,513.1799591,373.0103564,46.06063187
2434.05,591.2688875,513.399561,373.1699478,46.07995084
2435.05,591.4809599,513.6049933,373.3294543,46.09928732
2436.05,591.7961888,513.8351378,373.4888751,46.11861827
2437.05,592.0353787,514.0471553,373.6481991,46.13794267
2438.05,592.1996308,514.2349105,373.8074455,46.15728412
2439.05,592.4660749,514.4465532,373.9667374,46.17663321
2440.05,592.6786693,514.6320911,374.125922,46.195977
2441.05,592.9369547,514.8415395,374.2850705,46.21531711
2442.05,593.2379291,515.0833156,374.4440616,46.23464469
2443.05,593.4615065,515.2893622,374.6029771,46.25397534
2444.05,593.734166,515.5110037,374.7619046,46.27328886
2445.05,593.9337848,515.7186506,374.9208526,46.29259683
2446.05,594.2065549,515.9351514,375.0798509,46.31189505
2447.05,594.4989727,516.1563639,375.2388597,46.33120237
2448.05,594.7033301,516.3577292,375.3978035,46.35050954
2449.05,594.9290679,516.5640798,375.5567402,46.36983212
2450.05,595.2539419,516.8004674,375.7157243,46.38916854
2451.05,595.5026602,517.0206483,375.8746558,46.4084936
2452.05,595.7843887,517.2449864,376.0336643,46.42779091
2453.05,596.0779321,517.4770925,376.1926084,46.44710322
2454.05,596.312019,517.6768746,376.3515436,46.46641074
2455.05,596.525753,517.8804594,376.5105635,46.48571987
2456.05,596.7506925,518.0867603,376.6696097,46.50504675
2457.05,596.9689829,518.2764664,376.8286807,46.52439621
2458.05,597.2135709,518.4954611,376.9876992,46.54373879
2459.05,597.4491233,518.71255,377.1467865,46.56309266
2460.05,597.6276227,518.9027814,377.3058818,46.58246671
2461.05,597.8893402,519.1248694,377.4650088,46.60186212
2462.05,598.1402827,519.3239067,377.6240677,46.62124745
2463.05,598.3519057,519.5426187,377.7830841,46.64062281
2464.05,598.5990763,519.7564151,377.9420463,46.66002825
2465.05,598.744935,519.9379689,378.1009292,46.6794697
2466.05,598.9721448,520.1346142,378.2597343,46.6989243
2467.05,599.2637652,520.3578363,378.4185853,46.71835822
2468.05,599.5100237,520.562866,378.5774674,46.73776654
2469.05,599.7491734,520.7758913,378.7363412,46.75719154
2470.05,600.049677,521.0056942,378.8952814,46.77660211
2471.05,600.3823606,521.2464536,379.0542395,46.79600987
2472.05,600.6027103,521.4404179,379.2130981,46.81542152
2473.05,600.8242342,521.6523567,379.3719648,46.83483028
2474.05,601.0693743,521.864823,379.5309523,46.85427045
2475.05,601.2168765,522.0540852,379.6899284,46.87371281
2476.05,601.541181,522.2988129,379.8489997,46.8931727
2477.05,601.7610854,522.4948271,380.0082216,46.91266613
2478.05,602.0450939,522.7147079,380.1676149,46.93219857
2479.05,602.3032973,522.9371043,380.3271393,46.95175435
2480.05,602.5567828,523.1482352,380.4867904,46.97132334
2481.05,602.7926929,523.3559708,380.6464763,46.99093821
2482.05,603.0664458,523.5732637,380.8062559,47.01053738
2483.05,603.2912018,523.7556716,380.9661242,47.03012717
2484.05,603.5334616,523.9680727,381.1260427,47.04971694
2485.05,603.7393793,524.1620125,381.2860192,47.06933285
2486.05,603.9477624,524.361306,381.4460855,47.08898269
2487.05,604.1576697,524.5681574,381.6061733,47.10864251
2488.05,604.4331065,524.782942,381.7663331,47.12830317
2489.05,604.6811033,524.9874487,381.9264182,47.14797049
2490.05,604.8700889,525.1796441,382.0866325,47.16765517
2491.05,605.1624974,525.4020243,382.2469169,47.18738284
2492.05,605.3442599,525.5928579,382.4072177,47.20711395
2493.05,605.5741937,525.8069857,382.5673818,47.22684889
2494.05,605.8370889,526.0274338,382.7274076,47.24659773
2495.05,606.093522,526.2329194,382.8874263,47.26634129
2496.05,606.334997,526.4485518,383.0474682,47.2860799
2497.05,606.6202021,526.6787518,383.2074653,47.30579935
2498.05,606.8770302,526.8882309,383.3674127,47.32551515
2499.05,607.169369,527.1182572,383.5273885,47.34524042
2500.05,607.2803201,527.2698112,383.6873133,47.36497176
2501.05,607.5221399,527.4816693,383.8471446,47.38470793
2502.05,607.8107467,527.710006,384.0069514,47.40442613
2503.05,608.0700012,527.9260677,384.166751,47.42411334
2504.05,608.2626124,528.1170516,384.3266022,47.44379751
2505.05,608.5019364,528.3340018,384.4865845,47.46348966
2506.05,608.5953343,528.4942732,384.6466516,47.48319667
2507.05,608.8762659,528.7114039,384.806783,47.50291111
2508.05,609.0974112,528.9131011,384.9670643,47.52262955
2509.05,609.2721626,529.0866345,385.1275182,47.54233506
2510.05,609.5470583,529.301904,385.2880778,47.56204967
2511.05,609.8167432,529.5071062,385.4486348,47.58177277
2512.05,610.0432772,529.7086861,385.609215,47.60148393
2513.05,610.2942354,529.9238696,385.7698802,47.62119658
2514.05,610.514895,530.1323718,385.9304701,47.64089958
2515.05,610.7378684,530.3385265,386.0911058,47.66060321
2516.05,611.0342289,530.5611771,386.2518431,47.68029896
2517.05,611.2985263,530.7660152,386.4125777,47.69996868
2518.05,611.5725288,530.971694,386.5732847,47.71960469
2519.05,611.8720108,531.1939614,386.7340607,47.73926998
2520.05,612.0842774,531.3872654,386.8949203,47.75896903
2521.05,612.3625957,531.6026442,387.0558719,47.77865676
2522.05,612.6198604,531.8228209,387.2168832,47.79835477
2523.05,612.8566105,532.0315371,387.3779002,47.81808934
2524.05,613.0993888,532.2323443,387.538974,47.83782368
2525.05,613.3032699,532.4275252,387.7001787,47.85755272
2526.05,613.5166597,532.6282677,387.8614465,47.87729353
2527.05,613.8225183,532.8545767,388.0227614,47.89702188
2528.05,614.0771397,533.0619752,388.1841897,47.91671779
2529.05,614.3179215,533.2623746,388.3456761,47.9363812
2530.05,614.5282449,533.4463575,388.5071827,47.95601055
2531.05,614.7969323,533.6620754,388.6687305,47.97563799
2532.05,615.0560864,533.8676088,388.8302633,47.99524688
2533.05,615.2982192,534.0750016,388.9917985,48.01481358
2534.05,615.5352117,534.2675723,389.1533788,48.03436115
2535.05,615.7337446,534.4637414,389.3149374,48.05391299
2536.05,615.9638163,534.669435,389.4765238,48.07347204
2537.05,616.192913,534.8716043,389.6381964,48.09302969
2538.05,616.4303693,535.0701112,389.7998399,48.11259149
2539.05,616.631703,535.2632637,389.9614688,48.13217392
2540.05,616.9144499,535.4889998,390.1231119,48.15177781
2541.05,617.1320284,535.705019,390.2847569,48.17139851
2542.05,617.3750991,535.9160072,390.4463556,48.19100915
2543.05,617.5656775,536.0996587,390.6079105,48.21060435
2544.05,617.8818787,536.334978,390.7695567,48.23019445
2545.05,618.192643,536.5691984,390.9312642,48.24977244
2546.05,618.3372321,536.7450765,391.0929335,48.26935706
2547.05,618.5731438,536.9553569,391.2546523,48.28895367
2548.05,618.8482509,537.1773242,391.4163509,48.30855277
2549.05,619.1039979,537.3893991,391.577995,48.32813469
2550.05,619.2853823,537.591555,391.7395831,48.34768219
2551.05,619.5101272,537.7955062,391.9010208,48.36723238
2552.05,619.7714813,538.0053549,392.0625209,48.38676772
2553.05,619.9853494,538.1994488,392.2239894,48.40629242
2554.05,620.2976668,538.429124,392.3854736,48.425815
2555.05,620.543008,538.6358898,392.5469515,48.44530178
2556.05,620.8013036,538.858132,392.7084248,48.46478846
2557.05,621.0271529,539.0700921,392.8698331,48.48425932
2558.05,621.3099042,539.2841315,393.0312478,48.50373965
2559.05,621.4791123,539.4779663,393.1926501,48.52323779
2560.05,621.676155,539.6732566,393.3539752,48.54276009
2561.05,621.9647019,539.8997927,393.5151752,48.5623358
2562.05,622.2248014,540.1156888,393.6762976,48.58190141
2563.05,622.4106522,540.3058059,393.8374598,48.6014482
2564.05,622.6243857,540.5077344,393.9984787,48.62100541
2565.05,622.8195347,540.6971231,394.1593847,48.64055418
2566.05,623.1029195,540.9175322,394.320239,48.66011063
2567.05,623.3346274,541.1314513,394.4810587,48.67966681
2568.05,623.6033973,541.3400752,394.6419038,48.69920413
2569.05,623.8785831,541.5692948,394.8027561,48.7186973
2570.05,624.1654094,541.7980557,394.9635602,48.73818764
2571.05,624.4861441,542.0297591,395.1243481,48.75771268
2572.05,624.7568756,542.2525341,395.2850413,48.7772553
2573.05,625.0285043,542.4735814,395.4456649,48.79678074
2574.05,625.2479175,542.6718922,395.6061913,48.81632968
2575.05,625.4780086,542.8662219,395.76664,48.83586032
2576.05,625.6600343,543.0667835,395.9270891,48.85540963
2577.05,625.8488537,543.2633372,396.0874606,48.87496333
2578.05,626.1059497,543.4943375,396.247795,48.89452092
2579.05,626.3746541,543.7259218,396.4080108,48.91408935
2580.05,626.5653601,543.9280779,396.5682639,48.9336805
2581.05,626.7408141,544.1175729,396.7284711,48.95325929
2582.05,626.9522985,544.3232006,396.8885827,48.97282562
2583.05,627.1769383,544.5222254,397.0486088,48.99239018
2584.05,627.4005667,544.7287719,397.2086085,49.01199316
2585.05,627.7150815,544.9499518,397.3685959,49.03160375
2586.05,627.9543036,545.1513588,397.5286242,49.0512227
2587.05,628.2269565,545.3727843,397.6886379,49.07085012
2588.05,628.4818988,545.5819316,397.8485544,49.09046695
2589.05,628.7066159,545.7824868,398.008437,49.11009145
2590.05,628.9879638,546.0139431,398.1683389,49.12971172
2591.05,629.2108959,546.2234546,398.3282527,49.14935608
2592.05,629.4455304,546.4298427,398.4882366,49.16900718
2593.05,629.7349445,546.6600083,398.6482069,49.18865996
2594.05,629.9649056,546.8653934,398.8082221,49.20832067
2595.05,630.1773033,547.077728,398.9682946,49.22799691
2596.05,630.4132082,547.2784491,399.1284267,49.24768247
2597.05,630.5898028,547.4636443,399.288687,49.26738915
2598.05,630.8383246,547.680398,399.4489275,49.28710642
2599.05,631.0577305,547.882857,399.6091761,49.30682511
2600.05,631.3588687,548.1005626,399.7694158,49.32652526
2601.05,631.6207432,548.3113527,399.9297386,49.34621832
2602.05,631.8933431,548.5174404,400.0900872,49.36589798
2603.05,632.0914515,548.7016237,400.2505051,49.38558396
2604.05,632.425778,548.9496376,400.4108907,49.40529449
2605.05,632.6750103,549.1609675,400.5712431,49.42499211
2606.05,632.8928687,549.3628196,400.7315584,49.44470138
2607.05,633.1567032,549.5850335,400.8918866,49.46440647
2608.05,633.4549989,549.8114542,401.0522745,49.4841014
2609.05,633.699694,550.0217484,401.212682,49.50378839
2610.05,633.8632629,550.204278,401.3730885,49.52346456
2611.05,634.1422211,550.4329444,401.5335263,49.54313036
2612.05,634.4135042,550.6605703,401.6938663,49.5628297
2613.05,634.6892604,550.8895005,401.8542535,49.58254962
2614.05,634.9418337,551.0966287,402.0146667,49.60227258
2615.05,635.1336183,551.2775098,402.175211,49.62200976
2616.05,635.4240762,551.4960444,402.3357489,49.64171454
2617.05,635.6612077,551.6961839,402.4962799,49.66138154
2618.05,635.895191,551.8893014,402.6568361,49.68103229
2619.05,636.1009207,552.0822396,402.8174278,49.70066191
2620.05,636.3461233,552.2831334,402.9780681,49.72026629
2621.05,636.5431422,552.4844003,403.1386977,49.73984584
2622.05,636.7018965,552.6774859,403.2992951,49.75940677
2623.05,636.9029521,552.8778024,403.4599301,49.77895925
2624.05,637.1706155,553.0885099,403.6206516,49.79853257
2625.05,637.4214557,553.3023274,403.7814397,49.81812363
2626.05,637.6394415,553.5174114,403.942238,49.83775356
2627.05,637.9518448,553.7471449,404.1030466,49.85739727
2628.05,638.2257531,553.9645841,404.2639445,49.87703524
2629.05,638.5356884,554.2000631,404.4247621,49.89666247
2630.05,638.8145236,554.4332697,404.585572,49.91631029
2631.05,639.0428166,554.6436324,404.7462832,49.93595936
2632.05,639.2105215,554.8368563,404.9069869,49.95560611
2633.05,639.4104267,555.0377447,405.0677377,49.97526746
2634.05,639.7016525,555.2719998,405.2284311,49.99491238
2635.05,639.9527524,555.4876639,405.3891055,50.01454438
2636.05,640.2995162,555.7386632,405.549725,50.03417371
2637.05,640.5237124,555.9487476,405.7103418,50.05381379
2638.05,640.7726504,556.1541433,405.8709408,50.07347395
2639.05,641.0564786,556.3872875,406.0314513,50.09309924
2640.05,641.2492308,556.5862213,406.19192,50.11271044
2641.05,641.5203301,556.8027656,406.3524273,50.13233012
2642.05,641.7439329,557.0195858,406.5129244,50.15195097
2643.05,641.8738875,557.2004771,406.6733747,50.17157523
2644.05,642.0998942,557.3946267,406.833822,50.19120018
2645.05,642.3288428,557.6075023,406.9942188,50.21079603
2646.05,642.6111058,557.8314219,407.1547092,50.23039269
2647.05,642.9094165,558.0512684,407.3152229,50.25000293
2648.05,643.1128326,558.2472399,407.475842,50.26959748
2649.05,643.364285,558.4594875,407.6364956,50.28917957
2650.05,643.6129079,558.6678052,407.7972792,50.30878001
2651.05,643.8194282,558.8650293,407.9580801,50.32837029
2652.05,644.0134159,559.0625527,408.1188487,50.34795067
2653.05,644.1927859,559.2475007,408.2795807,50.36754795
2654.05,644.455035,559.461714,408.4402427,50.38713339
2655.05,644.6674838,559.6576034,408.6008764,50.40669101
2656.05,644.9170281,559.8695615,408.7615542,50.42623441
2657.05,645.1257612,560.0706033,408.9222115,50.44577691
2658.05,645.3947276,560.2846896,409.0829651,50.46533391
2659.05,645.6300488,560.4899183,409.2437802,50.48490829
2660.05,645.9096812,560.7076507,409.4047151,50.5044596
2661.05,646.1095711,560.908119,409.5655859,50.52401079
2662.05,646.3477678,561.117047,409.7264495,50.54357089
2663.05,646.620091,561.3505907,409.8873303,50.56315138
2664.05,646.9498033,561.5929637,410.0482247,50.58273045
2665.05,647.2044112,561.8154575,410.2091053,50.6023023
2666.05,647.4528571,562.0266341,410.3700158,50.62191609
2667.05,647.6574384,562.2311575,410.5309028,50.64150769
2668.05,647.9221901,562.4538083,410.6918072,50.66112189
2669.05,648.1249798,562.6498859,410.8527629,50.68074177
2670.05,648.4470337,562.8979553,411.0137938,50.70038309
2671.05,648.7011607,563.1158717,411.1747848,50.72005194
2672.05,648.9392352,563.3261276,411.3358153,50.73970361
2673.05,649.2452396,563.5498201,411.496928,50.7593593
2674.05,649.4721904,563.7655746,411.6581155,50.77901313
2675.05,649.6893849,563.9702854,411.8193098,50.79871039
2676.05,649.8473576,564.1648269,411.9805013,50.81843694
2677.05,650.0095877,564.3538727,412.1415926,50.83816219
2678.05,650.1883947,564.5392606,412.3026918,50.85788193
2679.05,650.4773372,564.7602172,412.4638058,50.87762232
2680.05,650.7146225,564.9693673,412.6250648,50.89737354
2681.05,650.9270022,565.172132,412.7863915,50.91714614
2682.05,651.1590634,565.3872878,412.9477487,50.9369096
2683.05,651.4533582,565.6138828,413.1091702,50.95668395
2684.05,651.6586654,565.8027039,413.2707034,50.97645001
2685.05,651.866848,566.006149,413.4324453,50.99622267
2686.05,652.1101111,566.2049613,413.5942052,51.01600364
2687.05,652.3628709,566.411403,413.7560287,51.03578178
2688.05,652.6659076,566.6310546,413.9179459,51.0555569
2689.05,652.8725911,566.8252193,414.0798413,51.07533111
2690.05,653.0912145,567.0220673,414.2417872,51.09507418
2691.05,653.3490223,567.2472937,414.4036907,51.11481273
2692.05,653.5692286,567.4431371,414.5655689,51.1345459
2693.05,653.7198834,567.6340716,414.7275039,51.15428195
2694.05,653.9349242,567.8337166,414.8894944,51.17402901
2695.05,654.1990518,568.0592261,415.0513483,51.19376328
2696.05,654.4197169,568.2626076,415.2130565,51.21349826
2697.05,654.6864001,568.481177,415.3747788,51.23326726
2698.05,654.924548,568.6962321,415.5364674,51.25307036
2699.05,655.0976217,568.8869951,415.6980222,51.27288314
2700.05,655.3031873,569.0763132,415.859427,51.29268888
2701.05,655.5697805,569.2916295,416.0208186,51.31249378
2702.05,655.7569848,569.4876877,416.1822075,51.33228284
2703.05,656.0432705,569.7115231,416.3436467,51.35204612
2704.05,656.2920711,569.9155296,416.5051022,51.37183834
2705.05,656.5461953,570.1288495,416.6666233,51.39165733
2706.05,656.7881945,570.3429572,416.8282089,51.41149669
2707.05,657.0006245,570.5444517,416.9898121,51.43133926
2708.05,657.2151468,570.7461357,417.1514982,51.45119609
2709.05,657.5191744,570.9816634,417.3132619,51.47105578
2710.05,657.6766847,571.1600103,417.4751606,51.49093458
2711.05,657.904191,571.3577366,417.6371345,51.51080982
2712.05,658.1840826,571.5699264,417.7991189,51.53069566
2713.05,658.4663769,571.7817131,417.9611445,51.55058113
2714.05,658.6988475,571.9897308,418.1230742,51.57046951
2715.05,658.9273124,572.2021568,418.2850317,51.59038203
2716.05,659.1407864,572.391099,418.4469668,51.61028904
2717.05,659.3441637,572.5976381,418.6089128,51.63018751
2718.05,659.6154833,572.8184304,418.7708396,51.65007114
2719.05,659.8385969,573.0258225,418.9327355,51.66990174
2720.05,660.1141055,573.2392199,419.0946565,51.6896962
2721.05,660.3064027,573.432286,419.2565193,51.70946855
2722.05,660.6046624,573.677289,419.4183159,51.7292067
2723.05,660.8552873,573.8684928,419.5799975,51.74894339
2724.05,661.0618797,574.071948,419.7416459,51.76868898
2725.05,661.297069,574.2871088,419.9032657,51.78842487
2726.05,661.5309347,574.499148,420.0648206,51.8081634
2727.05,661.7563157,574.6864405,420.2264481,51.82789428
2728.05,661.9659748,574.8844776,420.3880075,51.84758884
2729.05,662.2578662,575.1079655,420.549551,51.8672398
2730.05,662.5705429,575.3414485,420.7110812,51.88687725
2731.05,662.7944041,575.5404296,420.8724634,51.90647139
2732.05,663.0421403,575.7725159,421.0337949,51.92607264
2733.05,663.2571987,575.9779236,421.1949981,51.9456564
2734.05,663.44649,576.1775939,421.3561507,51.96521775
2735.05,663.6549277,576.3757489,421.5173437,51.98478556
2736.05,663.8826655,576.5939287,421.6785811,52.00434368
2737.05,664.075036,576.7829631,421.8398181,52.02391714
2738.05,664.3318979,576.9913363,422.0010043,52.04350288
2739.05,664.6235801,577.2181112,422.1622099,52.06307372
2740.05,664.872428,577.4413599,422.3233572,52.0826405
2741.05,665.0858805,577.6472556,422.4844256,52.10219388
2742.05,665.3771377,577.8825211,422.6454302,52.1217499
2743.05,665.5416641,578.0659732,422.8064592,52.14130916
2744.05,665.7303142,578.2673115,422.9676657,52.16088935
2745.05,665.9331437,578.4756802,423.1289496,52.18045973
2746.05,666.2588087,578.7146116,423.2902835,52.20004773
2747.05,666.4781902,578.9102687,423.4515737,52.21962936
2748.05,666.6810241,579.1027004,423.6128798,52.23921967
2749.05,666.9919615,579.3340329,423.7743456,52.25879914
2750.05,667.1892285,579.5249438,423.9358281,52.2783776
2751.05,667.3384559,579.7015982,424.097334,52.29795143
2752.05,667.5659256,579.8886957,424.2589021,52.31752808
2753.05,667.7878858,580.0953115,424.4204998,52.33709794
2754.05,668.1075091,580.3151538,424.582185,52.35669932
2755.05,668.3125751,580.507181,424.7439549,52.3762982
2756.05,668.587576,580.7334031,424.9057453,52.3958857
2757.05,668.8872069,580.9665838,425.0675375,52.41548776
2758.05,669.1222603,581.1753869,425.2293719,52.43512252
2759.05,669.3235536,581.3817114,425.3912708,52.4547966
2760.05,669.6078366,581.6131098,425.5531403,52.47450157
2761.05,669.7830177,581.7993011,425.7150315,52.49420678
2762.05,670.0612,582.0235339,425.8770025,52.51391175
2763.05,670.3006962,582.234294,426.0389311,52.53363352
2764.05,670.5972743,582.447548,426.2009522,52.55337536
2765.05,670.8320923,582.6450415,426.3630023,52.57313321
2766.05,671.0728368,582.8451155,426.5250236,52.59289913
2767.05,671.3587914,583.0677297,426.6870672,52.61266165
2768.05,671.5844868,583.2731958,426.8491773,52.63242219
2769.05,671.8511331,583.4947376,427.01134,52.65220063
2770.05,672.0512108,583.6919347,427.1735194,52.6720012
2771.05,672.2508188,583.8856535,427.3356969,52.69178056
2772.05,672.4877811,584.0837877,427.4979275,52.71154937
2773.05,672.7578688,584.3006376,427.6602233,52.73133215
2774.05,672.9976138,584.507843,427.8225629,52.7511516
2775.05,673.1246339,584.6666429,427.9849042,52.77098196
2776.05,673.3005831,584.8644392,428.1471841,52.79082394
2777.05,673.534403,585.0533544,428.3095545,52.81065564
2778.05,673.8351728,585.2879054,428.4719815,52.83049247
2779.05,674.0639081,585.5020858,428.6345227,52.8503063
2780.05,674.3324023,585.7092209,428.7969385,52.8700811
2781.05,674.5237487,585.9034206,428.9592581,52.88982601
2782.05,674.7524379,586.1068021,429.121539,52.90954534
2783.05,674.9675176,586.3111805,429.2837925,52.9292501
2784.05,675.2103689,586.5229825,429.4460367,52.94896663
2785.05,675.4418982,586.7242546,429.6082785,52.96871814
2786.05,675.6744251,586.9185101,429.770478,52.98848356
2787.05,675.9054279,587.1256856,429.9326475,53.00823484
2788.05,676.230216,587.3709219,430.0947974,53.02798437
2789.05,676.5240751,587.5975521,430.2568381,53.04771223
2790.05,676.8129932,587.8299187,430.4187524,53.06743634
2791.05,677.0043231,588.0262485,430.5806918,53.08717059
2792.05,677.3026285,588.2467165,430.7426263,53.10694578
2793.05,677.5335214,588.4551439,430.9045935,53.12673646
2794.05,677.8520308,588.6789885,431.0665941,53.14655753
2795.05,678.1028032,588.8903944,431.2285208,53.16635457
2796.05,678.3386716,589.0939074,431.3904423,53.18613121
2797.05,678.5878521,589.3145979,431.5523064,53.20589857
2798.05,678.8018858,589.515548,431.7140807,53.22565468
2799.05,679.0172763,589.7219056,431.8757019,53.24538058
2800.05,679.2577094,589.9269842,432.0371859,53.26509839
2801.05,679.4806877,590.1282685,432.1985174,53.28483492
2802.05,679.7253546,590.3378175,432.3597293,53.304526
2803.05,679.996414,590.5484826,432.5209065,53.32421546
2804.05,680.2311119,590.7434757,432.6819284,53.34391291
2805.05,680.5107545,590.9533689,432.8428782,53.3635639
2806.05,680.6987172,591.1504847,433.0038097,53.38317495
2807.05,680.8551047,591.3293077,433.1646016,53.40277848
2808.05,681.0727865,591.5372036,433.3252377,53.42236876
2809.05,681.3210861,591.7461862,433.4858904,53.44195586
2810.05,681.5971904,591.9727823,433.6465371,53.46153883
2811.05,681.8736066,592.1945251,433.8072115,53.48109153
2812.05,682.1377657,592.4191937,433.9679052,53.50064539
2813.05,682.3724408,592.6188441,434.1284996,53.52021851
2814.05,682.6196342,592.8205322,434.2890924,53.53978924
2815.05,682.821056,593.0194928,434.449708,53.55933865
2816.05,683.0686455,593.2263558,434.6103439,53.57888162
2817.05,683.3007328,593.4283762,434.7709712,53.59841468
2818.05,683.5122324,593.6330355,434.9315706,53.61793012
2819.05,683.7861228,593.8505266,435.0921537,53.63745562
2820.05,684.0158773,594.0732812,435.2527312,53.65699063
2821.05,684.2693585,594.2731927,435.413297,53.67652024
2822.05,684.5431406,594.4968351,435.5738968,53.69607079
2823.05,684.7502643,594.6918383,435.7345044,53.71561443
2824.05,684.9787938,594.9010239,435.8951852,53.73514584
2825.05,685.2050419,595.0973847,436.0559499,53.75468778
2826.05,685.4418884,595.3166464,436.2167888,53.77426609
2827.05,685.7026234,595.5371759,436.377655,53.79383352
2828.05,685.9511176,595.7399062,436.5385355,53.81336974
2829.05,686.2536436,595.9748424,436.6993952,53.83287619
2830.05,686.4102513,596.1585884,436.8601419,53.85238555
2831.05,686.6267679,596.3484004,437.0209045,53.87190983
2832.05,686.8659504,596.555139,437.1816626,53.89143403
2833.05,687.0595165,596.7464996,437.342495,53.91097385
2834.05,687.3117834,596.9692051,437.5033693,53.93052957
2835.05,687.5172769,597.1800068,437.6643181,53.95011244
2836.05,687.7144572,597.3766541,437.8253654,53.96969367
2837.05,687.9161008,597.5626816,437.9864537,53.98925961
2838.05,688.1647326,597.775056,438.1475839,54.00881312
2839.05,688.388275,597.9810756,438.3086837,54.02837987
2840.05,688.628609,598.1869439,438.4697639,54.04795747
2841.05,688.8572953,598.3845123,438.6309005,54.06754323
2842.05,689.0742068,598.5737067,438.7920986,54.08711823
2843.05,689.2632807,598.7652294,438.953338,54.10669653
2844.05,689.523312,598.9860267,439.1145754,54.12630613
2845.05,689.7525944,599.1899907,439.2758202,54.14590946
2846.05,689.9594339,599.396458,439.4371067,54.16550179
2847.05,690.2067034,599.6066703,439.5983018,54.18513298
2848.05,690.4298326,599.8092862,439.7595317,54.20479373
2849.05,690.6792266,600.0069868,439.9208462,54.22449644
2850.05,690.9596593,600.2164059,440.0821136,54.244198
2851.05,691.2827311,600.4480158,440.2433003,54.2638886
2852.05,691.5182677,600.6571612,440.4045071,54.28357831
2853.05,691.7752248,600.8720219,440.5656518,54.30327644
2854.05,691.9495657,601.0640817,440.7267749,54.3229814
2855.05,692.1151907,601.2387834,440.8878702,54.34266128
2856.05,692.3526232,601.4413263,441.0489501,54.36233174
2857.05,692.6007713,601.654526,441.2100945,54.38199103
2858.05,692.7808969,601.8463064,441.3712131,54.40164815
2859.05,692.9718779,602.0367213,441.5323138,54.42129401
2860.05,693.1992102,602.2377666,441.6933347,54.44093324
2861.05,693.4856386,602.4544746,441.8543108,54.46056827
2862.05,693.7824785,602.6898954,442.015263,54.48018909
2863.05,693.9479353,602.8729058,442.1761947,54.49983285
2864.05,694.1736719,603.0674111,442.3370904,54.51945413
2865.05,694.4153751,603.2710165,442.4980003,54.53905582
2866.05,694.5877507,603.460003,442.6589117,54.55865187
2867.05,694.7994234,603.6681899,442.8199497,54.57827446
2868.05,694.9999842,603.8707379,442.9810861,54.59792319
2869.05,695.230641,604.0739359,443.1421322,54.61758702
2870.05,695.4296424,604.2729202,443.3031183,54.63724396
2871.05,695.6880378,604.487308,443.4640455,54.65688634
2872.05,695.893913,604.6783951,443.6248939,54.67652336
2873.05,696.1490989,604.8992442,443.7857927,54.69612051
2874.05,696.4133796,605.1197573,443.9465903,54.71571556
2875.05,696.6157181,605.3068836,444.1073935,54.73531528
2876.05,696.8358053,605.5096596,444.2681242,54.75490445
2877.05,697.0687832,605.7175548,444.4288342,54.77447251
2878.05,697.4050164,605.9491988,444.5894674,54.79402973
2879.05,697.6977767,606.1778994,444.7500339,54.81358746
2880.05,697.9418761,606.3799637,444.9105087,54.83315634
2881.05,698.1795014,606.5906967,445.0708742,54.85271408
2882.05,698.4494579,606.8138767,445.2312023,54.87226064
2883.05,698.69545,607.0144407,445.3914115,54.89182524
2884.05,699.0235562,607.258727,445.5514994,54.91141095
2885.05,699.3096058,607.4835078,445.7116206,54.93098864
2886.05,699.5177934,607.6808707,445.8717258,54.95055578
2887.05,699.8466803,607.9129645,446.0317237,54.97010884
2888.05,700.0571096,608.120661,446.1914785,54.98961889
2889.05,700.3662584,608.352452,446.351132,55.0090958
2890.05,700.5357773,608.5425547,446.5107423,55.02854152
2891.05,700.7295485,608.7380158,446.6702948,55.04797772
2892.05,701.0009138,608.9559872,446.8297431,55.06741018
2893.05,701.2880416,609.1939357,446.989106,55.08683486
2894.05,701.5470356,609.4125674,447.1485061,55.10627588
2895.05,701.8162783,609.6319593,447.3078467,55.12572769
2896.05,702.1196887,609.8699453,447.4670807,55.14520114
2897.05,702.3806021,610.0878938,447.6261653,55.16466572
2898.05,702.6162916,610.2974275,447.7851863,55.18412262
2899.05,702.8033809,610.4918076,447.9441854,55.20358143
2900.05,703.0332915,610.7109815,448.1031204,55.22304185
2901.05,703.2736522,610.911478,448.2619359,55.2425089
2902.05,703.5981688,611.1506425,448.4206281,55.2619422
2903.05,703.8156514,611.3446187,448.5792143,55.28135097
2904.05,704.0676532,611.5526507,448.7377002,55.30074372
2905.05,704.3312139,611.7587862,448.8961358,55.32012041
2906.05,704.5667264,611.9639268,449.0545021,55.33950526
2907.05,704.8208622,612.1729673,449.2127809,55.35886052
2908.05,705.0667192,612.3970625,449.3708769,55.37820229
2909.05,705.2933498,612.59818,449.5290145,55.39755024
2910.05,705.5495679,612.8334434,449.6870551,55.41689798
2911.05,705.7960633,613.0445813,449.845053,55.43622611
2912.05,705.9995663,613.2516779,450.0029911,55.45554829
2913.05,706.2743696,613.4699116,450.160876,55.47483693
2914.05,706.5444037,613.6951813,450.3187298,55.49411708
2915.05,706.7930171,613.9084358,450.4764307,55.51339926
2916.05,707.0373462,614.1166225,450.6340533,55.53267748
2917.05,707.2940118,614.3258067,450.7916473,55.55195691
2918.05,707.5432453,614.5424001,450.9492879,55.57121782
2919.05,707.8622413,614.768772,451.1070245,55.59045726
2920.05,708.0960003,614.9828721,451.2646818,55.6096623
2921.05,708.3660761,615.2123124,451.4222649,55.62886179
2922.05,708.6895575,615.4455554,451.5797959,55.64806207
2923.05,708.9319841,615.642619,451.7373267,55.66723701
2924.05,709.1785398,615.8472204,451.8948803,55.6863755
2925.05,709.3504776,616.0295298,452.0524563,55.70551956
2926.05,709.5880363,616.2417072,452.2100004,55.7246767
2927.05,709.7655351,616.4381937,452.3675132,55.74383976
2928.05,709.9942284,616.6306493,452.5249944,55.76299633
2929.05,710.2065301,616.8366027,452.6825373,55.78216964
2930.05,710.4960282,617.0588201,452.8401472,55.80137016
2931.05,710.6999636,617.2643342,452.9977458,55.82057484
2932.05,710.9409167,617.4698376,453.1554548,55.83978032
2933.05,711.1406187,617.6715166,453.3131587,55.85897706
2934.05,711.4003092,617.8828132,453.4709079,55.87816863
2935.05,711.5600325,618.0702789,453.6286674,55.89733724
2936.05,711.8686833,618.3041016,453.7864263,55.91650642
2937.05,712.0160343,618.47782,453.9442403,55.9356779
2938.05,712.2125839,618.692711,454.1020652,55.95484014
2939.05,712.4292209,618.8916674,454.2599099,55.97401221
2940.05,712.6186432,619.0751066,454.4176157,55.99319639
2941.05,712.8579813,619.2990437,454.5752609,56.01235374
2942.05,713.0378356,619.4889848,454.732841,56.03151876
2943.05,713.2797095,619.6931799,454.8904472,56.05068001
2944.05,713.4831512,619.8881826,455.0479972,56.06984416
2945.05,713.7460079,620.0992869,455.2055322,56.08900483
2946.05,713.927354,620.2929155,455.363022,56.10816239
2947.05,714.1927215,620.5073826,455.5205309,56.12731811
2948.05,714.3627495,620.7042355,455.6779986,56.14646539
2949.05,714.6324691,620.9332817,455.8354991,56.16564054
2950.05,714.8603491,621.1349337,455.9930711,56.1848172
2951.05,715.0968428,621.3417287,456.1507739,56.20398064
2952.05,715.3472408,621.548642,456.3085206,56.22314201
2953.05,715.5893748,621.772966,456.4663672,56.24230318
2954.05,715.8170823,621.9821808,456.624272,56.26146524
2955.05,716.0734019,622.2034601,456.7822614,56.28060663
2956.05,716.3998845,622.4361321,456.9402487,56.29972834
2957.05,716.6486225,622.6617055,457.0982934,56.31885777
2958.05,716.9127129,622.870965,457.2564205,56.33800737
2959.05,717.1023279,623.0544674,457.4146957,56.35716588
2960.05,717.3109941,623.2674282,457.5730156,56.37632194
2961.05,717.534939,623.4841666,457.731289,56.39547782
2962.05,717.8112008,623.7012626,457.8896445,56.41463312
2963.05,718.0336945,623.8981112,458.0480925,56.43378167
2964.05,718.310472,624.114167,458.2066122,56.45294158
2965.05,718.4814205,624.2995908,458.3651621,56.4720922
2966.05,718.802129,624.5314725,458.5237037,56.49128785
2967.05,718.9985907,624.7252725,458.6823088,56.51049119
2968.05,719.2237245,624.9264233,458.8409155,56.52969812
2969.05,719.4076212,625.1098708,458.9996266,56.5489064
2970.05,719.675546,625.3284249,459.158381,56.56812693
2971.05,719.9331017,625.5512067,459.3172273,56.58735316
2972.05,720.1575051,625.7579923,459.4761402,56.60659807
2973.05,720.4136931,625.9617466,459.6350142,56.62587159
2974.05,720.6838709,626.1920544,459.7939275,56.64515683
2975.05,720.9250738,626.3938521,459.9528343,56.66444128
2976.05,721.1788911,626.6164205,460.1117837,56.68371832
2977.05,721.4395691,626.835407,460.2707831,56.70303659
2978.05,721.682443,627.0363704,460.4298517,56.72236586
2979.05,721.9679625,627.2516493,460.5890031,56.74168229
2980.05,722.2039269,627.4608106,460.7482688,56.76099203
2981.05,722.4499739,627.6785464,460.9075969,56.78029503
2982.05,722.6304459,627.8690882,461.0669131,56.7996028
2983.05,722.8548828,628.079236,461.2263067,56.81893102
2984.05,723.1068613,628.2834283,461.3857432,56.83826077
2985.05,723.3457535,628.5020612,461.5450882,56.857607
2986.05,723.5477684,628.7012339,461.7044303,56.87695845
2987.05,723.8561336,628.9177677,461.8638279,56.89628709
2988.05,724.0829136,629.1111153,462.0233025,56.91561089
2989.05,724.2954169,629.3239333,462.1827603,56.93494113
2990.05,724.5400333,629.5299256,462.3422818,56.95428728
2991.05,724.8276959,629.7485307,462.5018929,56.97364242
2992.05,725.0940819,629.9680629,462.661599,56.99297402
2993.05,725.3172295,630.1703259,462.8212831,57.01231043
2994.05,725.5291619,630.3708828,462.9808523,57.03165268
2995.05,725.7580787,630.5635137,463.1403507,57.0509948
2996.05,726.0422154,630.7806785,463.299784,57.0703362
2997.05,726.3265514,631.011358,463.4590912,57.08966706
2998.05,726.6257844,631.2460351,463.6184698,57.10902829
2999.05,726.8281557,631.4402894,463.7778856,57.12840753
3000.05,727.0727415,631.6438565,463.9372685,57.14780405
3001.05,727.3133077,631.858157,464.0966127,57.16720838
3002.05,727.5137174,632.0362208,464.2560852,57.18660091
3003.05,727.7740428,632.2481987,464.4155883,57.20598289
3004.05,727.9574945,632.4395702,464.5750893,57.22536801
3005.05,728.2263998,632.6635458,464.7345735,57.24475879
3006.05,728.464359,632.8579797,464.8940906,57.26412631
3007.05,728.7209848,633.0791009,465.0535954,57.28350362
3008.05,728.9220074,633.2656356,465.2130893,57.30289071
3009.05,729.1882579,633.4818435,465.3726037,57.32228107
3010.05,729.3673687,633.6710155,465.5321438,57.34168469
3011.05,729.6127766,633.8785435,465.6917148,57.36112004
3012.05,729.7922689,634.0800111,465.8512581,57.3805718
3013.05,730.035932,634.2860521,466.0108133,57.40003123
3014.05,730.3050573,634.4975714,466.1703716,57.41948595
3015.05,730.5579375,634.7048796,466.3299499,57.43894541
3016.05,730.8094343,634.9088812,466.4896567,57.45843987
3017.05,731.0543722,635.1225478,466.6494402,57.47796759
3018.05,731.4350345,635.3712878,466.8092557,57.49747539
3019.05,731.6504732,635.5717169,466.9691084,57.516983
3020.05,731.9253748,635.786982,467.1288963,57.53647329
3021.05,732.1723402,635.9992361,467.2886935,57.55596702
3022.05,732.396904,636.2046521,467.4485493,57.57547364
3023.05,732.6265673,636.416504,467.6084741,57.59497644
3024.05,732.8273897,636.6201567,467.768437,57.61451641
3025.05,733.0571203,636.8251188,467.9284707,57.63408748
3026.05,733.333463,637.0451163,468.088617,57.65368234
3027.05,733.6407001,637.2762566,468.2487802,57.67327115
3028.05,733.9134324,637.4985633,468.4088852,57.69285223
3029.05,734.1220263,637.6987498,468.5689897,57.71241129
3030.05,734.3576322,637.9019425,468.7290908,57.73196268
3031.05,734.6111732,638.1068574,468.8893037,57.75151414
3032.05,734.806186,638.3056551,469.0496446,57.77107065
3033.05,735.0269475,638.5135285,469.2100583,57.79062325
3034.05,735.3438068,638.7348555,469.370486,57.81017807
3035.05,735.6373019,638.975443,469.5309193,57.82972728
3036.05,735.8769811,639.1799387,469.6913556,57.84926588
3037.05,736.1300719,639.397115,469.8517033,57.86880899
3038.05,736.3737801,639.6209896,470.0119863,57.88833467
3039.05,736.6007812,639.824695,470.1722529,57.90786135
3040.05,736.7686287,640.0041075,470.3324168,57.92737716
3041.05,737.0536261,640.2291368,470.4924914,57.94689699
3042.05,737.2508177,640.4152381,470.6524782,57.96643137
3043.05,737.4843293,640.6211762,470.8125496,57.98595711
3044.05,737.7222096,640.8164496,470.9726822,58.00544641
3045.05,737.9819105,641.0306274,471.1328784,58.02492431
3046.05,738.1918313,641.239863,471.2930541,58.04441172
3047.05,738.450625,641.4602414,471.453143,58.06389499
3048.05,738.6633785,641.6679049,471.6132085,58.08340542
3049.05,738.9853287,641.9154933,471.7733396,58.10295393
3050.05,739.2306354,642.1231569,471.9334186,58.1224835
3051.05,739.5101152,642.3463208,472.0934866,58.14200611
3052.05,739.8395606,642.5775064,472.253556,58.16154195
3053.05,740.0843867,642.7813423,472.413617,58.18108877
3054.05,740.2832624,642.9682225,472.5736857,58.20064286
3055.05,740.5113227,643.1852199,472.7337134,58.22020661
3056.05,740.7838179,643.4037629,472.8936879,58.23976409
3057.05,741.0363141,643.6161008,473.0536632,58.25930801
3058.05,741.1784219,643.7965658,473.213531,58.27882977
3059.05,741.4023388,643.9895586,473.3733642,58.2983517
3060.05,741.6108088,644.1888794,473.5332091,58.31787378
3061.05,741.9056146,644.4059229,473.6929674,58.3373836
3062.05,742.1888341,644.6223308,473.8525561,58.35689186
3063.05,742.4025656,644.8217586,474.0120719,58.37642003
3064.05,742.6167245,645.0210649,474.1714916,58.39594492
3065.05,742.8626258,645.2392042,474.3308423,58.4154699
3066.05,743.0631187,645.4322566,474.4901964,58.43498862
3067.05,743.2982518,645.6323258,474.6495033,58.45449622
3068.05,743.5444583,645.8408622,474.8087373,58.47397491
3069.05,743.8226302,646.0587271,474.9679805,58.49345296
3070.05,744.0911563,646.2626453,475.127141,58.51291039
3071.05,744.3326916,646.4653288,475.2862874,58.53235373
3072.05,744.5129072,646.6488315,475.4454249,58.5517867
3073.05,744.776717,646.8625769,475.6045812,58.57123763
3074.05,745.0867551,647.089894,475.7638052,58.59067947
3075.05,745.3171777,647.2900866,475.9230223,58.61011587
3076.05,745.5226197,647.4895536,476.0821916,58.62960186
3077.05,745.7881123,647.7022791,476.2413466,58.64910552
3078.05,746.0449038,647.9193848,476.400513,58.66862692
3079.05,746.3290435,648.1415452,476.5596296,58.68815436
3080.05,746.5499801,648.3460709,476.7187286,58.70765948
3081.05,746.7557292,648.5525271,476.8777901,58.72715214
3082.05,746.8985773,648.7245714,477.0367949,58.74663727
3083.05,747.1603394,648.9395631,477.1957105,58.76611225
3084.05,747.3732685,649.138689,477.3546401,58.78557322
3085.05,747.6024601,649.347148,477.5135611,58.80503194
3086.05,747.8285453,649.5510397,477.6724092,58.82448276
3087.05,748.0353548,649.7453381,477.8313086,58.84393399
3088.05,748.3334968,649.9737618,477.9902624,58.86338643
3089.05,748.5161213,650.1614014,478.1492686,58.88284786
3090.05,748.7934693,650.370564,478.3083728,58.90230054
3091.05,749.0827458,650.59435,478.4674862,58.92173045
3092.05,749.3150109,650.7903909,478.6266582,58.94114427
3093.05,749.619928,651.028072,478.7858552,58.96054613
3094.05,749.7829131,651.2144085,478.9451016,58.97993633
3095.05,749.9684841,651.3962339,479.10424,58.99930333
3096.05,750.2617144,651.6125531,479.2633723,59.01866224
3097.05,750.4895276,651.8292184,479.4224699,59.03802463
3098.05,750.7228434,652.0368934,479.5814925,59.05737026
3099.05,750.9802081,652.2501017,479.7403878,59.07668866
3100.05,751.222824,652.4528717,479.899299,59.09601389
3101.05,751.4169722,652.6584817,480.0581601,59.11532939
3102.05,751.6557939,652.8718651,480.2170225,59.13464478
3103.05,751.8941745,653.075729,480.3758135,59.15393643
3104.05,752.1285071,653.2824274,480.534562,59.1731968
3105.05,752.3765972,653.4863103,480.693123,59.19241782
3106.05,752.6443063,653.7017949,480.8515841,59.21163508
3107.05,752.9137817,653.9092997,481.01001,59.23085443
3108.05,753.1568442,654.1143475,481.1684321,59.25007277
3109.05,753.471202,654.3378671,481.3268755,59.26927892
3110.05,753.694639,654.532942,481.4852513,59.28846646
3111.05,753.9633479,654.7485226,481.6436217,59.30763207
3112.05,754.2132259,654.9560246,481.8019591,59.32678278
3113.05,754.425499,655.1614787,481.9602114,59.34594634
3114.05,754.7163957,655.3868483,482.1183939,59.36510413
3115.05,754.9800339,655.5962563,482.2764087,59.38425393
3116.05,755.2169905,655.8004384,482.434378,59.40338804
3117.05,755.4824531,656.0247433,482.5922609,59.42251908
3118.05,755.7108201,656.2294592,482.7501595,59.44164574
3119.05,755.978618,656.4528309,482.9080725,59.46079027
3120.05,756.2020386,656.6621381,483.0660028,59.4799219
3121.05,756.4319574,656.8593843,483.2239429,59.49908812
3122.05,756.6895593,657.0695636,483.3819625,59.51826459
3123.05,756.8973242,657.2729066,483.5400183,59.53747914
3124.05,757.1085425,657.4762301,483.6981218,59.55671426
3125.05,757.2731886,657.6760931,483.8562294,59.57597502
3126.05,757.5362052,657.8969526,484.0144248,59.59523917
3127.05,757.8320435,658.125025,484.1726778,59.61452697
3128.05,758.1218696,658.3617487,484.3310255,59.63383425
3129.05,758.3355941,658.5636789,484.4893849,59.65314015
3130.05,758.5558646,658.7676337,484.6477023,59.67244165
3131.05,758.7889082,658.9718936,484.8062157,59.69176598
3132.05,759.0555276,659.1849079,484.9648039,59.71107833
3133.05,759.3918572,659.425451,485.1234151,59.7304102
3134.05,759.6380296,659.6326785,485.2820069,59.74974822
3135.05,759.8589761,659.8395162,485.4406574,59.76907374
3136.05,760.0869854,660.040765,485.599369,59.7883884
3137.05,760.2970876,660.2517804,485.7581907,59.8077135
3138.05,760.4969268,660.4546069,485.9171603,59.82706865
3139.05,760.6666461,660.6398936,486.0762691,59.84642991
3140.05,760.9028293,660.8433816,486.2355089,59.8657951
3141.05,761.1148988,661.0442671,486.3948592,59.8851811
3142.05,761.3461551,661.2615353,486.5542214,59.90459311
3143.05,761.6868625,661.4957125,486.7135075,59.92401901
3144.05,761.9255268,661.7025753,486.8727565,59.94347217
3145.05,762.21241,661.930687,487.032087,59.96294781
3146.05,762.4593808,662.1417861,487.1914633,59.98244703
3147.05,762.6683049,662.3393624,487.3508915,60.00195429
3148.05,762.9411908,662.5492465,487.5103025,60.02144196
3149.05,763.1647644,662.7594443,487.6696931,60.04089775
3150.05,763.4018964,662.9719787,487.8289198,60.06034748
3151.05,763.6710109,663.189589,487.9880588,60.07976873
3152.05,763.914576,663.3932775,488.1472623,60.09919331
3153.05,764.1055603,663.5862003,488.3065254,60.11862312
3154.05,764.3645597,663.8095295,488.4657988,60.13806726
3155.05,764.6327464,664.0234069,488.6251336,60.15752834
3156.05,764.8935524,664.2327909,488.7845854,60.17700921
3157.05,765.1139539,664.4483851,488.9440686,60.19650381
3158.05,765.3669814,664.6668856,489.1036813,60.21601112
3159.05,765.6486827,664.884703,489.2633342,60.23551436
3160.05,765.8864431,665.0921073,489.4230603,60.25501352
3161.05,766.0852574,665.2766387,489.5828318,60.27450888
3162.05,766.3123132,665.4981554,489.7427223,60.29398538
3163.05,766.5264117,665.7057027,489.9026162,60.31347837
3164.05,766.8619855,665.9425401,490.0625257,60.33296142
3165.05,767.1029304,666.1441064,490.2223093,60.35245185
3166.05,767.3985865,666.3751246,490.3821395,60.37196681
3167.05,767.6586872,666.5949776,490.5419414,60.39151289
3168.05,767.9063888,666.8106581,490.7016886,60.41109358
3169.05,768.1301776,667.0154038,490.8613993,60.43068617
3170.05,768.428574,667.2285484,491.0211219,60.45025771
3171.05,768.6682261,667.4352829,491.1808339,60.46981022
3172.05,768.9076562,667.6488999,491.34043,60.48933544
3173.05,769.1066603,667.8458427,491.499932,60.50886098
3174.05,769.356412,668.0687027,491.6593537,60.52840573
3175.05,769.5715704,668.280334,491.8185927,60.54797575
3176.05,769.7840205,668.4766948,491.9778333,60.56758007
3177.05,770.0251484,668.6818197,492.1370864,60.58718263
3178.05,770.2264142,668.8832299,492.2963587,60.60677318
3179.05,770.4146513,669.0782662,492.4555396,60.62634799
3180.05,770.6450605,669.2858945,492.6146948,60.64591312
3181.05,770.8042924,669.4825418,492.7737232,60.66542502
3182.05,771.0596673,669.7019038,492.9327447,60.68492013
3183.05,771.3182413,669.9300371,493.0918272,60.70441575
3184.05,771.57496,670.1446749,493.2509804,60.72391885
3185.05,771.8409261,670.341181,493.4101821,60.74340896
3186.05,772.0898355,670.5432029,493.5693652,60.76291029
3187.05,772.3630795,670.7712396,493.7285068,60.78239646
3188.05,772.6412449,670.9979834,493.8876235,60.80185458
3189.05,772.8955735,671.2156137,494.0466833,60.82132323
3190.05,773.162142,671.4376737,494.2058454,60.84081237
3191.05,773.4561093,671.6573758,494.3650641,60.86030348
3192.05,773.7493641,671.8923048,494.5243258,60.87979564
3193.05,773.9943226,672.0993402,494.6836392,60.89929912
3194.05,774.3001325,672.3230114,494.8429476,60.91878788
3195.05,774.5363264,672.5425444,495.0022335,60.93828189
3196.05,774.8034706,672.7607537,495.1616072,60.95778273
3197.05,775.1041228,672.9881272,495.3211236,60.97730409
3198.05,775.407431,673.217186,495.4805666,60.99680554
3199.05,775.6326826,673.4127784,495.6398866,61.01628684
3200.05,775.8508631,673.6197547,495.7991519,61.0357635
3201.05,776.0550226,673.8216313,495.9584575,61.0552484
3202.05,776.2850146,674.0258294,496.1176399,61.07475485
3203.05,776.5563382,674.2473098,496.2768303,61.09426794
3204.05,776.853421,674.4665718,496.4359443,61.11379014
3205.05,777.0503057,674.674843,496.5950166,61.13334232
3206.05,777.3004566,674.8821973,496.7540298,61.1528941
3207.05,777.5534809,675.099298,496.9129243,61.17243673
3208.05,777.8275752,675.3217815,497.0717412,61.19197293
3209.05,778.0575631,675.5275251,497.2305447,61.21148953
3210.05,778.3599089,675.7681408,497.389355,61.23101122
3211.05,778.6232084,675.9737526,497.5482133,61.25054308
3212.05,778.8629334,676.1946321,497.7070805,61.2700836
3213.05,779.0562148,676.3800672,497.8658936,61.28962914
3214.05,779.2627949,676.5774401,498.0246092,61.30917879
3215.05,779.4392522,676.7564794,498.1831406,61.32870525
3216.05,779.6956494,676.9629398,498.3415863,61.34821569
3217.05,779.8855257,677.157102,498.5000115,61.36773235
3218.05,780.1329816,677.3628394,498.6585036,61.38726619
3219.05,780.3634656,677.5808039,498.8170153,61.40680941
3220.05,780.5550505,677.7797634,498.97553,61.42634781
3221.05,780.8367254,678.0082199,499.1339989,61.44590701
3222.05,781.1137932,678.2420751,499.2924913,61.46544978
3223.05,781.3598446,678.4512044,499.4509206,61.48497653
3224.05,781.5588988,678.6461798,499.6093144,61.50449611
3225.05,781.8288702,678.8621057,499.7676738,61.5240213
3226.05,782.0695923,679.07981,499.9260257,61.54355632
3227.05,782.3666802,679.3001484,500.0843527,61.56309381
3228.05,782.6387196,679.5138888,500.2426237,61.58262249
3229.05,782.9637758,679.7358133,500.4008701,61.60212852
3230.05,783.2548477,679.9587134,500.5589851,61.62163512
3231.05,783.5074378,680.1699876,500.7169869,61.64112884
3232.05,783.7493426,680.3824484,500.8749383,61.66060526
3233.05,783.9810519,680.5825386,501.0329408,61.68006676
3234.05,784.2064811,680.7840649,501.190988,61.69955747
3235.05,784.4091781,680.9749461,501.3491169,61.71902598
3236.05,784.6145404,681.1694703,501.5072671,61.73848638
3237.05,784.8533142,681.3891878,501.6653764,61.75796363
3238.05,785.1227921,681.6071722,501.8233995,61.77744181
3239.05,785.3947046,681.8261004,501.9814344,61.79693906
3240.05,785.6491304,682.0409981,502.1394026,61.81644116
3241.05,785.9255668,682.2584648,502.2972556,61.83596698
3242.05,786.196526,682.4809664,502.4550269,61.85549007
3243.05,786.4614905,682.7036828,502.6128295,61.87499809
3244.05,786.6859687,682.8976328,502.7706638,61.89450479
3245.05,787.0113621,683.1479783,502.9285032,61.91402639
3246.05,787.2604504,683.3633428,503.0862335,61.93351204
3247.05,787.4429218,683.5739382,503.2437897,61.95299713
3248.05,787.6711562,683.7704866,503.4012919,61.97247651
3249.05,787.9058048,683.9772062,503.5587241,61.99193221
3250.05,788.1835206,684.1929224,503.7160627,62.01136734
3251.05,788.4877218,684.4328913,503.8734188,62.03077589
3252.05,788.7737787,684.6565303,504.0306878,62.05018444
3253.05,789.0478729,684.8688893,504.1880246,62.06959392
3254.05,789.3130497,685.0790527,504.3454343,62.08899635
3255.05,789.5716034,685.2927988,504.5028318,62.10839023
3256.05,789.834603,685.51056,504.660235,62.12779471
3257.05,790.0981842,685.7311935,504.8175881,62.14721142
3258.05,790.3219427,685.9385091,504.9749496,62.16662379
3259.05,790.6040546,686.1612701,505.1323119,62.18605494
3260.05,790.8820599,686.3682518,505.2896463,62.20548859
3261.05,791.1007209,686.5740651,505.44693,62.22490135
3262.05,791.3402385,686.7798562,505.6041859,62.24431582
3263.05,791.5492459,686.9767632,505.7612536,62.26373498
3264.05,791.8573488,687.2162369,505.9182093,62.2831603
3265.05,792.0340386,687.4052025,506.075181,62.30257871
3266.05,792.2289021,687.6013299,506.2321378,62.32199201
3267.05,792.462004,687.8176478,506.3890648,62.34140078
3268.05,792.7090381,688.0264198,506.5458771,62.36081375
3269.05,792.9690097,688.2555609,506.7027124,62.38024907
3270.05,793.2241095,688.4564093,506.8595332,62.39970443
3271.05,793.4245796,688.6530034,507.0163856,62.41913192
3272.05,793.7390542,688.8827663,507.1733099,62.4385447
3273.05,793.996228,689.1046501,507.3302337,62.45794733
3274.05,794.249254,689.3216213,507.4872006,62.47737927
3275.05,794.4200031,689.509899,507.6441944,62.49681204
3276.05,794.6586549,689.7139496,507.8012063,62.51624865
3277.05,794.8595877,689.9175034,507.9581994,62.53568888
3278.05,795.1456957,690.1449388,508.115229,62.55511489
3279.05,795.3720304,690.348577,508.2722146,62.57450267
3280.05,795.5826312,690.5423512,508.4291913,62.59388337
3281.05,795.8092653,690.7483196,508.5862175,62.61324981
3282.05,796.0503458,690.9547192,508.7431671,62.63260366
3283.05,796.3185614,691.1732257,508.9001234,62.65193648
3284.05,796.6486748,691.4222088,509.0571432,62.67126156
3285.05,796.9052118,691.6392022,509.2142523,62.69061043
3286.05,797.1709164,691.850448,509.3714254,62.70997318
3287.05,797.3821757,692.0470703,509.5287509,62.72934468
3288.05,797.675726,692.2693691,509.686061,62.74869554
3289.05,797.859715,692.4743474,509.8434347,62.768036
3290.05,798.0769476,692.678747,510.0008066,62.78741783
3291.05,798.2987411,692.8771693,510.158157,62.80682878
3292.05,798.5665854,693.095583,510.3155616,62.8262436
3293.05,798.8332961,693.3138286,510.4728664,62.84566657
3294.05,799.0743652,693.5231057,510.6301349,62.86506677
3295.05,799.3709926,693.7463864,510.787384,62.88445612
3296.05,799.5201855,693.9169186,510.9446458,62.90383992
3297.05,799.7847735,694.1310643,511.1018697,62.92320661
3298.05,799.9917447,694.3185185,511.2590588,62.94256576
3299.05,800.2560448,694.5466591,511.4162717,62.96192875
3300.05,800.4799141,694.7374529,511.5734858,62.98129254
3301.05,800.7395239,694.9535141,511.7307451,63.00066725
3302.05,801.0729688,695.1830463,511.8880854,63.02005431
3303.05,801.358665,695.4032311,512.0454272,63.03945104
3304.05,801.5919777,695.6173838,512.2028026,63.05886052
3305.05,801.864949,695.8263183,512.3602225,63.07824632
3306.05,802.1170684,696.0481605,512.5176721,63.09761238
3307.05,802.3020783,696.245331,512.675105,63.11696121
3308.05,802.6334256,696.4783083,512.8325428,63.13631056
3309.05,802.8508613,696.6773783,512.9900086,63.15568826
3310.05,803.0778016,696.8761153,513.1475593,63.17507069
3311.05,803.3108085,697.0753756,513.305101,63.19445787
3312.05,803.6125774,697.3049662,513.4626112,63.21383712
3313.05,803.8199388,697.5032911,513.6199735,63.23324045
3314.05,804.130176,697.7392053,513.7772497,63.25261672
3315.05,804.332638,697.9543404,513.9344499,63.27198858
3316.05,804.5273551,698.15497,514.0916665,63.29136622
3317.05,804.7557364,698.3629905,514.248853,63.31075022
3318.05,804.9815581,698.5647644,514.405988,63.3301187
3319.05,805.2751672,698.7938799,514.5630664,63.34948298
3320.05,805.5443231,699.0156103,514.7200396,63.3688611
3321.05,805.7369929,699.2077516,514.8769452,63.38824854
3322.05,806.0266568,699.4370045,515.0338051,63.40763384
3323.05,806.3196829,699.6640979,515.1906591,63.4270231
3324.05,806.5979308,699.8844652,515.347607,63.44637835
3325.05,806.7883936,700.0640346,515.5045639,63.46573149
3326.05,807.0473284,700.2701133,515.6615407,63.48508698
3327.05,807.2789795,700.4835997,515.8186196,63.50444741
3328.05,807.5175995,700.6955075,515.9757459,63.52382134
3329.05,807.7374032,700.8849459,516.1329274,63.5432059
3330.05,807.9726173,701.0877325,516.2901206,63.56259159
3331.05,808.215553,701.2993282,516.4473942,63.58197955
3332.05,808.4417941,701.5139887,516.6046857,63.60137522
3333.05,808.6420974,701.7082529,516.76198,63.62077823
3334.05,808.9603788,701.9342859,516.9193358,63.64017243
3335.05,809.1307742,702.1226512,517.0767736,63.65956141
3336.05,809.3560226,702.3266859,517.2341035,63.67896077
3337.05,809.5875254,702.5357784,517.3914581,63.69837228
3338.05,809.8330563,702.7446034,517.5488316,63.717807
3339.05,810.0308326,702.9506629,517.7062496,63.73721963
3340.05,810.2296344,703.1539028,517.8636862,63.75663414
3341.05,810.3983443,703.3297791,518.0211685,63.77604521
3342.05,810.6089391,703.5303001,518.1787229,63.79547393
3343.05,810.7915343,703.7180348,518.3362472,63.81491311
3344.05,811.0744251,703.9328172,518.4937745,63.83433709
3345.05,811.296801,704.1388726,518.6513417,63.85373775
3346.05,811.5661359,704.360269,518.8088611,63.8731215
3347.05,811.7955333,704.572699,518.9663953,63.89252036
3348.05,812.0088923,704.7846717,519.1239054,63.91192791
3349.05,812.2405032,705.0044165,519.2813303,63.93132779
3350.05,812.488262,705.2188813,519.4386698,63.95074907
3351.05,812.7886467,705.4538305,519.5959488,63.97016515
3352.05,813.0291281,705.6560591,519.7532037,63.98957974
3353.05,813.2782495,705.8671146,519.91043,64.00897043
3354.05,813.4908794,706.079478,520.0676704,64.02834612
3355.05,813.6723364,706.2729778,520.2248722,64.04773081
3356.05,813.8561048,706.4778648,520.3820982,64.06711714
3357.05,814.0920537,706.693762,520.5393963,64.08651045
3358.05,814.3459341,706.9067948,520.6966574,64.10590788
3359.05,814.6178241,707.134532,520.8539704,64.12531614
3360.05,814.8636026,707.3514186,521.0113014,64.14472586
3361.05,815.1210135,707.56568,521.168686,64.16416388
3362.05,815.3463983,707.7700698,521.3260174,64.1836263
3363.05,815.5640836,707.9726411,521.4832861,64.20312299
3364.05,815.8013649,708.1774522,521.6405186,64.22261354
3365.05,815.9792766,708.3772372,521.7976468,64.24213168
3366.05,816.1762315,708.5782782,521.9547049,64.26166134
3367.05,816.4523743,708.7983892,522.1116815,64.28120441
3368.05,816.6260015,708.9806113,522.2687402,64.3007603
3369.05,816.8054141,709.1807492,522.4259414,64.32036149
3370.05,817.0845819,709.3942215,522.5832364,64.33998661
3371.05,817.2799569,709.591484,522.740537,64.35959693
3372.05,817.4829177,709.786237,522.8977752,64.37919762
3373.05,817.7013518,709.9802213,523.05511,64.39880323
3374.05,817.8894694,710.1873082,523.2125329,64.41842115
3375.05,818.1046193,710.3787053,523.3700451,64.43804874
3376.05,818.3659241,710.5909172,523.5277341,64.45769186
3377.05,818.5478031,710.7709925,523.6855963,64.4773254
3378.05,818.8507173,710.9892934,523.8435685,64.49694275
3379.05,819.0478079,711.1827366,524.001663,64.5165792
3380.05,819.2848151,711.3968274,524.1599631,64.53622903
3381.05,819.4811814,711.5860853,524.318433,64.55587102
3382.05,819.7281576,711.7933324,524.4770109,64.57552641
3383.05,819.9058193,711.9824419,524.6356481,64.59517366
3384.05,820.1178462,712.1749769,524.794316,64.61481088
3385.05,820.4127257,712.390748,524.9529673,64.63444068
3386.05,820.6714977,712.6150769,525.1115949,64.65407612
3387.05,820.8984749,712.8184718,525.2703439,64.67373841
3388.05,821.1573961,713.0272311,525.4292277,64.6933753
3389.05,821.3696086,713.2272083,525.5881373,64.71299559
3390.05,821.6647095,713.4600483,525.7470511,64.7326024
3391.05,821.9160232,713.6773703,525.9060703,64.75223138
3392.05,822.1625656,713.8881405,526.065192,64.77186058
3393.05,822.3866858,714.0893087,526.2243898,64.79151358
3394.05,822.6244183,714.3114478,526.3836496,64.81117179
3395.05,822.874908,714.5307928,526.5429824,64.83084309
3396.05,823.1053052,714.7429118,526.7024304,64.85053787
3397.05,823.3225313,714.9338367,526.8620082,64.870279
3398.05,823.5853684,715.1508147,527.0217165,64.89001464
3399.05,823.8150659,715.3487319,527.1815073,64.90974766
3400.05,824.0349061,715.5641307,527.3413986,64.92949783
3401.05,824.2975178,715.7869396,527.5013945,64.94923347
3402.05,824.5122523,715.9850314,527.6614305,64.96897514
3403.05,824.7246144,716.1774896,527.8213925,64.98867433
3404.05,824.9910158,716.382133,527.9814497,65.00834312
3405.05,825.2002075,716.5778932,528.1415602,65.02799435
3406.05,825.4528562,716.7856932,528.3017447,65.04765414
3407.05,825.6687963,716.9836488,528.461927,65.06733099
3408.05,825.8441701,717.1649548,528.6220837,65.08701595
3409.05,826.1049395,717.3714401,528.782317,65.106705
3410.05,826.2479465,717.562514,528.9425221,65.12638141
3411.05,826.4539489,717.7666726,529.1027507,65.14604008
3412.05,826.7110251,717.9907493,529.2630738,65.16569542
3413.05,827.0034007,718.2265166,529.423452,65.18534508
3414.05,827.3282423,718.4729782,529.583896,65.20503354
3415.05,827.5174339,718.666107,529.7443219,65.22472523
3416.05,827.7357775,718.8648249,529.9046728,65.24441024
3417.05,827.9002405,719.0491644,530.0650882,65.26407779
3418.05,828.1646262,719.265459,530.2255302,65.28377831
3419.05,828.4002554,719.46813,530.3859215,65.30347402
3420.05,828.6481329,719.6781239,530.5462241,65.32315435
3421.05,828.8934881,719.8921127,530.7065165,65.34284087
3422.05,829.0946393,720.0870088,530.8667562,65.36253455
3423.05,829.3005791,720.286588,531.0269856,65.3822255
3424.05,829.5776213,720.5207831,531.1871163,65.40195036
3425.05,829.7935564,720.7196575,531.3471683,65.42166325
3426.05,829.9872783,720.9127014,531.5071881,65.4413764
3427.05,830.2569811,721.12863,531.6671374,65.4610928
3428.05,830.5714608,721.3691925,531.8270066,65.48079301
3429.05,830.8421371,721.5969743,531.9867594,65.50048794
3430.05,831.0558938,721.7894349,532.1464323,65.52012736
3431.05,831.322109,722.0027452,532.3060197,65.53976505
3432.05,831.5292112,722.1942533,532.4654583,65.55939257
3433.05,831.7965477,722.4066675,532.6248406,65.57901497
3434.05,832.0343104,722.6178353,532.7842094,65.59865113
3435.05,832.2999452,722.8381644,532.9436291,65.6183018
3436.05,832.5911563,723.0624689,533.1031633,65.6379764
3437.05,832.8141319,723.2659599,533.2627243,65.65768107
3438.05,833.0816999,723.4778795,533.4222211,65.67736744
3439.05,833.2755842,723.6907253,533.5816251,65.69704581
3440.05,833.5052778,723.8898334,533.7409307,65.71669701
3441.05,833.7201697,724.086374,533.9002215,65.73631044
3442.05,833.9579666,724.2892094,534.0594577,65.75590127
3443.05,834.163441,724.4917973,534.2186642,65.7754734
3444.05,834.3637658,724.691427,534.3777849,65.79505771
3445.05,834.6383523,724.9074109,534.5368178,65.81464902
3446.05,834.8654391,725.112126,534.69587,65.83423701
3447.05,835.0911822,725.3227279,534.8548713,65.85385521
3448.05,835.3488664,725.5342148,535.0139559,65.87348937
3449.05,835.5331078,725.7094052,535.173069,65.89311013
3450.05,835.7924744,725.9225588,535.3321779,65.91271474
3451.05,836.023946,726.1283024,535.4913362,65.93233847
3452.05,836.2649063,726.3258338,535.6506741,65.95193845
3453.05,836.4516606,726.505851,535.8100676,65.97152659
3454.05,836.6905297,726.7040004,535.9695067,65.99110734
3455.05,836.9074572,726.9068175,536.1290669,66.01069777
3456.05,837.1021136,727.1196103,536.2885721,66.03029565
3457.05,837.3621178,727.3425214,536.447997,66.04987468
3458.05,837.5644321,727.5392042,536.6073026,66.06941027
3459.05,837.8352703,727.772634,536.7666492,66.08893882
3460.05,838.0980725,727.9927166,536.9261579,66.10843822
3461.05,838.3268,728.2065573,537.0856378,66.12794873
3462.05,838.5700385,728.4248954,537.245172,66.14745344
3463.05,838.7766542,728.6262978,537.4047441,66.16695105
3464.05,839.0016057,728.8433303,537.564322,66.18644088
3465.05,839.2168671,729.0417386,537.7238941,66.20591571
3466.05,839.443686,729.2556693,537.8835633,66.22535316
3467.05,839.670273,729.4627514,538.0433252,66.24479266
3468.05,839.8635586,729.655421,538.2030235,66.26422435
3469.05,840.0737337,729.8624635,538.3626323,66.28366635
3470.05,840.3092271,730.0673773,538.5221839,66.30308355
3471.05,840.4721581,730.2628003,538.6817356,66.32247646
3472.05,840.6668748,730.4580666,538.8413088,66.34186138
3473.05,840.885574,730.6554345,539.0008631,66.36123257
3474.05,841.1439759,730.8662782,539.1603829,66.38061599
3475.05,841.4050316,731.0818749,539.3198283,66.39998893
3476.05,841.6245087,731.2804347,539.4792333,66.41934863
3477.05,841.8506262,731.48546,539.638551,66.43869562
3478.05,842.0204818,731.6705623,539.7977932,66.45804508
3479.05,842.2856901,731.8840746,539.9570121,66.47738067
3480.05,842.5590011,732.1016793,540.1162028,66.4967231
3481.05,842.7891813,732.2977719,540.2753466,66.51605803
3482.05,843.0031094,732.4935778,540.4343905,66.53539491
3483.05,843.2099059,732.6939208,540.5934006,66.55475017
3484.05,843.4704983,732.9049369,540.7523076,66.57409017
3485.05,843.7591322,733.1316606,540.9110997,66.59342262
3486.05,844.0818477,733.364795,541.0699838,66.61274276
3487.05,844.3459238,733.5765336,541.2290213,66.63206714
3488.05,844.6195602,733.7872517,541.3881322,66.65138381
3489.05,844.8712145,733.9986831,541.5472017,66.67068255
3490.05,845.1333284,734.221411,541.706148,66.68995284
3491.05,845.3909433,734.4349757,541.8648881,66.70920522
3492.05,845.5900946,734.6340461,542.0234919,66.72844838
3493.05,845.7776872,734.8181333,542.1820525,66.74769437
3494.05,846.0286511,735.0250421,542.3407703,66.76696608
3495.05,846.2388605,735.2400075,542.4995295,66.78627089
3496.05,846.4428954,735.431466,542.6582818,66.80559705
3497.05,846.6866335,735.6358111,542.8170961,66.82489784
3498.05,846.856522,735.8287996,542.9759169,66.84419331
3499.05,847.0359137,736.0151895,543.134739,66.86348429
3500.05,847.2844344,736.236808,543.2935577,66.88281815
3501.05,847.5276143,736.44137,543.4523947,66.90217045
3502.05,847.7618058,736.6491039,543.6112326,66.92151638
3503.05,847.9137063,736.8274358,543.7701021,66.94086395
3504.05,848.2057813,737.0500752,543.9290425,66.96022628
3505.05,848.4643644,737.2582739,544.0879044,66.97960511
3506.05,848.7472239,737.4797176,544.2467485,66.99898446
3507.05,848.9585914,737.6785997,544.4056084,67.01835831
3508.05,849.1745399,737.8817652,544.5645708,67.03773395
3509.05,849.4675691,738.0873238,544.7236022,67.05711281
3510.05,849.6438465,738.2830572,544.8826327,67.0764751
3511.05,849.8754674,738.4973346,545.0415482,67.09585509
3512.05,850.0993736,738.7020665,545.2003988,67.11523636
3513.05,850.394166,738.9349846,545.3592119,67.13462458
3514.05,850.6373347,739.1499842,545.5180049,67.15403881
3515.05,850.9377456,739.3892174,545.6768298,67.17346426
3516.05,851.2176273,739.6123958,545.8356369,67.19288171
3517.05,851.4535659,739.8278035,545.9943584,67.21229744
3518.05,851.7197687,740.0590417,546.153105,67.23172084
3519.05,851.9574156,740.2673096,546.3118074,67.25111525
3520.05,852.1503411,740.4561593,546.4705378,67.27051258
3521.05,852.3979042,740.6687863,546.6292471,67.28991107
3522.05,852.6450641,740.8793765,546.7880287,67.30929529
3523.05,852.8858364,741.0896332,546.9468142,67.32869666
3524.05,853.1372394,741.2972034,547.105551,67.34810779
3525.05,853.3637596,741.4999231,547.2642738,67.36754093
3526.05,853.5600496,741.7033878,547.423091,67.38695784
3527.05,853.7259809,741.9021389,547.5818797,67.40639452
3528.05,853.9123671,742.0999938,547.7406381,67.4258625
3529.05,854.2139502,742.3354167,547.8993824,67.44534043
3530.05,854.5000732,742.5584416,548.0580931,67.4648216
3531.05,854.7230108,742.7522031,548.2167909,67.48427488
3532.05,854.9404698,742.9576276,548.3754891,67.50372862
3533.05,855.1020015,743.1394045,548.5342262,67.52319683
3534.05,855.3717654,743.3528387,548.6929605,67.54265639
3535.05,855.6280175,743.5661861,548.851708,67.56211746
3536.05,855.9630241,743.8032373,549.0104496,67.58157114
3537.05,856.2166109,744.0083184,549.1691383,67.60098917
3538.05,856.4347398,744.207346,549.327756,67.6204158
3539.05,856.7414042,744.4285652,549.4863569,67.63985607
3540.05,856.9871554,744.6459834,549.6449623,67.65926236
3541.05,857.3007162,744.8724014,549.8035744,67.6786452
3542.05,857.5783068,745.0979705,549.9622224,67.69803669
3543.05,857.7260598,745.2850086,550.1208871,67.7173953
3544.05,857.9456882,745.4897258,550.2795538,67.7367241
3545.05,858.1873443,745.7036685,550.4382029,67.75609403
3546.05,858.4738014,745.929274,550.596735,67.77549862
3547.05,858.7341348,746.1467142,550.7552492,67.79488836
3548.05,859.0285781,746.3676613,550.9137237,67.81428491
3549.05,859.2696708,746.5742735,551.0721438,67.83367128
3550.05,859.5169692,746.796482,551.2304374,67.85306574
3551.05,859.7574039,747.0163293,551.3886643,67.87247003
3552.05,859.9453485,747.2077768,551.5467794,67.89186475
3553.05,860.2148407,747.4223784,551.7048401,67.91125543
3554.05,860.389279,747.6250457,551.8629235,67.93066023
3555.05,860.6357704,747.8337285,552.0210629,67.95007491
3556.05,860.9106902,748.053783,552.1792187,67.96948296
3557.05,861.1742025,748.2644796,552.3373018,67.98885792
3558.05,861.4200151,748.4733705,552.4953745,68.00821666
3559.05,861.6995815,748.68621,552.6534683,68.02756658
3560.05,861.8861063,748.8852021,552.8115565,68.04690957
3561.05,862.1080102,749.0975412,552.9695291,68.06624522
3562.05,862.3231591,749.3035974,553.1273513,68.08559692
3563.05,862.5588079,749.5060444,553.2850268,68.10494134
3564.05,862.8189134,749.7312481,553.4426242,68.1242698
3565.05,863.0700647,749.948657,553.6001003,68.14360964
3566.05,863.2995875,750.1463995,553.7576296,68.16295709
3567.05,863.5850234,750.3672078,553.9151863,68.18233719
3568.05,863.7376232,750.5607351,554.0726024,68.20171814
3569.05,863.8943106,750.7509683,554.2299622,68.2210443
3570.05,864.1365267,750.9706543,554.3872585,68.24035714
3571.05,864.3912582,751.186726,554.5445457,68.25970696
3572.05,864.667053,751.4097908,554.7017912,68.27909057
3573.05,864.9086841,751.6151722,554.8589725,68.29846995
3574.05,865.1799264,751.8272341,555.0162919,68.31784385
3575.05,865.3489846,752.0210058,555.1736536,68.33722383
3576.05,865.6099685,752.2463306,555.3310567,68.35662036
3577.05,865.871579,752.4590128,555.4885242,68.37601325
3578.05,866.0569594,752.6598023,555.6459988,68.39542427
3579.05,866.2731289,752.8640405,555.8035252,68.41485609
3580.05,866.4730074,753.0532673,555.9610719,68.43428242
3581.05,866.7128431,753.2577018,556.1186753,68.45371289
3582.05,866.958324,753.4752597,556.2762759,68.47316194
3583.05,867.1773022,753.6794349,556.4339056,68.49261992
3584.05,867.4331635,753.8958204,556.5916093,68.51208406
3585.05,867.6322435,754.1033414,556.7493582,68.53155176
3586.05,867.8452366,754.299582,556.9070228,68.55101476
3587.05,868.0663983,754.4976184,557.0646449,68.57044966
3588.05,868.3073132,754.6959581,557.22221,68.58986355
3589.05,868.5237508,754.8925968,557.3798589,68.60928206
3590.05,868.7327458,755.1002592,557.5374948,68.62871979
3591.05,868.9483303,755.2925256,557.695202,68.64813878
3592.05,869.2314595,755.5222999,557.8529793,68.66755503
3593.05,869.4327481,755.7145132,558.010869,68.68698141
3594.05,869.6709882,755.9311065,558.1688282,68.70641727
3595.05,869.899756,756.1368981,558.3268564,68.72587806
3596.05,870.0680984,756.3210714,558.4849162,68.74536027
3597.05,870.366005,756.5539273,558.6430084,68.76486046
3598.05,870.4934661,756.7184695,558.8011124,68.78438635
3599.05,870.7633304,756.9356174,558.9591776,68.8039192
3600.05,871.0482161,757.175377,559.1172316,68.82345493
3601.05,871.296274,757.3881197,559.275238,68.84300287
3602.05,871.5343328,757.6024764,559.4332985,68.86253756
3603.05,871.7805791,757.8341609,559.5914383,68.88209002
3604.05,872.0704493,758.0459534,559.7495482,68.90164934
3605.05,872.2769542,758.2421256,559.9076899,68.92118965
3606.05,872.4896568,758.4361557,560.065982,68.94072179
3607.05,872.7822143,758.6624554,560.2244131,68.96024857
3608.05,873.0115223,758.8698921,560.3828657,68.97976712
3609.05,873.2323131,759.0704705,560.5413617,68.99930804
3610.05,873.4418269,759.2723105,560.6998474,69.01885333
3611.05,873.7167862,759.4984901,560.8582792,69.03840426
3612.05,874.0218176,759.7345499,561.0166003,69.05794991
3613.05,874.2890714,759.9383177,561.1748043,69.07747651
3614.05,874.5856224,760.1609905,561.3329491,69.09699604
3615.05,874.8270055,760.3721275,561.4909893,69.11649336
3616.05,875.1400205,760.6011205,561.6488646,69.1359863
3617.05,875.3545727,760.7983487,561.806785,69.15545583
3618.05,875.5685378,760.9939969,561.964774,69.17490159
3619.05,875.808341,761.2064805,562.1226496,69.19432774
3620.05,876.0770045,761.4293487,562.2805399,69.21374653
3621.05,876.2306879,761.6148405,562.4384106,69.23316283
3622.05,876.4786997,761.8294398,562.5962122,69.25257449
3623.05,876.77986,762.0497324,562.7539871,69.27200227
3624.05,877.0543511,762.2677417,562.9116949,69.29143848
3625.05,877.246818,762.451185,563.0695517,69.31087684
3626.05,877.5126034,762.6738181,563.2275751,69.3303287
3627.05,877.7372195,762.8855545,563.3856886,69.34978397
3628.05,877.948278,763.0957622,563.5438419,69.36924896
3629.05,878.1807026,763.3077849,563.7020192,69.38872313
3630.05,878.4198061,763.5177526,563.8602196,69.40821154
3631.05,878.6730134,763.7322369,564.0184413,69.42769385
3632.05,878.9438752,763.9485606,564.1767073,69.4471882
3633.05,879.1778358,764.1474747,564.3349226,69.46666243
3634.05,879.4492184,764.367054,564.4931206,69.48613637
3635.05,879.6502076,764.5694048,564.6513075,69.50561023
3636.05,879.8870694,764.7755797,564.8095503,69.52505891
3637.05,880.1681847,764.9916522,564.9677353,69.54450086
3638.05,880.3808512,765.1980858,565.1258025,69.56394686
3639.05,880.6183971,765.4043672,565.2838545,69.58337244
3640.05,880.8827057,765.6248582,565.441907,69.60276764
3641.05,881.1246404,765.8397248,565.6000581,69.62216082
3642.05,881.3000411,766.0306988,565.7582465,69.64156823
3643.05,881.5072059,766.2369938,565.9164443,69.66099572
3644.05,881.778034,766.4562356,566.0746774,69.68043396
3645.05,881.9794627,766.6526814,566.2329165,69.69986206
3646.05,882.2256902,766.8591913,566.3911848,69.71929624
3647.05,882.4036976,767.038846,566.5494989,69.73872794
3648.05,882.6292024,767.235334,566.7078027,69.75816575
3649.05,882.854184,767.4396637,566.866138,69.77760649
3650.05,883.1053459,767.6500441,567.024474,69.79706449
3651.05,883.358843,767.8668209,567.1827714,69.81652912
3652.05,883.5805661,768.0735211,567.3410043,69.83599752
3653.05,883.9328591,768.3104633,567.4992976,69.85547184
3654.05,884.0484379,768.4857358,567.6574922,69.87498282
3655.05,884.3504248,768.7165274,567.8156343,69.89451653
3656.05,884.6399935,768.9398867,567.9737164,69.914091
3657.05,884.9137168,769.1755524,568.131806,69.93370152
3658.05,885.151474,769.3740262,568.2898904,69.95331583
3659.05,885.3818344,769.5842566,568.4481043,69.97293265
3660.05,885.6377008,769.8125006,568.6064644,69.99254413
3661.05,885.817816,770.0119638,568.7648677,70.01217989
3662.05,886.0517517,770.2159068,568.9232914,70.03185815
3663.05,886.2853331,770.4171036,569.0817768,70.05151281
3664.05,886.5186576,770.6232792,569.2402788,70.07114856
3665.05,886.7348848,770.8249338,569.3987843,70.09075693
3666.05,886.9882216,771.0314493,569.5573101,70.11034587
3667.05,887.2688385,771.2528131,569.7159538,70.1299291
3668.05,887.571432,771.4785525,569.8746215,70.14951275
3669.05,887.7932421,771.6800637,570.0332633,70.16908498
3670.05,888.0148059,771.8919692,570.19195,70.18866525
3671.05,888.2475409,772.0969143,570.3505538,70.20825423
3672.05,888.4691247,772.2998918,570.5091301,70.22784348
3673.05,888.6851709,772.5075697,570.667608,70.24739273
3674.05,888.9386521,772.7212516,570.8261181,70.2669732
3675.05,889.1972381,772.9371237,570.9846454,70.28654714
3676.05,889.4551933,773.1578713,571.1431726,70.30608218
3677.05,889.6595599,773.3560861,571.3017836,70.32559333
3678.05,889.8797852,773.5558669,571.4604334,70.34511236
3679.05,890.0963152,773.7524216,571.6191764,70.36465447
3680.05,890.3642385,773.9648517,571.7778787,70.38419291
3681.05,890.5781738,774.1799728,571.9366076,70.40374044
3682.05,890.8224554,774.3830802,572.0953937,70.42329412
3683.05,891.021236,774.5742091,572.2541587,70.44287041
3684.05,891.2653704,774.7747076,572.4130276,70.46244864
3685.05,891.5055149,774.9857928,572.5719658,70.48202641
3686.05,891.7274083,775.192824,572.7308942,70.50159451
3687.05,891.9216689,775.3875736,572.8897725,70.52118373
3688.05,892.1486544,775.5990957,573.0486046,70.54079148
3689.05,892.4265469,775.8222766,573.2074547,70.56043365
3690.05,892.6677311,776.039048,573.3663783,70.58010577
3691.05,892.8587149,776.2293773,573.5252991,70.59981351
3692.05,893.1273383,776.4541816,573.6842241,70.61952976
3693.05,893.3831203,776.6774432,573.8431786,70.63924122
3694.05,893.5613623,776.8691327,574.0022074,70.6589532
3695.05,893.8277912,777.0828427,574.1612509,70.67868514
3696.05,894.0614805,777.2861082,574.3204024,70.69840297
3697.05,894.2744248,777.4900762,574.4795776,70.71812043
3698.05,894.5425369,777.7132936,574.6387391,70.73785576
3699.05,894.8221796,777.9359233,574.7979606,70.75759539
3700.05,895.0718944,778.1626844,574.9571156,70.77735355
3701.05,895.3362039,778.3790872,575.1162555,70.79711234
3702.05,895.5873546,778.5955099,575.2753624,70.81685742
3703.05,895.8165332,778.799553,575.4344282,70.8366159
3704.05,896.0910546,779.0161027,575.5935177,70.85636376
3705.05,896.3729077,779.2304348,575.7526558,70.87609377
3706.05,896.6104258,779.4390282,575.9118985,70.89582911
3707.05,896.9193483,779.6600761,576.0711561,70.91553126
3708.05,897.1223694,779.8518704,576.2304234,70.93523048
3709.05,897.3502951,780.0614838,576.38967,70.95493196
3710.05,897.5960823,780.2689192,576.5489829,70.97464664
3711.05,897.8600932,780.4771519,576.7084077,70.99437709
3712.05,898.1489039,780.7101078,576.8679784,71.01413289
3713.05,898.3783865,780.9065721,577.0275969,71.03389277
3714.05,898.6017943,781.1194072,577.1872586,71.05365999
3715.05,898.8231042,781.3346132,577.3469797,71.07341389
3716.05,899.0173207,781.5194525,577.5067378,71.09316412
3717.05,899.2542085,781.7256573,577.6664353,71.11289435
3718.05,899.4672614,781.9323883,577.8261419,71.13264628
3719.05,899.7301007,782.1459222,577.9858978,71.15237795
3720.05,899.9543832,782.3586197,578.1456896,71.17212542
3721.05,900.2355458,782.5822755,578.305367,71.19186398
3722.05,900.4529514,782.7800306,578.4650604,71.21156698
3723.05,900.6427666,782.9729072,578.6247777,71.23126013
3724.05,900.9149446,783.1841314,578.7845195,71.25091715
3725.05,901.1088081,783.3873668,578.9442483,71.27054199
3726.05,901.3140588,783.5808635,579.103871,71.29014826
3727.05,901.59374,783.7954584,579.2634805,71.30975314
3728.05,901.8065022,783.9928563,579.4230482,71.3293575
3729.05,902.016081,784.1839292,579.5825481,71.34896549
3730.05,902.1950262,784.3689761,579.7420062,71.36855411
3731.05,902.4345182,784.5762028,579.9013503,71.38811933
3732.05,902.662635,784.7786461,580.0606001,71.40768086
3733.05,902.8936056,784.9857648,580.2198334,71.42725275
3734.05,903.1590468,785.198967,580.3790678,71.44682409
3735.05,903.4031096,785.4085264,580.5383144,71.4664006
3736.05,903.6104836,785.6150153,580.6975066,71.48598581
3737.05,903.8775837,785.8398654,580.8566478,71.50556506
3738.05,904.1987878,786.0639352,581.0157348,71.52511482
3739.05,904.4327748,786.2785037,581.1747011,71.54467629
3740.05,904.5944788,786.4751886,581.333582,71.56424415
3741.05,904.7999628,786.6863606,581.4923164,71.58382328
3742.05,905.0685836,786.9159953,581.6509521,71.60339101
3743.05,905.3479842,787.1362917,581.8095248,71.62293627
3744.05,905.5244984,787.3170702,581.9680041,71.64247843
3745.05,905.6973656,787.5248343,582.1263923,71.662013
3746.05,905.9029847,787.7207814,582.2846559,71.68153286
3747.05,906.0801191,787.9217632,582.442881,71.70104918
3748.05,906.2572558,788.118009,582.6009789,71.72058151
3749.05,906.4757531,788.3220055,582.7589396,71.74009528
3750.05,906.6572188,788.5021703,582.9168262,71.75962205
3751.05,906.8506386,788.6928001,583.0746809,71.77913152
3752.05,907.0378122,788.8736787,583.2324773,71.79859932
3753.05,907.2792742,789.0770451,583.3901844,71.81804042
3754.05,907.5153931,789.2706812,583.5479061,71.8374466
3755.05,907.7023524,789.4718928,583.7055155,71.85683327
3756.05,907.9404008,789.6737332,583.8630076,71.87621422
3757.05,908.1821879,789.8994844,584.020458,71.89558707
3758.05,908.4194588,790.1062228,584.1778658,71.91494405
3759.05,908.6059565,790.3042301,584.3352778,71.93431524
3760.05,908.8478997,790.5146414,584.4926258,71.95368165
3761.05,909.1288712,790.7410899,584.6498772,71.97304544
3762.05,909.357964,790.9416718,584.8071184,71.99240515
3763.05,909.5504037,791.1299308,584.9642897,72.01174587
3764.05,909.7774757,791.3340361,585.1213784,72.03108514
3765.05,910.0680738,791.5568768,585.2783947,72.05040213
3766.05,910.300552,791.7613399,585.4353362,72.06970317
3767.05,910.562913,791.971465,585.5922403,72.08902263
3768.05,910.8644814,792.2112829,585.7491941,72.10834874
3769.05,911.1245363,792.4290701,585.9060422,72.12763909
3770.05,911.3136025,792.6280492,586.062909,72.14692771
3771.05,911.5363385,792.8383043,586.2198285,72.16619729
3772.05,911.7401474,793.0375133,586.3768225,72.18544567
3773.05,911.8941294,793.2249799,586.5337272,72.20470341
3774.05,912.1489375,793.4368639,586.6905222,72.22397288
3775.05,912.4407819,793.6650448,586.8473287,72.24325567
3776.05,912.7186149,793.8934073,587.0041617,72.2625478
3777.05,912.9548579,794.1021899,587.1609212,72.28183336
3778.05,913.1913517,794.3171099,587.3177145,72.30114284
3779.05,913.4931065,794.5409432,587.474523,72.3204638
3780.05,913.7560613,794.7668352,587.6313155,72.33980524
3781.05,914.0080493,794.9894686,587.7881309,72.35914776
3782.05,914.1806541,795.1783321,587.9450378,72.37850489
3783.05,914.354539,795.3744029,588.1020142,72.39787669
3784.05,914.6310106,795.6024631,588.2589891,72.41723817
3785.05,914.8648765,795.7973196,588.4159295,72.4366159
3786.05,915.1031911,796.0081034,588.572993,72.45598005
3787.05,915.3264366,796.2041306,588.7300558,72.47532326
3788.05,915.5640062,796.406534,588.8871161,72.49467126
3789.05,915.7536455,796.5982874,589.0441747,72.5140087
3790.05,915.9908934,796.8183858,589.2012217,72.53334798
3791.05,916.2265095,797.0271634,589.358385,72.55269002
3792.05,916.4037021,797.2207194,589.5156323,72.57205056
3793.05,916.5955644,797.415478,589.6729383,72.59141828
3794.05,916.839446,797.6243807,589.8303312,72.61078398
3795.05,917.1481291,797.8493825,589.9877674,72.63014929
3796.05,917.3705908,798.0526411,590.1452644,72.64953513
3797.05,917.6394249,798.2806303,590.3029277,72.6689297
3798.05,917.8377339,798.4612961,590.4606397,72.68834285
3799.05,918.1053138,798.685802,590.6184446,72.70779117
3800.05,918.3630369,798.8963585,590.776299,72.72724319
3801.05,918.6028495,799.1178071,590.9342923,72.74669929
3802.05,918.8853709,799.3332881,591.0923632,72.76612989
3803.05,919.0996055,799.5308272,591.2504371,72.78553492
3804.05,919.3321336,799.7356545,591.4086952,72.80494112
3805.05,919.5044156,799.9267852,591.5670882,72.824334
3806.05,919.7331578,800.1205899,591.725612,72.8437285
3807.05,920.0065647,800.3483439,591.884239,72.86313931
3808.05,920.3005171,800.5831143,592.0430925,72.88258413
3809.05,920.4829457,800.7749213,592.2020375,72.90202663
3810.05,920.6853604,800.9810255,592.3610533,72.92146219
3811.05,920.9386396,801.1950855,592.5201019,72.94091829
3812.05,921.1533921,801.3911867,592.6792695,72.96036056
3813.05,921.4266478,801.6171491,592.838546,72.97979473
3814.05,921.6300431,801.8059593,592.9979764,72.99922729
3815.05,921.8507375,802.0114983,593.1574465,73.01868249
3816.05,922.1211652,802.225968,593.3169915,73.03815694
3817.05,922.3390409,802.4307215,593.4765941,73.05765869
3818.05,922.590549,802.6426556,593.6363089,73.0771678
3819.05,922.8619179,802.8580862,593.7961476,73.09668362
3820.05,923.1465694,803.0754747,593.9561727,73.11620557
3821.05,923.4113096,803.3039452,594.1163481,73.13575326
3822.05,923.6567521,803.5156542,594.2766783,73.15533835
3823.05,923.8877097,803.7236856,594.4371209,73.17494123
3824.05,924.1395994,803.9352638,594.5977222,73.19456596
3825.05,924.4067379,804.1559567,594.758506,73.21420886
3826.05,924.7097325,804.3737786,594.9194388,73.23386471
3827.05,924.9345002,804.5691273,595.0805066,73.25352985
3828.05,925.154744,804.7713549,595.2417377,73.2731978
3829.05,925.4303795,804.9911177,595.4031253,73.29287417
3830.05,925.723017,805.2156002,595.5645853,73.3125548
3831.05,925.9490795,805.4290669,595.7262606,73.33225435
3832.05,926.1350823,805.6197325,595.8881151,73.35199074
3833.05,926.3154324,805.8098421,596.0500943,73.37174352
3834.05,926.5731411,806.0145313,596.2121035,73.39150617
3835.05,926.8244843,806.2252534,596.3741771,73.41128006
3836.05,927.0310121,806.4297065,596.5362422,73.43107095
3837.05,927.2872173,806.6419445,596.6983823,73.45086336
3838.05,927.5545952,806.8635573,596.8605146,73.47063821
3839.05,927.7625302,807.0664786,597.0226397,73.49041809
3840.05,928.0272699,807.2778727,597.1848436,73.51019883
3841.05,928.2773645,807.4860605,597.3470883,73.52998542
3842.05,928.5047347,807.7016892,597.5094033,73.54981976
3843.05,928.7251841,807.9013259,597.6717507,73.56967944
3844.05,929.075157,808.1503613,597.8341218,73.58955718
3845.05,929.2934575,808.3508344,597.9964793,73.60944528
3846.05,929.5452587,808.5625642,598.1590069,73.62931967
3847.05,929.7294019,808.7573879,598.3216323,73.64915902
3848.05,929.9070231,808.9437183,598.4842956,73.66896885
3849.05,930.173197,809.1610961,598.6468436,73.68875763
3850.05,930.4409902,809.3786403,598.8093958,73.70852133
3851.05,930.6541301,809.5834767,598.971885,73.72826395
3852.05,930.865694,809.786803,599.1343967,73.74798018
3853.05,931.1039589,809.9918531,599.2968514,73.76769887
3854.05,931.3689744,810.2030874,599.459239,73.78738452
3855.05,931.6534092,810.425077,599.62163,73.80707595
3856.05,931.8298926,810.6156802,599.7840556,73.82677456
3857.05,931.9970092,810.783013,599.9465086,73.84648651
3858.05,932.22544,810.9870263,600.1090081,73.86618484
3859.05,932.4832625,811.1963024,600.2715179,73.88587626
3860.05,932.7475127,811.4184755,600.4339641,73.9055932
3861.05,932.9872511,811.6133856,600.5963092,73.92532065
3862.05,933.3380247,811.8503325,600.7585978,73.94503694
3863.05,933.5465139,812.0416665,600.9208431,73.96474393
3864.05,933.7209058,812.2143839,601.0831411,73.98443025
3865.05,933.9573633,812.4397541,601.2454075,74.00410732
3866.05,934.2051155,812.6507585,601.4076555,74.02377395
3867.05,934.4681977,812.8715412,601.5698944,74.04343536
3868.05,934.6604851,813.0632857,601.7320283,74.06307148
3869.05,934.9110453,813.2723862,601.8940499,74.08270916
3870.05,935.1590379,813.4818213,602.0560047,74.10232813
3871.05,935.3739183,813.6871102,602.2180063,74.12193672
3872.05,935.6265701,813.9089575,602.3800047,74.14154312
3873.05,935.9292559,814.136242,602.5419756,74.16114636
3874.05,936.1679085,814.3488186,602.7039962,74.18075213
3875.05,936.4348257,814.5632238,602.8659724,74.20035898
3876.05,936.6950382,814.781497,603.0280279,74.21996841
3877.05,937.0035418,815.0039119,603.1901593,74.23955269
3878.05,937.2896063,815.2241124,603.3523411,74.25912387
3879.05,937.5500751,815.4442149,603.5143374,74.27869182
3880.05,937.7702837,815.6449294,603.6762139,74.29825903
3881.05,938.0784965,815.8717448,603.8380235,74.31782016
3882.05,938.2875496,816.0744372,603.9997631,74.33736904
3883.05,938.5120425,816.2852009,604.1613813,74.3569384
3884.05,938.7451662,816.4874658,604.3228878,74.37652962
3885.05,938.9781856,816.6989805,604.4842566,74.39611465
3886.05,939.2320388,816.9126462,604.6455158,74.41570915
3887.05,939.4933964,817.1293357,604.8067522,74.43531546
3888.05,939.7047185,817.3224256,604.9678732,74.45493213
3889.05,939.9540597,817.5369767,605.128896,74.47454865
3890.05,940.2096959,817.7526225,605.2899191,74.4941726
3891.05,940.3707007,817.9339959,605.4509281,74.51376472
3892.05,940.6184709,818.1467333,605.6118265,74.5333651
3893.05,940.9206197,818.3875459,605.7726536,74.55294835
3894.05,941.1706448,818.6005556,605.9333823,74.57252232
3895.05,941.3226758,818.7975579,606.0940325,74.59212006
3896.05,941.5812231,819.0054278,606.2546901,74.61171421
3897.05,941.7949913,819.2083621,606.4153744,74.63129624
3898.05,941.9950498,819.401775,606.5759305,74.65085857
3899.05,942.2371168,819.6007563,606.7364597,74.67042638
3900.05,942.4588733,819.8132618,606.8969919,74.68999242
3901.05,942.7289836,820.0371672,607.057463,74.70958928
3902.05,942.9866476,820.2527363,607.2178854,74.72918241
3903.05,943.230272,820.4619044,607.3782352,74.74877997
3904.05,943.4702616,820.673738,607.5385302,74.76840803
3905.05,943.7385269,820.8897335,607.6987795,74.78805803
3906.05,943.9897994,821.1040984,607.8590194,74.80769543
3907.05,944.2034241,821.3083339,608.0194136,74.82733694
3908.05,944.455943,821.5163302,608.1798042,74.84696372
3909.05,944.5644609,821.6899659,608.3400966,74.86656997
3910.05,944.7871588,821.8948306,608.5003101,74.88617516
3911.05,944.9853577,822.0912502,608.6605051,74.90576048
3912.05,945.2349303,822.3066149,608.8206536,74.92533072
3913.05,945.4402165,822.5067647,608.9807946,74.94489013
3914.05,945.6936495,822.7228808,609.1408336,74.96445292
3915.05,945.9674443,822.9484572,609.3007669,74.98400497
3916.05,946.2222529,823.1677276,609.4606697,75.00353948
3917.05,946.4058776,823.3622278,609.6205037,75.02304017
3918.05,946.6668403,823.5826517,609.7802427,75.04253985
3919.05,946.8326027,823.7735232,609.9398137,75.06203259
3920.05,947.0511751,823.9769366,610.0992462,75.08153112
3921.05,947.2881133,824.1838003,610.2585811,75.10102121
3922.05,947.5770482,824.4179313,610.4178265,75.12050356
3923.05,947.7991423,824.6220863,610.5770129,75.13999329
3924.05,948.0242636,824.8247819,610.736088,75.15947273
3925.05,948.2659248,825.0424853,610.8950342,75.17892126
3926.05,948.6175951,825.2883911,611.0539579,75.19835963
3927.05,948.8440643,825.494935,611.2128776,75.21782417
3928.05,949.1256586,825.7236577,611.3717844,75.2372855
3929.05,949.4053941,825.9383315,611.5306475,75.25671684
3930.05,949.685487,826.176725,611.6894555,75.27616783
3931.05,949.9117478,826.3811456,611.8481594,75.29560805
3932.05,950.1331835,826.5947849,612.0067169,75.31500551
3933.05,950.315796,826.7787743,612.1651462,75.33440238
3934.05,950.5726235,827.0053238,612.3235041,75.35380915
3935.05,950.8149495,827.2150801,612.4818311,75.37323171
3936.05,951.0982563,827.4412663,612.6401979,75.39264426
3937.05,951.3873309,827.6672607,612.7984213,75.41207061
3938.05,951.6465721,827.8791578,612.9565713,75.43150093
3939.05,951.9105157,828.1024591,613.1145448,75.45093731
3940.05,952.1306049,828.3047556,613.2724214,75.47041608
3941.05,952.4654007,828.5342666,613.4302865,75.4898706
3942.05,952.5985221,828.709241,613.5881225,75.50932305
3943.05,952.849031,828.933036,613.745857,75.52874632
3944.05,953.1046174,829.1575523,613.9035879,75.54817068
3945.05,953.3331034,829.3727661,614.0613553,75.56761025
3946.05,953.5293822,829.5742871,614.2190465,75.587077
3947.05,953.7063603,829.7729279,614.3767793,75.6065625
3948.05,953.9008122,829.9698367,614.5344871,75.62605662
3949.05,954.1842445,830.1983859,614.6921732,75.64555017
3950.05,954.3888658,830.4079783,614.8497785,75.66504531
3951.05,954.608232,830.603029,615.0073462,75.68453707
3952.05,954.8455336,830.8080648,615.1648878,75.70401824
3953.05,955.0888884,831.0230344,615.3223399,75.72347353
3954.05,955.2973767,831.2210034,615.4798573,75.74292224
3955.05,955.5630561,831.4494222,615.6374108,75.76239432
3956.05,955.768878,831.6417688,615.7949049,75.78183278
3957.05,956.0529249,831.8748528,615.9523833,75.80126759
3958.05,956.2416133,832.0727028,616.1098451,75.82070611
3959.05,956.5269714,832.2849161,616.2673542,75.84012359
3960.05,956.7199779,832.4724099,616.4248574,75.85954602
3961.05,957.0053433,832.6921006,616.582285,75.87896034
3962.05,957.224763,832.8865121,616.739619,75.89834104
3963.05,957.4641816,833.1165109,616.8969171,75.91771799
3964.05,957.7762434,833.3510706,617.054247,75.93711424
3965.05,957.9852825,833.5585125,617.211624,75.95652447
3966.05,958.2934212,833.7894026,617.3689745,75.97595313
3967.05,958.4667599,833.9816391,617.5263129,75.99537754
3968.05,958.6745329,834.1886799,617.6837148,76.01478696
3969.05,958.857644,834.3831005,617.8409647,76.03419761
3970.05,959.0807322,834.5848658,617.9981273,76.05360045
3971.05,959.3029923,834.7829094,618.1553162,76.07305227
3972.05,959.5348104,834.9877034,618.3125547,76.09253368
3973.05,959.8507125,835.219149,618.4697971,76.11199534
3974.05,960.0775898,835.4316017,618.6269644,76.13140555
3975.05,960.2834292,835.6320507,618.7841164,76.15082397
3976.05,960.4760492,835.8291176,618.9413512,76.17026847
3977.05,960.7153993,836.0347887,619.0986761,76.18973681
3978.05,960.8695929,836.2111218,619.2559601,76.20919303
3979.05,961.1777699,836.4305917,619.4133209,76.22865135
3980.05,961.4495829,836.6459237,619.5708093,76.24811746
3981.05,961.6626944,836.850437,619.7284547,76.26757575
3982.05,961.9231864,837.0589373,619.8861545,76.28705162
3983.05,962.2148673,837.292625,620.0438549,76.30652516
3984.05,962.5119892,837.506379,620.2015401,76.3260058
3985.05,962.7848277,837.719341,620.359259,76.34548886
3986.05,963.0578071,837.9319276,620.5169499,76.36496927
3987.05,963.3084499,838.1401855,620.674681,76.38445039
3988.05,963.4873413,838.3249659,620.832365,76.40392893
3989.05,963.7396828,838.5489371,620.989979,76.42338612
3990.05,963.97944,838.7595785,621.1475272,76.44283069
3991.05,964.2967141,838.9945123,621.3050904,76.46224875
3992.05,964.5723518,839.2193762,621.4626327,76.4816759
3993.05,964.8619135,839.4482087,621.6200421,76.50111758
3994.05,965.0714788,839.6475762,621.7773386,76.52056028
3995.05,965.2444193,839.8458765,621.9346117,76.54000533
3996.05,965.5008955,840.0541196,622.0919948,76.55945005
3997.05,965.7974721,840.2783925,622.2493533,76.57890283
3998.05,965.9948084,840.4768104,622.4066772,76.59837303
3999.05,966.2623397,840.6994755,622.5639663,76.61783617
4000.05,966.5198871,840.9055235,622.7212461,76.63731182
4001.05,966.794308,841.1231369,622.8785862,76.65681928
4002.05,967.0985937,841.3458867,623.0359347,76.67631631
4003.05,967.4076858,841.5726716,623.193228,76.69578555
4004.05,967.6505544,841.7757212,623.350491,76.71522751
4005.05,967.8885795,841.986774,623.5078633,76.73465924
4006.05,968.1523997,842.2016871,623.6652645,76.7540766
4007.05,968.4685255,842.432442,623.8227282,76.77347516
4008.05,968.6872644,842.6284943,623.9801402,76.79287266
4009.05,968.9456864,842.8412731,624.1375294,76.8122865
4010.05,969.1840771,843.0502573,624.2948983,76.83172156
4011.05,969.4161122,843.2480577,624.4522508,76.85118593
4012.05,969.6444655,843.4493701,624.6095081,76.87063678
4013.05,969.8820951,843.6620017,624.7667907,76.89007448
4014.05,970.1231099,843.8799487,624.9241086,76.90953682
4015.05,970.3659036,844.088221,625.0814532,76.92902962
4016.05,970.6220372,844.3038563,625.2388919,76.94854458
4017.05,970.8697411,844.5227758,625.3964022,76.96806595
4018.05,971.103737,844.7350768,625.5539507,76.98759152
4019.05,971.3376315,844.940164,625.7115329,77.00710494
4020.05,971.5752098,845.1523606,625.8690797,77.02661661
4021.05,971.8015048,845.3649188,626.0266717,77.04613399
4022.05,972.0734517,845.5820216,626.1843418,77.06562246
4023.05,972.2956554,845.7694637,626.3421268,77.08509615
4024.05,972.5821094,845.9997006,626.5000191,77.10455986
4025.05,972.8458441,846.2224368,626.6579976,77.12403525
4026.05,973.1481629,846.4550552,626.8161118,77.14355211
4027.05,973.4041514,846.6634793,626.9743239,77.16307452
4028.05,973.6328422,846.8714386,627.132539,77.18258793
4029.05,973.8735607,847.0741019,627.2908423,77.20212482
4030.05,974.1360523,847.2938475,627.4491031,77.22165045
4031.05,974.3860016,847.5134358,627.6073455,77.24118333
4032.05,974.6313092,847.7362782,627.7656014,77.2606992
4033.05,974.9460324,847.9706691,627.9239014,77.28022287
4034.05,975.1519701,848.1798649,628.0822078,77.29972698
4035.05,975.3430692,848.3795087,628.2405074,77.31922694
4036.05,975.5912247,848.5910553,628.3988701,77.33873122
4037.05,975.7834467,848.7935714,628.5573591,77.35821499
4038.05,976.0715408,849.0114841,628.7159402,77.37771363
4039.05,976.2981895,849.2228686,628.8745434,77.39722494
4040.05,976.5824035,849.4306267,629.0331434,77.41676285
4041.05,976.8119589,849.6350714,629.1918015,77.43631399
4042.05,977.0954381,849.8734247,629.3505845,77.45586518
4043.05,977.2893115,850.0672439,629.5093469,77.47542188
4044.05,977.5357002,850.2750476,629.668136,77.49495926
4045.05,977.7557281,850.4888915,629.8269681,77.51448105
4046.05,977.967273,850.6816669,629.9857708,77.53399312
4047.05,978.24794,850.9054902,630.1445538,77.55352014
4048.05,978.4543003,851.0984029,630.3033199,77.57303393
4049.05,978.7554775,851.3334346,630.4621353,77.59254436
4050.05,979.0136492,851.5489062,630.6209932,77.61205991
4051.05,979.2148531,851.7539678,630.7798222,77.63157149
4052.05,979.461072,851.9675103,630.9386358,77.6511023
4053.05,979.6657228,852.1570154,631.0974277,77.67064393
4054.05,979.8787779,852.3577635,631.2562554,77.69019481
4055.05,980.0705818,852.5479561,631.4151381,77.70975566
4056.05,980.2471035,852.7292563,631.5739811,77.72929447
4057.05,980.5069547,852.9486292,631.7327603,77.74883514
4058.05,980.7571098,853.1672109,631.8915575,77.76839767
4059.05,980.974086,853.3740965,632.0504607,77.78795923
4060.05,981.1556676,853.560581,632.2093936,77.80751363
4061.05,981.4058994,853.7791359,632.3683572,77.82705524
4062.05,981.6877058,853.9901761,632.5272807,77.8466194
4063.05,981.9167096,854.199308,632.6860956,77.86616705
4064.05,982.2017289,854.4333569,632.8448596,77.88570403
4065.05,982.4364558,854.6373566,633.0035474,77.90524378
4066.05,982.6978782,854.8487337,633.1622057,77.92476993
4067.05,982.9345191,855.0639791,633.3209023,77.94426898
4068.05,983.1826272,855.2886905,633.4796942,77.96377447
4069.05,983.3192005,855.4640249,633.6384354,77.98327202
4070.05,983.5463288,855.6757566,633.7970714,78.00275487
4071.05,983.8076259,855.8878592,633.9556158,78.02224629
4072.05,984.0564459,856.0974415,634.1141748,78.04173943
4073.05,984.2268533,856.2740539,634.2727598,78.06122782
4074.05,984.3751497,856.4403438,634.431323,78.08070925
4075.05,984.5897316,856.6429948,634.589947,78.10016194
4076.05,984.9055822,856.8791101,634.748496,78.11960199
4077.05,985.1495126,857.0935013,634.9070224,78.13902844
4078.05,985.4080786,857.3045577,635.0655234,78.15846602
4079.05,985.5884662,857.5070732,635.2239688,78.17790846
4080.05,985.8321557,857.7026651,635.3823997,78.19736313
4081.05,986.1685663,857.9422262,635.5408001,78.21680408
4082.05,986.4843062,858.1703576,635.6991231,78.23625732
4083.05,986.7934367,858.4046534,635.857453,78.25570468
4084.05,987.024704,858.6151248,636.015774,78.27514119
4085.05,987.2200597,858.8051711,636.1741062,78.29456606
4086.05,987.5168967,859.0251075,636.3325264,78.31397835
4087.05,987.7793353,859.2332428,636.4909715,78.33337918
4088.05,987.9868143,859.4363174,636.649407,78.35277673
4089.05,988.3133519,859.6672658,636.8078,78.3721633
4090.05,988.4743862,859.8457758,636.9662035,78.39154859
4091.05,988.7129254,860.0618076,637.124562,78.41092485
4092.05,988.9714471,860.2766624,637.2829262,78.43030723
4093.05,989.2471854,860.4895676,637.4411976,78.44969325
4094.05,989.5112117,860.7106029,637.5994445,78.4690663
4095.05,989.6897538,860.9128605,637.7576262,78.48842811
4096.05,989.920346,861.1197375,637.9156984,78.50777901
4097.05,990.1206089,861.3127622,638.0736823,78.52711534
4098.05,990.3577214,861.5351389,638.2316173,78.54643726
4099.05,990.6054676,861.7493044,638.3895173,78.5657708
4100.05,990.910117,861.9886526,638.5473463,78.58508613
4101.05,991.1329902,862.1932423,638.7051931,78.60437168
4102.05,991.4138395,862.4116677,638.8629739,78.62362457
4103.05,991.5908812,862.6064469,639.0207372,78.64288221
4104.05,991.854077,862.8121222,639.1784569,78.66216021
4105.05,992.0768423,863.0131087,639.3361735,78.68145758
4106.05,992.2978572,863.2182563,639.4938309,78.7007774
4107.05,992.4792617,863.4134501,639.651316,78.7201222
4108.05,992.7038758,863.6254675,639.8087282,78.73947595
4109.05,992.9841668,863.8266356,639.9661477,78.75879681
4110.05,993.1901525,864.0126688,640.1236461,78.77810893
4111.05,993.4849989,864.2313922,640.2811629,78.7974327
4112.05,993.6742102,864.4306511,640.4385448,78.8167809
4113.05,993.9278249,864.6463051,640.595786,78.83612293
4114.05,994.1610237,864.8519941,640.7530326,78.85548572
4115.05,994.3308022,865.0395478,640.9103035,78.8748782
4116.05,994.6253896,865.2638774,641.0674892,78.89428543
4117.05,994.8542344,865.4740999,641.2245759,78.91372583
4118.05,995.1481709,865.7001855,641.3816719,78.9331873
4119.05,995.3897437,865.9153942,641.5387259,78.95266076
4120.05,995.5838778,866.0983986,641.6957436,78.97215501
4121.05,995.8217416,866.3140205,641.852782,78.99162643
4122.05,996.0596844,866.5182014,642.0098723,79.01107811
4123.05,996.3272127,866.7385581,642.1669837,79.03053478
4124.05,996.6584149,866.9725972,642.324094,79.04996808
4125.05,996.8663794,867.1753346,642.4813202,79.06939098
4126.05,997.1282955,867.3818349,642.6385658,79.08882683
4127.05,997.2503259,867.5544793,642.7958038,79.10827875
4128.05,997.5378232,867.7776065,642.9530221,79.12772015
4129.05,997.8945291,868.0279229,643.110183,79.14715274
4130.05,998.1385497,868.2411589,643.2673446,79.16658254
4131.05,998.3793523,868.4571953,643.4245053,79.18602556
4132.05,998.6472112,868.6762358,643.5816561,79.20547794
4133.05,998.8455715,868.8697512,643.7386997,79.22492087
4134.05,999.0754758,869.0714653,643.8957767,79.24436628
4135.05,999.3020812,869.2857183,644.0529378,79.26383896
4136.05,999.5861689,869.5052728,644.2101423,79.28330404
4137.05,999.8823672,869.7346978,644.3673154,79.30272404
4138.05,1000.170406,869.9615974,644.5245246,79.32208569
4139.05,1000.367502,870.151337,644.6816651,79.34143979
4140.05,1000.553719,870.342495,644.8387565,79.36081102
4141.05,1000.842074,870.5525373,644.9958,79.38018805
4142.05,1001.24238,870.8172028,645.1528549,79.39955891
4143.05,1001.461083,871.0244507,645.3098409,79.41894057
4144.05,1001.723877,871.241259,645.4668207,79.438315
4145.05,1001.942555,871.4382036,645.6237496,79.45767934
4146.05,1002.199392,871.6498423,645.7806546,79.47702545
4147.05,1002.469658,871.862094,645.9375651,79.49637732
4148.05,1002.71091,872.077558,646.0945545,79.51571709
4149.05,1002.981186,872.2892307,646.2516369,79.53505967
4150.05,1003.121569,872.4827236,646.4086859,79.55442411
4151.05,1003.392387,872.7037956,646.5657634,79.57380231
4152.05,1003.606101,872.909093,646.7229498,79.59314447
4153.05,1003.864724,873.1293131,646.8802142,79.61246953
4154.05,1004.182476,873.3632036,647.0375417,79.63180851
4155.05,1004.479534,873.5880213,647.1949583,79.65115514
4156.05,1004.742854,873.8036688,647.3524808,79.67051019
4157.05,1005.047255,874.0360393,647.5100174,79.68989092
4158.05,1005.287111,874.2501,647.6675794,79.70927326
4159.05,1005.54271,874.4612625,647.8252223,79.72863476
4160.05,1005.773642,874.6641001,647.9828875,79.74800958
4161.05,1005.990905,874.8630479,648.1406538,79.76739144
4162.05,1006.265407,875.0780932,648.2984886,79.78676447
4163.05,1006.484759,875.2828236,648.456402,79.80613511
4164.05,1006.692843,875.4788111,648.6144138,79.82549956
4165.05,1007.012785,875.7110673,648.7724832,79.84488441
4166.05,1007.239427,875.9304918,648.9305702,79.86428448
4167.05,1007.480851,876.1449593,649.0886638,79.88367752
4168.05,1007.742069,876.3650489,649.2467893,79.90306622
4169.05,1007.923262,876.5611725,649.4048771,79.92248142
4170.05,1008.157839,876.7512257,649.5630309,79.94189988
4171.05,1008.382823,876.9479923,649.7213557,79.96130696
4172.05,1008.5709,877.1384969,649.8797907,79.98076294
4173.05,1008.772978,877.3430629,650.0382047,80.00026494
4174.05,1009.032912,877.5473841,650.1966511,80.01974123
4175.05,1009.270917,877.7615644,650.3551398,80.0392121
4176.05,1009.522065,877.9821293,650.5136701,80.05870173
4177.05,1009.712785,878.1751817,650.6721969,80.07821361
4178.05,1009.944716,878.38145,650.8307465,80.09772152
4179.05,1010.25165,878.6211771,650.9894002,80.11724951
4180.05,1010.497519,878.8216441,651.1480985,80.1367741
4181.05,1010.679316,879.0216816,651.306898,80.15629337
4182.05,1010.975914,879.2472124,651.4657811,80.17582955
4183.05,1011.250594,879.4722337,651.6246796,80.19539885
4184.05,1011.454581,879.6758394,651.7836083,80.21498718
4185.05,1011.721657,879.8863249,651.9425964,80.23458774
4186.05,1011.985025,880.0980657,652.1016979,80.25419128
4187.05,1012.190513,880.2906337,652.2608343,80.27378555
4188.05,1012.342087,880.4666398,652.4199998,80.29340978
4189.05,1012.591506,880.6685738,652.5792575,80.31304806
4190.05,1012.791152,880.8658197,652.7384964,80.33268111
4191.05,1013.04405,881.0560942,652.8977921,80.35228959
4192.05,1013.315047,881.2754912,653.0571882,80.37188107
4193.05,1013.520942,881.4706119,653.2166597,80.3914723
4194.05,1013.697456,881.6577995,653.3762424,80.41105337
4195.05,1013.92779,881.8570362,653.5359939,80.43066117
4196.05,1014.1566,882.0600233,653.6957989,80.45028766
4197.05,1014.400734,882.2641159,653.8555465,80.46991012
4198.05,1014.644176,882.4824869,654.0153578,80.48952503
4199.05,1014.881431,882.6921582,654.1753213,80.50915319
4200.05,1015.112813,882.9091293,654.3352555,80.52876366
4201.05,1015.342699,883.1213081,654.4951554,80.54841052
4202.05,1015.620446,883.3427924,654.6551302,80.56805792
4203.05,1015.81156,883.5313389,654.8151604,80.58769951
4204.05,1016.068943,883.7400473,654.9752631,80.60732076
4205.05,1016.388624,883.9744519,655.1354683,80.62693331
4206.05,1016.666017,884.1917684,655.2957819,80.64654258
4207.05,1016.919832,884.4104461,655.4562069,80.66615342
4208.05,1017.173885,884.6285542,655.6166187,80.68578104
4209.05,1017.366614,884.829278,655.776965,80.70542111
4210.05,1017.568996,885.0227957,655.9373869,80.72507568
4211.05,1017.826538,885.2308293,656.0978191,80.74474006
4212.05,1017.997072,885.4140726,656.2583364,80.76440391
4213.05,1018.218786,885.6215644,656.418816,80.7840601
4214.05,1018.449382,885.837241,656.579369,80.80372837
4215.05,1018.641194,886.0422402,656.7399359,80.82339426
4216.05,1018.824379,886.2339843,656.900508,80.84304502
4217.05,1019.020235,886.4312768,657.0609987,80.86270728
4218.05,1019.288667,886.6509869,657.2214058,80.8823334
4219.05,1019.519992,886.8519894,657.3817228,80.90193595
4220.05,1019.7377,887.0493923,657.5419122,80.92151931
4221.05,1019.970138,887.2487207,657.701988,80.94106322
4222.05,1020.159977,887.4433822,657.8619527,80.96058837
4223.05,1020.394335,887.6490833,658.0217812,80.98009519
4224.05,1020.651977,887.8665839,658.1814202,80.99956681
4225.05,1020.911593,888.0703236,658.3409713,81.01903783
4226.05,1021.123491,888.2719466,658.5004362,81.03852313
4227.05,1021.378376,888.4875032,658.6597745,81.05799822
4228.05,1021.601443,888.7065225,658.8190229,81.07747818
4229.05,1021.734768,888.8789828,658.9781809,81.0969337
4230.05,1021.988237,889.086163,659.1372781,81.11638503
4231.05,1022.208016,889.3040778,659.2964056,81.13580025
4232.05,1022.432675,889.5061025,659.4555504,81.15518358
4233.05,1022.713848,889.7224504,659.6147193,81.17456321
4234.05,1022.934616,889.9194064,659.7738401,81.19394534
4235.05,1023.220179,890.1291942,659.9329213,81.21331476
4236.05,1023.523674,890.3608375,660.0920753,81.23268817
4237.05,1023.803884,890.5755219,660.2512165,81.25203539
4238.05,1024.026823,890.7840982,660.4103379,81.271358
4239.05,1024.276191,890.9927248,660.5695011,81.29065987
4240.05,1024.567541,891.2059358,660.7286381,81.30995982
4241.05,1024.73733,891.389546,660.8877783,81.32924568
4242.05,1025.058797,891.62175,661.0468791,81.34853169
4243.05,1025.248451,891.8153893,661.2059477,81.36783247
4244.05,1025.469003,892.0284151,661.3649227,81.3871405
4245.05,1025.70063,892.2335281,661.5238807,81.40645325
4246.05,1025.951339,892.4486317,661.6828166,81.42578055
4247.05,1026.124105,892.6317875,661.8417276,81.44509769
4248.05,1026.390186,892.8381807,662.0006303,81.46443084
4249.05,1026.607345,893.0381277,662.1594011,81.48376997
4250.05,1026.816349,893.2346371,662.31813,81.50311633
4251.05,1027.094448,893.4518825,662.4769015,81.5224482
4252.05,1027.334455,893.657731,662.6357025,81.5417949
4253.05,1027.545777,893.8569257,662.7945196,81.56112989
4254.05,1027.784654,894.0666441,662.9533382,81.5804874
4255.05,1027.985098,894.2589357,663.1120941,81.59982497
4256.05,1028.268673,894.4784884,663.2708828,81.61912874
4257.05,1028.508655,894.6843507,663.4296355,81.63844762
4258.05,1028.718102,894.8741587,663.5883334,81.65776339
4259.05,1029.02947,895.106329,663.7471073,81.67708436
4260.05,1029.261789,895.3057387,663.9059689,81.69640276
4261.05,1029.467789,895.498284,664.0647618,81.71571977
4262.05,1029.654766,895.6871787,664.2235974,81.73503864
4263.05,1029.943619,895.9068461,664.3826001,81.75435377
4264.05,1030.23867,896.1359309,664.5417123,81.77368692
4265.05,1030.416132,896.3309068,664.7008808,81.79303824
4266.05,1030.676464,896.5485063,664.8601198,81.81239364
4267.05,1030.922178,896.769943,665.019374,81.83173503
4268.05,1031.169055,896.9842903,665.1787305,81.8510917
4269.05,1031.457881,897.2026035,665.3381543,81.87045271
4270.05,1031.691232,897.4105777,665.4976705,81.88981403
4271.05,1031.890991,897.6216296,665.6572846,81.90917522
4272.05,1032.052216,897.7999417,665.8169329,81.92853665
4273.05,1032.324084,898.0177424,665.9765746,81.94787493
4274.05,1032.572313,898.2340345,666.1361902,81.96723584
4275.05,1032.808817,898.4452223,666.2958212,81.98662979
4276.05,1033.11424,898.6810096,666.4554696,82.00605598
4277.05,1033.335158,898.8761637,666.6151169,82.02552248
4278.05,1033.581277,899.0930015,666.7747387,82.0449827
4279.05,1033.854093,899.3033914,666.9343079,82.06442793
4280.05,1034.081583,899.5273929,667.0937847,82.08389778
4281.05,1034.348612,899.7434377,667.2532162,82.10335689
4282.05,1034.632179,899.9703506,667.4126271,82.12285522
4283.05,1034.815865,900.1708925,667.5720418,82.14236589
4284.05,1035.063946,900.3748485,667.7312719,82.16189658
4285.05,1035.333003,900.583583,667.8904299,82.18141551
4286.05,1035.583214,900.8120154,668.0494879,82.20091488
4287.05,1035.812966,901.0282112,668.2085679,82.22042966
4288.05,1036.070118,901.2402912,668.3676307,82.23993521
4289.05,1036.29263,901.4339727,668.5266066,82.25943122
4290.05,1036.509117,901.6362134,668.6855069,82.27892242
4291.05,1036.847762,901.8755965,668.8443571,82.29839787
4292.05,1036.987137,902.041571,669.0031487,82.31785282
4293.05,1037.240699,902.2624701,669.161923,82.33728311
4294.05,1037.451976,902.4569089,669.3206201,82.35669873
4295.05,1037.70719,902.6694707,669.4791885,82.37611112
4296.05,1037.967184,902.8913383,669.6377822,82.39553716
4297.05,1038.200807,903.1032825,669.7962628,82.41494495
4298.05,1038.461931,903.3128003,669.9546437,82.43436028
4299.05,1038.683058,903.5135717,670.1129409,82.45375684
4300.05,1038.885301,903.7237273,670.2713074,82.47315991
4301.05,1039.079158,903.9202196,670.4294941,82.49258439
4302.05,1039.338571,904.1259705,670.5875738,82.51198479
4303.05,1039.549885,904.3261369,670.7456373,82.5313476
4304.05,1039.815331,904.5472593,670.9036451,82.55071069
4305.05,1040.073771,904.7552395,671.0615265,82.57005898
4306.05,1040.312086,904.9637245,671.2194538,82.58936362
4307.05,1040.566217,905.1843178,671.3773046,82.60865061
4308.05,1040.835463,905.3925494,671.5350928,82.62789108
4309.05,1041.129548,905.622479,671.6928521,82.64712108
4310.05,1041.368319,905.8281495,671.8506603,82.66638402
4311.05,1041.59086,906.0344877,672.0084364,82.68565667
4312.05,1041.764016,906.217957,672.1662295,82.70490333
4313.05,1041.97355,906.4197446,672.3239816,82.72416505
4314.05,1042.188082,906.616419,672.4817136,82.74347265
4315.05,1042.388088,906.8170218,672.6394577,82.76279643
4316.05,1042.650929,907.0161507,672.797172,82.78210452
4317.05,1042.980944,907.2636002,672.9548602,82.80141617
4318.05,1043.213522,907.4656147,673.11248,82.82072609
4319.05,1043.428221,907.6543123,673.270109,82.84002065
4320.05,1043.626244,907.8488984,673.4278386,82.85933457
4321.05,1043.868311,908.0600943,673.5855344,82.87866527
4322.05,1044.201626,908.2914391,673.7432,82.89799823
4323.05,1044.430154,908.4915133,673.9008761,82.91735527
4324.05,1044.740305,908.7230332,674.0586869,82.93673142
4325.05,1044.95376,908.9181726,674.216671,82.95614383
4326.05,1045.166199,909.0995682,674.374831,82.97553749
4327.05,1045.385606,909.30634,674.5330667,82.99492814
4328.05,1045.591943,909.5050686,674.6913863,83.01433635
4329.05,1045.823152,909.7110005,674.8497916,83.03375782
4330.05,1046.06767,909.9248606,675.0082045,83.05318439
4331.05,1046.287828,910.1336072,675.1667029,83.07264349
4332.05,1046.463835,910.3241886,675.3252836,83.09211837
4333.05,1046.735394,910.5367448,675.4840227,83.1116076
4334.05,1046.97172,910.7455125,675.6429108,83.13113563
4335.05,1047.162665,910.9280794,675.8019074,83.15067888
4336.05,1047.424966,911.1423367,675.9610715,83.17022016
4337.05,1047.755412,911.3764404,676.1203203,83.18977832
4338.05,1047.962291,911.5717633,676.2796521,83.2093262
4339.05,1048.212313,911.7746891,676.4391572,83.22888923
4340.05,1048.482889,911.9975953,676.5988597,83.24848306
4341.05,1048.719473,912.2160457,676.7585929,83.26811891
4342.05,1048.939098,912.4291737,676.9183189,83.28779209
4343.05,1049.166398,912.6421782,677.0781471,83.30744921
4344.05,1049.450182,912.8691378,677.2380896,83.32713192
4345.05,1049.679768,913.0707015,677.3979945,83.34684063
4346.05,1049.887285,913.2750228,677.5579649,83.36652825
4347.05,1050.12034,913.4852605,677.7179783,83.3861951
4348.05,1050.362818,913.701247,677.8779264,83.40585595
4349.05,1050.597865,913.9094465,678.0379556,83.42549607
4350.05,1050.865806,914.1233787,678.1980876,83.44513532
4351.05,1051.087617,914.3286362,678.358251,83.46478314
4352.05,1051.37843,914.5613402,678.518358,83.48445209
4353.05,1051.599856,914.7678357,678.678414,83.50415493
4354.05,1051.740664,914.941595,678.8384406,83.52384283
4355.05,1051.954757,915.1465697,678.9984206,83.5435358
4356.05,1052.149841,915.3296711,679.1583683,83.56323839
4357.05,1052.466043,915.5624061,679.318188,83.58297703
4358.05,1052.709198,915.7632169,679.4779778,83.60270538
4359.05,1052.983792,915.9835666,679.637771,83.62246195
4360.05,1053.230363,916.1926916,679.7976198,83.64221051
4361.05,1053.483988,916.4063498,679.9574322,83.66195504
4362.05,1053.737342,916.623586,680.1172648,83.68171458
4363.05,1053.954529,916.830201,680.2770302,83.70151935
4364.05,1054.166466,917.041211,680.4367254,83.72133
4365.05,1054.502702,917.2899612,680.5964215,83.74111496
4366.05,1054.747324,917.4878884,680.7561345,83.76089893
4367.05,1054.922612,917.6794243,680.9158636,83.78068101
4368.05,1055.199255,917.9000117,681.0755626,83.80043147
4369.05,1055.491385,918.1236882,681.2352497,83.82017199
4370.05,1055.737291,918.3349471,681.3948414,83.83993974
4371.05,1055.983982,918.5374302,681.5543446,83.85972287
4372.05,1056.298219,918.7630862,681.7138735,83.87947068
4373.05,1056.508713,918.9597574,681.8734588,83.899197
4374.05,1056.69629,919.1472048,682.0329961,83.91890786
4375.05,1056.961624,919.361509,682.192446,83.93860298
4376.05,1057.140925,919.5504826,682.3519117,83.95828728
4377.05,1057.374482,919.7595697,682.5113331,83.97797876
4378.05,1057.634414,919.9718377,682.67079,83.99762119
4379.05,1057.896233,920.1905111,682.8302606,84.01725061
4380.05,1058.145379,920.3968259,682.9896387,84.03685095
4381.05,1058.46445,920.6257763,683.1489452,84.05645043
4382.05,1058.7387,920.834219,683.3081812,84.0760548
4383.05,1058.942035,921.0285059,683.4673537,84.09563291
4384.05,1059.1887,921.235584,683.6265145,84.11521924
4385.05,1059.365379,921.4248917,683.7856416,84.1347996
4386.05,1059.588395,921.6204077,683.9447609,84.15437268
4387.05,1059.798753,921.8162488,684.1038253,84.17393817
4388.05,1060.066863,922.0364832,684.2629113,84.19352008
4389.05,1060.286976,922.2305452,684.4219762,84.21308851
4390.05,1060.486171,922.4157587,684.581009,84.23261586
4391.05,1060.77225,922.6407156,684.7399527,84.25213055
4392.05,1061.011219,922.8410925,684.8989711,84.2716457
4393.05,1061.243734,923.0328411,685.0579924,84.29114736
4394.05,1061.461658,923.239164,685.2169287,84.31064272
4395.05,1061.695858,923.4650222,685.3758763,84.330163
4396.05,1061.891081,923.6627554,685.5347807,84.34969388
4397.05,1062.192397,923.8911543,685.6935801,84.36924548
4398.05,1062.455807,924.1067097,685.8523231,84.38878918
4399.05,1062.663603,924.2995544,686.0110135,84.40833456
4400.05,1062.893876,924.5062788,686.1697042,84.42787645
4401.05,1063.159792,924.7311337,686.3283908,84.44741191
4402.05,1063.351552,924.9222431,686.487014,84.46696226
4403.05,1063.605278,925.1359132,686.6456164,84.48649824
4404.05,1063.873091,925.3455408,686.8040763,84.50597988
4405.05,1064.105433,925.5531957,686.9624395,84.52542749
4406.05,1064.314375,925.7503984,687.1206946,84.54486092
4407.05,1064.561873,925.9588957,687.2789105,84.56427041
4408.05,1064.78614,926.1619174,687.4371216,84.58366555
4409.05,1064.99733,926.362836,687.5952835,84.60306713
4410.05,1065.27807,926.5829776,687.7533959,84.62250416
4411.05,1065.539777,926.7896862,687.9114483,84.64194338
4412.05,1065.843328,927.0199784,688.0694621,84.66135514
4413.05,1066.024626,927.2105168,688.2275435,84.68075149
4414.05,1066.245155,927.4154351,688.3856594,84.7001654
4415.05,1066.418897,927.5968539,688.5437764,84.71956975
4416.05,1066.697926,927.8196293,688.7018606,84.73898178
4417.05,1066.884738,928.0223668,688.8599833,84.75840387
4418.05,1067.099945,928.2230349,689.0180946,84.77782023
4419.05,1067.357306,928.4342977,689.1762894,84.79723932
4420.05,1067.622052,928.6618795,689.33467,84.81670677
4421.05,1067.903837,928.879135,689.493168,84.83618391
4422.05,1068.219712,929.1134234,689.6517967,84.85566972
4423.05,1068.461325,929.3153747,689.8104167,84.87519539
4424.05,1068.732419,929.5382871,689.9689453,84.89472558
4425.05,1068.88829,929.7284318,690.1274813,84.9142346
4426.05,1069.15062,929.9537709,690.2861329,84.93375582
4427.05,1069.438341,930.174932,690.4448896,84.95326685
4428.05,1069.686408,930.3840385,690.6036818,84.97279471
4429.05,1069.901867,930.5814889,690.7624492,84.99233391
4430.05,1070.143617,930.7769931,690.9211051,85.01185226
4431.05,1070.359416,930.9788713,691.0797127,85.03135346
4432.05,1070.611558,931.1887406,691.2382392,85.05084337
4433.05,1070.914454,931.4117678,691.3967045,85.07031215
4434.05,1071.046632,931.5893892,691.5550787,85.08977952
4435.05,1071.293601,931.7983875,691.713393,85.10925245
4436.05,1071.544648,932.0134564,691.8717259,85.12869755
4437.05,1071.811591,932.2303481,692.0300424,85.14815305
4438.05,1072.064256,932.4598066,692.1883996,85.16760094
4439.05,1072.238846,932.6349367,692.3467357,85.18706853
4440.05,1072.568204,932.8723673,692.5050159,85.20651861
4441.05,1072.809509,933.0866601,692.6633074,85.22593874
4442.05,1072.932697,933.2538118,692.8217033,85.2453683
4443.05,1073.169703,933.453538,692.9801284,85.26474994
4444.05,1073.426361,933.6848709,693.1386209,85.28410775
4445.05,1073.676168,933.896675,693.297164,85.30348676
4446.05,1073.958665,934.1186319,693.4557379,85.32288176
4447.05,1074.124053,934.3073356,693.6143791,85.34228192
4448.05,1074.321164,934.5066544,693.7730312,85.36168675
4449.05,1074.564883,934.7268632,693.9317373,85.38109204
4450.05,1074.804837,934.9467395,694.0904131,85.40048518
4451.05,1075.004081,935.1458982,694.2490389,85.41989359
4452.05,1075.310844,935.3759241,694.4075723,85.43932696
4453.05,1075.571912,935.5890635,694.5660242,85.45876164
4454.05,1075.760562,935.7851631,694.724497,85.47818037
4455.05,1076.019736,935.9990084,694.8830089,85.49759423
4456.05,1076.321376,936.2278522,695.0415332,85.51702627
4457.05,1076.535352,936.4366945,695.2000522,85.53647214
4458.05,1076.755879,936.6413347,695.3585492,85.55589109
4459.05,1077.021847,936.8565293,695.5170106,85.57527459
4460.05,1077.141915,937.0327479,695.6755509,85.59466086
4461.05,1077.335313,937.2226225,695.8340432,85.61404852
4462.05,1077.595437,937.4403879,695.9925238,85.63340266
4463.05,1077.891443,937.6643438,696.1509907,85.65274341
4464.05,1078.079242,937.8648926,696.3094334,85.67210151
4465.05,1078.371961,938.0841379,696.4678917,85.69144922
4466.05,1078.61596,938.2940464,696.6263158,85.71079997
4467.05,1078.796958,938.4849507,696.7848118,85.73016867
4468.05,1078.986289,938.6794824,696.9433187,85.74954248
4469.05,1079.299837,938.9211992,697.101797,85.76893586
4470.05,1079.514205,939.1351265,697.2601747,85.78835223
4471.05,1079.804014,939.3513426,697.4184385,85.8077584
4472.05,1080.051445,939.5550654,697.5768075,85.82716015
4473.05,1080.352699,939.7858438,697.7351287,85.84659316
4474.05,1080.640859,940.0213985,697.893425,85.86604481
4475.05,1080.882881,940.2288734,698.0517843,85.88549499
4476.05,1081.103668,940.4249933,698.2101806,85.90495793
4477.05,1081.322595,940.6230721,698.3684942,85.9244178
4478.05,1081.592339,940.8385633,698.526732,85.9438765
4479.05,1081.797367,941.0310513,698.6849987,85.96332714
4480.05,1081.986953,941.2302408,698.8433339,85.98275824
4481.05,1082.210658,941.4233725,699.0016728,86.00218756
4482.05,1082.43713,941.6277271,699.1601063,86.02164633
4483.05,1082.696352,941.8459379,699.3185064,86.04112793
4484.05,1082.984617,942.0792485,699.476881,86.06060543
4485.05,1083.140933,942.2710519,699.635286,86.08009844
4486.05,1083.374008,942.4855406,699.7936529,86.09957856
4487.05,1083.619322,942.7075156,699.9519229,86.1190543
4488.05,1083.886934,942.9374833,700.1101958,86.13853043
4489.05,1084.127731,943.1548347,700.2685649,86.1580024
4490.05,1084.403447,943.3763377,700.4269327,86.17746734
4491.05,1084.683874,943.5930926,700.5853256,86.19695815
4492.05,1084.882199,943.7940906,700.74373,86.21642148
4493.05,1085.079279,943.9835842,700.9022546,86.23582451
4494.05,1085.360342,944.2048507,701.0607677,86.25520917
4495.05,1085.631734,944.423135,701.2191864,86.27460118
4496.05,1085.868432,944.634393,701.3775849,86.29400582
4497.05,1086.091349,944.8245546,701.5360161,86.31342111
4498.05,1086.37667,945.0483033,701.6945018,86.33284633
4499.05,1086.621305,945.2477235,701.8529927,86.35229288
4500.05,1086.861481,945.4601944,702.0115967,86.37172524
4501.05,1087.073768,945.661322,702.1702134,86.39115043
4502.05,1087.265948,945.8410484,702.3288876,86.41057718
4503.05,1087.564829,946.0700536,702.4877377,86.43001023
4504.05,1087.833278,946.2856338,702.6467021,86.44948469
4505.05,1087.996405,946.4636922,702.8058089,86.46900257
4506.05,1088.237095,946.6718415,702.965004,86.4885531
4507.05,1088.486489,946.8812641,703.1243167,86.50811041
4508.05,1088.682413,947.0750369,703.2837001,86.52768552
4509.05,1088.931542,947.2855147,703.4430924,86.54726691
4510.05,1089.264697,947.5272808,703.6024729,86.56682221
4511.05,1089.443072,947.7193745,703.7618951,86.58638697
4512.05,1089.746659,947.9460345,703.9214555,86.60595757
4513.05,1090.034361,948.1578629,704.081171,86.62553013
4514.05,1090.271911,948.3561623,704.2409531,86.64510706
4515.05,1090.578829,948.5841743,704.4006926,86.66469282
4516.05,1090.807211,948.7933608,704.5604625,86.68429784
4517.05,1091.031842,948.986451,704.7203263,86.70391872
4518.05,1091.224813,949.1887094,704.8801821,86.72352756
4519.05,1091.443065,949.3869254,705.0399644,86.74314846
4520.05,1091.700779,949.6009723,705.1996724,86.76276892
4521.05,1091.920012,949.8190719,705.3593531,86.78239899
4522.05,1092.162147,950.0319085,705.5189576,86.80206223
4523.05,1092.464215,950.2621539,705.678487,86.821717
4524.05,1092.71787,950.4703476,705.8380976,86.84135688
4525.05,1092.898159,950.6535108,705.997837,86.86101666
4526.05,1093.106171,950.8557796,706.1576801,86.88069057
4527.05,1093.351373,951.0502499,706.3175305,86.90035326
4528.05,1093.553862,951.2449245,706.4774151,86.92001118
4529.05,1093.776623,951.4444208,706.6373607,86.93966509
4530.05,1094.013065,951.6493484,706.7973846,86.95930375
4531.05,1094.352786,951.8820774,706.9574597,86.97893643
4532.05,1094.547163,952.0865031,707.1174862,86.99858097
4533.05,1094.809233,952.3058806,707.2774351,87.01824206
4534.05,1095.118723,952.5281581,707.4374507,87.03790964
4535.05,1095.390017,952.7423382,707.5975341,87.05759038
4536.05,1095.60133,952.9347629,707.7577289,87.07730913
4537.05,1095.841959,953.1525773,707.9179904,87.09704404
4538.05,1096.085766,953.359821,708.0783404,87.11680133
4539.05,1096.310911,953.5666327,708.238802,87.13656827
4540.05,1096.490118,953.7544554,708.3991878,87.15632536
4541.05,1096.709503,953.9565206,708.559472,87.17605859
4542.05,1096.992574,954.1800974,708.7196837,87.19576739
4543.05,1097.141595,954.3527402,708.8799324,87.21545736
4544.05,1097.383297,954.5648511,709.040154,87.23512683
4545.05,1097.50117,954.7324557,709.2003131,87.2547781
4546.05,1097.68968,954.9169054,709.3603698,87.27444285
4547.05,1097.908891,955.1391386,709.520344,87.29409252
4548.05,1098.116272,955.3411594,709.6803598,87.31375051
4549.05,1098.295075,955.5351128,709.840429,87.33342767
4550.05,1098.521076,955.7372474,710.0005195,87.35306207
4551.05,1098.799633,955.9571524,710.1605494,87.37266911
4552.05,1099.063681,956.1742544,710.3206059,87.39227644
4553.05,1099.295275,956.3767051,710.4806471,87.41187669
4554.05,1099.505035,956.5715723,710.6406971,87.43148493
4555.05,1099.7187,956.7790651,710.8007126,87.4511031
4556.05,1099.960359,956.9927651,710.9607224,87.47069279
4557.05,1100.101162,957.167273,711.1207513,87.49027893
4558.05,1100.37573,957.392688,711.2807154,87.50987786
4559.05,1100.583743,957.5847423,711.4407069,87.52948199
4560.05,1100.825969,957.7915688,711.6007509,87.54905171
4561.05,1101.144922,958.0210237,711.7607867,87.56862134
4562.05,1101.508066,958.2778574,711.9209073,87.58819785
4563.05,1101.678231,958.4682963,712.0810305,87.60776961
4564.05,1101.932948,958.677146,712.2411257,87.62731837
4565.05,1102.190111,958.8906233,712.4011781,87.64685715
4566.05,1102.42249,959.0875402,712.5611434,87.66637023
4567.05,1102.644953,959.3019805,712.7211175,87.68588108
4568.05,1102.795765,959.4904752,712.881107,87.70539908
4569.05,1103.073541,959.709368,713.0410797,87.72490704
4570.05,1103.269158,959.9037006,713.2010511,87.74442219
4571.05,1103.514375,960.1122169,713.3609723,87.76394369
4572.05,1103.733256,960.3206933,713.5208419,87.7834398
4573.05,1103.9566,960.5225208,713.6806523,87.80293762
4574.05,1104.177633,960.7393461,713.8404154,87.82242998
4575.05,1104.417639,960.9556046,714.0002731,87.84192055
4576.05,1104.697916,961.1785287,714.1602167,87.86140729
4577.05,1104.920204,961.3770735,714.3202111,87.88088134
4578.05,1105.173533,961.5933389,714.4801109,87.90036497
4579.05,1105.475887,961.8161908,714.639957,87.91987714
4580.05,1105.752987,962.0449839,714.7997909,87.93939342
4581.05,1105.99891,962.2509923,714.9596607,87.95892602
4582.05,1106.262245,962.4658422,715.1195072,87.97848392
4583.05,1106.512638,962.6834813,715.2793525,87.99802722
4584.05,1106.802258,962.9025746,715.4391838,88.01759573
4585.05,1107.03727,963.1148534,715.5990976,88.03719307
4586.05,1107.256907,963.3162841,715.7590746,88.05680777
4587.05,1107.537374,963.5404932,715.9190213,88.07644662
4588.05,1107.838355,963.7679032,716.0789778,88.09609181
4589.05,1108.063211,963.9692503,716.2389486,88.11573621
4590.05,1108.326319,964.1831296,716.398889,88.13538949
4591.05,1108.552588,964.3796481,716.5588541,88.15504111
4592.05,1108.671043,964.5464923,716.7187482,88.17467738
4593.05,1108.94451,964.7671403,716.8786432,88.19432978
4594.05,1109.179659,964.9750623,717.0385596,88.21396948
4595.05,1109.472772,965.1987082,717.1984487,88.23357948
4596.05,1109.654353,965.3967416,717.3582245,88.25318027
4597.05,1109.865433,965.5953498,717.5179313,88.27278147
4598.05,1110.097328,965.7912292,717.6776302,88.2923695
4599.05,1110.337351,965.9972205,717.8373424,88.3119678
4600.05,1110.559929,966.2017852,717.9970941,88.331581
4601.05,1110.836044,966.4298337,718.1567737,88.3511974
4602.05,1111.073836,966.6354438,718.3164975,88.37082765
4603.05,1111.288673,966.8377135,718.4761945,88.39044794
4604.05,1111.519329,967.0476617,718.6359286,88.41005898
4605.05,1111.735659,967.2381444,718.7956965,88.42965004
4606.05,1111.942265,967.4371169,718.9555385,88.44923134
4607.05,1112.114966,967.6230438,719.1153834,88.46881177
4608.05,1112.342182,967.8137774,719.275272,88.4883963
4609.05,1112.52218,968.0079014,719.4351472,88.50799381
4610.05,1112.782167,968.2232093,719.5950876,88.52760544
4611.05,1112.995055,968.4220009,719.7550806,88.54720812
4612.05,1113.251077,968.6350245,719.9150726,88.56679569
4613.05,1113.522734,968.8667979,720.0749953,88.58640686
4614.05,1113.822403,969.0875884,720.2349984,88.60601556
4615.05,1114.109209,969.3059546,720.3950982,88.62560763
4616.05,1114.327088,969.5082772,720.5551966,88.64518132
4617.05,1114.641491,969.7306316,720.7153086,88.66473462
4618.05,1114.900367,969.9525826,720.8754558,88.68428268
4619.05,1115.127606,970.1570056,721.0356685,88.70382582
4620.05,1115.357935,970.3610139,721.1959598,88.72336085
4621.05,1115.560476,970.5605051,721.3562289,88.74288404
4622.05,1115.745323,970.7487042,721.5164716,88.76240423
4623.05,1115.959199,970.9517816,721.6767361,88.78195176
4624.05,1116.216225,971.1694304,721.8369566,88.80151594
4625.05,1116.403764,971.3682123,721.9972073,88.8211087
4626.05,1116.687728,971.5882572,722.157467,88.84070858
4627.05,1116.944237,971.8103295,722.3177129,88.86032929
4628.05,1117.249728,972.0392054,722.4779368,88.87994224
4629.05,1117.511157,972.2538405,722.6382154,88.89956554
4630.05,1117.698839,972.4556169,722.7985415,88.91919485
4631.05,1117.958495,972.678425,722.9589137,88.93881905
4632.05,1118.225774,972.893924,723.1193328,88.95843148
4633.05,1118.536069,973.1272924,723.279839,88.9780682
4634.05,1118.810746,973.3390296,723.4404855,88.99771159
4635.05,1119.080663,973.5469647,723.601254,89.01734506
4636.05,1119.256966,973.733141,723.7622175,89.03699368
4637.05,1119.489761,973.9376935,723.9233315,89.0566445
4638.05,1119.702959,974.1309951,724.0845248,89.0763291
4639.05,1119.973323,974.3498147,724.2457949,89.09602926
4640.05,1120.221442,974.5595814,724.4071489,89.11571272
4641.05,1120.465634,974.7604483,724.5685598,89.13536583
4642.05,1120.785147,974.987401,724.7298071,89.15499685
4643.05,1121.018277,975.1899151,724.8910582,89.17460624
4644.05,1121.280382,975.4046916,725.052276,89.1941854
4645.05,1121.512287,975.6144539,725.2134941,89.2137517
4646.05,1121.69849,975.8014913,725.3746699,89.23328405
4647.05,1121.914894,976.0038208,725.5357757,89.2528273
4648.05,1122.209653,976.2250992,725.6968522,89.27238758
4649.05,1122.466746,976.4375505,725.8580618,89.29194943
4650.05,1122.715238,976.6575546,726.0193824,89.31152582
4651.05,1122.99078,976.8671564,726.1806536,89.33112142
4652.05,1123.248951,977.080193,726.3419507,89.35072374
4653.05,1123.567466,977.3087171,726.5032632,89.37031826
4654.05,1123.830671,977.5254568,726.6645068,89.38989859
4655.05,1124.011632,977.720916,726.8256318,89.4094888
4656.05,1124.231451,977.9186239,726.9867472,89.42909139
4657.05,1124.463769,978.1246475,727.1479091,89.44869745
4658.05,1124.75865,978.3436407,727.309098,89.46830106
4659.05,1125.017713,978.5619806,727.470194,89.48789563
4660.05,1125.220198,978.7607202,727.6312271,89.50747326
4661.05,1125.502558,978.9863638,727.7923112,89.52705567
4662.05,1125.781115,979.2128084,727.9532976,89.54664603
4663.05,1126.018791,979.4205937,728.1143536,89.56622287
4664.05,1126.350504,979.657959,728.2754605,89.58580714
4665.05,1126.59544,979.867449,728.4365583,89.60536477
4666.05,1126.893802,980.089917,728.5976084,89.62490844
4667.05,1127.086814,980.2759079,728.7585776,89.64446824
4668.05,1127.283085,980.4725133,728.919492,89.66402889
4669.05,1127.494,980.671946,729.0803275,89.683589
4670.05,1127.769795,980.9001651,729.2411151,89.70315655
4671.05,1128.045791,981.1291084,729.4018295,89.72273118
4672.05,1128.286732,981.339373,729.5625517,89.7423122
4673.05,1128.535874,981.5559546,729.7231831,89.76186528
4674.05,1128.79437,981.7644038,729.8837905,89.78140713
4675.05,1129.061935,981.9705733,730.0443997,89.80091505
4676.05,1129.307021,982.1859979,730.2048929,89.82042634
4677.05,1129.53718,982.3895085,730.3653364,89.8399329
4678.05,1129.781144,982.6090414,730.5258587,89.85944378
4679.05,1129.960484,982.8060607,730.6863176,89.87898239
4680.05,1130.204367,983.018802,730.8467863,89.89851675
4681.05,1130.387102,983.216538,731.007293,89.91805008
4682.05,1130.610471,983.4315218,731.1677647,89.93758187
4683.05,1130.825594,983.6304064,731.3282203,89.95710153
4684.05,1131.086685,983.844434,731.4886512,89.97661112
4685.05,1131.32215,984.0516169,731.6490675,89.99610874
4686.05,1131.532892,984.2623845,731.8095322,90.01560879
4687.05,1131.727608,984.4554666,731.9700221,90.03512495
4688.05,1131.977546,984.663278,732.1304639,90.05463009
4689.05,1132.315097,984.9124892,732.290905,90.07414568
4690.05,1132.604111,985.1374386,732.4512894,90.09365394
4691.05,1132.85555,985.3505151,732.6117118,90.11319912
4692.05,1133.028439,985.5292157,732.7720458,90.13273767
4693.05,1133.303568,985.7466683,732.932373,90.15228709
4694.05,1133.529423,985.9529651,733.0926429,90.17182435
4695.05,1133.80393,986.180823,733.2527291,90.19134039
4696.05,1134.070033,986.3942591,733.4127008,90.21083859
4697.05,1134.249186,986.5859034,733.5725147,90.230318
4698.05,1134.50338,986.7982631,733.732158,90.24978153
4699.05,1134.811745,987.0335558,733.8915973,90.26928444
4700.05,1135.01836,987.2390995,734.0509264,90.28878632
4701.05,1135.245736,987.4439429,734.2102169,90.30828823
4702.05,1135.440221,987.6350422,734.3694471,90.32780367
4703.05,1135.687535,987.8522488,734.5286537,90.34732053
4704.05,1135.956402,988.0648226,734.6877827,90.36680116
4705.05,1136.199684,988.2774902,734.8469624,90.38628364
4706.05,1136.47796,988.5164494,735.0061099,90.40578755
4707.05,1136.68824,988.7060107,735.1651625,90.42529246
4708.05,1136.935401,988.9098481,735.3240801,90.44479875
4709.05,1137.1197,989.0924799,735.4829923,90.46430132
4710.05,1137.283362,989.2891357,735.641769,90.48382428
4711.05,1137.561549,989.5109213,735.8005011,90.50335331
4712.05,1137.816938,989.7223633,735.9591563,90.52286487
4713.05,1138.095046,989.9412852,736.1176988,90.54238699
4714.05,1138.402818,990.1667449,736.2761251,90.56190834
4715.05,1138.635601,990.3767456,736.434422,90.58140721
4716.05,1138.868666,990.5860889,736.5926375,90.60090861
4717.05,1139.112691,990.8027603,736.7508668,90.62040846
4718.05,1139.352345,991.0228109,736.9090528,90.6399188
4719.05,1139.603833,991.2338128,737.0671344,90.65943402
4720.05,1139.805637,991.4297032,737.2251148,90.67894169
4721.05,1140.074643,991.641188,737.3829531,90.69846544
4722.05,1140.330614,991.8548812,737.5406733,90.71797578
4723.05,1140.587648,992.0590529,737.6983084,90.73748097
4724.05,1140.767438,992.2470972,737.855948,90.75699558
4725.05,1140.99503,992.4596771,738.0135834,90.7765041
4726.05,1141.254336,992.6796266,738.1712091,90.79599819
4727.05,1141.491471,992.8793356,738.32883,90.81550882
4728.05,1141.781595,993.1055524,738.4864471,90.83502937
4729.05,1142.020992,993.3188613,738.6440297,90.85456567
4730.05,1142.24024,993.5209139,738.8015165,90.87411103
4731.05,1142.479785,993.7351456,738.958994,90.89366861
4732.05,1142.771119,993.9616753,739.1164959,90.91321651
4733.05,1142.988557,994.1563408,739.273948,90.93271864
4734.05,1143.210948,994.3629919,739.4313696,90.95221041
4735.05,1143.441098,994.565117,739.588807,90.97168351
4736.05,1143.661624,994.771792,739.7461624,90.991137
4737.05,1143.870796,994.9719829,739.9035332,91.01058033
4738.05,1144.116382,995.1880246,740.0609603,91.03002341
4739.05,1144.313991,995.3809576,740.2184829,91.04943433
4740.05,1144.547183,995.5886906,740.3759686,91.06881545
4741.05,1144.769111,995.7999579,740.5334686,91.08819336
4742.05,1145.005958,996.0032752,740.6909474,91.10754937
4743.05,1145.193163,996.2093671,740.8483339,91.12686246
4744.05,1145.415164,996.4080754,741.0057497,91.14615981
4745.05,1145.683188,996.6236795,741.1630306,91.1654201
4746.05,1145.973209,996.8474088,741.3202592,91.18467603
4747.05,1146.20556,997.0585574,741.4775093,91.20393123
4748.05,1146.377979,997.2464084,741.634772,91.22319542
4749.05,1146.615187,997.4603521,741.792026,91.24247419
4750.05,1146.893589,997.6728271,741.9492701,91.2617757
4751.05,1147.097011,997.8790734,742.1064257,91.2810742
4752.05,1147.345122,998.1036828,742.2634717,91.30037727
4753.05,1147.537407,998.3044661,742.4203798,91.31969592
4754.05,1147.756141,998.5157634,742.5772381,91.33902253
4755.05,1147.967798,998.7171426,742.7341642,91.3583417
4756.05,1148.209829,998.9236808,742.891161,91.37766108
4757.05,1148.459886,999.1448935,743.0481364,91.39701037
4758.05,1148.647147,999.3304772,743.2051627,91.41636135
4759.05,1148.858492,999.54484,743.3623666,91.43574591
4760.05,1149.048815,999.7344797,743.5196689,91.45513485
4761.05,1149.324486,999.9478303,743.6771277,91.47451866
4762.05,1149.518721,1000.137282,743.8346184,91.49388344
4763.05,1149.768067,1000.350854,743.9921231,91.51323389
4764.05,1149.99197,1000.546652,744.149743,91.53258483
4765.05,1150.228376,1000.76253,744.3074528,91.55196175
4766.05,1150.452318,1000.960768,744.4651017,91.57134888
4767.05,1150.723393,1001.174639,744.6227042,91.59071566
4768.05,1150.998103,1001.392512,744.7803505,91.61009098
4769.05,1151.229584,1001.596938,744.9379693,91.62945332
4770.05,1151.464038,1001.804766,745.0955234,91.64882846
4771.05,1151.668593,1002.003974,745.2531269,91.66818905
4772.05,1151.912956,1002.211925,745.4107982,91.68753911
4773.05,1152.178546,1002.430631,745.5685235,91.70687291
4774.05,1152.436771,1002.642688,745.7262918,91.72623278
4775.05,1152.681379,1002.875646,745.8840666,91.74560187
4776.05,1152.97023,1003.103094,746.041926,91.76496326
4777.05,1153.233198,1003.310903,746.1999174,91.78437202
4778.05,1153.488533,1003.531804,746.3579287,91.80380738
4779.05,1153.730537,1003.734881,746.5160171,91.82327328
4780.05,1153.998828,1003.953171,746.6742145,91.84276941
4781.05,1154.245856,1004.169377,746.832418,91.86228167
4782.05,1154.465351,1004.374842,746.990678,91.88179144
4783.05,1154.672016,1004.575742,747.1489849,91.90129665
4784.05,1154.864623,1004.777468,747.3074101,91.92081047
4785.05,1155.087597,1004.977521,747.4658554,91.94033118
4786.05,1155.290404,1005.179418,747.6242936,91.95986455
4787.05,1155.580141,1005.404529,747.7828509,91.97935091
4788.05,1155.760737,1005.583739,747.941441,91.99882489
4789.05,1156.019572,1005.794618,748.100146,92.0182768
4790.05,1156.3307,1006.028482,748.2588885,92.03771679
4791.05,1156.567607,1006.250864,748.4176203,92.0571932
4792.05,1156.875378,1006.48335,748.5763146,92.07669176
4793.05,1157.12813,1006.699204,748.7350028,92.09621196
4794.05,1157.392113,1006.909045,748.8936961,92.11572804
4795.05,1157.708857,1007.157684,749.0523792,92.13523042
4796.05,1157.944975,1007.364123,749.2110042,92.15473755
4797.05,1158.159294,1007.562646,749.3695205,92.17423959
4798.05,1158.343879,1007.744397,749.5279177,92.19370075
4799.05,1158.589833,1007.95734,749.6862818,92.21311409
4800.05,1158.853057,1008.167567,749.8447352,92.23251475
4801.05,1159.080785,1008.381512,750.0032034,92.25188429
4802.05,1159.276274,1008.571337,750.1616612,92.27127261
4803.05,1159.58873,1008.80527,750.3201042,92.29066959
4804.05,1159.735999,1008.984039,750.4785107,92.31008247
4805.05,1159.97777,1009.208934,750.6369048,92.32948792
4806.05,1160.218068,1009.420157,750.795284,92.34887558
4807.05,1160.479263,1009.632983,750.9536622,92.36826599
4808.05,1160.640925,1009.826893,751.1121136,92.38766135
4809.05,1160.899581,1010.04457,751.2705724,92.40710355
4810.05,1161.063769,1010.231289,751.4289919,92.426585
4811.05,1161.389991,1010.462548,751.5875098,92.44608506
4812.05,1161.63251,1010.67049,751.746029,92.46559418
4813.05,1161.896741,1010.884005,751.9046114,92.48511034
4814.05,1162.11413,1011.084779,752.0631837,92.50463194
4815.05,1162.334875,1011.291366,752.2217098,92.52417383
4816.05,1162.594796,1011.50695,752.3802228,92.54373269
4817.05,1162.834493,1011.705575,752.5389008,92.56331181
4818.05,1163.103883,1011.924816,752.6976186,92.58289748
4819.05,1163.296537,1012.106423,752.8563571,92.60246583
4820.05,1163.537255,1012.31135,753.0150996,92.62201419
4821.05,1163.784547,1012.517772,753.1738797,92.64156094
4822.05,1164.035252,1012.724982,753.3326903,92.66110918
4823.05,1164.275084,1012.93303,753.4914977,92.68068078
4824.05,1164.565118,1013.151616,753.6503393,92.70028925
4825.05,1164.809247,1013.375001,753.8092953,92.71990162
4826.05,1164.997461,1013.555772,753.9682781,92.73950814
4827.05,1165.209738,1013.753455,754.1273116,92.7591106
4828.05,1165.448259,1013.9642,754.2862878,92.77868817
4829.05,1165.654485,1014.171498,754.4451353,92.79823022
4830.05,1165.847584,1014.376097,754.6039528,92.81777162
4831.05,1166.134379,1014.593943,754.7627213,92.83727874
4832.05,1166.308728,1014.781874,754.9214375,92.85675143
4833.05,1166.586614,1015.006322,755.0802018,92.87622566
4834.05,1166.806049,1015.197131,755.2389508,92.89570084
4835.05,1167.070976,1015.41938,755.3976926,92.91519
4836.05,1167.317728,1015.643519,755.5563837,92.93467711
4837.05,1167.53899,1015.848962,755.7150745,92.95415887
4838.05,1167.850261,1016.076707,755.8738391,92.97361633
4839.05,1168.033445,1016.277702,756.0325444,92.99303681
4840.05,1168.232245,1016.473395,756.1912341,93.01244252
4841.05,1168.486813,1016.685501,756.3497771,93.03182262
4842.05,1168.736515,1016.890774,756.5083302,93.05121067
4843.05,1168.999169,1017.118116,756.6669584,93.07060034
4844.05,1169.218394,1017.324424,756.8255471,93.08997797
4845.05,1169.455216,1017.538258,756.9840372,93.10937529
4846.05,1169.770834,1017.779343,757.1425276,93.12880425
4847.05,1170.025623,1017.998465,757.3009228,93.14824813
4848.05,1170.247484,1018.20008,757.4592339,93.16769673
4849.05,1170.512749,1018.41274,757.6174915,93.18710033
4850.05,1170.707811,1018.604993,757.7758705,93.20649899
4851.05,1170.942497,1018.823399,757.9342516,93.22588255
4852.05,1171.198366,1019.038776,758.0926366,93.24528056
4853.05,1171.404397,1019.234992,758.2510478,93.2646969
4854.05,1171.604198,1019.43969,758.4093873,93.28412428
4855.05,1171.786489,1019.626133,758.5677161,93.3035685
4856.05,1171.992256,1019.82252,758.7260419,93.32302823
4857.05,1172.228462,1020.024564,758.8843571,93.34247364
4858.05,1172.469878,1020.246354,759.0426655,93.3619017
4859.05,1172.719166,1020.459561,759.2010236,93.38132817
4860.05,1172.951876,1020.668301,759.3593727,93.40072882
4861.05,1173.192767,1020.87531,759.5177049,93.42010773
4862.05,1173.422698,1021.079869,759.6760913,93.43947035
4863.05,1173.673015,1021.291897,759.8344685,93.4588394
4864.05,1173.878923,1021.50104,759.9928118,93.47823707
4865.05,1174.160903,1021.725032,760.1511919,93.49767422
4866.05,1174.386293,1021.934661,760.3096479,93.5171268
4867.05,1174.629135,1022.133764,760.4682663,93.53660129
4868.05,1174.916741,1022.361365,760.6269005,93.55603082
4869.05,1175.123047,1022.578544,760.7854701,93.57546285
4870.05,1175.326124,1022.772116,760.9441037,93.59490623
4871.05,1175.601403,1022.986825,761.1026949,93.61437386
4872.05,1175.82141,1023.178437,761.2612647,93.6338376
4873.05,1176.046461,1023.39239,761.4198271,93.65331163
4874.05,1176.36035,1023.631675,761.5784804,93.67280637
4875.05,1176.683375,1023.879291,761.7371769,93.69232724
4876.05,1176.962176,1024.096793,761.8959664,93.7118604
4877.05,1177.143047,1024.291017,762.0548499,93.73139939
4878.05,1177.336574,1024.483441,762.2137579,93.75094463
4879.05,1177.586812,1024.694876,762.3726491,93.77049048
4880.05,1177.80843,1024.900302,762.5314612,93.79001734
4881.05,1178.077006,1025.113695,762.6903092,93.80951336
4882.05,1178.271161,1025.30838,762.8491687,93.82897212
4883.05,1178.520259,1025.529204,763.0079244,93.84843528
4884.05,1178.710285,1025.713659,763.1666509,93.86792538
4885.05,1178.908925,1025.898201,763.3253991,93.88743199
4886.05,1179.111972,1026.092913,763.484137,93.9069159
4887.05,1179.361441,1026.300559,763.6428243,93.92639147
4888.05,1179.563022,1026.491017,763.8015981,93.94585239
4889.05,1179.735089,1026.666989,763.9604631,93.96531006
4890.05,1179.993723,1026.876175,764.1194189,93.98477008
4891.05,1180.292705,1027.114302,764.2783724,94.00426507
4892.05,1180.489675,1027.307892,764.4373193,94.02379088
4893.05,1180.725913,1027.516167,764.5962925,94.04331139
4894.05,1180.944776,1027.712215,764.755261,94.06279401
4895.05,1181.232204,1027.93665,764.9143681,94.08230099
4896.05,1181.404561,1028.123414,765.0736363,94.10182025
4897.05,1181.711089,1028.348254,765.2330305,94.12133595
4898.05,1181.902912,1028.546381,765.3924907,94.14084544
4899.05,1182.137787,1028.760332,765.5519394,94.16035604
4900.05,1182.382818,1028.985303,765.7114706,94.17987269
4901.05,1182.654425,1029.214238,765.8709746,94.19940174
4902.05,1182.882157,1029.426377,766.0304465,94.21894806
4903.05,1183.120613,1029.638844,766.1899455,94.2385198
4904.05,1183.381346,1029.865297,766.3496032,94.25810626
4905.05,1183.634961,1030.089477,766.5093079,94.27774842
4906.05,1183.851949,1030.28686,766.6690398,94.29738943
4907.05,1184.173709,1030.514861,766.8288303,94.31703909
4908.05,1184.398403,1030.717844,766.9886799,94.33666856
4909.05,1184.63141,1030.938311,767.1484042,94.35628874
4910.05,1184.868776,1031.14976,767.3079842,94.37591428
4911.05,1185.131126,1031.369191,767.4675323,94.39554135
4912.05,1185.357553,1031.567466,767.6269656,94.41513907
4913.05,1185.614399,1031.781666,767.7863673,94.43472262
4914.05,1185.814908,1031.982688,767.9457385,94.45431895
4915.05,1185.998598,1032.159893,768.1050808,94.47391729
4916.05,1186.263067,1032.376424,768.2644241,94.49351175
4917.05,1186.515711,1032.579485,768.4238194,94.51310479
4918.05,1186.751362,1032.784526,768.5832442,94.53268318
4919.05,1186.989008,1032.983872,768.7426507,94.5522742
4920.05,1187.229935,1033.202897,768.9020164,94.57188412
4921.05,1187.417076,1033.382569,769.0613914,94.59150413
4922.05,1187.661482,1033.593509,769.2207393,94.61112345
4923.05,1187.925076,1033.819185,769.3800836,94.63074817
4924.05,1188.182377,1034.032575,769.5394623,94.65038555
4925.05,1188.42837,1034.232114,769.6988321,94.66999622
4926.05,1188.664609,1034.436109,769.8581558,94.68960222
4927.05,1188.895903,1034.650285,770.0174659,94.70918774
4928.05,1189.098294,1034.853155,770.1767861,94.72878328
4929.05,1189.373515,1035.068538,770.3361128,94.74839289
4930.05,1189.559529,1035.271083,770.4954397,94.76801855
4931.05,1189.767548,1035.471759,770.6547618,94.78764079
4932.05,1190.045357,1035.688823,770.8140732,94.80725144
4933.05,1190.282344,1035.888504,770.9734164,94.82686497
4934.05,1190.484442,1036.085593,771.1328536,94.84645865
4935.05,1190.670718,1036.27294,771.292323,94.86604923
4936.05,1190.901504,1036.476211,771.4518624,94.88564838
4937.05,1191.130556,1036.68484,771.611444,94.90523518
4938.05,1191.417335,1036.907331,771.7710745,94.92478383
4939.05,1191.697886,1037.124911,771.9307481,94.94429531
4940.05,1191.816094,1037.298747,772.0905177,94.9638121
4941.05,1192.072147,1037.521064,772.2503685,94.98330445
4942.05,1192.31734,1037.737479,772.410184,95.00281402
4943.05,1192.605307,1037.962182,772.5699253,95.02232432
4944.05,1192.890097,1038.195526,772.7296421,95.04179675
4945.05,1193.11477,1038.40397,772.8893847,95.06128466
4946.05,1193.381156,1038.625886,773.0491224,95.08080009
4947.05,1193.631014,1038.825346,773.2087481,95.10031614
4948.05,1193.926818,1039.064243,773.368323,95.11984061
4949.05,1194.226491,1039.306432,773.5278481,95.13938261
4950.05,1194.507384,1039.524322,773.6873677,95.15891732
4951.05,1194.761462,1039.749397,773.8469258,95.17845401
4952.05,1195.057434,1039.972248,774.006622,95.19801753
4953.05,1195.37451,1040.199679,774.1663331,95.21758288
4954.05,1195.65717,1040.429363,774.3260658,95.23711961
4955.05,1195.919538,1040.646987,774.4858257,95.25663115
4956.05,1196.154872,1040.856267,774.6456839,95.27609024
4957.05,1196.430953,1041.080768,774.8055488,95.29553124
4958.05,1196.668931,1041.287114,774.9654158,95.31501279
4959.05,1196.944383,1041.513449,775.1252461,95.33447114
4960.05,1197.173421,1041.729059,775.2850594,95.353924
4961.05,1197.366317,1041.926954,775.4448183,95.37339075
4962.05,1197.610262,1042.125313,775.6045471,95.39284336
4963.05,1197.82568,1042.334462,775.7642247,95.41230127
4964.05,1198.053028,1042.5434,775.9238963,95.4317774
4965.05,1198.224472,1042.738292,776.0836697,95.45127822
4966.05,1198.414936,1042.937981,776.2435011,95.47080409
4967.05,1198.636187,1043.132266,776.4033391,95.49033595
4968.05,1198.844487,1043.328859,776.5631212,95.50987003
4969.05,1199.061252,1043.520772,776.7229133,95.52940688
4970.05,1199.3173,1043.733268,776.8827399,95.5489359
4971.05,1199.616447,1043.959292,777.0425638,95.56847142
4972.05,1199.869519,1044.171341,777.2023775,95.58801726
4973.05,1200.063727,1044.366924,777.3622282,95.60757549
4974.05,1200.309956,1044.574484,777.5222121,95.62714042
4975.05,1200.538755,1044.793239,777.6822552,95.64672778
4976.05,1200.812038,1045.001137,777.842323,95.6663331
4977.05,1201.069022,1045.206499,778.0025017,95.68591445
4978.05,1201.319096,1045.428343,778.1627255,95.70548814
4979.05,1201.578512,1045.645684,778.3230348,95.72509042
4980.05,1201.838307,1045.857364,778.4833626,95.74469962
4981.05,1202.071381,1046.062929,778.6437031,95.76432952
4982.05,1202.306738,1046.268953,778.8040419,95.78395604
4983.05,1202.649616,1046.506108,778.9643646,95.80356187
4984.05,1202.847966,1046.698624,779.1246844,95.82314469
4985.05,1203.08921,1046.902019,779.2850349,95.84274416
4986.05,1203.363681,1047.124388,779.4454227,95.86237306
4987.05,1203.584512,1047.328372,779.60583,95.88200265
4988.05,1203.809459,1047.524736,779.766238,95.90162169
4989.05,1204.015734,1047.724659,779.9266328,95.92126269
4990.05,1204.228451,1047.923371,780.0869569,95.94091265
4991.05,1204.497378,1048.144756,780.2472926,95.96054842
4992.05,1204.738064,1048.336093,780.4076477,95.98015695
4993.05,1204.942622,1048.540805,780.5680363,95.99972447
4994.05,1205.150102,1048.740171,780.7283443,96.01927579
4995.05,1205.427448,1048.972959,780.8886482,96.03882621
4996.05,1205.696797,1049.188701,781.0489368,96.05836815
4997.05,1205.880412,1049.362987,781.2092648,96.07788994
4998.05,1206.100483,1049.566626,781.3696001,96.097397
4999.05,1206.402575,1049.798742,781.529893,96.11691057
5000.05,1206.679829,1050.004394,781.690109,96.1364023
5001.05,1206.944946,1050.233866,781.8502441,96.155871
5002.05,1207.179291,1050.450899,782.0103114,96.17534685
5003.05,1207.431553,1050.669173,782.1703254,96.19484662
5004.05,1207.66373,1050.884281,782.3303161,96.21437012
5005.05,1207.885391,1051.081839,782.4903017,96.23390592
5006.05,1208.096354,1051.273759,782.6502989,96.2534521
5007.05,1208.372418,1051.49785,782.8103581,96.27300339
5008.05,1208.641393,1051.708993,782.9704897,96.29254859
5009.05,1208.792049,1051.88728,783.1306695,96.31210639
5010.05,1209.076136,1052.098537,783.2908901,96.33167654
5011.05,1209.272723,1052.283455,783.451192,96.35123108
5012.05,1209.496494,1052.484045,783.6115367,96.37078186
5013.05,1209.714751,1052.686111,783.7719619,96.39034691
5014.05,1209.951719,1052.889971,783.9323554,96.40993071
5015.05,1210.221323,1053.102287,784.0928689,96.42951815
5016.05,1210.421564,1053.307514,784.2534043,96.44908227
5017.05,1210.684057,1053.536265,784.4138882,96.46863892
5018.05,1210.939134,1053.769943,784.5742185,96.48818732
5019.05,1211.136963,1053.95585,784.7345787,96.50772463
5020.05,1211.436917,1054.18792,784.8948978,96.52727001
5021.05,1211.567754,1054.369015,785.0551697,96.54680176
5022.05,1211.794847,1054.572338,785.2154261,96.56633201
5023.05,1212.035969,1054.766905,785.3756302,96.58585537
5024.05,1212.309818,1054.984446,785.5357908,96.60537727
5025.05,1212.587354,1055.220911,785.6960475,96.62491953
5026.05,1212.857991,1055.442559,785.856273,96.64445329
5027.05,1213.123135,1055.65551,786.0165152,96.66395395
5028.05,1213.414158,1055.883586,786.176799,96.68345129
5029.05,1213.651409,1056.099132,786.3370261,96.70297026
5030.05,1213.852189,1056.310308,786.4972161,96.72249637
5031.05,1214.098541,1056.51378,786.6573996,96.74202413
5032.05,1214.324692,1056.714738,786.8175588,96.76155082
5033.05,1214.653267,1056.960397,786.9777527,96.7810697
5034.05,1214.830434,1057.144127,787.1379044,96.8005973
5035.05,1215.045664,1057.351078,787.2981002,96.82011531
5036.05,1215.262849,1057.549936,787.458316,96.83963569
5037.05,1215.539959,1057.765877,787.6186169,96.85920503
5038.05,1215.798944,1057.97605,787.7789856,96.87878568
5039.05,1216.028105,1058.184831,787.9393374,96.89838716
5040.05,1216.277799,1058.391999,788.0996517,96.91799176
5041.05,1216.56593,1058.611854,788.2599293,96.93759127
5042.05,1216.808515,1058.820595,788.4201493,96.95719238
5043.05,1216.988422,1059.001454,788.5803668,96.97677967
5044.05,1217.186495,1059.197128,788.740501,96.99634565
5045.05,1217.414436,1059.394856,788.9005931,97.01589517
5046.05,1217.613542,1059.590373,789.0605876,97.0354215
5047.05,1217.857469,1059.804837,789.2205374,97.05495282
5048.05,1218.081413,1060.014776,789.380533,97.07447945
5049.05,1218.290136,1060.204371,789.5405698,97.09401469
5050.05,1218.507082,1060.409123,789.7006818,97.1135508
5051.05,1218.703314,1060.599709,789.8607008,97.13308151
5052.05,1218.956043,1060.819352,790.020619,97.15264228
5053.05,1219.21705,1061.039972,790.1806074,97.17221895
5054.05,1219.522545,1061.268482,790.3407096,97.19177335
5055.05,1219.767481,1061.476354,790.5008961,97.21133159
5056.05,1220.040709,1061.698456,790.6610992,97.23086785
5057.05,1220.258631,1061.900974,790.8213777,97.25040407
5058.05,1220.48086,1062.11761,790.9815911,97.26996451
5059.05,1220.734848,1062.326597,791.1417982,97.28952061
5060.05,1220.930988,1062.520322,791.3019918,97.30908024
5061.05,1221.203139,1062.742431,791.4621722,97.32865388
5062.05,1221.481609,1062.953833,791.6223377,97.34822484
5063.05,1221.687293,1063.150391,791.782456,97.36774861
5064.05,1221.949492,1063.375777,791.9425079,97.38724218
5065.05,1222.25214,1063.598891,792.1025575,97.40676247
5066.05,1222.524803,1063.816417,792.2625699,97.42627884
5067.05,1222.819782,1064.039425,792.4224634,97.44580394
5068.05,1223.084057,1064.260877,792.5823071,97.46534529
5069.05,1223.36057,1064.501948,792.7421341,97.48487399
5070.05,1223.659115,1064.723411,792.9019391,97.50440348
5071.05,1223.937501,1064.9589,793.0617499,97.52392229
5072.05,1224.211659,1065.173742,793.2215148,97.54344327
5073.05,1224.427628,1065.373471,793.3812097,97.5629806
5074.05,1224.627065,1065.574454,793.5408404,97.58253185
5075.05,1224.860197,1065.777467,793.7004426,97.60208012
5076.05,1225.123881,1065.995803,793.8599894,97.62162309
5077.05,1225.374999,1066.215583,794.0195573,97.6411595
5078.05,1225.63072,1066.41298,794.1789978,97.66071141
5079.05,1225.869957,1066.636071,794.3383934,97.6802667
5080.05,1226.102888,1066.845373,794.4977741,97.69983284
5081.05,1226.370703,1067.063178,794.6571577,97.71939529
5082.05,1226.595467,1067.276338,794.8165952,97.73896935
5083.05,1226.850855,1067.500178,794.9759845,97.7585805
5084.05,1227.067529,1067.699081,795.1353724,97.7781991
5085.05,1227.31002,1067.918944,795.2947413,97.79782384
5086.05,1227.568181,1068.133489,795.4540238,97.81745407
5087.05,1227.802341,1068.345416,795.6132349,97.83709248
5088.05,1228.033181,1068.543631,795.772387,97.8567077
5089.05,1228.305167,1068.768874,795.9314639,97.8763123
5090.05,1228.517529,1068.96973,796.0904951,97.89590209
5091.05,1228.751977,1069.160468,796.2494942,97.91548596
5092.05,1228.929271,1069.338021,796.4084261,97.93505406
5093.05,1229.169651,1069.560541,796.567342,97.95462469
5094.05,1229.400556,1069.768747,796.7262151,97.97419728
5095.05,1229.70994,1069.998714,796.8851871,97.99376095
5096.05,1229.964783,1070.212961,797.0442375,98.01329938
5097.05,1230.149712,1070.403129,797.2033235,98.03283535
5098.05,1230.416948,1070.604264,797.362361,98.05238252
5099.05,1230.654042,1070.803177,797.5214253,98.07192435
5100.05,1230.832075,1071.001212,797.6804694,98.09147028
5101.05,1231.092799,1071.229398,797.8395441,98.11098511
5102.05,1231.393933,1071.469043,797.9986337,98.1304845
5103.05,1231.628534,1071.670649,798.1577582,98.14998537
5104.05,1231.826809,1071.866213,798.3169319,98.16949359
5105.05,1232.034813,1072.059278,798.476113,98.18901446
5106.05,1232.328758,1072.28918,798.6353664,98.20854044
5107.05,1232.708336,1072.553434,798.7946089,98.22807019
5108.05,1232.997078,1072.777973,798.9539174,98.24760701
5109.05,1233.19592,1072.977739,799.1131974,98.26716464
5110.05,1233.416837,1073.181785,799.272558,98.28673985
5111.05,1233.667402,1073.397646,799.4319883,98.30632478
5112.05,1233.906182,1073.603164,799.5915003,98.3259085
5113.05,1234.135619,1073.811702,799.751102,98.34550727
5114.05,1234.300196,1074.001172,799.9107519,98.36512269
5115.05,1234.592443,1074.217855,800.0704811,98.38475072
5116.05,1234.865396,1074.434773,800.2301715,98.40438099
5117.05,1235.084889,1074.637732,800.3899493,98.42401728
5118.05,1235.254313,1074.831693,800.5497623,98.44366802
5119.05,1235.479573,1075.04435,800.7096365,98.46328764
5120.05,1235.679549,1075.228196,800.8696451,98.48289023
5121.05,1235.895331,1075.434536,801.02972,98.50250179
5122.05,1236.160328,1075.652985,801.1897889,98.52211286
5123.05,1236.364635,1075.846115,801.3497992,98.54171259
5124.05,1236.620268,1076.067978,801.5096901,98.56133834
5125.05,1236.836229,1076.269584,801.6696059,98.58097987
5126.05,1237.072498,1076.468496,801.8295096,98.6006276
5127.05,1237.296217,1076.672228,801.989341,98.6202769
5128.05,1237.553551,1076.898756,802.1491551,98.63992432
5129.05,1237.851819,1077.134878,802.3089528,98.65957566
5130.05,1238.070516,1077.357145,802.4687826,98.67924026
5131.05,1238.324059,1077.573339,802.6287015,98.69892408
5132.05,1238.63376,1077.802871,802.7886246,98.71863209
5133.05,1238.815867,1077.989164,802.9485444,98.73835055
5134.05,1238.957912,1078.158812,803.1085655,98.75806254
5135.05,1239.184018,1078.374628,803.2686308,98.77778711
5136.05,1239.452895,1078.582723,803.4286877,98.79747169
5137.05,1239.596694,1078.76318,803.5887616,98.81712139
5138.05,1239.835275,1078.983748,803.7488592,98.83679591
5139.05,1240.053612,1079.194655,803.908895,98.85645052
5140.05,1240.243727,1079.387368,804.0688395,98.87608948
5141.05,1240.462965,1079.591147,804.2287565,98.8957044
5142.05,1240.737126,1079.802115,804.3886697,98.91530887
5143.05,1240.927081,1080.001522,804.5487486,98.93494079
5144.05,1241.166224,1080.212323,804.7088271,98.95460606
5145.05,1241.434013,1080.426392,804.8689044,98.97430438
5146.05,1241.680233,1080.63036,805.0290125,98.994028
5147.05,1241.974992,1080.862114,805.1891782,99.01375876
5148.05,1242.235953,1081.079819,805.3493165,99.03349302
5149.05,1242.492479,1081.288459,805.5095224,99.05324358
5150.05,1242.66408,1081.472248,805.6697895,99.07299965
5151.05,1242.861694,1081.662314,805.8300946,99.0927372
5152.05,1243.122869,1081.868408,805.9903585,99.11246833
5153.05,1243.346783,1082.062442,806.1505863,99.13221781
5154.05,1243.631287,1082.279172,806.3108168,99.15195169
5155.05,1243.859093,1082.469821,806.4710425,99.17167166
5156.05,1244.052947,1082.667313,806.6312591,99.19138028
5157.05,1244.262698,1082.86571,806.7914767,99.21109936
5158.05,1244.48351,1083.063133,806.9516339,99.23086496
5159.05,1244.701332,1083.26878,807.1117798,99.25062383
5160.05,1244.940755,1083.46359,807.2719866,99.27039276
5161.05,1245.20715,1083.675058,807.4322191,99.29017576
5162.05,1245.467023,1083.886199,807.5924852,99.30994562
5163.05,1245.697928,1084.084364,807.752809,99.32972916
5164.05,1245.907687,1084.282625,807.9131155,99.34953211
5165.05,1246.20779,1084.505788,808.0735078,99.36932766
5166.05,1246.386693,1084.698136,808.2339511,99.38913015
5167.05,1246.654859,1084.91194,808.3944536,99.40893645
5168.05,1246.829678,1085.098888,808.5550107,99.4286942
5169.05,1247.01125,1085.290532,808.7155381,99.44842138
5170.05,1247.287136,1085.509159,808.8760596,99.46815283
5171.05,1247.550323,1085.719255,809.0365939,99.48789565
5172.05,1247.801839,1085.941018,809.1971403,99.50761619
5173.05,1248.095227,1086.168482,809.3576533,99.5273353
5174.05,1248.403312,1086.399644,809.518179,99.54703724
5175.05,1248.673446,1086.622868,809.6786999,99.56674567
5176.05,1248.929732,1086.827807,809.8391766,99.58646295
5177.05,1249.214945,1087.053279,809.9996663,99.60617221
5178.05,1249.49746,1087.282016,810.1601415,99.62588243
5179.05,1249.624109,1087.471389,810.3206063,99.64563037
5180.05,1249.873248,1087.673266,810.4809308,99.66537486
5181.05,1250.125027,1087.881673,810.6413306,99.68511386
5182.05,1250.428802,1088.107285,810.8016347,99.70483604
5183.05,1250.740438,1088.337858,810.9619039,99.72454788
5184.05,1251.007499,1088.554791,811.122096,99.74421686
5185.05,1251.200616,1088.739191,811.2822507,99.7638422
5186.05,1251.428179,1088.926212,811.4423707,99.78346122
5187.05,1251.650377,1089.138893,811.6025652,99.80307256
5188.05,1251.86937,1089.338495,811.7628452,99.82270174
5189.05,1252.14507,1089.56533,811.9232399,99.84234211
5190.05,1252.410326,1089.778761,812.0836343,99.86201287
5191.05,1252.657698,1090.00051,812.2440379,99.88173169
5192.05,1252.896074,1090.211602,812.4044893,99.90147724
5193.05,1253.052677,1090.398712,812.5650225,99.92121571
5194.05,1253.306076,1090.610502,812.7256013,99.94094176
5195.05,1253.57729,1090.827914,812.8861712,99.96066783
5196.05,1253.813662,1091.037316,813.046747,99.98037344
5197.05,1254.058728,1091.24717,813.2074041,100.000081
5198.05,1254.346311,1091.464483,813.3680653,100.0197807
5199.05,1254.580107,1091.685105,813.5288022,100.0394935
5200.05,1254.875783,1091.922595,813.6896323,100.0592153
5201.05,1255.152267,1092.144688,813.8504454,100.0789421
5202.05,1255.387069,1092.352669,814.0112273,100.0986859
5203.05,1255.619161,1092.560913,814.1719096,100.1184464
5204.05,1255.829837,1092.759739,814.332461,100.1381989
5205.05,1256.049403,1092.976024,814.4927422,100.1579247
5206.05,1256.276898,1093.175246,814.6528565,100.1776375
5207.05,1256.569889,1093.395045,814.8129419,100.1973303
5208.05,1256.821875,1093.61319,814.9728852,100.217007
5209.05,1257.110223,1093.835617,815.1326733,100.2366541
5210.05,1257.323107,1094.044209,815.2923685,100.2562811
5211.05,1257.557328,1094.258779,815.452041,100.275926
5212.05,1257.796051,1094.467912,815.6117031,100.2955774
5213.05,1258.058119,1094.682198,815.7713025,100.315197
5214.05,1258.299809,1094.891908,815.9308696,100.3348202
5215.05,1258.557408,1095.117576,816.0903579,100.3544537
5216.05,1258.853448,1095.345858,816.2497844,100.3740953
5217.05,1259.162611,1095.572289,816.4091807,100.3937497
5218.05,1259.449928,1095.797891,816.5685656,100.413366
5219.05,1259.708547,1096.008507,816.7279693,100.4329644
5220.05,1259.965531,1096.227961,816.887357,100.4525383
5221.05,1260.175622,1096.428189,817.0466876,100.4721156
5222.05,1260.437081,1096.634289,817.2059034,100.4916932
5223.05,1260.677525,1096.853259,817.3650481,100.5112574
5224.05,1260.895275,1097.049093,817.5241197,100.5308122
5225.05,1261.114476,1097.251114,817.6830215,100.5503546
5226.05,1261.401701,1097.481252,817.8418954,100.5698691
5227.05,1261.659145,1097.679749,818.0007331,100.5893742
5228.05,1261.857591,1097.874526,818.1594864,100.608854
5229.05,1262.102733,1098.089177,818.3180449,100.6283249
5230.05,1262.34489,1098.304636,818.4765159,100.6477513
5231.05,1262.55528,1098.499653,818.6349031,100.6671673
5232.05,1262.781408,1098.717151,818.7931284,100.6865678
5233.05,1263.057318,1098.939087,818.9512792,100.7059642
5234.05,1263.301404,1099.142462,819.1094549,100.725358
5235.05,1263.54834,1099.362166,819.2676277,100.7447482
5236.05,1263.743353,1099.557141,819.4257698,100.7641611
5237.05,1263.982389,1099.760119,819.5838831,100.7835676
5238.05,1264.197092,1099.965756,819.7419528,100.8029674
5239.05,1264.406144,1100.163451,819.8999988,100.8223599
5240.05,1264.622972,1100.362355,820.05801,100.8417641
5241.05,1264.898529,1100.579629,820.2160962,100.8611913
5242.05,1265.141495,1100.784503,820.374262,100.880617
5243.05,1265.343686,1100.984291,820.5324623,100.9000278
5244.05,1265.553472,1101.188333,820.6907058,100.9194465
5245.05,1265.755466,1101.375272,820.8489527,100.9388742
5246.05,1266.029688,1101.60898,821.0071492,100.9582904
5247.05,1266.235492,1101.810255,821.1653667,100.9777273
5248.05,1266.564364,1102.050869,821.3234795,100.9971692
5249.05,1266.857587,1102.274401,821.4816112,101.0166024
5250.05,1267.134241,1102.497689,821.6396772,101.0360444
5251.05,1267.372387,1102.70578,821.7976522,101.0554753
5252.05,1267.540515,1102.903112,821.9555827,101.0748897
5253.05,1267.808054,1103.11831,822.1135352,101.0942686
5254.05,1267.996978,1103.317045,822.271402,101.1136489
5255.05,1268.251993,1103.528799,822.4294267,101.1330505
5256.05,1268.495099,1103.729386,822.5876092,101.1524366
5257.05,1268.753857,1103.953686,822.7458465,101.1718368
5258.05,1269.011798,1104.154038,822.9042461,101.1912521
5259.05,1269.184961,1104.34833,823.0627584,101.2106964
5260.05,1269.40133,1104.536962,823.2213337,101.2301447
5261.05,1269.596135,1104.723169,823.3799291,101.249607
5262.05,1269.861628,1104.933803,823.5385898,101.2690896
5263.05,1270.154689,1105.153228,823.6973176,101.2885624
5264.05,1270.403036,1105.360857,823.8560494,101.3080211
5265.05,1270.642701,1105.563547,824.0147397,101.3274347
5266.05,1270.883965,1105.764036,824.173325,101.3468341
5267.05,1271.127107,1105.972722,824.3318,101.3662135
5268.05,1271.328716,1106.167112,824.4902212,101.3855828
5269.05,1271.54721,1106.374259,824.6484694,101.4049427
5270.05,1271.781929,1106.584905,824.8065793,101.4242813
5271.05,1272.069485,1106.811363,824.9646836,101.4436199
5272.05,1272.292395,1107.01439,825.1228723,101.4629636
5273.05,1272.529605,1107.228956,825.2810828,101.4823055
5274.05,1272.767993,1107.423967,825.4393488,101.5016534
5275.05,1272.927671,1107.608828,825.5976377,101.5210257
5276.05,1273.134232,1107.794147,825.7559572,101.5404083
5277.05,1273.474197,1108.042082,825.914293,101.5598123
5278.05,1273.763731,1108.275864,826.0725514,101.5792063
5279.05,1274.060516,1108.503554,826.2308799,101.5985991
5280.05,1274.307968,1108.720398,826.3892443,101.6179958
5281.05,1274.559182,1108.942435,826.5475859,101.6374134
5282.05,1274.805832,1109.157544,826.7059847,101.6568274
5283.05,1275.156984,1109.396411,826.864402,101.6762431
5284.05,1275.381391,1109.589066,827.0228551,101.6956484
5285.05,1275.550013,1109.78412,827.181291,101.7150364
5286.05,1275.713612,1109.961962,827.3396534,101.7343926
5287.05,1275.968026,1110.165056,827.4981422,101.7537399
5288.05,1276.132049,1110.346087,827.6568009,101.7730827
5289.05,1276.352768,1110.55085,827.8155716,101.7924207
5290.05,1276.603645,1110.763187,827.9744279,101.8117729
5291.05,1276.806898,1110.962596,828.1333827,101.8311111
5292.05,1277.003648,1111.160795,828.2924237,101.8504265
5293.05,1277.199408,1111.36559,828.4515177,101.8697422
5294.05,1277.476136,1111.586253,828.6106903,101.8890701
5295.05,1277.722638,1111.797011,828.7699739,101.9084213
5296.05,1277.952555,1112.00847,828.9293459,101.9277817
5297.05,1278.174839,1112.211071,829.0887684,101.9471435
5298.05,1278.460022,1112.446276,829.2482043,101.9665219
5299.05,1278.753,1112.673835,829.407808,101.9858912
5300.05,1278.965681,1112.866718,829.567516,102.005244
5301.05,1279.164256,1113.051026,829.7272343,102.0245816
5302.05,1279.44348,1113.273804,829.8869745,102.0439211
5303.05,1279.709756,1113.486709,830.0468534,102.0633033
5304.05,1279.921128,1113.690642,830.2068585,102.0827201
5305.05,1280.164321,1113.905457,830.3668474,102.1021353
5306.05,1280.416126,1114.128155,830.5268666,102.1215523
5307.05,1280.765931,1114.372102,830.68694,102.1409836
5308.05,1281.092664,1114.619374,830.8469857,102.1604115
5309.05,1281.349144,1114.841217,831.0070479,102.1798543
5310.05,1281.601679,1115.048697,831.167141,102.1992888
5311.05,1281.815765,1115.247829,831.3271944,102.2187229
5312.05,1282.041205,1115.458516,831.4872428,102.2381764
5313.05,1282.290709,1115.66892,831.6474022,102.2576171
5314.05,1282.506206,1115.874614,831.8076033,102.2770373
5315.05,1282.804477,1116.110564,831.9678504,102.2964643
5316.05,1283.060893,1116.325624,832.1281597,102.3159066
5317.05,1283.275043,1116.533337,832.2885049,102.335378
5318.05,1283.555558,1116.752715,832.448922,102.3548568
5319.05,1283.795501,1116.960691,832.609419,102.3743612
5320.05,1284.003921,1117.158734,832.7700135,102.3938772
5321.05,1284.210773,1117.352278,832.9305854,102.413397
5322.05,1284.475093,1117.571996,833.0910682,102.432942
5323.05,1284.666239,1117.767181,833.2515026,102.4525112
5324.05,1284.898072,1117.968013,833.4119459,102.4720983
5325.05,1285.076543,1118.15656,833.5725084,102.4916732
5326.05,1285.307446,1118.365838,833.7330733,102.5112398
5327.05,1285.558103,1118.580151,833.8937003,102.5308058
5328.05,1285.805124,1118.797513,834.0544209,102.5503687
5329.05,1286.020665,1118.994927,834.2152049,102.5699129
5330.05,1286.252194,1119.204264,834.3759281,102.5894502
5331.05,1286.557123,1119.427462,834.5365912,102.6090081
5332.05,1286.784285,1119.631886,834.697205,102.6285544
5333.05,1287.058664,1119.858745,834.8578295,102.6480893
5334.05,1287.361228,1120.090397,835.0184868,102.6676391
5335.05,1287.648966,1120.31109,835.1792285,102.6872081
5336.05,1287.823265,1120.508267,835.3399664,102.7067523
5337.05,1288.053805,1120.71129,835.5006011,102.7263
5338.05,1288.254481,1120.920535,835.6611556,102.7458492
5339.05,1288.474567,1121.131126,835.8216638,102.7654231
5340.05,1288.728661,1121.339341,835.9821508,102.7849926
5341.05,1288.945925,1121.53492,836.1427655,102.8045319
5342.05,1289.175484,1121.730961,836.3033773,102.8240552
5343.05,1289.436944,1121.944179,836.4639594,102.8435851
5344.05,1289.681312,1122.149306,836.624553,102.8631123
5345.05,1289.911924,1122.348528,836.7850579,102.8826337
5346.05,1290.108846,1122.543063,836.9455426,102.9021589
5347.05,1290.316324,1122.736263,837.1059911,102.9216727
5348.05,1290.652442,1122.987218,837.266451,102.9411773
5349.05,1290.935256,1123.204887,837.426916,102.9606776
5350.05,1291.165315,1123.418549,837.5873573,102.9801509
5351.05,1291.380241,1123.618415,837.7477912,102.9996215
5352.05,1291.664834,1123.843649,837.9081969,103.019084
5353.05,1291.966571,1124.067744,838.0685448,103.0385385
5354.05,1292.273931,1124.305603,838.2288145,103.0579914
5355.05,1292.494785,1124.508222,838.3889767,103.0774663
5356.05,1292.681037,1124.70872,838.5490993,103.0969172
5357.05,1292.94014,1124.930559,838.7091642,103.1163885
5358.05,1293.2076,1125.147632,838.869209,103.1358948
5359.05,1293.434727,1125.35266,839.0292242,103.1554062
5360.05,1293.620351,1125.540378,839.1892314,103.1749321
5361.05,1293.912131,1125.75239,839.3492515,103.1944607
5362.05,1294.192696,1125.969758,839.5093224,103.2140115
5363.05,1294.411526,1126.176682,839.6693644,103.2335868
5364.05,1294.691694,1126.399694,839.8294023,103.2532036
5365.05,1294.937851,1126.601472,839.9894553,103.272836
5366.05,1295.227319,1126.820851,840.1496513,103.292461
5367.05,1295.416967,1127.022219,840.3098967,103.3120787
5368.05,1295.657201,1127.235119,840.4702258,103.3317
5369.05,1295.860612,1127.438934,840.6305605,103.3513555
5370.05,1296.11322,1127.657712,840.7908866,103.3709927
5371.05,1296.371375,1127.870278,840.9512289,103.3906615
5372.05,1296.62055,1128.07993,841.111524,103.410326
5373.05,1296.936619,1128.323015,841.2717478,103.4300058
5374.05,1297.185348,1128.536374,841.4318885,103.4496922
5375.05,1297.469521,1128.767543,841.5919747,103.4693647
5376.05,1297.731754,1128.966948,841.7521091,103.4890292
5377.05,1297.972412,1129.170686,841.9122847,103.5086781
5378.05,1298.233415,1129.395665,842.07252,103.5283189
5379.05,1298.4603,1129.602697,842.2327652,103.5479694
5380.05,1298.680011,1129.804043,842.3930351,103.5676076
5381.05,1298.999664,1130.026321,842.5532891,103.5872517
5382.05,1299.244629,1130.232126,842.7135265,103.6068583
5383.05,1299.544843,1130.455959,842.8737782,103.626451
5384.05,1299.781546,1130.660108,843.0340046,103.6460672
5385.05,1300.058375,1130.884616,843.1942107,103.6656981
5386.05,1300.22816,1131.062788,843.354469,103.6853453
5387.05,1300.426952,1131.24822,843.5147059,103.7049823
5388.05,1300.673662,1131.459322,843.6749679,103.724603
5389.05,1300.95964,1131.682363,843.8352281,103.7442287
5390.05,1301.161187,1131.888724,843.9955143,103.7638663
5391.05,1301.43431,1132.108114,844.1557064,103.783509
5392.05,1301.632947,1132.306373,844.3158324,103.8031459
5393.05,1301.8527,1132.514443,844.4759019,103.822775
5394.05,1302.144254,1132.738948,844.6359936,103.842399
5395.05,1302.45818,1132.969918,844.7961009,103.8620007
5396.05,1302.700664,1133.187216,844.9561935,103.881605
5397.05,1302.95077,1133.403093,845.1162291,103.9012019
5398.05,1303.235362,1133.61837,845.2763179,103.9208051
5399.05,1303.53628,1133.832333,845.4364673,103.9403891
5400.05,1303.778999,1134.041797,845.5967531,103.959958
5401.05,1304.003347,1134.254496,845.7569781,103.9795269
5402.05,1304.274321,1134.467096,845.9171202,103.9991079
5403.05,1304.577284,1134.692216,846.0772421,104.0186871
5404.05,1304.842929,1134.90681,846.2373284,104.0382762
5405.05,1305.074023,1135.109232,846.3972904,104.0578553
5406.05,1305.333799,1135.327915,846.5571539,104.0774176
5407.05,1305.576499,1135.541702,846.716883,104.0969496
5408.05,1305.822423,1135.737655,846.8764745,104.1164597
5409.05,1306.05585,1135.958275,847.0359226,104.1359711
5410.05,1306.299638,1136.16505,847.1952509,104.1554565
5411.05,1306.530855,1136.373275,847.3545507,104.1749247
5412.05,1306.740546,1136.571865,847.5137408,104.1943844
5413.05,1306.898204,1136.759342,847.6729386,104.2138252
5414.05,1307.075379,1136.928523,847.8320339,104.2332109
5415.05,1307.334504,1137.135196,847.9912289,104.2525784
5416.05,1307.618515,1137.362969,848.1503748,104.2719485
5417.05,1307.783917,1137.558892,848.309364,104.2913444
5418.05,1308.00751,1137.763237,848.4682545,104.3107553
5419.05,1308.233747,1137.966315,848.6270527,104.3301721
5420.05,1308.488668,1138.178876,848.7857651,104.3495715
5421.05,1308.725074,1138.382596,848.9444091,104.3689658
5422.05,1308.859931,1138.567313,849.1030586,104.3883597
5423.05,1309.126433,1138.790676,849.2617009,104.4077469
5424.05,1309.424857,1139.017151,849.4203406,104.4271417
5425.05,1309.710523,1139.229369,849.5789534,104.4465286
5426.05,1309.901192,1139.419833,849.7374866,104.4659049
5427.05,1310.170746,1139.639813,849.8960258,104.4853083
5428.05,1310.459155,1139.865322,850.0546691,104.5047258
5429.05,1310.684751,1140.068039,850.2132146,104.5241243
5430.05,1310.937938,1140.276423,850.3717008,104.5435052
5431.05,1311.102129,1140.474171,850.5301175,104.5628864
5432.05,1311.346856,1140.688034,850.6884951,104.582281
5433.05,1311.601194,1140.893531,850.8469126,104.6016974
5434.05,1311.747669,1141.08246,851.0052747,104.6211391
5435.05,1312.001204,1141.298918,851.1636391,104.6405872
5436.05,1312.173128,1141.493183,851.3221229,104.6600345
5437.05,1312.43736,1141.71274,851.4805999,104.6795
5438.05,1312.645828,1141.914992,851.6390759,104.6989776
5439.05,1312.878501,1142.119578,851.7975288,104.7184647
5440.05,1313.106937,1142.329559,851.955857,104.7379435
5441.05,1313.351741,1142.531822,852.1141749,104.757425
5442.05,1313.576097,1142.73563,852.2725801,104.776898
5443.05,1313.816332,1142.933919,852.4310802,104.7963488
5444.05,1314.078135,1143.153579,852.5896811,104.815767
5445.05,1314.341553,1143.383059,852.7482868,104.8351717
5446.05,1314.542989,1143.589304,852.9068394,104.8545592
5447.05,1314.795067,1143.804929,853.0653249,104.8739485
5448.05,1315.094898,1144.036922,853.2238672,104.8933282
5449.05,1315.328923,1144.243087,853.3825616,104.9127114
5450.05,1315.576174,1144.453217,853.5412215,104.9320897
5451.05,1315.853239,1144.660118,853.6998279,104.9514655
5452.05,1315.999799,1144.84476,853.8585143,104.9708435
5453.05,1316.228592,1145.054668,854.0173112,104.9902381
5454.05,1316.4285,1145.269464,854.1760337,105.0096538
5455.05,1316.631171,1145.471227,854.3347067,105.029072
5456.05,1316.949562,1145.710506,854.493436,105.0484695
5457.05,1317.141819,1145.908241,854.6521772,105.0678469
5458.05,1317.394082,1146.12085,854.8109441,105.0872159
5459.05,1317.646903,1146.315986,854.9697172,105.1065658
5460.05,1317.875023,1146.526228,855.1284887,105.125917
5461.05,1318.119268,1146.729161,855.2872712,105.1452777
5462.05,1318.318592,1146.929582,855.4460202,105.1646492
5463.05,1318.551126,1147.132761,855.6047663,105.1840185
5464.05,1318.791473,1147.350014,855.763541,105.2033766
5465.05,1319.031689,1147.565059,855.9222862,105.222711
5466.05,1319.191218,1147.745479,856.080952,105.2420428
5467.05,1319.41177,1147.956316,856.2395524,105.2613892
5468.05,1319.616791,1148.155251,856.398122,105.2807315
5469.05,1319.84484,1148.378799,856.5566493,105.3000669
5470.05,1320.124708,1148.593523,856.7150384,105.319408
5471.05,1320.357111,1148.794659,856.8732827,105.3387248
5472.05,1320.58691,1149.002562,857.0315176,105.3580579
5473.05,1320.894236,1149.233884,857.1896658,105.377399
5474.05,1321.154301,1149.443609,857.3478061,105.3967395
5475.05,1321.439728,1149.657792,857.506047,105.4160675
5476.05,1321.697275,1149.878406,857.6643641,105.4353817
5477.05,1322.009562,1150.110269,857.8227273,105.4547127
5478.05,1322.216138,1150.316899,857.981186,105.4740752
5479.05,1322.461283,1150.522505,858.1396359,105.4934418
5480.05,1322.710619,1150.747397,858.2980822,105.5128433
5481.05,1322.975788,1150.976733,858.4565731,105.5322491
5482.05,1323.223119,1151.195449,858.6151366,105.5516684
5483.05,1323.467516,1151.409426,858.7736992,105.5710908
5484.05,1323.753209,1151.631617,858.9323844,105.5904851
5485.05,1324.023907,1151.857229,859.0911607,105.6098643
5486.05,1324.250637,1152.06175,859.2499989,105.6292253
5487.05,1324.469401,1152.267468,859.4088961,105.6485753
5488.05,1324.724593,1152.481171,859.5678891,105.6679173
5489.05,1324.932521,1152.675643,859.726919,105.6872584
5490.05,1325.259994,1152.932024,859.886014,105.7065886
5491.05,1325.486446,1153.12106,860.0451182,105.7259245
5492.05,1325.754019,1153.347362,860.204226,105.7452668
5493.05,1326.040874,1153.569626,860.363438,105.764619
5494.05,1326.277656,1153.775281,860.5226511,105.7839862
5495.05,1326.520415,1153.98317,860.681802,105.8033556
5496.05,1326.722966,1154.185095,860.8409258,105.8227318
5497.05,1326.989631,1154.399602,861.0000797,105.8421126
5498.05,1327.195261,1154.602299,861.1592444,105.8614962
5499.05,1327.4665,1154.814593,861.3184877,105.8808624
5500.05,1327.749496,1155.039232,861.477826,105.9002267
5501.05,1327.995969,1155.243454,861.6371878,105.9195978
5502.05,1328.28411,1155.464224,861.7966265,105.9389591
5503.05,1328.532341,1155.680864,861.9561736,105.9583205
5504.05,1328.77345,1155.892898,862.1157395,105.9776994
5505.05,1329.033327,1156.109706,862.2753905,105.9970814
5506.05,1329.267953,1156.328457,862.4351209,106.0164972
5507.05,1329.51474,1156.545944,862.5948378,106.0358949
5508.05,1329.81783,1156.771289,862.754552,106.0552772
5509.05,1330.131205,1157.0058,862.9143214,106.0746597
5510.05,1330.301761,1157.209285,863.0740667,106.0940683
5511.05,1330.487376,1157.391775,863.2337755,106.1134934
5512.05,1330.700794,1157.585726,863.3934968,106.1329427
5513.05,1330.962119,1157.791839,863.553361,106.152395
5514.05,1331.117418,1157.960537,863.7132021,106.17182
5515.05,1331.305885,1158.15975,863.8729635,106.1912337
5516.05,1331.523687,1158.374461,864.0326844,106.2106443
5517.05,1331.790914,1158.601315,864.1923528,106.2300416
5518.05,1332.030543,1158.804185,864.3519785,106.2494297
5519.05,1332.282485,1159.028308,864.5115897,106.2688212
5520.05,1332.45413,1159.198674,864.6712066,106.2882009
5521.05,1332.688978,1159.400595,864.8307138,106.3075545
5522.05,1332.914401,1159.59973,864.9901631,106.3268993
5523.05,1333.186754,1159.827278,865.1495485,106.3462246
5524.05,1333.433747,1160.041111,865.3089547,106.3655285
5525.05,1333.646202,1160.232155,865.468341,106.3848244
5526.05,1333.939502,1160.458741,865.6276119,106.4041458
5527.05,1334.205362,1160.664586,865.7869067,106.4234636
5528.05,1334.496351,1160.887591,865.9462319,106.4427996
5529.05,1334.666445,1161.063731,866.1054944,106.462156
5530.05,1334.859872,1161.26595,866.2647679,106.4815165
5531.05,1335.048527,1161.460627,866.4240299,106.5008715
5532.05,1335.31382,1161.677076,866.5833045,106.5202305
5533.05,1335.481956,1161.863619,866.7426057,106.5395843
5534.05,1335.7634,1162.093435,866.9019072,106.5589441
5535.05,1335.95717,1162.29235,867.0612508,106.5783209
5536.05,1336.151536,1162.499853,867.2206023,106.5977059
5537.05,1336.369075,1162.697676,867.3799316,106.6171012
5538.05,1336.591293,1162.903878,867.5392937,106.6365364
5539.05,1336.839181,1163.111517,867.6986538,106.655963
5540.05,1337.007357,1163.310001,867.8579752,106.6754082
5541.05,1337.226606,1163.517424,868.0173029,106.6948719
5542.05,1337.458939,1163.714068,868.1766135,106.7143342
5543.05,1337.685067,1163.912989,868.3359948,106.7337951
5544.05,1337.990278,1164.143291,868.4954555,106.7532733
5545.05,1338.150154,1164.31608,868.6549168,106.7727451
5546.05,1338.347425,1164.514518,868.8143453,106.7922423
5547.05,1338.570513,1164.729314,868.9738011,106.8117525
5548.05,1338.838644,1164.943794,869.1331966,106.8312622
5549.05,1339.09067,1165.176624,869.2925475,106.8507946
5550.05,1339.371616,1165.391424,869.4518686,106.8703411
5551.05,1339.601896,1165.60155,869.6112608,106.8898645
5552.05,1339.934114,1165.844289,869.7707456,106.9094332
5553.05,1340.201001,1166.051029,869.9302559,106.9290149
5554.05,1340.480354,1166.273711,870.0898256,106.9485858
5555.05,1340.750947,1166.484897,870.2493372,106.9681295
5556.05,1340.913021,1166.657431,870.4088423,106.9876729
5557.05,1341.165321,1166.871079,870.5683386,107.0072197
5558.05,1341.449977,1167.088104,870.7278984,107.0267877
5559.05,1341.798943,1167.331183,870.8875118,107.046362
5560.05,1342.051768,1167.52825,871.0471801,107.0659132
5561.05,1342.32105,1167.742054,871.2068933,107.0854475
5562.05,1342.617285,1167.965858,871.3667488,107.1049424
5563.05,1342.871652,1168.177947,871.5266044,107.1244537
5564.05,1343.148562,1168.398772,871.6864901,107.1439822
5565.05,1343.444824,1168.627902,871.8463565,107.1634992
5566.05,1343.749809,1168.853679,872.0062849,107.1830201
5567.05,1344.029802,1169.075747,872.1661725,107.2025253
5568.05,1344.27665,1169.285351,872.3259944,107.2220337
5569.05,1344.550071,1169.493065,872.4857661,107.2415326
5570.05,1344.785459,1169.700647,872.6454976,107.2610406
5571.05,1345.010755,1169.91589,872.8052423,107.2805662
5572.05,1345.216408,1170.120729,872.9649759,107.3001033
5573.05,1345.487717,1170.335563,873.1247294,107.3196413
5574.05,1345.656214,1170.530939,873.2844536,107.3391645
5575.05,1345.922485,1170.740296,873.4442333,107.3587118
5576.05,1346.12443,1170.918103,873.6039961,107.3782819
5577.05,1346.370128,1171.137437,873.7637761,107.3978428
5578.05,1346.622288,1171.349976,873.9235544,107.4173652
5579.05,1346.861447,1171.545578,874.0832524,107.4368523
5580.05,1347.030641,1171.746246,874.2428913,107.4563328
5581.05,1347.282967,1171.956514,874.4024729,107.4758016
5582.05,1347.520621,1172.149162,874.5619811,107.4952655
5583.05,1347.746661,1172.355935,874.7214275,107.5147264
5584.05,1347.9659,1172.558639,874.8808422,107.5341999
5585.05,1348.193038,1172.763648,875.0402593,107.553687
5586.05,1348.407626,1172.970214,875.1996519,107.5731643
5587.05,1348.550384,1173.158616,875.3590012,107.5926706
5588.05,1348.865118,1173.386614,875.5183262,107.612181
5589.05,1349.093131,1173.59439,875.6777468,107.631679
5590.05,1349.35081,1173.809522,875.8372291,107.6511999
5591.05,1349.602221,1174.015765,875.9967428,107.6707328
5592.05,1349.802393,1174.200512,876.1563452,107.6902695
5593.05,1350.037245,1174.396878,876.3160461,107.7097867
5594.05,1350.263214,1174.598736,876.4758443,107.7292944
5595.05,1350.553038,1174.816537,876.6357403,107.7487978
5596.05,1350.788711,1175.030687,876.7956986,107.7683351
5597.05,1350.963043,1175.225784,876.9557638,107.7878911
5598.05,1351.172081,1175.423058,877.1158555,107.8074554
5599.05,1351.418917,1175.641218,877.276041,107.8270184
5600.05,1351.684258,1175.868909,877.436327,107.8465762
5601.05,1351.954019,1176.088046,877.5966873,107.8661354
5602.05,1352.162321,1176.287715,877.7570808,107.8856688
5603.05,1352.422959,1176.493393,877.9175217,107.9052174
5604.05,1352.69755,1176.730979,878.0779149,107.9247678
5605.05,1352.921642,1176.918699,878.2383005,107.9443237
5606.05,1353.204613,1177.145654,878.3987948,107.9638983
5607.05,1353.407068,1177.33479,878.5593449,107.9835035
5608.05,1353.716844,1177.569966,878.7199636,108.003123
5609.05,1353.971813,1177.786268,878.8806964,108.0227515
5610.05,1354.220323,1178.007048,879.0415161,108.0423644
5611.05,1354.467468,1178.210168,879.2023995,108.0619831
5612.05,1354.751006,1178.428739,879.363338,108.0815825
5613.05,1354.9987,1178.649099,879.5243481,108.1011975
5614.05,1355.30325,1178.884906,879.6854453,108.1208278
5615.05,1355.53439,1179.091921,879.8465352,108.140461
5616.05,1355.743072,1179.299512,880.0076757,108.1600985
5617.05,1356.04619,1179.523025,880.1689039,108.1797377
5618.05,1356.223402,1179.710417,880.3301685,108.1993779
5619.05,1356.429091,1179.902709,880.4914478,108.2190051
5620.05,1356.647945,1180.108136,880.6527815,108.2386249
5621.05,1356.877601,1180.32348,880.8141166,108.258264
5622.05,1357.116911,1180.53616,880.9753675,108.2779127
5623.05,1357.378545,1180.745341,881.1365984,108.2975645
5624.05,1357.652052,1180.967872,881.297859,108.3172036
5625.05,1357.969105,1181.203091,881.4590171,108.3368441
5626.05,1358.220262,1181.408998,881.6200837,108.3565015
5627.05,1358.446426,1181.620872,881.7811335,108.3761733
5628.05,1358.653731,1181.823618,881.9421399,108.3958782
5629.05,1358.890524,1182.029841,882.1030717,108.4155996
5630.05,1359.115737,1182.229574,882.2639364,108.4353399
5631.05,1359.400937,1182.460956,882.4247605,108.4551025
5632.05,1359.624053,1182.660327,882.585625,108.4748762
5633.05,1359.857655,1182.867953,882.7465185,108.4946444
5634.05,1360.081235,1183.079912,882.9073764,108.5144007
5635.05,1360.349294,1183.294728,883.0683064,108.5341503
5636.05,1360.61857,1183.516003,883.2293177,108.5539255
5637.05,1360.894806,1183.737179,883.3902798,108.5736875
5638.05,1361.148973,1183.942139,883.5511977,108.5934284
5639.05,1361.384522,1184.147487,883.7120956,108.6131787
5640.05,1361.507111,1184.325722,883.8729404,108.632912
5641.05,1361.717887,1184.516551,884.0337479,108.6526296
5642.05,1362.016923,1184.746233,884.1946009,108.6723216
5643.05,1362.225423,1184.945389,884.3554026,108.6919995
5644.05,1362.40207,1185.125329,884.5162122,108.7116846
5645.05,1362.624188,1185.331741,884.6770144,108.7313716
5646.05,1362.857689,1185.526602,884.8377834,108.7510468
5647.05,1363.148151,1185.763104,884.9985652,108.7707287
5648.05,1363.337349,1185.956596,885.1594357,108.790411
5649.05,1363.520164,1186.150631,885.3202468,108.8101181
5650.05,1363.764085,1186.358653,885.4810824,108.8298112
5651.05,1363.939917,1186.537844,885.6419626,108.8495129
5652.05,1364.207605,1186.757388,885.8027381,108.8691823
5653.05,1364.340664,1186.944413,885.963482,108.8888319
5654.05,1364.591836,1187.164893,886.124088,108.9085138
5655.05,1364.797277,1187.369994,886.2846209,108.9282018
5656.05,1365.024514,1187.592149,886.4451277,108.9479061
5657.05,1365.216989,1187.791629,886.6055339,108.9676025
5658.05,1365.404163,1187.982009,886.7657814,108.9872891
5659.05,1365.637065,1188.195693,886.925894,109.0069722
5660.05,1365.949046,1188.427081,887.0860184,109.0266336
5661.05,1366.198217,1188.634865,887.2461776,109.0462866
5662.05,1366.49489,1188.863976,887.4063118,109.0659022
5663.05,1366.755034,1189.077422,887.5663959,109.0855304
5664.05,1366.991035,1189.293441,887.7263661,109.1051577
5665.05,1367.290462,1189.53629,887.8862055,109.1247694
5666.05,1367.56431,1189.757129,888.045978,109.1443677
5667.05,1367.753609,1189.955442,888.2057088,109.1639519
5668.05,1367.976524,1190.16174,888.3653393,109.1835345
5669.05,1368.195709,1190.372334,888.5247939,109.2030837
5670.05,1368.416249,1190.57679,888.6840425,109.2226383
5671.05,1368.663262,1190.797872,888.8431809,109.2422007
5672.05,1368.876032,1191.002992,889.0023079,109.2617836
5673.05,1369.127221,1191.216169,889.1615148,109.28136
5674.05,1369.35554,1191.420062,889.3207334,109.3009291
5675.05,1369.606711,1191.627055,889.4798744,109.320492
5676.05,1369.804505,1191.816542,889.6389946,109.3400388
5677.05,1370.038932,1192.031573,889.7981671,109.3595816
5678.05,1370.308643,1192.240339,889.9572881,109.3791118
5679.05,1370.532009,1192.4445,890.1163375,109.3986342
5680.05,1370.754982,1192.651763,890.2753301,109.4181648
5681.05,1370.966858,1192.85909,890.4343786,109.4376878
5682.05,1371.20275,1193.075267,890.5934377,109.4572081
5683.05,1371.467937,1193.284466,890.7524445,109.4767251
5684.05,1371.813903,1193.529334,890.9114665,109.4962182
5685.05,1372.073352,1193.74867,891.0705631,109.5156975
5686.05,1372.3578,1193.960374,891.2297082,109.5352098
5687.05,1372.7148,1194.213242,891.3888745,109.5547442
5688.05,1372.951888,1194.428556,891.5480778,109.5743018
5689.05,1373.195128,1194.636097,891.7074037,109.5938728
5690.05,1373.393364,1194.833428,891.8667944,109.61345
5691.05,1373.599387,1195.036392,892.0263134,109.6330467
5692.05,1373.894404,1195.271508,892.1858267,109.6526252
5693.05,1374.150517,1195.493024,892.3453667,109.6722075
5694.05,1374.399226,1195.701658,892.5048899,109.691769
5695.05,1374.671623,1195.923006,892.6644283,109.711329
5696.05,1374.956509,1196.149843,892.8239331,109.7308984
5697.05,1375.19792,1196.352129,892.9834333,109.7504556
5698.05,1375.474598,1196.572128,893.1428784,109.7700027
5699.05,1375.722518,1196.78719,893.3023421,109.7895304
5700.05,1375.871135,1196.977972,893.4617493,109.8090733
5701.05,1376.124331,1197.194598,893.6211626,109.8286107
5702.05,1376.365102,1197.400796,893.780705,109.8481401
5703.05,1376.602574,1197.618612,893.9403397,109.8676633
5704.05,1376.861709,1197.82102,894.1000378,109.8871978
5705.05,1377.080729,1198.01963,894.2597794,109.9067508
5706.05,1377.30949,1198.226064,894.4196048,109.9263065
5707.05,1377.577798,1198.435888,894.5794824,109.9458811
5708.05,1377.801321,1198.637582,894.739399,109.965444
5709.05,1378.076625,1198.861861,894.8993333,109.9849966
5710.05,1378.330834,1199.067227,895.0593674,110.0045632
5711.05,1378.561421,1199.292105,895.2195405,110.0241682
5712.05,1378.824751,1199.511333,895.3797726,110.0437694
5713.05,1379.010882,1199.706984,895.5400039,110.0633734
5714.05,1379.29691,1199.912216,895.7001885,110.0829446
5715.05,1379.556366,1200.131838,895.8604382,110.1025268
5716.05,1379.811491,1200.336243,896.020849,110.1221465
5717.05,1380.155248,1200.575125,896.1813451,110.1417978
5718.05,1380.420417,1200.803142,896.3419199,110.1614342
5719.05,1380.670937,1201.002145,896.5025395,110.1810673
5720.05,1380.952894,1201.234946,896.663209,110.2007142
5721.05,1381.171828,1201.429822,896.8239331,110.2203423
5722.05,1381.41749,1201.638638,896.9847325,110.2399897
5723.05,1381.631768,1201.83334,897.1455608,110.2596397
5724.05,1381.887557,1202.040529,897.3065052,110.279292
5725.05,1382.202766,1202.266383,897.4675352,110.2989663
5726.05,1382.41241,1202.469384,897.6285342,110.3186268
5727.05,1382.629214,1202.674284,897.7896485,110.338285
5728.05,1382.830457,1202.883586,897.9507939,110.3579472
5729.05,1383.096306,1203.112137,898.1119996,110.3776132
5730.05,1383.372896,1203.32767,898.2733584,110.3973164
5731.05,1383.580727,1203.521419,898.4348594,110.4170348
5732.05,1383.797223,1203.715668,898.596449,110.4367669
5733.05,1384.055835,1203.94973,898.7579962,110.456538
5734.05,1384.253619,1204.146804,898.9195207,110.4763012
5735.05,1384.51183,1204.363541,899.0809533,110.4960656
5736.05,1384.737944,1204.571063,899.2423729,110.5158076
5737.05,1384.993925,1204.781101,899.4038084,110.5355219
5738.05,1385.224678,1204.993443,899.5652059,110.555239
5739.05,1385.501683,1205.210083,899.7265558,110.5749574
5740.05,1385.831405,1205.450208,899.8879152,110.5946553
5741.05,1386.051567,1205.650607,900.0491933,110.6143459
5742.05,1386.318843,1205.870195,900.2104216,110.6340359
5743.05,1386.531582,1206.069923,900.371591,110.6537074
5744.05,1386.746959,1206.26657,900.5327152,110.6733661
5745.05,1387.075171,1206.502822,900.693741,110.6930031
5746.05,1387.33094,1206.714591,900.8547018,110.7126383
5747.05,1387.565012,1206.915317,901.0157014,110.7322702
5748.05,1387.819194,1207.128986,901.1767281,110.7518909
5749.05,1388.07161,1207.337824,901.3377218,110.7714986
5750.05,1388.313874,1207.550989,901.498654,110.7910997
5751.05,1388.535449,1207.761881,901.6595938,110.8107036
5752.05,1388.766825,1207.967133,901.8205292,110.8302984
5753.05,1389.079224,1208.184682,901.9815014,110.8498526
5754.05,1389.330098,1208.412492,902.1423679,110.8693897
5755.05,1389.570323,1208.619288,902.3031916,110.8889271
5756.05,1389.763415,1208.822544,902.4641712,110.9084865
5757.05,1389.958835,1209.021064,902.6251691,110.928068
5758.05,1390.129174,1209.205627,902.7861439,110.9476311
5759.05,1390.330863,1209.406284,902.9470589,110.9671865
5760.05,1390.648772,1209.645021,903.1079641,110.9867146
5761.05,1390.933722,1209.870262,903.2688806,111.0062281
5762.05,1391.194151,1210.099219,903.4297829,111.0257429
5763.05,1391.439378,1210.317356,903.5906508,111.0452626
5764.05,1391.623088,1210.525587,903.7514431,111.0647644
5765.05,1391.863719,1210.725693,903.9122704,111.0842436
5766.05,1392.079466,1210.933161,904.0730132,111.1037314
5767.05,1392.288787,1211.130815,904.2337948,111.1232398
5768.05,1392.55336,1211.354346,904.3945473,111.1427691
5769.05,1392.792689,1211.569229,904.5550791,111.1623046
5770.05,1393.038153,1211.778312,904.7154578,111.181838
5771.05,1393.346705,1211.994988,904.8758094,111.2013725
5772.05,1393.597937,1212.202715,905.0361619,111.220892
5773.05,1393.869982,1212.426013,905.1964299,111.2403994
5774.05,1394.115538,1212.633011,905.3566436,111.2599081
5775.05,1394.307747,1212.826475,905.5167145,111.2794246
5776.05,1394.545384,1213.039268,905.6766819,111.2989619
5777.05,1394.798966,1213.258116,905.8365351,111.3185076
5778.05,1394.964856,1213.439684,905.9963524,111.3380799
5779.05,1395.22322,1213.653265,906.1561423,111.3576576
5780.05,1395.4582,1213.861018,906.3158804,111.3772557
5781.05,1395.747459,1214.084017,906.4756347,111.3968451
5782.05,1396.052076,1214.31214,906.6354882,111.4164387
5783.05,1396.278246,1214.510138,906.7954019,111.4360347
5784.05,1396.516692,1214.721141,906.9553701,111.4556331
5785.05,1396.742507,1214.920744,907.1152894,111.4752277
5786.05,1397.009118,1215.144231,907.2751215,111.4948036
5787.05,1397.207052,1215.344424,907.4348166,111.5143838
5788.05,1397.41508,1215.549724,907.594417,111.5339839
5789.05,1397.657536,1215.764382,907.7540894,111.5535722
5790.05,1397.937684,1215.986382,907.9137098,111.5731606
5791.05,1398.175869,1216.204943,908.073334,111.59273
5792.05,1398.421256,1216.417259,908.2328408,111.6122856
5793.05,1398.619256,1216.611145,908.3923639,111.6318498
5794.05,1398.840685,1216.822355,908.5518787,111.6514245
5795.05,1399.117842,1217.048013,908.7113729,111.6709792
5796.05,1399.340293,1217.252692,908.8708282,111.6905064
5797.05,1399.561282,1217.460271,909.0302813,111.7099932
5798.05,1399.8521,1217.687642,909.1897986,111.7294773
5799.05,1400.046678,1217.88486,909.3493795,111.7489693
5800.05,1400.29715,1218.086173,909.5089315,111.7684522
5801.05,1400.54143,1218.297997,909.6684501,111.7878944
5802.05,1400.772395,1218.497579,909.8279871,111.807339
5803.05,1401.053536,1218.716798,909.9874223,111.8267873
5804.05,1401.400978,1218.954069,910.1468445,111.8462111
5805.05,1401.716426,1219.192084,910.3063052,111.86562
5806.05,1402.007528,1219.414891,910.4656047,111.8850086
5807.05,1402.286962,1219.643039,910.6248502,111.9043815
5808.05,1402.529073,1219.863193,910.7840666,111.9237691
5809.05,1402.727041,1220.064847,910.9432267,111.9431515
5810.05,1402.959251,1220.27142,911.102347,111.9625174
5811.05,1403.210915,1220.490367,911.2614121,111.9818197
5812.05,1403.431605,1220.704824,911.4204553,112.001118
5813.05,1403.679778,1220.912714,911.579416,112.0204304
5814.05,1403.914849,1221.124033,911.738263,112.0397473
5815.05,1404.110387,1221.313643,911.897008,112.0590317
5816.05,1404.396493,1221.528162,912.0556805,112.0782842
5817.05,1404.610417,1221.733373,912.2143852,112.0975706
5818.05,1404.8424,1221.948138,912.3729893,112.1168717
5819.05,1405.160245,1222.177311,912.5315217,112.1361684
5820.05,1405.355139,1222.370217,912.6899777,112.1554441
5821.05,1405.618401,1222.575904,912.8483032,112.1747129
5822.05,1405.859168,1222.789053,913.0066001,112.1939821
5823.05,1406.114691,1223.001091,913.164914,112.2132563
5824.05,1406.399865,1223.212553,913.3232647,112.2325438
5825.05,1406.600042,1223.405553,913.4816834,112.251813
5826.05,1406.856022,1223.614126,913.639985,112.2710659
5827.05,1407.12794,1223.820662,913.7983606,112.2903015
5828.05,1407.324564,1224.006609,913.9567271,112.3094995
5829.05,1407.571323,1224.210805,914.1149971,112.3287008
5830.05,1407.751421,1224.411609,914.2731735,112.3478717
5831.05,1407.978067,1224.625143,914.4311961,112.3670398
5832.05,1408.22497,1224.836512,914.5891244,112.3862118
5833.05,1408.488886,1225.042546,914.7469796,112.4054175
5834.05,1408.764043,1225.264575,914.9047141,112.4246417
5835.05,1408.985329,1225.452597,915.0624059,112.4438687
5836.05,1409.204524,1225.65251,915.2201457,112.463109
5837.05,1409.450054,1225.868748,915.3779073,112.482333
5838.05,1409.694694,1226.085022,915.5356185,112.5015666
5839.05,1410.028392,1226.320913,915.6933466,112.520791
5840.05,1410.322906,1226.554033,915.8510348,112.5400148
5841.05,1410.564106,1226.770954,916.0086705,112.5592722
5842.05,1410.882898,1227.000011,916.1662946,112.5785679
5843.05,1411.173825,1227.233226,916.3238903,112.5978984
5844.05,1411.453043,1227.460618,916.4815153,112.6172062
5845.05,1411.706238,1227.681195,916.6391088,112.6365075
5846.05,1411.984045,1227.8995,916.7966273,112.6557986
5847.05,1412.270084,1228.124189,916.9541859,112.6751053
5848.05,1412.542986,1228.355028,917.1118403,112.694422
5849.05,1412.761522,1228.545985,917.2695292,112.7137453
5850.05,1413.007098,1228.758981,917.4272246,112.7330515
5851.05,1413.254947,1228.962523,917.5849349,112.7523781
5852.05,1413.44704,1229.143369,917.7426464,112.7717131
5853.05,1413.679779,1229.353829,917.9003764,112.7910593
5854.05,1413.885497,1229.552185,918.0581501,112.810383
5855.05,1414.207833,1229.796916,918.2159751,112.8297063
5856.05,1414.477221,1230.022465,918.3737842,112.8490044
5857.05,1414.666718,1230.218927,918.5316647,112.8682976
5858.05,1414.975304,1230.461444,918.6895682,112.8876067
5859.05,1415.269579,1230.6846,918.847417,112.9069252
5860.05,1415.468234,1230.885162,919.0053099,112.9262746
5861.05,1415.749339,1231.105081,919.1631883,112.9456701
5862.05,1415.922861,1231.295068,919.3210745,112.9650814
5863.05,1416.142065,1231.488216,919.4790369,112.9845119
5864.05,1416.37257,1231.69299,919.6370053,113.0039307
5865.05,1416.553395,1231.879399,919.7950142,113.0233259
5866.05,1416.733029,1232.0779,919.9529328,113.0427125
5867.05,1417.098545,1232.33586,920.1109089,113.0621113
5868.05,1417.318851,1232.532406,920.2689646,113.0814967
5869.05,1417.537831,1232.739193,920.4270517,113.1008721
5870.05,1417.759919,1232.937928,920.5851478,113.120228
5871.05,1417.98931,1233.150479,920.7431592,113.1395729
5872.05,1418.184114,1233.351214,920.9011499,113.1589497
5873.05,1418.444737,1233.564224,921.0591744,113.1783104
5874.05,1418.701307,1233.778487,921.2172153,113.1976394
5875.05,1418.997929,1234.011752,921.3752653,113.2169678
5876.05,1419.245192,1234.222382,921.533287,113.2363057
5877.05,1419.561278,1234.463597,921.6913319,113.2556491
5878.05,1419.772754,1234.660622,921.8493482,113.274983
5879.05,1419.987841,1234.865007,922.0072969,113.2943168
5880.05,1420.198049,1235.064247,922.1651773,113.313653
5881.05,1420.455312,1235.276941,922.3229377,113.3329957
5882.05,1420.743564,1235.505678,922.4805358,113.3523336
5883.05,1420.93102,1235.714283,922.6380633,113.3716479
5884.05,1421.22153,1235.936937,922.7955144,113.39098
5885.05,1421.49277,1236.146076,922.9529845,113.4103288
5886.05,1421.72504,1236.34511,923.110561,113.4296671
5887.05,1421.952661,1236.551133,923.2680308,113.4489712
5888.05,1422.196463,1236.76508,923.4254726,113.4682739
5889.05,1422.422223,1236.972128,923.5829473,113.487556
5890.05,1422.678105,1237.182069,923.740408,113.5068335
5891.05,1422.86144,1237.361085,923.8978528,113.5261159
5892.05,1423.214891,1237.608474,924.055382,113.5454007
5893.05,1423.470093,1237.812317,924.2128773,113.5646971
5894.05,1423.701352,1238.014336,924.3703593,113.5839737
5895.05,1423.932265,1238.230318,924.5278475,113.6032483
5896.05,1424.130078,1238.428996,924.685241,113.6225456
5897.05,1424.365178,1238.635637,924.8426452,113.6418847
5898.05,1424.549055,1238.831269,924.9999871,113.6612232
5899.05,1424.799686,1239.05229,925.1572196,113.6805652
5900.05,1425.054429,1239.272331,925.3144063,113.6999135
5901.05,1425.287509,1239.466324,925.4715686,113.7192592
5902.05,1425.469191,1239.667514,925.628828,113.7386129
5903.05,1425.615209,1239.848332,925.7861973,113.7579594
5904.05,1425.819078,1240.054042,925.9436267,113.7772969
5905.05,1426.113632,1240.284707,926.1010224,113.7966436
5906.05,1426.368048,1240.504593,926.2584161,113.8160096
5907.05,1426.597956,1240.715845,926.4157219,113.8354048
5908.05,1426.902978,1240.948451,926.5730112,113.8548027
5909.05,1427.180637,1241.159409,926.730441,113.8742023
5910.05,1427.413625,1241.356871,926.8880078,113.893598
5911.05,1427.668233,1241.563921,927.0456988,113.9129972
5912.05,1427.899488,1241.762399,927.2035332,113.9323698
5913.05,1428.115782,1241.970165,927.3614406,113.9517182
5914.05,1428.288519,1242.167371,927.519457,113.9710825
5915.05,1428.556051,1242.378837,927.6775395,113.9904612
5916.05,1428.787192,1242.585846,927.8356687,114.0098594
5917.05,1429.056444,1242.800072,927.9937831,114.029284
5918.05,1429.301864,1243.029109,928.1519122,114.0486904
5919.05,1429.495584,1243.226859,928.309993,114.068086
5920.05,1429.702722,1243.419976,928.4681703,114.0874762
5921.05,1429.970908,1243.640817,928.6264005,114.1068888
5922.05,1430.268842,1243.872244,928.7846349,114.1262957
5923.05,1430.520782,1244.088205,928.9428656,114.145702
5924.05,1430.747328,1244.294644,929.1011276,114.1651296
5925.05,1430.981138,1244.501979,929.2593853,114.1845689
5926.05,1431.276086,1244.719231,929.4176015,114.2040045
5927.05,1431.535089,1244.926923,929.5758618,114.2234317
5928.05,1431.731485,1245.126486,929.7340962,114.2428543
5929.05,1431.948143,1245.33,929.892418,114.2622647
5930.05,1432.157183,1245.532308,930.050899,114.2816614
5931.05,1432.350155,1245.705927,930.2094443,114.3010551
5932.05,1432.525373,1245.893668,930.3679631,114.3204619
5933.05,1432.817403,1246.115804,930.5265676,114.3398862
5934.05,1433.032891,1246.312974,930.6852331,114.3593118
5935.05,1433.228815,1246.50439,930.843974,114.3787329
5936.05,1433.472553,1246.701318,931.0027748,114.3981588
5937.05,1433.726758,1246.913091,931.1615892,114.4175871
5938.05,1433.971663,1247.119343,931.3204835,114.4370338
5939.05,1434.207785,1247.3306,931.4794697,114.4565087
5940.05,1434.434169,1247.540725,931.6385761,114.4759757
5941.05,1434.699619,1247.757687,931.7977453,114.4954642
5942.05,1434.913031,1247.9627,931.9568819,114.5149632
5943.05,1435.114208,1248.159425,932.1159974,114.5344328
5944.05,1435.366907,1248.370843,932.2750852,114.5538512
5945.05,1435.667632,1248.570402,932.4341917,114.5732297
5946.05,1435.89645,1248.775765,932.5933299,114.5925847
5947.05,1436.088542,1248.974081,932.7525087,114.6119145
5948.05,1436.309542,1249.185925,932.9116034,114.6312481
5949.05,1436.553616,1249.394883,933.0706279,114.650591
5950.05,1436.783241,1249.589289,933.2295948,114.6699055
5951.05,1437.078347,1249.811615,933.3886048,114.6891951
5952.05,1437.291981,1250.018957,933.5477938,114.7084734
5953.05,1437.525849,1250.234969,933.7070681,114.7277703
5954.05,1437.757814,1250.436807,933.8663687,114.7470856
5955.05,1437.991545,1250.640873,934.0257162,114.7664053
5956.05,1438.253585,1250.8672,934.1849843,114.7857115
5957.05,1438.483952,1251.075341,934.3440772,114.8049956
5958.05,1438.744204,1251.291202,934.5031742,114.8242848
5959.05,1438.992425,1251.516251,934.6623844,114.8435461
5960.05,1439.311149,1251.742521,934.8216363,114.8627695
5961.05,1439.576034,1251.961769,934.9809089,114.8819606
5962.05,1439.850252,1252.192353,935.1402719,114.9011532
5963.05,1440.14141,1252.427408,935.2996405,114.9203329
5964.05,1440.364382,1252.633781,935.4589915,114.939523
5965.05,1440.610706,1252.858151,935.6183155,114.9587003
5966.05,1440.861312,1253.082626,935.7776493,114.9779045
5967.05,1441.105368,1253.283623,935.936943,114.9971257
5968.05,1441.391253,1253.514627,936.0962871,115.0163487
5969.05,1441.613133,1253.723337,936.2556831,115.0355638
5970.05,1441.829961,1253.914776,936.4150335,115.0547948
5971.05,1442.104204,1254.137818,936.5744521,115.0740294
5972.05,1442.333893,1254.344175,936.7339759,115.093295
5973.05,1442.625565,1254.560308,936.893533,115.1125861
5974.05,1442.830039,1254.751998,937.053079,115.1318799
5975.05,1443.045435,1254.955005,937.2126311,115.1511817
5976.05,1443.316529,1255.184876,937.3721799,115.170484
5977.05,1443.528802,1255.381334,937.5317346,115.1898094
5978.05,1443.829889,1255.609599,937.6911966,115.209154
5979.05,1444.00689,1255.808762,937.850661,115.2285126
5980.05,1444.224115,1256.006689,938.0101623,115.2478753
5981.05,1444.43868,1256.21279,938.1697394,115.267253
5982.05,1444.673835,1256.42893,938.3293214,115.2866574
5983.05,1444.829331,1256.606488,938.4888721,115.3060725
5984.05,1445.085281,1256.819148,938.6485156,115.3254906
5985.05,1445.363526,1257.036688,938.8081199,115.3449499
5986.05,1445.577733,1257.230376,938.967733,115.3644167
5987.05,1445.810755,1257.438466,939.1274275,115.3838784
5988.05,1446.062961,1257.642129,939.287186,115.4033371
5989.05,1446.2596,1257.838891,939.4471008,115.4228117
5990.05,1446.507556,1258.046979,939.6070833,115.442296
5991.05,1446.754291,1258.256235,939.7670342,115.4617879
5992.05,1446.974055,1258.435181,939.9269299,115.4812741
5993.05,1447.181432,1258.626828,940.0869249,115.5007501
5994.05,1447.330946,1258.810155,940.247011,115.5202504
5995.05,1447.528595,1259.004019,940.4070196,115.5397301
5996.05,1447.72352,1259.202858,940.5669865,115.5592118
5997.05,1448.05153,1259.432094,940.7269738,115.5786708
5998.05,1448.292846,1259.640255,940.8869342,115.5981394
5999.05,1448.605432,1259.87794,941.0468757,115.6176423
6000.05,1448.837345,1260.084234,941.2068852,115.6371633
6001.05,1449.048983,1260.268921,941.3670547,115.6566889
6002.05,1449.225412,1260.459808,941.5272479,115.6761926
6003.05,1449.514529,1260.682352,941.6873962,115.6957037
6004.05,1449.754348,1260.896445,941.8476096,115.7152212
6005.05,1449.971874,1261.105179,942.0077896,115.7347462
6006.05,1450.179331,1261.295974,942.1679262,115.7542724
6007.05,1450.463121,1261.513938,942.3280376,115.773791
6008.05,1450.728219,1261.729755,942.4881758,115.7933182
6009.05,1450.999188,1261.945735,942.6482132,115.8128122
6010.05,1451.217729,1262.155044,942.808164,115.8323222
6011.05,1451.392053,1262.350234,942.9680975,115.8518621
6012.05,1451.619394,1262.572921,943.1280695,115.8714057
6013.05,1451.862152,1262.796341,943.2879909,115.8909538
6014.05,1452.09749,1263.006144,943.4479589,115.9105222
6015.05,1452.281168,1263.187869,943.607852,115.9300723
6016.05,1452.443522,1263.368148,943.7678107,115.9495944
6017.05,1452.654609,1263.560435,943.9277764,115.9691396
6018.05,1452.956573,1263.78591,944.0877951,115.9887035
6019.05,1453.229953,1263.999855,944.2477904,116.0082451
6020.05,1453.47005,1264.199641,944.4077673,116.0277587
6021.05,1453.729482,1264.407229,944.5677163,116.0472625
6022.05,1453.992281,1264.624576,944.7276916,116.0667523
6023.05,1454.217289,1264.830034,944.8876413,116.0862151
6024.05,1454.444379,1265.039757,945.047538,116.1056832
6025.05,1454.664916,1265.23898,945.2073566,116.125152
6026.05,1454.9481,1265.465475,945.36713,116.144618
6027.05,1455.176204,1265.677686,945.526917,116.1641022
6028.05,1455.442593,1265.893071,945.6866182,116.1835664
6029.05,1455.714231,1266.111864,945.846326,116.20301
6030.05,1455.906291,1266.328004,946.0060184,116.2224677
6031.05,1456.135145,1266.532264,946.1657488,116.2419346
6032.05,1456.383177,1266.739345,946.3255179,116.2614233
6033.05,1456.606912,1266.950249,946.4851874,116.2809066
6034.05,1456.797738,1267.147077,946.6447768,116.3003662
6035.05,1457.068526,1267.375422,946.8042981,116.3197945
6036.05,1457.242354,1267.57127,946.9637811,116.3392056
6037.05,1457.549538,1267.806281,947.1232253,116.3586219
6038.05,1457.813606,1268.03277,947.2826283,116.3780484
6039.05,1458.085929,1268.249063,947.4419989,116.3974785
6040.05,1458.343026,1268.465641,947.6013199,116.4169063
6041.05,1458.570391,1268.664961,947.7607396,116.4363514
6042.05,1458.791749,1268.864141,947.9202384,116.4557783
6043.05,1459.007813,1269.069187,948.0797449,116.4751844
6044.05,1459.229752,1269.269003,948.2391963,116.4945628
6045.05,1459.447284,1269.484856,948.3986357,116.5139685
6046.05,1459.765512,1269.727391,948.5580785,116.5334208
6047.05,1460.078813,1269.961323,948.7175901,116.5528939
6048.05,1460.357178,1270.193738,948.8772099,116.5723748
6049.05,1460.545786,1270.387733,949.0368017,116.5918491
6050.05,1460.7994,1270.611188,949.1963897,116.6113203
6051.05,1461.085502,1270.848023,949.3559542,116.6307813
6052.05,1461.309865,1271.052185,949.5154814,116.6502434
6053.05,1461.479599,1271.245474,949.6750941,116.6696943
6054.05,1461.711892,1271.452248,949.8347507,116.6891465
6055.05,1462.017097,1271.681071,949.9943807,116.7085839
6056.05,1462.31904,1271.914045,950.153993,116.7280229
6057.05,1462.494086,1272.105622,950.3135572,116.7474793
6058.05,1462.73649,1272.325609,950.4730835,116.7669412
6059.05,1462.966368,1272.534676,950.632599,116.7864073
6060.05,1463.231707,1272.750469,950.7920687,116.8058869
6061.05,1463.525582,1272.982055,950.9515811,116.8253521
6062.05,1463.750929,1273.184888,951.1111057,116.8448156
6063.05,1464.016241,1273.389178,951.2706089,116.8642717
6064.05,1464.188351,1273.573741,951.4300969,116.8837216
6065.05,1464.469791,1273.788337,951.5895871,116.9031742
6066.05,1464.718689,1274.005108,951.7491277,116.9226228
6067.05,1464.923788,1274.205949,951.9087142,116.9420629
6068.05,1465.17704,1274.421375,952.0682578,116.961503
6069.05,1465.465398,1274.638859,952.2277471,116.9809317
6070.05,1465.651224,1274.820184,952.3872977,117.0003634
6071.05,1465.897981,1275.027188,952.5468278,117.019768
6072.05,1466.168686,1275.259072,952.7063328,117.0391582
6073.05,1466.453727,1275.482838,952.8657488,117.058539
6074.05,1466.679519,1275.685196,953.0251375,117.0778744
6075.05,1467.00895,1275.919723,953.1844933,117.0972075
6076.05,1467.242268,1276.13326,953.343741,117.1165533
6077.05,1467.489079,1276.345155,953.502966,117.1359002
6078.05,1467.737715,1276.562514,953.6621808,117.15529
6079.05,1467.978558,1276.780204,953.8214899,117.1746757
6080.05,1468.283185,1277.005843,953.9808855,117.1940363
6081.05,1468.478415,1277.201863,954.140273,117.213381
6082.05,1468.707538,1277.397917,954.2996856,117.2327155
6083.05,1468.977405,1277.61648,954.4590718,117.2520589
6084.05,1469.219641,1277.82691,954.6183625,117.2714
6085.05,1469.454871,1278.043758,954.7775148,117.2906901
6086.05,1469.68731,1278.241963,954.9366652,117.3099597
6087.05,1469.915631,1278.44644,955.095729,117.3292457
6088.05,1470.127352,1278.641151,955.2547595,117.3485328
6089.05,1470.402583,1278.870751,955.4137859,117.3678313
6090.05,1470.565005,1279.051248,955.5728088,117.3871914
6091.05,1470.865968,1279.277982,955.7318059,117.4065645
6092.05,1471.119946,1279.506072,955.8907313,117.4259241
6093.05,1471.384226,1279.728047,956.0496387,117.44529
6094.05,1471.717656,1279.955683,956.2085621,117.4646604
6095.05,1471.974251,1280.182288,956.3674315,117.4839953
6096.05,1472.246917,1280.398545,956.5263271,117.5033313
6097.05,1472.494414,1280.596459,956.6852147,117.5226808
6098.05,1472.772682,1280.809844,956.8441995,117.5420389
6099.05,1472.986044,1281.003557,957.0031962,117.5613852
6100.05,1473.181938,1281.195852,957.1621111,117.5807438
6101.05,1473.460219,1281.418574,957.3210204,117.6001357
6102.05,1473.666334,1281.609258,957.4799712,117.6195438
6103.05,1473.83121,1281.800981,957.6389341,117.6389551
6104.05,1474.09787,1282.018555,957.7978893,117.6583833
6105.05,1474.315561,1282.224049,957.9568288,117.6778116
6106.05,1474.592278,1282.448956,958.1158229,117.6972323
6107.05,1474.807601,1282.660691,958.2747993,117.7166522
6108.05,1474.991494,1282.857365,958.4337654,117.7360582
6109.05,1475.242132,1283.065297,958.5927191,117.7554516
6110.05,1475.478922,1283.263076,958.7516782,117.7748597
6111.05,1475.67182,1283.457682,958.9106553,117.7942777
6112.05,1475.887625,1283.647501,959.069627,117.8136828
6113.05,1476.174571,1283.867989,959.2286618,117.8331068
6114.05,1476.428138,1284.083786,959.3877204,117.8525526
6115.05,1476.704762,1284.309128,959.5468333,117.8720288
6116.05,1476.940572,1284.528113,959.7059631,117.8914831
6117.05,1477.099182,1284.698912,959.8651955,117.9109336
6118.05,1477.311403,1284.891563,960.0244703,117.9303697
6119.05,1477.524373,1285.079216,960.1839119,117.949813
6120.05,1477.78094,1285.299685,960.3433987,117.9692831
6121.05,1478.026205,1285.510384,960.5028461,117.9887735
6122.05,1478.213153,1285.698475,960.6624109,118.0082966
6123.05,1478.446644,1285.89443,960.8219321,118.0278378
6124.05,1478.674114,1286.102124,960.9813769,118.0474076
6125.05,1478.8929,1286.313726,961.1408551,118.0669822
6126.05,1479.099361,1286.520096,961.3003307,118.0865506
6127.05,1479.361383,1286.727327,961.4598984,118.1061212
6128.05,1479.541169,1286.920524,961.6195026,118.1257192
6129.05,1479.771554,1287.123555,961.7790388,118.1453504
6130.05,1480.033291,1287.342421,961.9385832,118.1649903
6131.05,1480.271558,1287.560711,962.0980372,118.1846177
6132.05,1480.489074,1287.758075,962.2573869,118.20427
6133.05,1480.738079,1287.974565,962.4166946,118.2239064
6134.05,1480.994672,1288.187943,962.5758955,118.2435393
6135.05,1481.250862,1288.39807,962.7350888,118.2631695
6136.05,1481.557897,1288.624499,962.8943585,118.2828007
6137.05,1481.854076,1288.855275,963.0535809,118.3024366
6138.05,1482.041086,1289.03637,963.2127967,118.3220709
6139.05,1482.301578,1289.240626,963.3719616,118.3416694
6140.05,1482.535424,1289.450736,963.5310233,118.3612495
6141.05,1482.835228,1289.681648,963.6900646,118.3808293
6142.05,1483.102104,1289.909694,963.8491082,118.4004012
6143.05,1483.302116,1290.10571,964.0080695,118.4199596
6144.05,1483.515017,1290.305158,964.1670271,118.4395264
6145.05,1483.748251,1290.514626,964.325885,118.4590837
6146.05,1483.885482,1290.689769,964.4846343,118.478657
6147.05,1484.091393,1290.8949,964.6433662,118.4982151
6148.05,1484.344242,1291.108687,964.8020443,118.5177754
6149.05,1484.615796,1291.328357,964.9607127,118.5373504
6150.05,1484.900874,1291.554297,965.1192596,118.5568988
6151.05,1485.156303,1291.760103,965.2777641,118.5764331
6152.05,1485.354953,1291.969923,965.4362929,118.5959794
6153.05,1485.614511,1292.18039,965.5948673,118.6155144
6154.05,1485.84625,1292.383309,965.7533694,118.6350584
6155.05,1486.044987,1292.570509,965.9118141,118.6545929
6156.05,1486.30997,1292.787067,966.0702494,118.6741215
6157.05,1486.556581,1292.992297,966.2287153,118.6936649
6158.05,1486.818524,1293.222586,966.3871928,118.7132322
6159.05,1487.060142,1293.437992,966.5456947,118.7328466
6160.05,1487.331056,1293.65016,966.7042446,118.7524838
6161.05,1487.537911,1293.843371,966.8628744,118.7721229
6162.05,1487.807902,1294.067949,967.021469,118.7917715
6163.05,1488.096572,1294.284307,967.1800277,118.8114345
6164.05,1488.286343,1294.47793,967.338755,118.8311082
6165.05,1488.545608,1294.69587,967.4976077,118.8507623
6166.05,1488.78978,1294.899487,967.6564556,118.8704158
6167.05,1489.017645,1295.102027,967.8153231,118.8900619
6168.05,1489.222034,1295.309329,967.9742015,118.9096838
6169.05,1489.468071,1295.512585,968.1330338,118.9293168
6170.05,1489.724551,1295.732632,968.2918859,118.9489707
6171.05,1489.898818,1295.901612,968.4507276,118.9685981
6172.05,1490.19636,1296.128121,968.6095273,118.9882085
6173.05,1490.518721,1296.361187,968.768303,119.0077966
6174.05,1490.771223,1296.569232,968.9271269,119.0273967
6175.05,1490.992152,1296.767971,969.0860686,119.047017
6176.05,1491.205797,1296.965164,969.2450869,119.0666481
6177.05,1491.434347,1297.168112,969.4042877,119.0862838
6178.05,1491.588008,1297.344466,969.5635454,119.1058869
6179.05,1491.828314,1297.55727,969.7228516,119.1254972
6180.05,1492.071997,1297.772672,969.8822376,119.1451025
6181.05,1492.297334,1297.976907,970.0416957,119.164726
6182.05,1492.545107,1298.193587,970.2011793,119.1843506
6183.05,1492.713644,1298.384682,970.3605984,119.2039982
6184.05,1492.953012,1298.602165,970.5199853,119.2236474
6185.05,1493.122219,1298.8004,970.6793739,119.2433328
6186.05,1493.324643,1298.994185,970.8386782,119.2630316
6187.05,1493.573365,1299.212412,970.9979511,119.2827322
6188.05,1493.816224,1299.426707,971.1572059,119.3024236
6189.05,1494.041023,1299.640888,971.3164067,119.3220854
6190.05,1494.254325,1299.840445,971.4756597,119.3417326
6191.05,1494.559432,1300.070305,971.6349077,119.3613593
6192.05,1494.752233,1300.251347,971.7941562,119.3809703
6193.05,1495.00124,1300.470143,971.9533925,119.4006022
6194.05,1495.282734,1300.694114,972.1125532,119.4202448
6195.05,1495.535065,1300.903307,972.2717043,119.4398656
6196.05,1495.759393,1301.111495,972.430831,119.4594839
6197.05,1495.975506,1301.329191,972.5898878,119.4790827
6198.05,1496.253783,1301.537691,972.7488765,119.4986457
6199.05,1496.462261,1301.740351,972.9078898,119.5181966
6200.05,1496.710043,1301.946774,973.0669769,119.5377551
6201.05,1496.936917,1302.15312,973.226059,119.5573312
6202.05,1497.163988,1302.358564,973.3850739,119.5769264
6203.05,1497.442543,1302.575112,973.5441136,119.5965337
6204.05,1497.715833,1302.79714,973.703149,119.6161504
6205.05,1497.998389,1303.013804,973.8620974,119.635766
6206.05,1498.243285,1303.218833,974.0209486,119.6553842
6207.05,1498.499722,1303.437747,974.1798399,119.6750044
6208.05,1498.731724,1303.644278,974.3387584,119.6945812
6209.05,1499.010568,1303.856838,974.4976676,119.7141427
6210.05,1499.194482,1304.046344,974.6566118,119.7337029
6211.05,1499.463468,1304.268495,974.8155648,119.7532782
6212.05,1499.680152,1304.468282,974.9745365,119.7728338
6213.05,1499.925493,1304.683214,975.1335543,119.7923589
6214.05,1500.126492,1304.870683,975.2926014,119.8118676
6215.05,1500.34819,1305.067065,975.4516545,119.8313393
6216.05,1500.578332,1305.266674,975.6107057,119.8507956
6217.05,1500.77554,1305.464293,975.7698049,119.8702323
6218.05,1500.918103,1305.642995,975.928933,119.889679
6219.05,1501.193848,1305.856413,976.0879626,119.9091205
6220.05,1501.456045,1306.079951,976.2470761,119.9285366
6221.05,1501.720157,1306.296358,976.4061711,119.947947
6222.05,1501.955887,1306.503676,976.5652953,119.9673681
6223.05,1502.192781,1306.703606,976.7243067,119.9867713
6224.05,1502.428209,1306.901727,976.8833554,120.0061705
6225.05,1502.685884,1307.118637,977.0424299,120.0255415
6226.05,1502.947686,1307.337946,977.2014544,120.0448794
6227.05,1503.175159,1307.547611,977.3604491,120.0641944
6228.05,1503.369629,1307.739114,977.519485,120.0834979
6229.05,1503.651157,1307.975287,977.6785,120.1028272
6230.05,1503.847227,1308.170947,977.8374764,120.122191
6231.05,1504.052284,1308.37495,977.9964288,120.1415839
6232.05,1504.339054,1308.603231,978.1553711,120.1610252
6233.05,1504.539151,1308.794875,978.3143966,120.1804862
6234.05,1504.801247,1309.010546,978.4735012,120.1999512
6235.05,1505.052572,1309.224366,978.6326514,120.2194446
6236.05,1505.285058,1309.428612,978.7917765,120.2389538
6237.05,1505.477951,1309.631943,978.9509678,120.2584344
6238.05,1505.733005,1309.841279,979.1101979,120.2779008
6239.05,1505.920443,1310.036245,979.2694486,120.2973813
6240.05,1506.141065,1310.246829,979.4286419,120.3168745
6241.05,1506.357213,1310.455412,979.5877972,120.3363685
6242.05,1506.592044,1310.677057,979.7469094,120.355845
6243.05,1506.84294,1310.882952,979.9059662,120.3753354
6244.05,1507.101662,1311.097172,980.0650886,120.3948221
6245.05,1507.300765,1311.280232,980.2242061,120.4142823
6246.05,1507.50771,1311.477998,980.38345,120.4337601
6247.05,1507.787245,1311.704528,980.5427708,120.4532448
6248.05,1508.014075,1311.92268,980.7021576,120.4727467
6249.05,1508.292215,1312.145086,980.8616478,120.4922348
6250.05,1508.463484,1312.344008,981.021105,120.511717
6251.05,1508.724115,1312.549405,981.1805587,120.5311999
6252.05,1508.991721,1312.776169,981.3400689,120.5506954
6253.05,1509.240331,1312.991007,981.4996277,120.570202
6254.05,1509.428535,1313.191503,981.6591272,120.5897255
6255.05,1509.648302,1313.391047,981.8186378,120.6092729
6256.05,1509.872453,1313.590919,981.9781524,120.6288186
6257.05,1510.090586,1313.791937,982.1377368,120.6483445
6258.05,1510.299927,1314.000741,982.2973326,120.6678812
6259.05,1510.523885,1314.20235,982.4569863,120.6874311
6260.05,1510.738223,1314.415188,982.6166364,120.7069848
6261.05,1510.950434,1314.609151,982.7762943,120.7265537
6262.05,1511.19887,1314.817017,982.9359858,120.7461195
6263.05,1511.426639,1315.026778,983.0957924,120.7656713
6264.05,1511.697966,1315.253383,983.2555396,120.7852354
6265.05,1511.922827,1315.460884,983.4153609,120.8048166
6266.05,1512.214612,1315.687413,983.5752271,120.8243893
6267.05,1512.358179,1315.875334,983.7352239,120.8440112
6268.05,1512.662118,1316.104137,983.8952253,120.8636695
6269.05,1512.920855,1316.314188,984.0552386,120.8833369
6270.05,1513.165766,1316.526058,984.2151416,120.9030101
6271.05,1513.413352,1316.732529,984.375005,120.9226817
6272.05,1513.658679,1316.947344,984.5347747,120.9423144
6273.05,1513.887667,1317.161356,984.6944497,120.9619485
6274.05,1514.234977,1317.400982,984.8540261,120.9815883
6275.05,1514.517644,1317.617318,985.0135692,121.0011972
6276.05,1514.764152,1317.834084,985.1729855,121.0208089
6277.05,1515.020394,1318.067656,985.3322581,121.0404436
6278.05,1515.296089,1318.282433,985.4914836,121.0600763
6279.05,1515.514884,1318.489425,985.6505892,121.0797065
6280.05,1515.747035,1318.692512,985.8096355,121.0993574
6281.05,1515.9772,1318.893771,985.9686325,121.1190252
6282.05,1516.234125,1319.109851,986.1276624,121.1387029
6283.05,1516.509533,1319.322082,986.286769,121.158383
6284.05,1516.74171,1319.527409,986.4458787,121.1780607
6285.05,1516.942157,1319.71815,986.6049885,121.1977344
6286.05,1517.22451,1319.943681,986.7641085,121.2173987
6287.05,1517.467546,1320.150563,986.923214,121.2370581
6288.05,1517.675109,1320.344506,987.0823221,121.2567229
6289.05,1517.929114,1320.550777,987.2413688,121.2763752
6290.05,1518.160551,1320.753992,987.400421,121.2960255
6291.05,1518.417252,1320.967232,987.5595391,121.3156658
6292.05,1518.644666,1321.186173,987.7186348,121.335318
6293.05,1518.937816,1321.40718,987.8777457,121.3549748
6294.05,1519.200344,1321.623086,988.0368956,121.3746333
6295.05,1519.420865,1321.817809,988.1960384,121.3942739
6296.05,1519.589149,1322.006934,988.3552146,121.4138859
6297.05,1519.815824,1322.203482,988.514428,121.4334946
6298.05,1520.016176,1322.404611,988.6737365,121.4530943
6299.05,1520.301252,1322.614931,988.8331641,121.4726955
6300.05,1520.543719,1322.836643,988.9926755,121.49231
6301.05,1520.786825,1323.054092,989.1521559,121.5119592
6302.05,1520.985642,1323.240016,989.311671,121.5316542
6303.05,1521.220541,1323.437657,989.4712622,121.5513349
6304.05,1521.437859,1323.638525,989.6308197,121.5709847
6305.05,1521.636618,1323.836396,989.7902923,121.5905996
6306.05,1521.915865,1324.050625,989.9498168,121.6102238
6307.05,1522.151661,1324.264799,990.1093286,121.6298614
6308.05,1522.424506,1324.481271,990.2689456,121.6495089
6309.05,1522.599745,1324.678025,990.4286869,121.6691779
6310.05,1522.873386,1324.903741,990.5883836,121.6888561
6311.05,1523.194863,1325.146643,990.7480136,121.7085278
6312.05,1523.396893,1325.348099,990.9075641,121.7282331
6313.05,1523.670375,1325.570459,991.0669878,121.7479563
6314.05,1523.955777,1325.801377,991.2263406,121.7677027
6315.05,1524.194168,1325.99083,991.3856282,121.7874698
6316.05,1524.459202,1326.217751,991.5449221,121.8072238
6317.05,1524.727569,1326.440056,991.7042847,121.826962
6318.05,1524.956787,1326.647595,991.8635708,121.8466876
6319.05,1525.154053,1326.834999,992.0227868,121.8664139
6320.05,1525.322204,1327.031435,992.181971,121.8861413
6321.05,1525.608196,1327.260867,992.3412196,121.9059057
6322.05,1525.829918,1327.467737,992.5004357,121.9256871
6323.05,1525.977952,1327.647591,992.6595949,121.9454847
6324.05,1526.24554,1327.874808,992.8185895,121.9652802
6325.05,1526.462951,1328.079393,992.9774889,121.9850726
6326.05,1526.707731,1328.291926,993.1364319,122.004857
6327.05,1526.915132,1328.484118,993.2953384,122.0246422
6328.05,1527.11475,1328.684953,993.4542103,122.0444366
6329.05,1527.315777,1328.873143,993.6130582,122.0642354
6330.05,1527.549942,1329.072873,993.7719268,122.084043
6331.05,1527.7676,1329.265837,993.9307691,122.1038609
6332.05,1527.96562,1329.460823,994.0897003,122.1236761
6333.05,1528.1827,1329.666616,994.2486117,122.1434684
6334.05,1528.426176,1329.877153,994.407559,122.1632738
6335.05,1528.57837,1330.053602,994.5665139,122.1830964
6336.05,1528.871769,1330.280139,994.7254319,122.2028986
6337.05,1529.104745,1330.476246,994.8842958,122.2226861
6338.05,1529.302454,1330.668622,995.0432558,122.2424478
6339.05,1529.642917,1330.909185,995.202234,122.2621904
6340.05,1529.824464,1331.100087,995.3612658,122.2819685
6341.05,1530.005609,1331.28723,995.5201907,122.3017616
6342.05,1530.273744,1331.516239,995.6791016,122.3215207
6343.05,1530.489991,1331.727976,995.8381622,122.3412505
6344.05,1530.774373,1331.95309,995.9972539,122.3609905
6345.05,1531.099597,1332.200562,996.1563368,122.3807352
6346.05,1531.333135,1332.415222,996.3154506,122.4004851
6347.05,1531.643193,1332.643344,996.4746107,122.4202398
6348.05,1531.851518,1332.830299,996.6338038,122.4399781
6349.05,1532.038546,1333.03133,996.7929233,122.4597061
6350.05,1532.230081,1333.224072,996.9519225,122.479432
6351.05,1532.496081,1333.447076,997.1109112,122.4991595
6352.05,1532.780532,1333.676104,997.2698158,122.5188952
6353.05,1532.98266,1333.875505,997.4286632,122.5386395
6354.05,1533.267533,1334.085302,997.5874951,122.5583746
6355.05,1533.570334,1334.321408,997.7463862,122.5781061
6356.05,1533.806819,1334.518188,997.9053006,122.5978452
6357.05,1534.029838,1334.72754,998.064224,122.6175841
6358.05,1534.243198,1334.934117,998.223083,122.6373138
6359.05,1534.50879,1335.152579,998.3819384,122.6570299
6360.05,1534.76587,1335.362371,998.5407653,122.6767213
6361.05,1535.057533,1335.59061,998.6994504,122.6963647
6362.05,1535.286364,1335.792369,998.8579723,122.7159938
6363.05,1535.55941,1336.008337,999.0165359,122.7356167
6364.05,1535.87357,1336.234726,999.175179,122.7552394
6365.05,1536.130611,1336.453413,999.3338961,122.7748755
6366.05,1536.284207,1336.645532,999.4927278,122.7945125
6367.05,1536.469431,1336.839151,999.6515678,122.8141505
6368.05,1536.702139,1337.039907,999.8103838,122.8337938
6369.05,1536.996356,1337.267915,999.9691449,122.8534432
6370.05,1537.186441,1337.46839,1000.127928,122.8731179
6371.05,1537.412773,1337.672089,1000.286768,122.892815
6372.05,1537.633311,1337.881844,1000.445611,122.9125381
6373.05,1537.896297,1338.092985,1000.60439,122.9322503
6374.05,1538.146624,1338.299717,1000.763175,122.951952
6375.05,1538.376588,1338.503166,1000.921968,122.9716283
6376.05,1538.566703,1338.687513,1001.080711,122.9912985
6377.05,1538.788147,1338.89451,1001.23939,123.010947
6378.05,1539.09062,1339.127754,1001.398026,123.0305964
6379.05,1539.351853,1339.332604,1001.556671,123.0502333
6380.05,1539.583888,1339.540961,1001.715243,123.0698592
6381.05,1539.817985,1339.7615,1001.87367,123.0894706
6382.05,1540.033783,1339.965408,1002.032073,123.1090983
6383.05,1540.289075,1340.190727,1002.190418,123.128719
6384.05,1540.546976,1340.411525,1002.348758,123.1483591
6385.05,1540.840339,1340.637123,1002.50704,123.1679872
6386.05,1541.120055,1340.868152,1002.665362,123.1876218
6387.05,1541.409595,1341.090736,1002.823681,123.2072462
6388.05,1541.639785,1341.293311,1002.98198,123.2268571
6389.05,1541.887384,1341.501309,1003.140252,123.246473
6390.05,1542.161987,1341.732955,1003.298532,123.2660759
6391.05,1542.457595,1341.956228,1003.456738,123.2856665
6392.05,1542.687951,1342.166971,1003.614952,123.3052607
6393.05,1542.954748,1342.397295,1003.773146,123.3248636
6394.05,1543.271279,1342.634909,1003.931238,123.3444756
6395.05,1543.470201,1342.833739,1004.089318,123.3641137
6396.05,1543.766138,1343.059922,1004.247418,123.3837671
6397.05,1544.004826,1343.273851,1004.405461,123.4034166
6398.05,1544.3227,1343.506,1004.563459,123.4230729
6399.05,1544.520011,1343.700788,1004.721446,123.4427358
6400.05,1544.778019,1343.918639,1004.879337,123.462391
6401.05,1544.97151,1344.117411,1005.03715,123.4820068
6402.05,1545.201906,1344.322445,1005.194957,123.501595
6403.05,1545.37735,1344.507969,1005.352811,123.5211709
6404.05,1545.616024,1344.706718,1005.510796,123.5407392
6405.05,1545.886165,1344.920559,1005.668943,123.5603028
6406.05,1546.198417,1345.135357,1005.827158,123.5798467
6407.05,1546.483946,1345.359034,1005.985466,123.5993742
6408.05,1546.793417,1345.587975,1006.143794,123.6188852
6409.05,1547.070572,1345.822022,1006.302062,123.638401
6410.05,1547.314325,1346.024627,1006.460397,123.6579229
6411.05,1547.520703,1346.23032,1006.618772,123.6774462
6412.05,1547.756018,1346.441605,1006.777162,123.6969605
6413.05,1547.912895,1346.615708,1006.935563,123.7164408
6414.05,1548.142634,1346.809957,1007.093966,123.7358876
6415.05,1548.404483,1347.018112,1007.252469,123.7552959
6416.05,1548.63189,1347.221479,1007.411048,123.7746786
6417.05,1548.897187,1347.442728,1007.569634,123.7940656
6418.05,1549.107632,1347.628828,1007.728189,123.8134749
6419.05,1549.339469,1347.836818,1007.886817,123.8328921
6420.05,1549.496761,1348.015368,1008.045509,123.8523028
6421.05,1549.679576,1348.20551,1008.204082,123.8717207
6422.05,1549.945233,1348.429568,1008.362547,123.8911317
6423.05,1550.199228,1348.638734,1008.520941,123.9105422
6424.05,1550.417366,1348.845681,1008.679308,123.9299279
6425.05,1550.726034,1349.078888,1008.837659,123.9493233
6426.05,1550.998774,1349.291122,1008.9961,123.9687051
6427.05,1551.258051,1349.514357,1009.154539,123.9880956
6428.05,1551.45657,1349.703777,1009.312972,124.0075019
6429.05,1551.765093,1349.932551,1009.471516,124.0269065
6430.05,1551.974037,1350.141462,1009.630137,124.0462953
6431.05,1552.259992,1350.370906,1009.7888,124.0656971
6432.05,1552.505751,1350.589458,1009.947442,124.085095
6433.05,1552.782981,1350.814491,1010.106108,124.1044815
6434.05,1553.000691,1351.024532,1010.264846,124.1238737
6435.05,1553.239954,1351.251324,1010.423611,124.1432684
6436.05,1553.450153,1351.441512,1010.582335,124.1626921
6437.05,1553.660288,1351.644714,1010.741014,124.1820967
6438.05,1553.939901,1351.861622,1010.899818,124.2014742
6439.05,1554.233239,1352.092757,1011.058629,124.2208534
6440.05,1554.477463,1352.299661,1011.217447,124.2402436
6441.05,1554.691535,1352.5006,1011.376291,124.2596217
6442.05,1554.976939,1352.7211,1011.53519,124.278988
6443.05,1555.245659,1352.946657,1011.694194,124.2984003
6444.05,1555.467442,1353.151941,1011.853279,124.3178237
6445.05,1555.728896,1353.356367,1012.012428,124.3372549
6446.05,1555.952741,1353.555799,1012.171418,124.3566594
6447.05,1556.186305,1353.772354,1012.33027,124.3760378
6448.05,1556.35895,1353.962051,1012.489066,124.39544
6449.05,1556.642845,1354.179501,1012.647946,124.4148199
6450.05,1556.789921,1354.363661,1012.80672,124.4342045
6451.05,1557.034496,1354.57799,1012.965476,124.4536138
6452.05,1557.278235,1354.772662,1013.124179,124.4730277
6453.05,1557.553654,1354.984446,1013.282952,124.4924624
6454.05,1557.790746,1355.175597,1013.441752,124.5119175
6455.05,1557.956146,1355.351201,1013.6005,124.531342
6456.05,1558.185255,1355.558872,1013.759306,124.5507609
6457.05,1558.438422,1355.767894,1013.918132,124.5701838
6458.05,1558.663282,1355.964198,1014.077076,124.5896064
6459.05,1558.895956,1356.172377,1014.236114,124.6090174
6460.05,1559.100114,1356.36484,1014.395014,124.6284287
6461.05,1559.421647,1356.591646,1014.553822,124.6478165
6462.05,1559.715746,1356.827818,1014.712567,124.6672321
6463.05,1559.903346,1357.01483,1014.871289,124.6866641
6464.05,1560.21965,1357.257988,1015.02992,124.7061055
6465.05,1560.520754,1357.491031,1015.188579,124.7255629
6466.05,1560.774017,1357.701173,1015.347268,124.7450222
6467.05,1560.994759,1357.90621,1015.505983,124.7644677
6468.05,1561.22441,1358.109624,1015.664823,124.7838992
6469.05,1561.429239,1358.30148,1015.823715,124.8033196
6470.05,1561.695719,1358.509429,1015.982593,124.8227283
6471.05,1561.955224,1358.724882,1016.141441,124.8421292
6472.05,1562.161872,1358.926336,1016.300254,124.861553
6473.05,1562.430798,1359.151728,1016.45902,124.880982
6474.05,1562.672545,1359.351926,1016.617766,124.900389
6475.05,1562.892433,1359.54375,1016.776428,124.9197698
6476.05,1563.179631,1359.766707,1016.934941,124.9391409
6477.05,1563.433884,1359.977674,1017.093405,124.9585002
6478.05,1563.73021,1360.2021,1017.251862,124.9778638
6479.05,1563.946099,1360.399911,1017.410364,124.9972135
6480.05,1564.217503,1360.614281,1017.568826,125.0165392
6481.05,1564.420499,1360.813941,1017.727225,125.0358532
6482.05,1564.643517,1361.011566,1017.88552,125.0551891
6483.05,1564.868752,1361.220018,1018.043778,125.0745513
6484.05,1565.068347,1361.418907,1018.202048,125.0939159
6485.05,1565.280719,1361.621712,1018.360282,125.1132949
6486.05,1565.531122,1361.82572,1018.518414,125.1326724
6487.05,1565.805268,1362.037569,1018.676548,125.152051
6488.05,1566.057584,1362.245386,1018.834638,125.1714441
6489.05,1566.287568,1362.454358,1018.992725,125.1908393
6490.05,1566.530888,1362.669693,1019.150723,125.2102383
6491.05,1566.754993,1362.88011,1019.308609,125.2296013
6492.05,1566.926134,1363.071935,1019.466437,125.2489407
6493.05,1567.197226,1363.289488,1019.62426,125.2682837
6494.05,1567.478914,1363.505443,1019.782009,125.2876389
6495.05,1567.700625,1363.705037,1019.93971,125.3069696
6496.05,1567.91867,1363.911586,1020.097362,125.326301
6497.05,1568.166849,1364.123716,1020.254997,125.3456328
6498.05,1568.453372,1364.339615,1020.412662,125.3649581
6499.05,1568.643548,1364.533895,1020.570295,125.3842849
6500.05,1568.885823,1364.744459,1020.72789,125.4036123
6501.05,1569.131053,1364.952344,1020.885437,125.4229315
6502.05,1569.379108,1365.16253,1021.042942,125.4422405
6503.05,1569.648754,1365.382405,1021.200473,125.461545
6504.05,1569.897044,1365.600435,1021.358052,125.4808432
6505.05,1570.032968,1365.775424,1021.515599,125.5001268
6506.05,1570.347364,1366.004474,1021.673137,125.5194157
6507.05,1570.575396,1366.211796,1021.83069,125.5387067
6508.05,1570.834062,1366.43026,1021.988245,125.558021
6509.05,1571.072175,1366.63348,1022.14583,125.5773308
6510.05,1571.364047,1366.861083,1022.303375,125.5966445
6511.05,1571.601456,1367.063033,1022.460966,125.6159762
6512.05,1571.839736,1367.288589,1022.618484,125.6353274
6513.05,1572.114647,1367.504448,1022.776051,125.6546904
6514.05,1572.405374,1367.736505,1022.933696,125.6740746
6515.05,1572.646565,1367.948947,1023.091291,125.6934792
6516.05,1572.928688,1368.165753,1023.248868,125.712903
6517.05,1573.189852,1368.384589,1023.406514,125.7323379
6518.05,1573.483621,1368.615255,1023.564122,125.7518194
6519.05,1573.702486,1368.822158,1023.721681,125.7713093
6520.05,1574.009125,1369.053267,1023.879219,125.7907991
6521.05,1574.199609,1369.249627,1024.036649,125.8102905
6522.05,1574.469805,1369.469201,1024.194009,125.8297763
6523.05,1574.716881,1369.682748,1024.351303,125.8492369
6524.05,1574.92609,1369.886951,1024.508491,125.8686833
6525.05,1575.115913,1370.08308,1024.665584,125.88816
6526.05,1575.324142,1370.284885,1024.822585,125.9076144
6527.05,1575.63789,1370.519343,1024.979544,125.9270638
6528.05,1575.880079,1370.728191,1025.136549,125.9465116
6529.05,1576.183103,1370.971873,1025.293587,125.9659714
6530.05,1576.390916,1371.168656,1025.450654,125.9854293
6531.05,1576.611431,1371.367112,1025.607665,126.0048662
6532.05,1576.878797,1371.582371,1025.764716,126.0243095
6533.05,1577.237744,1371.832736,1025.92184,126.0437597
6534.05,1577.527477,1372.057671,1026.078965,126.0632345
6535.05,1577.77837,1372.282339,1026.235984,126.0827086
6536.05,1578.048833,1372.504026,1026.393041,126.1021781
6537.05,1578.263178,1372.685959,1026.550079,126.1216576
6538.05,1578.512602,1372.894682,1026.707189,126.141118
6539.05,1578.771453,1373.108909,1026.864406,126.1605973
6540.05,1579.081089,1373.342298,1027.021652,126.1800682
6541.05,1579.305545,1373.543763,1027.178926,126.1994976
6542.05,1579.580665,1373.768474,1027.336163,126.2189247
6543.05,1579.774127,1373.970523,1027.493363,126.2383512
6544.05,1580.037575,1374.186403,1027.650578,126.2577592
6545.05,1580.239582,1374.395464,1027.807761,126.2771932
6546.05,1580.501659,1374.610812,1027.964908,126.296633
6547.05,1580.785469,1374.844383,1028.121951,126.3160846
6548.05,1580.955742,1375.039342,1028.278975,126.3355223
6549.05,1581.190913,1375.254377,1028.435965,126.3549699
6550.05,1581.403705,1375.44438,1028.59289,126.3744208
6551.05,1581.615625,1375.646688,1028.749731,126.3938702
6552.05,1581.83903,1375.841559,1028.906533,126.4133079
6553.05,1582.097937,1376.072701,1029.063268,126.4327491
6554.05,1582.371713,1376.287917,1029.21999,126.4521791
6555.05,1582.640619,1376.511263,1029.376689,126.4716199
6556.05,1582.903745,1376.71829,1029.533434,126.4910701
6557.05,1583.215143,1376.949781,1029.690191,126.5105324
6558.05,1583.516323,1377.178248,1029.847026,126.5300107
6559.05,1583.746859,1377.386454,1030.004011,126.5494766
6560.05,1583.980417,1377.600219,1030.16108,126.5689343
6561.05,1584.235824,1377.822565,1030.318214,126.5883652
6562.05,1584.505707,1378.034522,1030.47526,126.6078017
6563.05,1584.726654,1378.236111,1030.632181,126.6272413
6564.05,1584.950872,1378.438836,1030.789021,126.6466747
6565.05,1585.210681,1378.649655,1030.945914,126.6661092
6566.05,1585.50381,1378.87931,1031.102757,126.6855561
6567.05,1585.68962,1379.067977,1031.25958,126.7050129
6568.05,1585.931566,1379.278021,1031.416402,126.7244359
6569.05,1586.186751,1379.502712,1031.573209,126.7438665
6570.05,1586.342251,1379.676112,1031.730068,126.7633154
6571.05,1586.650796,1379.899617,1031.886897,126.7827332
6572.05,1586.892884,1380.113713,1032.043797,126.802127
6573.05,1587.142873,1380.335178,1032.200755,126.8215256
6574.05,1587.358959,1380.541886,1032.357727,126.8409412
6575.05,1587.603164,1380.75572,1032.514624,126.8603876
6576.05,1587.840331,1380.959661,1032.671558,126.8798597
6577.05,1588.076091,1381.171624,1032.828542,126.8993265
6578.05,1588.308512,1381.380288,1032.985513,126.9188025
6579.05,1588.591352,1381.603007,1033.142539,126.9382829
6580.05,1588.827937,1381.809149,1033.299592,126.9577813
6581.05,1589.082254,1382.015621,1033.45665,126.9772881
6582.05,1589.326434,1382.226876,1033.6138,126.9968106
6583.05,1589.514289,1382.411576,1033.770937,127.0163387
6584.05,1589.759122,1382.626224,1033.928155,127.0358515
6585.05,1589.975653,1382.819465,1034.085509,127.0553662
6586.05,1590.167968,1383.014728,1034.242916,127.0748691
6587.05,1590.461333,1383.235898,1034.400334,127.0943912
6588.05,1590.742972,1383.464368,1034.557777,127.113894
6589.05,1590.961843,1383.668336,1034.715236,127.1334107
6590.05,1591.138639,1383.851907,1034.872648,127.1529137
6591.05,1591.391364,1384.059687,1035.030128,127.1724361
6592.05,1591.634432,1384.269479,1035.187743,127.1919552
6593.05,1591.844656,1384.474476,1035.345301,127.2114804
6594.05,1592.050905,1384.680975,1035.502813,127.2310363
6595.05,1592.313098,1384.890743,1035.660249,127.2505817
6596.05,1592.557018,1385.091548,1035.817652,127.2700828
6597.05,1592.781184,1385.297568,1035.975015,127.2895878
6598.05,1592.999922,1385.504351,1036.132393,127.3091367
6599.05,1593.223699,1385.706982,1036.289667,127.3287159
6600.05,1593.443339,1385.911867,1036.446987,127.3482757
6601.05,1593.697693,1386.134971,1036.604327,127.3678376
6602.05,1593.976319,1386.351063,1036.761702,127.3874007
6603.05,1594.17978,1386.550889,1036.919109,127.4069798
6604.05,1594.385728,1386.746038,1037.076526,127.4265805
6605.05,1594.69636,1386.975353,1037.234028,127.446194
6606.05,1594.950646,1387.186097,1037.391649,127.4658036
6607.05,1595.16918,1387.389423,1037.549192,127.4853979
6608.05,1595.454297,1387.622793,1037.706649,127.5050084
6609.05,1595.704198,1387.834855,1037.864062,127.5246252
6610.05,1595.981039,1388.061494,1038.021512,127.5442732
6611.05,1596.206631,1388.258214,1038.178914,127.5638989
6612.05,1596.500881,1388.47711,1038.336192,127.5835298
6613.05,1596.750398,1388.684512,1038.493553,127.6031598
6614.05,1596.965965,1388.879108,1038.650875,127.6227617
6615.05,1597.228605,1389.102253,1038.808208,127.6423012
6616.05,1597.467667,1389.312194,1038.965576,127.661804
6617.05,1597.682083,1389.519684,1039.122953,127.681297
6618.05,1597.965087,1389.746296,1039.280361,127.7007715
6619.05,1598.208535,1389.954751,1039.437875,127.7202575
6620.05,1598.497548,1390.184222,1039.595382,127.739757
6621.05,1598.809939,1390.428015,1039.752898,127.759257
6622.05,1599.08147,1390.64601,1039.910411,127.7787479
6623.05,1599.349311,1390.854607,1040.067953,127.7982317
6624.05,1599.541709,1391.051216,1040.225476,127.817717
6625.05,1599.889143,1391.291482,1040.382941,127.8371567
6626.05,1600.138742,1391.502394,1040.54031,127.8565931
6627.05,1600.347191,1391.700558,1040.697658,127.876043
6628.05,1600.515432,1391.887866,1040.854916,127.8954852
6629.05,1600.775999,1392.103283,1041.012164,127.9149111
6630.05,1600.998984,1392.30915,1041.169432,127.9343505
6631.05,1601.234123,1392.512558,1041.326687,127.9538112
6632.05,1601.482248,1392.724372,1041.483972,127.9732801
6633.05,1601.656949,1392.923483,1041.641329,127.9927386
6634.05,1601.906739,1393.145118,1041.798654,128.01218
6635.05,1602.145117,1393.355196,1041.955859,128.0316102
6636.05,1602.426337,1393.582192,1042.113035,128.0510245
6637.05,1602.684575,1393.797744,1042.270279,128.0704293
6638.05,1602.884204,1394.00313,1042.427562,128.0898637
6639.05,1603.056002,1394.18258,1042.584801,128.1092734
6640.05,1603.300656,1394.386959,1042.742041,128.128663
6641.05,1603.612212,1394.618226,1042.899284,128.1480401
6642.05,1603.867624,1394.843286,1043.056579,128.1674196
6643.05,1604.114339,1395.053055,1043.213837,128.1868107
6644.05,1604.3567,1395.263049,1043.371121,128.2062128
6645.05,1604.556702,1395.465586,1043.528418,128.2256657
6646.05,1604.749558,1395.669832,1043.68558,128.2451102
6647.05,1605.030658,1395.894039,1043.84273,128.2645381
6648.05,1605.242808,1396.092863,1043.999948,128.2839452
6649.05,1605.554529,1396.31774,1044.157147,128.3033438
6650.05,1605.722898,1396.505689,1044.314336,128.3227551
6651.05,1605.962746,1396.709901,1044.47149,128.3421624
6652.05,1606.215049,1396.93745,1044.628719,128.3615644
6653.05,1606.489362,1397.161365,1044.785915,128.380976
6654.05,1606.6995,1397.367565,1044.943121,128.4003973
6655.05,1606.888738,1397.551402,1045.100302,128.4198177
6656.05,1607.192454,1397.781898,1045.257438,128.439197
6657.05,1607.416192,1397.974558,1045.414639,128.4585906
6658.05,1607.688826,1398.19698,1045.571878,128.4779767
6659.05,1607.942629,1398.411052,1045.729171,128.4973377
6660.05,1608.120045,1398.596513,1045.886405,128.5166667
6661.05,1608.383251,1398.809084,1046.043639,128.5359703
6662.05,1608.612476,1399.015551,1046.200884,128.5552834
6663.05,1608.806711,1399.212481,1046.35821,128.5745926
6664.05,1609.070069,1399.429424,1046.515577,128.5938874
6665.05,1609.292194,1399.628241,1046.672872,128.6132035
6666.05,1609.513323,1399.835787,1046.830112,128.6325278
6667.05,1609.754439,1400.061683,1046.987276,128.6518611
6668.05,1610.015605,1400.267795,1047.144432,128.671186
6669.05,1610.213501,1400.464337,1047.301679,128.6904963
6670.05,1610.491412,1400.677759,1047.458951,128.7098215
6671.05,1610.730223,1400.890321,1047.616317,128.7291537
6672.05,1610.947444,1401.087018,1047.773649,128.7484913
6673.05,1611.180216,1401.306482,1047.931061,128.7678373
6674.05,1611.373268,1401.494712,1048.088531,128.7871826
6675.05,1611.595286,1401.707978,1048.246027,128.8065144
6676.05,1611.829784,1401.910781,1048.40355,128.8258371
6677.05,1612.060339,1402.119601,1048.561114,128.8451781
6678.05,1612.233536,1402.309792,1048.718607,128.8645065
6679.05,1612.519311,1402.536549,1048.876121,128.8838603
6680.05,1612.75545,1402.749441,1049.033621,128.9032383
6681.05,1612.993685,1402.955392,1049.191118,128.9226471
6682.05,1613.19892,1403.164412,1049.348712,128.9420518
6683.05,1613.447219,1403.366575,1049.506285,128.9614561
6684.05,1613.657839,1403.57305,1049.663815,128.9808945
6685.05,1613.872643,1403.764902,1049.821355,129.000337
6686.05,1614.137569,1403.980331,1049.978888,129.0197278
6687.05,1614.2987,1404.166879,1050.136355,129.0391044
6688.05,1614.544347,1404.370092,1050.293729,129.0584843
6689.05,1614.756903,1404.573944,1050.451053,129.0778623
6690.05,1615.035601,1404.782811,1050.608345,129.0972326
6691.05,1615.236822,1404.975047,1050.765618,129.1165921
6692.05,1615.477684,1405.195118,1050.922922,129.1359876
6693.05,1615.695682,1405.402627,1051.080395,129.1554048
6694.05,1615.964802,1405.626951,1051.238037,129.1748621
6695.05,1616.17774,1405.827255,1051.395675,129.1943376
6696.05,1616.432498,1406.044803,1051.553338,129.2137903
6697.05,1616.666337,1406.252111,1051.711084,129.2332164
6698.05,1616.891367,1406.467568,1051.868848,129.2526114
6699.05,1617.164816,1406.684148,1052.026628,129.2720231
6700.05,1617.432544,1406.899207,1052.184433,129.2914133
6701.05,1617.747687,1407.126602,1052.342187,129.3108085
6702.05,1617.971042,1407.3274,1052.499977,129.3302077
6703.05,1618.276365,1407.565031,1052.65787,129.3495893
6704.05,1618.511907,1407.777336,1052.815774,129.3689671
6705.05,1618.792008,1407.998828,1052.973662,129.3883484
6706.05,1619.036697,1408.204911,1053.131616,129.4077144
6707.05,1619.243938,1408.405393,1053.289601,129.427092
6708.05,1619.459256,1408.599055,1053.447591,129.4464632
6709.05,1619.701752,1408.80905,1053.605549,129.4658444
6710.05,1619.88753,1409.008153,1053.763474,129.4852334
6711.05,1620.104369,1409.204286,1053.921435,129.5046115
6712.05,1620.325845,1409.407464,1054.079396,129.5239839
6713.05,1620.519167,1409.595047,1054.237337,129.5433814
6714.05,1620.718079,1409.790833,1054.395279,129.5627916
6715.05,1620.969043,1409.993737,1054.55328,129.5821854
6716.05,1621.292637,1410.218219,1054.711367,129.6015828
6717.05,1621.558114,1410.436823,1054.869519,129.6209586
6718.05,1621.800101,1410.649317,1055.027691,129.6403472
6719.05,1622.045796,1410.855227,1055.185883,129.6597251
6720.05,1622.221156,1411.049793,1055.344038,129.6790762
6721.05,1622.449161,1411.253724,1055.502206,129.6984317
6722.05,1622.635439,1411.443899,1055.660271,129.7177979
6723.05,1622.883405,1411.664217,1055.818337,129.7371793
6724.05,1623.124762,1411.881033,1055.976449,129.7565949
6725.05,1623.325105,1412.089083,1056.134664,129.7760091
6726.05,1623.54065,1412.286326,1056.292975,129.7954449
6727.05,1623.766764,1412.497196,1056.451289,129.8148747
6728.05,1623.954102,1412.680898,1056.609671,129.8343128
6729.05,1624.152803,1412.876596,1056.768052,129.8537503
6730.05,1624.413883,1413.106492,1056.926524,129.8731659
6731.05,1624.650849,1413.316883,1057.085087,129.892577
6732.05,1624.831465,1413.500444,1057.243775,129.9119991
6733.05,1625.101711,1413.720343,1057.402606,129.9314199
6734.05,1625.36939,1413.938806,1057.561535,129.9508557
6735.05,1625.59075,1414.150659,1057.720657,129.9702876
6736.05,1625.851076,1414.371746,1057.879806,129.9897289
6737.05,1626.13855,1414.590926,1058.038898,130.0091741
6738.05,1626.424722,1414.811317,1058.197975,130.0286155
6739.05,1626.597941,1415.007989,1058.357096,130.0480687
6740.05,1626.894186,1415.227575,1058.516231,130.0675218
6741.05,1627.144026,1415.440966,1058.675419,130.0869779
6742.05,1627.3396,1415.652418,1058.834585,130.106449
6743.05,1627.53586,1415.848518,1058.993783,130.1259167
6744.05,1627.719138,1416.040921,1059.152972,130.1453938
6745.05,1627.964104,1416.258803,1059.312175,130.1648743
6746.05,1628.194628,1416.471984,1059.471306,130.1843386
6747.05,1628.449236,1416.693268,1059.630425,130.2038279
6748.05,1628.715049,1416.910069,1059.789595,130.2233667
6749.05,1628.892147,1417.099757,1059.948664,130.2429064
6750.05,1629.103272,1417.30866,1060.10775,130.2624542
6751.05,1629.274651,1417.487586,1060.266927,130.2820386
6752.05,1629.548113,1417.706784,1060.42624,130.301637
6753.05,1629.817146,1417.926401,1060.585612,130.3212427
6754.05,1629.982065,1418.116071,1060.744979,130.3408301
6755.05,1630.291939,1418.34181,1060.904142,130.360388
6756.05,1630.561771,1418.549759,1061.063215,130.379948
6757.05,1630.834965,1418.783738,1061.222279,130.3995175
6758.05,1631.002613,1418.9695,1061.381418,130.4191066
6759.05,1631.274357,1419.175184,1061.54062,130.4386867
6760.05,1631.531361,1419.382402,1061.699865,130.4582689
6761.05,1631.770276,1419.58208,1061.859104,130.4778329
6762.05,1632.029252,1419.803935,1062.018416,130.4973911
6763.05,1632.311729,1420.03219,1062.177739,130.5169456
6764.05,1632.566615,1420.249359,1062.337042,130.5364871
6765.05,1632.785251,1420.4648,1062.496241,130.5560035
6766.05,1633.09773,1420.690444,1062.655369,130.5755201
6767.05,1633.384455,1420.902698,1062.814482,130.5950432
6768.05,1633.593562,1421.095363,1062.973556,130.6145462
6769.05,1633.851161,1421.301404,1063.132552,130.634026
6770.05,1634.099675,1421.524487,1063.291506,130.6534789
6771.05,1634.275205,1421.711016,1063.450375,130.6729238
6772.05,1634.480205,1421.90107,1063.609171,130.6923882
6773.05,1634.74393,1422.119554,1063.767926,130.7118696
6774.05,1635.00887,1422.336222,1063.926707,130.7313468
6775.05,1635.170133,1422.510747,1064.085421,130.7508314
6776.05,1635.420554,1422.709571,1064.244077,130.7703153
6777.05,1635.693963,1422.92325,1064.402776,130.7897718
6778.05,1635.969805,1423.145544,1064.561418,130.809206
6779.05,1636.206682,1423.353801,1064.7199,130.8286204
6780.05,1636.425976,1423.564492,1064.878336,130.8480535
6781.05,1636.62838,1423.758396,1065.036683,130.8675062
6782.05,1636.867499,1423.955766,1065.19494,130.8869369
6783.05,1637.162217,1424.178448,1065.352969,130.9063601
6784.05,1637.431444,1424.391739,1065.510959,130.9257928
6785.05,1637.646072,1424.577197,1065.668813,130.9452169
6786.05,1637.862387,1424.784791,1065.826619,130.9646559
6787.05,1638.148448,1425.019857,1065.984386,130.9841161
6788.05,1638.376725,1425.224645,1066.142311,131.0035805
6789.05,1638.640169,1425.433164,1066.300295,131.0230264
6790.05,1638.934256,1425.657791,1066.458425,131.0424556
6791.05,1639.165204,1425.864352,1066.616522,131.0618862
6792.05,1639.377327,1426.064904,1066.774504,131.0813288
6793.05,1639.525772,1426.242325,1066.932435,131.1007729
6794.05,1639.746032,1426.451259,1067.090224,131.1202261
6795.05,1639.9938,1426.655564,1067.247952,131.1396838
6796.05,1640.272984,1426.884872,1067.40566,131.159146
6797.05,1640.495893,1427.08206,1067.563278,131.1786343
6798.05,1640.687427,1427.280158,1067.720802,131.198123
6799.05,1640.903832,1427.478896,1067.878313,131.2176576
6800.05,1641.167945,1427.695452,1068.035739,131.2371866
6801.05,1641.447476,1427.907671,1068.193193,131.2567211
6802.05,1641.713938,1428.13041,1068.350618,131.276234
6803.05,1641.93619,1428.33154,1068.507974,131.2957548
6804.05,1642.133696,1428.534702,1068.665285,131.3152846
6805.05,1642.445395,1428.775285,1068.822581,131.3348132
6806.05,1642.690452,1428.984278,1068.979898,131.3543131
6807.05,1643.005568,1429.215873,1069.137167,131.3738297
6808.05,1643.291252,1429.443207,1069.29435,131.3933321
6809.05,1643.569583,1429.662415,1069.451451,131.4128459
6810.05,1643.858832,1429.904052,1069.608504,131.4323283
6811.05,1644.085092,1430.121283,1069.765438,131.4518073
6812.05,1644.351577,1430.343616,1069.922332,131.4712946
6813.05,1644.564902,1430.548604,1070.079162,131.4907844
6814.05,1644.773529,1430.74153,1070.235975,131.5102668
6815.05,1645.004293,1430.945933,1070.392842,131.5297405
6816.05,1645.151913,1431.119878,1070.549659,131.5491668
6817.05,1645.424437,1431.335239,1070.706468,131.5685349
6818.05,1645.674727,1431.532261,1070.863291,131.5878631
6819.05,1645.929163,1431.761444,1071.020142,131.6071922
6820.05,1646.18393,1431.971137,1071.176905,131.6265369
6821.05,1646.381306,1432.157261,1071.333622,131.6458742
6822.05,1646.564202,1432.351293,1071.490348,131.6651947
6823.05,1646.764281,1432.553221,1071.647053,131.6845361
6824.05,1646.960058,1432.741054,1071.803716,131.703885
6825.05,1647.193733,1432.946145,1071.960328,131.7232192
6826.05,1647.460308,1433.167388,1072.116921,131.7425652
6827.05,1647.668783,1433.360185,1072.273511,131.7619338
6828.05,1647.879619,1433.554786,1072.430125,131.7813302
6829.05,1648.086082,1433.747789,1072.58678,131.800733
6830.05,1648.348669,1433.964555,1072.743468,131.8201005
6831.05,1648.487227,1434.153941,1072.900146,131.8394602
6832.05,1648.769237,1434.383333,1073.056757,131.8588293
6833.05,1649.082075,1434.611485,1073.213451,131.8781908
6834.05,1649.302576,1434.820629,1073.370187,131.8975737
6835.05,1649.553452,1435.037126,1073.526973,131.916972
6836.05,1649.859406,1435.269656,1073.683872,131.9363926
6837.05,1650.056884,1435.459069,1073.840808,131.9558141
6838.05,1650.321126,1435.663658,1073.997844,131.9752491
6839.05,1650.586938,1435.880363,1074.154948,131.9946908
6840.05,1650.841585,1436.094396,1074.312099,132.0141483
6841.05,1651.127237,1436.321287,1074.469312,132.033599
6842.05,1651.324968,1436.517025,1074.626603,132.0530385
6843.05,1651.526987,1436.709032,1074.783966,132.0724778
6844.05,1651.77889,1436.923372,1074.94144,132.091876
6845.05,1651.95075,1437.110208,1075.098955,132.1112814
6846.05,1652.145076,1437.305797,1075.256434,132.130685
6847.05,1652.299845,1437.498761,1075.4139,132.1500949
6848.05,1652.53462,1437.710951,1075.571401,132.1694985
6849.05,1652.754814,1437.917913,1075.728899,132.1889078
6850.05,1653.013493,1438.150781,1075.886391,132.2083324
6851.05,1653.238012,1438.36029,1076.043919,132.2277921
6852.05,1653.483035,1438.57317,1076.20152,132.247271
6853.05,1653.795515,1438.817549,1076.359151,132.266762
6854.05,1654.049162,1439.020596,1076.516803,132.2862313
6855.05,1654.185133,1439.189062,1076.674467,132.3056982
6856.05,1654.416104,1439.403665,1076.832153,132.3251662
6857.05,1654.603594,1439.597714,1076.9899,132.3446294
6858.05,1654.831714,1439.801468,1077.147662,132.364089
6859.05,1655.038941,1440.000924,1077.305407,132.3835433
6860.05,1655.279557,1440.21571,1077.463133,132.4029819
6861.05,1655.536416,1440.427173,1077.620882,132.4224255
6862.05,1655.794279,1440.642262,1077.778698,132.4418827
6863.05,1655.956139,1440.813835,1077.936593,132.4613365
6864.05,1656.224833,1441.031738,1078.09458,132.4807898
6865.05,1656.502588,1441.250809,1078.252651,132.500225
6866.05,1656.736852,1441.459331,1078.410691,132.5196372
6867.05,1657.036934,1441.692252,1078.568729,132.5390163
6868.05,1657.24208,1441.89671,1078.726791,132.5584024
6869.05,1657.431803,1442.090281,1078.884907,132.5777862
6870.05,1657.685438,1442.300265,1079.043105,132.597155
6871.05,1657.919323,1442.50989,1079.201459,132.616536
6872.05,1658.17856,1442.732995,1079.359856,132.6359328
6873.05,1658.383252,1442.929935,1079.518316,132.6553218
6874.05,1658.659841,1443.152298,1079.676804,132.6747055
6875.05,1658.914818,1443.368746,1079.835318,132.6940928
6876.05,1659.172708,1443.575366,1079.993831,132.7134553
6877.05,1659.405756,1443.783657,1080.152395,132.7328127
6878.05,1659.710191,1444.017678,1080.310959,132.7521956
6879.05,1659.967659,1444.228968,1080.469502,132.7715779
6880.05,1660.11177,1444.406114,1080.628068,132.7909425
6881.05,1660.393988,1444.63499,1080.786625,132.8103094
6882.05,1660.594693,1444.828908,1080.945203,132.8296722
6883.05,1660.829445,1445.039263,1081.103734,132.8490291
6884.05,1661.029454,1445.241658,1081.262305,132.8684108
6885.05,1661.276472,1445.465951,1081.420854,132.887805
6886.05,1661.497188,1445.675279,1081.579364,132.9071923
6887.05,1661.760688,1445.881631,1081.737858,132.9265463
6888.05,1661.934267,1446.065502,1081.896371,132.9458816
6889.05,1662.214829,1446.276711,1082.05494,132.9652307
6890.05,1662.479048,1446.486524,1082.213592,132.984573
6891.05,1662.736637,1446.696964,1082.372265,133.0039083
6892.05,1663.027823,1446.912515,1082.530966,133.0232381
6893.05,1663.321458,1447.134319,1082.689699,133.0425867
6894.05,1663.58925,1447.356184,1082.848474,133.0619109
6895.05,1663.840322,1447.570425,1083.007292,133.0812347
6896.05,1664.075979,1447.782572,1083.166075,133.100562
6897.05,1664.328929,1447.992815,1083.324835,133.1198962
6898.05,1664.565062,1448.199216,1083.483622,133.1392272
6899.05,1664.871344,1448.421214,1083.642412,133.1585328
6900.05,1665.028672,1448.599202,1083.801262,133.1778307
6901.05,1665.262299,1448.801424,1083.960122,133.197126
6902.05,1665.511168,1449.006402,1084.119053,133.2163925
6903.05,1665.728059,1449.208225,1084.278116,133.2356235
6904.05,1665.965715,1449.412106,1084.43719,133.2548609
6905.05,1666.238354,1449.613667,1084.596193,133.2740926
6906.05,1666.464522,1449.813815,1084.755223,133.293315
6907.05,1666.693215,1450.025663,1084.914165,133.3125554
6908.05,1666.927155,1450.229427,1085.073086,133.3318223
6909.05,1667.202106,1450.445207,1085.231969,133.3510881
6910.05,1667.501525,1450.668729,1085.390884,133.3703322
6911.05,1667.727549,1450.876234,1085.54981,133.3895787
6912.05,1667.967159,1451.091733,1085.708788,133.4088272
6913.05,1668.22104,1451.30022,1085.867804,133.4280766
6914.05,1668.463359,1451.508429,1086.026896,133.4473182
6915.05,1668.756387,1451.739071,1086.185992,133.4665499
6916.05,1668.982426,1451.954555,1086.345008,133.4857853
6917.05,1669.24402,1452.179873,1086.503939,133.5050274
6918.05,1669.579634,1452.425223,1086.662789,133.5242775
6919.05,1669.826181,1452.642783,1086.82165,133.5435348
6920.05,1670.028341,1452.843617,1086.980428,133.5627944
6921.05,1670.249087,1453.043462,1087.139078,133.5820537
6922.05,1670.524866,1453.257585,1087.29768,133.6012739
6923.05,1670.758734,1453.46402,1087.456215,133.6204671
6924.05,1671.019235,1453.683785,1087.614742,133.6396476
6925.05,1671.20943,1453.873044,1087.773321,133.6588339
6926.05,1671.4203,1454.059745,1087.931895,133.6780272
6927.05,1671.759625,1454.296994,1088.090544,133.6972003
6928.05,1672.055591,1454.526194,1088.249224,133.7163869
6929.05,1672.263168,1454.731273,1088.407996,133.7355991
6930.05,1672.497528,1454.941324,1088.566705,133.7548221
6931.05,1672.833804,1455.182355,1088.725411,133.774038
6932.05,1673.107131,1455.397937,1088.884042,133.7932522
6933.05,1673.321724,1455.593057,1089.042681,133.8124642
6934.05,1673.613086,1455.818891,1089.201313,133.8316976
6935.05,1673.94585,1456.059309,1089.360026,133.8509319
6936.05,1674.161878,1456.273866,1089.518737,133.8701736
6937.05,1674.357783,1456.46756,1089.677376,133.8893979
6938.05,1674.626122,1456.685541,1089.836003,133.9086102
6939.05,1674.789521,1456.864014,1089.994599,133.9278134
6940.05,1675.062696,1457.088228,1090.153131,133.947022
6941.05,1675.279037,1457.291154,1090.311498,133.9662337
6942.05,1675.520846,1457.503384,1090.469822,133.9854684
6943.05,1675.732158,1457.711573,1090.628124,134.0047046
6944.05,1675.968695,1457.920841,1090.786544,134.0239467
6945.05,1676.189209,1458.127491,1090.94504,134.0432007
6946.05,1676.305927,1458.286211,1091.103672,134.0624535
6947.05,1676.500135,1458.487779,1091.262337,134.081716
6948.05,1676.737615,1458.708512,1091.420965,134.1009941
6949.05,1676.938682,1458.909461,1091.579605,134.120315
6950.05,1677.211824,1459.121658,1091.738258,134.1396608
6951.05,1677.471444,1459.332103,1091.896825,134.1590214
6952.05,1677.701398,1459.538802,1092.055301,134.1783924
6953.05,1677.93356,1459.749945,1092.213709,134.1977582
6954.05,1678.179396,1459.958932,1092.372155,134.2171097
6955.05,1678.466176,1460.177431,1092.530597,134.2364046
6956.05,1678.706961,1460.391799,1092.689076,134.2556914
6957.05,1678.955359,1460.604621,1092.847525,134.2750123
6958.05,1679.207913,1460.828574,1093.005916,134.2943541
6959.05,1679.443201,1461.041026,1093.164281,134.3137332
6960.05,1679.639511,1461.229343,1093.322649,134.3331443
6961.05,1679.889699,1461.45167,1093.480906,134.3525342
6962.05,1680.115741,1461.65901,1093.639019,134.3719413
6963.05,1680.306716,1461.849646,1093.797025,134.3913656
6964.05,1680.511531,1462.044771,1093.955033,134.4108392
6965.05,1680.728201,1462.247105,1094.112996,134.4303271
6966.05,1680.968348,1462.463225,1094.270917,134.4497966
6967.05,1681.159888,1462.667561,1094.428792,134.4692202
6968.05,1681.394021,1462.868844,1094.586568,134.4886473
6969.05,1681.670755,1463.101475,1094.744308,134.5080931
6970.05,1681.839425,1463.285993,1094.902083,134.527551
6971.05,1682.071109,1463.495282,1095.059878,134.5470202
6972.05,1682.295947,1463.706036,1095.217707,134.5665241
6973.05,1682.494018,1463.903622,1095.375606,134.5860175
6974.05,1682.660347,1464.086927,1095.533498,134.605529
6975.05,1682.901629,1464.303807,1095.691463,134.6250391
6976.05,1683.109441,1464.506953,1095.849519,134.644541
6977.05,1683.32113,1464.697811,1096.007591,134.6640135
6978.05,1683.563414,1464.909387,1096.165787,134.6834714
6979.05,1683.793419,1465.116747,1096.324033,134.7029293
6980.05,1684.026571,1465.311873,1096.482323,134.7223995
6981.05,1684.260367,1465.517111,1096.640606,134.7418788
6982.05,1684.523617,1465.736007,1096.798874,134.7613664
6983.05,1684.757845,1465.940957,1096.957178,134.7808836
6984.05,1685.00948,1466.144473,1097.115514,134.8003624
6985.05,1685.288639,1466.36173,1097.273901,134.8198605
6986.05,1685.556954,1466.576268,1097.432294,134.8393501
6987.05,1685.801439,1466.78869,1097.590676,134.8588421
6988.05,1686.151491,1467.028378,1097.749019,134.8783156
6989.05,1686.428292,1467.24516,1097.907365,134.897772
6990.05,1686.614354,1467.441598,1098.065775,134.9172133
6991.05,1686.838127,1467.649679,1098.224258,134.936664
6992.05,1687.120908,1467.863165,1098.382789,134.9561048
6993.05,1687.340113,1468.07422,1098.541393,134.9755395
6994.05,1687.477075,1468.247608,1098.699967,134.994988
6995.05,1687.700709,1468.429664,1098.858601,135.0144188
6996.05,1688.0311,1468.67336,1099.017275,135.0338462
6997.05,1688.230138,1468.87061,1099.175946,135.0532971
6998.05,1688.528653,1469.107097,1099.334583,135.0727723
6999.05,1688.72019,1469.298032,1099.493077,135.0922372
7000.05,1689.028086,1469.526592,1099.651517,135.1116546
7001.05,1689.255085,1469.724116,1099.809819,135.1310812
7002.05,1689.534401,1469.96333,1099.968025,135.1505211
7003.05,1689.695156,1470.150449,1100.12605,135.1699646
7004.05,1689.952865,1470.370607,1100.283947,135.1894235
7005.05,1690.244594,1470.583326,1100.441805,135.2088784
7006.05,1690.474164,1470.782531,1100.599669,135.2282969
7007.05,1690.734149,1471.000732,1100.757467,135.2476953
7008.05,1690.972941,1471.214399,1100.915281,135.2670908
7009.05,1691.209019,1471.418479,1101.073111,135.2864825
7010.05,1691.450544,1471.621159,1101.230805,135.3058863
7011.05,1691.708633,1471.83307,1101.388445,135.3252717
7012.05,1691.936099,1472.047885,1101.546049,135.3446195
7013.05,1692.222401,1472.275589,1101.703521,135.3639908
7014.05,1692.411325,1472.480786,1101.860854,135.3833832
7015.05,1692.654239,1472.688871,1102.018058,135.4027864
7016.05,1692.810604,1472.866555,1102.175188,135.4221796
7017.05,1693.038434,1473.078031,1102.33229,135.4415507
7018.05,1693.228045,1473.27189,1102.489342,135.460908
7019.05,1693.470899,1473.492301,1102.646421,135.4802715
7020.05,1693.749481,1473.707768,1102.803476,135.4996433
7021.05,1693.954157,1473.911511,1102.960637,135.5190262
7022.05,1694.175966,1474.109871,1103.117838,135.5384241
7023.05,1694.459785,1474.320912,1103.275096,135.5578065
7024.05,1694.724535,1474.536289,1103.432317,135.5771659
7025.05,1694.943208,1474.731483,1103.589511,135.5965228
7026.05,1695.180487,1474.945134,1103.7467,135.6159021
7027.05,1695.471229,1475.172655,1103.903908,135.6352813
7028.05,1695.767551,1475.393965,1104.061122,135.654653
7029.05,1696.025437,1475.616406,1104.218385,135.6740233
7030.05,1696.323442,1475.839394,1104.375676,135.6934056
7031.05,1696.596117,1476.067519,1104.532953,135.7128114
7032.05,1696.824712,1476.281933,1104.690202,135.7322018
7033.05,1697.065052,1476.510168,1104.847399,135.7516006
7034.05,1697.359365,1476.738621,1105.004536,135.7710055
7035.05,1697.584067,1476.939488,1105.161682,135.7904148
7036.05,1697.77727,1477.136419,1105.318785,135.8098351
7037.05,1698.029934,1477.343814,1105.475823,135.8292493
7038.05,1698.250866,1477.545571,1105.632861,135.8486397
7039.05,1698.482785,1477.754158,1105.789894,135.8679992
7040.05,1698.699516,1477.951196,1105.946944,135.8873778
7041.05,1698.867243,1478.134703,1106.104095,135.9067434
7042.05,1699.079626,1478.340692,1106.261323,135.9261128
7043.05,1699.290022,1478.539594,1106.418547,135.9454951
7044.05,1699.541372,1478.753556,1106.575766,135.9649244
7045.05,1699.724925,1478.941292,1106.732957,135.9843664
7046.05,1699.904032,1479.130933,1106.890154,136.0038034
7047.05,1700.150125,1479.348321,1107.047461,136.023249
7048.05,1700.392692,1479.553174,1107.204797,136.042715
7049.05,1700.664982,1479.769601,1107.362135,136.0621899
7050.05,1700.912851,1479.983047,1107.519523,136.0816519
7051.05,1701.206134,1480.213719,1107.676958,136.1010987
7052.05,1701.487737,1480.433835,1107.834472,136.1205428
7053.05,1701.75904,1480.6582,1107.992017,136.140009
7054.05,1702.000095,1480.857089,1108.149574,136.1594839
7055.05,1702.29446,1481.083559,1108.307158,136.1789537
7056.05,1702.501931,1481.276729,1108.464839,136.1984607
7057.05,1702.753932,1481.498204,1108.62258,136.2179623
7058.05,1703.023813,1481.719479,1108.780322,136.2374398
7059.05,1703.271288,1481.938089,1108.938098,136.2569099
7060.05,1703.490214,1482.148241,1109.095871,136.2763926
7061.05,1703.795543,1482.38154,1109.253653,136.2958839
7062.05,1704.073098,1482.602838,1109.411474,136.3153961
7063.05,1704.314933,1482.820259,1109.569258,136.3349017
7064.05,1704.599925,1483.043947,1109.727068,136.3544154
7065.05,1704.885748,1483.269677,1109.885011,136.3739138
7066.05,1705.139599,1483.478263,1110.043042,136.3934192
7067.05,1705.387569,1483.691847,1110.20108,136.4129288
7068.05,1705.64767,1483.922392,1110.359132,136.4324578
7069.05,1705.845777,1484.125079,1110.517254,136.4519794
7070.05,1706.087134,1484.326132,1110.675471,136.4714939
7071.05,1706.302148,1484.530746,1110.833583,136.4909956
7072.05,1706.524165,1484.741143,1110.991692,136.5104744
7073.05,1706.728436,1484.941248,1111.149877,136.5299154
7074.05,1707.062143,1485.174769,1111.307989,136.5493516
7075.05,1707.217313,1485.345509,1111.46599,136.5687621
7076.05,1707.397276,1485.543216,1111.623881,136.5881469
7077.05,1707.633866,1485.751378,1111.781696,136.6075115
7078.05,1707.85778,1485.955983,1111.939589,136.6268655
7079.05,1708.100898,1486.172158,1112.097412,136.646204
7080.05,1708.391146,1486.395629,1112.255233,136.6655674
7081.05,1708.582993,1486.60505,1112.41311,136.6849521
7082.05,1708.851665,1486.823493,1112.571033,136.7043825
7083.05,1709.110868,1487.030404,1112.728909,136.7238007
7084.05,1709.326545,1487.23692,1112.886724,136.7432013
7085.05,1709.54986,1487.432057,1113.044514,136.7625892
7086.05,1709.816037,1487.656611,1113.202337,136.7819883
7087.05,1710.040002,1487.853469,1113.360195,136.801397
7088.05,1710.285531,1488.080391,1113.518041,136.8208097
7089.05,1710.566956,1488.307213,1113.675918,136.8402413
7090.05,1710.80254,1488.510613,1113.833865,136.859692
7091.05,1711.000701,1488.702811,1113.991834,136.8791409
7092.05,1711.211181,1488.887092,1114.149842,136.8985824
7093.05,1711.41581,1489.076737,1114.307847,136.9180311
7094.05,1711.652655,1489.28437,1114.465938,136.9374878
7095.05,1711.909844,1489.50154,1114.624125,136.9569766
7096.05,1712.161235,1489.709992,1114.782321,136.9764671
7097.05,1712.451993,1489.950297,1114.940501,136.9959395
7098.05,1712.624607,1490.139752,1115.098628,137.0153929
7099.05,1712.831048,1490.341434,1115.256685,137.0348545
7100.05,1713.09551,1490.554835,1115.414646,137.0543036
7101.05,1713.326984,1490.766761,1115.572574,137.0737265
7102.05,1713.486801,1490.950879,1115.730467,137.0931506
7103.05,1713.772316,1491.168075,1115.888364,137.1125637
7104.05,1714.06318,1491.393839,1116.04631,137.1319958
7105.05,1714.294978,1491.593471,1116.204194,137.1514124
7106.05,1714.580096,1491.837223,1116.362051,137.1708303
7107.05,1714.858218,1492.064214,1116.519974,137.1902655
7108.05,1715.123526,1492.286781,1116.677856,137.209705
7109.05,1715.39656,1492.503396,1116.835748,137.2291541
7110.05,1715.630867,1492.704757,1116.993689,137.2486034
7111.05,1715.900511,1492.927544,1117.151679,137.2680775
7112.05,1716.104881,1493.125831,1117.309726,137.2875588
7113.05,1716.370126,1493.341959,1117.467776,137.307031
7114.05,1716.550393,1493.521313,1117.625782,137.326477
7115.05,1716.757972,1493.716458,1117.783765,137.3459218
7116.05,1716.955812,1493.910991,1117.941804,137.3653336
7117.05,1717.174824,1494.113422,1118.099865,137.3847234
7118.05,1717.431477,1494.336356,1118.25799,137.4041002
7119.05,1717.719386,1494.554225,1118.416071,137.4234826
7120.05,1717.941,1494.752916,1118.574162,137.4428892
7121.05,1718.228014,1494.971518,1118.732186,137.4623307
7122.05,1718.457644,1495.19435,1118.890179,137.4818013
7123.05,1718.697581,1495.399796,1119.048103,137.5012665
7124.05,1718.915183,1495.606639,1119.205954,137.5207229
7125.05,1719.156372,1495.818066,1119.36379,137.5401867
7126.05,1719.41051,1496.041371,1119.521608,137.5596217
7127.05,1719.634284,1496.249314,1119.67939,137.5790497
7128.05,1719.852146,1496.450641,1119.837251,137.5984987
7129.05,1720.155417,1496.686559,1119.995197,137.6179703
7130.05,1720.374083,1496.885874,1120.153195,137.6374563
7131.05,1720.6705,1497.106018,1120.311277,137.6569268
7132.05,1720.878338,1497.304158,1120.46939,137.6763885
7133.05,1721.122045,1497.508758,1120.627649,137.6958709
7134.05,1721.339016,1497.709652,1120.785996,137.7153538
7135.05,1721.639394,1497.930504,1120.944289,137.7348232
7136.05,1721.954412,1498.166976,1121.102595,137.7542877
7137.05,1722.210331,1498.380934,1121.260896,137.7737607
7138.05,1722.498443,1498.604401,1121.419198,137.7932426
7139.05,1722.816896,1498.848969,1121.577542,137.812725
7140.05,1723.04486,1499.051145,1121.735946,137.8322144
7141.05,1723.266932,1499.255326,1121.894407,137.8517048
7142.05,1723.496029,1499.468097,1122.052878,137.8711935
7143.05,1723.682131,1499.662422,1122.211331,137.890685
7144.05,1723.890356,1499.868524,1122.369775,137.9101934
7145.05,1724.154505,1500.079578,1122.52829,137.9297258
7146.05,1724.379916,1500.278277,1122.686789,137.9492335
7147.05,1724.6909,1500.509692,1122.845367,137.9687356
7148.05,1724.945973,1500.724586,1123.003951,137.9882347
7149.05,1725.152651,1500.92063,1123.162596,138.0077252
7150.05,1725.388293,1501.123794,1123.321241,138.0271969
7151.05,1725.64978,1501.33108,1123.479901,138.0466534
7152.05,1725.865006,1501.52756,1123.638492,138.0661181
7153.05,1726.108654,1501.746656,1123.797025,138.0855932
7154.05,1726.301168,1501.94616,1123.955577,138.1050757
7155.05,1726.62208,1502.178133,1124.114261,138.1245737
7156.05,1726.919851,1502.416869,1124.273017,138.1440686
7157.05,1727.170298,1502.637193,1124.431764,138.1635592
7158.05,1727.435498,1502.862655,1124.59043,138.1830792
7159.05,1727.674219,1503.06402,1124.749077,138.2026177
7160.05,1727.924785,1503.270119,1124.90779,138.2221439
7161.05,1728.111727,1503.473218,1125.066468,138.2416701
7162.05,1728.362685,1503.687699,1125.225166,138.2611911
7163.05,1728.633395,1503.906978,1125.383878,138.2807368
7164.05,1728.864937,1504.116381,1125.542547,138.3002767
7165.05,1729.141481,1504.343037,1125.701263,138.3197941
7166.05,1729.339498,1504.537687,1125.859958,138.3393279
7167.05,1729.624613,1504.764879,1126.01867,138.3589012
7168.05,1729.885785,1504.968357,1126.177379,138.3784875
7169.05,1730.151419,1505.189996,1126.336127,138.3980949
7170.05,1730.346167,1505.384413,1126.494891,138.4177049
7171.05,1730.534813,1505.566712,1126.653703,138.4373052
7172.05,1730.741107,1505.763121,1126.812499,138.4569038
7173.05,1730.957119,1505.961711,1126.97142,138.4765297
7174.05,1731.256643,1506.187268,1127.130395,138.4961448
7175.05,1731.487823,1506.392693,1127.289423,138.5157336
7176.05,1731.705058,1506.598537,1127.448447,138.5352996
7177.05,1731.945864,1506.822227,1127.607494,138.5548306
7178.05,1732.17828,1507.037766,1127.766461,138.5743422
7179.05,1732.484456,1507.253718,1127.92541,138.5938291
7180.05,1732.713454,1507.462823,1128.084306,138.6133207
7181.05,1732.985046,1507.684333,1128.243168,138.632832
7182.05,1733.269692,1507.912308,1128.402076,138.6523394
7183.05,1733.518733,1508.127915,1128.561003,138.6718277
7184.05,1733.78487,1508.34948,1128.719889,138.6913211
7185.05,1734.086893,1508.580337,1128.87878,138.7108441
7186.05,1734.355219,1508.789702,1129.037711,138.7303698
7187.05,1734.590106,1509.006742,1129.196595,138.7499003
7188.05,1734.860142,1509.223171,1129.355534,138.7694633
7189.05,1735.067255,1509.420905,1129.514537,138.7890628
7190.05,1735.33673,1509.639054,1129.673582,138.8086865
7191.05,1735.58703,1509.862587,1129.832594,138.8283077
7192.05,1735.918354,1510.092626,1129.991689,138.8479356
7193.05,1736.106621,1510.287881,1130.150867,138.8675439
7194.05,1736.362048,1510.492189,1130.31009,138.8871182
7195.05,1736.517618,1510.683746,1130.469282,138.90668
7196.05,1736.793732,1510.883444,1130.628522,138.9262252
7197.05,1736.954824,1511.069646,1130.787804,138.9457425
7198.05,1737.245309,1511.281917,1130.947128,138.9652275
7199.05,1737.488448,1511.487436,1131.106501,138.9846653
7200.05,1737.746188,1511.712727,1131.26588,139.0040892
7201.05,1737.999532,1511.924234,1131.425219,139.0235182
7202.05,1738.264694,1512.140513,1131.584532,139.04294
7203.05,1738.495762,1512.348178,1131.74373,139.0623521
7204.05,1738.759525,1512.567489,1131.902835,139.0817635
7205.05,1738.964442,1512.77125,1132.061946,139.1011657
7206.05,1739.227482,1512.987012,1132.221045,139.1205649
7207.05,1739.41901,1513.178355,1132.380142,139.1399661
7208.05,1739.65302,1513.379781,1132.539215,139.1593873
7209.05,1739.915066,1513.602921,1132.698342,139.1788108
7210.05,1740.147588,1513.825501,1132.857407,139.1982463
7211.05,1740.386982,1514.038316,1133.016457,139.2177061
7212.05,1740.621962,1514.255694,1133.175479,139.237185
7213.05,1740.873091,1514.467169,1133.334661,139.2566449
7214.05,1741.077332,1514.657816,1133.493983,139.2761294
7215.05,1741.300545,1514.858802,1133.653332,139.2956232
7216.05,1741.586375,1515.081731,1133.812655,139.3151079
7217.05,1741.771525,1515.264671,1133.971888,139.3345585
7218.05,1742.006192,1515.477624,1134.131079,139.3539835
7219.05,1742.239562,1515.683812,1134.290268,139.3734216
7220.05,1742.507559,1515.89849,1134.449499,139.3928552
7221.05,1742.707508,1516.089185,1134.608692,139.4122695
7222.05,1742.896481,1516.280806,1134.767847,139.4316649
7223.05,1743.116806,1516.496521,1134.927039,139.4510925
7224.05,1743.421011,1516.723559,1135.086255,139.4705307
7225.05,1743.742951,1516.968312,1135.245478,139.4899601
7226.05,1743.967601,1517.184852,1135.404702,139.5093823
7227.05,1744.221388,1517.386608,1135.563902,139.5288386
7228.05,1744.493193,1517.603881,1135.723036,139.5482777
7229.05,1744.69073,1517.795606,1135.882197,139.5677146
7230.05,1744.894133,1517.997556,1136.041373,139.5871714
7231.05,1745.140931,1518.210748,1136.20061,139.606661
7232.05,1745.365338,1518.421422,1136.359915,139.6261625
7233.05,1745.568323,1518.625129,1136.519217,139.6456586
7234.05,1745.792554,1518.829338,1136.678647,139.6651714
7235.05,1746.047935,1519.034894,1136.838099,139.6846889
7236.05,1746.340097,1519.259083,1136.997639,139.7042124
7237.05,1746.545339,1519.441373,1137.157171,139.7237225
7238.05,1746.77858,1519.644971,1137.316739,139.7432101
7239.05,1747.025684,1519.861279,1137.47638,139.7626934
7240.05,1747.278464,1520.082998,1137.636081,139.7821884
7241.05,1747.518647,1520.299008,1137.795845,139.801695
7242.05,1747.684255,1520.49123,1137.955568,139.8211953
7243.05,1747.848028,1520.683493,1138.115308,139.8406811
7244.05,1748.12814,1520.908056,1138.275014,139.8601489
7245.05,1748.323993,1521.103685,1138.434648,139.8796093
7246.05,1748.516131,1521.292169,1138.594321,139.8990651
7247.05,1748.682834,1521.479224,1138.754032,139.9185229
7248.05,1748.98871,1521.696352,1138.913861,139.9379644
7249.05,1749.163375,1521.89353,1139.073768,139.957405
7250.05,1749.425239,1522.110064,1139.233644,139.9768655
7251.05,1749.619315,1522.304321,1139.393532,139.9963436
7252.05,1749.811039,1522.484606,1139.553452,140.0158491
7253.05,1750.055542,1522.694558,1139.71341,140.0353566
7254.05,1750.357467,1522.930871,1139.873402,140.0548888
7255.05,1750.626707,1523.159843,1140.033491,140.0744391
7256.05,1750.806604,1523.358917,1140.19353,140.0940087
7257.05,1751.092693,1523.573961,1140.353606,140.1135651
7258.05,1751.40214,1523.818419,1140.513721,140.1331127
7259.05,1751.692656,1524.052318,1140.673867,140.1526813
7260.05,1751.933022,1524.273536,1140.834009,140.1722205
7261.05,1752.108951,1524.458732,1140.99423,140.191765
7262.05,1752.42758,1524.689473,1141.154429,140.2113053
7263.05,1752.715358,1524.902877,1141.314563,140.2308396
7264.05,1752.933899,1525.099912,1141.474699,140.2503664
7265.05,1753.16111,1525.309222,1141.634795,140.2698974
7266.05,1753.378185,1525.511947,1141.794886,140.2894459
7267.05,1753.611563,1525.716662,1141.954984,140.3089997
7268.05,1753.908688,1525.946565,1142.115059,140.3285512
7269.05,1754.133698,1526.148662,1142.275162,140.348093
7270.05,1754.442645,1526.387202,1142.435305,140.3676481
7271.05,1754.712943,1526.605028,1142.595458,140.3871915
7272.05,1754.919554,1526.81339,1142.755666,140.4067159
7273.05,1755.161173,1527.019314,1142.916024,140.4262503
7274.05,1755.478984,1527.244464,1143.076402,140.4457908
7275.05,1755.673323,1527.449555,1143.236797,140.4653245
7276.05,1755.980221,1527.688096,1143.397207,140.4848788
7277.05,1756.241254,1527.898369,1143.557526,140.5044275
7278.05,1756.457076,1528.09035,1143.717895,140.5240013
7279.05,1756.769819,1528.317263,1143.878337,140.5435831
7280.05,1757.061485,1528.536839,1144.038854,140.563168
7281.05,1757.286937,1528.739494,1144.199331,140.5827755
7282.05,1757.491364,1528.941033,1144.359837,140.6023782
7283.05,1757.74236,1529.15091,1144.520253,140.6219911
7284.05,1757.938011,1529.349638,1144.680544,140.6416001
7285.05,1758.149401,1529.553227,1144.840856,140.6611978
7286.05,1758.423816,1529.769028,1145.001187,140.6807995
7287.05,1758.597911,1529.9411,1145.161561,140.7003738
7288.05,1758.886714,1530.160924,1145.321889,140.7199227
7289.05,1759.143237,1530.356439,1145.482283,140.7394826
7290.05,1759.298905,1530.544946,1145.64265,140.759046
7291.05,1759.541824,1530.749669,1145.802984,140.7786232
7292.05,1759.790793,1530.954858,1145.963255,140.7981846
7293.05,1760.023439,1531.167368,1146.123489,140.8177395
7294.05,1760.294943,1531.389672,1146.283775,140.8373183
7295.05,1760.538369,1531.602583,1146.444039,140.8569131
7296.05,1760.824606,1531.824102,1146.604328,140.8765119
7297.05,1761.122243,1532.047004,1146.764587,140.8960903
7298.05,1761.410225,1532.269356,1146.924858,140.9156473
7299.05,1761.658441,1532.477717,1147.085204,140.9351766
7300.05,1761.914998,1532.705265,1147.245569,140.9547091
7301.05,1762.178831,1532.928108,1147.405901,140.9742604
7302.05,1762.458246,1533.159044,1147.566129,140.9937975
7303.05,1762.672728,1533.360737,1147.726175,141.0133383
7304.05,1762.916588,1533.566941,1147.886151,141.0328502
7305.05,1763.174332,1533.786928,1148.046026,141.0523386
7306.05,1763.421177,1533.988956,1148.205916,141.0718146
7307.05,1763.641311,1534.190286,1148.365929,141.0912635
7308.05,1763.87232,1534.41569,1148.525976,141.1107022
7309.05,1764.121033,1534.629144,1148.685927,141.1301171
7310.05,1764.407108,1534.862495,1148.845661,141.1495216
7311.05,1764.678493,1535.086515,1149.005192,141.1689352
7312.05,1764.980759,1535.303706,1149.164605,141.1883511
7313.05,1765.225899,1535.523243,1149.324033,141.2077845
7314.05,1765.433029,1535.719641,1149.483438,141.2272309
7315.05,1765.665017,1535.918044,1149.642753,141.2466838
7316.05,1765.99735,1536.146562,1149.801926,141.2661464
7317.05,1766.29828,1536.383646,1149.961032,141.2856075
7318.05,1766.627123,1536.62086,1150.120175,141.3050551
7319.05,1766.808886,1536.819625,1150.279321,141.3245154
7320.05,1767.097971,1537.047592,1150.438348,141.3439677
7321.05,1767.301811,1537.237262,1150.597386,141.3634221
7322.05,1767.445352,1537.420858,1150.756443,141.3828862
7323.05,1767.650629,1537.627911,1150.915394,141.4023306
7324.05,1767.830676,1537.809107,1151.07422,141.4217806
7325.05,1768.105328,1538.036509,1151.233035,141.4412208
7326.05,1768.306071,1538.232778,1151.391749,141.4606363
7327.05,1768.547846,1538.440163,1151.550305,141.4800736
7328.05,1768.79409,1538.64682,1151.708782,141.4995373
7329.05,1769.085341,1538.878557,1151.867264,141.5189981
7330.05,1769.309925,1539.078436,1152.025698,141.5384474
7331.05,1769.602098,1539.307189,1152.184108,141.5579081
7332.05,1769.874162,1539.533578,1152.342568,141.5773562
7333.05,1770.092624,1539.733358,1152.501049,141.5968363
7334.05,1770.31959,1539.940579,1152.659635,141.6163017
7335.05,1770.54173,1540.137404,1152.818275,141.6357695
7336.05,1770.719668,1540.324096,1152.97694,141.655219
7337.05,1770.966514,1540.532889,1153.135668,141.6746526
7338.05,1771.196113,1540.734084,1153.294376,141.6940827
7339.05,1771.459892,1540.955364,1153.452961,141.7134977
7340.05,1771.752187,1541.172922,1153.611514,141.7328941
7341.05,1772.005985,1541.387748,1153.770091,141.752302
7342.05,1772.22208,1541.595973,1153.928693,141.7717061
7343.05,1772.365143,1541.784202,1154.087274,141.7910848
7344.05,1772.565699,1541.983244,1154.245791,141.8104841
7345.05,1772.744946,1542.168918,1154.404339,141.829875
7346.05,1772.99398,1542.374951,1154.562923,141.8492396
7347.05,1773.312293,1542.61151,1154.721488,141.8685909
7348.05,1773.573649,1542.812168,1154.880111,141.8879467
7349.05,1773.832666,1543.024275,1155.038746,141.907281
7350.05,1774.070885,1543.241788,1155.197302,141.9266225
7351.05,1774.264625,1543.433704,1155.355857,141.9459761
7352.05,1774.550814,1543.662079,1155.514359,141.9653451
7353.05,1774.80768,1543.876187,1155.672788,141.9846998
7354.05,1775.068399,1544.093393,1155.831185,142.0040461
7355.05,1775.364369,1544.319953,1155.989513,142.0234207
7356.05,1775.595664,1544.524401,1156.14785,142.0428023
7357.05,1775.815198,1544.722115,1156.306198,142.0622
7358.05,1776.005058,1544.917934,1156.464586,142.0816024
7359.05,1776.289804,1545.148517,1156.622939,142.1010307
7360.05,1776.540729,1545.375262,1156.781235,142.1204519
7361.05,1776.77119,1545.577315,1156.939543,142.139877
7362.05,1777.010696,1545.789673,1157.097828,142.1592985
7363.05,1777.222572,1545.985271,1157.256106,142.17873
7364.05,1777.523348,1546.222696,1157.414374,142.1981831
7365.05,1777.779333,1546.433902,1157.572538,142.2176176
7366.05,1778.03985,1546.65324,1157.73059,142.2370459
7367.05,1778.282633,1546.853615,1157.888594,142.2564573
7368.05,1778.484396,1547.0392,1158.046558,142.2758775
7369.05,1778.686045,1547.2441,1158.204507,142.2952654
7370.05,1778.908676,1547.451409,1158.36238,142.3146383
7371.05,1779.123427,1547.656798,1158.520185,142.3340108
7372.05,1779.399344,1547.87257,1158.677983,142.3533293
7373.05,1779.696922,1548.097292,1158.835717,142.3726325
7374.05,1779.87999,1548.300724,1158.993285,142.3919129
7375.05,1780.145901,1548.515423,1159.15072,142.4112004
7376.05,1780.43016,1548.723106,1159.308196,142.4305027
7377.05,1780.739981,1548.958554,1159.46569,142.4498172
7378.05,1781.039582,1549.193655,1159.623184,142.4691482
7379.05,1781.188641,1549.37266,1159.780631,142.4884961
7380.05,1781.419563,1549.572256,1159.938046,142.5078429
7381.05,1781.576838,1549.767613,1160.095393,142.5271894
7382.05,1781.756754,1549.957852,1160.252667,142.5465315
7383.05,1781.956668,1550.17444,1160.409925,142.5658815
7384.05,1782.124124,1550.369442,1160.567087,142.5852276
7385.05,1782.394762,1550.583499,1160.724209,142.6045882
7386.05,1782.621935,1550.794937,1160.881301,142.6239602
7387.05,1782.837076,1550.991417,1161.03829,142.6433168
7388.05,1783.149124,1551.221054,1161.195221,142.6626227
7389.05,1783.483739,1551.46537,1161.352175,142.6819106
7390.05,1783.689889,1551.662634,1161.509112,142.7012172
7391.05,1783.916493,1551.871876,1161.665973,142.720512
7392.05,1784.097452,1552.076458,1161.82282,142.7398083
7393.05,1784.366184,1552.304565,1161.979634,142.7591104
7394.05,1784.694188,1552.54363,1162.136474,142.7784284
7395.05,1784.949903,1552.752814,1162.293374,142.7977646
7396.05,1785.215992,1552.964669,1162.450324,142.8171002
7397.05,1785.436195,1553.161414,1162.607322,142.8364312
7398.05,1785.66739,1553.361974,1162.764397,142.8557587
7399.05,1785.886678,1553.562049,1162.921496,142.8750551
7400.05,1786.068205,1553.763675,1163.078712,142.8943621
7401.05,1786.309618,1553.981183,1163.235881,142.9136696
7402.05,1786.58878,1554.202463,1163.39302,142.9329823
7403.05,1786.834625,1554.415894,1163.550133,142.9523223
7404.05,1787.139719,1554.650189,1163.70725,142.9716767
7405.05,1787.389759,1554.860539,1163.864364,142.9910176
7406.05,1787.639316,1555.084012,1164.021477,143.0103369
7407.05,1787.967411,1555.322188,1164.178527,143.029645
7408.05,1788.262162,1555.555692,1164.3355,143.0489434
7409.05,1788.507744,1555.778421,1164.492487,143.0682419
7410.05,1788.683497,1555.977835,1164.649484,143.08753
7411.05,1788.932261,1556.189979,1164.806564,143.1068158
7412.05,1789.214163,1556.415622,1164.963646,143.1261075
7413.05,1789.45485,1556.621874,1165.120789,143.1454216
7414.05,1789.604641,1556.813248,1165.278019,143.1647618
7415.05,1789.902076,1557.034156,1165.43527,143.1840943
7416.05,1790.105712,1557.228141,1165.592551,143.2034279
7417.05,1790.376418,1557.439288,1165.74985,143.2227347
7418.05,1790.652907,1557.657354,1165.90727,143.2420346
7419.05,1790.826111,1557.837251,1166.064734,143.2613588
7420.05,1791.04428,1558.037495,1166.222322,143.2806696
7421.05,1791.273596,1558.242052,1166.379934,143.2999512
7422.05,1791.547344,1558.464813,1166.537586,143.3192015
7423.05,1791.794219,1558.681705,1166.695389,143.3384462
7424.05,1791.945332,1558.869331,1166.85326,143.357699
7425.05,1792.261013,1559.103171,1167.011094,143.376992
7426.05,1792.48626,1559.303263,1167.169027,143.3962992
7427.05,1792.732352,1559.523719,1167.32697,143.4156091
7428.05,1792.935803,1559.722751,1167.484954,143.4349402
7429.05,1793.254669,1559.954394,1167.643029,143.4542589
7430.05,1793.42954,1560.147263,1167.801087,143.4735534
7431.05,1793.725455,1560.371396,1167.959114,143.4928492
7432.05,1793.935773,1560.564619,1168.117205,143.512175
7433.05,1794.202409,1560.78166,1168.275326,143.531494
7434.05,1794.469764,1560.995354,1168.433457,143.5507916
7435.05,1794.760506,1561.228785,1168.591628,143.5700676
7436.05,1795.019454,1561.448419,1168.749848,143.5893744
7437.05,1795.206815,1561.631494,1168.908131,143.6086791
7438.05,1795.397551,1561.82152,1169.066438,143.627979
7439.05,1795.632397,1562.043389,1169.224775,143.6473065
7440.05,1795.856357,1562.254549,1169.383097,143.6666669
7441.05,1796.112596,1562.466675,1169.541465,143.6860502
7442.05,1796.393044,1562.691902,1169.699859,143.7054421
7443.05,1796.54799,1562.874166,1169.858285,143.7248306
7444.05,1796.838204,1563.102651,1170.016859,143.7442291
7445.05,1797.017965,1563.290799,1170.175523,143.7636092
7446.05,1797.233535,1563.478965,1170.334196,143.7829957
7447.05,1797.546965,1563.720531,1170.492881,143.8023982
7448.05,1797.767995,1563.920888,1170.651638,143.8218192
7449.05,1798.019665,1564.132038,1170.810433,143.8412616
7450.05,1798.312332,1564.355054,1170.969281,143.8607334
7451.05,1798.539174,1564.543411,1171.128226,143.8802213
7452.05,1798.816126,1564.751123,1171.287223,143.8997171
7453.05,1799.011415,1564.952185,1171.446252,143.9192411
7454.05,1799.19744,1565.139702,1171.605243,143.9387663
7455.05,1799.436299,1565.350891,1171.764155,143.9582713
7456.05,1799.668662,1565.557881,1171.923098,143.9777584
7457.05,1799.829163,1565.746621,1172.082005,143.997245
7458.05,1800.12,1565.965406,1172.240845,144.0167175
7459.05,1800.314007,1566.156216,1172.399702,144.0361879
7460.05,1800.551966,1566.364067,1172.558486,144.0556451
7461.05,1800.776893,1566.57982,1172.717174,144.0751328
7462.05,1800.999962,1566.800795,1172.875879,144.0946451
7463.05,1801.21793,1567.002593,1173.034583,144.1141728
7464.05,1801.467808,1567.211493,1173.193233,144.1337077
7465.05,1801.727715,1567.419654,1173.351812,144.153225
7466.05,1801.929657,1567.613959,1173.510342,144.1727527
7467.05,1802.190979,1567.820891,1173.668798,144.1922782
7468.05,1802.344473,1567.999131,1173.827218,144.2117677
7469.05,1802.562919,1568.188468,1173.985585,144.2312375
7470.05,1802.8375,1568.410934,1174.143941,144.2507212
7471.05,1803.066913,1568.617309,1174.302313,144.2702101
7472.05,1803.293751,1568.831446,1174.460709,144.2896881
7473.05,1803.507734,1569.02678,1174.619194,144.3091825
7474.05,1803.797882,1569.248993,1174.777782,144.3286524
7475.05,1803.989473,1569.457861,1174.93647,144.3481452
7476.05,1804.250975,1569.676154,1175.095139,144.3676286
7477.05,1804.495912,1569.887394,1175.253854,144.3871006
7478.05,1804.674288,1570.081559,1175.412499,144.4065736
7479.05,1804.866143,1570.264617,1175.571151,144.4260457
7480.05,1805.098275,1570.470577,1175.729668,144.4455269
7481.05,1805.323937,1570.673406,1175.888127,144.4650108
7482.05,1805.510423,1570.872124,1176.046497,144.4845155
7483.05,1805.756347,1571.091906,1176.204828,144.5040405
7484.05,1805.998174,1571.299914,1176.363263,144.5235649
7485.05,1806.24205,1571.514555,1176.521795,144.543115
7486.05,1806.485044,1571.728987,1176.680401,144.5626909
7487.05,1806.642077,1571.91164,1176.839178,144.5822827
7488.05,1806.848653,1572.100622,1176.998085,144.6018914
7489.05,1807.175897,1572.341616,1177.15706,144.6215235
7490.05,1807.394328,1572.533324,1177.31611,144.6411701
7491.05,1807.58231,1572.738375,1177.475155,144.6607991
7492.05,1807.849056,1572.961953,1177.634174,144.6804345
7493.05,1808.07289,1573.167431,1177.793094,144.7000658
7494.05,1808.326319,1573.385911,1177.952028,144.7196712
7495.05,1808.630114,1573.623952,1178.110935,144.7392834
7496.05,1808.874978,1573.84194,1178.269742,144.7588744
7497.05,1809.103873,1574.042037,1178.428522,144.7784333
7498.05,1809.365701,1574.265413,1178.587385,144.797991
7499.05,1809.589685,1574.466156,1178.746259,144.8175546
7500.05,1809.849192,1574.686359,1178.905067,144.8371011
7501.05,1810.062451,1574.876646,1179.063845,144.8566821
7502.05,1810.257325,1575.076524,1179.222708,144.8762571
7503.05,1810.488694,1575.283617,1179.381551,144.8958331
7504.05,1810.69604,1575.479192,1179.540394,144.9153856
7505.05,1810.99187,1575.702336,1179.699174,144.9349344
7506.05,1811.202172,1575.902028,1179.857943,144.9544617
7507.05,1811.470374,1576.126713,1180.016657,144.9740062
7508.05,1811.68942,1576.344276,1180.17539,144.9935318
7509.05,1811.915297,1576.544317,1180.334115,145.0130192
7510.05,1812.122766,1576.748949,1180.492859,145.032507
7511.05,1812.355212,1576.956642,1180.651665,145.0520038
7512.05,1812.601371,1577.173402,1180.810449,145.0715024
7513.05,1812.817322,1577.381763,1180.969183,145.0910258
7514.05,1813.087534,1577.605613,1181.127915,145.1105515
7515.05,1813.359515,1577.817762,1181.286615,145.1300666
7516.05,1813.608411,1578.035825,1181.445309,145.1495679
7517.05,1813.880829,1578.242506,1181.604074,145.1690898
7518.05,1814.122125,1578.456593,1181.762877,145.1886229
7519.05,1814.382823,1578.671725,1181.92173,145.2081578
7520.05,1814.566774,1578.866919,1182.08065,145.2276886
7521.05,1814.8136,1579.076723,1182.239581,145.2472055
7522.05,1815.092946,1579.296377,1182.398532,145.2667226
7523.05,1815.381563,1579.519508,1182.557397,145.286229
7524.05,1815.594791,1579.728516,1182.716166,145.3057142
7525.05,1815.827124,1579.934619,1182.874901,145.3252055
7526.05,1815.975029,1580.112593,1183.033623,145.3446741
7527.05,1816.182471,1580.300121,1183.192321,145.3641247
7528.05,1816.374724,1580.495797,1183.351013,145.3835812
7529.05,1816.584957,1580.702967,1183.509774,145.403066
7530.05,1816.798668,1580.898178,1183.668515,145.4225686
7531.05,1817.005343,1581.103644,1183.827347,145.4420731
7532.05,1817.241508,1581.309062,1183.986164,145.4615774
7533.05,1817.452818,1581.510947,1184.145021,145.4810773
7534.05,1817.681194,1581.73054,1184.303904,145.5005687
7535.05,1817.889039,1581.918683,1184.462789,145.5200499
7536.05,1818.166877,1582.14055,1184.621754,145.539505
7537.05,1818.382004,1582.337786,1184.780772,145.5589701
7538.05,1818.596029,1582.535697,1184.939771,145.5784345
7539.05,1818.911308,1582.766679,1185.098763,145.5978679
7540.05,1819.115393,1582.960626,1185.257777,145.6173092
7541.05,1819.357707,1583.178209,1185.416811,145.6367763
7542.05,1819.576087,1583.3897,1185.575791,145.6562446
7543.05,1819.851703,1583.609047,1185.73477,145.6757062
7544.05,1820.109179,1583.813282,1185.893743,145.6952016
7545.05,1820.413616,1584.042164,1186.052734,145.7147177
7546.05,1820.705791,1584.262276,1186.21173,145.7342159
7547.05,1820.933065,1584.471453,1186.370761,145.7536826
7548.05,1821.145896,1584.668387,1186.529845,145.7731439
7549.05,1821.336228,1584.865672,1186.688934,145.7926074
7550.05,1821.522315,1585.061442,1186.848044,145.8120745
7551.05,1821.723613,1585.250209,1187.007158,145.8315416
7552.05,1821.995004,1585.466214,1187.166323,145.8509822
7553.05,1822.24318,1585.660893,1187.325517,145.8703927
7554.05,1822.473347,1585.874479,1187.484734,145.889804
7555.05,1822.731801,1586.085053,1187.644036,145.9092225
7556.05,1822.948256,1586.285973,1187.803318,145.9286561
7557.05,1823.220474,1586.499235,1187.962698,145.9481017
7558.05,1823.474199,1586.719714,1188.122179,145.9675669
7559.05,1823.688454,1586.910497,1188.281808,145.9870613
7560.05,1823.955872,1587.130263,1188.441485,146.0065779
7561.05,1824.159302,1587.319103,1188.601085,146.026105
7562.05,1824.441647,1587.538759,1188.760691,146.0456409
7563.05,1824.672587,1587.75571,1188.920366,146.0651723
7564.05,1824.859571,1587.95152,1189.080052,146.084694
7565.05,1825.108318,1588.17009,1189.239691,146.1042454
7566.05,1825.350676,1588.373565,1189.399359,146.1237748
7567.05,1825.569036,1588.564247,1189.559068,146.1432543
7568.05,1825.804656,1588.772433,1189.718762,146.1627396
7569.05,1826.044827,1588.992742,1189.878512,146.1822194
7570.05,1826.260126,1589.18347,1190.038309,146.2017008
7571.05,1826.47321,1589.391148,1190.198153,146.2211732
7572.05,1826.703828,1589.604212,1190.357988,146.2406645
7573.05,1826.937646,1589.815234,1190.517804,146.2601434
7574.05,1827.119768,1589.996804,1190.677672,146.279582
7575.05,1827.344602,1590.185751,1190.837597,146.2990114
7576.05,1827.596655,1590.422653,1190.997577,146.3184652
7577.05,1827.829726,1590.62803,1191.157584,146.3379268
7578.05,1828.02738,1590.821466,1191.317582,146.3573963
7579.05,1828.267942,1591.035398,1191.477591,146.3768692
7580.05,1828.496806,1591.237855,1191.637484,146.3963397
7581.05,1828.715907,1591.431469,1191.797342,146.4158105
7582.05,1828.995197,1591.653872,1191.957222,146.4352614
7583.05,1829.232135,1591.861441,1192.117113,146.454705
7584.05,1829.40421,1592.04857,1192.276989,146.4741466
7585.05,1829.642267,1592.252598,1192.436849,146.4935733
7586.05,1829.795953,1592.441029,1192.596814,146.5130162
7587.05,1829.982418,1592.640276,1192.756852,146.5324819
7588.05,1830.240146,1592.864896,1192.916912,146.5519549
7589.05,1830.472397,1593.070111,1193.077017,146.5714792
7590.05,1830.695407,1593.275186,1193.237119,146.5910416
7591.05,1830.914437,1593.468163,1193.397299,146.6105937
7592.05,1831.125042,1593.660563,1193.557453,146.6301395
7593.05,1831.35839,1593.871539,1193.717718,146.6496997
7594.05,1831.631466,1594.090041,1193.878067,146.669296
7595.05,1831.848606,1594.285988,1194.038382,146.6888877
7596.05,1832.084361,1594.489511,1194.198772,146.7084623
7597.05,1832.360547,1594.703031,1194.359244,146.7280212
7598.05,1832.716348,1594.957285,1194.519797,146.7475643
7599.05,1832.961274,1595.1692,1194.680446,146.7671291
7600.05,1833.222479,1595.386529,1194.841141,146.7867119
7601.05,1833.505141,1595.602251,1195.001858,146.8062691
7602.05,1833.782432,1595.820882,1195.162561,146.8258049
7603.05,1834.0557,1596.037369,1195.323351,146.8453633
7604.05,1834.321704,1596.256875,1195.484201,146.86492
7605.05,1834.579628,1596.476491,1195.645027,146.8845032
7606.05,1834.855265,1596.702997,1195.805894,146.9041094
7607.05,1835.091343,1596.905653,1195.966701,146.9237426
7608.05,1835.397757,1597.126216,1196.127447,146.9433836
7609.05,1835.630439,1597.338117,1196.288267,146.9630296
7610.05,1835.855742,1597.54757,1196.449156,146.982692
7611.05,1836.062533,1597.745495,1196.610189,147.0023442
7612.05,1836.332754,1597.957536,1196.771262,147.0220067
7613.05,1836.631343,1598.180955,1196.932365,147.0416674
7614.05,1836.863949,1598.380139,1197.093506,147.0613269
7615.05,1837.128693,1598.577269,1197.254661,147.0810062
7616.05,1837.380119,1598.783638,1197.415906,147.1007083
7617.05,1837.592433,1598.970092,1197.577202,147.1204132
7618.05,1837.861236,1599.195442,1197.738408,147.1401424
7619.05,1838.080294,1599.398606,1197.899641,147.1598285
7620.05,1838.321425,1599.603695,1198.060839,147.179526
7621.05,1838.522886,1599.794642,1198.2221,147.1992143
7622.05,1838.753361,1600.011558,1198.383342,147.218895
7623.05,1839.025964,1600.22055,1198.544596,147.2386028
7624.05,1839.231854,1600.402808,1198.705926,147.2582851
7625.05,1839.485876,1600.620269,1198.86728,147.2779661
7626.05,1839.779031,1600.833995,1199.028657,147.2976423
7627.05,1839.994834,1601.028776,1199.190099,147.317294
7628.05,1840.266797,1601.246958,1199.351538,147.3369524
7629.05,1840.54923,1601.468012,1199.51298,147.3565806
7630.05,1840.834056,1601.682074,1199.674407,147.3762014
7631.05,1841.083245,1601.87875,1199.835804,147.395823
7632.05,1841.303847,1602.088741,1199.997169,147.4154291
7633.05,1841.543816,1602.302514,1200.158624,147.4350259
7634.05,1841.810189,1602.518562,1200.320078,147.4546116
7635.05,1842.089382,1602.738756,1200.481527,147.4741883
7636.05,1842.324972,1602.939967,1200.643039,147.4937555
7637.05,1842.574028,1603.141262,1200.804671,147.5133434
7638.05,1842.865538,1603.372455,1200.966361,147.5329642
7639.05,1843.093837,1603.576449,1201.128069,147.5525819
7640.05,1843.292933,1603.76572,1201.289841,147.5721929
7641.05,1843.596954,1603.99598,1201.451632,147.5918118
7642.05,1843.795245,1604.189313,1201.613399,147.6114442
7643.05,1844.023313,1604.399073,1201.775219,147.631079
7644.05,1844.267367,1604.608413,1201.937067,147.6507154
7645.05,1844.503168,1604.812917,1202.09883,147.67034
7646.05,1844.703789,1605.015914,1202.260471,147.6899628
7647.05,1844.908446,1605.207965,1202.422045,147.7095889
7648.05,1845.136295,1605.413701,1202.583505,147.7292307
7649.05,1845.453991,1605.649143,1202.744924,147.7488708
7650.05,1845.749609,1605.874389,1202.906404,147.768536
7651.05,1845.936445,1606.064447,1203.067967,147.7882155
7652.05,1846.243121,1606.298997,1203.229541,147.8079018
7653.05,1846.454682,1606.499743,1203.391013,147.8275908
7654.05,1846.653284,1606.702019,1203.552408,147.8473016
7655.05,1846.874179,1606.898183,1203.713789,147.8670742
7656.05,1847.080931,1607.102728,1203.875106,147.8868644
7657.05,1847.257531,1607.282505,1204.036385,147.9066875
7658.05,1847.455281,1607.476916,1204.197697,147.926529
7659.05,1847.712798,1607.689359,1204.359002,147.9463774
7660.05,1847.992215,1607.907626,1204.520253,147.9661972
7661.05,1848.172081,1608.098977,1204.68147,147.986021
7662.05,1848.432213,1608.303713,1204.842646,148.0058416
7663.05,1848.661368,1608.512327,1205.003751,148.0256219
7664.05,1848.842399,1608.699798,1205.164861,148.0454052
7665.05,1849.139384,1608.919336,1205.326027,148.0651947
7666.05,1849.342791,1609.127299,1205.487227,148.0849401
7667.05,1849.573796,1609.332212,1205.648542,148.1046738
7668.05,1849.760661,1609.528451,1205.809939,148.1243983
7669.05,1849.953404,1609.719826,1205.971371,148.1441145
7670.05,1850.234946,1609.958205,1206.132797,148.1638545
7671.05,1850.517128,1610.174849,1206.294226,148.183597
7672.05,1850.788787,1610.386196,1206.455681,148.2033573
7673.05,1850.997524,1610.586257,1206.617098,148.2231013
7674.05,1851.239489,1610.786653,1206.778464,148.2428305
7675.05,1851.424751,1610.981245,1206.939681,148.262575
7676.05,1851.651148,1611.190169,1207.100836,148.2823235
7677.05,1851.894155,1611.403668,1207.261995,148.3020834
7678.05,1852.176511,1611.633155,1207.423102,148.3218608
7679.05,1852.396823,1611.835035,1207.584128,148.3416415
7680.05,1852.609911,1612.039936,1207.745035,148.3613896
7681.05,1852.877934,1612.254115,1207.905883,148.381092
7682.05,1853.105239,1612.457307,1208.066621,148.4007661
7683.05,1853.362908,1612.67189,1208.227221,148.4204432
7684.05,1853.622425,1612.897934,1208.38764,148.4401324
7685.05,1853.882655,1613.117001,1208.547893,148.4598205
7686.05,1854.087477,1613.316815,1208.708084,148.4794731
7687.05,1854.28828,1613.513203,1208.86814,148.4991062
7688.05,1854.545725,1613.730632,1209.028012,148.5187108
7689.05,1854.846479,1613.958138,1209.187759,148.5383059
7690.05,1855.064164,1614.164168,1209.347467,148.557854
7691.05,1855.357427,1614.380871,1209.507099,148.5773756
7692.05,1855.553418,1614.581289,1209.666602,148.5968889
7693.05,1855.824398,1614.799358,1209.82603,148.6163749
7694.05,1856.084525,1615.00448,1209.985346,148.6358407
7695.05,1856.311471,1615.209581,1210.144672,148.6552943
7696.05,1856.479117,1615.405657,1210.30393,148.6747507
7697.05,1856.667566,1615.60098,1210.463082,148.6941997
7698.05,1856.936911,1615.833254,1210.622017,148.7136462
7699.05,1857.226532,1616.06613,1210.780904,148.7330906
7700.05,1857.517611,1616.297645,1210.93979,148.7525415
7701.05,1857.760933,1616.516528,1211.098624,148.7720113
7702.05,1857.98252,1616.722115,1211.25741,148.7915214
7703.05,1858.209766,1616.921979,1211.416159,148.8110309
7704.05,1858.415858,1617.122815,1211.574799,148.8304997
7705.05,1858.603842,1617.31975,1211.733367,148.849942
7706.05,1858.820719,1617.517728,1211.891781,148.8693446
7707.05,1859.069214,1617.733668,1212.050043,148.8887267
7708.05,1859.292018,1617.936839,1212.208107,148.9080955
7709.05,1859.576529,1618.157763,1212.366093,148.9274246
7710.05,1859.883867,1618.389822,1212.523983,148.9467274
7711.05,1860.166719,1618.602499,1212.681788,148.9660483
7712.05,1860.438108,1618.825285,1212.839594,148.9853675
7713.05,1860.703285,1619.040418,1212.997414,149.004702
7714.05,1860.935572,1619.246857,1213.155141,149.0240324
7715.05,1861.230027,1619.479707,1213.312784,149.043357
7716.05,1861.456651,1619.679631,1213.470283,149.0626944
7717.05,1861.646284,1619.86529,1213.627689,149.0820271
7718.05,1861.873364,1620.061057,1213.785062,149.1013414
7719.05,1862.059723,1620.259233,1213.942421,149.1206252
7720.05,1862.292511,1620.476508,1214.099746,149.1398869
7721.05,1862.555081,1620.695754,1214.256958,149.1591364
7722.05,1862.865988,1620.920432,1214.414191,149.1783816
7723.05,1863.114769,1621.139916,1214.571494,149.1976238
7724.05,1863.376965,1621.355018,1214.728784,149.2168799
7725.05,1863.67947,1621.582542,1214.885996,149.2361418
7726.05,1863.911237,1621.787165,1215.043182,149.2554377
7727.05,1864.164372,1621.997174,1215.200522,149.2747369
7728.05,1864.405937,1622.195089,1215.357937,149.2940439
7729.05,1864.720524,1622.435714,1215.515396,149.313352
7730.05,1864.880136,1622.612435,1215.67287,149.332674
7731.05,1865.145689,1622.830171,1215.830477,149.3520035
7732.05,1865.403725,1623.043695,1215.988172,149.3713452
7733.05,1865.614636,1623.240049,1216.145975,149.3906924
7734.05,1865.87384,1623.448116,1216.30397,149.4100286
7735.05,1866.182748,1623.684386,1216.461983,149.4294006
7736.05,1866.539958,1623.924604,1216.620035,149.4487759
7737.05,1866.777348,1624.134808,1216.778079,149.4681434
7738.05,1867.052034,1624.358871,1216.936158,149.487534
7739.05,1867.258538,1624.563099,1217.094333,149.5069387
7740.05,1867.483784,1624.776436,1217.252502,149.5263237
7741.05,1867.734251,1624.974456,1217.410704,149.5457283
7742.05,1868.0221,1625.195086,1217.568993,149.565126
7743.05,1868.226712,1625.393515,1217.727494,149.5845486
7744.05,1868.426647,1625.596434,1217.886063,149.6039942
7745.05,1868.699503,1625.815743,1218.044585,149.6234454
7746.05,1868.938195,1626.017669,1218.203084,149.6429013
7747.05,1869.214526,1626.251637,1218.361516,149.6623666
7748.05,1869.491921,1626.473446,1218.519849,149.6818312
7749.05,1869.688088,1626.668894,1218.678129,149.7012835
7750.05,1869.927836,1626.877319,1218.83639,149.7207477
7751.05,1870.200678,1627.083157,1218.994781,149.7402132
7752.05,1870.423125,1627.292852,1219.153164,149.759672
7753.05,1870.696623,1627.506548,1219.311494,149.7791289
7754.05,1870.908251,1627.701661,1219.469848,149.7985916
7755.05,1871.141691,1627.904454,1219.628144,149.8180446
7756.05,1871.376604,1628.117355,1219.786397,149.8374958
7757.05,1871.639079,1628.343443,1219.94462,149.8569504
7758.05,1871.905499,1628.572846,1220.102741,149.8764096
7759.05,1872.191494,1628.809409,1220.260777,149.8958851
7760.05,1872.438627,1629.020446,1220.418832,149.9153547
7761.05,1872.664133,1629.229613,1220.576922,149.9348269
7762.05,1872.866333,1629.427697,1220.735009,149.9543008
7763.05,1873.09602,1629.626792,1220.893017,149.9737781
7764.05,1873.274563,1629.818592,1221.050943,149.9932226
7765.05,1873.496527,1630.025184,1221.208743,150.0126672
7766.05,1873.722136,1630.223977,1221.366501,150.0321277
7767.05,1873.92309,1630.41839,1221.524236,150.0515616
7768.05,1874.175663,1630.646782,1221.681982,150.0709733
7769.05,1874.407708,1630.861139,1221.839706,150.0903825
7770.05,1874.657941,1631.081085,1221.997473,150.1098136
7771.05,1874.908976,1631.29514,1222.155242,150.1292515
7772.05,1875.142125,1631.494206,1222.312949,150.1486862
7773.05,1875.461167,1631.727662,1222.470632,150.1681178
7774.05,1875.693322,1631.933569,1222.628323,150.1875189
7775.05,1875.945154,1632.141951,1222.785902,150.2068931
7776.05,1876.292581,1632.37267,1222.943427,150.2262397
7777.05,1876.533011,1632.589149,1223.100956,150.2456014
7778.05,1876.758225,1632.792642,1223.25839,150.2650017
7779.05,1877.034082,1632.999325,1223.41578,150.2844143
7780.05,1877.345694,1633.228263,1223.573136,150.3038074
7781.05,1877.61787,1633.443708,1223.730436,150.3231847
7782.05,1877.861561,1633.652288,1223.887709,150.3425714
7783.05,1878.120845,1633.867808,1224.044988,150.3619073
7784.05,1878.418846,1634.097615,1224.202191,150.3812466
7785.05,1878.607216,1634.286359,1224.359398,150.4005594
7786.05,1878.76886,1634.463366,1224.516588,150.4198828
7787.05,1878.992388,1634.662297,1224.673756,150.4392043
7788.05,1879.251741,1634.879711,1224.830955,150.4585293
7789.05,1879.464805,1635.079678,1224.988104,150.4778375
7790.05,1879.653287,1635.270423,1225.145201,150.4971512
7791.05,1879.893099,1635.478951,1225.302238,150.5164559
7792.05,1880.044275,1635.660535,1225.459193,150.5357759
7793.05,1880.323413,1635.890425,1225.616039,150.5550904
7794.05,1880.559324,1636.101785,1225.772812,150.5743935
7795.05,1880.843325,1636.329219,1225.929609,150.5937075
7796.05,1881.047473,1636.541827,1226.086306,150.6130083
7797.05,1881.232807,1636.740546,1226.242943,150.6323041
7798.05,1881.503285,1636.982252,1226.399623,150.6515984
7799.05,1881.762908,1637.207409,1226.556364,150.670912
7800.05,1881.943322,1637.395519,1226.71332,150.6902435
7801.05,1882.189992,1637.608514,1226.870183,150.7095859
7802.05,1882.453811,1637.827585,1227.02692,150.7288982
7803.05,1882.709568,1638.042486,1227.183576,150.7482057
7804.05,1882.969236,1638.249683,1227.340251,150.7675519
7805.05,1883.211764,1638.472129,1227.496957,150.7869254
7806.05,1883.520639,1638.691479,1227.653639,150.8063436
7807.05,1883.739368,1638.888289,1227.810234,150.8257397
7808.05,1884.008571,1639.109399,1227.966835,150.8451546
7809.05,1884.330264,1639.350717,1228.123443,150.8645534
7810.05,1884.534269,1639.554326,1228.280023,150.8839481
7811.05,1884.714832,1639.747334,1228.436674,150.9033716
7812.05,1884.968056,1639.966918,1228.59341,150.9227941
7813.05,1885.191309,1640.172476,1228.750113,150.9422205
7814.05,1885.420674,1640.381216,1228.906805,150.9616595
7815.05,1885.628749,1640.578698,1229.063487,150.9811261
7816.05,1885.906026,1640.78879,1229.220103,151.0005904
7817.05,1886.156242,1641.012056,1229.376694,151.02002
7818.05,1886.445689,1641.240997,1229.533274,151.0394273
7819.05,1886.70037,1641.45778,1229.689902,151.0588028
7820.05,1886.957963,1641.682028,1229.846521,151.0781569
7821.05,1887.162775,1641.88033,1230.003156,151.0974963
7822.05,1887.393728,1642.098005,1230.159898,151.1168506
7823.05,1887.642579,1642.311971,1230.316651,151.1362358
7824.05,1887.893666,1642.53213,1230.47341,151.1556482
7825.05,1888.103598,1642.720247,1230.63019,151.1750671
7826.05,1888.316718,1642.925644,1230.78699,151.1945149
7827.05,1888.579524,1643.144094,1230.943914,151.213962
7828.05,1888.795953,1643.35617,1231.100923,151.2334108
7829.05,1889.017497,1643.554947,1231.257963,151.2528453
7830.05,1889.282682,1643.762086,1231.415017,151.2722789
7831.05,1889.599183,1643.987096,1231.572217,151.2916864
7832.05,1889.826558,1644.180947,1231.729502,151.3110923
7833.05,1890.056342,1644.384703,1231.886844,151.3304865
7834.05,1890.342167,1644.611383,1232.044187,151.3498745
7835.05,1890.58163,1644.822432,1232.201477,151.3692515
7836.05,1890.818626,1645.024009,1232.358713,151.3886355
7837.05,1891.051438,1645.229183,1232.515919,151.4080255
7838.05,1891.300196,1645.451371,1232.673165,151.4273944
7839.05,1891.594099,1645.678845,1232.830439,151.44672
7840.05,1891.834983,1645.893026,1232.987716,151.4660679
7841.05,1892.081845,1646.099974,1233.145011,151.4854324
7842.05,1892.254973,1646.298568,1233.302277,151.5048183
7843.05,1892.511741,1646.503898,1233.459544,151.524205
7844.05,1892.778389,1646.724464,1233.616839,151.5436089
7845.05,1892.967582,1646.911204,1233.774175,151.5630429
7846.05,1893.233311,1647.131628,1233.931558,151.5824649
7847.05,1893.558584,1647.364591,1234.089005,151.6019184
7848.05,1893.768907,1647.563063,1234.246449,151.6213614
7849.05,1893.958826,1647.762935,1234.403892,151.6408236
7850.05,1894.207164,1647.975528,1234.561297,151.6602866
7851.05,1894.497551,1648.19553,1234.718684,151.6797239
7852.05,1894.707068,1648.389307,1234.87614,151.6991558
7853.05,1894.988495,1648.597942,1235.033647,151.7185876
7854.05,1895.305597,1648.815557,1235.191327,151.7380208
7855.05,1895.569384,1649.0289,1235.34902,151.7574641
7856.05,1895.769689,1649.224442,1235.50673,151.7769087
7857.05,1896.040445,1649.440953,1235.664501,151.7963503
7858.05,1896.366628,1649.672649,1235.822447,151.8158144
7859.05,1896.611153,1649.886906,1235.980405,151.8352755
7860.05,1896.876964,1650.107178,1236.138373,151.8547223
7861.05,1897.175018,1650.331794,1236.29629,151.8741689
7862.05,1897.397885,1650.536902,1236.454207,151.8936174
7863.05,1897.628309,1650.742472,1236.612036,151.9130856
7864.05,1897.903587,1650.958366,1236.769765,151.9325332
7865.05,1898.102542,1651.159028,1236.927358,151.9519933
7866.05,1898.323408,1651.353654,1237.08492,151.9714581
7867.05,1898.566273,1651.567692,1237.242403,151.9909064
7868.05,1898.785831,1651.763841,1237.399864,152.0103689
7869.05,1898.984195,1651.949578,1237.557284,152.0298318
7870.05,1899.184081,1652.15031,1237.714773,152.0492929
7871.05,1899.476314,1652.383187,1237.872278,152.0687691
7872.05,1899.752697,1652.600942,1238.02975,152.0882318
7873.05,1900.044145,1652.834421,1238.187208,152.1077104
7874.05,1900.305304,1653.048939,1238.344701,152.1272113
7875.05,1900.595844,1653.275881,1238.502168,152.1467025
7876.05,1900.81932,1653.469463,1238.659724,152.1661688
7877.05,1901.05934,1653.674049,1238.817328,152.1855946
7878.05,1901.290443,1653.891076,1238.975024,152.2050343
7879.05,1901.454108,1654.065631,1239.132727,152.2244911
7880.05,1901.669456,1654.262231,1239.290465,152.2439105
7881.05,1901.919434,1654.477885,1239.448225,152.2633341
7882.05,1902.173118,1654.689954,1239.60607,152.2827837
7883.05,1902.44164,1654.899868,1239.764035,152.3022335
7884.05,1902.673443,1655.115499,1239.922079,152.3216991
7885.05,1902.869674,1655.312372,1240.080152,152.3411784
7886.05,1903.12077,1655.536117,1240.238259,152.3606892
7887.05,1903.284421,1655.716648,1240.396375,152.3802017
7888.05,1903.497482,1655.915269,1240.554471,152.3997116
7889.05,1903.748578,1656.119041,1240.712662,152.4191981
7890.05,1903.936196,1656.306268,1240.870805,152.4386762
7891.05,1904.211632,1656.516845,1241.028973,152.458161
7892.05,1904.420575,1656.705866,1241.187081,152.4776497
7893.05,1904.614041,1656.909162,1241.345187,152.4971292
7894.05,1904.806955,1657.100736,1241.503347,152.5166272
7895.05,1905.103085,1657.32505,1241.661505,152.5360868
7896.05,1905.293846,1657.509755,1241.819746,152.5555289
7897.05,1905.571924,1657.725046,1241.978001,152.5749487
7898.05,1905.819448,1657.928719,1242.136288,152.5943747
7899.05,1906.027138,1658.119689,1242.294578,152.6137894
7900.05,1906.230618,1658.315817,1242.452911,152.6331766
7901.05,1906.497322,1658.53455,1242.611185,152.6525414
7902.05,1906.803584,1658.765443,1242.769379,152.6718864
7903.05,1907.00706,1658.96644,1242.927466,152.6912383
7904.05,1907.227636,1659.172284,1243.085457,152.7105966
7905.05,1907.468839,1659.387277,1243.243423,152.7299753
7906.05,1907.717656,1659.591042,1243.401299,152.7493666
7907.05,1907.98012,1659.806614,1243.559153,152.7687533
7908.05,1908.261094,1660.035184,1243.717018,152.78815
7909.05,1908.429664,1660.212507,1243.874759,152.8075417
7910.05,1908.706958,1660.428064,1244.032421,152.826952
7911.05,1908.916816,1660.633952,1244.190227,152.8464051
7912.05,1909.131302,1660.824557,1244.348101,152.8658709
7913.05,1909.352222,1661.026308,1244.505973,152.8853189
7914.05,1909.599199,1661.232406,1244.663931,152.9047876
7915.05,1909.909265,1661.474616,1244.8219,152.9242518
7916.05,1910.127585,1661.683677,1244.979909,152.9437323
7917.05,1910.355123,1661.898251,1245.137952,152.9632223
7918.05,1910.528946,1662.08795,1245.296076,152.9827131
7919.05,1910.763469,1662.288734,1245.454302,153.0022248
7920.05,1911.018826,1662.505972,1245.612634,153.0217474
7921.05,1911.273929,1662.70357,1245.770906,153.04124
7922.05,1911.539078,1662.931382,1245.929307,153.0607239
7923.05,1911.853157,1663.159161,1246.087679,153.0802216
7924.05,1912.10548,1663.357191,1246.2461,153.0997162
7925.05,1912.342756,1663.570169,1246.404649,153.1192303
7926.05,1912.531101,1663.75649,1246.563347,153.1387568
7927.05,1912.762602,1663.966845,1246.722088,153.1582901
7928.05,1913.015342,1664.185667,1246.880776,153.1778527
7929.05,1913.256972,1664.397239,1247.039505,153.1973959
7930.05,1913.481672,1664.609647,1247.198309,153.2169398
7931.05,1913.731455,1664.823061,1247.35713,153.2364812
7932.05,1914.022022,1665.053146,1247.51591,153.2560111
7933.05,1914.250117,1665.264692,1247.67459,153.2755568
7934.05,1914.495665,1665.472051,1247.833268,153.2950974
7935.05,1914.737798,1665.673721,1247.992012,153.3146345
7936.05,1914.982979,1665.89279,1248.150759,153.3341514
7937.05,1915.304835,1666.126302,1248.309632,153.3536667
7938.05,1915.533372,1666.329461,1248.468596,153.3731807
7939.05,1915.786708,1666.546455,1248.627617,153.3926728
7940.05,1916.003383,1666.752162,1248.786825,153.4121634
7941.05,1916.214563,1666.956927,1248.94617,153.431654
7942.05,1916.421478,1667.145835,1249.105569,153.4511483
7943.05,1916.702445,1667.36364,1249.265081,153.470618
7944.05,1916.952608,1667.577109,1249.424699,153.4900809
7945.05,1917.208349,1667.799178,1249.584312,153.5095708
7946.05,1917.35755,1667.979905,1249.743933,153.5290703
7947.05,1917.656376,1668.195426,1249.903529,153.5485688
7948.05,1917.939842,1668.412196,1250.063177,153.5680728
7949.05,1918.131066,1668.609129,1250.222909,153.5875817
7950.05,1918.381144,1668.820069,1250.382633,153.6070823
7951.05,1918.66643,1669.038016,1250.542365,153.6265824
7952.05,1918.88728,1669.239731,1250.702029,153.6460728
7953.05,1919.144683,1669.45532,1250.861668,153.6655724
7954.05,1919.341946,1669.645118,1251.021401,153.6850898
7955.05,1919.613019,1669.857534,1251.181197,153.7046162
7956.05,1919.858311,1670.060206,1251.340998,153.724149
7957.05,1920.124957,1670.285045,1251.500776,153.7436883
7958.05,1920.344048,1670.486937,1251.660603,153.7632507
7959.05,1920.566788,1670.682209,1251.820461,153.782816
7960.05,1920.788716,1670.883876,1251.9803,153.8023803
7961.05,1921.068799,1671.097929,1252.140094,153.8219543
7962.05,1921.313993,1671.315009,1252.299852,153.8415344
7963.05,1921.508083,1671.505673,1252.459609,153.8611124
7964.05,1921.74865,1671.718442,1252.619417,153.8807028
7965.05,1921.975979,1671.923506,1252.779315,153.9002696
7966.05,1922.183276,1672.117091,1252.939338,153.9198199
7967.05,1922.417029,1672.306602,1253.099417,153.9393622
7968.05,1922.702933,1672.546284,1253.259534,153.958934
7969.05,1922.922171,1672.744313,1253.419674,153.9785236
7970.05,1923.170431,1672.954689,1253.579829,153.9981254
7971.05,1923.376498,1673.154163,1253.740121,154.0177578
7972.05,1923.628638,1673.371069,1253.900394,154.0373821
7973.05,1923.843271,1673.573116,1254.060735,154.0570108
7974.05,1924.036373,1673.775106,1254.221023,154.0766448
7975.05,1924.291982,1673.988147,1254.381247,154.0962974
7976.05,1924.481071,1674.181755,1254.541382,154.115926
7977.05,1924.774818,1674.402442,1254.701536,154.135576
7978.05,1925.00403,1674.608173,1254.861762,154.1552345
7979.05,1925.193424,1674.806657,1255.021891,154.1748803
7980.05,1925.453048,1675.026067,1255.181924,154.1945158
7981.05,1925.688881,1675.245552,1255.34178,154.214139
7982.05,1925.890588,1675.440036,1255.501534,154.2337727
7983.05,1926.177683,1675.663759,1255.661251,154.2534085
7984.05,1926.405304,1675.860712,1255.820904,154.2730506
7985.05,1926.612044,1676.061057,1255.980413,154.2927205
7986.05,1926.84178,1676.270602,1256.139895,154.3124202
7987.05,1927.11145,1676.483654,1256.299342,154.33213
7988.05,1927.381575,1676.705042,1256.458769,154.3518523
7989.05,1927.594168,1676.901048,1256.618211,154.3715725
7990.05,1927.869314,1677.127157,1256.777667,154.3912769
7991.05,1928.105772,1677.333647,1256.937217,154.4109759
7992.05,1928.314646,1677.541509,1257.096836,154.4306625
7993.05,1928.56469,1677.741097,1257.256398,154.4503269
7994.05,1928.816809,1677.953643,1257.415916,154.4699711
7995.05,1929.024563,1678.146426,1257.575374,154.4895837
7996.05,1929.350414,1678.378101,1257.734746,154.5091753
7997.05,1929.594601,1678.588096,1257.894106,154.5287701
7998.05,1929.854414,1678.7995,1258.053437,154.5483674
7999.05,1930.12179,1679.02703,1258.212852,154.5679646
8000.05,1930.372911,1679.251409,1258.372245,154.5875669
8001.05,1930.571438,1679.441666,1258.531606,154.6071504
8002.05,1930.80756,1679.647342,1258.690907,154.6267346
8003.05,1930.969045,1679.828679,1258.850186,154.6463292
8004.05,1931.190443,1680.035505,1259.009507,154.6659447
8005.05,1931.438619,1680.240318,1259.168742,154.6855824
8006.05,1931.689069,1680.458334,1259.327909,154.7052175
8007.05,1931.909339,1680.645379,1259.487087,154.7248561
8008.05,1932.201009,1680.862555,1259.646197,154.7444982
8009.05,1932.452922,1681.089042,1259.805361,154.7641202
8010.05,1932.699678,1681.300036,1259.964449,154.7837006
8011.05,1932.870824,1681.489707,1260.123485,154.8032806
8012.05,1933.183281,1681.720411,1260.282479,154.8228566
8013.05,1933.445753,1681.928482,1260.441452,154.8424228
8014.05,1933.625204,1682.115584,1260.600382,154.8619582
8015.05,1933.893129,1682.339029,1260.759261,154.8814745
8016.05,1934.196863,1682.575496,1260.918005,154.9010012
8017.05,1934.480127,1682.790712,1261.076635,154.9205275
8018.05,1934.771784,1683.007911,1261.2352,154.9400656
8019.05,1934.994826,1683.216792,1261.393683,154.9596143
8020.05,1935.273628,1683.437993,1261.552208,154.9791525
8021.05,1935.546833,1683.658194,1261.710785,154.9987075
8022.05,1935.739976,1683.845501,1261.8693,155.0182888
8023.05,1935.972652,1684.070292,1262.027703,155.0378802
8024.05,1936.158153,1684.254141,1262.186003,155.0574539
8025.05,1936.41501,1684.463051,1262.344321,155.0770047
8026.05,1936.60704,1684.654792,1262.502554,155.0965444
8027.05,1936.800856,1684.837908,1262.660728,155.1161058
8028.05,1937.051385,1685.041289,1262.818905,155.1356778
8029.05,1937.213034,1685.22161,1262.976952,155.1552669
8030.05,1937.530455,1685.46202,1263.134852,155.1748375
8031.05,1937.758199,1685.675623,1263.292735,155.1944262
8032.05,1937.951729,1685.869327,1263.450552,155.2140293
8033.05,1938.259078,1686.096566,1263.6083,155.2336288
8034.05,1938.461935,1686.300908,1263.765994,155.2531822
8035.05,1938.635214,1686.469294,1263.923782,155.2727722
8036.05,1938.767275,1686.639497,1264.081626,155.2923479
8037.05,1939.008218,1686.852434,1264.239513,155.3119254
8038.05,1939.216045,1687.063579,1264.397369,155.3315148
8039.05,1939.364701,1687.24652,1264.555216,155.3511487
8040.05,1939.671476,1687.472391,1264.713032,155.3707908
8041.05,1939.919842,1687.682582,1264.870848,155.3904331
8042.05,1940.17424,1687.90129,1265.028641,155.4100753
8043.05,1940.458209,1688.119949,1265.186403,155.4296836
8044.05,1940.683909,1688.333225,1265.344204,155.449275
8045.05,1940.833273,1688.521526,1265.501878,155.4688608
8046.05,1941.095602,1688.737928,1265.659491,155.4884031
8047.05,1941.380146,1688.963048,1265.817052,155.5079496
8048.05,1941.731307,1689.20839,1265.97458,155.527486
8049.05,1941.905656,1689.386062,1266.132189,155.5470281
8050.05,1942.133887,1689.592725,1266.289826,155.5665683
8051.05,1942.338185,1689.785673,1266.447418,155.5860998
8052.05,1942.600704,1690.005198,1266.605001,155.6056412
8053.05,1942.804337,1690.208137,1266.762646,155.6251667
8054.05,1943.107828,1690.438941,1266.920349,155.6446772
8055.05,1943.363982,1690.653373,1267.078082,155.664214
8056.05,1943.620638,1690.861442,1267.235894,155.6837529
8057.05,1943.794674,1691.051769,1267.393758,155.703276
8058.05,1944.033314,1691.244682,1267.551669,155.7228007
8059.05,1944.258333,1691.437117,1267.709535,155.7423309
8060.05,1944.473317,1691.644967,1267.867434,155.761827
8061.05,1944.754184,1691.865881,1268.025361,155.7813176
8062.05,1945.032687,1692.082452,1268.183336,155.8008023
8063.05,1945.264323,1692.291372,1268.341345,155.8202924
8064.05,1945.541527,1692.496053,1268.49932,155.8397899
8065.05,1945.792758,1692.70658,1268.657261,155.8592669
8066.05,1946.088545,1692.924093,1268.815129,155.8787663
8067.05,1946.288196,1693.128159,1268.97296,155.898262
8068.05,1946.494377,1693.336421,1269.130816,155.9177585
8069.05,1946.728693,1693.541983,1269.288639,155.9372599
8070.05,1946.944457,1693.736289,1269.446441,155.9567474
8071.05,1947.145966,1693.925968,1269.604258,155.9762264
8072.05,1947.323426,1694.117776,1269.762228,155.9957063
8073.05,1947.511974,1694.309481,1269.920216,156.0151706
8074.05,1947.772769,1694.531348,1270.07814,156.0346268
8075.05,1947.979894,1694.730387,1270.236126,156.0540911
8076.05,1948.25933,1694.962466,1270.394211,156.0735806
8077.05,1948.536,1695.190484,1270.552356,156.0930855
8078.05,1948.742776,1695.389132,1270.710457,156.1125752
8079.05,1949.000393,1695.598131,1270.868598,156.132045
8080.05,1949.219013,1695.800333,1271.02678,156.1514743
8081.05,1949.446534,1696.000466,1271.18506,156.1709063
8082.05,1949.689626,1696.211226,1271.343349,156.1903257
8083.05,1949.929565,1696.419966,1271.501672,156.2097283
8084.05,1950.146326,1696.623689,1271.660008,156.229152
8085.05,1950.380218,1696.834293,1271.818372,156.2485996
8086.05,1950.643896,1697.060087,1271.976703,156.2680717
8087.05,1950.862719,1697.253604,1272.134974,156.2875477
8088.05,1951.080316,1697.463032,1272.293262,156.3070423
8089.05,1951.264845,1697.66171,1272.451474,156.3265715
8090.05,1951.502238,1697.869192,1272.609677,156.3461128
8091.05,1951.782362,1698.099553,1272.767851,156.3656136
8092.05,1952.019134,1698.30356,1272.926042,156.3850897
8093.05,1952.253918,1698.517912,1273.084257,156.4045644
8094.05,1952.433634,1698.709017,1273.242523,156.4240496
8095.05,1952.665262,1698.914012,1273.400881,156.4435224
8096.05,1952.872382,1699.114564,1273.559296,156.4630039
8097.05,1953.06946,1699.302061,1273.717704,156.4824952
8098.05,1953.373498,1699.531789,1273.876076,156.5019905
8099.05,1953.618773,1699.737242,1274.034311,156.5214605
8100.05,1953.876813,1699.958094,1274.192514,156.5409414
8101.05,1954.099831,1700.155525,1274.350743,156.5604246
8102.05,1954.304795,1700.353935,1274.508892,156.5799143
8103.05,1954.576908,1700.575169,1274.666972,156.5993988
8104.05,1954.837707,1700.79126,1274.825001,156.618856
8105.05,1955.042196,1700.99171,1274.983054,156.6383035
8106.05,1955.265106,1701.19892,1275.141106,156.6577392
8107.05,1955.544232,1701.424226,1275.299021,156.6771766
8108.05,1955.793725,1701.628103,1275.456751,156.6966136
8109.05,1956.01027,1701.840368,1275.614401,156.7160321
8110.05,1956.202681,1702.041037,1275.772013,156.7354592
8111.05,1956.474322,1702.260014,1275.929678,156.7549098
8112.05,1956.777154,1702.488056,1276.08726,156.7743307
8113.05,1957.051931,1702.712264,1276.24483,156.7937525
8114.05,1957.271809,1702.921604,1276.402319,156.8131702
8115.05,1957.507801,1703.135583,1276.559813,156.8325829
8116.05,1957.734324,1703.340058,1276.717328,156.8519741
8117.05,1957.98908,1703.547825,1276.874855,156.8713558
8118.05,1958.226179,1703.755343,1277.0324,156.8907196
8119.05,1958.439533,1703.956249,1277.190004,156.9100967
8120.05,1958.677908,1704.169003,1277.347674,156.9294698
8121.05,1958.927602,1704.384692,1277.505426,156.9488623
8122.05,1959.147267,1704.595492,1277.663241,156.968265
8123.05,1959.410288,1704.809194,1277.821061,156.9876757
8124.05,1959.657171,1705.02701,1277.978839,157.00709
8125.05,1959.913764,1705.239946,1278.136622,157.0264876
8126.05,1960.115206,1705.440589,1278.294463,157.0458649
8127.05,1960.335483,1705.641865,1278.452323,157.0652414
8128.05,1960.57543,1705.843992,1278.61012,157.0846247
8129.05,1960.737385,1706.030845,1278.7679,157.1040121
8130.05,1961.01232,1706.247114,1278.925734,157.1233909
8131.05,1961.228197,1706.451477,1279.083539,157.142749
8132.05,1961.430176,1706.649016,1279.241133,157.1621125
8133.05,1961.673304,1706.866572,1279.39865,157.1814936
8134.05,1961.924876,1707.081136,1279.556126,157.2009116
8135.05,1962.20848,1707.29804,1279.713553,157.2203395
8136.05,1962.47389,1707.512238,1279.870872,157.2397588
8137.05,1962.729729,1707.727113,1280.02809,157.2591535
8138.05,1962.989845,1707.942171,1280.185287,157.2785385
8139.05,1963.271964,1708.164543,1280.342419,157.2979183
8140.05,1963.46767,1708.368833,1280.499396,157.3172809
8141.05,1963.73939,1708.58433,1280.656325,157.3366312
8142.05,1963.936819,1708.785109,1280.813182,157.3559847
8143.05,1964.156155,1708.996157,1280.96996,157.3753634
8144.05,1964.375081,1709.200016,1281.12665,157.3947256
8145.05,1964.685699,1709.429025,1281.28328,157.4140719
8146.05,1964.960389,1709.65034,1281.439841,157.4333918
8147.05,1965.186387,1709.852917,1281.596275,157.4526971
8148.05,1965.427577,1710.064819,1281.752704,157.4719702
8149.05,1965.715392,1710.287636,1281.909136,157.4912464
8150.05,1965.91547,1710.49425,1282.065412,157.5105097
8151.05,1966.124782,1710.692382,1282.221665,157.5297376
8152.05,1966.408001,1710.925547,1282.377836,157.5489648
8153.05,1966.655236,1711.140132,1282.53398,157.5681865
8154.05,1966.930715,1711.353595,1282.690176,157.5873838
8155.05,1967.227091,1711.586026,1282.846445,157.6065937
8156.05,1967.502881,1711.814684,1283.002643,157.6258212
8157.05,1967.778588,1712.047196,1283.158723,157.6450453
8158.05,1968.025891,1712.243199,1283.314767,157.664286
8159.05,1968.268658,1712.439582,1283.470784,157.6835094
8160.05,1968.426372,1712.62722,1283.626835,157.7027153
8161.05,1968.697934,1712.858804,1283.782862,157.7219247
8162.05,1968.92843,1713.05801,1283.938892,157.7411186
8163.05,1969.231431,1713.29706,1284.094942,157.7602933
8164.05,1969.452168,1713.49341,1284.251048,157.7794874
8165.05,1969.611498,1713.671362,1284.407212,157.798692
8166.05,1969.837787,1713.877145,1284.563378,157.8179018
8167.05,1970.066809,1714.075714,1284.719579,157.8371145
8168.05,1970.334773,1714.288585,1284.875954,157.8563157
8169.05,1970.609529,1714.512836,1285.032426,157.8755049
8170.05,1970.801112,1714.711246,1285.189064,157.8947021
8171.05,1971.070894,1714.923516,1285.345762,157.9139227
8172.05,1971.347275,1715.158166,1285.502484,157.9331579
8173.05,1971.630181,1715.381325,1285.659227,157.9524069
8174.05,1971.872381,1715.582098,1285.816022,157.9716545
8175.05,1972.079707,1715.781776,1285.972975,157.9909113
8176.05,1972.382697,1716.012386,1286.129963,158.0102019
8177.05,1972.587553,1716.212222,1286.287,158.0294845
8178.05,1972.784378,1716.405712,1286.444013,158.0487527
8179.05,1973.088206,1716.627386,1286.601066,158.0680035
8180.05,1973.327028,1716.84699,1286.758104,158.0872418
8181.05,1973.565853,1717.063216,1286.915096,158.1064783
8182.05,1973.775873,1717.262255,1287.072164,158.1257005
8183.05,1974.020334,1717.464196,1287.229292,158.144913
8184.05,1974.282441,1717.690003,1287.38642,158.1641182
8185.05,1974.46441,1717.87328,1287.543566,158.183364
8186.05,1974.716838,1718.086139,1287.700784,158.2026341
8187.05,1974.970003,1718.307537,1287.858068,158.2219299
8188.05,1975.145551,1718.499156,1288.015476,158.2412152
8189.05,1975.390832,1718.71093,1288.172926,158.2604956
8190.05,1975.656806,1718.919046,1288.330362,158.2798058
8191.05,1975.870876,1719.123768,1288.487775,158.2991051
8192.05,1976.183932,1719.355162,1288.645299,158.3184167
8193.05,1976.312077,1719.530713,1288.802921,158.337741
8194.05,1976.542466,1719.737505,1288.960609,158.3570701
8195.05,1976.80195,1719.958165,1289.118375,158.3763945
8196.05,1977.094092,1720.183066,1289.276049,158.3957192
8197.05,1977.375577,1720.409861,1289.433723,158.4150522
8198.05,1977.602498,1720.6086,1289.591469,158.4343983
8199.05,1977.840657,1720.820223,1289.749425,158.4537632
8200.05,1978.080876,1721.025211,1289.907517,158.4731342
8201.05,1978.298015,1721.226526,1290.065702,158.4924738
8202.05,1978.587151,1721.459021,1290.223924,158.511835
8203.05,1978.831072,1721.669007,1290.382297,158.5312341
8204.05,1979.066377,1721.879188,1290.540748,158.5506674
8205.05,1979.314638,1722.097933,1290.699335,158.5700722
8206.05,1979.634919,1722.333634,1290.858007,158.5894639
8207.05,1979.880159,1722.536197,1291.016667,158.6088334
8208.05,1980.166708,1722.768998,1291.175399,158.6281871
8209.05,1980.427497,1722.986448,1291.334142,158.6475366
8210.05,1980.684556,1723.199765,1291.49297,158.6668905
8211.05,1980.929873,1723.409536,1291.651778,158.6862613
8212.05,1981.139376,1723.604121,1291.81049,158.705639
8213.05,1981.304968,1723.793493,1291.969146,158.725042
8214.05,1981.561532,1724.004956,1292.12778,158.7444605
8215.05,1981.819141,1724.211407,1292.286385,158.7638762
8216.05,1982.019351,1724.415223,1292.445042,158.7832918
8217.05,1982.339872,1724.656741,1292.603684,158.8026972
8218.05,1982.558413,1724.85591,1292.762358,158.8221222
8219.05,1982.859631,1725.089419,1292.920983,158.841563
8220.05,1983.127377,1725.299353,1293.079557,158.8609828
8221.05,1983.291659,1725.498742,1293.238162,158.8803875
8222.05,1983.523195,1725.707362,1293.396748,158.8998203
8223.05,1983.767103,1725.909372,1293.555357,158.9192775
8224.05,1984.038823,1726.129676,1293.713972,158.9387654
8225.05,1984.372029,1726.358405,1293.872599,158.9582521
8226.05,1984.616556,1726.575355,1294.031309,158.9777182
8227.05,1984.877547,1726.78352,1294.189991,158.9972041
8228.05,1985.155836,1726.997268,1294.348656,159.0167103
8229.05,1985.350649,1727.193303,1294.50728,159.0362074
8230.05,1985.62845,1727.399296,1294.665836,159.05569
8231.05,1985.91323,1727.628617,1294.824333,159.0751964
8232.05,1986.167361,1727.831465,1294.982864,159.0947157
8233.05,1986.428894,1728.060775,1295.141383,159.1142244
8234.05,1986.646522,1728.264597,1295.299858,159.1337227
8235.05,1986.829824,1728.469302,1295.458355,159.1532359
8236.05,1987.12754,1728.692538,1295.616867,159.1727563
8237.05,1987.345558,1728.893239,1295.775494,159.1923057
8238.05,1987.577438,1729.102142,1295.93421,159.2118439
8239.05,1987.860654,1729.319889,1296.09296,159.2313848
8240.05,1988.128036,1729.555937,1296.251735,159.250938
8241.05,1988.424427,1729.796952,1296.410456,159.2705142
8242.05,1988.638317,1729.999896,1296.569299,159.290071
8243.05,1988.936548,1730.230726,1296.728248,159.3095927
8244.05,1989.164696,1730.446028,1296.887173,159.3291071
8245.05,1989.390652,1730.652564,1297.046094,159.3486342
8246.05,1989.64292,1730.869663,1297.205159,159.3681492
8247.05,1989.881476,1731.069921,1297.36426,159.3876498
8248.05,1990.143686,1731.277681,1297.523298,159.4071639
8249.05,1990.35237,1731.465666,1297.682285,159.4266599
8250.05,1990.607624,1731.66996,1297.841306,159.4461063
8251.05,1990.812951,1731.868997,1298.000349,159.4655315
8252.05,1991.079625,1732.085129,1298.159332,159.4849831
8253.05,1991.356252,1732.301202,1298.318392,159.5044525
8254.05,1991.65999,1732.523482,1298.477571,159.5239143
8255.05,1991.940092,1732.751209,1298.636794,159.5433738
8256.05,1992.158181,1732.945833,1298.796083,159.5628264
8257.05,1992.39108,1733.147693,1298.955434,159.5822591
8258.05,1992.618719,1733.350006,1299.114833,159.6016981
8259.05,1992.912464,1733.579096,1299.274261,159.6211309
8260.05,1993.144595,1733.774893,1299.433691,159.6405531
8261.05,1993.421126,1733.996726,1299.593175,159.6599724
8262.05,1993.606261,1734.193514,1299.752674,159.6794041
8263.05,1993.827299,1734.404674,1299.912133,159.6988771
8264.05,1994.113281,1734.633391,1300.071552,159.7183831
8265.05,1994.374232,1734.844398,1300.230936,159.7378639
8266.05,1994.581437,1735.047796,1300.390269,159.75733
8267.05,1994.768725,1735.242196,1300.549527,159.7768231
8268.05,1995.059675,1735.473541,1300.708804,159.7963423
8269.05,1995.227689,1735.665681,1300.868106,159.8158505
8270.05,1995.461665,1735.877626,1301.02742,159.8353614
8271.05,1995.697705,1736.090256,1301.186779,159.8548475
8272.05,1995.913678,1736.290621,1301.346194,159.8743417
8273.05,1996.129966,1736.490904,1301.505575,159.8938525
8274.05,1996.396413,1736.711578,1301.665042,159.9133662
8275.05,1996.649179,1736.91486,1301.824571,159.9329045
8276.05,1996.855392,1737.115775,1301.984197,159.9524741
8277.05,1997.079387,1737.309232,1302.143894,159.9720743
8278.05,1997.326212,1737.522541,1302.303636,159.9916649
8279.05,1997.583837,1737.739702,1302.463339,160.0112511
8280.05,1997.846237,1737.959679,1302.622972,160.0308685
8281.05,1998.077907,1738.175813,1302.782632,160.0505204
8282.05,1998.318787,1738.39168,1302.942281,160.070189
8283.05,1998.501886,1738.585804,1303.101853,160.0898543
8284.05,1998.822228,1738.821122,1303.261473,160.109534
8285.05,1999.062769,1739.038589,1303.421164,160.1291838
8286.05,1999.295325,1739.249595,1303.580747,160.1488036
8287.05,1999.531595,1739.446696,1303.740322,160.1683887
8288.05,1999.798631,1739.661698,1303.899807,160.1879481
8289.05,2000.028979,1739.873653,1304.059253,160.2074732
8290.05,2000.251427,1740.066173,1304.218575,160.2269779
8291.05,2000.493808,1740.275874,1304.377854,160.2464791
8292.05,2000.721736,1740.495095,1304.53724,160.2659954
8293.05,2001.026904,1740.723522,1304.69662,160.2854824
8294.05,2001.19298,1740.921412,1304.855941,160.3049863
8295.05,2001.41504,1741.124907,1305.015324,160.3245237
8296.05,2001.661095,1741.324614,1305.174734,160.3440657
8297.05,2001.860001,1741.521708,1305.334088,160.3636102
8298.05,2002.073422,1741.728368,1305.493429,160.3831348
8299.05,2002.252186,1741.922107,1305.652755,160.4026541
8300.05,2002.495474,1742.12506,1305.811943,160.4221687
8301.05,2002.761045,1742.332013,1305.971077,160.4416932
8302.05,2003.015263,1742.535343,1306.130234,160.4612034
8303.05,2003.269488,1742.753629,1306.289484,160.480714
8304.05,2003.512939,1742.957563,1306.448849,160.5001948
8305.05,2003.785672,1743.18696,1306.60821,160.5196513
8306.05,2004.032602,1743.398939,1306.767466,160.5390945
8307.05,2004.230378,1743.595046,1306.926704,160.5585186
8308.05,2004.461542,1743.79521,1307.085888,160.5779557
8309.05,2004.685138,1743.997093,1307.245061,160.5974049
8310.05,2004.914201,1744.213458,1307.404249,160.6167998
8311.05,2005.191697,1744.436623,1307.563412,160.6361717
8312.05,2005.454284,1744.646462,1307.722525,160.6555196
8313.05,2005.708128,1744.872949,1307.881697,160.6748802
8314.05,2005.921985,1745.077232,1308.040868,160.6942489
8315.05,2006.130409,1745.262908,1308.199972,160.7136164
8316.05,2006.328475,1745.452774,1308.358992,160.7330089
8317.05,2006.573732,1745.67117,1308.518005,160.7523937
8318.05,2006.822623,1745.885906,1308.676965,160.7717804
8319.05,2007.054045,1746.075241,1308.83589,160.7911524
8320.05,2007.253934,1746.266177,1308.994797,160.8104851
8321.05,2007.49132,1746.487981,1309.153786,160.829797
8322.05,2007.695039,1746.681569,1309.312771,160.8490957
8323.05,2007.859806,1746.859111,1309.471792,160.8683944
8324.05,2008.011038,1747.05016,1309.630868,160.8877105
8325.05,2008.230819,1747.246415,1309.78997,160.9070392
8326.05,2008.518907,1747.478698,1309.949075,160.926375
8327.05,2008.744191,1747.672592,1310.108146,160.9457169
8328.05,2009.019981,1747.904049,1310.267298,160.9650626
8329.05,2009.347246,1748.141637,1310.426415,160.9844059
8330.05,2009.599412,1748.360564,1310.585458,161.0037569
8331.05,2009.857226,1748.583876,1310.744466,161.0231078
8332.05,2010.154445,1748.808927,1310.903495,161.042429
8333.05,2010.386898,1749.01916,1311.062514,161.0617576
8334.05,2010.579819,1749.227938,1311.221467,161.0810914
8335.05,2010.738656,1749.415974,1311.380386,161.1004359
8336.05,2010.974691,1749.627349,1311.539273,161.1197876
8337.05,2011.221029,1749.84066,1311.698179,161.1391591
8338.05,2011.424202,1750.038826,1311.857127,161.1585221
8339.05,2011.686077,1750.243197,1312.016045,161.1778905
8340.05,2011.868722,1750.422631,1312.174994,161.1972796
8341.05,2012.134097,1750.648188,1312.333915,161.2166898
8342.05,2012.324759,1750.82956,1312.492787,161.2361209
8343.05,2012.627951,1751.049866,1312.651693,161.2555406
8344.05,2012.897129,1751.264247,1312.810683,161.2749667
8345.05,2013.145061,1751.477201,1312.969737,161.2944034
8346.05,2013.299121,1751.65894,1313.128891,161.3138399
8347.05,2013.533801,1751.865795,1313.287994,161.3332808
8348.05,2013.732806,1752.067201,1313.447077,161.352735
8349.05,2013.970265,1752.266406,1313.606139,161.3721698
8350.05,2014.197055,1752.46409,1313.765217,161.3916016
8351.05,2014.419604,1752.662106,1313.924325,161.411045
8352.05,2014.687908,1752.870753,1314.083393,161.4304961
8353.05,2014.879355,1753.063491,1314.242384,161.4499331
8354.05,2015.103892,1753.269272,1314.401382,161.4693916
8355.05,2015.364835,1753.485899,1314.560415,161.4888713
8356.05,2015.654274,1753.702382,1314.719392,161.5083417
8357.05,2015.836012,1753.899543,1314.87831,161.5278184
8358.05,2016.073879,1754.103069,1315.037164,161.5472774
8359.05,2016.360252,1754.33288,1315.195952,161.566697
8360.05,2016.608669,1754.550294,1315.354593,161.5861106
8361.05,2016.813853,1754.745051,1315.513186,161.6055535
8362.05,2017.060993,1754.963787,1315.671626,161.6249955
8363.05,2017.27321,1755.168352,1315.829963,161.6444239
8364.05,2017.487775,1755.369123,1315.988273,161.6638725
8365.05,2017.683338,1755.56952,1316.146628,161.6833321
8366.05,2017.829925,1755.752428,1316.304847,161.7027816
8367.05,2018.037523,1755.945718,1316.462959,161.7222136
8368.05,2018.339998,1756.184504,1316.621138,161.74165
8369.05,2018.558995,1756.376547,1316.779258,161.7610785
8370.05,2018.832611,1756.594353,1316.937364,161.7805101
8371.05,2019.035446,1756.781715,1317.095481,161.7999849
8372.05,2019.268539,1756.99054,1317.253624,161.8194753
8373.05,2019.530218,1757.212381,1317.411707,161.8389533
8374.05,2019.817553,1757.434642,1317.569801,161.8584006
8375.05,2019.993643,1757.628274,1317.727823,161.8778169
8376.05,2020.204676,1757.839726,1317.885762,161.8972229
8377.05,2020.489768,1758.053455,1318.043663,161.9166006
8378.05,2020.688359,1758.249893,1318.201611,161.935978
8379.05,2020.851851,1758.448806,1318.359485,161.9553839
8380.05,2021.072785,1758.658087,1318.517289,161.974791
8381.05,2021.371487,1758.893105,1318.67512,161.9941988
8382.05,2021.589494,1759.106983,1318.832925,162.0136377
8383.05,2021.878775,1759.330314,1318.990674,162.0331025
8384.05,2022.127157,1759.553393,1319.148397,162.052585
8385.05,2022.387833,1759.770357,1319.306111,162.0720471
8386.05,2022.652521,1759.983143,1319.463911,162.0915116
8387.05,2022.846254,1760.178484,1319.621811,162.1109782
8388.05,2023.103277,1760.38747,1319.779653,162.130468
8389.05,2023.318941,1760.580675,1319.937528,162.1499663
8390.05,2023.597217,1760.800315,1320.09557,162.1694633
8391.05,2023.818323,1761.004127,1320.25367,162.1889432
8392.05,2024.077333,1761.221472,1320.411823,162.2083928
8393.05,2024.382999,1761.445008,1320.570029,162.2278432
8394.05,2024.631084,1761.658711,1320.728346,162.2473037
8395.05,2024.920376,1761.864365,1320.886893,162.2667724
8396.05,2025.085632,1762.046646,1321.045666,162.2862533
8397.05,2025.379412,1762.278947,1321.204554,162.3057402
8398.05,2025.606085,1762.490511,1321.363637,162.325249
8399.05,2025.823613,1762.697515,1321.522755,162.344774
8400.05,2026.092294,1762.920975,1321.68194,162.364317
8401.05,2026.312405,1763.128196,1321.841035,162.3838912
8402.05,2026.56451,1763.334564,1322.000051,162.4034764
8403.05,2026.795409,1763.554337,1322.159129,162.4230401
8404.05,2027.029349,1763.756491,1322.31823,162.4425973
8405.05,2027.347572,1763.975146,1322.477358,162.4621724
8406.05,2027.559216,1764.173019,1322.636613,162.4817349
8407.05,2027.781526,1764.388892,1322.795957,162.5013034
8408.05,2028.016904,1764.592154,1322.955372,162.5208519
8409.05,2028.300245,1764.825103,1323.114901,162.5403948
8410.05,2028.502604,1765.016081,1323.274519,162.5599172
8411.05,2028.677288,1765.204641,1323.434188,162.5794414
8412.05,2028.848857,1765.392551,1323.593858,162.5989499
8413.05,2029.169922,1765.622996,1323.753572,162.6184686
8414.05,2029.376081,1765.812831,1323.913269,162.6379753
8415.05,2029.64798,1766.034712,1324.072993,162.6574747
8416.05,2029.836562,1766.216117,1324.232712,162.6769559
8417.05,2030.084168,1766.425049,1324.392493,162.696426
8418.05,2030.327591,1766.631488,1324.55228,162.7158705
8419.05,2030.553824,1766.834335,1324.712042,162.7353303
8420.05,2030.828229,1767.056095,1324.871887,162.7548086
8421.05,2031.056724,1767.243571,1325.031814,162.7742809
8422.05,2031.296534,1767.46631,1325.191737,162.7937409
8423.05,2031.448342,1767.637972,1325.351799,162.8131913
8424.05,2031.638147,1767.834106,1325.511926,162.83266
8425.05,2031.841223,1768.029689,1325.67211,162.8521433
8426.05,2032.049682,1768.22765,1325.832284,162.8716277
8427.05,2032.312843,1768.445154,1325.992519,162.8911052
8428.05,2032.658884,1768.671879,1326.152751,162.910578
8429.05,2032.848381,1768.859954,1326.31291,162.9300468
8430.05,2033.087455,1769.07352,1326.472906,162.9495527
8431.05,2033.339519,1769.284393,1326.632818,162.9690655
8432.05,2033.617118,1769.494024,1326.792664,162.988552
8433.05,2033.846248,1769.690363,1326.95238,163.0080222
8434.05,2034.144725,1769.918293,1327.112076,163.0275279
8435.05,2034.440545,1770.150167,1327.271767,163.0470315
8436.05,2034.729658,1770.372198,1327.431445,163.0665173
8437.05,2034.999255,1770.597578,1327.591199,163.0860334
8438.05,2035.15172,1770.782801,1327.750976,163.1055847
8439.05,2035.373875,1770.980544,1327.910741,163.1251485
8440.05,2035.635155,1771.189863,1328.070485,163.1447036
8441.05,2035.865595,1771.398287,1328.230295,163.1642642
8442.05,2036.11146,1771.604742,1328.390128,163.1838161
8443.05,2036.419417,1771.834155,1328.549928,163.203371
8444.05,2036.655428,1772.034859,1328.709699,163.2229276
8445.05,2036.867656,1772.24436,1328.86952,163.2425033
8446.05,2037.101783,1772.448384,1329.029382,163.2620841
8447.05,2037.313947,1772.654827,1329.189247,163.2816797
8448.05,2037.588251,1772.876364,1329.349212,163.3012889
8449.05,2037.804961,1773.077552,1329.509293,163.3208829
8450.05,2038.071736,1773.295001,1329.669366,163.3404674
8451.05,2038.271963,1773.485981,1329.829369,163.3600385
8452.05,2038.526579,1773.707249,1329.989338,163.3796189
8453.05,2038.779879,1773.920947,1330.149265,163.3992421
8454.05,2038.993621,1774.116878,1330.309221,163.4188644
8455.05,2039.243042,1774.332066,1330.469277,163.4384627
8456.05,2039.505184,1774.544477,1330.629412,163.4580644
8457.05,2039.66865,1774.727234,1330.789496,163.4776839
8458.05,2039.884002,1774.928083,1330.949631,163.4973143
8459.05,2040.138029,1775.135513,1331.109733,163.5169589
8460.05,2040.399406,1775.354647,1331.269744,163.5365989
8461.05,2040.629318,1775.569318,1331.429854,163.5562552
8462.05,2040.843483,1775.772293,1331.590077,163.5759291
8463.05,2041.050603,1775.971517,1331.750357,163.5956157
8464.05,2041.336272,1776.196331,1331.910705,163.6153018
8465.05,2041.550074,1776.39932,1332.071194,163.6349607
8466.05,2041.765495,1776.595289,1332.231678,163.6546313
8467.05,2042.040051,1776.812964,1332.392189,163.6743222
8468.05,2042.268489,1777.01821,1332.552862,163.6939967
8469.05,2042.569543,1777.243878,1332.713486,163.7136682
8470.05,2042.858002,1777.461572,1332.874199,163.7333807
8471.05,2043.083936,1777.668461,1333.034949,163.7531004
8472.05,2043.239916,1777.852417,1333.195819,163.7728084
8473.05,2043.446108,1778.049785,1333.356671,163.7924991
8474.05,2043.662598,1778.256817,1333.517536,163.8121912
8475.05,2043.909884,1778.463724,1333.678449,163.8318964
8476.05,2044.193208,1778.684227,1333.83941,163.8515912
8477.05,2044.43426,1778.897821,1334.000447,163.8712778
8478.05,2044.61464,1779.096678,1334.161493,163.8909641
8479.05,2044.864327,1779.316352,1334.322429,163.91068
8480.05,2045.068214,1779.516037,1334.4833,163.9304075
8481.05,2045.365612,1779.744308,1334.644209,163.9501478
8482.05,2045.629866,1779.954384,1334.805123,163.9698881
8483.05,2045.813177,1780.149671,1334.96604,163.9896456
8484.05,2046.17136,1780.394394,1335.126866,164.0094403
8485.05,2046.363774,1780.591035,1335.287645,164.0292192
8486.05,2046.560829,1780.798118,1335.448489,164.0489919
8487.05,2046.770467,1780.990117,1335.609316,164.0687664
8488.05,2047.053385,1781.206296,1335.770192,164.0885283
8489.05,2047.288518,1781.416543,1335.931008,164.1083143
8490.05,2047.552945,1781.630118,1336.091796,164.1281079
8491.05,2047.790778,1781.835283,1336.252595,164.1479035
8492.05,2048.075686,1782.063956,1336.413391,164.1677219
8493.05,2048.387467,1782.303954,1336.574235,164.1875332
8494.05,2048.635871,1782.519387,1336.735053,164.20736
8495.05,2048.921117,1782.744574,1336.895853,164.2271655
8496.05,2049.136234,1782.949539,1337.05661,164.2469898
8497.05,2049.411339,1783.170117,1337.217309,164.2668183
8498.05,2049.63375,1783.383468,1337.377984,164.286648
8499.05,2049.878629,1783.589032,1337.538651,164.3064964
8500.05,2050.076031,1783.772861,1337.699281,164.326328
8501.05,2050.32141,1783.983629,1337.859905,164.3461472
8502.05,2050.563426,1784.19369,1338.020632,164.3659684
8503.05,2050.863738,1784.415503,1338.181427,164.3857609
8504.05,2051.031455,1784.611552,1338.342327,164.4055548
8505.05,2051.276731,1784.829384,1338.503264,164.4253509
8506.05,2051.482897,1785.030673,1338.664362,164.4451331
8507.05,2051.746556,1785.244298,1338.825523,164.4649099
8508.05,2052.022165,1785.465985,1338.986754,164.4846947
8509.05,2052.177226,1785.646343,1339.148008,164.5045003
8510.05,2052.425706,1785.862938,1339.309233,164.5243188
8511.05,2052.686216,1786.078348,1339.47046,164.5441546
8512.05,2052.925551,1786.296339,1339.631688,164.5639855
8513.05,2053.234971,1786.531591,1339.792774,164.583798
8514.05,2053.470354,1786.737295,1339.953705,164.6035913
8515.05,2053.697841,1786.943626,1340.114594,164.6233634
8516.05,2053.939844,1787.158518,1340.275428,164.6431166
8517.05,2054.180641,1787.359946,1340.436225,164.6628619
8518.05,2054.399064,1787.54702,1340.596875,164.6826041
8519.05,2054.649363,1787.755042,1340.757462,164.7023512
8520.05,2054.838114,1787.943646,1340.91803,164.7220999
8521.05,2055.067298,1788.151692,1341.078544,164.7418474
8522.05,2055.264587,1788.354441,1341.238953,164.7615784
8523.05,2055.469055,1788.56182,1341.399296,164.7813
8524.05,2055.750969,1788.784322,1341.559691,164.8010256
8525.05,2055.97738,1788.99694,1341.72009,164.8207549
8526.05,2056.214624,1789.214818,1341.880481,164.8404491
8527.05,2056.397757,1789.405323,1342.040893,164.8601223
8528.05,2056.671739,1789.633445,1342.201318,164.8797828
8529.05,2056.956341,1789.856084,1342.361654,164.8994443
8530.05,2057.21911,1790.082963,1342.522036,164.9191043
8531.05,2057.464506,1790.295203,1342.682473,164.9387744
8532.05,2057.689403,1790.513537,1342.842896,164.9584527
8533.05,2057.965006,1790.736397,1343.003225,164.9781394
8534.05,2058.207671,1790.949161,1343.163512,164.9978465
8535.05,2058.508679,1791.182846,1343.323874,165.0175594
8536.05,2058.81906,1791.419682,1343.484213,165.0372456
8537.05,2059.028692,1791.619008,1343.644483,165.0569041
8538.05,2059.221569,1791.819259,1343.804668,165.076544
8539.05,2059.484634,1792.036575,1343.964807,165.0962082
8540.05,2059.745825,1792.254275,1344.124892,165.1158939
8541.05,2060.002502,1792.463134,1344.28501,165.1355809
8542.05,2060.186813,1792.659825,1344.445209,165.1552543
8543.05,2060.397066,1792.867602,1344.605393,165.1749531
8544.05,2060.652215,1793.09283,1344.765597,165.194646
8545.05,2060.850564,1793.289982,1344.925796,165.2143358
8546.05,2061.077872,1793.496079,1345.086009,165.2340361
8547.05,2061.36784,1793.717942,1345.246178,165.2537111
8548.05,2061.592041,1793.928625,1345.40638,165.273396
8549.05,2061.891763,1794.161748,1345.566565,165.2930975
8550.05,2062.159306,1794.394396,1345.726658,165.3128089
8551.05,2062.319183,1794.574667,1345.886774,165.3325237
8552.05,2062.584578,1794.788407,1346.046821,165.3522491
8553.05,2062.850999,1794.996181,1346.206865,165.3719992
8554.05,2063.088538,1795.202947,1346.366885,165.3917624
8555.05,2063.290245,1795.408027,1346.526886,165.4115404
8556.05,2063.467994,1795.590442,1346.686892,165.4312985
8557.05,2063.67905,1795.787867,1346.846891,165.451031
8558.05,2063.912864,1796.005012,1347.00687,165.4707705
8559.05,2064.106871,1796.195893,1347.166732,165.4905216
8560.05,2064.320913,1796.405401,1347.326543,165.5102617
8561.05,2064.483467,1796.577862,1347.486362,165.5299799
8562.05,2064.71684,1796.793887,1347.646096,165.549693
8563.05,2064.976335,1797.015077,1347.80571,165.569425
8564.05,2065.211463,1797.211072,1347.96522,165.5891574
8565.05,2065.486902,1797.431294,1348.124698,165.6088825
8566.05,2065.740932,1797.649527,1348.28412,165.628587
8567.05,2066.029796,1797.878679,1348.443598,165.6482477
8568.05,2066.3062,1798.088811,1348.602981,165.6678792
8569.05,2066.51305,1798.281548,1348.762253,165.6874777
8570.05,2066.769603,1798.494155,1348.921397,165.707053
8571.05,2067.021934,1798.717614,1349.080543,165.726676
8572.05,2067.268385,1798.92992,1349.23959,165.7463012
8573.05,2067.491568,1799.128004,1349.398541,165.7658968
8574.05,2067.728336,1799.33713,1349.557401,165.785459
8575.05,2067.99562,1799.546317,1349.716229,165.8049926
8576.05,2068.203631,1799.734909,1349.875052,165.8245208
8577.05,2068.438978,1799.950304,1350.033858,165.8440611
8578.05,2068.692095,1800.161699,1350.192597,165.8635817
8579.05,2068.936149,1800.357953,1350.351273,165.8830652
8580.05,2069.214125,1800.58379,1350.509887,165.9025161
8581.05,2069.53409,1800.817236,1350.668446,165.9219515
8582.05,2069.806274,1801.045625,1350.826875,165.9413614
8583.05,2070.11271,1801.279307,1350.985222,165.960781
8584.05,2070.39918,1801.507237,1351.143517,165.9802015
8585.05,2070.639267,1801.71093,1351.301747,165.9996328
8586.05,2070.8469,1801.913892,1351.459941,166.0190571
8587.05,2071.102914,1802.118206,1351.61821,166.0384713
8588.05,2071.325219,1802.327432,1351.776456,166.0578763
8589.05,2071.59224,1802.546988,1351.934669,166.0772836
8590.05,2071.822683,1802.74887,1352.092864,166.0967116
8591.05,2072.056749,1802.953486,1352.251171,166.1161321
8592.05,2072.275376,1803.161658,1352.409492,166.135545
8593.05,2072.509946,1803.375186,1352.567882,166.1549335
8594.05,2072.713451,1803.584869,1352.726272,166.1743274
8595.05,2072.975887,1803.809288,1352.884602,166.1937444
8596.05,2073.165354,1804.008226,1353.042956,166.2132038
8597.05,2073.391557,1804.222411,1353.201265,166.2326502
8598.05,2073.703206,1804.452887,1353.359499,166.2520752
8599.05,2073.968073,1804.665145,1353.517756,166.2715041
8600.05,2074.198744,1804.8725,1353.675943,166.2909299
8601.05,2074.437744,1805.085887,1353.834139,166.3103459
8602.05,2074.725933,1805.30753,1353.992335,166.3297661
8603.05,2074.926405,1805.501793,1354.150545,166.3491886
8604.05,2075.186282,1805.708056,1354.308594,166.3686363
8605.05,2075.398636,1805.919741,1354.466557,166.3881077
8606.05,2075.634638,1806.134345,1354.624484,166.4075591
8607.05,2075.970081,1806.366226,1354.782504,166.4270096
8608.05,2076.177481,1806.561429,1354.940618,166.446457
8609.05,2076.397066,1806.770254,1355.09882,166.4658765
8610.05,2076.548523,1806.950535,1355.257019,166.4852982
8611.05,2076.777882,1807.150434,1355.4153,166.5047308
8612.05,2076.997117,1807.340812,1355.573658,166.5241482
8613.05,2077.201295,1807.536762,1355.732209,166.543578
8614.05,2077.516149,1807.763252,1355.890851,166.5630221
8615.05,2077.702762,1807.95553,1356.049571,166.5824592
8616.05,2077.864909,1808.129634,1356.208421,166.6018844
8617.05,2078.102716,1808.337645,1356.367406,166.621302
8618.05,2078.28748,1808.529287,1356.526407,166.6407393
8619.05,2078.55081,1808.736972,1356.685354,166.6601686
8620.05,2078.807999,1808.951713,1356.844327,166.6795813
8621.05,2079.071438,1809.179873,1357.003372,166.6990052
8622.05,2079.259034,1809.378839,1357.162459,166.7184469
8623.05,2079.549001,1809.598171,1357.321574,166.7379185
8624.05,2079.813218,1809.810261,1357.480705,166.7574034
8625.05,2080.011055,1809.996738,1357.63991,166.7768765
8626.05,2080.236752,1810.209017,1357.79924,166.7963544
8627.05,2080.453398,1810.395291,1357.958643,166.8158255
8628.05,2080.679401,1810.598765,1358.118114,166.8352875
8629.05,2080.964874,1810.814787,1358.277612,166.8547537
8630.05,2081.194674,1811.017505,1358.437129,166.8742214
8631.05,2081.459326,1811.234527,1358.596662,166.8937238
8632.05,2081.641166,1811.425777,1358.756194,166.9132172
8633.05,2081.957331,1811.652439,1358.915829,166.9327283
8634.05,2082.161353,1811.858868,1359.075575,166.9522491
8635.05,2082.424826,1812.072147,1359.235348,166.9717916
8636.05,2082.640528,1812.288167,1359.39506,166.9913444
8637.05,2082.811562,1812.479754,1359.554745,167.0109129
8638.05,2083.001275,1812.669636,1359.714341,167.0304521
8639.05,2083.266028,1812.890608,1359.873782,167.0500044
8640.05,2083.508493,1813.096339,1360.03321,167.0695552
8641.05,2083.837085,1813.337554,1360.192549,167.0891175
8642.05,2083.984043,1813.51928,1360.351834,167.108692
8643.05,2084.199624,1813.720331,1360.510949,167.1282681
8644.05,2084.381808,1813.89903,1360.670103,167.1478194
8645.05,2084.602922,1814.093934,1360.829241,167.1673307
8646.05,2084.870656,1814.300373,1360.988351,167.1867846
8647.05,2085.062806,1814.501259,1361.147481,167.2061956
8648.05,2085.357672,1814.725736,1361.306648,167.2255927
8649.05,2085.64633,1814.956348,1361.465751,167.2450102
8650.05,2085.923033,1815.181337,1361.624763,167.26445
8651.05,2086.20133,1815.384567,1361.783695,167.2838881
8652.05,2086.433978,1815.576986,1361.94263,167.3033294
8653.05,2086.688033,1815.79468,1362.101652,167.3227494
8654.05,2086.945333,1816.009139,1362.260623,167.3421984
8655.05,2087.161738,1816.213418,1362.419616,167.3616718
8656.05,2087.474142,1816.45366,1362.578586,167.38114
8657.05,2087.625378,1816.636995,1362.737599,167.4006127
8658.05,2087.840992,1816.838143,1362.896643,167.4200955
8659.05,2088.070659,1817.048662,1363.05568,167.4395758
8660.05,2088.304534,1817.255408,1363.214628,167.4590601
8661.05,2088.491877,1817.449719,1363.3736,167.4785588
8662.05,2088.723371,1817.650024,1363.532587,167.4980637
8663.05,2089.004628,1817.85505,1363.691602,167.5175755
8664.05,2089.243548,1818.068236,1363.850596,167.537087
8665.05,2089.50824,1818.293881,1364.009696,167.5566173
8666.05,2089.728682,1818.504697,1364.168895,167.5761538
8667.05,2089.949699,1818.715644,1364.328051,167.5956682
8668.05,2090.192746,1818.928407,1364.487238,167.6151715
8669.05,2090.433281,1819.135711,1364.646449,167.6347052
8670.05,2090.659671,1819.340362,1364.805741,167.6542526
8671.05,2090.957052,1819.570347,1364.965161,167.6737992
8672.05,2091.289624,1819.813658,1365.124663,167.6933509
8673.05,2091.499623,1820.020718,1365.284146,167.7129253
8674.05,2091.675992,1820.201507,1365.443668,167.7325235
8675.05,2091.949509,1820.422132,1365.603257,167.7521134
8676.05,2092.185893,1820.635859,1365.762897,167.7716963
8677.05,2092.493451,1820.885444,1365.922642,167.7913053
8678.05,2092.674145,1821.074494,1366.082409,167.8109311
8679.05,2092.872102,1821.269565,1366.242226,167.8305913
8680.05,2093.172441,1821.497302,1366.402258,167.8502791
8681.05,2093.439538,1821.725522,1366.562348,167.8700085
8682.05,2093.647179,1821.925323,1366.722429,167.8897481
8683.05,2093.843334,1822.116849,1366.882442,167.9094646
8684.05,2094.065936,1822.303917,1367.042488,167.9291505
8685.05,2094.338964,1822.519874,1367.202613,167.9488097
8686.05,2094.527113,1822.715618,1367.3627,167.968469
8687.05,2094.809086,1822.933515,1367.522791,167.9881116
8688.05,2095.049637,1823.139481,1367.682817,168.0077766
8689.05,2095.243343,1823.326037,1367.842842,168.0274499
8690.05,2095.460825,1823.52143,1368.00277,168.0471396
8691.05,2095.729956,1823.755769,1368.162652,168.0668263
8692.05,2095.970071,1823.966798,1368.322558,168.0865269
8693.05,2096.226311,1824.184234,1368.482404,168.1062398
8694.05,2096.490862,1824.392725,1368.642204,168.1259884
8695.05,2096.688644,1824.581981,1368.801998,168.145704
8696.05,2096.932917,1824.796897,1368.961813,168.1654184
8697.05,2097.166352,1825.007409,1369.121588,168.1851357
8698.05,2097.468419,1825.238858,1369.281304,168.2048503
8699.05,2097.730675,1825.451665,1369.44095,168.2246017
8700.05,2098.012041,1825.671465,1369.600554,168.2443734
8701.05,2098.236528,1825.873732,1369.760103,168.2641514
8702.05,2098.452918,1826.076427,1369.91958,168.2839342
8703.05,2098.727553,1826.299339,1370.07896,168.3037068
8704.05,2098.906469,1826.478635,1370.238353,168.3234376
8705.05,2099.168671,1826.68525,1370.397774,168.3431574
8706.05,2099.379278,1826.885012,1370.55719,168.3628934
8707.05,2099.570097,1827.083554,1370.716631,168.3826422
8708.05,2099.772992,1827.289292,1370.875991,168.4024025
8709.05,2100.035609,1827.503687,1371.035327,168.4221502
8710.05,2100.252477,1827.713959,1371.194746,168.4419131
8711.05,2100.508182,1827.925154,1371.354246,168.4616925
8712.05,2100.758262,1828.136921,1371.513827,168.4814723
8713.05,2101.088456,1828.375702,1371.673527,168.5012586
8714.05,2101.330822,1828.579007,1371.833264,168.5210372
8715.05,2101.551904,1828.793808,1371.993058,168.5407951
8716.05,2101.806504,1829.001018,1372.152883,168.5605281
8717.05,2102.070684,1829.210017,1372.312793,168.5802644
8718.05,2102.292269,1829.404148,1372.472815,168.6000207
8719.05,2102.587855,1829.620115,1372.632929,168.6197737
8720.05,2102.840128,1829.835723,1372.793059,168.6395014
8721.05,2103.099667,1830.054585,1372.953208,168.6592296
8722.05,2103.367487,1830.261794,1373.113312,168.6789727
8723.05,2103.733457,1830.513695,1373.273379,168.6987153
8724.05,2103.936608,1830.717863,1373.433344,168.718488
8725.05,2104.154507,1830.914551,1373.593289,168.7382753
8726.05,2104.416209,1831.133598,1373.753186,168.7580699
8727.05,2104.660578,1831.36213,1373.913088,168.7778502
8728.05,2104.923338,1831.573607,1374.073004,168.7976506
8729.05,2105.150989,1831.779417,1374.232959,168.8174634
8730.05,2105.323743,1831.970065,1374.39292,168.8372338
8731.05,2105.540749,1832.159594,1374.552947,168.8569889
8732.05,2105.770366,1832.368459,1374.712984,168.876729
8733.05,2106.038514,1832.582955,1374.87294,168.8964728
8734.05,2106.241325,1832.786087,1375.032873,168.9161945
8735.05,2106.42566,1832.97996,1375.192773,168.9359172
8736.05,2106.672864,1833.195445,1375.352643,168.9556342
8737.05,2106.971316,1833.414811,1375.512525,168.975358
8738.05,2107.249448,1833.633967,1375.672315,168.9950973
8739.05,2107.427883,1833.824335,1375.832081,169.0148428
8740.05,2107.681853,1834.041613,1375.991961,169.0346119
8741.05,2107.965635,1834.272573,1376.151911,169.0543604
8742.05,2108.193886,1834.480451,1376.311862,169.0740879
8743.05,2108.443227,1834.681411,1376.47174,169.093777
8744.05,2108.731596,1834.907308,1376.631486,169.113427
8745.05,2108.976253,1835.12183,1376.791189,169.1330632
8746.05,2109.172285,1835.313405,1376.950791,169.1527138
8747.05,2109.548591,1835.566719,1377.110312,169.1723402
8748.05,2109.840627,1835.792099,1377.269852,169.1919476
8749.05,2110.086192,1836.004853,1377.429294,169.2115876
8750.05,2110.3524,1836.216672,1377.588581,169.2312089
8751.05,2110.627199,1836.426728,1377.747817,169.2508397
8752.05,2110.835832,1836.622731,1377.906971,169.2704805
8753.05,2111.063046,1836.829494,1378.065934,169.2901024
8754.05,2111.325452,1837.040215,1378.224838,169.3097108
8755.05,2111.52969,1837.232483,1378.383667,169.3292958
8756.05,2111.735595,1837.442569,1378.54252,169.348841
8757.05,2111.927704,1837.630554,1378.701349,169.3683818
8758.05,2112.168337,1837.836651,1378.860111,169.3878711
8759.05,2112.448816,1838.052511,1379.018779,169.4073356
8760.05,2112.643929,1838.249383,1379.177393,169.4268089
8761.05,2112.897453,1838.475341,1379.335933,169.4462837
8762.05,2113.106761,1838.679274,1379.494385,169.4657453
8763.05,2113.311933,1838.868836,1379.652739,169.4851985
8764.05,2113.424791,1839.050016,1379.81099,169.5046364
8765.05,2113.679544,1839.256418,1379.969158,169.5240715
8766.05,2113.938364,1839.483966,1380.12723,169.543474
8767.05,2114.206972,1839.702175,1380.285135,169.5628577
8768.05,2114.393643,1839.900892,1380.442919,169.5822209
8769.05,2114.648643,1840.12565,1380.600629,169.6015753
8770.05,2114.864067,1840.331882,1380.758221,169.6209325
8771.05,2115.048654,1840.514432,1380.915697,169.6402745
8772.05,2115.239531,1840.704364,1381.073068,169.6595861
8773.05,2115.520516,1840.937315,1381.230319,169.6788798
8774.05,2115.820626,1841.160782,1381.387444,169.6981779
8775.05,2116.098463,1841.37992,1381.544503,169.7174698
8776.05,2116.392296,1841.591791,1381.701516,169.736706
8777.05,2116.637052,1841.800476,1381.858473,169.7558951
8778.05,2116.853529,1842.010575,1382.015456,169.7750764
8779.05,2117.074023,1842.209118,1382.172435,169.7942548
8780.05,2117.318352,1842.42084,1382.329385,169.8134224
8781.05,2117.499157,1842.621508,1382.486347,169.8325756
8782.05,2117.740364,1842.824895,1382.643216,169.8517091
8783.05,2117.961638,1843.041204,1382.799939,169.8708648
8784.05,2118.215896,1843.248279,1382.956473,169.8900437
8785.05,2118.482898,1843.478685,1383.112878,169.9092229
8786.05,2118.740559,1843.681082,1383.269292,169.9283896
8787.05,2118.956468,1843.882295,1383.425729,169.9475674
8788.05,2119.21547,1844.087216,1383.582109,169.9667437
8789.05,2119.42963,1844.296592,1383.738329,169.9859152
8790.05,2119.604431,1844.483972,1383.894459,170.0051112
8791.05,2119.938821,1844.72269,1384.050509,170.0242997
8792.05,2120.286565,1844.967764,1384.206574,170.0434458
8793.05,2120.53998,1845.183026,1384.362621,170.0625736
8794.05,2120.777774,1845.39228,1384.518678,170.081687
8795.05,2120.982671,1845.597844,1384.674744,170.10079
8796.05,2121.179482,1845.788423,1384.830847,170.1198564
8797.05,2121.408634,1845.997418,1384.986947,170.1388926
8798.05,2121.677872,1846.218853,1385.1431,170.1579084
8799.05,2121.93352,1846.43713,1385.299359,170.1768992
8800.05,2122.22899,1846.674966,1385.45572,170.1958984
8801.05,2122.428783,1846.858519,1385.61205,170.214914
8802.05,2122.670173,1847.069331,1385.76836,170.2339495
8803.05,2122.88912,1847.262364,1385.924582,170.2529943
8804.05,2123.137746,1847.469475,1386.080916,170.2720568
8805.05,2123.369865,1847.680476,1386.237309,170.2911251
8806.05,2123.666904,1847.907736,1386.393678,170.3102104
8807.05,2123.913405,1848.119592,1386.550069,170.3293217
8808.05,2124.189642,1848.347173,1386.706407,170.3484403
8809.05,2124.454105,1848.562971,1386.862703,170.3675471
8810.05,2124.773759,1848.805217,1387.019061,170.3866698
8811.05,2125.034545,1849.022399,1387.175405,170.4058103
8812.05,2125.303642,1849.2403,1387.331796,170.4249738
8813.05,2125.580364,1849.465283,1387.488291,170.4441208
8814.05,2125.841165,1849.683433,1387.644916,170.4632643
8815.05,2126.141395,1849.914653,1387.801463,170.4824253
8816.05,2126.413102,1850.128673,1387.958023,170.5016032
8817.05,2126.550502,1850.301642,1388.114677,170.5207693
8818.05,2126.769771,1850.511743,1388.271361,170.5399598
8819.05,2127.011345,1850.72634,1388.428024,170.5591838
8820.05,2127.222277,1850.92631,1388.584732,170.5784249
8821.05,2127.562195,1851.170441,1388.741505,170.5976474
8822.05,2127.865659,1851.405052,1388.898328,170.6168578
8823.05,2128.132839,1851.62973,1389.055156,170.6360521
8824.05,2128.354712,1851.830271,1389.211994,170.6552568
8825.05,2128.612739,1852.046457,1389.368838,170.6744873
8826.05,2128.904011,1852.272765,1389.525735,170.6937087
8827.05,2129.160428,1852.48457,1389.682703,170.7129331
8828.05,2129.368265,1852.687984,1389.839692,170.7321545
8829.05,2129.617426,1852.906706,1389.996703,170.7513699
8830.05,2129.832661,1853.115427,1390.153776,170.7705967
8831.05,2130.031877,1853.311519,1390.310863,170.7898372
8832.05,2130.30815,1853.530127,1390.468003,170.809086
8833.05,2130.544533,1853.750775,1390.625104,170.8283676
8834.05,2130.75574,1853.959001,1390.782301,170.8476737
8835.05,2131.008752,1854.170957,1390.939573,170.8669699
8836.05,2131.276364,1854.388499,1391.096994,170.8862482
8837.05,2131.529976,1854.601613,1391.254464,170.9055475
8838.05,2131.794748,1854.818086,1391.412,170.9248115
8839.05,2132.032748,1855.031391,1391.569586,170.944057
8840.05,2132.225023,1855.230738,1391.727197,170.963322
8841.05,2132.472466,1855.445931,1391.884863,170.9825937
8842.05,2132.699535,1855.64716,1392.042538,171.0018982
8843.05,2132.909157,1855.849305,1392.200247,171.0211921
8844.05,2133.194655,1856.063433,1392.358035,171.040471
8845.05,2133.489708,1856.288951,1392.51588,171.0597495
8846.05,2133.776885,1856.515701,1392.673742,171.0790371
8847.05,2133.965209,1856.700499,1392.831647,171.098301
8848.05,2134.172622,1856.887944,1392.989532,171.1175444
8849.05,2134.404318,1857.089205,1393.147345,171.1367773
8850.05,2134.622145,1857.297842,1393.305255,171.1560308
8851.05,2134.853196,1857.494739,1393.463259,171.1753025
8852.05,2135.164134,1857.724394,1393.621308,171.1945696
8853.05,2135.357323,1857.919316,1393.779396,171.2138358
8854.05,2135.612574,1858.145194,1393.937533,171.2331605
8855.05,2135.873184,1858.359951,1394.095753,171.2525235
8856.05,2136.072469,1858.550689,1394.253974,171.2718882
8857.05,2136.286202,1858.749898,1394.412135,171.2912442
8858.05,2136.45863,1858.936546,1394.570299,171.3106161
8859.05,2136.670318,1859.128186,1394.728503,171.3300375
8860.05,2136.91754,1859.329032,1394.886713,171.3494456
8861.05,2137.098189,1859.527274,1395.044956,171.3688405
8862.05,2137.385327,1859.747702,1395.20319,171.3882064
8863.05,2137.624,1859.957465,1395.361407,171.4075541
8864.05,2137.904833,1860.171175,1395.519586,171.426901
8865.05,2138.153339,1860.378744,1395.677704,171.4462411
8866.05,2138.392749,1860.595016,1395.835795,171.4656002
8867.05,2138.645731,1860.802182,1395.993886,171.484992
8868.05,2138.888946,1861.014235,1396.151983,171.5043846
8869.05,2139.113821,1861.21731,1396.31005,171.5237554
8870.05,2139.384736,1861.431327,1396.468109,171.5431231
8871.05,2139.672442,1861.66827,1396.626178,171.5624858
8872.05,2139.876028,1861.870729,1396.784272,171.5818483
8873.05,2140.126799,1862.079942,1396.942416,171.6012021
8874.05,2140.372807,1862.287391,1397.10059,171.6205715
8875.05,2140.6373,1862.506227,1397.25876,171.6399275
8876.05,2140.904561,1862.730822,1397.416901,171.6592819
8877.05,2141.087573,1862.910253,1397.574974,171.6786645
8878.05,2141.343951,1863.126509,1397.733118,171.6980739
8879.05,2141.584251,1863.33977,1397.891237,171.7174925
8880.05,2141.851621,1863.558997,1398.049346,171.7369061
8881.05,2142.073823,1863.762704,1398.207519,171.7563378
8882.05,2142.342144,1863.975766,1398.365718,171.7757982
8883.05,2142.566789,1864.181033,1398.523819,171.7952327
8884.05,2142.855348,1864.403157,1398.681891,171.8146655
8885.05,2143.041337,1864.59827,1398.839961,171.8341015
8886.05,2143.286876,1864.798523,1398.998029,171.8535241
8887.05,2143.544208,1865.019205,1399.156085,171.872947
8888.05,2143.711441,1865.201569,1399.314194,171.8923752
8889.05,2143.888741,1865.403522,1399.472241,171.9117911
8890.05,2144.102474,1865.600709,1399.630313,171.9312103
8891.05,2144.388562,1865.82301,1399.788473,171.9506376
8892.05,2144.639031,1866.033693,1399.946628,171.9700656
8893.05,2144.864453,1866.241148,1400.10482,171.9894832
8894.05,2145.092531,1866.447808,1400.26299,172.0088872
8895.05,2145.3328,1866.659144,1400.421186,172.0283095
8896.05,2145.539755,1866.856365,1400.579497,172.0477562
8897.05,2145.778911,1867.077726,1400.737886,172.067215
8898.05,2145.957871,1867.276764,1400.896301,172.0867019
8899.05,2146.194319,1867.482272,1401.054691,172.1061959
8900.05,2146.446886,1867.69979,1401.213073,172.125704
8901.05,2146.676746,1867.906994,1401.371411,172.1452158
8902.05,2146.950742,1868.136947,1401.529702,172.1647161
8903.05,2147.123377,1868.318704,1401.687841,172.184217
8904.05,2147.323874,1868.510105,1401.845949,172.2037217
8905.05,2147.59378,1868.72874,1402.004165,172.2232109
8906.05,2147.827389,1868.938608,1402.162375,172.2427028
8907.05,2148.059008,1869.136924,1402.320604,172.262186
8908.05,2148.330354,1869.352779,1402.478828,172.2816517
8909.05,2148.575758,1869.571413,1402.637074,172.301133
8910.05,2148.834532,1869.798761,1402.795357,172.3206169
8911.05,2149.069506,1870.00962,1402.953699,172.3400921
8912.05,2149.291417,1870.21842,1403.112035,172.3595658
8913.05,2149.488394,1870.418057,1403.270354,172.3790406
8914.05,2149.765223,1870.626115,1403.428646,172.3985343
8915.05,2150.011346,1870.839974,1403.586975,172.4180154
8916.05,2150.29185,1871.064268,1403.745387,172.4374932
8917.05,2150.619435,1871.300128,1403.903861,172.4569735
8918.05,2150.847377,1871.511072,1404.062387,172.4764466
8919.05,2151.036189,1871.704103,1404.220948,172.4959104
8920.05,2151.161599,1871.863878,1404.37956,172.5153814
8921.05,2151.433934,1872.075514,1404.53818,172.5348244
8922.05,2151.653991,1872.284593,1404.696806,172.5542783
8923.05,2151.842218,1872.487511,1404.855403,172.5737264
8924.05,2152.064233,1872.682061,1405.013962,172.5931772
8925.05,2152.336064,1872.896263,1405.172545,172.6126421
8926.05,2152.507799,1873.088164,1405.331182,172.6321009
8927.05,2152.760689,1873.300682,1405.489851,172.6515558
8928.05,2152.986412,1873.508876,1405.648523,172.6710051
8929.05,2153.204708,1873.713707,1405.807174,172.6904702
8930.05,2153.488589,1873.942845,1405.965813,172.7099342
8931.05,2153.625272,1874.12397,1406.124411,172.7294282
8932.05,2153.88611,1874.338127,1406.283054,172.7489418
8933.05,2154.09645,1874.530767,1406.441887,172.7684753
8934.05,2154.316254,1874.736752,1406.600713,172.7880074
8935.05,2154.453542,1874.916086,1406.759571,172.8075474
8936.05,2154.689317,1875.125692,1406.918433,172.8270793
8937.05,2154.857675,1875.306471,1407.077286,172.8466016
8938.05,2155.045885,1875.518923,1407.236125,172.8661001
8939.05,2155.260177,1875.721761,1407.394935,172.8856205
8940.05,2155.494933,1875.925547,1407.55371,172.9051463
8941.05,2155.703628,1876.13128,1407.712494,172.9246418
8942.05,2155.911819,1876.332867,1407.871249,172.9441202
8943.05,2156.164457,1876.531851,1408.03,172.9635613
8944.05,2156.401825,1876.745155,1408.188692,172.9829787
8945.05,2156.588933,1876.944392,1408.347413,173.0024123
8946.05,2156.830127,1877.16195,1408.506111,173.0218753
8947.05,2157.080307,1877.376799,1408.664923,173.0413609
8948.05,2157.329212,1877.586269,1408.823792,173.0608391
8949.05,2157.51748,1877.771572,1408.982746,173.0802842
8950.05,2157.74085,1877.971508,1409.141734,173.0997216
8951.05,2157.937129,1878.167259,1409.300797,173.1191494
8952.05,2158.093099,1878.355587,1409.459857,173.1385677
8953.05,2158.313975,1878.564708,1409.61897,173.1579916
8954.05,2158.543157,1878.75655,1409.77811,173.1774311
8955.05,2158.799445,1878.97203,1409.937161,173.1968571
8956.05,2159.042016,1879.181288,1410.096206,173.2162818
8957.05,2159.307592,1879.410187,1410.255301,173.2357237
8958.05,2159.474181,1879.598381,1410.414381,173.255172
8959.05,2159.730256,1879.806454,1410.573564,173.2746378
8960.05,2159.933343,1880.009845,1410.732705,173.2941145
8961.05,2160.177204,1880.206324,1410.891922,173.3135588
8962.05,2160.46295,1880.431589,1411.051227,173.3329627
8963.05,2160.662395,1880.633866,1411.210493,173.3523745
8964.05,2160.889586,1880.846126,1411.369829,173.3718178
8965.05,2161.097847,1881.041032,1411.529176,173.3912688
8966.05,2161.335972,1881.240132,1411.688525,173.4106891
8967.05,2161.640274,1881.474929,1411.847871,173.4301184
8968.05,2161.915968,1881.698904,1412.007257,173.4495794
8969.05,2162.15094,1881.903703,1412.166751,173.4690387
8970.05,2162.425481,1882.12569,1412.326371,173.4885216
8971.05,2162.67012,1882.333193,1412.486064,173.5080208
8972.05,2162.862569,1882.52489,1412.64581,173.5275382
8973.05,2163.163388,1882.73786,1412.805557,173.5470713
8974.05,2163.345593,1882.943492,1412.965352,173.5666493
8975.05,2163.614459,1883.159909,1413.125212,173.5862499
8976.05,2163.848886,1883.377971,1413.285142,173.6058316
8977.05,2164.033523,1883.570873,1413.445211,173.6254118
8978.05,2164.325835,1883.792752,1413.60546,173.6450069
8979.05,2164.530124,1883.992464,1413.765803,173.6646101
8980.05,2164.760762,1884.195703,1413.926183,173.6842145
8981.05,2165.032969,1884.419301,1414.086604,173.7038201
8982.05,2165.217782,1884.600243,1414.247037,173.7234344
8983.05,2165.446825,1884.798157,1414.407513,173.7430509
8984.05,2165.683961,1885.010899,1414.567935,173.7626805
8985.05,2165.928025,1885.220346,1414.72837,173.7823458
8986.05,2166.187085,1885.424619,1414.888785,173.8020099
8987.05,2166.443853,1885.648226,1415.049253,173.8216718
8988.05,2166.722014,1885.870757,1415.209778,173.8413336
8989.05,2167.035223,1886.108745,1415.37029,173.8609966
8990.05,2167.299414,1886.320539,1415.530749,173.8806432
8991.05,2167.559677,1886.540953,1415.691166,173.9002999
8992.05,2167.805524,1886.762386,1415.851717,173.9199762
8993.05,2168.081769,1886.982765,1416.012304,173.9396544
8994.05,2168.320977,1887.199059,1416.172857,173.9593304
8995.05,2168.55076,1887.391511,1416.333367,173.9790113
8996.05,2168.760656,1887.582475,1416.493879,173.9986896
8997.05,2169.037392,1887.811748,1416.654485,174.0183353
8998.05,2169.268835,1888.033015,1416.815051,174.0379966
8999.05,2169.468441,1888.232854,1416.97554,174.057673
9000.05,2169.663891,1888.425452,1417.136029,174.0773666
9001.05,2169.908034,1888.639483,1417.296577,174.0970582
9002.05,2170.102843,1888.829099,1417.45716,174.1167581
9003.05,2170.31071,1889.027311,1417.617782,174.1364651
9004.05,2170.545032,1889.227013,1417.778472,174.1562005
9005.05,2170.722408,1889.424196,1417.939206,174.1759218
9006.05,2170.863546,1889.581453,1418.099911,174.1956346
9007.05,2171.092742,1889.778591,1418.260652,174.2153386
9008.05,2171.300472,1889.976438,1418.421496,174.2350176
9009.05,2171.526612,1890.175397,1418.582355,174.2546974
9010.05,2171.747855,1890.382051,1418.743174,174.2743771
9011.05,2171.953149,1890.576244,1418.903981,174.2940711
9012.05,2172.144336,1890.763766,1419.064689,174.3137626
9013.05,2172.363288,1890.958712,1419.22544,174.33344
9014.05,2172.558128,1891.156619,1419.386138,174.3531199
9015.05,2172.811275,1891.375718,1419.546806,174.372786
9016.05,2172.997609,1891.571967,1419.707593,174.3924262
9017.05,2173.190383,1891.769131,1419.868316,174.4120504
9018.05,2173.413611,1891.977042,1420.029042,174.4316589
9019.05,2173.721758,1892.199253,1420.189807,174.451273
9020.05,2173.933854,1892.399944,1420.350548,174.4709036
9021.05,2174.21252,1892.618278,1420.51124,174.490572
9022.05,2174.423641,1892.810514,1420.672019,174.5102435
9023.05,2174.715964,1893.052251,1420.832868,174.5299197
9024.05,2174.980802,1893.264223,1420.993749,174.5496159
9025.05,2175.245857,1893.480253,1421.154666,174.5693391
9026.05,2175.419111,1893.670362,1421.315562,174.5890741
9027.05,2175.664727,1893.887673,1421.476391,174.6088169
9028.05,2175.960007,1894.112904,1421.637265,174.628593
9029.05,2176.185431,1894.310909,1421.798189,174.6484028
9030.05,2176.477487,1894.552171,1421.959033,174.6682303
9031.05,2176.737468,1894.754974,1422.119806,174.6880751
9032.05,2176.941783,1894.961632,1422.280589,174.7079278
9033.05,2177.222409,1895.181697,1422.44133,174.7277733
9034.05,2177.417026,1895.374475,1422.602015,174.7476083
9035.05,2177.625965,1895.577484,1422.762703,174.7674684
9036.05,2177.841528,1895.790728,1422.923426,174.7873214
9037.05,2178.006292,1895.97231,1423.08414,174.807168
9038.05,2178.268385,1896.191147,1423.244737,174.827007
9039.05,2178.440852,1896.368338,1423.405301,174.8468125
9040.05,2178.734254,1896.595284,1423.565936,174.8666274
9041.05,2179.008205,1896.813168,1423.726524,174.8864244
9042.05,2179.234346,1897.019993,1423.887015,174.9062012
9043.05,2179.418572,1897.20708,1424.04752,174.9259561
9044.05,2179.69509,1897.432736,1424.207996,174.9457217
9045.05,2180.019691,1897.65808,1424.368378,174.9654924
9046.05,2180.275986,1897.865386,1424.528686,174.9852349
9047.05,2180.543921,1898.082327,1424.688948,175.0049329
9048.05,2180.774117,1898.288607,1424.849217,175.0246222
9049.05,2181.055161,1898.513618,1425.009433,175.0443054
9050.05,2181.309751,1898.735535,1425.16952,175.063982
9051.05,2181.546829,1898.937392,1425.329488,175.0836357
9052.05,2181.755612,1899.133882,1425.489425,175.1032921
9053.05,2181.964953,1899.331576,1425.649313,175.1229379
9054.05,2182.261866,1899.552684,1425.809257,175.1426326
9055.05,2182.473535,1899.762733,1425.96917,175.1623338
9056.05,2182.773021,1899.978927,1426.129076,175.1820098
9057.05,2183.00228,1900.193426,1426.288968,175.2016942
9058.05,2183.288341,1900.420307,1426.448819,175.221401
9059.05,2183.550872,1900.633972,1426.608685,175.2411281
9060.05,2183.832511,1900.863105,1426.768576,175.260845
9061.05,2184.057995,1901.066483,1426.928443,175.280546
9062.05,2184.271018,1901.262532,1427.088282,175.3002435
9063.05,2184.446691,1901.446864,1427.248095,175.3199417
9064.05,2184.761545,1901.68915,1427.407815,175.3396436
9065.05,2184.961019,1901.883276,1427.56747,175.3593367
9066.05,2185.166853,1902.076127,1427.727061,175.3790109
9067.05,2185.483968,1902.31322,1427.886627,175.3986713
9068.05,2185.748971,1902.523183,1428.046218,175.4183429
9069.05,2186.010822,1902.742455,1428.205781,175.4380028
9070.05,2186.282616,1902.955624,1428.36532,175.4576364
9071.05,2186.516738,1903.160569,1428.524882,175.4772809
9072.05,2186.800053,1903.376505,1428.684455,175.4969586
9073.05,2187.045418,1903.581452,1428.844079,175.5166422
9074.05,2187.286653,1903.787295,1429.003796,175.536336
9075.05,2187.523675,1904.002783,1429.163527,175.5560215
9076.05,2187.825953,1904.241894,1429.32317,175.5756854
9077.05,2188.091949,1904.457812,1429.482865,175.5953551
9078.05,2188.317718,1904.652329,1429.642652,175.6150416
9079.05,2188.531556,1904.862471,1429.802478,175.6347005
9080.05,2188.769928,1905.074209,1429.962306,175.6543518
9081.05,2188.961856,1905.270378,1430.122198,175.6740131
9082.05,2189.186372,1905.477683,1430.282139,175.6936538
9083.05,2189.427626,1905.682019,1430.442119,175.713278
9084.05,2189.679186,1905.889789,1430.602175,175.7329079
9085.05,2189.938392,1906.107458,1430.762254,175.752524
9086.05,2190.223009,1906.325697,1430.922415,175.7721131
9087.05,2190.439436,1906.540095,1431.082682,175.791705
9088.05,2190.627689,1906.7244,1431.242959,175.8113248
9089.05,2190.852801,1906.925969,1431.403218,175.8309443
9090.05,2191.10996,1907.135349,1431.563476,175.8505634
9091.05,2191.366578,1907.355717,1431.723846,175.8701952
9092.05,2191.60437,1907.560608,1431.884339,175.8898493
9093.05,2191.845465,1907.774588,1432.044883,175.9095066
9094.05,2192.130603,1907.998099,1432.205468,175.9291615
9095.05,2192.376945,1908.220055,1432.366085,175.948823
9096.05,2192.625202,1908.42813,1432.526596,175.9685149
9097.05,2192.887074,1908.635437,1432.687088,175.9882143
9098.05,2193.066061,1908.831667,1432.847632,176.0078744
9099.05,2193.35168,1909.067673,1433.008133,176.0275371
9100.05,2193.519822,1909.255829,1433.168654,176.047207
9101.05,2193.818689,1909.492317,1433.329102,176.0668692
9102.05,2194.038796,1909.695266,1433.489588,176.0865778
9103.05,2194.278572,1909.899001,1433.650022,176.1062966
9104.05,2194.453914,1910.08999,1433.810455,176.1259757
9105.05,2194.705073,1910.307336,1433.970876,176.1456407
9106.05,2194.997851,1910.51671,1434.131355,176.1653278
9107.05,2195.284619,1910.743828,1434.291887,176.1850164
9108.05,2195.494729,1910.944512,1434.452386,176.2047253
9109.05,2195.78351,1911.159596,1434.612839,176.224455
9110.05,2196.038046,1911.366966,1434.773231,176.2442112
9111.05,2196.29864,1911.569902,1434.933707,176.263952
9112.05,2196.502777,1911.764788,1435.094223,176.2837115
9113.05,2196.71818,1911.954524,1435.254852,176.3035042
9114.05,2196.959932,1912.160383,1435.41548,176.3232968
9115.05,2197.159548,1912.347186,1435.576121,176.3430965
9116.05,2197.322154,1912.543371,1435.736798,176.362898
9117.05,2197.595902,1912.758643,1435.897481,176.3826737
9118.05,2197.883744,1912.982363,1436.058286,176.4024166
9119.05,2197.973391,1913.139748,1436.219034,176.4221474
9120.05,2198.233532,1913.366899,1436.379651,176.4418842
9121.05,2198.435305,1913.560084,1436.540198,176.4616358
9122.05,2198.709949,1913.772957,1436.700754,176.4813906
9123.05,2198.934132,1913.974656,1436.861305,176.5011508
9124.05,2199.150189,1914.183549,1437.021931,176.5209496
9125.05,2199.419075,1914.404403,1437.182611,176.5407555
9126.05,2199.685055,1914.611575,1437.34324,176.560552
9127.05,2199.879527,1914.803504,1437.503835,176.5803507
9128.05,2200.095055,1915.006274,1437.664416,176.6001715
9129.05,2200.371798,1915.230056,1437.824904,176.6199719
9130.05,2200.635522,1915.446486,1437.985413,176.6397823
9131.05,2200.827294,1915.637718,1438.14584,176.6595897
9132.05,2201.089005,1915.853088,1438.306261,176.6793745
9133.05,2201.293933,1916.046223,1438.466741,176.6991675
9134.05,2201.553746,1916.252881,1438.62729,176.7189697
9135.05,2201.834429,1916.478585,1438.7878,176.7387475
9136.05,2202.06341,1916.678001,1438.948345,176.7585008
9137.05,2202.294542,1916.887748,1439.108891,176.7782411
9138.05,2202.535064,1917.101295,1439.269391,176.7980019
9139.05,2202.793439,1917.322436,1439.42988,176.8177783
9140.05,2202.987451,1917.508247,1439.590416,176.8375382
9141.05,2203.264932,1917.736324,1439.750914,176.8573103
9142.05,2203.485829,1917.937381,1439.91137,176.8770636
9143.05,2203.773024,1918.155602,1440.071829,176.8968018
9144.05,2203.981034,1918.356373,1440.232323,176.9165489
9145.05,2204.223901,1918.563885,1440.392848,176.9363137
9146.05,2204.495941,1918.788432,1440.553387,176.9560563
9147.05,2204.786276,1919.016571,1440.713988,176.9757902
9148.05,2205.078171,1919.24111,1440.874703,176.9955302
9149.05,2205.307687,1919.446262,1441.035444,177.015288
9150.05,2205.574177,1919.667785,1441.196187,177.0350608
9151.05,2205.820336,1919.879074,1441.357058,177.0548143
9152.05,2206.035528,1920.082716,1441.518012,177.0745805
9153.05,2206.262541,1920.284299,1441.678981,177.0943591
9154.05,2206.524694,1920.498282,1441.839916,177.1141248
9155.05,2206.784396,1920.707333,1442.000808,177.133894
9156.05,2207.046491,1920.928369,1442.16163,177.1536783
9157.05,2207.250807,1921.123225,1442.322467,177.1734432
9158.05,2207.529718,1921.350412,1442.48331,177.1931953
9159.05,2207.819706,1921.579903,1442.644121,177.2129435
9160.05,2208.001614,1921.76613,1442.804834,177.2326797
9161.05,2208.174824,1921.954447,1442.965467,177.2523821
9162.05,2208.457766,1922.175357,1443.12605,177.2720624
9163.05,2208.677178,1922.382364,1443.286598,177.2917175
9164.05,2208.913588,1922.587535,1443.447186,177.3113653
9165.05,2209.106344,1922.789017,1443.607765,177.3310066
9166.05,2209.322882,1922.994272,1443.768316,177.3506621
9167.05,2209.560761,1923.217178,1443.928837,177.370323
9168.05,2209.741248,1923.413881,1444.089366,177.3899708
9169.05,2209.982731,1923.630509,1444.249968,177.4096328
9170.05,2210.270415,1923.85826,1444.410604,177.4293076
9171.05,2210.403531,1924.036167,1444.571343,177.4489764
9172.05,2210.64158,1924.239794,1444.732105,177.4686409
9173.05,2210.827898,1924.438162,1444.892854,177.4883223
9174.05,2211.090948,1924.66387,1445.053581,177.5080107
9175.05,2211.337333,1924.887224,1445.214357,177.5277133
9176.05,2211.522806,1925.080936,1445.375155,177.5474374
9177.05,2211.776941,1925.292587,1445.535884,177.5671807
9178.05,2212.052637,1925.526065,1445.696629,177.5869145
9179.05,2212.308583,1925.751716,1445.857468,177.606666
9180.05,2212.527245,1925.950539,1446.018331,177.6264114
9181.05,2212.825409,1926.166505,1446.179142,177.6461779
9182.05,2213.020506,1926.36877,1446.339918,177.6659813
9183.05,2213.239408,1926.571158,1446.500746,177.6857792
9184.05,2213.441444,1926.763523,1446.661522,177.7055918
9185.05,2213.691031,1926.975249,1446.822258,177.7254034
9186.05,2213.930439,1927.181525,1446.982953,177.7452134
9187.05,2214.142111,1927.376248,1447.143653,177.7650171
9188.05,2214.345188,1927.568002,1447.304292,177.7848008
9189.05,2214.626186,1927.791313,1447.464794,177.8045559
9190.05,2214.931288,1928.020923,1447.625191,177.8242965
9191.05,2215.195555,1928.236708,1447.785536,177.8440163
9192.05,2215.413215,1928.433552,1447.945906,177.8637393
9193.05,2215.590119,1928.642275,1448.106244,177.883468
9194.05,2215.817906,1928.841928,1448.266506,177.9032367
9195.05,2216.102714,1929.060717,1448.426654,177.9230118
9196.05,2216.399288,1929.276774,1448.586822,177.9427695
9197.05,2216.648056,1929.495882,1448.746876,177.9625104
9198.05,2216.87627,1929.706336,1448.906739,177.9822188
9199.05,2217.080289,1929.909816,1449.066574,178.0019065
9200.05,2217.292102,1930.113578,1449.22633,178.0216036
9201.05,2217.550764,1930.311393,1449.385997,178.0413054
9202.05,2217.763959,1930.51906,1449.545638,178.0610315
9203.05,2217.999344,1930.735513,1449.705211,178.0807804
9204.05,2218.285481,1930.958516,1449.864732,178.100508
9205.05,2218.513128,1931.164828,1450.02431,178.1202022
9206.05,2218.817396,1931.392077,1450.183885,178.1399055
9207.05,2219.060928,1931.615405,1450.343316,178.1596125
9208.05,2219.258458,1931.821327,1450.502593,178.1792832
9209.05,2219.479171,1932.020601,1450.661848,178.1989542
9210.05,2219.688824,1932.231235,1450.821049,178.2186096
9211.05,2219.877276,1932.434965,1450.98023,178.2382869
9212.05,2220.152133,1932.663525,1451.139371,178.2579719
9213.05,2220.419922,1932.879775,1451.298532,178.2776562
9214.05,2220.672663,1933.08135,1451.457687,178.2973021
9215.05,2220.928361,1933.296089,1451.616766,178.3169229
9216.05,2221.138944,1933.498338,1451.775833,178.3365436
9217.05,2221.328952,1933.689859,1451.934916,178.3561555
9218.05,2221.575317,1933.892117,1452.094117,178.3757648
9219.05,2221.782948,1934.1023,1452.253355,178.3954094
9220.05,2222.113148,1934.337539,1452.412619,178.4150464
9221.05,2222.360004,1934.548904,1452.571903,178.4347005
9222.05,2222.582456,1934.752157,1452.731216,178.4543548
9223.05,2222.817899,1934.962142,1452.890468,178.4739763
9224.05,2223.066491,1935.179733,1453.049517,178.4935851
9225.05,2223.269254,1935.369059,1453.20845,178.5131818
9226.05,2223.54993,1935.587896,1453.367294,178.5327765
9227.05,2223.759475,1935.797532,1453.526151,178.55235
9228.05,2223.98701,1936.009293,1453.684977,178.571947
9229.05,2224.196997,1936.205312,1453.84387,178.5915415
9230.05,2224.445587,1936.420728,1454.00277,178.6111374
9231.05,2224.689451,1936.63392,1454.161741,178.6307135
9232.05,2224.91807,1936.8441,1454.320719,178.6503131
9233.05,2225.18303,1937.060779,1454.479757,178.6699393
9234.05,2225.436947,1937.268898,1454.638903,178.6895872
9235.05,2225.668448,1937.475928,1454.798109,178.7092591
9236.05,2225.958452,1937.698081,1454.957333,178.7289499
9237.05,2226.187022,1937.910017,1455.116593,178.7486768
9238.05,2226.434191,1938.118272,1455.275942,178.7684158
9239.05,2226.611996,1938.316446,1455.435201,178.7881212
9240.05,2226.81991,1938.513271,1455.594388,178.807802
9241.05,2227.038424,1938.715513,1455.753543,178.8274866
9242.05,2227.240908,1938.91963,1455.912725,178.847171
9243.05,2227.454425,1939.117845,1456.071997,178.8668353
9244.05,2227.671764,1939.328812,1456.231292,178.8864895
9245.05,2227.925167,1939.533376,1456.39064,178.9061522
9246.05,2228.088986,1939.702974,1456.550025,178.9257988
9247.05,2228.275449,1939.899098,1456.709467,178.9454332
9248.05,2228.502086,1940.111022,1456.868898,178.965045
9249.05,2228.762265,1940.319606,1457.028351,178.9846767
9250.05,2229.00292,1940.529667,1457.187841,179.0042989
9251.05,2229.1828,1940.717237,1457.347311,179.023941
9252.05,2229.388889,1940.919639,1457.506824,179.0435833
9253.05,2229.623752,1941.125306,1457.666288,179.0632265
9254.05,2229.870068,1941.329617,1457.825853,179.0828771
9255.05,2230.12012,1941.548419,1457.98548,179.1025127
9256.05,2230.280526,1941.732586,1458.145165,179.1221729
9257.05,2230.520105,1941.932513,1458.30495,179.1418237
9258.05,2230.732019,1942.129121,1458.464787,179.1614584
9259.05,2230.920705,1942.31406,1458.624667,179.1810708
9260.05,2231.184462,1942.542981,1458.784506,179.2006954
9261.05,2231.376902,1942.749385,1458.944299,179.220341
9262.05,2231.520318,1942.940757,1459.104059,179.2399882
9263.05,2231.725919,1943.131419,1459.263757,179.2596255
9264.05,2231.989299,1943.346517,1459.423465,179.279264
9265.05,2232.231953,1943.557317,1459.583105,179.2988919
9266.05,2232.473679,1943.768624,1459.742759,179.3184933
9267.05,2232.686731,1943.956815,1459.902445,179.338105
9268.05,2232.957595,1944.177753,1460.062106,179.3576956
9269.05,2233.232433,1944.40036,1460.221699,179.3772787
9270.05,2233.504302,1944.605434,1460.381174,179.3968575
9271.05,2233.765283,1944.808924,1460.540672,179.4164049
9272.05,2233.986646,1945.001643,1460.700063,179.4359462
9273.05,2234.211556,1945.209094,1460.859423,179.4554868
9274.05,2234.479773,1945.424229,1461.01881,179.4750346
9275.05,2234.673155,1945.622572,1461.178172,179.4945923
9276.05,2234.808829,1945.794751,1461.337519,179.5141486
9277.05,2235.038668,1946.009822,1461.496817,179.5336868
9278.05,2235.253594,1946.207581,1461.656153,179.5532439
9279.05,2235.472555,1946.411287,1461.815443,179.5727929
9280.05,2235.711545,1946.618816,1461.974602,179.5923323
9281.05,2235.966982,1946.834301,1462.133717,179.6118653
9282.05,2236.201101,1947.029844,1462.292772,179.6313888
9283.05,2236.380451,1947.230744,1462.451735,179.6508759
9284.05,2236.585457,1947.440796,1462.610673,179.6703834
9285.05,2236.814767,1947.652515,1462.769602,179.6898978
9286.05,2237.094718,1947.876115,1462.928546,179.7094186
9287.05,2237.338642,1948.084988,1463.087497,179.7289405
9288.05,2237.552443,1948.284679,1463.246375,179.7484751
9289.05,2237.782678,1948.493994,1463.405176,179.7680095
9290.05,2238.036528,1948.717484,1463.563974,179.7875461
9291.05,2238.257766,1948.930077,1463.722766,179.8070822
9292.05,2238.501681,1949.134744,1463.881575,179.8266187
9293.05,2238.720744,1949.337483,1464.040417,179.8461841
9294.05,2238.9741,1949.551646,1464.199256,179.8657483
9295.05,2239.208935,1949.760212,1464.358049,179.8853129
9296.05,2239.407246,1949.960224,1464.516987,179.9048641
9297.05,2239.644584,1950.168867,1464.675857,179.9244201
9298.05,2239.857172,1950.373683,1464.834738,179.9439966
9299.05,2239.995439,1950.552187,1464.993634,179.9635535
9300.05,2240.193153,1950.746775,1465.1525,179.9830802
9301.05,2240.50066,1950.975678,1465.3114,180.0026115
9302.05,2240.684369,1951.164752,1465.47028,180.0221227
9303.05,2240.901294,1951.380019,1465.629082,180.0416041
9304.05,2241.143017,1951.594957,1465.787882,180.0610848
9305.05,2241.396994,1951.814365,1465.946766,180.0805643
9306.05,2241.690042,1952.036544,1466.105747,180.1000055
9307.05,2241.98671,1952.253271,1466.264785,180.1194583
9308.05,2242.173674,1952.449062,1466.423847,180.1389068
9309.05,2242.397972,1952.653342,1466.582844,180.1583613
9310.05,2242.678084,1952.861838,1466.741872,180.1778199
9311.05,2242.910692,1953.083388,1466.900984,180.1973007
9312.05,2243.159993,1953.298477,1467.060141,180.2167819
9313.05,2243.337346,1953.499494,1467.219301,180.2362602
9314.05,2243.563031,1953.700493,1467.378418,180.2557503
9315.05,2243.804665,1953.905457,1467.537522,180.275191
9316.05,2244.03084,1954.107279,1467.696625,180.2946312
9317.05,2244.2952,1954.327988,1467.855605,180.3140647
9318.05,2244.536251,1954.536068,1468.014535,180.3334848
9319.05,2244.789345,1954.742843,1468.173473,180.3529056
9320.05,2244.98663,1954.937152,1468.332421,180.37234
9321.05,2245.262524,1955.159158,1468.491488,180.3918005
9322.05,2245.537314,1955.381241,1468.65067,180.4112705
9323.05,2245.819987,1955.60621,1468.809864,180.4307358
9324.05,2246.076433,1955.836151,1468.969113,180.4502084
9325.05,2246.316384,1956.035969,1469.128308,180.4696929
9326.05,2246.529886,1956.234724,1469.287491,180.4891974
9327.05,2246.72575,1956.435166,1469.44662,180.5086837
9328.05,2246.977744,1956.64597,1469.605759,180.5281334
9329.05,2247.19446,1956.84695,1469.764919,180.5475686
9330.05,2247.432516,1957.063738,1469.924111,180.5670222
9331.05,2247.691837,1957.279719,1470.083336,180.5865044
9332.05,2247.847309,1957.468239,1470.242689,180.6059502
9333.05,2248.078715,1957.672937,1470.402136,180.6253717
9334.05,2248.330789,1957.887847,1470.561565,180.6447731
9335.05,2248.577192,1958.086795,1470.72099,180.6641986
9336.05,2248.813747,1958.308923,1470.880318,180.683644
9337.05,2249.076831,1958.534217,1471.039722,180.7031177
9338.05,2249.362442,1958.746674,1471.199144,180.7226154
9339.05,2249.581955,1958.947988,1471.358601,180.742095
9340.05,2249.800747,1959.139797,1471.518041,180.7615987
9341.05,2250.07383,1959.34892,1471.677584,180.7811082
9342.05,2250.314127,1959.556879,1471.837213,180.8006155
9343.05,2250.540891,1959.759866,1471.9968,180.8201286
9344.05,2250.740549,1959.962432,1472.156327,180.8396303
9345.05,2250.966307,1960.169234,1472.31591,180.8591699
9346.05,2251.219184,1960.381908,1472.475492,180.8787023
9347.05,2251.551817,1960.612402,1472.635223,180.8982368
9348.05,2251.8014,1960.824974,1472.795105,180.9177799
9349.05,2252.001785,1961.022044,1472.954989,180.9373304
9350.05,2252.278483,1961.248106,1473.114792,180.9568684
9351.05,2252.536528,1961.454543,1473.274618,180.9764034
9352.05,2252.743527,1961.645209,1473.434467,180.9959279
9353.05,2252.970162,1961.857641,1473.594431,181.015462
9354.05,2253.125158,1962.032064,1473.754399,181.0350013
9355.05,2253.2554,1962.221724,1473.914422,181.0545471
9356.05,2253.467063,1962.41419,1474.07459,181.0740811
9357.05,2253.73048,1962.622908,1474.234818,181.0936001
9358.05,2254.023315,1962.843969,1474.395122,181.1131484
9359.05,2254.228122,1963.040625,1474.555483,181.1327108
9360.05,2254.433371,1963.236963,1474.715799,181.1522913
9361.05,2254.732593,1963.46519,1474.876154,181.171902
9362.05,2254.961721,1963.669682,1475.036536,181.1915395
9363.05,2255.284035,1963.90913,1475.196865,181.2111816
9364.05,2255.549155,1964.122652,1475.35727,181.2308261
9365.05,2255.829034,1964.346033,1475.517797,181.2505054
9366.05,2256.069664,1964.561445,1475.67843,181.2702038
9367.05,2256.26251,1964.74766,1475.839095,181.2899005
9368.05,2256.446178,1964.936413,1475.999681,181.3095906
9369.05,2256.69485,1965.154451,1476.160251,181.3293034
9370.05,2256.953806,1965.370025,1476.320826,181.349026
9371.05,2257.235691,1965.595167,1476.481396,181.3687472
9372.05,2257.479667,1965.801997,1476.641933,181.38845
9373.05,2257.801926,1966.030707,1476.802525,181.4081383
9374.05,2258.088195,1966.250713,1476.963246,181.4278016
9375.05,2258.374555,1966.466889,1477.123969,181.4474414
9376.05,2258.686323,1966.702587,1477.284658,181.4670695
9377.05,2258.873941,1966.893348,1477.445271,181.4866978
9378.05,2259.075488,1967.09661,1477.605734,181.5063124
9379.05,2259.262635,1967.284963,1477.766086,181.5259269
9380.05,2259.571594,1967.517493,1477.926331,181.5455405
9381.05,2259.835613,1967.726063,1478.0865,181.5651881
9382.05,2260.142882,1967.943488,1478.246628,181.5848166
9383.05,2260.373117,1968.163616,1478.406678,181.604411
9384.05,2260.639826,1968.374007,1478.566685,181.6240201
9385.05,2260.899888,1968.590041,1478.726598,181.6436318
9386.05,2261.062371,1968.783849,1478.886328,181.6632399
9387.05,2261.281034,1968.980566,1479.045896,181.6828219
9388.05,2261.576133,1969.225041,1479.205298,181.7023967
9389.05,2261.794253,1969.416808,1479.364664,181.7219614
9390.05,2262.019781,1969.624492,1479.523907,181.7415002
9391.05,2262.331137,1969.857562,1479.683088,181.7610261
9392.05,2262.63944,1970.091312,1479.842306,181.7805425
9393.05,2262.872587,1970.298787,1480.001481,181.800075
9394.05,2263.130096,1970.504355,1480.160667,181.8195977
9395.05,2263.35419,1970.702671,1480.319843,181.8391059
9396.05,2263.572646,1970.896408,1480.479027,181.8586037
9397.05,2263.844869,1971.115324,1480.638227,181.8781081
9398.05,2264.139727,1971.347492,1480.797449,181.8976064
9399.05,2264.333096,1971.549875,1480.956614,181.917098
9400.05,2264.597739,1971.770664,1481.115728,181.9365995
9401.05,2264.802225,1971.960453,1481.274802,181.9560961
9402.05,2264.973997,1972.144354,1481.433898,181.9755573
9403.05,2265.271274,1972.36089,1481.593039,181.9949964
9404.05,2265.470981,1972.568166,1481.752243,182.0144439
9405.05,2265.694444,1972.760852,1481.911551,182.0339174
9406.05,2265.86971,1972.948972,1482.070962,182.0534159
9407.05,2266.138031,1973.164191,1482.230441,182.072927
9408.05,2266.337951,1973.367045,1482.38989,182.0924414
9409.05,2266.572435,1973.575413,1482.549226,182.1119462
9410.05,2266.814074,1973.775951,1482.708553,182.1314574
9411.05,2266.993433,1973.959159,1482.867861,182.1509974
9412.05,2267.193782,1974.160496,1483.027215,182.1705428
9413.05,2267.427878,1974.372768,1483.186483,182.1900871
9414.05,2267.664462,1974.593517,1483.345778,182.2096556
9415.05,2267.934219,1974.811987,1483.505059,182.2292198
9416.05,2268.113201,1975.007053,1483.664389,182.2488214
9417.05,2268.298913,1975.186943,1483.823737,182.2684109
9418.05,2268.601109,1975.419465,1483.983046,182.2880077
9419.05,2268.804982,1975.620171,1484.142347,182.3076024
9420.05,2269.031303,1975.830682,1484.301672,182.3271873
9421.05,2269.275962,1976.052635,1484.460951,182.3467987
9422.05,2269.499716,1976.263672,1484.620201,182.3664159
9423.05,2269.716844,1976.466158,1484.779369,182.3860261
9424.05,2269.964449,1976.670227,1484.938484,182.4056154
9425.05,2270.184586,1976.871036,1485.097584,182.4252292
9426.05,2270.454936,1977.08047,1485.256661,182.4448446
9427.05,2270.66604,1977.282291,1485.415728,182.4644369
9428.05,2270.941982,1977.504506,1485.574822,182.4840182
9429.05,2271.105925,1977.689939,1485.73391,182.5035875
9430.05,2271.305712,1977.879765,1485.892955,182.5231348
9431.05,2271.511322,1978.073169,1486.051898,182.5426325
9432.05,2271.754814,1978.271643,1486.210742,182.5621166
9433.05,2271.98012,1978.472798,1486.369613,182.5815981
9434.05,2272.22418,1978.684941,1486.528554,182.601086
9435.05,2272.461521,1978.897926,1486.687601,182.6205754
9436.05,2272.692878,1979.10833,1486.846582,182.6400576
9437.05,2272.932069,1979.313245,1487.005487,182.6595184
9438.05,2273.18027,1979.52273,1487.164357,182.6789793
9439.05,2273.465976,1979.748674,1487.323236,182.6984682
9440.05,2273.771738,1979.976402,1487.482082,182.7179461
9441.05,2274.00738,1980.195092,1487.640985,182.7374123
9442.05,2274.312308,1980.414462,1487.799927,182.7568763
9443.05,2274.648828,1980.653583,1487.958849,182.7763275
9444.05,2274.948303,1980.878753,1488.11776,182.7957427
9445.05,2275.208511,1981.089204,1488.276765,182.815128
9446.05,2275.430692,1981.307426,1488.435748,182.8345214
9447.05,2275.644896,1981.501705,1488.594709,182.8539303
9448.05,2275.884765,1981.716617,1488.753582,182.873312
9449.05,2276.052049,1981.899878,1488.912416,182.8926821
9450.05,2276.185258,1982.071717,1489.071205,182.9120592
9451.05,2276.500855,1982.319707,1489.229945,182.9314457
9452.05,2276.763633,1982.52822,1489.388534,182.9508574
9453.05,2277.048312,1982.757089,1489.547031,182.9702491
9454.05,2277.257653,1982.953504,1489.705511,182.9896305
9455.05,2277.448075,1983.158918,1489.864078,183.0090056
9456.05,2277.646673,1983.363019,1490.022667,183.0283643
9457.05,2277.894661,1983.575694,1490.18123,183.0477367
9458.05,2278.214369,1983.810212,1490.339838,183.0670917
9459.05,2278.434279,1984.01214,1490.498407,183.0864484
9460.05,2278.635747,1984.200819,1490.656915,183.1058062
9461.05,2278.920149,1984.423755,1490.815505,183.1251926
9462.05,2279.17084,1984.639177,1490.974147,183.1445869
9463.05,2279.436469,1984.853934,1491.132763,183.1639756
9464.05,2279.703724,1985.073392,1491.291408,183.1833634
9465.05,2279.946262,1985.282398,1491.44997,183.2027247
9466.05,2280.192243,1985.478837,1491.608507,183.2220567
9467.05,2280.446772,1985.700815,1491.767093,183.2413823
9468.05,2280.690253,1985.912223,1491.925601,183.2606907
9469.05,2280.956171,1986.133041,1492.084017,183.2800089
9470.05,2281.160596,1986.333396,1492.242427,183.2993344
9471.05,2281.356662,1986.530385,1492.400845,183.3186491
9472.05,2281.613625,1986.745711,1492.55916,183.3379726
9473.05,2281.884517,1986.959058,1492.717449,183.3573053
9474.05,2282.12328,1987.172758,1492.875748,183.3766434
9475.05,2282.394443,1987.395007,1493.033955,183.3959986
9476.05,2282.581508,1987.59147,1493.192035,183.4153395
9477.05,2282.886793,1987.823786,1493.350026,183.4346742
9478.05,2283.097534,1988.026496,1493.508038,183.4539699
9479.05,2283.303134,1988.236898,1493.665977,183.473256
9480.05,2283.533802,1988.443402,1493.823802,183.4925197
9481.05,2283.737621,1988.649343,1493.981529,183.5117969
9482.05,2284.020026,1988.866523,1494.139088,183.5310478
9483.05,2284.271645,1989.069182,1494.29663,183.5502652
9484.05,2284.543645,1989.274376,1494.454144,183.5694677
9485.05,2284.774459,1989.476707,1494.611649,183.5886782
9486.05,2285.042388,1989.695469,1494.769108,183.6079044
9487.05,2285.28798,1989.909447,1494.926495,183.6271094
9488.05,2285.541797,1990.1185,1495.083871,183.6462632
9489.05,2285.734184,1990.302707,1495.241161,183.6654004
9490.05,2285.949198,1990.502092,1495.398386,183.6845156
9491.05,2286.207387,1990.717459,1495.555542,183.7035969
9492.05,2286.400534,1990.914611,1495.712662,183.7226678
9493.05,2286.661264,1991.14081,1495.869606,183.7417361
9494.05,2286.853093,1991.329384,1496.026555,183.7608112
9495.05,2287.075053,1991.535094,1496.183519,183.7798688
9496.05,2287.317225,1991.742803,1496.340447,183.7989023
9497.05,2287.539691,1991.943103,1496.497413,183.8179437
9498.05,2287.722275,1992.134158,1496.654441,183.8369853
9499.05,2287.976662,1992.349186,1496.811433,183.8560044
9500.05,2288.237402,1992.564949,1496.968331,183.8750147
9501.05,2288.512469,1992.792916,1497.125224,183.8940466
9502.05,2288.792135,1993.013875,1497.282109,183.9131122
9503.05,2289.038795,1993.225821,1497.439031,183.9321876
9504.05,2289.228273,1993.418417,1497.596073,183.9512796
9505.05,2289.499937,1993.642104,1497.753105,183.9703934
9506.05,2289.711201,1993.846506,1497.910185,183.9895195
9507.05,2289.891045,1994.040044,1498.067282,184.0086355
9508.05,2290.115512,1994.242289,1498.224357,184.0277603
9509.05,2290.39608,1994.474128,1498.381416,184.0468848
9510.05,2290.650662,1994.680376,1498.538491,184.066022
9511.05,2290.868183,1994.88468,1498.695606,184.0851659
9512.05,2291.087039,1995.085544,1498.852724,184.1043147
9513.05,2291.348409,1995.31371,1499.009837,184.1234949
9514.05,2291.578967,1995.522796,1499.166951,184.1426826
9515.05,2291.853518,1995.740106,1499.324031,184.161866
9516.05,2292.108426,1995.949331,1499.481064,184.1810514
9517.05,2292.375541,1996.168736,1499.638191,184.2002643
9518.05,2292.603331,1996.37971,1499.795361,184.2194508
9519.05,2292.818674,1996.589497,1499.952542,184.2386325
9520.05,2292.95553,1996.758747,1500.109711,184.2578063
9521.05,2293.203971,1996.963113,1500.266838,184.2769713
9522.05,2293.47061,1997.187438,1500.423939,184.2961542
9523.05,2293.747558,1997.408989,1500.580977,184.3153325
9524.05,2294.002019,1997.629386,1500.737924,184.3345172
9525.05,2294.229319,1997.834334,1500.894894,184.3537022
9526.05,2294.401958,1998.03516,1501.051902,184.3729211
9527.05,2294.663547,1998.257961,1501.208935,184.3921838
9528.05,2294.952475,1998.492533,1501.365932,184.4114359
9529.05,2295.184185,1998.699872,1501.522933,184.4307152
9530.05,2295.459672,1998.922014,1501.679816,184.4500071
9531.05,2295.648393,1999.110846,1501.836653,184.4692767
9532.05,2295.93605,1999.331965,1501.993451,184.488525
9533.05,2296.172017,1999.548932,1502.150278,184.5077555
9534.05,2296.358912,1999.744099,1502.307118,184.527006
9535.05,2296.566146,1999.946274,1502.463856,184.5462634
9536.05,2296.812824,2000.15619,1502.620505,184.5655093
9537.05,2297.087699,2000.383931,1502.777221,184.5847191
9538.05,2297.327469,2000.579743,1502.934085,184.6039407
9539.05,2297.520432,2000.77762,1503.091009,184.6231795
9540.05,2297.683196,2000.954023,1503.247956,184.6424049
9541.05,2297.918531,2001.174419,1503.404796,184.6616215
9542.05,2298.211956,2001.398731,1503.561538,184.6808439
9543.05,2298.438149,2001.601297,1503.718325,184.7000677
9544.05,2298.66977,2001.816154,1503.875171,184.7193108
9545.05,2298.879402,2002.016769,1504.032128,184.7385841
9546.05,2299.161033,2002.229268,1504.189125,184.7578639
9547.05,2299.393845,2002.437278,1504.346077,184.7771318
9548.05,2299.6422,2002.634477,1504.503029,184.7964102
9549.05,2299.841831,2002.837372,1504.660058,184.8156782
9550.05,2300.123506,2003.067655,1504.817118,184.8349368
9551.05,2300.288109,2003.24835,1504.97423,184.8541826
9552.05,2300.49499,2003.453066,1505.131376,184.873418
9553.05,2300.747926,2003.667109,1505.288526,184.8926492
9554.05,2301.013615,2003.888489,1505.445732,184.9118941
9555.05,2301.275911,2004.10795,1505.603012,184.9311619
9556.05,2301.550465,2004.319783,1505.760336,184.9504185
9557.05,2301.802698,2004.526995,1505.917785,184.9696673
9558.05,2301.997098,2004.737597,1506.0753,184.9888968
9559.05,2302.183974,2004.930559,1506.232795,185.0081314
9560.05,2302.367687,2005.122602,1506.390265,185.0273674
9561.05,2302.656586,2005.359598,1506.547742,185.0465959
9562.05,2302.882389,2005.564186,1506.705239,185.0658545
9563.05,2303.061444,2005.755971,1506.862766,185.0851228
9564.05,2303.265443,2005.94937,1507.02029,185.1044022
9565.05,2303.447138,2006.15079,1507.177834,185.1236641
9566.05,2303.703594,2006.359335,1507.335458,185.1429224
9567.05,2303.865452,2006.540509,1507.493266,185.1621943
9568.05,2304.124283,2006.752336,1507.651164,185.1814417
9569.05,2304.320856,2006.939535,1507.809101,185.2006485
9570.05,2304.582481,2007.154516,1507.967065,185.2198851
9571.05,2304.832393,2007.36198,1508.125064,185.2391278
9572.05,2305.022613,2007.539307,1508.283127,185.2583449
9573.05,2305.308086,2007.759843,1508.441264,185.2775967
9574.05,2305.517265,2007.948507,1508.599478,185.2968652
9575.05,2305.762992,2008.160101,1508.7577,185.3161249
9576.05,2305.96497,2008.353877,1508.915888,185.3354097
9577.05,2306.252036,2008.575348,1509.074079,185.3546828
9578.05,2306.521071,2008.793575,1509.232261,185.3739401
9579.05,2306.701528,2008.981682,1509.390477,185.3932037
9580.05,2306.987872,2009.215741,1509.548744,185.4124909
9581.05,2307.255725,2009.449369,1509.70705,185.4317958
9582.05,2307.471666,2009.648099,1509.865348,185.451109
9583.05,2307.702258,2009.861429,1510.023701,185.4704438
9584.05,2307.965223,2010.083733,1510.182051,185.489778
9585.05,2308.210481,2010.311345,1510.340447,185.5091113
9586.05,2308.544378,2010.553892,1510.498911,185.5284372
9587.05,2308.767839,2010.763173,1510.657384,185.547787
9588.05,2309.000002,2010.967512,1510.815837,185.5671453
9589.05,2309.279419,2011.192433,1510.974245,185.5865181
9590.05,2309.586645,2011.425597,1511.13265,185.6058952
9591.05,2309.86719,2011.653479,1511.290961,185.6252601
9592.05,2310.087635,2011.851542,1511.449139,185.6446309
9593.05,2310.296374,2012.050304,1511.607265,185.6639865
9594.05,2310.484217,2012.239029,1511.765377,185.6833446
9595.05,2310.697437,2012.43806,1511.923466,185.7027172
9596.05,2310.8559,2012.631332,1512.081519,185.722089
9597.05,2311.141733,2012.850837,1512.239473,185.7414583
9598.05,2311.322659,2013.05203,1512.397536,185.7608333
9599.05,2311.528773,2013.251367,1512.555577,185.7802382
9600.05,2311.771238,2013.443103,1512.713574,185.7996487
9601.05,2311.974241,2013.639406,1512.87152,185.8190546
9602.05,2312.26536,2013.866933,1513.029441,185.8384646
9603.05,2312.467206,2014.066584,1513.187321,185.8578813
9604.05,2312.615221,2014.263292,1513.345195,185.8773155
9605.05,2312.829207,2014.472678,1513.503092,185.8967818
9606.05,2313.105558,2014.686682,1513.661075,185.9162469
9607.05,2313.304796,2014.880106,1513.819103,185.9357191
9608.05,2313.577937,2015.092345,1513.977064,185.9552039
9609.05,2313.829632,2015.320708,1514.13503,185.9746932
9610.05,2314.04693,2015.521274,1514.293039,185.9942041
9611.05,2314.249786,2015.726899,1514.451155,186.0137505
9612.05,2314.436917,2015.924914,1514.60932,186.033313
9613.05,2314.649234,2016.134302,1514.767485,186.0528758
9614.05,2314.877809,2016.341267,1514.925691,186.0724998
9615.05,2315.107945,2016.5471,1515.083937,186.0921664
9616.05,2315.336754,2016.745266,1515.242245,186.1118264
9617.05,2315.550626,2016.935114,1515.400532,186.131488
9618.05,2315.819443,2017.154788,1515.558781,186.1511307
9619.05,2316.056852,2017.365927,1515.717086,186.1707689
9620.05,2316.369272,2017.609516,1515.875475,186.1904131
9621.05,2316.656995,2017.831095,1516.033892,186.2100757
9622.05,2316.902823,2018.032439,1516.192348,186.2297399
9623.05,2317.136786,2018.236186,1516.350719,186.24937
9624.05,2317.392207,2018.451482,1516.50905,186.2690024
9625.05,2317.615104,2018.655246,1516.667465,186.288649
9626.05,2317.828584,2018.85892,1516.825894,186.3083253
9627.05,2318.053026,2019.073099,1516.984399,186.3279907
9628.05,2318.299941,2019.279869,1517.14304,186.3476794
9629.05,2318.564992,2019.49104,1517.301718,186.3673809
9630.05,2318.79408,2019.698613,1517.460482,186.3870796
9631.05,2319.008387,2019.896555,1517.619302,186.4067464
9632.05,2319.251624,2020.103298,1517.778117,186.4264084
9633.05,2319.468711,2020.298177,1517.936997,186.4460772
9634.05,2319.670475,2020.485226,1518.096017,186.4657332
9635.05,2319.969264,2020.713527,1518.255112,186.4853833
9636.05,2320.196056,2020.926852,1518.414292,186.5050264
9637.05,2320.392719,2021.118805,1518.573669,186.524637
9638.05,2320.615329,2021.330469,1518.732986,186.5442434
9639.05,2320.864658,2021.536785,1518.892318,186.5638484
9640.05,2321.150182,2021.760482,1519.051749,186.5834357
9641.05,2321.42762,2021.979918,1519.21115,186.6030253
9642.05,2321.675727,2022.193891,1519.370564,186.6226059
9643.05,2322.006516,2022.429235,1519.530048,186.6421877
9644.05,2322.276534,2022.636435,1519.689583,186.6617698
9645.05,2322.44254,2022.823557,1519.84906,186.6813963
9646.05,2322.639732,2023.013858,1520.008465,186.7010086
9647.05,2322.891134,2023.233184,1520.167845,186.7206068
9648.05,2323.142332,2023.458816,1520.327306,186.7401997
9649.05,2323.36163,2023.666568,1520.486707,186.7598149
9650.05,2323.561829,2023.86481,1520.646204,186.7794388
9651.05,2323.7645,2024.053054,1520.805845,186.7990643
9652.05,2324.086789,2024.287515,1520.965496,186.8186769
9653.05,2324.251871,2024.473614,1521.125117,186.8382684
9654.05,2324.521806,2024.695665,1521.284718,186.8578815
9655.05,2324.812348,2024.9242,1521.444318,186.8774868
9656.05,2325.023662,2025.119524,1521.603942,186.8971071
9657.05,2325.355194,2025.355679,1521.763562,186.9167312
9658.05,2325.635441,2025.561999,1521.923249,186.9363334
9659.05,2325.895565,2025.777697,1522.082971,186.9559305
9660.05,2326.132276,2025.98663,1522.242813,186.9755223
9661.05,2326.395562,2026.193641,1522.40262,186.995106
9662.05,2326.64067,2026.402637,1522.562355,187.0146634
9663.05,2326.848629,2026.600564,1522.722045,187.0342113
9664.05,2327.039333,2026.79503,1522.881792,187.0537576
9665.05,2327.393026,2027.044915,1523.041523,187.0733265
9666.05,2327.594818,2027.239866,1523.201177,187.0929146
9667.05,2327.851388,2027.447646,1523.360843,187.1125029
9668.05,2328.068192,2027.654561,1523.520494,187.1321114
9669.05,2328.317365,2027.865435,1523.680168,187.1517189
9670.05,2328.532482,2028.066835,1523.839885,187.1713573
9671.05,2328.802474,2028.286907,1523.999626,187.1910145
9672.05,2329.020994,2028.492026,1524.159396,187.2106975
9673.05,2329.212438,2028.687406,1524.319166,187.2304003
9674.05,2329.369752,2028.873733,1524.478988,187.2501282
9675.05,2329.582095,2029.079263,1524.638731,187.269867
9676.05,2329.813557,2029.287423,1524.798545,187.2896026
9677.05,2330.009709,2029.471366,1524.958436,187.3093192
9678.05,2330.257201,2029.688346,1525.118316,187.3290149
9679.05,2330.551299,2029.907748,1525.278156,187.3487175
9680.05,2330.738448,2030.108249,1525.438086,187.3684245
9681.05,2330.992369,2030.325594,1525.598085,187.3881313
9682.05,2331.191882,2030.519407,1525.758018,187.4078326
9683.05,2331.389197,2030.718473,1525.917976,187.4275376
9684.05,2331.559017,2030.891233,1526.078008,187.4472117
9685.05,2331.817401,2031.102136,1526.238096,187.4668947
9686.05,2332.036653,2031.308301,1526.398166,187.4865666
9687.05,2332.262897,2031.511018,1526.558185,187.5062109
9688.05,2332.515667,2031.727492,1526.718067,187.5258558
9689.05,2332.720425,2031.924197,1526.877922,187.5454948
9690.05,2333.01038,2032.150751,1527.037766,187.5651229
9691.05,2333.306395,2032.383175,1527.197586,187.5847692
9692.05,2333.575611,2032.593762,1527.357335,187.6044257
9693.05,2333.665374,2032.754076,1527.517034,187.6240804
9694.05,2333.862351,2032.943479,1527.676752,187.643739
9695.05,2334.092833,2033.154678,1527.836542,187.6633704
9696.05,2334.372385,2033.374896,1527.996298,187.6829956
9697.05,2334.608336,2033.574527,1528.156118,187.7026088
9698.05,2334.839146,2033.786436,1528.315985,187.7222283
9699.05,2335.113143,2034.00257,1528.475821,187.7418769
9700.05,2335.370604,2034.2264,1528.635608,187.7615151
9701.05,2335.60646,2034.4389,1528.79541,187.7811434
9702.05,2335.822782,2034.628571,1528.955201,187.8007559
9703.05,2336.07208,2034.850762,1529.114983,187.8203813
9704.05,2336.295662,2035.052251,1529.27476,187.8400127
9705.05,2336.484523,2035.235434,1529.434482,187.8596319
9706.05,2336.796938,2035.463892,1529.594068,187.8792055
9707.05,2337.071162,2035.68774,1529.753544,187.8987564
9708.05,2337.228429,2035.870493,1529.912982,187.9183138
9709.05,2337.530508,2036.103327,1530.072336,187.9378636
9710.05,2337.829051,2036.321684,1530.231644,187.9573922
9711.05,2338.041638,2036.537462,1530.390908,187.976927
9712.05,2338.309577,2036.74617,1530.550136,187.9964584
9713.05,2338.546191,2036.961923,1530.709402,188.0159627
9714.05,2338.792073,2037.163056,1530.86865,188.0354193
9715.05,2338.998616,2037.369849,1531.027838,188.0548744
9716.05,2339.194925,2037.555648,1531.186931,188.0743116
9717.05,2339.423729,2037.761462,1531.345857,188.0937051
9718.05,2339.635853,2037.966675,1531.504665,188.1130683
9719.05,2339.892307,2038.17547,1531.663408,188.1323965
9720.05,2340.142626,2038.385975,1531.822034,188.1517305
9721.05,2340.426754,2038.61069,1531.980527,188.1710685
9722.05,2340.687984,2038.836558,1532.13891,188.1904264
9723.05,2340.91398,2039.038009,1532.297178,188.2098016
9724.05,2341.175758,2039.255124,1532.455334,188.2291567
9725.05,2341.510763,2039.488052,1532.613381,188.2484885
9726.05,2341.724065,2039.69078,1532.771333,188.2678093
9727.05,2342.037466,2039.925884,1532.929252,188.2871324
9728.05,2342.264339,2040.126407,1533.087097,188.3064261
9729.05,2342.539078,2040.343462,1533.244883,188.3256905
9730.05,2342.710905,2040.520393,1533.402605,188.3449377
9731.05,2342.908855,2040.736485,1533.560358,188.3641646
9732.05,2343.073214,2040.925143,1533.718089,188.3833758
9733.05,2343.358547,2041.147565,1533.875842,188.4025518
9734.05,2343.585172,2041.364716,1534.033503,188.421731
9735.05,2343.891107,2041.594694,1534.191149,188.4408834
9736.05,2344.153721,2041.80752,1534.348832,188.4600469
9737.05,2344.397767,2042.014486,1534.506523,188.4791949
9738.05,2344.64657,2042.231819,1534.664179,188.4983155
9739.05,2344.889961,2042.448224,1534.821848,188.5174495
9740.05,2345.144284,2042.64656,1534.979594,188.5365955
9741.05,2345.377589,2042.851984,1535.137403,188.5557588
9742.05,2345.651699,2043.066952,1535.295196,188.5749027
9743.05,2345.918431,2043.268779,1535.452962,188.5940419
9744.05,2346.203862,2043.491896,1535.610694,188.6131602
9745.05,2346.466304,2043.7094,1535.768502,188.6322768
9746.05,2346.743775,2043.923004,1535.926462,188.6514158
9747.05,2346.890427,2044.105166,1536.084486,188.6705758
9748.05,2347.177953,2044.336495,1536.242544,188.6897285
9749.05,2347.434247,2044.556024,1536.400626,188.7088885
9750.05,2347.675203,2044.777522,1536.558737,188.7280821
9751.05,2347.87484,2044.97904,1536.716913,188.7473246
9752.05,2348.073484,2045.173746,1536.875012,188.7665805
9753.05,2348.293253,2045.38236,1537.03301,188.785838
9754.05,2348.492861,2045.582237,1537.190891,188.8051031
9755.05,2348.77502,2045.802817,1537.348752,188.8244098
9756.05,2348.95139,2045.990742,1537.506619,188.8437503
9757.05,2349.141138,2046.187295,1537.664457,188.8630751
9758.05,2349.432178,2046.420126,1537.822389,188.8823886
9759.05,2349.659736,2046.624668,1537.980307,188.9016966
9760.05,2349.918941,2046.844471,1538.138204,188.9210098
9761.05,2350.100511,2047.036995,1538.296102,188.9403027
9762.05,2350.308053,2047.233762,1538.453943,188.9595964
9763.05,2350.560321,2047.446223,1538.611765,188.9789201
9764.05,2350.829595,2047.658071,1538.76957,188.998221
9765.05,2351.155147,2047.882876,1538.927433,189.0175005
9766.05,2351.336606,2048.081,1539.085396,189.0367952
9767.05,2351.608942,2048.291236,1539.243334,189.0561003
9768.05,2351.844231,2048.496057,1539.401296,189.0754076
9769.05,2352.04018,2048.689876,1539.559288,189.0947284
9770.05,2352.269186,2048.889777,1539.717301,189.1140396
9771.05,2352.567728,2049.11938,1539.875339,189.1333345
9772.05,2352.845942,2049.33401,1540.033397,189.152618
9773.05,2353.050923,2049.53014,1540.191476,189.1718981
9774.05,2353.308125,2049.733713,1540.349602,189.1911885
9775.05,2353.489634,2049.931846,1540.507795,189.2104868
9776.05,2353.798911,2050.158863,1540.665959,189.2297913
9777.05,2354.019323,2050.357302,1540.824158,189.2491045
9778.05,2354.192532,2050.528446,1540.982417,189.2684252
9779.05,2354.423282,2050.737104,1541.140817,189.2877565
9780.05,2354.646818,2050.930346,1541.299376,189.3071058
9781.05,2354.867846,2051.139707,1541.457945,189.3264934
9782.05,2355.133767,2051.363772,1541.616568,189.3458884
9783.05,2355.339079,2051.560532,1541.775286,189.3653063
9784.05,2355.636172,2051.784584,1541.934092,189.3847408
9785.05,2355.862476,2051.983435,1542.092921,189.4041619
9786.05,2356.037962,2052.166594,1542.251752,189.4235936
9787.05,2356.332147,2052.395044,1542.410579,189.4430359
9788.05,2356.581241,2052.598234,1542.569365,189.4624687
9789.05,2356.8143,2052.798105,1542.728086,189.4818741
9790.05,2357.077914,2053.012731,1542.886895,189.5012848
9791.05,2357.263373,2053.212625,1543.045765,189.5207112
9792.05,2357.549403,2053.427663,1543.20464,189.5401542
9793.05,2357.863537,2053.660133,1543.363547,189.5595954
9794.05,2358.066727,2053.847842,1543.522498,189.5790375
9795.05,2358.317135,2054.051388,1543.681515,189.5984665
9796.05,2358.515818,2054.249635,1543.840592,189.6178709
9797.05,2358.781678,2054.465559,1543.999761,189.6372865
9798.05,2359.05415,2054.686393,1544.15905,189.6567097
9799.05,2359.2393,2054.876766,1544.318449,189.6761254
9800.05,2359.469924,2055.08414,1544.477971,189.6955497
9801.05,2359.795967,2055.326983,1544.63755,189.7150085
9802.05,2360.041522,2055.540809,1544.797238,189.7344782
9803.05,2360.24016,2055.745211,1544.956977,189.75393
9804.05,2360.440881,2055.941513,1545.116835,189.7733769
9805.05,2360.644804,2056.150953,1545.276641,189.7928157
9806.05,2360.869416,2056.351386,1545.436377,189.8122708
9807.05,2361.098226,2056.548146,1545.596055,189.831712
9808.05,2361.39847,2056.77611,1545.755666,189.8511183
9809.05,2361.646168,2056.980304,1545.915272,189.8704979
9810.05,2361.846119,2057.181821,1546.074759,189.8898648
9811.05,2362.077423,2057.383491,1546.23425,189.9092318
9812.05,2362.272575,2057.588457,1546.39375,189.9286266
9813.05,2362.503141,2057.78872,1546.553229,189.9480518
9814.05,2362.709275,2057.982586,1546.71278,189.9674742
9815.05,2362.908342,2058.187957,1546.872365,189.9869075
9816.05,2363.174373,2058.393773,1547.031916,190.0063499
9817.05,2363.416916,2058.601648,1547.191416,190.0257784
9818.05,2363.631889,2058.807605,1547.35091,190.0452131
9819.05,2363.83194,2059.009514,1547.51036,190.0646306
9820.05,2364.0231,2059.222175,1547.669815,190.0840614
9821.05,2364.336652,2059.456575,1547.829246,190.1034889
9822.05,2364.640794,2059.679447,1547.988611,190.1229008
9823.05,2364.907618,2059.891959,1548.147934,190.1422846
9824.05,2365.161231,2060.11373,1548.307267,190.1616639
9825.05,2365.383419,2060.323408,1548.466584,190.1810933
9826.05,2365.648603,2060.543788,1548.625848,190.200555
9827.05,2365.888406,2060.747294,1548.785113,190.2200322
9828.05,2366.098755,2060.932833,1548.944389,190.2395005
9829.05,2366.385206,2061.163914,1549.10373,190.258959
9830.05,2366.662004,2061.390166,1549.263074,190.2784342
9831.05,2366.885273,2061.596623,1549.422348,190.2979206
9832.05,2367.175274,2061.827074,1549.581588,190.3174217
9833.05,2367.460647,2062.061211,1549.740797,190.3369557
9834.05,2367.735079,2062.29786,1549.899974,190.3564901
9835.05,2367.95361,2062.500267,1550.059058,190.3760164
9836.05,2368.198484,2062.721319,1550.218085,190.3955419
9837.05,2368.500418,2062.949773,1550.377016,190.4150705
9838.05,2368.745048,2063.159821,1550.535863,190.4346142
9839.05,2368.960887,2063.364793,1550.694726,190.4541918
9840.05,2369.263367,2063.593319,1550.853708,190.473755
9841.05,2369.624056,2063.832846,1551.012727,190.4933083
9842.05,2369.845997,2064.034021,1551.171671,190.5128557
9843.05,2370.093765,2064.247677,1551.330584,190.5323863
9844.05,2370.327658,2064.451239,1551.489421,190.551932
9845.05,2370.537393,2064.662973,1551.648253,190.5714951
9846.05,2370.75891,2064.861437,1551.807135,190.5910458
9847.05,2370.978888,2065.052135,1551.966038,190.6105956
9848.05,2371.2689,2065.272734,1552.124944,190.6301452
9849.05,2371.549157,2065.484866,1552.283821,190.6496868
9850.05,2371.828561,2065.701068,1552.442821,190.6692052
9851.05,2372.082937,2065.917419,1552.601817,190.6887315
9852.05,2372.309528,2066.124547,1552.760773,190.7082657
9853.05,2372.523836,2066.321258,1552.919739,190.7277997
9854.05,2372.795064,2066.534881,1553.078734,190.7472954
9855.05,2373.045462,2066.761077,1553.237775,190.7668102
9856.05,2373.331503,2066.989252,1553.396827,190.7863212
9857.05,2373.597946,2067.211095,1553.555938,190.8057941
9858.05,2373.954037,2067.448785,1553.71516,190.8252712
9859.05,2374.235328,2067.668996,1553.874442,190.84474
9860.05,2374.528004,2067.902748,1554.033713,190.8642231
9861.05,2374.676939,2068.091068,1554.192991,190.8836936
9862.05,2374.866667,2068.295716,1554.352296,190.9031713
9863.05,2375.082522,2068.489296,1554.511649,190.9226541
9864.05,2375.320229,2068.685008,1554.671117,190.9421445
9865.05,2375.525159,2068.879673,1554.830592,190.9616764
9866.05,2375.773168,2069.09098,1554.990034,190.9812098
9867.05,2376.044611,2069.306719,1555.149464,191.0007232
9868.05,2376.240438,2069.495196,1555.30892,191.0202107
9869.05,2376.422261,2069.694268,1555.468327,191.0396741
9870.05,2376.724139,2069.917917,1555.627798,191.0591219
9871.05,2376.950324,2070.116033,1555.787226,191.0785706
9872.05,2377.126037,2070.302332,1555.946613,191.0980205
9873.05,2377.395528,2070.529894,1556.105806,191.1174933
9874.05,2377.652736,2070.744158,1556.264961,191.1369941
9875.05,2377.892809,2070.964784,1556.423982,191.1565183
9876.05,2378.074059,2071.173399,1556.582934,191.1760456
9877.05,2378.299111,2071.375215,1556.741883,191.1955448
9878.05,2378.596502,2071.599315,1556.900815,191.2150332
9879.05,2378.854664,2071.824136,1557.05973,191.2345316
9880.05,2379.053917,2072.007915,1557.218579,191.2540434
9881.05,2379.310029,2072.223845,1557.37736,191.2735854
9882.05,2379.567222,2072.435592,1557.536058,191.2931168
9883.05,2379.767148,2072.626287,1557.69474,191.3126473
9884.05,2379.999655,2072.838379,1557.85346,191.3321897
9885.05,2380.212845,2073.038945,1558.012268,191.3517545
9886.05,2380.470661,2073.258097,1558.171079,191.371318
9887.05,2380.646955,2073.446975,1558.32988,191.3908629
9888.05,2380.861415,2073.655306,1558.48867,191.4103901
9889.05,2381.112035,2073.86157,1558.647438,191.4299454
9890.05,2381.322619,2074.054242,1558.806267,191.4494783
9891.05,2381.530824,2074.247284,1558.965124,191.4689975
9892.05,2381.829377,2074.464382,1559.124024,191.4885191
9893.05,2382.035651,2074.652012,1559.282944,191.5080292
9894.05,2382.214312,2074.843438,1559.441806,191.5275131
9895.05,2382.49524,2075.07394,1559.600649,191.5470061
9896.05,2382.769502,2075.297554,1559.759525,191.5664992
9897.05,2382.938198,2075.48163,1559.918476,191.5859858
9898.05,2383.179063,2075.6817,1560.077472,191.6054832
9899.05,2383.370515,2075.862458,1560.236514,191.6250088
9900.05,2383.585377,2076.06009,1560.395629,191.6445372
9901.05,2383.863577,2076.260442,1560.554815,191.6640318
9902.05,2384.169602,2076.491932,1560.714084,191.6835166
9903.05,2384.489701,2076.742435,1560.87344,191.7030232
9904.05,2384.702108,2076.942749,1561.032888,191.7225549
9905.05,2384.920998,2077.13667,1561.192342,191.7420523
9906.05,2385.190294,2077.344188,1561.351858,191.7615201
9907.05,2385.469082,2077.573781,1561.511418,191.7810062
9908.05,2385.776032,2077.807696,1561.671058,191.8005293
9909.05,2385.967627,2077.995764,1561.830796,191.8200609
9910.05,2386.268125,2078.220334,1561.990617,191.8395772
9911.05,2386.489737,2078.424467,1562.150434,191.8591187
9912.05,2386.748309,2078.638216,1562.310204,191.878683
9913.05,2386.991949,2078.85296,1562.469974,191.898231
9914.05,2387.243174,2079.060149,1562.62968,191.9177609
9915.05,2387.524624,2079.266874,1562.789367,191.9373049
9916.05,2387.735894,2079.466294,1562.948987,191.9568248
9917.05,2388.031527,2079.695618,1563.108521,191.9763307
9918.05,2388.218649,2079.883641,1563.26808,191.9958501
9919.05,2388.452077,2080.093458,1563.427652,192.0153612
9920.05,2388.64273,2080.291169,1563.587219,192.0348863
9921.05,2388.980671,2080.545756,1563.746731,192.0544221
9922.05,2389.148812,2080.725524,1563.906223,192.0739411
9923.05,2389.408703,2080.947071,1564.065715,192.0934456
9924.05,2389.690881,2081.175878,1564.22517,192.1129398
9925.05,2389.92874,2081.389584,1564.384617,192.132429
9926.05,2390.180898,2081.601678,1564.54408,192.1519076
9927.05,2390.444927,2081.814775,1564.703428,192.1713651
9928.05,2390.671303,2082.024703,1564.862744,192.1907972
9929.05,2390.927093,2082.244312,1565.022128,192.2102388
9930.05,2391.154157,2082.43977,1565.181575,192.2296981
9931.05,2391.363547,2082.64322,1565.341124,192.249149
9932.05,2391.551791,2082.839962,1565.500665,192.268613
9933.05,2391.808028,2083.058583,1565.660171,192.2880709
9934.05,2392.067311,2083.264564,1565.819799,192.3075242
9935.05,2392.271571,2083.458575,1565.979465,192.3269767
9936.05,2392.543878,2083.681008,1566.139133,192.3464263
9937.05,2392.76516,2083.882188,1566.298742,192.3658692
9938.05,2393.02502,2084.092181,1566.458306,192.385281
9939.05,2393.297066,2084.3037,1566.617949,192.40471
9940.05,2393.545432,2084.507789,1566.777584,192.4241689
9941.05,2393.695538,2084.704247,1566.937323,192.4436489
9942.05,2393.95855,2084.929152,1567.097092,192.4631549
9943.05,2394.160305,2085.123166,1567.256906,192.4826732
9944.05,2394.361911,2085.329654,1567.416657,192.5022103
9945.05,2394.628602,2085.548439,1567.576369,192.5217479
9946.05,2394.840471,2085.736726,1567.736048,192.5412678
9947.05,2395.076648,2085.942695,1567.895796,192.5607765
9948.05,2395.35279,2086.166905,1568.055585,192.5802742
9949.05,2395.581235,2086.370324,1568.215263,192.5997944
9950.05,2395.822421,2086.582234,1568.37481,192.6193099
9951.05,2396.026727,2086.770003,1568.534336,192.6388292
9952.05,2396.301612,2086.987716,1568.693839,192.6583282
9953.05,2396.561114,2087.210377,1568.853214,192.6778324
9954.05,2396.780576,2087.419475,1569.012576,192.6973467
9955.05,2397.030153,2087.640217,1569.171866,192.7168781
9956.05,2397.290574,2087.855199,1569.331084,192.7364078
9957.05,2397.530081,2088.075916,1569.490247,192.7559626
9958.05,2397.74314,2088.276888,1569.649378,192.7755238
9959.05,2397.948408,2088.474247,1569.808445,192.7950986
9960.05,2398.237782,2088.698304,1569.967447,192.8146545
9961.05,2398.434655,2088.896846,1570.12632,192.8341978
9962.05,2398.647712,2089.092665,1570.285038,192.8537596
9963.05,2398.91681,2089.321992,1570.44382,192.8733276
9964.05,2399.139465,2089.526895,1570.602613,192.8928789
9965.05,2399.400546,2089.753301,1570.761463,192.9124075
9966.05,2399.60026,2089.959433,1570.920368,192.9319779
9967.05,2399.90223,2090.188727,1571.079308,192.9515613
9968.05,2400.085959,2090.375705,1571.238341,192.9711663
9969.05,2400.292814,2090.589343,1571.397478,192.9907678
9970.05,2400.473358,2090.7786,1571.556724,193.0103665
9971.05,2400.778538,2091.009594,1571.716041,193.0299634
9972.05,2401.101841,2091.248324,1571.875339,193.0495584
9973.05,2401.313702,2091.454439,1572.034524,193.0691458
9974.05,2401.585915,2091.680768,1572.193694,193.088724
9975.05,2401.759739,2091.860834,1572.352957,193.1082915
9976.05,2401.963341,2092.050081,1572.512163,193.1278302
9977.05,2402.171605,2092.253979,1572.671322,193.1473574
9978.05,2402.480155,2092.492503,1572.830437,193.1668724
9979.05,2402.711687,2092.700533,1572.989524,193.1863891
9980.05,2402.966073,2092.906128,1573.148594,193.2059332
9981.05,2403.187476,2093.113565,1573.307675,193.2254822
9982.05,2403.385812,2093.319259,1573.466743,193.2450479
9983.05,2403.73402,2093.569041,1573.625716,193.264632
9984.05,2403.997219,2093.794746,1573.784646,193.2842593
9985.05,2404.19391,2093.98567,1573.943548,193.3038774
9986.05,2404.412092,2094.184956,1574.102505,193.3235142
9987.05,2404.693552,2094.396946,1574.261394,193.3431373
9988.05,2404.891915,2094.594855,1574.420321,193.3627354
9989.05,2405.119752,2094.7976,1574.57916,193.382309
9990.05,2405.345203,2095.009054,1574.737978,193.4018913
9991.05,2405.510384,2095.190778,1574.896853,193.421471
9992.05,2405.757823,2095.395237,1575.055718,193.4410394
9993.05,2405.936623,2095.581143,1575.214621,193.4606061
9994.05,2406.220263,2095.801523,1575.373542,193.4801775
9995.05,2406.46051,2096.007903,1575.532415,193.4997422
9996.05,2406.704996,2096.220507,1575.69125,193.5193366
9997.05,2406.910666,2096.421257,1575.850123,193.5389676
9998.05,2407.190254,2096.640601,1576.008966,193.5586064
9999.05,2407.44216,2096.856691,1576.167779,193.5782593
10000,2407.647431,2097.034517,1576.318752,193.596948
